Built profiling bk_algorithm

Data dir : /Users/wajid/Desktop/Research/Projects/BK/adaptiveBKAlgo/data
Target set: ALL FILES
Graphs   : 137
Log dir  : /Users/wajid/Desktop/Research/Projects/BK/adaptiveBKAlgo/scripts/profile_logs

==> data_test.txt
Running ReorderSib (Ascending degeneracy) (Optimized Exact Search) Algorithm...
ReorderSib: cliques=6  dups=0  maxSize=4  checks=16  time=0.072 ms

── ReorderSib cost breakdown ─────────────────────────────────
  rCall local logic                  0.003 ms    3.5%  calls=12
  enumerate local logic              0.007 ms    9.4%  calls=16
  collectCoveringCliques             0.001 ms    2.0%  calls=11
  dominance pruning                  0.001 ms    0.8%  calls=6
  buildHitSets                       0.001 ms    0.9%  calls=6
  sibling planning                   0.002 ms    3.1%  calls=11
  solver                             0.001 ms    1.4%  calls=1
  minimalByInclusion                 0.000 ms    0.0%  calls=0
  commonExpand                       0.001 ms    1.2%  calls=13
  sibling branch build               0.003 ms    3.8%  calls=11
  branch dedup                       0.001 ms    1.3%  calls=6
  reorder skip tests                 0.001 ms    1.0%  calls=28
  reorder branch rebuild             0.003 ms    4.0%  calls=12
  leaf recording                     0.014 ms   18.8%  calls=6
  pivot selection                    0.001 ms    0.9%  calls=10
  intersect/intersectInto            0.003 ms    3.6%  calls=32
  setDiff                            0.001 ms    1.9%  calls=21
  unionSet                           0.001 ms    2.0%  calls=25
  encodeClique                       0.000 ms    0.2%  calls=6
  sibling phase local                0.006 ms    7.9%  calls=11
  other / untimed                    0.023 ms   32.5%
  PROFILED subtotal                  0.049 ms   67.5%
  TOTAL (wall)                       0.072 ms  100.0%
──────────────────────────────────────────────────────────────

Saved log: /Users/wajid/Desktop/Research/Projects/BK/adaptiveBKAlgo/scripts/profile_logs/data_test.txt.log

==> data_test1.txt
Running ReorderSib (Ascending degeneracy) (Optimized Exact Search) Algorithm...
ReorderSib: cliques=2  dups=0  maxSize=4  checks=6  time=0.021 ms

── ReorderSib cost breakdown ─────────────────────────────────
  rCall local logic                  0.001 ms    6.5%  calls=3
  enumerate local logic              0.004 ms   17.9%  calls=6
  collectCoveringCliques             0.000 ms    2.2%  calls=2
  dominance pruning                  0.000 ms    1.0%  calls=1
  buildHitSets                       0.000 ms    1.2%  calls=1
  sibling planning                   0.001 ms    4.9%  calls=2
  solver                             0.000 ms    0.0%  calls=0
  minimalByInclusion                 0.000 ms    0.0%  calls=0
  commonExpand                       0.000 ms    2.0%  calls=3
  sibling branch build               0.001 ms    5.3%  calls=2
  branch dedup                       0.000 ms    1.8%  calls=1
  reorder skip tests                 0.001 ms    2.4%  calls=8
  reorder branch rebuild             0.001 ms    5.1%  calls=2
  leaf recording                     0.003 ms   12.6%  calls=2
  pivot selection                    0.001 ms    3.0%  calls=4
  intersect/intersectInto            0.001 ms    6.1%  calls=10
  setDiff                            0.000 ms    1.8%  calls=4
  unionSet                           0.001 ms    3.5%  calls=5
  encodeClique                       0.000 ms    0.6%  calls=2
  sibling phase local                0.002 ms   10.2%  calls=2
  other / untimed                    0.003 ms   12.2%
  PROFILED subtotal                  0.019 ms   87.8%
  TOTAL (wall)                       0.021 ms  100.0%
──────────────────────────────────────────────────────────────

Saved log: /Users/wajid/Desktop/Research/Projects/BK/adaptiveBKAlgo/scripts/profile_logs/data_test1.txt.log

==> data_test10.txt
Running ReorderSib (Ascending degeneracy) (Optimized Exact Search) Algorithm...
ReorderSib: cliques=6  dups=0  maxSize=3  checks=12  time=0.042 ms

── ReorderSib cost breakdown ─────────────────────────────────
  rCall local logic                  0.003 ms    7.0%  calls=7
  enumerate local logic              0.006 ms   14.7%  calls=12
  collectCoveringCliques             0.001 ms    2.8%  calls=6
  dominance pruning                  0.001 ms    1.5%  calls=2
  buildHitSets                       0.000 ms    0.8%  calls=2
  sibling planning                   0.002 ms    3.8%  calls=6
  solver                             0.004 ms    9.4%  calls=2
  minimalByInclusion                 0.000 ms    0.0%  calls=0
  commonExpand                       0.001 ms    1.5%  calls=9
  sibling branch build               0.002 ms    5.8%  calls=6
  branch dedup                       0.001 ms    2.9%  calls=2
  reorder skip tests                 0.001 ms    1.6%  calls=18
  reorder branch rebuild             0.003 ms    6.1%  calls=6
  leaf recording                     0.006 ms   13.8%  calls=6
  pivot selection                    0.001 ms    1.7%  calls=6
  intersect/intersectInto            0.001 ms    3.2%  calls=18
  setDiff                            0.001 ms    2.5%  calls=13
  unionSet                           0.001 ms    2.8%  calls=15
  encodeClique                       0.000 ms    0.5%  calls=7
  sibling phase local                0.005 ms   11.6%  calls=6
  other / untimed                    0.003 ms    6.2%
  PROFILED subtotal                  0.040 ms   93.8%
  TOTAL (wall)                       0.042 ms  100.0%
──────────────────────────────────────────────────────────────

Saved log: /Users/wajid/Desktop/Research/Projects/BK/adaptiveBKAlgo/scripts/profile_logs/data_test10.txt.log

==> data_test11.txt
Running ReorderSib (Ascending degeneracy) (Optimized Exact Search) Algorithm...
ReorderSib: cliques=8  dups=0  maxSize=3  checks=11  time=0.044 ms

── ReorderSib cost breakdown ─────────────────────────────────
  rCall local logic                  0.003 ms    7.1%  calls=8
  enumerate local logic              0.006 ms   13.8%  calls=11
  collectCoveringCliques             0.001 ms    2.6%  calls=5
  dominance pruning                  0.001 ms    1.9%  calls=3
  buildHitSets                       0.000 ms    0.8%  calls=3
  sibling planning                   0.002 ms    3.7%  calls=5
  solver                             0.005 ms   12.0%  calls=2
  minimalByInclusion                 0.000 ms    0.0%  calls=0
  commonExpand                       0.001 ms    1.6%  calls=9
  sibling branch build               0.003 ms    7.4%  calls=5
  branch dedup                       0.003 ms    6.2%  calls=3
  reorder skip tests                 0.000 ms    1.0%  calls=18
  reorder branch rebuild             0.003 ms    6.2%  calls=7
  leaf recording                     0.006 ms   12.7%  calls=8
  pivot selection                    0.000 ms    1.0%  calls=3
  intersect/intersectInto            0.001 ms    3.4%  calls=17
  setDiff                            0.001 ms    2.8%  calls=15
  unionSet                           0.001 ms    2.7%  calls=16
  encodeClique                       0.000 ms    1.0%  calls=14
  sibling phase local                0.003 ms    7.6%  calls=5
  other / untimed                    0.002 ms    4.3%
  PROFILED subtotal                  0.042 ms   95.7%
  TOTAL (wall)                       0.044 ms  100.0%
──────────────────────────────────────────────────────────────

Saved log: /Users/wajid/Desktop/Research/Projects/BK/adaptiveBKAlgo/scripts/profile_logs/data_test11.txt.log

==> data_test12.txt
Running ReorderSib (Ascending degeneracy) (Optimized Exact Search) Algorithm...
ReorderSib: cliques=4  dups=0  maxSize=4  checks=9  time=0.027 ms

── ReorderSib cost breakdown ─────────────────────────────────
  rCall local logic                  0.001 ms    5.0%  calls=6
  enumerate local logic              0.005 ms   17.5%  calls=9
  collectCoveringCliques             0.001 ms    2.7%  calls=5
  dominance pruning                  0.000 ms    1.1%  calls=3
  buildHitSets                       0.000 ms    1.2%  calls=3
  sibling planning                   0.001 ms    4.2%  calls=5
  solver                             0.000 ms    0.0%  calls=0
  minimalByInclusion                 0.000 ms    0.0%  calls=0
  commonExpand                       0.001 ms    2.7%  calls=7
  sibling branch build               0.002 ms    8.9%  calls=5
  branch dedup                       0.002 ms    7.0%  calls=3
  reorder skip tests                 0.001 ms    2.0%  calls=14
  reorder branch rebuild             0.001 ms    5.3%  calls=5
  leaf recording                     0.003 ms   12.0%  calls=4
  pivot selection                    0.000 ms    1.2%  calls=5
  intersect/intersectInto            0.001 ms    5.2%  calls=17
  setDiff                            0.001 ms    2.0%  calls=11
  unionSet                           0.001 ms    3.4%  calls=12
  encodeClique                       0.000 ms    0.6%  calls=4
  sibling phase local                0.003 ms   11.2%  calls=5
  other / untimed                    0.002 ms    6.7%
  PROFILED subtotal                  0.025 ms   93.3%
  TOTAL (wall)                       0.027 ms  100.0%
──────────────────────────────────────────────────────────────

Saved log: /Users/wajid/Desktop/Research/Projects/BK/adaptiveBKAlgo/scripts/profile_logs/data_test12.txt.log

==> data_test13.txt
Running ReorderSib (Ascending degeneracy) (Optimized Exact Search) Algorithm...
ReorderSib: cliques=2  dups=0  maxSize=3  checks=5  time=0.009 ms

── ReorderSib cost breakdown ─────────────────────────────────
  rCall local logic                  0.001 ms    8.2%  calls=2
  enumerate local logic              0.002 ms   20.7%  calls=5
  collectCoveringCliques             0.000 ms    1.0%  calls=1
  dominance pruning                  0.000 ms    0.0%  calls=0
  buildHitSets                       0.000 ms    0.0%  calls=0
  sibling planning                   0.000 ms    3.4%  calls=1
  solver                             0.000 ms    0.0%  calls=0
  minimalByInclusion                 0.000 ms    0.0%  calls=0
  commonExpand                       0.000 ms    2.4%  calls=2
  sibling branch build               0.000 ms    4.8%  calls=1
  branch dedup                       0.000 ms    0.0%  calls=0
  reorder skip tests                 0.000 ms    2.4%  calls=6
  reorder branch rebuild             0.000 ms    3.8%  calls=1
  leaf recording                     0.001 ms   16.3%  calls=2
  pivot selection                    0.000 ms    2.4%  calls=3
  intersect/intersectInto            0.000 ms    4.8%  calls=7
  setDiff                            0.000 ms    1.4%  calls=2
  unionSet                           0.000 ms    3.9%  calls=3
  encodeClique                       0.000 ms    1.0%  calls=2
  sibling phase local                0.001 ms    7.7%  calls=1
  other / untimed                    0.001 ms   15.9%
  PROFILED subtotal                  0.007 ms   84.1%
  TOTAL (wall)                       0.009 ms  100.0%
──────────────────────────────────────────────────────────────

Saved log: /Users/wajid/Desktop/Research/Projects/BK/adaptiveBKAlgo/scripts/profile_logs/data_test13.txt.log

==> data_test2.txt
Running ReorderSib (Ascending degeneracy) (Optimized Exact Search) Algorithm...
ReorderSib: cliques=3  dups=0  maxSize=3  checks=6  time=0.012 ms

── ReorderSib cost breakdown ─────────────────────────────────
  rCall local logic                  0.001 ms    7.6%  calls=3
  enumerate local logic              0.002 ms   17.0%  calls=6
  collectCoveringCliques             0.000 ms    2.4%  calls=2
  dominance pruning                  0.000 ms    0.7%  calls=1
  buildHitSets                       0.000 ms    0.7%  calls=1
  sibling planning                   0.001 ms    4.8%  calls=2
  solver                             0.000 ms    0.0%  calls=0
  minimalByInclusion                 0.000 ms    0.0%  calls=0
  commonExpand                       0.000 ms    2.4%  calls=3
  sibling branch build               0.001 ms    6.3%  calls=2
  branch dedup                       0.001 ms    8.7%  calls=1
  reorder skip tests                 0.000 ms    1.0%  calls=8
  reorder branch rebuild             0.000 ms    4.2%  calls=2
  leaf recording                     0.002 ms   13.5%  calls=3
  pivot selection                    0.000 ms    2.1%  calls=3
  intersect/intersectInto            0.001 ms    4.2%  calls=9
  setDiff                            0.000 ms    1.4%  calls=4
  unionSet                           0.000 ms    3.1%  calls=5
  encodeClique                       0.000 ms    1.7%  calls=4
  sibling phase local                0.001 ms    8.0%  calls=2
  other / untimed                    0.001 ms   10.1%
  PROFILED subtotal                  0.011 ms   89.9%
  TOTAL (wall)                       0.012 ms  100.0%
──────────────────────────────────────────────────────────────

Saved log: /Users/wajid/Desktop/Research/Projects/BK/adaptiveBKAlgo/scripts/profile_logs/data_test2.txt.log

==> data_test3.txt
Running ReorderSib (Ascending degeneracy) (Optimized Exact Search) Algorithm...
ReorderSib: cliques=5  dups=0  maxSize=4  checks=11  time=0.024 ms

── ReorderSib cost breakdown ─────────────────────────────────
  rCall local logic                  0.002 ms    6.5%  calls=9
  enumerate local logic              0.004 ms   17.4%  calls=11
  collectCoveringCliques             0.001 ms    2.9%  calls=8
  dominance pruning                  0.000 ms    1.4%  calls=4
  buildHitSets                       0.000 ms    1.2%  calls=4
  sibling planning                   0.001 ms    5.0%  calls=8
  solver                             0.000 ms    0.0%  calls=0
  minimalByInclusion                 0.000 ms    0.0%  calls=0
  commonExpand                       0.001 ms    2.6%  calls=9
  sibling branch build               0.002 ms    6.9%  calls=8
  branch dedup                       0.000 ms    1.0%  calls=4
  reorder skip tests                 0.001 ms    2.4%  calls=19
  reorder branch rebuild             0.002 ms    6.7%  calls=8
  leaf recording                     0.003 ms   13.2%  calls=5
  pivot selection                    0.000 ms    1.6%  calls=6
  intersect/intersectInto            0.001 ms    4.6%  calls=20
  setDiff                            0.001 ms    2.1%  calls=14
  unionSet                           0.001 ms    3.8%  calls=17
  encodeClique                       0.000 ms    0.7%  calls=6
  sibling phase local                0.003 ms   13.4%  calls=8
  other / untimed                    0.002 ms    6.7%
  PROFILED subtotal                  0.023 ms   93.3%
  TOTAL (wall)                       0.024 ms  100.0%
──────────────────────────────────────────────────────────────

Saved log: /Users/wajid/Desktop/Research/Projects/BK/adaptiveBKAlgo/scripts/profile_logs/data_test3.txt.log

==> data_test5.txt
Running ReorderSib (Ascending degeneracy) (Optimized Exact Search) Algorithm...
ReorderSib: cliques=3  dups=0  maxSize=3  checks=7  time=0.013 ms

── ReorderSib cost breakdown ─────────────────────────────────
  rCall local logic                  0.001 ms    5.5%  calls=4
  enumerate local logic              0.003 ms   20.7%  calls=7
  collectCoveringCliques             0.000 ms    2.6%  calls=3
  dominance pruning                  0.000 ms    0.3%  calls=1
  buildHitSets                       0.000 ms    1.0%  calls=1
  sibling planning                   0.000 ms    3.6%  calls=3
  solver                             0.000 ms    0.0%  calls=0
  minimalByInclusion                 0.000 ms    0.0%  calls=0
  commonExpand                       0.000 ms    1.3%  calls=4
  sibling branch build               0.001 ms    6.5%  calls=3
  branch dedup                       0.000 ms    1.3%  calls=1
  reorder skip tests                 0.000 ms    1.9%  calls=10
  reorder branch rebuild             0.001 ms    5.5%  calls=3
  leaf recording                     0.002 ms   15.5%  calls=3
  pivot selection                    0.000 ms    1.6%  calls=4
  intersect/intersectInto            0.001 ms    4.9%  calls=11
  setDiff                            0.000 ms    2.3%  calls=5
  unionSet                           0.000 ms    3.6%  calls=7
  encodeClique                       0.000 ms    0.3%  calls=3
  sibling phase local                0.001 ms   11.3%  calls=3
  other / untimed                    0.001 ms   10.4%
  PROFILED subtotal                  0.012 ms   89.6%
  TOTAL (wall)                       0.013 ms  100.0%
──────────────────────────────────────────────────────────────

Saved log: /Users/wajid/Desktop/Research/Projects/BK/adaptiveBKAlgo/scripts/profile_logs/data_test5.txt.log

==> data_test6.txt
Running ReorderSib (Ascending degeneracy) (Optimized Exact Search) Algorithm...
ReorderSib: cliques=4  dups=0  maxSize=3  checks=9  time=0.016 ms

── ReorderSib cost breakdown ─────────────────────────────────
  rCall local logic                  0.001 ms    6.3%  calls=6
  enumerate local logic              0.003 ms   16.6%  calls=9
  collectCoveringCliques             0.000 ms    3.2%  calls=5
  dominance pruning                  0.000 ms    0.5%  calls=2
  buildHitSets                       0.000 ms    0.8%  calls=2
  sibling planning                   0.001 ms    5.3%  calls=5
  solver                             0.000 ms    0.0%  calls=0
  minimalByInclusion                 0.000 ms    0.0%  calls=0
  commonExpand                       0.000 ms    2.9%  calls=7
  sibling branch build               0.001 ms    6.3%  calls=5
  branch dedup                       0.001 ms    5.0%  calls=2
  reorder skip tests                 0.000 ms    2.1%  calls=15
  reorder branch rebuild             0.001 ms    6.1%  calls=6
  leaf recording                     0.002 ms   13.4%  calls=4
  pivot selection                    0.000 ms    1.6%  calls=5
  intersect/intersectInto            0.001 ms    5.3%  calls=16
  setDiff                            0.000 ms    1.8%  calls=9
  unionSet                           0.001 ms    3.4%  calls=13
  encodeClique                       0.000 ms    0.0%  calls=4
  sibling phase local                0.002 ms   11.1%  calls=5
  other / untimed                    0.001 ms    8.2%
  PROFILED subtotal                  0.015 ms   91.8%
  TOTAL (wall)                       0.016 ms  100.0%
──────────────────────────────────────────────────────────────

Saved log: /Users/wajid/Desktop/Research/Projects/BK/adaptiveBKAlgo/scripts/profile_logs/data_test6.txt.log

==> data_test7.txt
Running ReorderSib (Ascending degeneracy) (Optimized Exact Search) Algorithm...
ReorderSib: cliques=4  dups=0  maxSize=3  checks=8  time=0.018 ms

── ReorderSib cost breakdown ─────────────────────────────────
  rCall local logic                  0.001 ms    5.4%  calls=8
  enumerate local logic              0.003 ms   17.4%  calls=8
  collectCoveringCliques             0.000 ms    2.0%  calls=7
  dominance pruning                  0.000 ms    0.9%  calls=1
  buildHitSets                       0.000 ms    0.9%  calls=1
  sibling planning                   0.001 ms    3.4%  calls=7
  solver                             0.002 ms   10.1%  calls=1
  minimalByInclusion                 0.000 ms    0.0%  calls=0
  commonExpand                       0.001 ms    3.6%  calls=11
  sibling branch build               0.001 ms    5.8%  calls=7
  branch dedup                       0.001 ms    3.6%  calls=1
  reorder skip tests                 0.000 ms    1.6%  calls=15
  reorder branch rebuild             0.001 ms    5.8%  calls=7
  leaf recording                     0.002 ms    9.9%  calls=4
  pivot selection                    0.000 ms    1.1%  calls=4
  intersect/intersectInto            0.001 ms    3.2%  calls=15
  setDiff                            0.000 ms    1.6%  calls=13
  unionSet                           0.001 ms    3.8%  calls=18
  encodeClique                       0.000 ms    0.4%  calls=5
  sibling phase local                0.002 ms   12.4%  calls=7
  other / untimed                    0.001 ms    7.0%
  PROFILED subtotal                  0.017 ms   93.0%
  TOTAL (wall)                       0.018 ms  100.0%
──────────────────────────────────────────────────────────────

Saved log: /Users/wajid/Desktop/Research/Projects/BK/adaptiveBKAlgo/scripts/profile_logs/data_test7.txt.log

==> data_test8.txt
Running ReorderSib (Ascending degeneracy) (Optimized Exact Search) Algorithm...
ReorderSib: cliques=4  dups=0  maxSize=3  checks=8  time=0.018 ms

── ReorderSib cost breakdown ─────────────────────────────────
  rCall local logic                  0.001 ms    6.0%  calls=8
  enumerate local logic              0.003 ms   17.0%  calls=8
  collectCoveringCliques             0.000 ms    2.1%  calls=7
  dominance pruning                  0.000 ms    0.2%  calls=2
  buildHitSets                       0.000 ms    0.7%  calls=2
  sibling planning                   0.001 ms    6.0%  calls=7
  solver                             0.000 ms    0.0%  calls=0
  minimalByInclusion                 0.000 ms    0.0%  calls=0
  commonExpand                       0.000 ms    2.3%  calls=9
  sibling branch build               0.001 ms    7.5%  calls=7
  branch dedup                       0.000 ms    1.2%  calls=2
  reorder skip tests                 0.000 ms    1.4%  calls=15
  reorder branch rebuild             0.002 ms    8.6%  calls=7
  leaf recording                     0.002 ms   13.0%  calls=4
  pivot selection                    0.000 ms    0.9%  calls=4
  intersect/intersectInto            0.001 ms    3.7%  calls=15
  setDiff                            0.000 ms    2.1%  calls=11
  unionSet                           0.001 ms    4.7%  calls=16
  encodeClique                       0.000 ms    0.7%  calls=5
  sibling phase local                0.003 ms   14.4%  calls=7
  other / untimed                    0.001 ms    7.4%
  PROFILED subtotal                  0.017 ms   92.6%
  TOTAL (wall)                       0.018 ms  100.0%
──────────────────────────────────────────────────────────────

Saved log: /Users/wajid/Desktop/Research/Projects/BK/adaptiveBKAlgo/scripts/profile_logs/data_test8.txt.log

==> data_test9.txt
Running ReorderSib (Ascending degeneracy) (Optimized Exact Search) Algorithm...
ReorderSib: cliques=5  dups=0  maxSize=3  checks=9  time=0.018 ms

── ReorderSib cost breakdown ─────────────────────────────────
  rCall local logic                  0.001 ms    5.1%  calls=8
  enumerate local logic              0.003 ms   16.0%  calls=9
  collectCoveringCliques             0.001 ms    3.2%  calls=6
  dominance pruning                  0.000 ms    0.5%  calls=3
  buildHitSets                       0.000 ms    0.7%  calls=3
  sibling planning                   0.001 ms    4.6%  calls=6
  solver                             0.000 ms    0.0%  calls=0
  minimalByInclusion                 0.000 ms    0.0%  calls=0
  commonExpand                       0.000 ms    2.3%  calls=7
  sibling branch build               0.002 ms    8.3%  calls=6
  branch dedup                       0.001 ms    7.9%  calls=3
  reorder skip tests                 0.000 ms    1.9%  calls=16
  reorder branch rebuild             0.001 ms    7.9%  calls=7
  leaf recording                     0.002 ms   13.2%  calls=5
  pivot selection                    0.000 ms    1.4%  calls=4
  intersect/intersectInto            0.001 ms    4.2%  calls=20
  setDiff                            0.000 ms    2.3%  calls=11
  unionSet                           0.000 ms    2.5%  calls=15
  encodeClique                       0.000 ms    0.7%  calls=7
  sibling phase local                0.002 ms   11.1%  calls=6
  other / untimed                    0.001 ms    6.2%
  PROFILED subtotal                  0.017 ms   93.8%
  TOTAL (wall)                       0.018 ms  100.0%
──────────────────────────────────────────────────────────────

Saved log: /Users/wajid/Desktop/Research/Projects/BK/adaptiveBKAlgo/scripts/profile_logs/data_test9.txt.log

==> gen_big_000.txt
Running ReorderSib (Ascending degeneracy) (Optimized Exact Search) Algorithm...
ReorderSib: cliques=5  dups=0  maxSize=10  checks=45  time=0.067 ms

── ReorderSib cost breakdown ─────────────────────────────────
  rCall local logic                  0.002 ms    3.2%  calls=34
  enumerate local logic              0.012 ms   18.1%  calls=45
  collectCoveringCliques             0.003 ms    3.9%  calls=33
  dominance pruning                  0.001 ms    1.0%  calls=26
  buildHitSets                       0.001 ms    1.6%  calls=26
  sibling planning                   0.003 ms    4.9%  calls=33
  solver                             0.000 ms    0.0%  calls=0
  minimalByInclusion                 0.000 ms    0.0%  calls=0
  commonExpand                       0.002 ms    2.3%  calls=37
  sibling branch build               0.004 ms    6.4%  calls=33
  branch dedup                       0.002 ms    2.6%  calls=26
  reorder skip tests                 0.001 ms    1.9%  calls=70
  reorder branch rebuild             0.004 ms    6.2%  calls=34
  leaf recording                     0.005 ms    7.4%  calls=5
  pivot selection                    0.003 ms    4.3%  calls=34
  intersect/intersectInto            0.006 ms    8.4%  calls=108
  setDiff                            0.003 ms    4.0%  calls=63
  unionSet                           0.003 ms    3.8%  calls=71
  encodeClique                       0.000 ms    0.3%  calls=5
  sibling phase local                0.008 ms   12.5%  calls=33
  other / untimed                    0.005 ms    7.2%
  PROFILED subtotal                  0.062 ms   92.8%
  TOTAL (wall)                       0.067 ms  100.0%
──────────────────────────────────────────────────────────────

Saved log: /Users/wajid/Desktop/Research/Projects/BK/adaptiveBKAlgo/scripts/profile_logs/gen_big_000.txt.log

==> gen_big_001.txt
Running ReorderSib (Ascending degeneracy) (Optimized Exact Search) Algorithm...
ReorderSib: cliques=0  dups=0  maxSize=0  checks=48  time=0.013 ms

── ReorderSib cost breakdown ─────────────────────────────────
  rCall local logic                  0.001 ms    9.2%  calls=1
  enumerate local logic              0.005 ms   35.3%  calls=48
  collectCoveringCliques             0.000 ms    0.0%  calls=0
  dominance pruning                  0.000 ms    0.0%  calls=0
  buildHitSets                       0.000 ms    0.0%  calls=0
  sibling planning                   0.000 ms    0.0%  calls=0
  solver                             0.000 ms    0.0%  calls=0
  minimalByInclusion                 0.000 ms    0.0%  calls=0
  commonExpand                       0.000 ms    0.0%  calls=0
  sibling branch build               0.000 ms    0.0%  calls=0
  branch dedup                       0.000 ms    0.0%  calls=0
  reorder skip tests                 0.000 ms    0.0%  calls=0
  reorder branch rebuild             0.000 ms    0.0%  calls=0
  leaf recording                     0.000 ms    0.0%  calls=0
  pivot selection                    0.001 ms    6.4%  calls=16
  intersect/intersectInto            0.001 ms    6.1%  calls=64
  setDiff                            0.000 ms    0.0%  calls=0
  unionSet                           0.000 ms    0.0%  calls=0
  encodeClique                       0.000 ms    0.0%  calls=0
  sibling phase local                0.000 ms    0.0%  calls=0
  other / untimed                    0.006 ms   43.0%
  PROFILED subtotal                  0.007 ms   57.0%
  TOTAL (wall)                       0.013 ms  100.0%
──────────────────────────────────────────────────────────────

Saved log: /Users/wajid/Desktop/Research/Projects/BK/adaptiveBKAlgo/scripts/profile_logs/gen_big_001.txt.log

==> gen_big_002.txt
Running ReorderSib (Ascending degeneracy) (Optimized Exact Search) Algorithm...
ReorderSib: cliques=3  dups=0  maxSize=3  checks=133  time=0.095 ms

── ReorderSib cost breakdown ─────────────────────────────────
  rCall local logic                  0.005 ms    5.7%  calls=72
  enumerate local logic              0.020 ms   20.7%  calls=133
  collectCoveringCliques             0.001 ms    1.3%  calls=71
  dominance pruning                  0.000 ms    0.0%  calls=2
  buildHitSets                       0.000 ms    0.1%  calls=2
  sibling planning                   0.004 ms    3.9%  calls=71
  solver                             0.000 ms    0.0%  calls=0
  minimalByInclusion                 0.000 ms    0.0%  calls=0
  commonExpand                       0.005 ms    5.0%  calls=136
  sibling branch build               0.010 ms   10.4%  calls=71
  branch dedup                       0.001 ms    0.5%  calls=2
  reorder skip tests                 0.001 ms    1.4%  calls=81
  reorder branch rebuild             0.009 ms    9.5%  calls=74
  leaf recording                     0.001 ms    1.5%  calls=3
  pivot selection                    0.002 ms    2.2%  calls=46
  intersect/intersectInto            0.005 ms    5.0%  calls=250
  setDiff                            0.003 ms    3.4%  calls=138
  unionSet                           0.006 ms    6.7%  calls=210
  encodeClique                       0.000 ms    0.1%  calls=3
  sibling phase local                0.016 ms   16.6%  calls=71
  other / untimed                    0.006 ms    5.9%
  PROFILED subtotal                  0.089 ms   94.1%
  TOTAL (wall)                       0.095 ms  100.0%
──────────────────────────────────────────────────────────────

Saved log: /Users/wajid/Desktop/Research/Projects/BK/adaptiveBKAlgo/scripts/profile_logs/gen_big_002.txt.log

==> gen_big_003.txt
Running ReorderSib (Ascending degeneracy) (Optimized Exact Search) Algorithm...
ReorderSib: cliques=7  dups=0  maxSize=3  checks=18  time=0.077 ms

── ReorderSib cost breakdown ─────────────────────────────────
  rCall local logic                  0.003 ms    3.9%  calls=62
  enumerate local logic              0.012 ms   15.8%  calls=18
  collectCoveringCliques             0.001 ms    1.9%  calls=61
  dominance pruning                  0.000 ms    0.4%  calls=6
  buildHitSets                       0.001 ms    0.7%  calls=6
  sibling planning                   0.004 ms    5.0%  calls=61
  solver                             0.000 ms    0.0%  calls=0
  minimalByInclusion                 0.000 ms    0.0%  calls=0
  commonExpand                       0.005 ms    5.9%  calls=105
  sibling branch build               0.008 ms   10.7%  calls=61
  branch dedup                       0.002 ms    2.0%  calls=6
  reorder skip tests                 0.001 ms    1.3%  calls=79
  reorder branch rebuild             0.008 ms   10.7%  calls=64
  leaf recording                     0.003 ms    3.5%  calls=7
  pivot selection                    0.000 ms    0.5%  calls=9
  intersect/intersectInto            0.002 ms    2.7%  calls=84
  setDiff                            0.003 ms    3.6%  calls=111
  unionSet                           0.004 ms    5.3%  calls=169
  encodeClique                       0.000 ms    0.1%  calls=7
  sibling phase local                0.016 ms   20.2%  calls=61
  other / untimed                    0.004 ms    5.8%
  PROFILED subtotal                  0.073 ms   94.2%
  TOTAL (wall)                       0.077 ms  100.0%
──────────────────────────────────────────────────────────────

Saved log: /Users/wajid/Desktop/Research/Projects/BK/adaptiveBKAlgo/scripts/profile_logs/gen_big_003.txt.log

==> gen_big_004.txt
Running ReorderSib (Ascending degeneracy) (Optimized Exact Search) Algorithm...
ReorderSib: cliques=20  dups=0  maxSize=3  checks=50  time=0.118 ms

── ReorderSib cost breakdown ─────────────────────────────────
  rCall local logic                  0.005 ms    4.1%  calls=79
  enumerate local logic              0.018 ms   15.3%  calls=50
  collectCoveringCliques             0.002 ms    1.9%  calls=78
  dominance pruning                  0.000 ms    0.3%  calls=19
  buildHitSets                       0.001 ms    0.6%  calls=19
  sibling planning                   0.004 ms    3.8%  calls=78
  solver                             0.000 ms    0.0%  calls=0
  minimalByInclusion                 0.000 ms    0.0%  calls=0
  commonExpand                       0.008 ms    6.4%  calls=197
  sibling branch build               0.013 ms   11.4%  calls=78
  branch dedup                       0.006 ms    4.8%  calls=19
  reorder skip tests                 0.002 ms    1.4%  calls=130
  reorder branch rebuild             0.010 ms    8.7%  calls=92
  leaf recording                     0.005 ms    4.4%  calls=20
  pivot selection                    0.001 ms    0.6%  calls=22
  intersect/intersectInto            0.004 ms    3.1%  calls=149
  setDiff                            0.005 ms    4.0%  calls=216
  unionSet                           0.007 ms    6.3%  calls=291
  encodeClique                       0.000 ms    0.3%  calls=23
  sibling phase local                0.023 ms   19.6%  calls=78
  other / untimed                    0.004 ms    3.2%
  PROFILED subtotal                  0.115 ms   96.8%
  TOTAL (wall)                       0.118 ms  100.0%
──────────────────────────────────────────────────────────────

Saved log: /Users/wajid/Desktop/Research/Projects/BK/adaptiveBKAlgo/scripts/profile_logs/gen_big_004.txt.log

==> gen_big_005.txt
Running ReorderSib (Ascending degeneracy) (Optimized Exact Search) Algorithm...
ReorderSib: cliques=178  dups=0  maxSize=4  checks=214  time=0.490 ms

── ReorderSib cost breakdown ─────────────────────────────────
  rCall local logic                  0.021 ms    4.3%  calls=223
  enumerate local logic              0.050 ms   10.3%  calls=214
  collectCoveringCliques             0.014 ms    2.9%  calls=161
  dominance pruning                  0.005 ms    1.0%  calls=102
  buildHitSets                       0.008 ms    1.6%  calls=102
  sibling planning                   0.015 ms    3.1%  calls=161
  solver                             0.057 ms   11.7%  calls=52
  minimalByInclusion                 0.000 ms    0.0%  calls=0
  commonExpand                       0.023 ms    4.7%  calls=535
  sibling branch build               0.054 ms   11.1%  calls=161
  branch dedup                       0.049 ms    9.9%  calls=102
  reorder skip tests                 0.007 ms    1.5%  calls=544
  reorder branch rebuild             0.038 ms    7.7%  calls=334
  leaf recording                     0.030 ms    6.1%  calls=178
  pivot selection                    0.002 ms    0.3%  calls=33
  intersect/intersectInto            0.023 ms    4.8%  calls=767
  setDiff                            0.024 ms    4.9%  calls=865
  unionSet                           0.021 ms    4.3%  calls=932
  encodeClique                       0.005 ms    1.1%  calls=325
  sibling phase local                0.040 ms    8.1%  calls=161
  other / untimed                    0.004 ms    0.8%
  PROFILED subtotal                  0.486 ms   99.2%
  TOTAL (wall)                       0.490 ms  100.0%
──────────────────────────────────────────────────────────────

Saved log: /Users/wajid/Desktop/Research/Projects/BK/adaptiveBKAlgo/scripts/profile_logs/gen_big_005.txt.log

==> gen_big_006.txt
Running ReorderSib (Ascending degeneracy) (Optimized Exact Search) Algorithm...
ReorderSib: cliques=0  dups=0  maxSize=0  checks=0  time=0.006 ms

── ReorderSib cost breakdown ─────────────────────────────────
  rCall local logic                  0.000 ms    4.9%  calls=1
  enumerate local logic              0.000 ms    0.0%  calls=0
  collectCoveringCliques             0.000 ms    0.0%  calls=0
  dominance pruning                  0.000 ms    0.0%  calls=0
  buildHitSets                       0.000 ms    0.0%  calls=0
  sibling planning                   0.000 ms    0.0%  calls=0
  solver                             0.000 ms    0.0%  calls=0
  minimalByInclusion                 0.000 ms    0.0%  calls=0
  commonExpand                       0.000 ms    0.0%  calls=0
  sibling branch build               0.000 ms    0.0%  calls=0
  branch dedup                       0.000 ms    0.0%  calls=0
  reorder skip tests                 0.000 ms    0.0%  calls=0
  reorder branch rebuild             0.000 ms    0.0%  calls=0
  leaf recording                     0.000 ms    0.0%  calls=0
  pivot selection                    0.000 ms    0.0%  calls=0
  intersect/intersectInto            0.000 ms    0.0%  calls=0
  setDiff                            0.000 ms    0.0%  calls=0
  unionSet                           0.000 ms    0.0%  calls=0
  encodeClique                       0.000 ms    0.0%  calls=0
  sibling phase local                0.000 ms    0.0%  calls=0
  other / untimed                    0.006 ms   95.1%
  PROFILED subtotal                  0.000 ms    4.9%
  TOTAL (wall)                       0.006 ms  100.0%
──────────────────────────────────────────────────────────────

Saved log: /Users/wajid/Desktop/Research/Projects/BK/adaptiveBKAlgo/scripts/profile_logs/gen_big_006.txt.log

==> gen_big_007.txt
Running ReorderSib (Ascending degeneracy) (Optimized Exact Search) Algorithm...
ReorderSib: cliques=0  dups=0  maxSize=0  checks=90  time=0.018 ms

── ReorderSib cost breakdown ─────────────────────────────────
  rCall local logic                  0.003 ms   16.7%  calls=1
  enumerate local logic              0.007 ms   35.8%  calls=90
  collectCoveringCliques             0.000 ms    0.0%  calls=0
  dominance pruning                  0.000 ms    0.0%  calls=0
  buildHitSets                       0.000 ms    0.0%  calls=0
  sibling planning                   0.000 ms    0.0%  calls=0
  solver                             0.000 ms    0.0%  calls=0
  minimalByInclusion                 0.000 ms    0.0%  calls=0
  commonExpand                       0.000 ms    0.0%  calls=0
  sibling branch build               0.000 ms    0.0%  calls=0
  branch dedup                       0.000 ms    0.0%  calls=0
  reorder skip tests                 0.000 ms    0.0%  calls=0
  reorder branch rebuild             0.000 ms    0.0%  calls=0
  leaf recording                     0.000 ms    0.0%  calls=0
  pivot selection                    0.001 ms    7.3%  calls=30
  intersect/intersectInto            0.002 ms   11.6%  calls=120
  setDiff                            0.000 ms    0.0%  calls=0
  unionSet                           0.000 ms    0.0%  calls=0
  encodeClique                       0.000 ms    0.0%  calls=0
  sibling phase local                0.000 ms    0.0%  calls=0
  other / untimed                    0.005 ms   28.6%
  PROFILED subtotal                  0.013 ms   71.4%
  TOTAL (wall)                       0.018 ms  100.0%
──────────────────────────────────────────────────────────────

Saved log: /Users/wajid/Desktop/Research/Projects/BK/adaptiveBKAlgo/scripts/profile_logs/gen_big_007.txt.log

==> gen_big_008.txt
Running ReorderSib (Ascending degeneracy) (Optimized Exact Search) Algorithm...
ReorderSib: cliques=10  dups=0  maxSize=3  checks=35  time=0.132 ms

── ReorderSib cost breakdown ─────────────────────────────────
  rCall local logic                  0.006 ms    4.2%  calls=146
  enumerate local logic              0.018 ms   13.3%  calls=35
  collectCoveringCliques             0.003 ms    1.9%  calls=145
  dominance pruning                  0.000 ms    0.2%  calls=9
  buildHitSets                       0.000 ms    0.3%  calls=9
  sibling planning                   0.006 ms    4.2%  calls=145
  solver                             0.000 ms    0.0%  calls=0
  minimalByInclusion                 0.000 ms    0.0%  calls=0
  commonExpand                       0.008 ms    6.0%  calls=277
  sibling branch build               0.017 ms   12.6%  calls=145
  branch dedup                       0.002 ms    1.3%  calls=9
  reorder skip tests                 0.002 ms    1.8%  calls=173
  reorder branch rebuild             0.016 ms   11.8%  calls=153
  leaf recording                     0.003 ms    2.0%  calls=10
  pivot selection                    0.001 ms    0.5%  calls=15
  intersect/intersectInto            0.005 ms    3.4%  calls=194
  setDiff                            0.006 ms    4.9%  calls=286
  unionSet                           0.010 ms    7.5%  calls=430
  encodeClique                       0.000 ms    0.2%  calls=11
  sibling phase local                0.026 ms   19.5%  calls=145
  other / untimed                    0.006 ms    4.3%
  PROFILED subtotal                  0.126 ms   95.7%
  TOTAL (wall)                       0.132 ms  100.0%
──────────────────────────────────────────────────────────────

Saved log: /Users/wajid/Desktop/Research/Projects/BK/adaptiveBKAlgo/scripts/profile_logs/gen_big_008.txt.log

==> gen_big_009.txt
Running ReorderSib (Ascending degeneracy) (Optimized Exact Search) Algorithm...
ReorderSib: cliques=36  dups=0  maxSize=3  checks=99  time=0.231 ms

── ReorderSib cost breakdown ─────────────────────────────────
  rCall local logic                  0.009 ms    3.9%  calls=166
  enumerate local logic              0.031 ms   13.2%  calls=99
  collectCoveringCliques             0.004 ms    1.8%  calls=162
  dominance pruning                  0.001 ms    0.4%  calls=28
  buildHitSets                       0.001 ms    0.6%  calls=28
  sibling planning                   0.010 ms    4.5%  calls=162
  solver                             0.005 ms    2.1%  calls=4
  minimalByInclusion                 0.000 ms    0.0%  calls=0
  commonExpand                       0.016 ms    6.9%  calls=485
  sibling branch build               0.030 ms   12.9%  calls=162
  branch dedup                       0.011 ms    4.9%  calls=28
  reorder skip tests                 0.004 ms    1.6%  calls=249
  reorder branch rebuild             0.019 ms    8.1%  calls=189
  leaf recording                     0.009 ms    3.9%  calls=36
  pivot selection                    0.002 ms    0.7%  calls=35
  intersect/intersectInto            0.007 ms    3.1%  calls=309
  setDiff                            0.011 ms    4.9%  calls=524
  unionSet                           0.015 ms    6.5%  calls=676
  encodeClique                       0.001 ms    0.3%  calls=49
  sibling phase local                0.039 ms   17.0%  calls=162
  other / untimed                    0.006 ms    2.7%
  PROFILED subtotal                  0.225 ms   97.3%
  TOTAL (wall)                       0.231 ms  100.0%
──────────────────────────────────────────────────────────────

Saved log: /Users/wajid/Desktop/Research/Projects/BK/adaptiveBKAlgo/scripts/profile_logs/gen_big_009.txt.log

==> gen_big_010.txt
Running ReorderSib (Ascending degeneracy) (Optimized Exact Search) Algorithm...
ReorderSib: cliques=6  dups=0  maxSize=10  checks=42  time=0.059 ms

── ReorderSib cost breakdown ─────────────────────────────────
  rCall local logic                  0.002 ms    3.3%  calls=37
  enumerate local logic              0.011 ms   18.3%  calls=42
  collectCoveringCliques             0.002 ms    4.2%  calls=36
  dominance pruning                  0.001 ms    1.1%  calls=29
  buildHitSets                       0.001 ms    1.6%  calls=29
  sibling planning                   0.003 ms    5.5%  calls=36
  solver                             0.000 ms    0.0%  calls=0
  minimalByInclusion                 0.000 ms    0.0%  calls=0
  commonExpand                       0.001 ms    2.3%  calls=39
  sibling branch build               0.005 ms    7.9%  calls=36
  branch dedup                       0.001 ms    2.4%  calls=29
  reorder skip tests                 0.001 ms    2.0%  calls=76
  reorder branch rebuild             0.005 ms    8.1%  calls=38
  leaf recording                     0.004 ms    6.6%  calls=6
  pivot selection                    0.002 ms    4.0%  calls=33
  intersect/intersectInto            0.004 ms    6.7%  calls=108
  setDiff                            0.002 ms    2.9%  calls=68
  unionSet                           0.002 ms    3.8%  calls=77
  encodeClique                       0.000 ms    0.4%  calls=6
  sibling phase local                0.007 ms   12.2%  calls=36
  other / untimed                    0.004 ms    6.8%
  PROFILED subtotal                  0.055 ms   93.2%
  TOTAL (wall)                       0.059 ms  100.0%
──────────────────────────────────────────────────────────────

Saved log: /Users/wajid/Desktop/Research/Projects/BK/adaptiveBKAlgo/scripts/profile_logs/gen_big_010.txt.log

==> gen_big_011.txt
Running ReorderSib (Ascending degeneracy) (Optimized Exact Search) Algorithm...
ReorderSib: cliques=211  dups=0  maxSize=4  checks=249  time=0.474 ms

── ReorderSib cost breakdown ─────────────────────────────────
  rCall local logic                  0.022 ms    4.6%  calls=253
  enumerate local logic              0.050 ms   10.5%  calls=249
  collectCoveringCliques             0.014 ms    2.9%  calls=171
  dominance pruning                  0.005 ms    1.0%  calls=107
  buildHitSets                       0.009 ms    1.9%  calls=107
  sibling planning                   0.017 ms    3.6%  calls=171
  solver                             0.054 ms   11.4%  calls=57
  minimalByInclusion                 0.000 ms    0.0%  calls=0
  commonExpand                       0.024 ms    5.2%  calls=568
  sibling branch build               0.051 ms   10.8%  calls=171
  branch dedup                       0.045 ms    9.5%  calls=107
  reorder skip tests                 0.008 ms    1.8%  calls=599
  reorder branch rebuild             0.036 ms    7.6%  calls=355
  leaf recording                     0.031 ms    6.5%  calls=211
  pivot selection                    0.002 ms    0.3%  calls=33
  intersect/intersectInto            0.022 ms    4.7%  calls=827
  setDiff                            0.022 ms    4.7%  calls=925
  unionSet                           0.020 ms    4.2%  calls=993
  encodeClique                       0.005 ms    1.1%  calls=391
  sibling phase local                0.033 ms    7.1%  calls=171
  other / untimed                    0.004 ms    0.9%
  PROFILED subtotal                  0.470 ms   99.1%
  TOTAL (wall)                       0.474 ms  100.0%
──────────────────────────────────────────────────────────────

Saved log: /Users/wajid/Desktop/Research/Projects/BK/adaptiveBKAlgo/scripts/profile_logs/gen_big_011.txt.log

==> gen_big_012.txt
Running ReorderSib (Ascending degeneracy) (Optimized Exact Search) Algorithm...
ReorderSib: cliques=0  dups=0  maxSize=0  checks=0  time=0.005 ms

── ReorderSib cost breakdown ─────────────────────────────────
  rCall local logic                  0.000 ms    6.8%  calls=1
  enumerate local logic              0.000 ms    0.0%  calls=0
  collectCoveringCliques             0.000 ms    0.0%  calls=0
  dominance pruning                  0.000 ms    0.0%  calls=0
  buildHitSets                       0.000 ms    0.0%  calls=0
  sibling planning                   0.000 ms    0.0%  calls=0
  solver                             0.000 ms    0.0%  calls=0
  minimalByInclusion                 0.000 ms    0.0%  calls=0
  commonExpand                       0.000 ms    0.0%  calls=0
  sibling branch build               0.000 ms    0.0%  calls=0
  branch dedup                       0.000 ms    0.0%  calls=0
  reorder skip tests                 0.000 ms    0.0%  calls=0
  reorder branch rebuild             0.000 ms    0.0%  calls=0
  leaf recording                     0.000 ms    0.0%  calls=0
  pivot selection                    0.000 ms    0.0%  calls=0
  intersect/intersectInto            0.000 ms    0.0%  calls=0
  setDiff                            0.000 ms    0.0%  calls=0
  unionSet                           0.000 ms    0.0%  calls=0
  encodeClique                       0.000 ms    0.0%  calls=0
  sibling phase local                0.000 ms    0.0%  calls=0
  other / untimed                    0.005 ms   93.2%
  PROFILED subtotal                  0.000 ms    6.8%
  TOTAL (wall)                       0.005 ms  100.0%
──────────────────────────────────────────────────────────────

Saved log: /Users/wajid/Desktop/Research/Projects/BK/adaptiveBKAlgo/scripts/profile_logs/gen_big_012.txt.log

==> gen_big_013.txt
Running ReorderSib (Ascending degeneracy) (Optimized Exact Search) Algorithm...
ReorderSib: cliques=1  dups=0  maxSize=3  checks=81  time=0.017 ms

── ReorderSib cost breakdown ─────────────────────────────────
  rCall local logic                  0.002 ms   10.2%  calls=2
  enumerate local logic              0.006 ms   35.9%  calls=81
  collectCoveringCliques             0.000 ms    0.2%  calls=1
  dominance pruning                  0.000 ms    0.0%  calls=0
  buildHitSets                       0.000 ms    0.0%  calls=0
  sibling planning                   0.000 ms    1.0%  calls=1
  solver                             0.000 ms    0.0%  calls=0
  minimalByInclusion                 0.000 ms    0.0%  calls=0
  commonExpand                       0.000 ms    0.2%  calls=1
  sibling branch build               0.000 ms    1.5%  calls=1
  branch dedup                       0.000 ms    0.0%  calls=0
  reorder skip tests                 0.000 ms    0.2%  calls=5
  reorder branch rebuild             0.000 ms    1.0%  calls=2
  leaf recording                     0.001 ms    2.9%  calls=1
  pivot selection                    0.002 ms    9.0%  calls=28
  intersect/intersectInto            0.002 ms   10.0%  calls=110
  setDiff                            0.000 ms    0.2%  calls=1
  unionSet                           0.000 ms    1.5%  calls=3
  encodeClique                       0.000 ms    0.0%  calls=1
  sibling phase local                0.000 ms    2.2%  calls=1
  other / untimed                    0.004 ms   23.9%
  PROFILED subtotal                  0.013 ms   76.1%
  TOTAL (wall)                       0.017 ms  100.0%
──────────────────────────────────────────────────────────────

Saved log: /Users/wajid/Desktop/Research/Projects/BK/adaptiveBKAlgo/scripts/profile_logs/gen_big_013.txt.log

==> gen_big_014.txt
Running ReorderSib (Ascending degeneracy) (Optimized Exact Search) Algorithm...
ReorderSib: cliques=4  dups=0  maxSize=3  checks=228  time=0.081 ms

── ReorderSib cost breakdown ─────────────────────────────────
  rCall local logic                  0.006 ms    7.6%  calls=56
  enumerate local logic              0.021 ms   25.5%  calls=228
  collectCoveringCliques             0.001 ms    1.0%  calls=55
  dominance pruning                  0.000 ms    0.1%  calls=3
  buildHitSets                       0.000 ms    0.3%  calls=3
  sibling planning                   0.002 ms    2.7%  calls=55
  solver                             0.000 ms    0.0%  calls=0
  minimalByInclusion                 0.000 ms    0.0%  calls=0
  commonExpand                       0.004 ms    5.1%  calls=108
  sibling branch build               0.007 ms    8.8%  calls=55
  branch dedup                       0.001 ms    0.8%  calls=3
  reorder skip tests                 0.001 ms    1.5%  calls=71
  reorder branch rebuild             0.007 ms    8.7%  calls=62
  leaf recording                     0.002 ms    1.9%  calls=4
  pivot selection                    0.003 ms    4.2%  calls=78
  intersect/intersectInto            0.006 ms    7.7%  calls=364
  setDiff                            0.002 ms    2.1%  calls=111
  unionSet                           0.004 ms    4.5%  calls=170
  encodeClique                       0.000 ms    0.1%  calls=4
  sibling phase local                0.010 ms   12.3%  calls=55
  other / untimed                    0.004 ms    5.1%
  PROFILED subtotal                  0.077 ms   94.9%
  TOTAL (wall)                       0.081 ms  100.0%
──────────────────────────────────────────────────────────────

Saved log: /Users/wajid/Desktop/Research/Projects/BK/adaptiveBKAlgo/scripts/profile_logs/gen_big_014.txt.log

==> gen_big_015.txt
Running ReorderSib (Ascending degeneracy) (Optimized Exact Search) Algorithm...
ReorderSib: cliques=10  dups=0  maxSize=3  checks=41  time=0.103 ms

── ReorderSib cost breakdown ─────────────────────────────────
  rCall local logic                  0.005 ms    4.8%  calls=99
  enumerate local logic              0.014 ms   13.4%  calls=41
  collectCoveringCliques             0.002 ms    1.7%  calls=98
  dominance pruning                  0.000 ms    0.2%  calls=8
  buildHitSets                       0.000 ms    0.3%  calls=8
  sibling planning                   0.004 ms    4.3%  calls=98
  solver                             0.001 ms    1.3%  calls=1
  minimalByInclusion                 0.000 ms    0.0%  calls=0
  commonExpand                       0.008 ms    7.3%  calls=199
  sibling branch build               0.013 ms   12.5%  calls=98
  branch dedup                       0.001 ms    1.4%  calls=8
  reorder skip tests                 0.002 ms    1.5%  calls=123
  reorder branch rebuild             0.011 ms   11.1%  calls=103
  leaf recording                     0.004 ms    3.5%  calls=10
  pivot selection                    0.001 ms    0.8%  calls=17
  intersect/intersectInto            0.004 ms    3.5%  calls=151
  setDiff                            0.004 ms    3.5%  calls=208
  unionSet                           0.007 ms    6.7%  calls=302
  encodeClique                       0.000 ms    0.1%  calls=11
  sibling phase local                0.018 ms   18.0%  calls=98
  other / untimed                    0.004 ms    3.9%
  PROFILED subtotal                  0.099 ms   96.1%
  TOTAL (wall)                       0.103 ms  100.0%
──────────────────────────────────────────────────────────────

Saved log: /Users/wajid/Desktop/Research/Projects/BK/adaptiveBKAlgo/scripts/profile_logs/gen_big_015.txt.log

==> gen_big_016.txt
Running ReorderSib (Ascending degeneracy) (Optimized Exact Search) Algorithm...
ReorderSib: cliques=129  dups=0  maxSize=4  checks=192  time=0.410 ms

── ReorderSib cost breakdown ─────────────────────────────────
  rCall local logic                  0.017 ms    4.0%  calls=213
  enumerate local logic              0.044 ms   10.8%  calls=192
  collectCoveringCliques             0.010 ms    2.5%  calls=195
  dominance pruning                  0.002 ms    0.5%  calls=85
  buildHitSets                       0.004 ms    1.1%  calls=85
  sibling planning                   0.016 ms    4.0%  calls=195
  solver                             0.034 ms    8.4%  calls=39
  minimalByInclusion                 0.000 ms    0.0%  calls=0
  commonExpand                       0.027 ms    6.5%  calls=700
  sibling branch build               0.052 ms   12.6%  calls=195
  branch dedup                       0.033 ms    8.1%  calls=85
  reorder skip tests                 0.007 ms    1.7%  calls=517
  reorder branch rebuild             0.031 ms    7.4%  calls=331
  leaf recording                     0.025 ms    6.1%  calls=129
  pivot selection                    0.002 ms    0.5%  calls=56
  intersect/intersectInto            0.016 ms    4.0%  calls=604
  setDiff                            0.021 ms    5.2%  calls=898
  unionSet                           0.021 ms    5.1%  calls=1054
  encodeClique                       0.003 ms    0.7%  calls=206
  sibling phase local                0.038 ms    9.4%  calls=195
  other / untimed                    0.005 ms    1.2%
  PROFILED subtotal                  0.405 ms   98.8%
  TOTAL (wall)                       0.410 ms  100.0%
──────────────────────────────────────────────────────────────

Saved log: /Users/wajid/Desktop/Research/Projects/BK/adaptiveBKAlgo/scripts/profile_logs/gen_big_016.txt.log

==> gen_big_017.txt
Running ReorderSib (Ascending degeneracy) (Optimized Exact Search) Algorithm...
ReorderSib: cliques=515  dups=0  maxSize=4  checks=554  time=1.084 ms

── ReorderSib cost breakdown ─────────────────────────────────
  rCall local logic                  0.048 ms    4.5%  calls=583
  enumerate local logic              0.109 ms   10.1%  calls=554
  collectCoveringCliques             0.033 ms    3.1%  calls=297
  dominance pruning                  0.013 ms    1.2%  calls=199
  buildHitSets                       0.017 ms    1.5%  calls=199
  sibling planning                   0.028 ms    2.6%  calls=297
  solver                             0.166 ms   15.3%  calls=120
  minimalByInclusion                 0.000 ms    0.0%  calls=0
  commonExpand                       0.066 ms    6.1%  calls=1049
  sibling branch build               0.103 ms    9.5%  calls=297
  branch dedup                       0.104 ms    9.6%  calls=199
  reorder skip tests                 0.017 ms    1.6%  calls=1328
  reorder branch rebuild             0.086 ms    8.0%  calls=771
  leaf recording                     0.063 ms    5.8%  calls=515
  pivot selection                    0.002 ms    0.2%  calls=37
  intersect/intersectInto            0.053 ms    4.9%  calls=2100
  setDiff                            0.045 ms    4.1%  calls=2040
  unionSet                           0.039 ms    3.6%  calls=2028
  encodeClique                       0.015 ms    1.4%  calls=994
  sibling phase local                0.068 ms    6.3%  calls=297
  other / untimed                    0.006 ms    0.6%
  PROFILED subtotal                  1.078 ms   99.4%
  TOTAL (wall)                       1.084 ms  100.0%
──────────────────────────────────────────────────────────────

Saved log: /Users/wajid/Desktop/Research/Projects/BK/adaptiveBKAlgo/scripts/profile_logs/gen_big_017.txt.log

==> gen_big_018.txt
Running ReorderSib (Ascending degeneracy) (Optimized Exact Search) Algorithm...
ReorderSib: cliques=0  dups=0  maxSize=0  checks=0  time=0.004 ms

── ReorderSib cost breakdown ─────────────────────────────────
  rCall local logic                  0.000 ms    7.6%  calls=1
  enumerate local logic              0.000 ms    0.0%  calls=0
  collectCoveringCliques             0.000 ms    0.0%  calls=0
  dominance pruning                  0.000 ms    0.0%  calls=0
  buildHitSets                       0.000 ms    0.0%  calls=0
  sibling planning                   0.000 ms    0.0%  calls=0
  solver                             0.000 ms    0.0%  calls=0
  minimalByInclusion                 0.000 ms    0.0%  calls=0
  commonExpand                       0.000 ms    0.0%  calls=0
  sibling branch build               0.000 ms    0.0%  calls=0
  branch dedup                       0.000 ms    0.0%  calls=0
  reorder skip tests                 0.000 ms    0.0%  calls=0
  reorder branch rebuild             0.000 ms    0.0%  calls=0
  leaf recording                     0.000 ms    0.0%  calls=0
  pivot selection                    0.000 ms    0.0%  calls=0
  intersect/intersectInto            0.000 ms    0.0%  calls=0
  setDiff                            0.000 ms    0.0%  calls=0
  unionSet                           0.000 ms    0.0%  calls=0
  encodeClique                       0.000 ms    0.0%  calls=0
  sibling phase local                0.000 ms    0.0%  calls=0
  other / untimed                    0.004 ms   92.4%
  PROFILED subtotal                  0.000 ms    7.6%
  TOTAL (wall)                       0.004 ms  100.0%
──────────────────────────────────────────────────────────────

Saved log: /Users/wajid/Desktop/Research/Projects/BK/adaptiveBKAlgo/scripts/profile_logs/gen_big_018.txt.log

==> gen_big_019.txt
Running ReorderSib (Ascending degeneracy) (Optimized Exact Search) Algorithm...
ReorderSib: cliques=0  dups=0  maxSize=0  checks=6  time=0.007 ms

── ReorderSib cost breakdown ─────────────────────────────────
  rCall local logic                  0.001 ms    9.2%  calls=1
  enumerate local logic              0.001 ms   13.4%  calls=6
  collectCoveringCliques             0.000 ms    0.0%  calls=0
  dominance pruning                  0.000 ms    0.0%  calls=0
  buildHitSets                       0.000 ms    0.0%  calls=0
  sibling planning                   0.000 ms    0.0%  calls=0
  solver                             0.000 ms    0.0%  calls=0
  minimalByInclusion                 0.000 ms    0.0%  calls=0
  commonExpand                       0.000 ms    0.0%  calls=0
  sibling branch build               0.000 ms    0.0%  calls=0
  branch dedup                       0.000 ms    0.0%  calls=0
  reorder skip tests                 0.000 ms    0.0%  calls=0
  reorder branch rebuild             0.000 ms    0.0%  calls=0
  leaf recording                     0.000 ms    0.0%  calls=0
  pivot selection                    0.000 ms    4.9%  calls=2
  intersect/intersectInto            0.000 ms    4.3%  calls=8
  setDiff                            0.000 ms    0.0%  calls=0
  unionSet                           0.000 ms    0.0%  calls=0
  encodeClique                       0.000 ms    0.0%  calls=0
  sibling phase local                0.000 ms    0.0%  calls=0
  other / untimed                    0.005 ms   68.3%
  PROFILED subtotal                  0.002 ms   31.7%
  TOTAL (wall)                       0.007 ms  100.0%
──────────────────────────────────────────────────────────────

Saved log: /Users/wajid/Desktop/Research/Projects/BK/adaptiveBKAlgo/scripts/profile_logs/gen_big_019.txt.log

==> gen_big_020.txt
Running ReorderSib (Ascending degeneracy) (Optimized Exact Search) Algorithm...
ReorderSib: cliques=5  dups=0  maxSize=10  checks=87  time=0.069 ms

── ReorderSib cost breakdown ─────────────────────────────────
  rCall local logic                  0.003 ms    4.3%  calls=34
  enumerate local logic              0.015 ms   21.1%  calls=87
  collectCoveringCliques             0.002 ms    3.5%  calls=33
  dominance pruning                  0.001 ms    1.1%  calls=26
  buildHitSets                       0.001 ms    2.1%  calls=26
  sibling planning                   0.003 ms    4.2%  calls=33
  solver                             0.000 ms    0.0%  calls=0
  minimalByInclusion                 0.000 ms    0.0%  calls=0
  commonExpand                       0.002 ms    2.3%  calls=36
  sibling branch build               0.004 ms    5.8%  calls=33
  branch dedup                       0.002 ms    3.3%  calls=26
  reorder skip tests                 0.001 ms    1.6%  calls=70
  reorder branch rebuild             0.006 ms    8.8%  calls=34
  leaf recording                     0.005 ms    6.8%  calls=5
  pivot selection                    0.003 ms    4.4%  calls=48
  intersect/intersectInto            0.005 ms    7.5%  calls=164
  setDiff                            0.002 ms    2.7%  calls=62
  unionSet                           0.002 ms    2.8%  calls=70
  encodeClique                       0.000 ms    0.4%  calls=5
  sibling phase local                0.006 ms    8.5%  calls=33
  other / untimed                    0.006 ms    9.0%
  PROFILED subtotal                  0.063 ms   91.0%
  TOTAL (wall)                       0.069 ms  100.0%
──────────────────────────────────────────────────────────────

Saved log: /Users/wajid/Desktop/Research/Projects/BK/adaptiveBKAlgo/scripts/profile_logs/gen_big_020.txt.log

==> gen_big_021.txt
Running ReorderSib (Ascending degeneracy) (Optimized Exact Search) Algorithm...
ReorderSib: cliques=6  dups=0  maxSize=3  checks=55  time=0.064 ms

── ReorderSib cost breakdown ─────────────────────────────────
  rCall local logic                  0.003 ms    5.5%  calls=63
  enumerate local logic              0.011 ms   16.8%  calls=55
  collectCoveringCliques             0.001 ms    1.6%  calls=62
  dominance pruning                  0.000 ms    0.1%  calls=5
  buildHitSets                       0.000 ms    0.2%  calls=5
  sibling planning                   0.003 ms    5.2%  calls=62
  solver                             0.000 ms    0.0%  calls=0
  minimalByInclusion                 0.000 ms    0.0%  calls=0
  commonExpand                       0.003 ms    5.2%  calls=110
  sibling branch build               0.006 ms    9.6%  calls=62
  branch dedup                       0.001 ms    1.4%  calls=5
  reorder skip tests                 0.001 ms    1.4%  calls=77
  reorder branch rebuild             0.006 ms    9.6%  calls=64
  leaf recording                     0.002 ms    3.3%  calls=6
  pivot selection                    0.001 ms    1.6%  calls=21
  intersect/intersectInto            0.003 ms    4.7%  calls=134
  setDiff                            0.002 ms    3.8%  calls=115
  unionSet                           0.004 ms    5.8%  calls=174
  encodeClique                       0.000 ms    0.1%  calls=6
  sibling phase local                0.012 ms   19.4%  calls=62
  other / untimed                    0.003 ms    4.6%
  PROFILED subtotal                  0.061 ms   95.4%
  TOTAL (wall)                       0.064 ms  100.0%
──────────────────────────────────────────────────────────────

Saved log: /Users/wajid/Desktop/Research/Projects/BK/adaptiveBKAlgo/scripts/profile_logs/gen_big_021.txt.log

==> gen_big_022.txt
Running ReorderSib (Ascending degeneracy) (Optimized Exact Search) Algorithm...
ReorderSib: cliques=65  dups=0  maxSize=3  checks=129  time=0.266 ms

── ReorderSib cost breakdown ─────────────────────────────────
  rCall local logic                  0.010 ms    3.8%  calls=139
  enumerate local logic              0.030 ms   11.3%  calls=129
  collectCoveringCliques             0.006 ms    2.1%  calls=136
  dominance pruning                  0.002 ms    0.6%  calls=47
  buildHitSets                       0.002 ms    0.8%  calls=47
  sibling planning                   0.011 ms    4.1%  calls=136
  solver                             0.014 ms    5.2%  calls=14
  minimalByInclusion                 0.000 ms    0.0%  calls=0
  commonExpand                       0.016 ms    6.1%  calls=419
  sibling branch build               0.029 ms   11.0%  calls=136
  branch dedup                       0.016 ms    5.9%  calls=47
  reorder skip tests                 0.004 ms    1.4%  calls=280
  reorder branch rebuild             0.018 ms    6.9%  calls=181
  leaf recording                     0.015 ms    5.5%  calls=65
  pivot selection                    0.002 ms    0.9%  calls=42
  intersect/intersectInto            0.008 ms    2.9%  calls=319
  setDiff                            0.011 ms    4.0%  calls=495
  unionSet                           0.018 ms    6.7%  calls=603
  encodeClique                       0.001 ms    0.5%  calls=97
  sibling phase local                0.050 ms   18.7%  calls=136
  other / untimed                    0.004 ms    1.6%
  PROFILED subtotal                  0.262 ms   98.4%
  TOTAL (wall)                       0.266 ms  100.0%
──────────────────────────────────────────────────────────────

Saved log: /Users/wajid/Desktop/Research/Projects/BK/adaptiveBKAlgo/scripts/profile_logs/gen_big_022.txt.log

==> gen_big_023.txt
Running ReorderSib (Ascending degeneracy) (Optimized Exact Search) Algorithm...
ReorderSib: cliques=160  dups=1  maxSize=4  checks=200  time=0.424 ms

── ReorderSib cost breakdown ─────────────────────────────────
  rCall local logic                  0.015 ms    3.6%  calls=206
  enumerate local logic              0.045 ms   10.7%  calls=200
  collectCoveringCliques             0.011 ms    2.5%  calls=147
  dominance pruning                  0.004 ms    1.0%  calls=91
  buildHitSets                       0.008 ms    1.8%  calls=91
  sibling planning                   0.015 ms    3.4%  calls=147
  solver                             0.048 ms   11.3%  calls=50
  minimalByInclusion                 0.000 ms    0.0%  calls=0
  commonExpand                       0.020 ms    4.6%  calls=487
  sibling branch build               0.048 ms   11.2%  calls=147
  branch dedup                       0.041 ms    9.7%  calls=91
  reorder skip tests                 0.007 ms    1.7%  calls=505
  reorder branch rebuild             0.032 ms    7.5%  calls=310
  leaf recording                     0.027 ms    6.5%  calls=160
  pivot selection                    0.001 ms    0.3%  calls=35
  intersect/intersectInto            0.021 ms    4.9%  calls=751
  setDiff                            0.019 ms    4.4%  calls=779
  unionSet                           0.018 ms    4.2%  calls=866
  encodeClique                       0.004 ms    1.0%  calls=288
  sibling phase local                0.035 ms    8.3%  calls=147
  other / untimed                    0.005 ms    1.1%
  PROFILED subtotal                  0.419 ms   98.9%
  TOTAL (wall)                       0.424 ms  100.0%
──────────────────────────────────────────────────────────────

Saved log: /Users/wajid/Desktop/Research/Projects/BK/adaptiveBKAlgo/scripts/profile_logs/gen_big_023.txt.log

==> gen_big_024.txt
Running ReorderSib (Ascending degeneracy) (Optimized Exact Search) Algorithm...
ReorderSib: cliques=0  dups=0  maxSize=0  checks=0  time=0.006 ms

── ReorderSib cost breakdown ─────────────────────────────────
  rCall local logic                  0.000 ms    5.8%  calls=1
  enumerate local logic              0.000 ms    0.0%  calls=0
  collectCoveringCliques             0.000 ms    0.0%  calls=0
  dominance pruning                  0.000 ms    0.0%  calls=0
  buildHitSets                       0.000 ms    0.0%  calls=0
  sibling planning                   0.000 ms    0.0%  calls=0
  solver                             0.000 ms    0.0%  calls=0
  minimalByInclusion                 0.000 ms    0.0%  calls=0
  commonExpand                       0.000 ms    0.0%  calls=0
  sibling branch build               0.000 ms    0.0%  calls=0
  branch dedup                       0.000 ms    0.0%  calls=0
  reorder skip tests                 0.000 ms    0.0%  calls=0
  reorder branch rebuild             0.000 ms    0.0%  calls=0
  leaf recording                     0.000 ms    0.0%  calls=0
  pivot selection                    0.000 ms    0.0%  calls=0
  intersect/intersectInto            0.000 ms    0.0%  calls=0
  setDiff                            0.000 ms    0.0%  calls=0
  unionSet                           0.000 ms    0.0%  calls=0
  encodeClique                       0.000 ms    0.0%  calls=0
  sibling phase local                0.000 ms    0.0%  calls=0
  other / untimed                    0.006 ms   94.2%
  PROFILED subtotal                  0.000 ms    5.8%
  TOTAL (wall)                       0.006 ms  100.0%
──────────────────────────────────────────────────────────────

Saved log: /Users/wajid/Desktop/Research/Projects/BK/adaptiveBKAlgo/scripts/profile_logs/gen_big_024.txt.log

==> gen_big_025.txt
Running ReorderSib (Ascending degeneracy) (Optimized Exact Search) Algorithm...
ReorderSib: cliques=2  dups=0  maxSize=3  checks=20  time=0.040 ms

── ReorderSib cost breakdown ─────────────────────────────────
  rCall local logic                  0.002 ms    4.6%  calls=44
  enumerate local logic              0.006 ms   15.7%  calls=20
  collectCoveringCliques             0.001 ms    1.8%  calls=43
  dominance pruning                  0.000 ms    0.1%  calls=1
  buildHitSets                       0.000 ms    0.1%  calls=1
  sibling planning                   0.002 ms    3.9%  calls=43
  solver                             0.000 ms    0.0%  calls=0
  minimalByInclusion                 0.000 ms    0.0%  calls=0
  commonExpand                       0.002 ms    4.2%  calls=61
  sibling branch build               0.004 ms   11.1%  calls=43
  branch dedup                       0.000 ms    0.3%  calls=1
  reorder skip tests                 0.001 ms    2.0%  calls=55
  reorder branch rebuild             0.005 ms   11.6%  calls=50
  leaf recording                     0.001 ms    2.6%  calls=2
  pivot selection                    0.001 ms    1.5%  calls=8
  intersect/intersectInto            0.002 ms    4.0%  calls=76
  setDiff                            0.001 ms    3.2%  calls=62
  unionSet                           0.002 ms    5.5%  calls=111
  encodeClique                       0.000 ms    0.1%  calls=2
  sibling phase local                0.006 ms   15.9%  calls=43
  other / untimed                    0.005 ms   11.9%
  PROFILED subtotal                  0.035 ms   88.1%
  TOTAL (wall)                       0.040 ms  100.0%
──────────────────────────────────────────────────────────────

Saved log: /Users/wajid/Desktop/Research/Projects/BK/adaptiveBKAlgo/scripts/profile_logs/gen_big_025.txt.log

==> gen_big_026.txt
Running ReorderSib (Ascending degeneracy) (Optimized Exact Search) Algorithm...
ReorderSib: cliques=0  dups=0  maxSize=0  checks=66  time=0.012 ms

── ReorderSib cost breakdown ─────────────────────────────────
  rCall local logic                  0.002 ms   16.6%  calls=1
  enumerate local logic              0.005 ms   40.5%  calls=66
  collectCoveringCliques             0.000 ms    0.0%  calls=0
  dominance pruning                  0.000 ms    0.0%  calls=0
  buildHitSets                       0.000 ms    0.0%  calls=0
  sibling planning                   0.000 ms    0.0%  calls=0
  solver                             0.000 ms    0.0%  calls=0
  minimalByInclusion                 0.000 ms    0.0%  calls=0
  commonExpand                       0.000 ms    0.0%  calls=0
  sibling branch build               0.000 ms    0.0%  calls=0
  branch dedup                       0.000 ms    0.0%  calls=0
  reorder skip tests                 0.000 ms    0.0%  calls=0
  reorder branch rebuild             0.000 ms    0.0%  calls=0
  leaf recording                     0.000 ms    0.0%  calls=0
  pivot selection                    0.001 ms    7.3%  calls=22
  intersect/intersectInto            0.001 ms    9.7%  calls=88
  setDiff                            0.000 ms    0.0%  calls=0
  unionSet                           0.000 ms    0.0%  calls=0
  encodeClique                       0.000 ms    0.0%  calls=0
  sibling phase local                0.000 ms    0.0%  calls=0
  other / untimed                    0.003 ms   26.0%
  PROFILED subtotal                  0.009 ms   74.0%
  TOTAL (wall)                       0.012 ms  100.0%
──────────────────────────────────────────────────────────────

Saved log: /Users/wajid/Desktop/Research/Projects/BK/adaptiveBKAlgo/scripts/profile_logs/gen_big_026.txt.log

==> gen_big_027.txt
Running ReorderSib (Ascending degeneracy) (Optimized Exact Search) Algorithm...
ReorderSib: cliques=34  dups=0  maxSize=3  checks=115  time=0.221 ms

── ReorderSib cost breakdown ─────────────────────────────────
  rCall local logic                  0.009 ms    4.0%  calls=143
  enumerate local logic              0.032 ms   14.3%  calls=115
  collectCoveringCliques             0.004 ms    1.9%  calls=141
  dominance pruning                  0.001 ms    0.3%  calls=33
  buildHitSets                       0.001 ms    0.4%  calls=33
  sibling planning                   0.011 ms    4.9%  calls=141
  solver                             0.003 ms    1.3%  calls=2
  minimalByInclusion                 0.000 ms    0.0%  calls=0
  commonExpand                       0.015 ms    6.9%  calls=390
  sibling branch build               0.028 ms   12.9%  calls=141
  branch dedup                       0.012 ms    5.2%  calls=33
  reorder skip tests                 0.004 ms    1.6%  calls=224
  reorder branch rebuild             0.018 ms    8.4%  calls=163
  leaf recording                     0.009 ms    4.0%  calls=34
  pivot selection                    0.002 ms    0.9%  calls=44
  intersect/intersectInto            0.008 ms    3.8%  calls=304
  setDiff                            0.010 ms    4.6%  calls=429
  unionSet                           0.012 ms    5.6%  calls=555
  encodeClique                       0.001 ms    0.5%  calls=42
  sibling phase local                0.035 ms   15.8%  calls=141
  other / untimed                    0.006 ms    2.8%
  PROFILED subtotal                  0.215 ms   97.2%
  TOTAL (wall)                       0.221 ms  100.0%
──────────────────────────────────────────────────────────────

Saved log: /Users/wajid/Desktop/Research/Projects/BK/adaptiveBKAlgo/scripts/profile_logs/gen_big_027.txt.log

==> gen_big_028.txt
Running ReorderSib (Ascending degeneracy) (Optimized Exact Search) Algorithm...
ReorderSib: cliques=37  dups=0  maxSize=3  checks=74  time=0.164 ms

── ReorderSib cost breakdown ─────────────────────────────────
  rCall local logic                  0.006 ms    3.7%  calls=101
  enumerate local logic              0.022 ms   13.3%  calls=74
  collectCoveringCliques             0.003 ms    2.0%  calls=99
  dominance pruning                  0.001 ms    0.4%  calls=29
  buildHitSets                       0.001 ms    0.6%  calls=29
  sibling planning                   0.007 ms    4.5%  calls=99
  solver                             0.005 ms    3.3%  calls=6
  minimalByInclusion                 0.000 ms    0.0%  calls=0
  commonExpand                       0.010 ms    5.8%  calls=281
  sibling branch build               0.019 ms   11.7%  calls=99
  branch dedup                       0.011 ms    6.7%  calls=29
  reorder skip tests                 0.003 ms    1.6%  calls=184
  reorder branch rebuild             0.013 ms    7.9%  calls=126
  leaf recording                     0.009 ms    5.3%  calls=37
  pivot selection                    0.001 ms    0.6%  calls=26
  intersect/intersectInto            0.006 ms    3.4%  calls=215
  setDiff                            0.008 ms    5.0%  calls=322
  unionSet                           0.009 ms    5.8%  calls=413
  encodeClique                       0.001 ms    0.5%  calls=54
  sibling phase local                0.026 ms   15.6%  calls=99
  other / untimed                    0.004 ms    2.4%
  PROFILED subtotal                  0.160 ms   97.6%
  TOTAL (wall)                       0.164 ms  100.0%
──────────────────────────────────────────────────────────────

Saved log: /Users/wajid/Desktop/Research/Projects/BK/adaptiveBKAlgo/scripts/profile_logs/gen_big_028.txt.log

==> gen_big_029.txt
Running ReorderSib (Ascending degeneracy) (Optimized Exact Search) Algorithm...
ReorderSib: cliques=279  dups=0  maxSize=4  checks=317  time=0.641 ms

── ReorderSib cost breakdown ─────────────────────────────────
  rCall local logic                  0.029 ms    4.5%  calls=332
  enumerate local logic              0.064 ms   10.0%  calls=317
  collectCoveringCliques             0.018 ms    2.8%  calls=204
  dominance pruning                  0.007 ms    1.1%  calls=138
  buildHitSets                       0.008 ms    1.3%  calls=138
  sibling planning                   0.020 ms    3.1%  calls=204
  solver                             0.083 ms   13.0%  calls=76
  minimalByInclusion                 0.000 ms    0.0%  calls=0
  commonExpand                       0.033 ms    5.1%  calls=708
  sibling branch build               0.068 ms   10.6%  calls=204
  branch dedup                       0.065 ms   10.2%  calls=138
  reorder skip tests                 0.011 ms    1.7%  calls=799
  reorder branch rebuild             0.050 ms    7.8%  calls=484
  leaf recording                     0.042 ms    6.5%  calls=279
  pivot selection                    0.002 ms    0.3%  calls=33
  intersect/intersectInto            0.033 ms    5.1%  calls=1240
  setDiff                            0.031 ms    4.9%  calls=1258
  unionSet                           0.024 ms    3.8%  calls=1301
  encodeClique                       0.007 ms    1.0%  calls=527
  sibling phase local                0.043 ms    6.7%  calls=204
  other / untimed                    0.004 ms    0.6%
  PROFILED subtotal                  0.637 ms   99.4%
  TOTAL (wall)                       0.641 ms  100.0%
──────────────────────────────────────────────────────────────

Saved log: /Users/wajid/Desktop/Research/Projects/BK/adaptiveBKAlgo/scripts/profile_logs/gen_big_029.txt.log

==> gen_medium_000.txt
Running ReorderSib (Ascending degeneracy) (Optimized Exact Search) Algorithm...
ReorderSib: cliques=15  dups=0  maxSize=3  checks=42  time=0.086 ms

── ReorderSib cost breakdown ─────────────────────────────────
  rCall local logic                  0.003 ms    3.8%  calls=55
  enumerate local logic              0.013 ms   14.7%  calls=42
  collectCoveringCliques             0.002 ms    2.3%  calls=53
  dominance pruning                  0.000 ms    0.5%  calls=13
  buildHitSets                       0.001 ms    1.0%  calls=13
  sibling planning                   0.004 ms    5.2%  calls=53
  solver                             0.001 ms    1.3%  calls=2
  minimalByInclusion                 0.000 ms    0.0%  calls=0
  commonExpand                       0.006 ms    6.8%  calls=157
  sibling branch build               0.010 ms   12.0%  calls=53
  branch dedup                       0.005 ms    5.5%  calls=13
  reorder skip tests                 0.001 ms    1.1%  calls=91
  reorder branch rebuild             0.008 ms    8.7%  calls=66
  leaf recording                     0.004 ms    5.1%  calls=15
  pivot selection                    0.001 ms    1.1%  calls=14
  intersect/intersectInto            0.003 ms    3.9%  calls=119
  setDiff                            0.003 ms    3.8%  calls=174
  unionSet                           0.006 ms    6.4%  calls=223
  encodeClique                       0.000 ms    0.3%  calls=21
  sibling phase local                0.012 ms   14.3%  calls=53
  other / untimed                    0.002 ms    2.3%
  PROFILED subtotal                  0.085 ms   97.7%
  TOTAL (wall)                       0.086 ms  100.0%
──────────────────────────────────────────────────────────────

Saved log: /Users/wajid/Desktop/Research/Projects/BK/adaptiveBKAlgo/scripts/profile_logs/gen_medium_000.txt.log

==> gen_medium_001.txt
Running ReorderSib (Ascending degeneracy) (Optimized Exact Search) Algorithm...
ReorderSib: cliques=8  dups=0  maxSize=8  checks=37  time=0.053 ms

── ReorderSib cost breakdown ─────────────────────────────────
  rCall local logic                  0.002 ms    3.9%  calls=29
  enumerate local logic              0.010 ms   18.1%  calls=37
  collectCoveringCliques             0.002 ms    4.1%  calls=28
  dominance pruning                  0.001 ms    1.6%  calls=18
  buildHitSets                       0.001 ms    2.3%  calls=18
  sibling planning                   0.003 ms    5.9%  calls=28
  solver                             0.000 ms    0.0%  calls=0
  minimalByInclusion                 0.000 ms    0.0%  calls=0
  commonExpand                       0.002 ms    3.3%  calls=36
  sibling branch build               0.003 ms    6.5%  calls=28
  branch dedup                       0.001 ms    2.7%  calls=18
  reorder skip tests                 0.001 ms    1.9%  calls=59
  reorder branch rebuild             0.003 ms    6.5%  calls=28
  leaf recording                     0.005 ms    9.1%  calls=8
  pivot selection                    0.001 ms    2.6%  calls=25
  intersect/intersectInto            0.003 ms    6.1%  calls=82
  setDiff                            0.001 ms    2.5%  calls=57
  unionSet                           0.002 ms    3.5%  calls=64
  encodeClique                       0.000 ms    0.5%  calls=8
  sibling phase local                0.007 ms   13.8%  calls=28
  other / untimed                    0.003 ms    5.2%
  PROFILED subtotal                  0.051 ms   94.8%
  TOTAL (wall)                       0.053 ms  100.0%
──────────────────────────────────────────────────────────────

Saved log: /Users/wajid/Desktop/Research/Projects/BK/adaptiveBKAlgo/scripts/profile_logs/gen_medium_001.txt.log

==> gen_medium_002.txt
Running ReorderSib (Ascending degeneracy) (Optimized Exact Search) Algorithm...
ReorderSib: cliques=3  dups=0  maxSize=3  checks=63  time=0.023 ms

── ReorderSib cost breakdown ─────────────────────────────────
  rCall local logic                  0.002 ms    8.2%  calls=11
  enumerate local logic              0.007 ms   28.5%  calls=63
  collectCoveringCliques             0.000 ms    1.2%  calls=10
  dominance pruning                  0.000 ms    0.2%  calls=2
  buildHitSets                       0.000 ms    0.4%  calls=2
  sibling planning                   0.001 ms    3.0%  calls=10
  solver                             0.000 ms    0.0%  calls=0
  minimalByInclusion                 0.000 ms    0.0%  calls=0
  commonExpand                       0.001 ms    2.1%  calls=14
  sibling branch build               0.001 ms    6.2%  calls=10
  branch dedup                       0.001 ms    2.3%  calls=2
  reorder skip tests                 0.000 ms    0.5%  calls=17
  reorder branch rebuild             0.002 ms    6.4%  calls=11
  leaf recording                     0.001 ms    4.8%  calls=3
  pivot selection                    0.001 ms    3.8%  calls=22
  intersect/intersectInto            0.002 ms    7.7%  calls=94
  setDiff                            0.000 ms    1.8%  calls=16
  unionSet                           0.001 ms    3.0%  calls=25
  encodeClique                       0.000 ms    0.4%  calls=4
  sibling phase local                0.003 ms   10.7%  calls=10
  other / untimed                    0.002 ms    8.7%
  PROFILED subtotal                  0.021 ms   91.3%
  TOTAL (wall)                       0.023 ms  100.0%
──────────────────────────────────────────────────────────────

Saved log: /Users/wajid/Desktop/Research/Projects/BK/adaptiveBKAlgo/scripts/profile_logs/gen_medium_002.txt.log

==> gen_medium_003.txt
Running ReorderSib (Ascending degeneracy) (Optimized Exact Search) Algorithm...
ReorderSib: cliques=32  dups=0  maxSize=3  checks=52  time=0.086 ms

── ReorderSib cost breakdown ─────────────────────────────────
  rCall local logic                  0.004 ms    5.0%  calls=52
  enumerate local logic              0.012 ms   13.8%  calls=52
  collectCoveringCliques             0.002 ms    2.8%  calls=49
  dominance pruning                  0.001 ms    0.8%  calls=24
  buildHitSets                       0.001 ms    1.2%  calls=24
  sibling planning                   0.004 ms    4.8%  calls=49
  solver                             0.005 ms    6.1%  calls=6
  minimalByInclusion                 0.000 ms    0.0%  calls=0
  commonExpand                       0.003 ms    4.0%  calls=98
  sibling branch build               0.010 ms   11.2%  calls=49
  branch dedup                       0.005 ms    6.4%  calls=24
  reorder skip tests                 0.001 ms    1.7%  calls=98
  reorder branch rebuild             0.005 ms    6.2%  calls=53
  leaf recording                     0.008 ms    9.3%  calls=32
  pivot selection                    0.001 ms    0.6%  calls=15
  intersect/intersectInto            0.003 ms    3.4%  calls=109
  setDiff                            0.003 ms    3.4%  calls=132
  unionSet                           0.004 ms    4.6%  calls=154
  encodeClique                       0.001 ms    1.3%  calls=52
  sibling phase local                0.010 ms   11.3%  calls=49
  other / untimed                    0.002 ms    2.1%
  PROFILED subtotal                  0.084 ms   97.9%
  TOTAL (wall)                       0.086 ms  100.0%
──────────────────────────────────────────────────────────────

Saved log: /Users/wajid/Desktop/Research/Projects/BK/adaptiveBKAlgo/scripts/profile_logs/gen_medium_003.txt.log

==> gen_medium_004.txt
Running ReorderSib (Ascending degeneracy) (Optimized Exact Search) Algorithm...
ReorderSib: cliques=84  dups=0  maxSize=4  checks=102  time=0.192 ms

── ReorderSib cost breakdown ─────────────────────────────────
  rCall local logic                  0.010 ms    5.0%  calls=93
  enumerate local logic              0.019 ms   10.1%  calls=102
  collectCoveringCliques             0.006 ms    3.1%  calls=57
  dominance pruning                  0.003 ms    1.6%  calls=38
  buildHitSets                       0.003 ms    1.6%  calls=38
  sibling planning                   0.006 ms    2.9%  calls=57
  solver                             0.028 ms   14.5%  calls=25
  minimalByInclusion                 0.000 ms    0.0%  calls=0
  commonExpand                       0.006 ms    3.4%  calls=145
  sibling branch build               0.016 ms    8.4%  calls=57
  branch dedup                       0.021 ms   11.1%  calls=38
  reorder skip tests                 0.003 ms    1.6%  calls=211
  reorder branch rebuild             0.014 ms    7.2%  calls=104
  leaf recording                     0.016 ms    8.3%  calls=84
  pivot selection                    0.001 ms    0.3%  calls=17
  intersect/intersectInto            0.009 ms    4.7%  calls=292
  setDiff                            0.007 ms    3.6%  calls=277
  unionSet                           0.006 ms    3.2%  calls=273
  encodeClique                       0.002 ms    1.1%  calls=152
  sibling phase local                0.014 ms    7.2%  calls=57
  other / untimed                    0.002 ms    1.1%
  PROFILED subtotal                  0.190 ms   98.9%
  TOTAL (wall)                       0.192 ms  100.0%
──────────────────────────────────────────────────────────────

Saved log: /Users/wajid/Desktop/Research/Projects/BK/adaptiveBKAlgo/scripts/profile_logs/gen_medium_004.txt.log

==> gen_medium_005.txt
Running ReorderSib (Ascending degeneracy) (Optimized Exact Search) Algorithm...
ReorderSib: cliques=122  dups=5  maxSize=4  checks=139  time=0.269 ms

── ReorderSib cost breakdown ─────────────────────────────────
  rCall local logic                  0.013 ms    4.8%  calls=153
  enumerate local logic              0.027 ms   10.1%  calls=139
  collectCoveringCliques             0.012 ms    4.5%  calls=80
  dominance pruning                  0.006 ms    2.3%  calls=55
  buildHitSets                       0.005 ms    1.9%  calls=55
  sibling planning                   0.008 ms    3.1%  calls=80
  solver                             0.039 ms   14.4%  calls=27
  minimalByInclusion                 0.000 ms    0.0%  calls=0
  commonExpand                       0.009 ms    3.5%  calls=164
  sibling branch build               0.022 ms    8.0%  calls=80
  branch dedup                       0.023 ms    8.6%  calls=55
  reorder skip tests                 0.005 ms    1.8%  calls=299
  reorder branch rebuild             0.021 ms    7.9%  calls=160
  leaf recording                     0.021 ms    8.0%  calls=122
  pivot selection                    0.001 ms    0.4%  calls=15
  intersect/intersectInto            0.015 ms    5.4%  calls=508
  setDiff                            0.011 ms    4.2%  calls=435
  unionSet                           0.008 ms    2.9%  calls=346
  encodeClique                       0.003 ms    1.3%  calls=237
  sibling phase local                0.016 ms    6.1%  calls=80
  other / untimed                    0.002 ms    0.8%
  PROFILED subtotal                  0.267 ms   99.2%
  TOTAL (wall)                       0.269 ms  100.0%
──────────────────────────────────────────────────────────────

Saved log: /Users/wajid/Desktop/Research/Projects/BK/adaptiveBKAlgo/scripts/profile_logs/gen_medium_005.txt.log

==> gen_medium_006.txt
Running ReorderSib (Ascending degeneracy) (Optimized Exact Search) Algorithm...
ReorderSib: cliques=0  dups=0  maxSize=0  checks=0  time=0.003 ms

── ReorderSib cost breakdown ─────────────────────────────────
  rCall local logic                  0.000 ms   12.7%  calls=1
  enumerate local logic              0.000 ms    0.0%  calls=0
  collectCoveringCliques             0.000 ms    0.0%  calls=0
  dominance pruning                  0.000 ms    0.0%  calls=0
  buildHitSets                       0.000 ms    0.0%  calls=0
  sibling planning                   0.000 ms    0.0%  calls=0
  solver                             0.000 ms    0.0%  calls=0
  minimalByInclusion                 0.000 ms    0.0%  calls=0
  commonExpand                       0.000 ms    0.0%  calls=0
  sibling branch build               0.000 ms    0.0%  calls=0
  branch dedup                       0.000 ms    0.0%  calls=0
  reorder skip tests                 0.000 ms    0.0%  calls=0
  reorder branch rebuild             0.000 ms    0.0%  calls=0
  leaf recording                     0.000 ms    0.0%  calls=0
  pivot selection                    0.000 ms    0.0%  calls=0
  intersect/intersectInto            0.000 ms    0.0%  calls=0
  setDiff                            0.000 ms    0.0%  calls=0
  unionSet                           0.000 ms    0.0%  calls=0
  encodeClique                       0.000 ms    0.0%  calls=0
  sibling phase local                0.000 ms    0.0%  calls=0
  other / untimed                    0.003 ms   87.3%
  PROFILED subtotal                  0.000 ms   12.7%
  TOTAL (wall)                       0.003 ms  100.0%
──────────────────────────────────────────────────────────────

Saved log: /Users/wajid/Desktop/Research/Projects/BK/adaptiveBKAlgo/scripts/profile_logs/gen_medium_006.txt.log

==> gen_medium_007.txt
Running ReorderSib (Ascending degeneracy) (Optimized Exact Search) Algorithm...
ReorderSib: cliques=0  dups=0  maxSize=0  checks=3  time=0.003 ms

── ReorderSib cost breakdown ─────────────────────────────────
  rCall local logic                  0.000 ms   12.6%  calls=1
  enumerate local logic              0.000 ms   14.1%  calls=3
  collectCoveringCliques             0.000 ms    0.0%  calls=0
  dominance pruning                  0.000 ms    0.0%  calls=0
  buildHitSets                       0.000 ms    0.0%  calls=0
  sibling planning                   0.000 ms    0.0%  calls=0
  solver                             0.000 ms    0.0%  calls=0
  minimalByInclusion                 0.000 ms    0.0%  calls=0
  commonExpand                       0.000 ms    0.0%  calls=0
  sibling branch build               0.000 ms    0.0%  calls=0
  branch dedup                       0.000 ms    0.0%  calls=0
  reorder skip tests                 0.000 ms    0.0%  calls=0
  reorder branch rebuild             0.000 ms    0.0%  calls=0
  leaf recording                     0.000 ms    0.0%  calls=0
  pivot selection                    0.000 ms    5.6%  calls=1
  intersect/intersectInto            0.000 ms    8.5%  calls=4
  setDiff                            0.000 ms    0.0%  calls=0
  unionSet                           0.000 ms    0.0%  calls=0
  encodeClique                       0.000 ms    0.0%  calls=0
  sibling phase local                0.000 ms    0.0%  calls=0
  other / untimed                    0.002 ms   59.2%
  PROFILED subtotal                  0.001 ms   40.8%
  TOTAL (wall)                       0.003 ms  100.0%
──────────────────────────────────────────────────────────────

Saved log: /Users/wajid/Desktop/Research/Projects/BK/adaptiveBKAlgo/scripts/profile_logs/gen_medium_007.txt.log

==> gen_medium_008.txt
Running ReorderSib (Ascending degeneracy) (Optimized Exact Search) Algorithm...
ReorderSib: cliques=12  dups=0  maxSize=3  checks=24  time=0.064 ms

── ReorderSib cost breakdown ─────────────────────────────────
  rCall local logic                  0.003 ms    4.4%  calls=49
  enumerate local logic              0.009 ms   14.4%  calls=24
  collectCoveringCliques             0.001 ms    2.2%  calls=48
  dominance pruning                  0.000 ms    0.5%  calls=9
  buildHitSets                       0.000 ms    0.3%  calls=9
  sibling planning                   0.003 ms    5.1%  calls=48
  solver                             0.002 ms    2.5%  calls=1
  minimalByInclusion                 0.000 ms    0.0%  calls=0
  commonExpand                       0.003 ms    4.0%  calls=101
  sibling branch build               0.009 ms   13.3%  calls=48
  branch dedup                       0.002 ms    3.8%  calls=9
  reorder skip tests                 0.001 ms    1.6%  calls=72
  reorder branch rebuild             0.006 ms    9.2%  calls=51
  leaf recording                     0.004 ms    6.4%  calls=12
  pivot selection                    0.000 ms    0.8%  calls=10
  intersect/intersectInto            0.002 ms    3.2%  calls=77
  setDiff                            0.003 ms    4.3%  calls=112
  unionSet                           0.003 ms    5.1%  calls=152
  encodeClique                       0.000 ms    0.3%  calls=16
  sibling phase local                0.010 ms   15.4%  calls=48
  other / untimed                    0.002 ms    3.2%
  PROFILED subtotal                  0.062 ms   96.8%
  TOTAL (wall)                       0.064 ms  100.0%
──────────────────────────────────────────────────────────────

Saved log: /Users/wajid/Desktop/Research/Projects/BK/adaptiveBKAlgo/scripts/profile_logs/gen_medium_008.txt.log

==> gen_medium_009.txt
Running ReorderSib (Ascending degeneracy) (Optimized Exact Search) Algorithm...
ReorderSib: cliques=8  dups=0  maxSize=3  checks=60  time=0.056 ms

── ReorderSib cost breakdown ─────────────────────────────────
  rCall local logic                  0.003 ms    4.8%  calls=28
  enumerate local logic              0.011 ms   19.3%  calls=60
  collectCoveringCliques             0.001 ms    1.6%  calls=27
  dominance pruning                  0.000 ms    0.4%  calls=4
  buildHitSets                       0.000 ms    0.4%  calls=4
  sibling planning                   0.003 ms    4.8%  calls=27
  solver                             0.001 ms    1.7%  calls=1
  minimalByInclusion                 0.000 ms    0.0%  calls=0
  commonExpand                       0.003 ms    4.5%  calls=71
  sibling branch build               0.005 ms    9.8%  calls=27
  branch dedup                       0.001 ms    2.5%  calls=4
  reorder skip tests                 0.001 ms    1.6%  calls=51
  reorder branch rebuild             0.005 ms    8.0%  calls=35
  leaf recording                     0.003 ms    4.8%  calls=8
  pivot selection                    0.001 ms    2.6%  calls=20
  intersect/intersectInto            0.004 ms    6.4%  calls=115
  setDiff                            0.002 ms    3.5%  calls=77
  unionSet                           0.003 ms    5.4%  calls=106
  encodeClique                       0.000 ms    0.4%  calls=9
  sibling phase local                0.007 ms   12.9%  calls=27
  other / untimed                    0.003 ms    4.5%
  PROFILED subtotal                  0.054 ms   95.5%
  TOTAL (wall)                       0.056 ms  100.0%
──────────────────────────────────────────────────────────────

Saved log: /Users/wajid/Desktop/Research/Projects/BK/adaptiveBKAlgo/scripts/profile_logs/gen_medium_009.txt.log

==> gen_medium_010.txt
Running ReorderSib (Ascending degeneracy) (Optimized Exact Search) Algorithm...
ReorderSib: cliques=4  dups=0  maxSize=8  checks=26  time=0.032 ms

── ReorderSib cost breakdown ─────────────────────────────────
  rCall local logic                  0.001 ms    3.5%  calls=20
  enumerate local logic              0.007 ms   20.2%  calls=26
  collectCoveringCliques             0.001 ms    3.7%  calls=19
  dominance pruning                  0.000 ms    1.2%  calls=15
  buildHitSets                       0.000 ms    1.2%  calls=15
  sibling planning                   0.001 ms    4.6%  calls=19
  solver                             0.000 ms    0.0%  calls=0
  minimalByInclusion                 0.000 ms    0.0%  calls=0
  commonExpand                       0.001 ms    1.8%  calls=20
  sibling branch build               0.003 ms    7.7%  calls=19
  branch dedup                       0.001 ms    2.6%  calls=15
  reorder skip tests                 0.001 ms    2.3%  calls=44
  reorder branch rebuild             0.003 ms    9.0%  calls=21
  leaf recording                     0.002 ms    6.8%  calls=4
  pivot selection                    0.001 ms    4.2%  calls=20
  intersect/intersectInto            0.002 ms    7.0%  calls=63
  setDiff                            0.001 ms    3.3%  calls=35
  unionSet                           0.001 ms    3.1%  calls=41
  encodeClique                       0.000 ms    0.6%  calls=4
  sibling phase local                0.004 ms   11.3%  calls=19
  other / untimed                    0.002 ms    5.9%
  PROFILED subtotal                  0.031 ms   94.1%
  TOTAL (wall)                       0.032 ms  100.0%
──────────────────────────────────────────────────────────────

Saved log: /Users/wajid/Desktop/Research/Projects/BK/adaptiveBKAlgo/scripts/profile_logs/gen_medium_010.txt.log

==> gen_medium_011.txt
Running ReorderSib (Ascending degeneracy) (Optimized Exact Search) Algorithm...
ReorderSib: cliques=122  dups=2  maxSize=5  checks=142  time=0.310 ms

── ReorderSib cost breakdown ─────────────────────────────────
  rCall local logic                  0.015 ms    4.8%  calls=170
  enumerate local logic              0.028 ms    9.0%  calls=142
  collectCoveringCliques             0.016 ms    5.1%  calls=112
  dominance pruning                  0.008 ms    2.5%  calls=77
  buildHitSets                       0.007 ms    2.1%  calls=77
  sibling planning                   0.011 ms    3.5%  calls=112
  solver                             0.047 ms   15.1%  calls=42
  minimalByInclusion                 0.000 ms    0.0%  calls=0
  commonExpand                       0.010 ms    3.3%  calls=175
  sibling branch build               0.025 ms    8.1%  calls=112
  branch dedup                       0.030 ms    9.6%  calls=77
  reorder skip tests                 0.005 ms    1.6%  calls=309
  reorder branch rebuild             0.025 ms    8.0%  calls=171
  leaf recording                     0.019 ms    6.2%  calls=122
  pivot selection                    0.001 ms    0.4%  calls=17
  intersect/intersectInto            0.018 ms    5.9%  calls=608
  setDiff                            0.013 ms    4.2%  calls=514
  unionSet                           0.008 ms    2.7%  calls=393
  encodeClique                       0.003 ms    1.1%  calls=232
  sibling phase local                0.019 ms    6.2%  calls=112
  other / untimed                    0.002 ms    0.6%
  PROFILED subtotal                  0.308 ms   99.4%
  TOTAL (wall)                       0.310 ms  100.0%
──────────────────────────────────────────────────────────────

Saved log: /Users/wajid/Desktop/Research/Projects/BK/adaptiveBKAlgo/scripts/profile_logs/gen_medium_011.txt.log

==> gen_medium_012.txt
Running ReorderSib (Ascending degeneracy) (Optimized Exact Search) Algorithm...
ReorderSib: cliques=0  dups=0  maxSize=0  checks=0  time=0.002 ms

── ReorderSib cost breakdown ─────────────────────────────────
  rCall local logic                  0.000 ms    6.0%  calls=1
  enumerate local logic              0.000 ms    0.0%  calls=0
  collectCoveringCliques             0.000 ms    0.0%  calls=0
  dominance pruning                  0.000 ms    0.0%  calls=0
  buildHitSets                       0.000 ms    0.0%  calls=0
  sibling planning                   0.000 ms    0.0%  calls=0
  solver                             0.000 ms    0.0%  calls=0
  minimalByInclusion                 0.000 ms    0.0%  calls=0
  commonExpand                       0.000 ms    0.0%  calls=0
  sibling branch build               0.000 ms    0.0%  calls=0
  branch dedup                       0.000 ms    0.0%  calls=0
  reorder skip tests                 0.000 ms    0.0%  calls=0
  reorder branch rebuild             0.000 ms    0.0%  calls=0
  leaf recording                     0.000 ms    0.0%  calls=0
  pivot selection                    0.000 ms    0.0%  calls=0
  intersect/intersectInto            0.000 ms    0.0%  calls=0
  setDiff                            0.000 ms    0.0%  calls=0
  unionSet                           0.000 ms    0.0%  calls=0
  encodeClique                       0.000 ms    0.0%  calls=0
  sibling phase local                0.000 ms    0.0%  calls=0
  other / untimed                    0.002 ms   94.0%
  PROFILED subtotal                  0.000 ms    6.0%
  TOTAL (wall)                       0.002 ms  100.0%
──────────────────────────────────────────────────────────────

Saved log: /Users/wajid/Desktop/Research/Projects/BK/adaptiveBKAlgo/scripts/profile_logs/gen_medium_012.txt.log

==> gen_medium_013.txt
Running ReorderSib (Ascending degeneracy) (Optimized Exact Search) Algorithm...
ReorderSib: cliques=1  dups=0  maxSize=3  checks=24  time=0.011 ms

── ReorderSib cost breakdown ─────────────────────────────────
  rCall local logic                  0.001 ms   10.9%  calls=4
  enumerate local logic              0.003 ms   27.9%  calls=24
  collectCoveringCliques             0.000 ms    1.1%  calls=3
  dominance pruning                  0.000 ms    0.0%  calls=0
  buildHitSets                       0.000 ms    0.0%  calls=0
  sibling planning                   0.000 ms    1.5%  calls=3
  solver                             0.000 ms    0.0%  calls=0
  minimalByInclusion                 0.000 ms    0.0%  calls=0
  commonExpand                       0.000 ms    1.1%  calls=3
  sibling branch build               0.001 ms    4.9%  calls=3
  branch dedup                       0.000 ms    0.0%  calls=0
  reorder skip tests                 0.000 ms    1.1%  calls=7
  reorder branch rebuild             0.001 ms    4.9%  calls=4
  leaf recording                     0.001 ms   10.9%  calls=1
  pivot selection                    0.001 ms    5.6%  calls=9
  intersect/intersectInto            0.001 ms    5.6%  calls=36
  setDiff                            0.000 ms    0.7%  calls=3
  unionSet                           0.000 ms    2.3%  calls=7
  encodeClique                       0.000 ms    0.0%  calls=1
  sibling phase local                0.000 ms    4.2%  calls=3
  other / untimed                    0.002 ms   17.3%
  PROFILED subtotal                  0.009 ms   82.7%
  TOTAL (wall)                       0.011 ms  100.0%
──────────────────────────────────────────────────────────────

Saved log: /Users/wajid/Desktop/Research/Projects/BK/adaptiveBKAlgo/scripts/profile_logs/gen_medium_013.txt.log

==> gen_medium_014.txt
Running ReorderSib (Ascending degeneracy) (Optimized Exact Search) Algorithm...
ReorderSib: cliques=2  dups=0  maxSize=3  checks=63  time=0.024 ms

── ReorderSib cost breakdown ─────────────────────────────────
  rCall local logic                  0.002 ms    7.4%  calls=13
  enumerate local logic              0.006 ms   25.7%  calls=63
  collectCoveringCliques             0.000 ms    1.2%  calls=12
  dominance pruning                  0.000 ms    0.3%  calls=1
  buildHitSets                       0.000 ms    0.5%  calls=1
  sibling planning                   0.001 ms    2.6%  calls=12
  solver                             0.000 ms    0.0%  calls=0
  minimalByInclusion                 0.000 ms    0.0%  calls=0
  commonExpand                       0.001 ms    4.0%  calls=25
  sibling branch build               0.002 ms    7.6%  calls=12
  branch dedup                       0.000 ms    0.3%  calls=1
  reorder skip tests                 0.000 ms    1.4%  calls=19
  reorder branch rebuild             0.001 ms    5.9%  calls=14
  leaf recording                     0.001 ms    3.3%  calls=2
  pivot selection                    0.001 ms    4.8%  calls=22
  intersect/intersectInto            0.002 ms    9.3%  calls=98
  setDiff                            0.001 ms    2.4%  calls=26
  unionSet                           0.001 ms    4.5%  calls=39
  encodeClique                       0.000 ms    0.2%  calls=2
  sibling phase local                0.002 ms   10.0%  calls=12
  other / untimed                    0.002 ms    8.6%
  PROFILED subtotal                  0.022 ms   91.4%
  TOTAL (wall)                       0.024 ms  100.0%
──────────────────────────────────────────────────────────────

Saved log: /Users/wajid/Desktop/Research/Projects/BK/adaptiveBKAlgo/scripts/profile_logs/gen_medium_014.txt.log

==> gen_medium_015.txt
Running ReorderSib (Ascending degeneracy) (Optimized Exact Search) Algorithm...
ReorderSib: cliques=8  dups=0  maxSize=3  checks=16  time=0.042 ms

── ReorderSib cost breakdown ─────────────────────────────────
  rCall local logic                  0.002 ms    5.0%  calls=29
  enumerate local logic              0.007 ms   15.8%  calls=16
  collectCoveringCliques             0.001 ms    2.8%  calls=28
  dominance pruning                  0.000 ms    0.6%  calls=6
  buildHitSets                       0.000 ms    0.9%  calls=6
  sibling planning                   0.003 ms    6.7%  calls=28
  solver                             0.000 ms    0.0%  calls=0
  minimalByInclusion                 0.000 ms    0.0%  calls=0
  commonExpand                       0.002 ms    4.4%  calls=53
  sibling branch build               0.004 ms    9.7%  calls=28
  branch dedup                       0.002 ms    3.6%  calls=6
  reorder skip tests                 0.001 ms    2.0%  calls=48
  reorder branch rebuild             0.003 ms    7.8%  calls=32
  leaf recording                     0.003 ms    6.8%  calls=8
  pivot selection                    0.000 ms    0.5%  calls=8
  intersect/intersectInto            0.001 ms    3.4%  calls=49
  setDiff                            0.001 ms    3.1%  calls=60
  unionSet                           0.002 ms    5.2%  calls=85
  encodeClique                       0.000 ms    0.2%  calls=9
  sibling phase local                0.007 ms   16.3%  calls=28
  other / untimed                    0.002 ms    5.1%
  PROFILED subtotal                  0.040 ms   94.9%
  TOTAL (wall)                       0.042 ms  100.0%
──────────────────────────────────────────────────────────────

Saved log: /Users/wajid/Desktop/Research/Projects/BK/adaptiveBKAlgo/scripts/profile_logs/gen_medium_015.txt.log

==> gen_medium_016.txt
Running ReorderSib (Ascending degeneracy) (Optimized Exact Search) Algorithm...
ReorderSib: cliques=176  dups=5  maxSize=4  checks=201  time=0.404 ms

── ReorderSib cost breakdown ─────────────────────────────────
  rCall local logic                  0.017 ms    4.2%  calls=209
  enumerate local logic              0.040 ms   10.0%  calls=201
  collectCoveringCliques             0.017 ms    4.1%  calls=107
  dominance pruning                  0.009 ms    2.2%  calls=76
  buildHitSets                       0.008 ms    2.0%  calls=76
  sibling planning                   0.012 ms    2.9%  calls=107
  solver                             0.063 ms   15.6%  calls=41
  minimalByInclusion                 0.000 ms    0.0%  calls=0
  commonExpand                       0.015 ms    3.7%  calls=256
  sibling branch build               0.035 ms    8.7%  calls=107
  branch dedup                       0.040 ms    9.8%  calls=76
  reorder skip tests                 0.007 ms    1.7%  calls=431
  reorder branch rebuild             0.030 ms    7.5%  calls=227
  leaf recording                     0.029 ms    7.1%  calls=176
  pivot selection                    0.001 ms    0.4%  calls=24
  intersect/intersectInto            0.021 ms    5.1%  calls=725
  setDiff                            0.017 ms    4.1%  calls=626
  unionSet                           0.011 ms    2.8%  calls=531
  encodeClique                       0.004 ms    1.1%  calls=336
  sibling phase local                0.026 ms    6.3%  calls=107
  other / untimed                    0.003 ms    0.8%
  PROFILED subtotal                  0.401 ms   99.2%
  TOTAL (wall)                       0.404 ms  100.0%
──────────────────────────────────────────────────────────────

Saved log: /Users/wajid/Desktop/Research/Projects/BK/adaptiveBKAlgo/scripts/profile_logs/gen_medium_016.txt.log

==> gen_medium_017.txt
Running ReorderSib (Ascending degeneracy) (Optimized Exact Search) Algorithm...
ReorderSib: cliques=226  dups=12  maxSize=5  checks=255  time=0.665 ms

── ReorderSib cost breakdown ─────────────────────────────────
  rCall local logic                  0.025 ms    3.8%  calls=341
  enumerate local logic              0.058 ms    8.7%  calls=255
  collectCoveringCliques             0.038 ms    5.7%  calls=228
  dominance pruning                  0.026 ms    3.9%  calls=165
  buildHitSets                       0.015 ms    2.2%  calls=165
  sibling planning                   0.020 ms    3.0%  calls=228
  solver                             0.109 ms   16.4%  calls=75
  minimalByInclusion                 0.000 ms    0.0%  calls=0
  commonExpand                       0.025 ms    3.8%  calls=355
  sibling branch build               0.056 ms    8.4%  calls=228
  branch dedup                       0.061 ms    9.1%  calls=165
  reorder skip tests                 0.008 ms    1.3%  calls=604
  reorder branch rebuild             0.055 ms    8.2%  calls=344
  leaf recording                     0.031 ms    4.7%  calls=226
  pivot selection                    0.002 ms    0.3%  calls=29
  intersect/intersectInto            0.041 ms    6.2%  calls=1374
  setDiff                            0.029 ms    4.4%  calls=1153
  unionSet                           0.017 ms    2.6%  calls=809
  encodeClique                       0.007 ms    1.0%  calls=440
  sibling phase local                0.040 ms    6.1%  calls=228
  other / untimed                    0.002 ms    0.3%
  PROFILED subtotal                  0.663 ms   99.7%
  TOTAL (wall)                       0.665 ms  100.0%
──────────────────────────────────────────────────────────────

Saved log: /Users/wajid/Desktop/Research/Projects/BK/adaptiveBKAlgo/scripts/profile_logs/gen_medium_017.txt.log

==> gen_medium_018.txt
Running ReorderSib (Ascending degeneracy) (Optimized Exact Search) Algorithm...
ReorderSib: cliques=14  dups=0  maxSize=3  checks=56  time=0.060 ms

── ReorderSib cost breakdown ─────────────────────────────────
  rCall local logic                  0.004 ms    6.1%  calls=26
  enumerate local logic              0.011 ms   17.7%  calls=56
  collectCoveringCliques             0.001 ms    1.7%  calls=24
  dominance pruning                  0.001 ms    0.8%  calls=10
  buildHitSets                       0.001 ms    1.0%  calls=10
  sibling planning                   0.002 ms    3.5%  calls=24
  solver                             0.003 ms    4.1%  calls=2
  minimalByInclusion                 0.000 ms    0.0%  calls=0
  commonExpand                       0.002 ms    3.4%  calls=56
  sibling branch build               0.005 ms    9.0%  calls=24
  branch dedup                       0.005 ms    8.9%  calls=10
  reorder skip tests                 0.001 ms    1.4%  calls=54
  reorder branch rebuild             0.004 ms    6.5%  calls=32
  leaf recording                     0.004 ms    6.5%  calls=14
  pivot selection                    0.001 ms    2.1%  calls=18
  intersect/intersectInto            0.003 ms    4.3%  calls=105
  setDiff                            0.002 ms    2.7%  calls=70
  unionSet                           0.002 ms    3.5%  calls=89
  encodeClique                       0.000 ms    0.5%  calls=21
  sibling phase local                0.008 ms   12.5%  calls=24
  other / untimed                    0.002 ms    3.8%
  PROFILED subtotal                  0.058 ms   96.2%
  TOTAL (wall)                       0.060 ms  100.0%
──────────────────────────────────────────────────────────────

Saved log: /Users/wajid/Desktop/Research/Projects/BK/adaptiveBKAlgo/scripts/profile_logs/gen_medium_018.txt.log

==> gen_medium_019.txt
Running ReorderSib (Ascending degeneracy) (Optimized Exact Search) Algorithm...
ReorderSib: cliques=5  dups=0  maxSize=8  checks=24  time=0.035 ms

── ReorderSib cost breakdown ─────────────────────────────────
  rCall local logic                  0.002 ms    4.4%  calls=21
  enumerate local logic              0.006 ms   16.1%  calls=24
  collectCoveringCliques             0.001 ms    3.6%  calls=20
  dominance pruning                  0.000 ms    0.8%  calls=16
  buildHitSets                       0.001 ms    1.8%  calls=16
  sibling planning                   0.002 ms    5.4%  calls=20
  solver                             0.000 ms    0.0%  calls=0
  minimalByInclusion                 0.000 ms    0.0%  calls=0
  commonExpand                       0.001 ms    2.7%  calls=23
  sibling branch build               0.002 ms    6.5%  calls=20
  branch dedup                       0.001 ms    3.9%  calls=16
  reorder skip tests                 0.001 ms    2.2%  calls=45
  reorder branch rebuild             0.002 ms    5.5%  calls=21
  leaf recording                     0.003 ms    9.3%  calls=5
  pivot selection                    0.001 ms    3.7%  calls=19
  intersect/intersectInto            0.003 ms    9.2%  calls=60
  setDiff                            0.001 ms    3.2%  calls=39
  unionSet                           0.001 ms    4.1%  calls=44
  encodeClique                       0.000 ms    0.5%  calls=6
  sibling phase local                0.004 ms   11.9%  calls=20
  other / untimed                    0.002 ms    5.2%
  PROFILED subtotal                  0.034 ms   94.8%
  TOTAL (wall)                       0.035 ms  100.0%
──────────────────────────────────────────────────────────────

Saved log: /Users/wajid/Desktop/Research/Projects/BK/adaptiveBKAlgo/scripts/profile_logs/gen_medium_019.txt.log

==> gen_medium_020.txt
Running ReorderSib (Ascending degeneracy) (Optimized Exact Search) Algorithm...
ReorderSib: cliques=16  dups=0  maxSize=3  checks=32  time=0.061 ms

── ReorderSib cost breakdown ─────────────────────────────────
  rCall local logic                  0.003 ms    5.3%  calls=38
  enumerate local logic              0.009 ms   15.0%  calls=32
  collectCoveringCliques             0.001 ms    1.8%  calls=37
  dominance pruning                  0.001 ms    2.0%  calls=9
  buildHitSets                       0.000 ms    0.7%  calls=9
  sibling planning                   0.002 ms    3.8%  calls=37
  solver                             0.003 ms    4.9%  calls=3
  minimalByInclusion                 0.000 ms    0.0%  calls=0
  commonExpand                       0.003 ms    4.5%  calls=74
  sibling branch build               0.006 ms    9.9%  calls=37
  branch dedup                       0.002 ms    2.6%  calls=9
  reorder skip tests                 0.001 ms    1.4%  calls=70
  reorder branch rebuild             0.004 ms    6.8%  calls=41
  leaf recording                     0.006 ms    9.1%  calls=16
  pivot selection                    0.000 ms    0.7%  calls=14
  intersect/intersectInto            0.003 ms    4.4%  calls=74
  setDiff                            0.002 ms    3.1%  calls=89
  unionSet                           0.003 ms    4.3%  calls=115
  encodeClique                       0.000 ms    0.7%  calls=20
  sibling phase local                0.009 ms   15.0%  calls=37
  other / untimed                    0.002 ms    3.9%
  PROFILED subtotal                  0.059 ms   96.1%
  TOTAL (wall)                       0.061 ms  100.0%
──────────────────────────────────────────────────────────────

Saved log: /Users/wajid/Desktop/Research/Projects/BK/adaptiveBKAlgo/scripts/profile_logs/gen_medium_020.txt.log

==> gen_medium_021.txt
Running ReorderSib (Ascending degeneracy) (Optimized Exact Search) Algorithm...
ReorderSib: cliques=14  dups=0  maxSize=3  checks=35  time=0.056 ms

── ReorderSib cost breakdown ─────────────────────────────────
  rCall local logic                  0.002 ms    4.3%  calls=30
  enumerate local logic              0.007 ms   13.4%  calls=35
  collectCoveringCliques             0.002 ms    2.7%  calls=29
  dominance pruning                  0.000 ms    0.6%  calls=11
  buildHitSets                       0.001 ms    1.0%  calls=11
  sibling planning                   0.002 ms    4.3%  calls=29
  solver                             0.003 ms    4.9%  calls=2
  minimalByInclusion                 0.000 ms    0.0%  calls=0
  commonExpand                       0.002 ms    3.4%  calls=62
  sibling branch build               0.005 ms    8.7%  calls=29
  branch dedup                       0.004 ms    7.2%  calls=11
  reorder skip tests                 0.001 ms    1.4%  calls=58
  reorder branch rebuild             0.005 ms    9.3%  calls=33
  leaf recording                     0.006 ms    9.9%  calls=14
  pivot selection                    0.001 ms    1.2%  calls=14
  intersect/intersectInto            0.002 ms    3.8%  calls=72
  setDiff                            0.002 ms    3.5%  calls=75
  unionSet                           0.002 ms    3.5%  calls=96
  encodeClique                       0.000 ms    0.5%  calls=18
  sibling phase local                0.007 ms   13.4%  calls=29
  other / untimed                    0.002 ms    3.1%
  PROFILED subtotal                  0.054 ms   96.9%
  TOTAL (wall)                       0.056 ms  100.0%
──────────────────────────────────────────────────────────────

Saved log: /Users/wajid/Desktop/Research/Projects/BK/adaptiveBKAlgo/scripts/profile_logs/gen_medium_021.txt.log

==> gen_medium_022.txt
Running ReorderSib (Ascending degeneracy) (Optimized Exact Search) Algorithm...
ReorderSib: cliques=26  dups=0  maxSize=4  checks=57  time=0.073 ms

── ReorderSib cost breakdown ─────────────────────────────────
  rCall local logic                  0.004 ms    6.0%  calls=31
  enumerate local logic              0.010 ms   14.3%  calls=57
  collectCoveringCliques             0.002 ms    2.8%  calls=24
  dominance pruning                  0.001 ms    1.3%  calls=14
  buildHitSets                       0.001 ms    1.3%  calls=14
  sibling planning                   0.002 ms    2.8%  calls=24
  solver                             0.007 ms    9.7%  calls=5
  minimalByInclusion                 0.000 ms    0.0%  calls=0
  commonExpand                       0.002 ms    2.3%  calls=52
  sibling branch build               0.007 ms    9.7%  calls=24
  branch dedup                       0.006 ms    8.8%  calls=14
  reorder skip tests                 0.001 ms    1.6%  calls=80
  reorder branch rebuild             0.005 ms    6.3%  calls=43
  leaf recording                     0.006 ms    8.2%  calls=26
  pivot selection                    0.001 ms    1.4%  calls=17
  intersect/intersectInto            0.004 ms    5.9%  calls=126
  setDiff                            0.003 ms    3.6%  calls=89
  unionSet                           0.002 ms    3.0%  calls=97
  encodeClique                       0.001 ms    0.7%  calls=43
  sibling phase local                0.006 ms    8.0%  calls=24
  other / untimed                    0.002 ms    2.2%
  PROFILED subtotal                  0.071 ms   97.8%
  TOTAL (wall)                       0.073 ms  100.0%
──────────────────────────────────────────────────────────────

Saved log: /Users/wajid/Desktop/Research/Projects/BK/adaptiveBKAlgo/scripts/profile_logs/gen_medium_022.txt.log

==> gen_medium_023.txt
Running ReorderSib (Ascending degeneracy) (Optimized Exact Search) Algorithm...
ReorderSib: cliques=88  dups=6  maxSize=5  checks=108  time=0.255 ms

── ReorderSib cost breakdown ─────────────────────────────────
  rCall local logic                  0.011 ms    4.2%  calls=119
  enumerate local logic              0.026 ms   10.1%  calls=108
  collectCoveringCliques             0.012 ms    4.6%  calls=72
  dominance pruning                  0.007 ms    2.6%  calls=51
  buildHitSets                       0.005 ms    2.0%  calls=51
  sibling planning                   0.008 ms    3.2%  calls=72
  solver                             0.043 ms   16.7%  calls=27
  minimalByInclusion                 0.000 ms    0.0%  calls=0
  commonExpand                       0.008 ms    3.0%  calls=130
  sibling branch build               0.023 ms    8.9%  calls=72
  branch dedup                       0.024 ms    9.2%  calls=51
  reorder skip tests                 0.004 ms    1.5%  calls=231
  reorder branch rebuild             0.019 ms    7.3%  calls=123
  leaf recording                     0.015 ms    6.0%  calls=88
  pivot selection                    0.001 ms    0.4%  calls=20
  intersect/intersectInto            0.013 ms    5.1%  calls=437
  setDiff                            0.010 ms    3.8%  calls=350
  unionSet                           0.007 ms    2.6%  calls=281
  encodeClique                       0.003 ms    1.0%  calls=166
  sibling phase local                0.017 ms    6.8%  calls=72
  other / untimed                    0.002 ms    0.9%
  PROFILED subtotal                  0.252 ms   99.1%
  TOTAL (wall)                       0.255 ms  100.0%
──────────────────────────────────────────────────────────────

Saved log: /Users/wajid/Desktop/Research/Projects/BK/adaptiveBKAlgo/scripts/profile_logs/gen_medium_023.txt.log

==> gen_medium_024.txt
Running ReorderSib (Ascending degeneracy) (Optimized Exact Search) Algorithm...
ReorderSib: cliques=0  dups=0  maxSize=0  checks=0  time=0.004 ms

── ReorderSib cost breakdown ─────────────────────────────────
  rCall local logic                  0.000 ms    8.1%  calls=1
  enumerate local logic              0.000 ms    0.0%  calls=0
  collectCoveringCliques             0.000 ms    0.0%  calls=0
  dominance pruning                  0.000 ms    0.0%  calls=0
  buildHitSets                       0.000 ms    0.0%  calls=0
  sibling planning                   0.000 ms    0.0%  calls=0
  solver                             0.000 ms    0.0%  calls=0
  minimalByInclusion                 0.000 ms    0.0%  calls=0
  commonExpand                       0.000 ms    0.0%  calls=0
  sibling branch build               0.000 ms    0.0%  calls=0
  branch dedup                       0.000 ms    0.0%  calls=0
  reorder skip tests                 0.000 ms    0.0%  calls=0
  reorder branch rebuild             0.000 ms    0.0%  calls=0
  leaf recording                     0.000 ms    0.0%  calls=0
  pivot selection                    0.000 ms    0.0%  calls=0
  intersect/intersectInto            0.000 ms    0.0%  calls=0
  setDiff                            0.000 ms    0.0%  calls=0
  unionSet                           0.000 ms    0.0%  calls=0
  encodeClique                       0.000 ms    0.0%  calls=0
  sibling phase local                0.000 ms    0.0%  calls=0
  other / untimed                    0.003 ms   91.9%
  PROFILED subtotal                  0.000 ms    8.1%
  TOTAL (wall)                       0.004 ms  100.0%
──────────────────────────────────────────────────────────────

Saved log: /Users/wajid/Desktop/Research/Projects/BK/adaptiveBKAlgo/scripts/profile_logs/gen_medium_024.txt.log

==> gen_medium_025.txt
Running ReorderSib (Ascending degeneracy) (Optimized Exact Search) Algorithm...
ReorderSib: cliques=0  dups=0  maxSize=0  checks=9  time=0.006 ms

── ReorderSib cost breakdown ─────────────────────────────────
  rCall local logic                  0.001 ms   13.9%  calls=1
  enumerate local logic              0.001 ms   19.0%  calls=9
  collectCoveringCliques             0.000 ms    0.0%  calls=0
  dominance pruning                  0.000 ms    0.0%  calls=0
  buildHitSets                       0.000 ms    0.0%  calls=0
  sibling planning                   0.000 ms    0.0%  calls=0
  solver                             0.000 ms    0.0%  calls=0
  minimalByInclusion                 0.000 ms    0.0%  calls=0
  commonExpand                       0.000 ms    0.0%  calls=0
  sibling branch build               0.000 ms    0.0%  calls=0
  branch dedup                       0.000 ms    0.0%  calls=0
  reorder skip tests                 0.000 ms    0.0%  calls=0
  reorder branch rebuild             0.000 ms    0.0%  calls=0
  leaf recording                     0.000 ms    0.0%  calls=0
  pivot selection                    0.000 ms    7.3%  calls=3
  intersect/intersectInto            0.000 ms    8.0%  calls=12
  setDiff                            0.000 ms    0.0%  calls=0
  unionSet                           0.000 ms    0.0%  calls=0
  encodeClique                       0.000 ms    0.0%  calls=0
  sibling phase local                0.000 ms    0.0%  calls=0
  other / untimed                    0.003 ms   51.8%
  PROFILED subtotal                  0.003 ms   48.2%
  TOTAL (wall)                       0.006 ms  100.0%
──────────────────────────────────────────────────────────────

Saved log: /Users/wajid/Desktop/Research/Projects/BK/adaptiveBKAlgo/scripts/profile_logs/gen_medium_025.txt.log

==> gen_medium_026.txt
Running ReorderSib (Ascending degeneracy) (Optimized Exact Search) Algorithm...
ReorderSib: cliques=11  dups=0  maxSize=3  checks=21  time=0.053 ms

── ReorderSib cost breakdown ─────────────────────────────────
  rCall local logic                  0.003 ms    4.8%  calls=38
  enumerate local logic              0.008 ms   15.2%  calls=21
  collectCoveringCliques             0.001 ms    2.5%  calls=37
  dominance pruning                  0.000 ms    0.7%  calls=10
  buildHitSets                       0.001 ms    0.9%  calls=10
  sibling planning                   0.003 ms    5.8%  calls=37
  solver                             0.000 ms    0.0%  calls=0
  minimalByInclusion                 0.000 ms    0.0%  calls=0
  commonExpand                       0.003 ms    5.1%  calls=67
  sibling branch build               0.006 ms   10.5%  calls=37
  branch dedup                       0.002 ms    4.4%  calls=10
  reorder skip tests                 0.001 ms    1.9%  calls=61
  reorder branch rebuild             0.005 ms    8.8%  calls=40
  leaf recording                     0.004 ms    6.7%  calls=11
  pivot selection                    0.000 ms    0.5%  calls=10
  intersect/intersectInto            0.002 ms    3.1%  calls=62
  setDiff                            0.002 ms    3.0%  calls=77
  unionSet                           0.003 ms    6.5%  calls=107
  encodeClique                       0.000 ms    0.3%  calls=13
  sibling phase local                0.008 ms   15.1%  calls=37
  other / untimed                    0.002 ms    4.0%
  PROFILED subtotal                  0.051 ms   96.0%
  TOTAL (wall)                       0.053 ms  100.0%
──────────────────────────────────────────────────────────────

Saved log: /Users/wajid/Desktop/Research/Projects/BK/adaptiveBKAlgo/scripts/profile_logs/gen_medium_026.txt.log

==> gen_medium_027.txt
Running ReorderSib (Ascending degeneracy) (Optimized Exact Search) Algorithm...
ReorderSib: cliques=7  dups=0  maxSize=3  checks=57  time=0.045 ms

── ReorderSib cost breakdown ─────────────────────────────────
  rCall local logic                  0.003 ms    5.7%  calls=22
  enumerate local logic              0.008 ms   18.5%  calls=57
  collectCoveringCliques             0.001 ms    2.1%  calls=21
  dominance pruning                  0.000 ms    0.6%  calls=5
  buildHitSets                       0.000 ms    0.8%  calls=5
  sibling planning                   0.002 ms    5.0%  calls=21
  solver                             0.001 ms    2.0%  calls=1
  minimalByInclusion                 0.000 ms    0.0%  calls=0
  commonExpand                       0.002 ms    3.7%  calls=45
  sibling branch build               0.004 ms    8.8%  calls=21
  branch dedup                       0.002 ms    3.9%  calls=5
  reorder skip tests                 0.001 ms    1.2%  calls=35
  reorder branch rebuild             0.004 ms    8.1%  calls=22
  leaf recording                     0.002 ms    5.4%  calls=7
  pivot selection                    0.001 ms    2.3%  calls=19
  intersect/intersectInto            0.003 ms    6.1%  calls=97
  setDiff                            0.002 ms    5.1%  calls=51
  unionSet                           0.002 ms    3.7%  calls=67
  encodeClique                       0.000 ms    0.5%  calls=9
  sibling phase local                0.005 ms   11.9%  calls=21
  other / untimed                    0.002 ms    4.6%
  PROFILED subtotal                  0.043 ms   95.4%
  TOTAL (wall)                       0.045 ms  100.0%
──────────────────────────────────────────────────────────────

Saved log: /Users/wajid/Desktop/Research/Projects/BK/adaptiveBKAlgo/scripts/profile_logs/gen_medium_027.txt.log

==> gen_medium_028.txt
Running ReorderSib (Ascending degeneracy) (Optimized Exact Search) Algorithm...
ReorderSib: cliques=6  dups=0  maxSize=8  checks=41  time=0.044 ms

── ReorderSib cost breakdown ─────────────────────────────────
  rCall local logic                  0.003 ms    5.8%  calls=21
  enumerate local logic              0.008 ms   19.0%  calls=41
  collectCoveringCliques             0.002 ms    4.1%  calls=20
  dominance pruning                  0.001 ms    1.7%  calls=15
  buildHitSets                       0.001 ms    1.9%  calls=15
  sibling planning                   0.002 ms    4.2%  calls=20
  solver                             0.001 ms    2.1%  calls=1
  minimalByInclusion                 0.000 ms    0.0%  calls=0
  commonExpand                       0.001 ms    2.4%  calls=25
  sibling branch build               0.004 ms    8.7%  calls=20
  branch dedup                       0.001 ms    2.8%  calls=15
  reorder skip tests                 0.001 ms    2.3%  calls=47
  reorder branch rebuild             0.002 ms    5.2%  calls=21
  leaf recording                     0.004 ms    9.0%  calls=6
  pivot selection                    0.002 ms    3.6%  calls=25
  intersect/intersectInto            0.003 ms    7.4%  calls=82
  setDiff                            0.001 ms    2.6%  calls=42
  unionSet                           0.001 ms    2.9%  calls=46
  encodeClique                       0.000 ms    0.5%  calls=7
  sibling phase local                0.004 ms    8.7%  calls=20
  other / untimed                    0.002 ms    5.0%
  PROFILED subtotal                  0.042 ms   95.0%
  TOTAL (wall)                       0.044 ms  100.0%
──────────────────────────────────────────────────────────────

Saved log: /Users/wajid/Desktop/Research/Projects/BK/adaptiveBKAlgo/scripts/profile_logs/gen_medium_028.txt.log

==> gen_medium_029.txt
Running ReorderSib (Ascending degeneracy) (Optimized Exact Search) Algorithm...
ReorderSib: cliques=143  dups=6  maxSize=5  checks=158  time=0.385 ms

── ReorderSib cost breakdown ─────────────────────────────────
  rCall local logic                  0.017 ms    4.3%  calls=188
  enumerate local logic              0.035 ms    9.0%  calls=158
  collectCoveringCliques             0.019 ms    4.8%  calls=112
  dominance pruning                  0.012 ms    3.2%  calls=82
  buildHitSets                       0.008 ms    2.1%  calls=82
  sibling planning                   0.012 ms    3.1%  calls=112
  solver                             0.063 ms   16.5%  calls=46
  minimalByInclusion                 0.000 ms    0.0%  calls=0
  commonExpand                       0.013 ms    3.4%  calls=195
  sibling branch build               0.031 ms    8.2%  calls=112
  branch dedup                       0.036 ms    9.3%  calls=82
  reorder skip tests                 0.006 ms    1.5%  calls=347
  reorder branch rebuild             0.030 ms    7.7%  calls=191
  leaf recording                     0.021 ms    5.3%  calls=143
  pivot selection                    0.001 ms    0.4%  calls=15
  intersect/intersectInto            0.021 ms    5.5%  calls=653
  setDiff                            0.017 ms    4.4%  calls=586
  unionSet                           0.010 ms    2.6%  calls=433
  encodeClique                       0.004 ms    1.0%  calls=278
  sibling phase local                0.027 ms    7.1%  calls=112
  other / untimed                    0.002 ms    0.5%
  PROFILED subtotal                  0.383 ms   99.5%
  TOTAL (wall)                       0.385 ms  100.0%
──────────────────────────────────────────────────────────────

Saved log: /Users/wajid/Desktop/Research/Projects/BK/adaptiveBKAlgo/scripts/profile_logs/gen_medium_029.txt.log

==> gen_small_000.txt
Running ReorderSib (Ascending degeneracy) (Optimized Exact Search) Algorithm...
ReorderSib: cliques=5  dups=0  maxSize=5  checks=14  time=0.022 ms

── ReorderSib cost breakdown ─────────────────────────────────
  rCall local logic                  0.001 ms    5.6%  calls=10
  enumerate local logic              0.003 ms   14.4%  calls=14
  collectCoveringCliques             0.001 ms    3.3%  calls=9
  dominance pruning                  0.000 ms    1.5%  calls=7
  buildHitSets                       0.000 ms    1.7%  calls=7
  sibling planning                   0.001 ms    4.8%  calls=9
  solver                             0.001 ms    4.2%  calls=1
  minimalByInclusion                 0.000 ms    0.0%  calls=0
  commonExpand                       0.000 ms    1.9%  calls=11
  sibling branch build               0.001 ms    5.6%  calls=9
  branch dedup                       0.001 ms    4.8%  calls=7
  reorder skip tests                 0.000 ms    1.7%  calls=24
  reorder branch rebuild             0.002 ms    6.9%  calls=10
  leaf recording                     0.002 ms   10.0%  calls=5
  pivot selection                    0.001 ms    2.7%  calls=9
  intersect/intersectInto            0.001 ms    4.6%  calls=30
  setDiff                            0.001 ms    2.9%  calls=19
  unionSet                           0.001 ms    5.4%  calls=21
  encodeClique                       0.000 ms    0.4%  calls=7
  sibling phase local                0.003 ms   12.3%  calls=9
  other / untimed                    0.001 ms    5.2%
  PROFILED subtotal                  0.021 ms   94.8%
  TOTAL (wall)                       0.022 ms  100.0%
──────────────────────────────────────────────────────────────

Saved log: /Users/wajid/Desktop/Research/Projects/BK/adaptiveBKAlgo/scripts/profile_logs/gen_small_000.txt.log

==> gen_small_001.txt
Running ReorderSib (Ascending degeneracy) (Optimized Exact Search) Algorithm...
ReorderSib: cliques=1  dups=0  maxSize=3  checks=3  time=0.008 ms

── ReorderSib cost breakdown ─────────────────────────────────
  rCall local logic                  0.000 ms    5.6%  calls=3
  enumerate local logic              0.002 ms   18.7%  calls=3
  collectCoveringCliques             0.000 ms    0.0%  calls=2
  dominance pruning                  0.000 ms    0.0%  calls=0
  buildHitSets                       0.000 ms    0.0%  calls=0
  sibling planning                   0.000 ms    3.0%  calls=2
  solver                             0.000 ms    0.0%  calls=0
  minimalByInclusion                 0.000 ms    0.0%  calls=0
  commonExpand                       0.000 ms    3.0%  calls=4
  sibling branch build               0.001 ms    7.1%  calls=2
  branch dedup                       0.000 ms    0.0%  calls=0
  reorder skip tests                 0.000 ms    1.0%  calls=6
  reorder branch rebuild             0.000 ms    5.6%  calls=3
  leaf recording                     0.001 ms    6.6%  calls=1
  pivot selection                    0.000 ms    2.0%  calls=2
  intersect/intersectInto            0.000 ms    5.0%  calls=7
  setDiff                            0.000 ms    1.0%  calls=4
  unionSet                           0.000 ms    4.5%  calls=7
  encodeClique                       0.000 ms    0.5%  calls=1
  sibling phase local                0.001 ms   13.2%  calls=2
  other / untimed                    0.002 ms   23.2%
  PROFILED subtotal                  0.006 ms   76.8%
  TOTAL (wall)                       0.008 ms  100.0%
──────────────────────────────────────────────────────────────

Saved log: /Users/wajid/Desktop/Research/Projects/BK/adaptiveBKAlgo/scripts/profile_logs/gen_small_001.txt.log

==> gen_small_002.txt
Running ReorderSib (Ascending degeneracy) (Optimized Exact Search) Algorithm...
ReorderSib: cliques=4  dups=0  maxSize=3  checks=9  time=0.025 ms

── ReorderSib cost breakdown ─────────────────────────────────
  rCall local logic                  0.001 ms    4.1%  calls=13
  enumerate local logic              0.004 ms   16.5%  calls=9
  collectCoveringCliques             0.000 ms    1.7%  calls=12
  dominance pruning                  0.000 ms    0.3%  calls=2
  buildHitSets                       0.000 ms    0.3%  calls=2
  sibling planning                   0.002 ms    7.8%  calls=12
  solver                             0.000 ms    0.0%  calls=0
  minimalByInclusion                 0.000 ms    0.0%  calls=0
  commonExpand                       0.001 ms    2.5%  calls=24
  sibling branch build               0.003 ms   11.1%  calls=12
  branch dedup                       0.001 ms    4.1%  calls=2
  reorder skip tests                 0.001 ms    2.3%  calls=23
  reorder branch rebuild             0.002 ms    7.8%  calls=14
  leaf recording                     0.002 ms    7.6%  calls=4
  pivot selection                    0.000 ms    1.0%  calls=5
  intersect/intersectInto            0.001 ms    3.0%  calls=24
  setDiff                            0.001 ms    3.3%  calls=26
  unionSet                           0.001 ms    4.9%  calls=38
  encodeClique                       0.000 ms    0.3%  calls=4
  sibling phase local                0.004 ms   15.2%  calls=12
  other / untimed                    0.002 ms    6.3%
  PROFILED subtotal                  0.024 ms   93.7%
  TOTAL (wall)                       0.025 ms  100.0%
──────────────────────────────────────────────────────────────

Saved log: /Users/wajid/Desktop/Research/Projects/BK/adaptiveBKAlgo/scripts/profile_logs/gen_small_002.txt.log

==> gen_small_003.txt
Running ReorderSib (Ascending degeneracy) (Optimized Exact Search) Algorithm...
ReorderSib: cliques=54  dups=0  maxSize=5  checks=79  time=0.159 ms

── ReorderSib cost breakdown ─────────────────────────────────
  rCall local logic                  0.008 ms    4.8%  calls=73
  enumerate local logic              0.017 ms   10.7%  calls=79
  collectCoveringCliques             0.008 ms    5.3%  calls=61
  dominance pruning                  0.004 ms    2.5%  calls=35
  buildHitSets                       0.003 ms    1.8%  calls=35
  sibling planning                   0.007 ms    4.1%  calls=61
  solver                             0.021 ms   13.4%  calls=19
  minimalByInclusion                 0.000 ms    0.0%  calls=0
  commonExpand                       0.006 ms    3.5%  calls=102
  sibling branch build               0.013 ms    7.9%  calls=61
  branch dedup                       0.013 ms    8.1%  calls=35
  reorder skip tests                 0.002 ms    1.6%  calls=153
  reorder branch rebuild             0.011 ms    7.0%  calls=73
  leaf recording                     0.011 ms    6.7%  calls=54
  pivot selection                    0.001 ms    0.8%  calls=24
  intersect/intersectInto            0.009 ms    5.4%  calls=238
  setDiff                            0.006 ms    3.9%  calls=234
  unionSet                           0.006 ms    3.5%  calls=184
  encodeClique                       0.001 ms    0.6%  calls=93
  sibling phase local                0.012 ms    7.4%  calls=61
  other / untimed                    0.002 ms    1.0%
  PROFILED subtotal                  0.157 ms   99.0%
  TOTAL (wall)                       0.159 ms  100.0%
──────────────────────────────────────────────────────────────

Saved log: /Users/wajid/Desktop/Research/Projects/BK/adaptiveBKAlgo/scripts/profile_logs/gen_small_003.txt.log

==> gen_small_004.txt
Running ReorderSib (Ascending degeneracy) (Optimized Exact Search) Algorithm...
ReorderSib: cliques=125  dups=10  maxSize=7  checks=165  time=0.561 ms

── ReorderSib cost breakdown ─────────────────────────────────
  rCall local logic                  0.018 ms    3.1%  calls=262
  enumerate local logic              0.041 ms    7.3%  calls=165
  collectCoveringCliques             0.041 ms    7.3%  calls=218
  dominance pruning                  0.028 ms    4.9%  calls=174
  buildHitSets                       0.016 ms    2.9%  calls=174
  sibling planning                   0.020 ms    3.6%  calls=218
  solver                             0.093 ms   16.7%  calls=88
  minimalByInclusion                 0.000 ms    0.0%  calls=0
  commonExpand                       0.016 ms    2.9%  calls=231
  sibling branch build               0.043 ms    7.6%  calls=218
  branch dedup                       0.045 ms    8.1%  calls=174
  reorder skip tests                 0.007 ms    1.3%  calls=413
  reorder branch rebuild             0.044 ms    7.8%  calls=261
  leaf recording                     0.021 ms    3.8%  calls=125
  pivot selection                    0.002 ms    0.3%  calls=40
  intersect/intersectInto            0.040 ms    7.2%  calls=1215
  setDiff                            0.026 ms    4.6%  calls=968
  unionSet                           0.014 ms    2.5%  calls=579
  encodeClique                       0.004 ms    0.6%  calls=230
  sibling phase local                0.040 ms    7.1%  calls=218
  other / untimed                    0.002 ms    0.3%
  PROFILED subtotal                  0.560 ms   99.7%
  TOTAL (wall)                       0.561 ms  100.0%
──────────────────────────────────────────────────────────────

Saved log: /Users/wajid/Desktop/Research/Projects/BK/adaptiveBKAlgo/scripts/profile_logs/gen_small_004.txt.log

==> gen_small_005.txt
Running ReorderSib (Ascending degeneracy) (Optimized Exact Search) Algorithm...
ReorderSib: cliques=175  dups=0  maxSize=10  checks=495  time=2.420 ms

── ReorderSib cost breakdown ─────────────────────────────────
  rCall local logic                  0.036 ms    1.5%  calls=654
  enumerate local logic              0.124 ms    5.1%  calls=495
  collectCoveringCliques             0.216 ms    8.9%  calls=646
  dominance pruning                  0.174 ms    7.2%  calls=600
  buildHitSets                       0.073 ms    3.0%  calls=600
  sibling planning                   0.076 ms    3.2%  calls=646
  solver                             0.752 ms   31.1%  calls=457
  minimalByInclusion                 0.000 ms    0.0%  calls=0
  commonExpand                       0.032 ms    1.3%  calls=426
  sibling branch build               0.133 ms    5.5%  calls=646
  branch dedup                       0.130 ms    5.4%  calls=600
  reorder skip tests                 0.022 ms    0.9%  calls=1034
  reorder branch rebuild             0.137 ms    5.6%  calls=653
  leaf recording                     0.039 ms    1.6%  calls=175
  pivot selection                    0.013 ms    0.5%  calls=320
  intersect/intersectInto            0.185 ms    7.7%  calls=4377
  setDiff                            0.139 ms    5.7%  calls=3518
  unionSet                           0.036 ms    1.5%  calls=1177
  encodeClique                       0.004 ms    0.2%  calls=223
  sibling phase local                0.098 ms    4.1%  calls=646
  other / untimed                    0.002 ms    0.1%
  PROFILED subtotal                  2.419 ms   99.9%
  TOTAL (wall)                       2.420 ms  100.0%
──────────────────────────────────────────────────────────────

Saved log: /Users/wajid/Desktop/Research/Projects/BK/adaptiveBKAlgo/scripts/profile_logs/gen_small_005.txt.log

==> gen_small_006.txt
Running ReorderSib (Ascending degeneracy) (Optimized Exact Search) Algorithm...
ReorderSib: cliques=0  dups=0  maxSize=0  checks=0  time=0.002 ms

── ReorderSib cost breakdown ─────────────────────────────────
  rCall local logic                  0.000 ms   14.6%  calls=1
  enumerate local logic              0.000 ms    0.0%  calls=0
  collectCoveringCliques             0.000 ms    0.0%  calls=0
  dominance pruning                  0.000 ms    0.0%  calls=0
  buildHitSets                       0.000 ms    0.0%  calls=0
  sibling planning                   0.000 ms    0.0%  calls=0
  solver                             0.000 ms    0.0%  calls=0
  minimalByInclusion                 0.000 ms    0.0%  calls=0
  commonExpand                       0.000 ms    0.0%  calls=0
  sibling branch build               0.000 ms    0.0%  calls=0
  branch dedup                       0.000 ms    0.0%  calls=0
  reorder skip tests                 0.000 ms    0.0%  calls=0
  reorder branch rebuild             0.000 ms    0.0%  calls=0
  leaf recording                     0.000 ms    0.0%  calls=0
  pivot selection                    0.000 ms    0.0%  calls=0
  intersect/intersectInto            0.000 ms    0.0%  calls=0
  setDiff                            0.000 ms    0.0%  calls=0
  unionSet                           0.000 ms    0.0%  calls=0
  encodeClique                       0.000 ms    0.0%  calls=0
  sibling phase local                0.000 ms    0.0%  calls=0
  other / untimed                    0.002 ms   85.4%
  PROFILED subtotal                  0.000 ms   14.6%
  TOTAL (wall)                       0.002 ms  100.0%
──────────────────────────────────────────────────────────────

Saved log: /Users/wajid/Desktop/Research/Projects/BK/adaptiveBKAlgo/scripts/profile_logs/gen_small_006.txt.log

==> gen_small_007.txt
Running ReorderSib (Ascending degeneracy) (Optimized Exact Search) Algorithm...
ReorderSib: cliques=0  dups=0  maxSize=0  checks=3  time=0.003 ms

── ReorderSib cost breakdown ─────────────────────────────────
  rCall local logic                  0.000 ms   13.2%  calls=1
  enumerate local logic              0.001 ms   28.0%  calls=3
  collectCoveringCliques             0.000 ms    0.0%  calls=0
  dominance pruning                  0.000 ms    0.0%  calls=0
  buildHitSets                       0.000 ms    0.0%  calls=0
  sibling planning                   0.000 ms    0.0%  calls=0
  solver                             0.000 ms    0.0%  calls=0
  minimalByInclusion                 0.000 ms    0.0%  calls=0
  commonExpand                       0.000 ms    0.0%  calls=0
  sibling branch build               0.000 ms    0.0%  calls=0
  branch dedup                       0.000 ms    0.0%  calls=0
  reorder skip tests                 0.000 ms    0.0%  calls=0
  reorder branch rebuild             0.000 ms    0.0%  calls=0
  leaf recording                     0.000 ms    0.0%  calls=0
  pivot selection                    0.000 ms    5.9%  calls=1
  intersect/intersectInto            0.000 ms    4.4%  calls=4
  setDiff                            0.000 ms    0.0%  calls=0
  unionSet                           0.000 ms    0.0%  calls=0
  encodeClique                       0.000 ms    0.0%  calls=0
  sibling phase local                0.000 ms    0.0%  calls=0
  other / untimed                    0.001 ms   48.5%
  PROFILED subtotal                  0.001 ms   51.5%
  TOTAL (wall)                       0.003 ms  100.0%
──────────────────────────────────────────────────────────────

Saved log: /Users/wajid/Desktop/Research/Projects/BK/adaptiveBKAlgo/scripts/profile_logs/gen_small_007.txt.log

==> gen_small_008.txt
Running ReorderSib (Ascending degeneracy) (Optimized Exact Search) Algorithm...
ReorderSib: cliques=6  dups=0  maxSize=3  checks=17  time=0.023 ms

── ReorderSib cost breakdown ─────────────────────────────────
  rCall local logic                  0.001 ms    5.5%  calls=11
  enumerate local logic              0.004 ms   18.8%  calls=17
  collectCoveringCliques             0.001 ms    2.7%  calls=10
  dominance pruning                  0.000 ms    1.1%  calls=3
  buildHitSets                       0.000 ms    0.5%  calls=3
  sibling planning                   0.002 ms    7.1%  calls=10
  solver                             0.001 ms    4.3%  calls=1
  minimalByInclusion                 0.000 ms    0.0%  calls=0
  commonExpand                       0.000 ms    1.6%  calls=15
  sibling branch build               0.002 ms    8.2%  calls=10
  branch dedup                       0.001 ms    3.8%  calls=3
  reorder skip tests                 0.000 ms    1.4%  calls=21
  reorder branch rebuild             0.001 ms    5.5%  calls=10
  leaf recording                     0.002 ms   10.4%  calls=6
  pivot selection                    0.000 ms    1.8%  calls=7
  intersect/intersectInto            0.001 ms    3.9%  calls=30
  setDiff                            0.001 ms    2.5%  calls=19
  unionSet                           0.001 ms    2.9%  calls=25
  encodeClique                       0.000 ms    0.5%  calls=8
  sibling phase local                0.003 ms   11.6%  calls=10
  other / untimed                    0.001 ms    5.9%
  PROFILED subtotal                  0.022 ms   94.1%
  TOTAL (wall)                       0.023 ms  100.0%
──────────────────────────────────────────────────────────────

Saved log: /Users/wajid/Desktop/Research/Projects/BK/adaptiveBKAlgo/scripts/profile_logs/gen_small_008.txt.log

==> gen_small_009.txt
Running ReorderSib (Ascending degeneracy) (Optimized Exact Search) Algorithm...
ReorderSib: cliques=7  dups=0  maxSize=3  checks=25  time=0.025 ms

── ReorderSib cost breakdown ─────────────────────────────────
  rCall local logic                  0.002 ms    7.3%  calls=9
  enumerate local logic              0.004 ms   17.3%  calls=25
  collectCoveringCliques             0.001 ms    2.5%  calls=7
  dominance pruning                  0.000 ms    0.8%  calls=4
  buildHitSets                       0.000 ms    1.0%  calls=4
  sibling planning                   0.001 ms    3.7%  calls=7
  solver                             0.000 ms    0.0%  calls=0
  minimalByInclusion                 0.000 ms    0.0%  calls=0
  commonExpand                       0.000 ms    1.7%  calls=12
  sibling branch build               0.002 ms    8.5%  calls=7
  branch dedup                       0.001 ms    5.8%  calls=4
  reorder skip tests                 0.000 ms    1.2%  calls=19
  reorder branch rebuild             0.002 ms    6.3%  calls=8
  leaf recording                     0.003 ms   10.2%  calls=7
  pivot selection                    0.001 ms    2.2%  calls=8
  intersect/intersectInto            0.001 ms    5.1%  calls=43
  setDiff                            0.001 ms    2.2%  calls=18
  unionSet                           0.001 ms    4.7%  calls=21
  encodeClique                       0.000 ms    1.0%  calls=11
  sibling phase local                0.003 ms   13.2%  calls=7
  other / untimed                    0.001 ms    5.4%
  PROFILED subtotal                  0.023 ms   94.6%
  TOTAL (wall)                       0.025 ms  100.0%
──────────────────────────────────────────────────────────────

Saved log: /Users/wajid/Desktop/Research/Projects/BK/adaptiveBKAlgo/scripts/profile_logs/gen_small_009.txt.log

==> gen_small_010.txt
Running ReorderSib (Ascending degeneracy) (Optimized Exact Search) Algorithm...
ReorderSib: cliques=3  dups=0  maxSize=6  checks=13  time=0.019 ms

── ReorderSib cost breakdown ─────────────────────────────────
  rCall local logic                  0.001 ms    4.0%  calls=11
  enumerate local logic              0.003 ms   17.6%  calls=13
  collectCoveringCliques             0.001 ms    3.6%  calls=10
  dominance pruning                  0.000 ms    0.9%  calls=7
  buildHitSets                       0.000 ms    1.3%  calls=7
  sibling planning                   0.001 ms    5.8%  calls=10
  solver                             0.000 ms    0.0%  calls=0
  minimalByInclusion                 0.000 ms    0.0%  calls=0
  commonExpand                       0.000 ms    2.5%  calls=10
  sibling branch build               0.001 ms    4.7%  calls=10
  branch dedup                       0.000 ms    0.9%  calls=7
  reorder skip tests                 0.000 ms    2.2%  calls=24
  reorder branch rebuild             0.001 ms    7.6%  calls=11
  leaf recording                     0.002 ms   12.3%  calls=3
  pivot selection                    0.001 ms    3.3%  calls=10
  intersect/intersectInto            0.001 ms    6.2%  calls=31
  setDiff                            0.001 ms    2.7%  calls=17
  unionSet                           0.001 ms    4.0%  calls=21
  encodeClique                       0.000 ms    0.7%  calls=3
  sibling phase local                0.002 ms   12.5%  calls=10
  other / untimed                    0.001 ms    7.3%
  PROFILED subtotal                  0.017 ms   92.7%
  TOTAL (wall)                       0.019 ms  100.0%
──────────────────────────────────────────────────────────────

Saved log: /Users/wajid/Desktop/Research/Projects/BK/adaptiveBKAlgo/scripts/profile_logs/gen_small_010.txt.log

==> gen_small_011.txt
Running ReorderSib (Ascending degeneracy) (Optimized Exact Search) Algorithm...
ReorderSib: cliques=81  dups=0  maxSize=6  checks=151  time=0.367 ms

── ReorderSib cost breakdown ─────────────────────────────────
  rCall local logic                  0.011 ms    3.0%  calls=117
  enumerate local logic              0.032 ms    8.7%  calls=151
  collectCoveringCliques             0.027 ms    7.4%  calls=103
  dominance pruning                  0.023 ms    6.4%  calls=77
  buildHitSets                       0.010 ms    2.7%  calls=77
  sibling planning                   0.014 ms    3.9%  calls=103
  solver                             0.078 ms   21.3%  calls=49
  minimalByInclusion                 0.000 ms    0.0%  calls=0
  commonExpand                       0.008 ms    2.2%  calls=159
  sibling branch build               0.025 ms    6.9%  calls=103
  branch dedup                       0.020 ms    5.6%  calls=77
  reorder skip tests                 0.005 ms    1.3%  calls=245
  reorder branch rebuild             0.021 ms    5.7%  calls=116
  leaf recording                     0.019 ms    5.3%  calls=81
  pivot selection                    0.004 ms    1.2%  calls=70
  intersect/intersectInto            0.017 ms    4.7%  calls=544
  setDiff                            0.021 ms    5.6%  calls=631
  unionSet                           0.008 ms    2.2%  calls=278
  encodeClique                       0.002 ms    0.5%  calls=123
  sibling phase local                0.018 ms    5.0%  calls=103
  other / untimed                    0.001 ms    0.4%
  PROFILED subtotal                  0.366 ms   99.6%
  TOTAL (wall)                       0.367 ms  100.0%
──────────────────────────────────────────────────────────────

Saved log: /Users/wajid/Desktop/Research/Projects/BK/adaptiveBKAlgo/scripts/profile_logs/gen_small_011.txt.log

==> gen_small_012.txt
Running ReorderSib (Ascending degeneracy) (Optimized Exact Search) Algorithm...
ReorderSib: cliques=0  dups=0  maxSize=0  checks=0  time=0.002 ms

── ReorderSib cost breakdown ─────────────────────────────────
  rCall local logic                  0.000 ms   12.5%  calls=1
  enumerate local logic              0.000 ms    0.0%  calls=0
  collectCoveringCliques             0.000 ms    0.0%  calls=0
  dominance pruning                  0.000 ms    0.0%  calls=0
  buildHitSets                       0.000 ms    0.0%  calls=0
  sibling planning                   0.000 ms    0.0%  calls=0
  solver                             0.000 ms    0.0%  calls=0
  minimalByInclusion                 0.000 ms    0.0%  calls=0
  commonExpand                       0.000 ms    0.0%  calls=0
  sibling branch build               0.000 ms    0.0%  calls=0
  branch dedup                       0.000 ms    0.0%  calls=0
  reorder skip tests                 0.000 ms    0.0%  calls=0
  reorder branch rebuild             0.000 ms    0.0%  calls=0
  leaf recording                     0.000 ms    0.0%  calls=0
  pivot selection                    0.000 ms    0.0%  calls=0
  intersect/intersectInto            0.000 ms    0.0%  calls=0
  setDiff                            0.000 ms    0.0%  calls=0
  unionSet                           0.000 ms    0.0%  calls=0
  encodeClique                       0.000 ms    0.0%  calls=0
  sibling phase local                0.000 ms    0.0%  calls=0
  other / untimed                    0.001 ms   87.5%
  PROFILED subtotal                  0.000 ms   12.5%
  TOTAL (wall)                       0.002 ms  100.0%
──────────────────────────────────────────────────────────────

Saved log: /Users/wajid/Desktop/Research/Projects/BK/adaptiveBKAlgo/scripts/profile_logs/gen_small_012.txt.log

==> gen_small_013.txt
Running ReorderSib (Ascending degeneracy) (Optimized Exact Search) Algorithm...
ReorderSib: cliques=0  dups=0  maxSize=0  checks=12  time=0.004 ms

── ReorderSib cost breakdown ─────────────────────────────────
  rCall local logic                  0.001 ms   14.4%  calls=1
  enumerate local logic              0.001 ms   28.8%  calls=12
  collectCoveringCliques             0.000 ms    0.0%  calls=0
  dominance pruning                  0.000 ms    0.0%  calls=0
  buildHitSets                       0.000 ms    0.0%  calls=0
  sibling planning                   0.000 ms    0.0%  calls=0
  solver                             0.000 ms    0.0%  calls=0
  minimalByInclusion                 0.000 ms    0.0%  calls=0
  commonExpand                       0.000 ms    0.0%  calls=0
  sibling branch build               0.000 ms    0.0%  calls=0
  branch dedup                       0.000 ms    0.0%  calls=0
  reorder skip tests                 0.000 ms    0.0%  calls=0
  reorder branch rebuild             0.000 ms    0.0%  calls=0
  leaf recording                     0.000 ms    0.0%  calls=0
  pivot selection                    0.000 ms    7.7%  calls=4
  intersect/intersectInto            0.000 ms    8.7%  calls=16
  setDiff                            0.000 ms    0.0%  calls=0
  unionSet                           0.000 ms    0.0%  calls=0
  encodeClique                       0.000 ms    0.0%  calls=0
  sibling phase local                0.000 ms    0.0%  calls=0
  other / untimed                    0.002 ms   40.4%
  PROFILED subtotal                  0.003 ms   59.6%
  TOTAL (wall)                       0.004 ms  100.0%
──────────────────────────────────────────────────────────────

Saved log: /Users/wajid/Desktop/Research/Projects/BK/adaptiveBKAlgo/scripts/profile_logs/gen_small_013.txt.log

==> gen_small_014.txt
Running ReorderSib (Ascending degeneracy) (Optimized Exact Search) Algorithm...
ReorderSib: cliques=3  dups=0  maxSize=3  checks=19  time=0.021 ms

── ReorderSib cost breakdown ─────────────────────────────────
  rCall local logic                  0.001 ms    5.0%  calls=11
  enumerate local logic              0.004 ms   19.3%  calls=19
  collectCoveringCliques             0.000 ms    1.6%  calls=10
  dominance pruning                  0.000 ms    0.8%  calls=1
  buildHitSets                       0.000 ms    0.6%  calls=1
  sibling planning                   0.002 ms    7.8%  calls=10
  solver                             0.000 ms    0.0%  calls=0
  minimalByInclusion                 0.000 ms    0.0%  calls=0
  commonExpand                       0.001 ms    2.4%  calls=18
  sibling branch build               0.002 ms    9.7%  calls=10
  branch dedup                       0.000 ms    0.6%  calls=1
  reorder skip tests                 0.000 ms    0.8%  calls=17
  reorder branch rebuild             0.002 ms    7.4%  calls=10
  leaf recording                     0.001 ms    7.0%  calls=3
  pivot selection                    0.000 ms    2.0%  calls=8
  intersect/intersectInto            0.001 ms    5.6%  calls=34
  setDiff                            0.001 ms    2.8%  calls=20
  unionSet                           0.001 ms    3.4%  calls=28
  encodeClique                       0.000 ms    0.4%  calls=3
  sibling phase local                0.003 ms   15.9%  calls=10
  other / untimed                    0.002 ms    7.2%
  PROFILED subtotal                  0.019 ms   92.8%
  TOTAL (wall)                       0.021 ms  100.0%
──────────────────────────────────────────────────────────────

Saved log: /Users/wajid/Desktop/Research/Projects/BK/adaptiveBKAlgo/scripts/profile_logs/gen_small_014.txt.log

==> gen_small_015.txt
Running ReorderSib (Ascending degeneracy) (Optimized Exact Search) Algorithm...
ReorderSib: cliques=48  dups=1  maxSize=4  checks=62  time=0.141 ms

── ReorderSib cost breakdown ─────────────────────────────────
  rCall local logic                  0.008 ms    5.4%  calls=60
  enumerate local logic              0.014 ms    9.6%  calls=62
  collectCoveringCliques             0.005 ms    3.9%  calls=44
  dominance pruning                  0.003 ms    2.3%  calls=25
  buildHitSets                       0.002 ms    1.4%  calls=25
  sibling planning                   0.004 ms    3.1%  calls=44
  solver                             0.020 ms   14.1%  calls=17
  minimalByInclusion                 0.000 ms    0.0%  calls=0
  commonExpand                       0.004 ms    2.7%  calls=78
  sibling branch build               0.017 ms   12.0%  calls=44
  branch dedup                       0.011 ms    8.1%  calls=25
  reorder skip tests                 0.002 ms    1.4%  calls=125
  reorder branch rebuild             0.010 ms    7.3%  calls=61
  leaf recording                     0.011 ms    8.0%  calls=48
  pivot selection                    0.001 ms    0.6%  calls=14
  intersect/intersectInto            0.006 ms    4.6%  calls=183
  setDiff                            0.006 ms    4.1%  calls=181
  unionSet                           0.003 ms    2.5%  calls=148
  encodeClique                       0.001 ms    0.8%  calls=85
  sibling phase local                0.010 ms    7.0%  calls=44
  other / untimed                    0.002 ms    1.1%
  PROFILED subtotal                  0.140 ms   98.9%
  TOTAL (wall)                       0.141 ms  100.0%
──────────────────────────────────────────────────────────────

Saved log: /Users/wajid/Desktop/Research/Projects/BK/adaptiveBKAlgo/scripts/profile_logs/gen_small_015.txt.log

==> gen_small_016.txt
Running ReorderSib (Ascending degeneracy) (Optimized Exact Search) Algorithm...
ReorderSib: cliques=22  dups=0  maxSize=6  checks=38  time=0.123 ms

── ReorderSib cost breakdown ─────────────────────────────────
  rCall local logic                  0.004 ms    3.3%  calls=50
  enumerate local logic              0.012 ms   10.0%  calls=38
  collectCoveringCliques             0.007 ms    5.7%  calls=48
  dominance pruning                  0.002 ms    1.9%  calls=40
  buildHitSets                       0.003 ms    2.2%  calls=40
  sibling planning                   0.005 ms    4.4%  calls=48
  solver                             0.019 ms   15.5%  calls=21
  minimalByInclusion                 0.000 ms    0.0%  calls=0
  commonExpand                       0.002 ms    1.8%  calls=41
  sibling branch build               0.011 ms    9.1%  calls=48
  branch dedup                       0.013 ms   10.9%  calls=40
  reorder skip tests                 0.002 ms    1.3%  calls=87
  reorder branch rebuild             0.009 ms    7.1%  calls=49
  leaf recording                     0.007 ms    5.6%  calls=22
  pivot selection                    0.001 ms    0.7%  calls=16
  intersect/intersectInto            0.007 ms    6.0%  calls=217
  setDiff                            0.005 ms    3.8%  calls=162
  unionSet                           0.002 ms    1.9%  calls=101
  encodeClique                       0.000 ms    0.3%  calls=34
  sibling phase local                0.009 ms    7.4%  calls=48
  other / untimed                    0.001 ms    1.0%
  PROFILED subtotal                  0.122 ms   99.0%
  TOTAL (wall)                       0.123 ms  100.0%
──────────────────────────────────────────────────────────────

Saved log: /Users/wajid/Desktop/Research/Projects/BK/adaptiveBKAlgo/scripts/profile_logs/gen_small_016.txt.log

==> gen_small_017.txt
Running ReorderSib (Ascending degeneracy) (Optimized Exact Search) Algorithm...
ReorderSib: cliques=165  dups=0  maxSize=10  checks=403  time=2.382 ms

── ReorderSib cost breakdown ─────────────────────────────────
  rCall local logic                  0.038 ms    1.6%  calls=868
  enumerate local logic              0.126 ms    5.3%  calls=403
  collectCoveringCliques             0.234 ms    9.8%  calls=865
  dominance pruning                  0.114 ms    4.8%  calls=814
  buildHitSets                       0.071 ms    3.0%  calls=814
  sibling planning                   0.090 ms    3.8%  calls=865
  solver                             0.563 ms   23.6%  calls=610
  minimalByInclusion                 0.000 ms    0.0%  calls=0
  commonExpand                       0.037 ms    1.6%  calls=454
  sibling branch build               0.153 ms    6.4%  calls=865
  branch dedup                       0.158 ms    6.6%  calls=814
  reorder skip tests                 0.024 ms    1.0%  calls=1290
  reorder branch rebuild             0.167 ms    7.0%  calls=867
  leaf recording                     0.033 ms    1.4%  calls=165
  pivot selection                    0.009 ms    0.4%  calls=238
  intersect/intersectInto            0.238 ms   10.0%  calls=5468
  setDiff                            0.155 ms    6.5%  calls=3956
  unionSet                           0.043 ms    1.8%  calls=1580
  encodeClique                       0.004 ms    0.1%  calls=211
  sibling phase local                0.125 ms    5.2%  calls=865
  other / untimed                    0.002 ms    0.1%
  PROFILED subtotal                  2.381 ms   99.9%
  TOTAL (wall)                       2.382 ms  100.0%
──────────────────────────────────────────────────────────────

Saved log: /Users/wajid/Desktop/Research/Projects/BK/adaptiveBKAlgo/scripts/profile_logs/gen_small_017.txt.log

==> gen_small_018.txt
Running ReorderSib (Ascending degeneracy) (Optimized Exact Search) Algorithm...
ReorderSib: cliques=0  dups=0  maxSize=0  checks=0  time=0.002 ms

── ReorderSib cost breakdown ─────────────────────────────────
  rCall local logic                  0.000 ms   12.5%  calls=1
  enumerate local logic              0.000 ms    0.0%  calls=0
  collectCoveringCliques             0.000 ms    0.0%  calls=0
  dominance pruning                  0.000 ms    0.0%  calls=0
  buildHitSets                       0.000 ms    0.0%  calls=0
  sibling planning                   0.000 ms    0.0%  calls=0
  solver                             0.000 ms    0.0%  calls=0
  minimalByInclusion                 0.000 ms    0.0%  calls=0
  commonExpand                       0.000 ms    0.0%  calls=0
  sibling branch build               0.000 ms    0.0%  calls=0
  branch dedup                       0.000 ms    0.0%  calls=0
  reorder skip tests                 0.000 ms    0.0%  calls=0
  reorder branch rebuild             0.000 ms    0.0%  calls=0
  leaf recording                     0.000 ms    0.0%  calls=0
  pivot selection                    0.000 ms    0.0%  calls=0
  intersect/intersectInto            0.000 ms    0.0%  calls=0
  setDiff                            0.000 ms    0.0%  calls=0
  unionSet                           0.000 ms    0.0%  calls=0
  encodeClique                       0.000 ms    0.0%  calls=0
  sibling phase local                0.000 ms    0.0%  calls=0
  other / untimed                    0.001 ms   87.5%
  PROFILED subtotal                  0.000 ms   12.5%
  TOTAL (wall)                       0.002 ms  100.0%
──────────────────────────────────────────────────────────────

Saved log: /Users/wajid/Desktop/Research/Projects/BK/adaptiveBKAlgo/scripts/profile_logs/gen_small_018.txt.log

==> gen_small_019.txt
Running ReorderSib (Ascending degeneracy) (Optimized Exact Search) Algorithm...
ReorderSib: cliques=1  dups=0  maxSize=3  checks=12  time=0.009 ms

── ReorderSib cost breakdown ─────────────────────────────────
  rCall local logic                  0.001 ms    8.7%  calls=4
  enumerate local logic              0.002 ms   24.0%  calls=12
  collectCoveringCliques             0.000 ms    1.4%  calls=3
  dominance pruning                  0.000 ms    0.0%  calls=0
  buildHitSets                       0.000 ms    0.0%  calls=0
  sibling planning                   0.000 ms    2.4%  calls=3
  solver                             0.000 ms    0.0%  calls=0
  minimalByInclusion                 0.000 ms    0.0%  calls=0
  commonExpand                       0.000 ms    1.4%  calls=4
  sibling branch build               0.001 ms    6.7%  calls=3
  branch dedup                       0.000 ms    0.0%  calls=0
  reorder skip tests                 0.000 ms    0.5%  calls=6
  reorder branch rebuild             0.001 ms    7.2%  calls=3
  leaf recording                     0.001 ms    6.7%  calls=1
  pivot selection                    0.000 ms    3.4%  calls=5
  intersect/intersectInto            0.000 ms    5.3%  calls=19
  setDiff                            0.000 ms    1.4%  calls=4
  unionSet                           0.000 ms    2.9%  calls=7
  encodeClique                       0.000 ms    0.0%  calls=1
  sibling phase local                0.001 ms   10.1%  calls=3
  other / untimed                    0.002 ms   17.8%
  PROFILED subtotal                  0.007 ms   82.2%
  TOTAL (wall)                       0.009 ms  100.0%
──────────────────────────────────────────────────────────────

Saved log: /Users/wajid/Desktop/Research/Projects/BK/adaptiveBKAlgo/scripts/profile_logs/gen_small_019.txt.log

==> gen_small_020.txt
Running ReorderSib (Ascending degeneracy) (Optimized Exact Search) Algorithm...
ReorderSib: cliques=3  dups=0  maxSize=6  checks=13  time=0.022 ms

── ReorderSib cost breakdown ─────────────────────────────────
  rCall local logic                  0.001 ms    3.3%  calls=11
  enumerate local logic              0.004 ms   20.0%  calls=13
  collectCoveringCliques             0.001 ms    4.6%  calls=10
  dominance pruning                  0.000 ms    1.2%  calls=7
  buildHitSets                       0.000 ms    1.9%  calls=7
  sibling planning                   0.001 ms    4.6%  calls=10
  solver                             0.000 ms    0.0%  calls=0
  minimalByInclusion                 0.000 ms    0.0%  calls=0
  commonExpand                       0.000 ms    2.1%  calls=10
  sibling branch build               0.001 ms    6.4%  calls=10
  branch dedup                       0.000 ms    1.6%  calls=7
  reorder skip tests                 0.000 ms    1.5%  calls=24
  reorder branch rebuild             0.002 ms    7.1%  calls=11
  leaf recording                     0.002 ms    9.4%  calls=3
  pivot selection                    0.001 ms    2.9%  calls=10
  intersect/intersectInto            0.001 ms    6.4%  calls=31
  setDiff                            0.001 ms    2.7%  calls=17
  unionSet                           0.001 ms    4.4%  calls=21
  encodeClique                       0.000 ms    0.4%  calls=3
  sibling phase local                0.003 ms   13.1%  calls=10
  other / untimed                    0.001 ms    6.4%
  PROFILED subtotal                  0.020 ms   93.6%
  TOTAL (wall)                       0.022 ms  100.0%
──────────────────────────────────────────────────────────────

Saved log: /Users/wajid/Desktop/Research/Projects/BK/adaptiveBKAlgo/scripts/profile_logs/gen_small_020.txt.log

==> gen_small_021.txt
Running ReorderSib (Ascending degeneracy) (Optimized Exact Search) Algorithm...
ReorderSib: cliques=40  dups=1  maxSize=5  checks=58  time=0.137 ms

── ReorderSib cost breakdown ─────────────────────────────────
  rCall local logic                  0.006 ms    4.7%  calls=53
  enumerate local logic              0.014 ms   10.4%  calls=58
  collectCoveringCliques             0.006 ms    4.6%  calls=38
  dominance pruning                  0.003 ms    2.6%  calls=24
  buildHitSets                       0.003 ms    2.2%  calls=24
  sibling planning                   0.005 ms    4.0%  calls=38
  solver                             0.017 ms   12.2%  calls=12
  minimalByInclusion                 0.000 ms    0.0%  calls=0
  commonExpand                       0.003 ms    2.5%  calls=67
  sibling branch build               0.013 ms    9.4%  calls=38
  branch dedup                       0.012 ms    8.8%  calls=24
  reorder skip tests                 0.002 ms    1.6%  calls=115
  reorder branch rebuild             0.008 ms    6.2%  calls=55
  leaf recording                     0.012 ms    8.5%  calls=40
  pivot selection                    0.001 ms    0.6%  calls=18
  intersect/intersectInto            0.008 ms    5.8%  calls=193
  setDiff                            0.006 ms    4.3%  calls=161
  unionSet                           0.004 ms    3.0%  calls=136
  encodeClique                       0.001 ms    0.8%  calls=68
  sibling phase local                0.009 ms    6.6%  calls=38
  other / untimed                    0.002 ms    1.3%
  PROFILED subtotal                  0.135 ms   98.7%
  TOTAL (wall)                       0.137 ms  100.0%
──────────────────────────────────────────────────────────────

Saved log: /Users/wajid/Desktop/Research/Projects/BK/adaptiveBKAlgo/scripts/profile_logs/gen_small_021.txt.log

==> gen_small_022.txt
Running ReorderSib (Ascending degeneracy) (Optimized Exact Search) Algorithm...
ReorderSib: cliques=51  dups=0  maxSize=6  checks=81  time=0.284 ms

── ReorderSib cost breakdown ─────────────────────────────────
  rCall local logic                  0.009 ms    3.0%  calls=113
  enumerate local logic              0.023 ms    8.2%  calls=81
  collectCoveringCliques             0.018 ms    6.2%  calls=107
  dominance pruning                  0.010 ms    3.5%  calls=97
  buildHitSets                       0.009 ms    3.0%  calls=97
  sibling planning                   0.010 ms    3.6%  calls=107
  solver                             0.051 ms   17.9%  calls=48
  minimalByInclusion                 0.000 ms    0.0%  calls=0
  commonExpand                       0.006 ms    2.1%  calls=95
  sibling branch build               0.022 ms    7.9%  calls=107
  branch dedup                       0.029 ms   10.3%  calls=97
  reorder skip tests                 0.004 ms    1.2%  calls=193
  reorder branch rebuild             0.019 ms    6.7%  calls=112
  leaf recording                     0.012 ms    4.4%  calls=51
  pivot selection                    0.001 ms    0.5%  calls=30
  intersect/intersectInto            0.020 ms    7.2%  calls=549
  setDiff                            0.012 ms    4.3%  calls=414
  unionSet                           0.008 ms    2.6%  calls=245
  encodeClique                       0.001 ms    0.4%  calls=82
  sibling phase local                0.018 ms    6.4%  calls=107
  other / untimed                    0.001 ms    0.5%
  PROFILED subtotal                  0.282 ms   99.5%
  TOTAL (wall)                       0.284 ms  100.0%
──────────────────────────────────────────────────────────────

Saved log: /Users/wajid/Desktop/Research/Projects/BK/adaptiveBKAlgo/scripts/profile_logs/gen_small_022.txt.log

==> gen_small_023.txt
Running ReorderSib (Ascending degeneracy) (Optimized Exact Search) Algorithm...
ReorderSib: cliques=261  dups=0  maxSize=8  checks=470  time=2.327 ms

── ReorderSib cost breakdown ─────────────────────────────────
  rCall local logic                  0.044 ms    1.9%  calls=687
  enumerate local logic              0.115 ms    4.9%  calls=470
  collectCoveringCliques             0.252 ms   10.8%  calls=663
  dominance pruning                  0.202 ms    8.7%  calls=591
  buildHitSets                       0.073 ms    3.2%  calls=591
  sibling planning                   0.076 ms    3.3%  calls=663
  solver                             0.636 ms   27.3%  calls=445
  minimalByInclusion                 0.000 ms    0.0%  calls=0
  commonExpand                       0.031 ms    1.3%  calls=469
  sibling branch build               0.122 ms    5.2%  calls=663
  branch dedup                       0.125 ms    5.4%  calls=591
  reorder skip tests                 0.020 ms    0.9%  calls=1057
  reorder branch rebuild             0.138 ms    5.9%  calls=686
  leaf recording                     0.045 ms    1.9%  calls=261
  pivot selection                    0.009 ms    0.4%  calls=209
  intersect/intersectInto            0.167 ms    7.2%  calls=4187
  setDiff                            0.138 ms    5.9%  calls=3994
  unionSet                           0.036 ms    1.5%  calls=1276
  encodeClique                       0.008 ms    0.3%  calls=396
  sibling phase local                0.090 ms    3.9%  calls=663
  other / untimed                    0.002 ms    0.1%
  PROFILED subtotal                  2.325 ms   99.9%
  TOTAL (wall)                       2.327 ms  100.0%
──────────────────────────────────────────────────────────────

Saved log: /Users/wajid/Desktop/Research/Projects/BK/adaptiveBKAlgo/scripts/profile_logs/gen_small_023.txt.log

==> gen_small_024.txt
Running ReorderSib (Ascending degeneracy) (Optimized Exact Search) Algorithm...
ReorderSib: cliques=0  dups=0  maxSize=0  checks=0  time=0.002 ms

── ReorderSib cost breakdown ─────────────────────────────────
  rCall local logic                  0.000 ms   10.2%  calls=1
  enumerate local logic              0.000 ms    0.0%  calls=0
  collectCoveringCliques             0.000 ms    0.0%  calls=0
  dominance pruning                  0.000 ms    0.0%  calls=0
  buildHitSets                       0.000 ms    0.0%  calls=0
  sibling planning                   0.000 ms    0.0%  calls=0
  solver                             0.000 ms    0.0%  calls=0
  minimalByInclusion                 0.000 ms    0.0%  calls=0
  commonExpand                       0.000 ms    0.0%  calls=0
  sibling branch build               0.000 ms    0.0%  calls=0
  branch dedup                       0.000 ms    0.0%  calls=0
  reorder skip tests                 0.000 ms    0.0%  calls=0
  reorder branch rebuild             0.000 ms    0.0%  calls=0
  leaf recording                     0.000 ms    0.0%  calls=0
  pivot selection                    0.000 ms    0.0%  calls=0
  intersect/intersectInto            0.000 ms    0.0%  calls=0
  setDiff                            0.000 ms    0.0%  calls=0
  unionSet                           0.000 ms    0.0%  calls=0
  encodeClique                       0.000 ms    0.0%  calls=0
  sibling phase local                0.000 ms    0.0%  calls=0
  other / untimed                    0.001 ms   89.8%
  PROFILED subtotal                  0.000 ms   10.2%
  TOTAL (wall)                       0.002 ms  100.0%
──────────────────────────────────────────────────────────────

Saved log: /Users/wajid/Desktop/Research/Projects/BK/adaptiveBKAlgo/scripts/profile_logs/gen_small_024.txt.log

==> gen_small_025.txt
Running ReorderSib (Ascending degeneracy) (Optimized Exact Search) Algorithm...
ReorderSib: cliques=0  dups=0  maxSize=0  checks=0  time=0.002 ms

── ReorderSib cost breakdown ─────────────────────────────────
  rCall local logic                  0.000 ms   12.2%  calls=1
  enumerate local logic              0.000 ms    0.0%  calls=0
  collectCoveringCliques             0.000 ms    0.0%  calls=0
  dominance pruning                  0.000 ms    0.0%  calls=0
  buildHitSets                       0.000 ms    0.0%  calls=0
  sibling planning                   0.000 ms    0.0%  calls=0
  solver                             0.000 ms    0.0%  calls=0
  minimalByInclusion                 0.000 ms    0.0%  calls=0
  commonExpand                       0.000 ms    0.0%  calls=0
  sibling branch build               0.000 ms    0.0%  calls=0
  branch dedup                       0.000 ms    0.0%  calls=0
  reorder skip tests                 0.000 ms    0.0%  calls=0
  reorder branch rebuild             0.000 ms    0.0%  calls=0
  leaf recording                     0.000 ms    0.0%  calls=0
  pivot selection                    0.000 ms    0.0%  calls=0
  intersect/intersectInto            0.000 ms    0.0%  calls=0
  setDiff                            0.000 ms    0.0%  calls=0
  unionSet                           0.000 ms    0.0%  calls=0
  encodeClique                       0.000 ms    0.0%  calls=0
  sibling phase local                0.000 ms    0.0%  calls=0
  other / untimed                    0.002 ms   87.8%
  PROFILED subtotal                  0.000 ms   12.2%
  TOTAL (wall)                       0.002 ms  100.0%
──────────────────────────────────────────────────────────────

Saved log: /Users/wajid/Desktop/Research/Projects/BK/adaptiveBKAlgo/scripts/profile_logs/gen_small_025.txt.log

==> gen_small_026.txt
Running ReorderSib (Ascending degeneracy) (Optimized Exact Search) Algorithm...
ReorderSib: cliques=21  dups=0  maxSize=3  checks=34  time=0.060 ms

── ReorderSib cost breakdown ─────────────────────────────────
  rCall local logic                  0.004 ms    7.2%  calls=28
  enumerate local logic              0.008 ms   12.8%  calls=34
  collectCoveringCliques             0.002 ms    2.5%  calls=24
  dominance pruning                  0.001 ms    1.1%  calls=11
  buildHitSets                       0.001 ms    1.0%  calls=11
  sibling planning                   0.002 ms    3.8%  calls=24
  solver                             0.006 ms    9.5%  calls=5
  minimalByInclusion                 0.000 ms    0.0%  calls=0
  commonExpand                       0.002 ms    3.9%  calls=46
  sibling branch build               0.004 ms    6.3%  calls=24
  branch dedup                       0.004 ms    7.3%  calls=11
  reorder skip tests                 0.001 ms    1.4%  calls=57
  reorder branch rebuild             0.004 ms    6.5%  calls=29
  leaf recording                     0.006 ms    9.5%  calls=21
  pivot selection                    0.001 ms    1.1%  calls=9
  intersect/intersectInto            0.003 ms    5.0%  calls=65
  setDiff                            0.002 ms    3.6%  calls=68
  unionSet                           0.002 ms    3.9%  calls=76
  encodeClique                       0.000 ms    0.6%  calls=36
  sibling phase local                0.006 ms   10.2%  calls=24
  other / untimed                    0.002 ms    2.8%
  PROFILED subtotal                  0.059 ms   97.2%
  TOTAL (wall)                       0.060 ms  100.0%
──────────────────────────────────────────────────────────────

Saved log: /Users/wajid/Desktop/Research/Projects/BK/adaptiveBKAlgo/scripts/profile_logs/gen_small_026.txt.log

==> gen_small_027.txt
Running ReorderSib (Ascending degeneracy) (Optimized Exact Search) Algorithm...
ReorderSib: cliques=44  dups=0  maxSize=5  checks=53  time=0.129 ms

── ReorderSib cost breakdown ─────────────────────────────────
  rCall local logic                  0.006 ms    4.6%  calls=63
  enumerate local logic              0.013 ms    9.7%  calls=53
  collectCoveringCliques             0.006 ms    4.5%  calls=44
  dominance pruning                  0.003 ms    2.1%  calls=33
  buildHitSets                       0.003 ms    2.6%  calls=33
  sibling planning                   0.005 ms    3.5%  calls=44
  solver                             0.014 ms   11.0%  calls=16
  minimalByInclusion                 0.000 ms    0.0%  calls=0
  commonExpand                       0.003 ms    2.3%  calls=63
  sibling branch build               0.013 ms   10.1%  calls=44
  branch dedup                       0.014 ms   10.5%  calls=33
  reorder skip tests                 0.002 ms    1.3%  calls=113
  reorder branch rebuild             0.010 ms    7.8%  calls=62
  leaf recording                     0.010 ms    7.5%  calls=44
  pivot selection                    0.000 ms    0.2%  calls=9
  intersect/intersectInto            0.007 ms    5.5%  calls=223
  setDiff                            0.006 ms    4.6%  calls=179
  unionSet                           0.004 ms    3.4%  calls=149
  encodeClique                       0.001 ms    1.0%  calls=80
  sibling phase local                0.009 ms    6.7%  calls=44
  other / untimed                    0.001 ms    1.1%
  PROFILED subtotal                  0.128 ms   98.9%
  TOTAL (wall)                       0.129 ms  100.0%
──────────────────────────────────────────────────────────────

Saved log: /Users/wajid/Desktop/Research/Projects/BK/adaptiveBKAlgo/scripts/profile_logs/gen_small_027.txt.log

==> gen_small_028.txt
Running ReorderSib (Ascending degeneracy) (Optimized Exact Search) Algorithm...
ReorderSib: cliques=33  dups=0  maxSize=6  checks=50  time=0.181 ms

── ReorderSib cost breakdown ─────────────────────────────────
  rCall local logic                  0.006 ms    3.0%  calls=73
  enumerate local logic              0.016 ms    9.0%  calls=50
  collectCoveringCliques             0.011 ms    6.0%  calls=67
  dominance pruning                  0.005 ms    2.9%  calls=55
  buildHitSets                       0.005 ms    3.0%  calls=55
  sibling planning                   0.006 ms    3.5%  calls=67
  solver                             0.027 ms   15.0%  calls=28
  minimalByInclusion                 0.000 ms    0.0%  calls=0
  commonExpand                       0.003 ms    1.9%  calls=59
  sibling branch build               0.014 ms    8.0%  calls=67
  branch dedup                       0.023 ms   12.6%  calls=55
  reorder skip tests                 0.002 ms    1.0%  calls=122
  reorder branch rebuild             0.013 ms    7.3%  calls=72
  leaf recording                     0.010 ms    5.3%  calls=33
  pivot selection                    0.001 ms    0.6%  calls=17
  intersect/intersectInto            0.012 ms    6.5%  calls=332
  setDiff                            0.007 ms    4.1%  calls=249
  unionSet                           0.004 ms    2.4%  calls=153
  encodeClique                       0.001 ms    0.5%  calls=55
  sibling phase local                0.012 ms    6.8%  calls=67
  other / untimed                    0.001 ms    0.7%
  PROFILED subtotal                  0.180 ms   99.3%
  TOTAL (wall)                       0.181 ms  100.0%
──────────────────────────────────────────────────────────────

Saved log: /Users/wajid/Desktop/Research/Projects/BK/adaptiveBKAlgo/scripts/profile_logs/gen_small_028.txt.log

==> gen_small_029.txt
Running ReorderSib (Ascending degeneracy) (Optimized Exact Search) Algorithm...
ReorderSib: cliques=24  dups=0  maxSize=9  checks=58  time=0.176 ms

── ReorderSib cost breakdown ─────────────────────────────────
  rCall local logic                  0.004 ms    2.4%  calls=49
  enumerate local logic              0.016 ms    9.1%  calls=58
  collectCoveringCliques             0.008 ms    4.7%  calls=48
  dominance pruning                  0.005 ms    3.1%  calls=43
  buildHitSets                       0.004 ms    2.2%  calls=43
  sibling planning                   0.006 ms    3.5%  calls=48
  solver                             0.034 ms   19.3%  calls=27
  minimalByInclusion                 0.000 ms    0.0%  calls=0
  commonExpand                       0.004 ms    2.1%  calls=57
  sibling branch build               0.015 ms    8.5%  calls=48
  branch dedup                       0.015 ms    8.8%  calls=43
  reorder skip tests                 0.002 ms    1.2%  calls=102
  reorder branch rebuild             0.008 ms    4.8%  calls=48
  leaf recording                     0.008 ms    4.5%  calls=24
  pivot selection                    0.002 ms    1.3%  calls=34
  intersect/intersectInto            0.012 ms    6.7%  calls=251
  setDiff                            0.008 ms    4.8%  calls=207
  unionSet                           0.004 ms    2.3%  calls=117
  encodeClique                       0.001 ms    0.4%  calls=31
  sibling phase local                0.017 ms    9.7%  calls=48
  other / untimed                    0.001 ms    0.8%
  PROFILED subtotal                  0.175 ms   99.2%
  TOTAL (wall)                       0.176 ms  100.0%
──────────────────────────────────────────────────────────────

Saved log: /Users/wajid/Desktop/Research/Projects/BK/adaptiveBKAlgo/scripts/profile_logs/gen_small_029.txt.log

==> gen_tiny_000.txt
Running ReorderSib (Ascending degeneracy) (Optimized Exact Search) Algorithm...
ReorderSib: cliques=0  dups=0  maxSize=0  checks=0  time=0.001 ms

── ReorderSib cost breakdown ─────────────────────────────────
  rCall local logic                  0.000 ms   12.5%  calls=1
  enumerate local logic              0.000 ms    0.0%  calls=0
  collectCoveringCliques             0.000 ms    0.0%  calls=0
  dominance pruning                  0.000 ms    0.0%  calls=0
  buildHitSets                       0.000 ms    0.0%  calls=0
  sibling planning                   0.000 ms    0.0%  calls=0
  solver                             0.000 ms    0.0%  calls=0
  minimalByInclusion                 0.000 ms    0.0%  calls=0
  commonExpand                       0.000 ms    0.0%  calls=0
  sibling branch build               0.000 ms    0.0%  calls=0
  branch dedup                       0.000 ms    0.0%  calls=0
  reorder skip tests                 0.000 ms    0.0%  calls=0
  reorder branch rebuild             0.000 ms    0.0%  calls=0
  leaf recording                     0.000 ms    0.0%  calls=0
  pivot selection                    0.000 ms    0.0%  calls=0
  intersect/intersectInto            0.000 ms    0.0%  calls=0
  setDiff                            0.000 ms    0.0%  calls=0
  unionSet                           0.000 ms    0.0%  calls=0
  encodeClique                       0.000 ms    0.0%  calls=0
  sibling phase local                0.000 ms    0.0%  calls=0
  other / untimed                    0.001 ms   87.5%
  PROFILED subtotal                  0.000 ms   12.5%
  TOTAL (wall)                       0.001 ms  100.0%
──────────────────────────────────────────────────────────────

Saved log: /Users/wajid/Desktop/Research/Projects/BK/adaptiveBKAlgo/scripts/profile_logs/gen_tiny_000.txt.log

==> gen_tiny_001.txt
Running ReorderSib (Ascending degeneracy) (Optimized Exact Search) Algorithm...
ReorderSib: cliques=0  dups=0  maxSize=0  checks=0  time=0.001 ms

── ReorderSib cost breakdown ─────────────────────────────────
  rCall local logic                  0.000 ms   12.1%  calls=1
  enumerate local logic              0.000 ms    0.0%  calls=0
  collectCoveringCliques             0.000 ms    0.0%  calls=0
  dominance pruning                  0.000 ms    0.0%  calls=0
  buildHitSets                       0.000 ms    0.0%  calls=0
  sibling planning                   0.000 ms    0.0%  calls=0
  solver                             0.000 ms    0.0%  calls=0
  minimalByInclusion                 0.000 ms    0.0%  calls=0
  commonExpand                       0.000 ms    0.0%  calls=0
  sibling branch build               0.000 ms    0.0%  calls=0
  branch dedup                       0.000 ms    0.0%  calls=0
  reorder skip tests                 0.000 ms    0.0%  calls=0
  reorder branch rebuild             0.000 ms    0.0%  calls=0
  leaf recording                     0.000 ms    0.0%  calls=0
  pivot selection                    0.000 ms    0.0%  calls=0
  intersect/intersectInto            0.000 ms    0.0%  calls=0
  setDiff                            0.000 ms    0.0%  calls=0
  unionSet                           0.000 ms    0.0%  calls=0
  encodeClique                       0.000 ms    0.0%  calls=0
  sibling phase local                0.000 ms    0.0%  calls=0
  other / untimed                    0.001 ms   87.9%
  PROFILED subtotal                  0.000 ms   12.1%
  TOTAL (wall)                       0.001 ms  100.0%
──────────────────────────────────────────────────────────────

Saved log: /Users/wajid/Desktop/Research/Projects/BK/adaptiveBKAlgo/scripts/profile_logs/gen_tiny_001.txt.log

==> gen_tiny_002.txt
Running ReorderSib (Ascending degeneracy) (Optimized Exact Search) Algorithm...
ReorderSib: cliques=0  dups=0  maxSize=0  checks=0  time=0.002 ms

── ReorderSib cost breakdown ─────────────────────────────────
  rCall local logic                  0.000 ms   12.2%  calls=1
  enumerate local logic              0.000 ms    0.0%  calls=0
  collectCoveringCliques             0.000 ms    0.0%  calls=0
  dominance pruning                  0.000 ms    0.0%  calls=0
  buildHitSets                       0.000 ms    0.0%  calls=0
  sibling planning                   0.000 ms    0.0%  calls=0
  solver                             0.000 ms    0.0%  calls=0
  minimalByInclusion                 0.000 ms    0.0%  calls=0
  commonExpand                       0.000 ms    0.0%  calls=0
  sibling branch build               0.000 ms    0.0%  calls=0
  branch dedup                       0.000 ms    0.0%  calls=0
  reorder skip tests                 0.000 ms    0.0%  calls=0
  reorder branch rebuild             0.000 ms    0.0%  calls=0
  leaf recording                     0.000 ms    0.0%  calls=0
  pivot selection                    0.000 ms    0.0%  calls=0
  intersect/intersectInto            0.000 ms    0.0%  calls=0
  setDiff                            0.000 ms    0.0%  calls=0
  unionSet                           0.000 ms    0.0%  calls=0
  encodeClique                       0.000 ms    0.0%  calls=0
  sibling phase local                0.000 ms    0.0%  calls=0
  other / untimed                    0.002 ms   87.8%
  PROFILED subtotal                  0.000 ms   12.2%
  TOTAL (wall)                       0.002 ms  100.0%
──────────────────────────────────────────────────────────────

Saved log: /Users/wajid/Desktop/Research/Projects/BK/adaptiveBKAlgo/scripts/profile_logs/gen_tiny_002.txt.log

==> gen_tiny_003.txt
Running ReorderSib (Ascending degeneracy) (Optimized Exact Search) Algorithm...
ReorderSib: cliques=0  dups=0  maxSize=0  checks=6  time=0.003 ms

── ReorderSib cost breakdown ─────────────────────────────────
  rCall local logic                  0.000 ms   14.1%  calls=1
  enumerate local logic              0.001 ms   32.0%  calls=6
  collectCoveringCliques             0.000 ms    0.0%  calls=0
  dominance pruning                  0.000 ms    0.0%  calls=0
  buildHitSets                       0.000 ms    0.0%  calls=0
  sibling planning                   0.000 ms    0.0%  calls=0
  solver                             0.000 ms    0.0%  calls=0
  minimalByInclusion                 0.000 ms    0.0%  calls=0
  commonExpand                       0.000 ms    0.0%  calls=0
  sibling branch build               0.000 ms    0.0%  calls=0
  branch dedup                       0.000 ms    0.0%  calls=0
  reorder skip tests                 0.000 ms    0.0%  calls=0
  reorder branch rebuild             0.000 ms    0.0%  calls=0
  leaf recording                     0.000 ms    0.0%  calls=0
  pivot selection                    0.000 ms    7.7%  calls=2
  intersect/intersectInto            0.000 ms    9.0%  calls=8
  setDiff                            0.000 ms    0.0%  calls=0
  unionSet                           0.000 ms    0.0%  calls=0
  encodeClique                       0.000 ms    0.0%  calls=0
  sibling phase local                0.000 ms    0.0%  calls=0
  other / untimed                    0.001 ms   37.2%
  PROFILED subtotal                  0.002 ms   62.8%
  TOTAL (wall)                       0.003 ms  100.0%
──────────────────────────────────────────────────────────────

Saved log: /Users/wajid/Desktop/Research/Projects/BK/adaptiveBKAlgo/scripts/profile_logs/gen_tiny_003.txt.log

==> gen_tiny_004.txt
Running ReorderSib (Ascending degeneracy) (Optimized Exact Search) Algorithm...
ReorderSib: cliques=12  dups=0  maxSize=4  checks=23  time=0.051 ms

── ReorderSib cost breakdown ─────────────────────────────────
  rCall local logic                  0.002 ms    3.9%  calls=17
  enumerate local logic              0.006 ms   11.3%  calls=23
  collectCoveringCliques             0.002 ms    4.6%  calls=16
  dominance pruning                  0.001 ms    1.6%  calls=9
  buildHitSets                       0.001 ms    1.4%  calls=9
  sibling planning                   0.002 ms    3.6%  calls=16
  solver                             0.006 ms   11.6%  calls=6
  minimalByInclusion                 0.000 ms    0.0%  calls=0
  commonExpand                       0.001 ms    2.1%  calls=22
  sibling branch build               0.004 ms    8.7%  calls=16
  branch dedup                       0.005 ms    9.4%  calls=9
  reorder skip tests                 0.001 ms    1.4%  calls=39
  reorder branch rebuild             0.004 ms    8.2%  calls=16
  leaf recording                     0.005 ms    8.9%  calls=12
  pivot selection                    0.000 ms    0.6%  calls=10
  intersect/intersectInto            0.003 ms    5.1%  calls=67
  setDiff                            0.002 ms    3.0%  calls=51
  unionSet                           0.002 ms    3.1%  calls=40
  encodeClique                       0.000 ms    0.5%  calls=16
  sibling phase local                0.005 ms    8.8%  calls=16
  other / untimed                    0.001 ms    2.2%
  PROFILED subtotal                  0.050 ms   97.8%
  TOTAL (wall)                       0.051 ms  100.0%
──────────────────────────────────────────────────────────────

Saved log: /Users/wajid/Desktop/Research/Projects/BK/adaptiveBKAlgo/scripts/profile_logs/gen_tiny_004.txt.log

==> gen_tiny_005.txt
Running ReorderSib (Ascending degeneracy) (Optimized Exact Search) Algorithm...
ReorderSib: cliques=4  dups=0  maxSize=5  checks=12  time=0.016 ms

── ReorderSib cost breakdown ─────────────────────────────────
  rCall local logic                  0.001 ms    4.5%  calls=4
  enumerate local logic              0.003 ms   18.0%  calls=12
  collectCoveringCliques             0.000 ms    1.9%  calls=3
  dominance pruning                  0.000 ms    0.5%  calls=2
  buildHitSets                       0.000 ms    0.5%  calls=2
  sibling planning                   0.001 ms    4.3%  calls=3
  solver                             0.000 ms    0.0%  calls=0
  minimalByInclusion                 0.000 ms    0.0%  calls=0
  commonExpand                       0.000 ms    1.3%  calls=6
  sibling branch build               0.002 ms   12.3%  calls=3
  branch dedup                       0.001 ms    8.6%  calls=2
  reorder skip tests                 0.000 ms    2.1%  calls=15
  reorder branch rebuild             0.001 ms    4.6%  calls=3
  leaf recording                     0.002 ms   13.4%  calls=4
  pivot selection                    0.000 ms    2.9%  calls=8
  intersect/intersectInto            0.001 ms    7.8%  calls=23
  setDiff                            0.000 ms    2.1%  calls=8
  unionSet                           0.000 ms    1.6%  calls=9
  encodeClique                       0.000 ms    0.8%  calls=4
  sibling phase local                0.001 ms    5.6%  calls=3
  other / untimed                    0.001 ms    7.0%
  PROFILED subtotal                  0.014 ms   93.0%
  TOTAL (wall)                       0.016 ms  100.0%
──────────────────────────────────────────────────────────────

Saved log: /Users/wajid/Desktop/Research/Projects/BK/adaptiveBKAlgo/scripts/profile_logs/gen_tiny_005.txt.log

==> gen_tiny_006.txt
Running ReorderSib (Ascending degeneracy) (Optimized Exact Search) Algorithm...
ReorderSib: cliques=1  dups=0  maxSize=7  checks=7  time=0.005 ms

── ReorderSib cost breakdown ─────────────────────────────────
  rCall local logic                  0.000 ms    5.8%  calls=1
  enumerate local logic              0.001 ms   25.8%  calls=7
  collectCoveringCliques             0.000 ms    0.0%  calls=0
  dominance pruning                  0.000 ms    0.0%  calls=0
  buildHitSets                       0.000 ms    0.0%  calls=0
  sibling planning                   0.000 ms    0.0%  calls=0
  solver                             0.000 ms    0.0%  calls=0
  minimalByInclusion                 0.000 ms    0.0%  calls=0
  commonExpand                       0.000 ms    0.0%  calls=0
  sibling branch build               0.000 ms    0.0%  calls=0
  branch dedup                       0.000 ms    0.0%  calls=0
  reorder skip tests                 0.000 ms    5.8%  calls=7
  reorder branch rebuild             0.000 ms    0.0%  calls=0
  leaf recording                     0.001 ms   16.7%  calls=1
  pivot selection                    0.001 ms   10.0%  calls=6
  intersect/intersectInto            0.001 ms   14.2%  calls=12
  setDiff                            0.000 ms    0.0%  calls=0
  unionSet                           0.000 ms    0.0%  calls=0
  encodeClique                       0.000 ms    0.8%  calls=1
  sibling phase local                0.000 ms    0.0%  calls=0
  other / untimed                    0.001 ms   20.8%
  PROFILED subtotal                  0.004 ms   79.2%
  TOTAL (wall)                       0.005 ms  100.0%
──────────────────────────────────────────────────────────────

Saved log: /Users/wajid/Desktop/Research/Projects/BK/adaptiveBKAlgo/scripts/profile_logs/gen_tiny_006.txt.log

==> gen_tiny_007.txt
Running ReorderSib (Ascending degeneracy) (Optimized Exact Search) Algorithm...
ReorderSib: cliques=0  dups=0  maxSize=0  checks=0  time=0.001 ms

── ReorderSib cost breakdown ─────────────────────────────────
  rCall local logic                  0.000 ms   12.1%  calls=1
  enumerate local logic              0.000 ms    0.0%  calls=0
  collectCoveringCliques             0.000 ms    0.0%  calls=0
  dominance pruning                  0.000 ms    0.0%  calls=0
  buildHitSets                       0.000 ms    0.0%  calls=0
  sibling planning                   0.000 ms    0.0%  calls=0
  solver                             0.000 ms    0.0%  calls=0
  minimalByInclusion                 0.000 ms    0.0%  calls=0
  commonExpand                       0.000 ms    0.0%  calls=0
  sibling branch build               0.000 ms    0.0%  calls=0
  branch dedup                       0.000 ms    0.0%  calls=0
  reorder skip tests                 0.000 ms    0.0%  calls=0
  reorder branch rebuild             0.000 ms    0.0%  calls=0
  leaf recording                     0.000 ms    0.0%  calls=0
  pivot selection                    0.000 ms    0.0%  calls=0
  intersect/intersectInto            0.000 ms    0.0%  calls=0
  setDiff                            0.000 ms    0.0%  calls=0
  unionSet                           0.000 ms    0.0%  calls=0
  encodeClique                       0.000 ms    0.0%  calls=0
  sibling phase local                0.000 ms    0.0%  calls=0
  other / untimed                    0.001 ms   87.9%
  PROFILED subtotal                  0.000 ms   12.1%
  TOTAL (wall)                       0.001 ms  100.0%
──────────────────────────────────────────────────────────────

Saved log: /Users/wajid/Desktop/Research/Projects/BK/adaptiveBKAlgo/scripts/profile_logs/gen_tiny_007.txt.log

==> gen_tiny_008.txt
Running ReorderSib (Ascending degeneracy) (Optimized Exact Search) Algorithm...
ReorderSib: cliques=0  dups=0  maxSize=0  checks=0  time=0.002 ms

── ReorderSib cost breakdown ─────────────────────────────────
  rCall local logic                  0.000 ms   13.1%  calls=1
  enumerate local logic              0.000 ms    0.0%  calls=0
  collectCoveringCliques             0.000 ms    0.0%  calls=0
  dominance pruning                  0.000 ms    0.0%  calls=0
  buildHitSets                       0.000 ms    0.0%  calls=0
  sibling planning                   0.000 ms    0.0%  calls=0
  solver                             0.000 ms    0.0%  calls=0
  minimalByInclusion                 0.000 ms    0.0%  calls=0
  commonExpand                       0.000 ms    0.0%  calls=0
  sibling branch build               0.000 ms    0.0%  calls=0
  branch dedup                       0.000 ms    0.0%  calls=0
  reorder skip tests                 0.000 ms    0.0%  calls=0
  reorder branch rebuild             0.000 ms    0.0%  calls=0
  leaf recording                     0.000 ms    0.0%  calls=0
  pivot selection                    0.000 ms    0.0%  calls=0
  intersect/intersectInto            0.000 ms    0.0%  calls=0
  setDiff                            0.000 ms    0.0%  calls=0
  unionSet                           0.000 ms    0.0%  calls=0
  encodeClique                       0.000 ms    0.0%  calls=0
  sibling phase local                0.000 ms    0.0%  calls=0
  other / untimed                    0.001 ms   86.9%
  PROFILED subtotal                  0.000 ms   13.1%
  TOTAL (wall)                       0.002 ms  100.0%
──────────────────────────────────────────────────────────────

Saved log: /Users/wajid/Desktop/Research/Projects/BK/adaptiveBKAlgo/scripts/profile_logs/gen_tiny_008.txt.log

==> gen_tiny_009.txt
Running ReorderSib (Ascending degeneracy) (Optimized Exact Search) Algorithm...
ReorderSib: cliques=0  dups=0  maxSize=0  checks=0  time=0.002 ms

── ReorderSib cost breakdown ─────────────────────────────────
  rCall local logic                  0.000 ms   11.1%  calls=1
  enumerate local logic              0.000 ms    0.0%  calls=0
  collectCoveringCliques             0.000 ms    0.0%  calls=0
  dominance pruning                  0.000 ms    0.0%  calls=0
  buildHitSets                       0.000 ms    0.0%  calls=0
  sibling planning                   0.000 ms    0.0%  calls=0
  solver                             0.000 ms    0.0%  calls=0
  minimalByInclusion                 0.000 ms    0.0%  calls=0
  commonExpand                       0.000 ms    0.0%  calls=0
  sibling branch build               0.000 ms    0.0%  calls=0
  branch dedup                       0.000 ms    0.0%  calls=0
  reorder skip tests                 0.000 ms    0.0%  calls=0
  reorder branch rebuild             0.000 ms    0.0%  calls=0
  leaf recording                     0.000 ms    0.0%  calls=0
  pivot selection                    0.000 ms    0.0%  calls=0
  intersect/intersectInto            0.000 ms    0.0%  calls=0
  setDiff                            0.000 ms    0.0%  calls=0
  unionSet                           0.000 ms    0.0%  calls=0
  encodeClique                       0.000 ms    0.0%  calls=0
  sibling phase local                0.000 ms    0.0%  calls=0
  other / untimed                    0.001 ms   88.9%
  PROFILED subtotal                  0.000 ms   11.1%
  TOTAL (wall)                       0.002 ms  100.0%
──────────────────────────────────────────────────────────────

Saved log: /Users/wajid/Desktop/Research/Projects/BK/adaptiveBKAlgo/scripts/profile_logs/gen_tiny_009.txt.log

==> gen_tiny_010.txt
Running ReorderSib (Ascending degeneracy) (Optimized Exact Search) Algorithm...
ReorderSib: cliques=3  dups=0  maxSize=3  checks=13  time=0.020 ms

── ReorderSib cost breakdown ─────────────────────────────────
  rCall local logic                  0.001 ms    4.6%  calls=7
  enumerate local logic              0.004 ms   18.8%  calls=13
  collectCoveringCliques             0.001 ms    2.5%  calls=6
  dominance pruning                  0.000 ms    0.8%  calls=1
  buildHitSets                       0.000 ms    0.6%  calls=1
  sibling planning                   0.001 ms    3.3%  calls=6
  solver                             0.002 ms    9.2%  calls=1
  minimalByInclusion                 0.000 ms    0.0%  calls=0
  commonExpand                       0.000 ms    2.5%  calls=11
  sibling branch build               0.001 ms    7.1%  calls=6
  branch dedup                       0.001 ms    2.7%  calls=1
  reorder skip tests                 0.000 ms    1.0%  calls=14
  reorder branch rebuild             0.001 ms    6.1%  calls=7
  leaf recording                     0.002 ms    8.4%  calls=3
  pivot selection                    0.001 ms    2.5%  calls=6
  intersect/intersectInto            0.001 ms    4.4%  calls=23
  setDiff                            0.000 ms    1.9%  calls=13
  unionSet                           0.001 ms    4.2%  calls=18
  encodeClique                       0.000 ms    0.4%  calls=3
  sibling phase local                0.002 ms   12.3%  calls=6
  other / untimed                    0.001 ms    6.5%
  PROFILED subtotal                  0.019 ms   93.5%
  TOTAL (wall)                       0.020 ms  100.0%
──────────────────────────────────────────────────────────────

Saved log: /Users/wajid/Desktop/Research/Projects/BK/adaptiveBKAlgo/scripts/profile_logs/gen_tiny_010.txt.log

==> gen_tiny_011.txt
Running ReorderSib (Ascending degeneracy) (Optimized Exact Search) Algorithm...
ReorderSib: cliques=0  dups=0  maxSize=0  checks=0  time=0.001 ms

── ReorderSib cost breakdown ─────────────────────────────────
  rCall local logic                  0.000 ms   17.1%  calls=1
  enumerate local logic              0.000 ms    0.0%  calls=0
  collectCoveringCliques             0.000 ms    0.0%  calls=0
  dominance pruning                  0.000 ms    0.0%  calls=0
  buildHitSets                       0.000 ms    0.0%  calls=0
  sibling planning                   0.000 ms    0.0%  calls=0
  solver                             0.000 ms    0.0%  calls=0
  minimalByInclusion                 0.000 ms    0.0%  calls=0
  commonExpand                       0.000 ms    0.0%  calls=0
  sibling branch build               0.000 ms    0.0%  calls=0
  branch dedup                       0.000 ms    0.0%  calls=0
  reorder skip tests                 0.000 ms    0.0%  calls=0
  reorder branch rebuild             0.000 ms    0.0%  calls=0
  leaf recording                     0.000 ms    0.0%  calls=0
  pivot selection                    0.000 ms    0.0%  calls=0
  intersect/intersectInto            0.000 ms    0.0%  calls=0
  setDiff                            0.000 ms    0.0%  calls=0
  unionSet                           0.000 ms    0.0%  calls=0
  encodeClique                       0.000 ms    0.0%  calls=0
  sibling phase local                0.000 ms    0.0%  calls=0
  other / untimed                    0.001 ms   82.9%
  PROFILED subtotal                  0.000 ms   17.1%
  TOTAL (wall)                       0.001 ms  100.0%
──────────────────────────────────────────────────────────────

Saved log: /Users/wajid/Desktop/Research/Projects/BK/adaptiveBKAlgo/scripts/profile_logs/gen_tiny_011.txt.log

==> gen_tiny_012.txt
Running ReorderSib (Ascending degeneracy) (Optimized Exact Search) Algorithm...
ReorderSib: cliques=3  dups=0  maxSize=5  checks=12  time=0.015 ms

── ReorderSib cost breakdown ─────────────────────────────────
  rCall local logic                  0.001 ms    4.9%  calls=3
  enumerate local logic              0.003 ms   20.8%  calls=12
  collectCoveringCliques             0.000 ms    1.1%  calls=2
  dominance pruning                  0.000 ms    0.5%  calls=1
  buildHitSets                       0.000 ms    1.1%  calls=1
  sibling planning                   0.001 ms    4.6%  calls=2
  solver                             0.000 ms    0.0%  calls=0
  minimalByInclusion                 0.000 ms    0.0%  calls=0
  commonExpand                       0.000 ms    1.3%  calls=5
  sibling branch build               0.002 ms   10.8%  calls=2
  branch dedup                       0.001 ms    9.5%  calls=1
  reorder skip tests                 0.000 ms    1.6%  calls=14
  reorder branch rebuild             0.000 ms    2.2%  calls=2
  leaf recording                     0.002 ms   11.6%  calls=3
  pivot selection                    0.001 ms    4.3%  calls=9
  intersect/intersectInto            0.001 ms    6.8%  calls=23
  setDiff                            0.000 ms    1.1%  calls=6
  unionSet                           0.001 ms    4.1%  calls=7
  encodeClique                       0.000 ms    0.5%  calls=3
  sibling phase local                0.001 ms    6.8%  calls=2
  other / untimed                    0.001 ms    6.5%
  PROFILED subtotal                  0.014 ms   93.5%
  TOTAL (wall)                       0.015 ms  100.0%
──────────────────────────────────────────────────────────────

Saved log: /Users/wajid/Desktop/Research/Projects/BK/adaptiveBKAlgo/scripts/profile_logs/gen_tiny_012.txt.log

==> gen_tiny_013.txt
Running ReorderSib (Ascending degeneracy) (Optimized Exact Search) Algorithm...
ReorderSib: cliques=2  dups=0  maxSize=7  checks=12  time=0.012 ms

── ReorderSib cost breakdown ─────────────────────────────────
  rCall local logic                  0.000 ms    3.8%  calls=3
  enumerate local logic              0.002 ms   19.4%  calls=12
  collectCoveringCliques             0.000 ms    1.7%  calls=2
  dominance pruning                  0.000 ms    1.0%  calls=1
  buildHitSets                       0.000 ms    0.7%  calls=1
  sibling planning                   0.000 ms    2.7%  calls=2
  solver                             0.000 ms    0.0%  calls=0
  minimalByInclusion                 0.000 ms    0.0%  calls=0
  commonExpand                       0.000 ms    2.1%  calls=6
  sibling branch build               0.001 ms    7.5%  calls=2
  branch dedup                       0.000 ms    0.7%  calls=1
  reorder skip tests                 0.000 ms    2.7%  calls=14
  reorder branch rebuild             0.001 ms    4.1%  calls=2
  leaf recording                     0.001 ms   12.0%  calls=2
  pivot selection                    0.001 ms    5.5%  calls=10
  intersect/intersectInto            0.001 ms    8.9%  calls=22
  setDiff                            0.000 ms    2.0%  calls=7
  unionSet                           0.000 ms    2.7%  calls=8
  encodeClique                       0.001 ms    7.5%  calls=2
  sibling phase local                0.001 ms    5.8%  calls=2
  other / untimed                    0.001 ms    9.2%
  PROFILED subtotal                  0.011 ms   90.8%
  TOTAL (wall)                       0.012 ms  100.0%
──────────────────────────────────────────────────────────────

Saved log: /Users/wajid/Desktop/Research/Projects/BK/adaptiveBKAlgo/scripts/profile_logs/gen_tiny_013.txt.log

==> gen_tiny_014.txt
Running ReorderSib (Ascending degeneracy) (Optimized Exact Search) Algorithm...
ReorderSib: cliques=0  dups=0  maxSize=0  checks=0  time=0.001 ms

── ReorderSib cost breakdown ─────────────────────────────────
  rCall local logic                  0.000 ms   13.4%  calls=1
  enumerate local logic              0.000 ms    0.0%  calls=0
  collectCoveringCliques             0.000 ms    0.0%  calls=0
  dominance pruning                  0.000 ms    0.0%  calls=0
  buildHitSets                       0.000 ms    0.0%  calls=0
  sibling planning                   0.000 ms    0.0%  calls=0
  solver                             0.000 ms    0.0%  calls=0
  minimalByInclusion                 0.000 ms    0.0%  calls=0
  commonExpand                       0.000 ms    0.0%  calls=0
  sibling branch build               0.000 ms    0.0%  calls=0
  branch dedup                       0.000 ms    0.0%  calls=0
  reorder skip tests                 0.000 ms    0.0%  calls=0
  reorder branch rebuild             0.000 ms    0.0%  calls=0
  leaf recording                     0.000 ms    0.0%  calls=0
  pivot selection                    0.000 ms    0.0%  calls=0
  intersect/intersectInto            0.000 ms    0.0%  calls=0
  setDiff                            0.000 ms    0.0%  calls=0
  unionSet                           0.000 ms    0.0%  calls=0
  encodeClique                       0.000 ms    0.0%  calls=0
  sibling phase local                0.000 ms    0.0%  calls=0
  other / untimed                    0.001 ms   86.6%
  PROFILED subtotal                  0.000 ms   13.4%
  TOTAL (wall)                       0.001 ms  100.0%
──────────────────────────────────────────────────────────────

Saved log: /Users/wajid/Desktop/Research/Projects/BK/adaptiveBKAlgo/scripts/profile_logs/gen_tiny_014.txt.log

==> gen_tiny_015.txt
Running ReorderSib (Ascending degeneracy) (Optimized Exact Search) Algorithm...
ReorderSib: cliques=0  dups=0  maxSize=0  checks=0  time=0.001 ms

── ReorderSib cost breakdown ─────────────────────────────────
  rCall local logic                  0.000 ms   14.8%  calls=1
  enumerate local logic              0.000 ms    0.0%  calls=0
  collectCoveringCliques             0.000 ms    0.0%  calls=0
  dominance pruning                  0.000 ms    0.0%  calls=0
  buildHitSets                       0.000 ms    0.0%  calls=0
  sibling planning                   0.000 ms    0.0%  calls=0
  solver                             0.000 ms    0.0%  calls=0
  minimalByInclusion                 0.000 ms    0.0%  calls=0
  commonExpand                       0.000 ms    0.0%  calls=0
  sibling branch build               0.000 ms    0.0%  calls=0
  branch dedup                       0.000 ms    0.0%  calls=0
  reorder skip tests                 0.000 ms    0.0%  calls=0
  reorder branch rebuild             0.000 ms    0.0%  calls=0
  leaf recording                     0.000 ms    0.0%  calls=0
  pivot selection                    0.000 ms    0.0%  calls=0
  intersect/intersectInto            0.000 ms    0.0%  calls=0
  setDiff                            0.000 ms    0.0%  calls=0
  unionSet                           0.000 ms    0.0%  calls=0
  encodeClique                       0.000 ms    0.0%  calls=0
  sibling phase local                0.000 ms    0.0%  calls=0
  other / untimed                    0.001 ms   85.2%
  PROFILED subtotal                  0.000 ms   14.8%
  TOTAL (wall)                       0.001 ms  100.0%
──────────────────────────────────────────────────────────────

Saved log: /Users/wajid/Desktop/Research/Projects/BK/adaptiveBKAlgo/scripts/profile_logs/gen_tiny_015.txt.log

==> gen_tiny_016.txt
Running ReorderSib (Ascending degeneracy) (Optimized Exact Search) Algorithm...
ReorderSib: cliques=0  dups=0  maxSize=0  checks=0  time=0.001 ms

── ReorderSib cost breakdown ─────────────────────────────────
  rCall local logic                  0.000 ms    9.7%  calls=1
  enumerate local logic              0.000 ms    0.0%  calls=0
  collectCoveringCliques             0.000 ms    0.0%  calls=0
  dominance pruning                  0.000 ms    0.0%  calls=0
  buildHitSets                       0.000 ms    0.0%  calls=0
  sibling planning                   0.000 ms    0.0%  calls=0
  solver                             0.000 ms    0.0%  calls=0
  minimalByInclusion                 0.000 ms    0.0%  calls=0
  commonExpand                       0.000 ms    0.0%  calls=0
  sibling branch build               0.000 ms    0.0%  calls=0
  branch dedup                       0.000 ms    0.0%  calls=0
  reorder skip tests                 0.000 ms    0.0%  calls=0
  reorder branch rebuild             0.000 ms    0.0%  calls=0
  leaf recording                     0.000 ms    0.0%  calls=0
  pivot selection                    0.000 ms    0.0%  calls=0
  intersect/intersectInto            0.000 ms    0.0%  calls=0
  setDiff                            0.000 ms    0.0%  calls=0
  unionSet                           0.000 ms    0.0%  calls=0
  encodeClique                       0.000 ms    0.0%  calls=0
  sibling phase local                0.000 ms    0.0%  calls=0
  other / untimed                    0.001 ms   90.3%
  PROFILED subtotal                  0.000 ms    9.7%
  TOTAL (wall)                       0.001 ms  100.0%
──────────────────────────────────────────────────────────────

Saved log: /Users/wajid/Desktop/Research/Projects/BK/adaptiveBKAlgo/scripts/profile_logs/gen_tiny_016.txt.log

==> gen_tiny_017.txt
Running ReorderSib (Ascending degeneracy) (Optimized Exact Search) Algorithm...
ReorderSib: cliques=1  dups=0  maxSize=3  checks=3  time=0.004 ms

── ReorderSib cost breakdown ─────────────────────────────────
  rCall local logic                  0.000 ms    9.8%  calls=1
  enumerate local logic              0.001 ms   25.0%  calls=3
  collectCoveringCliques             0.000 ms    0.0%  calls=0
  dominance pruning                  0.000 ms    0.0%  calls=0
  buildHitSets                       0.000 ms    0.0%  calls=0
  sibling planning                   0.000 ms    0.0%  calls=0
  solver                             0.000 ms    0.0%  calls=0
  minimalByInclusion                 0.000 ms    0.0%  calls=0
  commonExpand                       0.000 ms    0.0%  calls=0
  sibling branch build               0.000 ms    0.0%  calls=0
  branch dedup                       0.000 ms    0.0%  calls=0
  reorder skip tests                 0.000 ms    0.0%  calls=3
  reorder branch rebuild             0.000 ms    0.0%  calls=0
  leaf recording                     0.001 ms   20.6%  calls=1
  pivot selection                    0.000 ms    8.7%  calls=2
  intersect/intersectInto            0.000 ms    5.4%  calls=4
  setDiff                            0.000 ms    0.0%  calls=0
  unionSet                           0.000 ms    0.0%  calls=0
  encodeClique                       0.000 ms    1.1%  calls=1
  sibling phase local                0.000 ms    0.0%  calls=0
  other / untimed                    0.001 ms   29.3%
  PROFILED subtotal                  0.003 ms   70.7%
  TOTAL (wall)                       0.004 ms  100.0%
──────────────────────────────────────────────────────────────

Saved log: /Users/wajid/Desktop/Research/Projects/BK/adaptiveBKAlgo/scripts/profile_logs/gen_tiny_017.txt.log

==> gen_tiny_018.txt
Running ReorderSib (Ascending degeneracy) (Optimized Exact Search) Algorithm...
ReorderSib: cliques=9  dups=0  maxSize=3  checks=16  time=0.038 ms

── ReorderSib cost breakdown ─────────────────────────────────
  rCall local logic                  0.002 ms    5.6%  calls=12
  enumerate local logic              0.005 ms   14.2%  calls=16
  collectCoveringCliques             0.001 ms    2.5%  calls=10
  dominance pruning                  0.000 ms    1.0%  calls=3
  buildHitSets                       0.000 ms    1.0%  calls=3
  sibling planning                   0.002 ms    4.5%  calls=10
  solver                             0.003 ms    6.9%  calls=1
  minimalByInclusion                 0.000 ms    0.0%  calls=0
  commonExpand                       0.001 ms    3.0%  calls=20
  sibling branch build               0.003 ms    8.8%  calls=10
  branch dedup                       0.002 ms    4.5%  calls=3
  reorder skip tests                 0.001 ms    1.7%  calls=27
  reorder branch rebuild             0.003 ms    8.4%  calls=12
  leaf recording                     0.004 ms   10.4%  calls=9
  pivot selection                    0.000 ms    1.1%  calls=6
  intersect/intersectInto            0.002 ms    4.4%  calls=31
  setDiff                            0.001 ms    2.6%  calls=27
  unionSet                           0.001 ms    3.4%  calls=33
  encodeClique                       0.000 ms    0.8%  calls=13
  sibling phase local                0.004 ms   11.5%  calls=10
  other / untimed                    0.001 ms    3.6%
  PROFILED subtotal                  0.036 ms   96.4%
  TOTAL (wall)                       0.038 ms  100.0%
──────────────────────────────────────────────────────────────

Saved log: /Users/wajid/Desktop/Research/Projects/BK/adaptiveBKAlgo/scripts/profile_logs/gen_tiny_018.txt.log

==> gen_tiny_019.txt
Running ReorderSib (Ascending degeneracy) (Optimized Exact Search) Algorithm...
ReorderSib: cliques=24  dups=1  maxSize=5  checks=37  time=0.106 ms

── ReorderSib cost breakdown ─────────────────────────────────
  rCall local logic                  0.004 ms    3.8%  calls=41
  enumerate local logic              0.011 ms   10.2%  calls=37
  collectCoveringCliques             0.006 ms    5.4%  calls=33
  dominance pruning                  0.004 ms    3.3%  calls=25
  buildHitSets                       0.002 ms    1.7%  calls=25
  sibling planning                   0.005 ms    4.5%  calls=33
  solver                             0.016 ms   15.2%  calls=14
  minimalByInclusion                 0.000 ms    0.0%  calls=0
  commonExpand                       0.002 ms    1.9%  calls=48
  sibling branch build               0.010 ms    9.5%  calls=33
  branch dedup                       0.009 ms    8.4%  calls=25
  reorder skip tests                 0.001 ms    1.1%  calls=77
  reorder branch rebuild             0.008 ms    7.1%  calls=40
  leaf recording                     0.007 ms    6.8%  calls=24
  pivot selection                    0.001 ms    0.7%  calls=13
  intersect/intersectInto            0.005 ms    5.1%  calls=132
  setDiff                            0.005 ms    4.3%  calls=136
  unionSet                           0.002 ms    2.0%  calls=93
  encodeClique                       0.001 ms    0.5%  calls=40
  sibling phase local                0.008 ms    7.2%  calls=33
  other / untimed                    0.001 ms    1.2%
  PROFILED subtotal                  0.105 ms   98.8%
  TOTAL (wall)                       0.106 ms  100.0%
──────────────────────────────────────────────────────────────

Saved log: /Users/wajid/Desktop/Research/Projects/BK/adaptiveBKAlgo/scripts/profile_logs/gen_tiny_019.txt.log

==> gen_tiny_020.txt
Running ReorderSib (Ascending degeneracy) (Optimized Exact Search) Algorithm...
ReorderSib: cliques=2  dups=0  maxSize=10  checks=18  time=0.017 ms

── ReorderSib cost breakdown ─────────────────────────────────
  rCall local logic                  0.000 ms    2.9%  calls=3
  enumerate local logic              0.005 ms   26.3%  calls=18
  collectCoveringCliques             0.000 ms    1.2%  calls=2
  dominance pruning                  0.000 ms    0.5%  calls=1
  buildHitSets                       0.000 ms    0.5%  calls=1
  sibling planning                   0.000 ms    2.2%  calls=2
  solver                             0.000 ms    0.0%  calls=0
  minimalByInclusion                 0.000 ms    0.0%  calls=0
  commonExpand                       0.001 ms    3.9%  calls=9
  sibling branch build               0.001 ms    7.0%  calls=2
  branch dedup                       0.000 ms    0.5%  calls=1
  reorder skip tests                 0.001 ms    2.9%  calls=20
  reorder branch rebuild             0.001 ms    2.9%  calls=2
  leaf recording                     0.002 ms   12.4%  calls=2
  pivot selection                    0.002 ms    8.8%  calls=16
  intersect/intersectInto            0.001 ms    8.8%  calls=34
  setDiff                            0.000 ms    2.7%  calls=10
  unionSet                           0.000 ms    2.2%  calls=11
  encodeClique                       0.000 ms    0.7%  calls=2
  sibling phase local                0.001 ms    5.8%  calls=2
  other / untimed                    0.001 ms    7.8%
  PROFILED subtotal                  0.016 ms   92.2%
  TOTAL (wall)                       0.017 ms  100.0%
──────────────────────────────────────────────────────────────

Saved log: /Users/wajid/Desktop/Research/Projects/BK/adaptiveBKAlgo/scripts/profile_logs/gen_tiny_020.txt.log

==> gen_tiny_021.txt
Running ReorderSib (Ascending degeneracy) (Optimized Exact Search) Algorithm...
ReorderSib: cliques=0  dups=0  maxSize=0  checks=0  time=0.001 ms

── ReorderSib cost breakdown ─────────────────────────────────
  rCall local logic                  0.000 ms   13.0%  calls=1
  enumerate local logic              0.000 ms    0.0%  calls=0
  collectCoveringCliques             0.000 ms    0.0%  calls=0
  dominance pruning                  0.000 ms    0.0%  calls=0
  buildHitSets                       0.000 ms    0.0%  calls=0
  sibling planning                   0.000 ms    0.0%  calls=0
  solver                             0.000 ms    0.0%  calls=0
  minimalByInclusion                 0.000 ms    0.0%  calls=0
  commonExpand                       0.000 ms    0.0%  calls=0
  sibling branch build               0.000 ms    0.0%  calls=0
  branch dedup                       0.000 ms    0.0%  calls=0
  reorder skip tests                 0.000 ms    0.0%  calls=0
  reorder branch rebuild             0.000 ms    0.0%  calls=0
  leaf recording                     0.000 ms    0.0%  calls=0
  pivot selection                    0.000 ms    0.0%  calls=0
  intersect/intersectInto            0.000 ms    0.0%  calls=0
  setDiff                            0.000 ms    0.0%  calls=0
  unionSet                           0.000 ms    0.0%  calls=0
  encodeClique                       0.000 ms    0.0%  calls=0
  sibling phase local                0.000 ms    0.0%  calls=0
  other / untimed                    0.001 ms   87.0%
  PROFILED subtotal                  0.000 ms   13.0%
  TOTAL (wall)                       0.001 ms  100.0%
──────────────────────────────────────────────────────────────

Saved log: /Users/wajid/Desktop/Research/Projects/BK/adaptiveBKAlgo/scripts/profile_logs/gen_tiny_021.txt.log

==> gen_tiny_022.txt
Running ReorderSib (Ascending degeneracy) (Optimized Exact Search) Algorithm...
ReorderSib: cliques=0  dups=0  maxSize=0  checks=0  time=0.001 ms

── ReorderSib cost breakdown ─────────────────────────────────
  rCall local logic                  0.000 ms   16.6%  calls=1
  enumerate local logic              0.000 ms    0.0%  calls=0
  collectCoveringCliques             0.000 ms    0.0%  calls=0
  dominance pruning                  0.000 ms    0.0%  calls=0
  buildHitSets                       0.000 ms    0.0%  calls=0
  sibling planning                   0.000 ms    0.0%  calls=0
  solver                             0.000 ms    0.0%  calls=0
  minimalByInclusion                 0.000 ms    0.0%  calls=0
  commonExpand                       0.000 ms    0.0%  calls=0
  sibling branch build               0.000 ms    0.0%  calls=0
  branch dedup                       0.000 ms    0.0%  calls=0
  reorder skip tests                 0.000 ms    0.0%  calls=0
  reorder branch rebuild             0.000 ms    0.0%  calls=0
  leaf recording                     0.000 ms    0.0%  calls=0
  pivot selection                    0.000 ms    0.0%  calls=0
  intersect/intersectInto            0.000 ms    0.0%  calls=0
  setDiff                            0.000 ms    0.0%  calls=0
  unionSet                           0.000 ms    0.0%  calls=0
  encodeClique                       0.000 ms    0.0%  calls=0
  sibling phase local                0.000 ms    0.0%  calls=0
  other / untimed                    0.001 ms   83.4%
  PROFILED subtotal                  0.000 ms   16.6%
  TOTAL (wall)                       0.001 ms  100.0%
──────────────────────────────────────────────────────────────

Saved log: /Users/wajid/Desktop/Research/Projects/BK/adaptiveBKAlgo/scripts/profile_logs/gen_tiny_022.txt.log

==> gen_tiny_023.txt
Running ReorderSib (Ascending degeneracy) (Optimized Exact Search) Algorithm...
ReorderSib: cliques=0  dups=0  maxSize=0  checks=0  time=0.001 ms

── ReorderSib cost breakdown ─────────────────────────────────
  rCall local logic                  0.000 ms   16.1%  calls=1
  enumerate local logic              0.000 ms    0.0%  calls=0
  collectCoveringCliques             0.000 ms    0.0%  calls=0
  dominance pruning                  0.000 ms    0.0%  calls=0
  buildHitSets                       0.000 ms    0.0%  calls=0
  sibling planning                   0.000 ms    0.0%  calls=0
  solver                             0.000 ms    0.0%  calls=0
  minimalByInclusion                 0.000 ms    0.0%  calls=0
  commonExpand                       0.000 ms    0.0%  calls=0
  sibling branch build               0.000 ms    0.0%  calls=0
  branch dedup                       0.000 ms    0.0%  calls=0
  reorder skip tests                 0.000 ms    0.0%  calls=0
  reorder branch rebuild             0.000 ms    0.0%  calls=0
  leaf recording                     0.000 ms    0.0%  calls=0
  pivot selection                    0.000 ms    0.0%  calls=0
  intersect/intersectInto            0.000 ms    0.0%  calls=0
  setDiff                            0.000 ms    0.0%  calls=0
  unionSet                           0.000 ms    0.0%  calls=0
  encodeClique                       0.000 ms    0.0%  calls=0
  sibling phase local                0.000 ms    0.0%  calls=0
  other / untimed                    0.001 ms   83.9%
  PROFILED subtotal                  0.000 ms   16.1%
  TOTAL (wall)                       0.001 ms  100.0%
──────────────────────────────────────────────────────────────

Saved log: /Users/wajid/Desktop/Research/Projects/BK/adaptiveBKAlgo/scripts/profile_logs/gen_tiny_023.txt.log

==> gen_tiny_024.txt
Running ReorderSib (Ascending degeneracy) (Optimized Exact Search) Algorithm...
ReorderSib: cliques=1  dups=0  maxSize=3  checks=3  time=0.009 ms

── ReorderSib cost breakdown ─────────────────────────────────
  rCall local logic                  0.001 ms    5.3%  calls=5
  enumerate local logic              0.002 ms   19.8%  calls=3
  collectCoveringCliques             0.000 ms    0.0%  calls=4
  dominance pruning                  0.000 ms    0.0%  calls=0
  buildHitSets                       0.000 ms    0.0%  calls=0
  sibling planning                   0.000 ms    3.5%  calls=4
  solver                             0.000 ms    0.0%  calls=0
  minimalByInclusion                 0.000 ms    0.0%  calls=0
  commonExpand                       0.000 ms    2.6%  calls=6
  sibling branch build               0.001 ms    7.5%  calls=4
  branch dedup                       0.000 ms    0.0%  calls=0
  reorder skip tests                 0.000 ms    0.9%  calls=7
  reorder branch rebuild             0.001 ms    6.6%  calls=4
  leaf recording                     0.001 ms    8.8%  calls=1
  pivot selection                    0.000 ms    1.8%  calls=2
  intersect/intersectInto            0.001 ms    5.3%  calls=8
  setDiff                            0.000 ms    1.3%  calls=6
  unionSet                           0.001 ms    5.7%  calls=10
  encodeClique                       0.000 ms    0.4%  calls=1
  sibling phase local                0.002 ms   16.3%  calls=4
  other / untimed                    0.001 ms   14.1%
  PROFILED subtotal                  0.008 ms   85.9%
  TOTAL (wall)                       0.009 ms  100.0%
──────────────────────────────────────────────────────────────

Saved log: /Users/wajid/Desktop/Research/Projects/BK/adaptiveBKAlgo/scripts/profile_logs/gen_tiny_024.txt.log

==> gen_tiny_025.txt
Running ReorderSib (Ascending degeneracy) (Optimized Exact Search) Algorithm...
ReorderSib: cliques=12  dups=0  maxSize=4  checks=17  time=0.037 ms

── ReorderSib cost breakdown ─────────────────────────────────
  rCall local logic                  0.002 ms    6.1%  calls=13
  enumerate local logic              0.005 ms   12.1%  calls=17
  collectCoveringCliques             0.001 ms    3.0%  calls=11
  dominance pruning                  0.001 ms    1.3%  calls=7
  buildHitSets                       0.001 ms    1.4%  calls=7
  sibling planning                   0.001 ms    4.0%  calls=11
  solver                             0.003 ms    8.2%  calls=3
  minimalByInclusion                 0.000 ms    0.0%  calls=0
  commonExpand                       0.001 ms    2.6%  calls=18
  sibling branch build               0.003 ms    8.0%  calls=11
  branch dedup                       0.004 ms   10.9%  calls=7
  reorder skip tests                 0.001 ms    1.6%  calls=30
  reorder branch rebuild             0.002 ms    5.0%  calls=12
  leaf recording                     0.004 ms   11.3%  calls=12
  pivot selection                    0.000 ms    0.8%  calls=5
  intersect/intersectInto            0.001 ms    3.5%  calls=31
  setDiff                            0.001 ms    3.7%  calls=30
  unionSet                           0.001 ms    3.1%  calls=32
  encodeClique                       0.000 ms    0.8%  calls=20
  sibling phase local                0.003 ms    9.1%  calls=11
  other / untimed                    0.001 ms    3.3%
  PROFILED subtotal                  0.036 ms   96.7%
  TOTAL (wall)                       0.037 ms  100.0%
──────────────────────────────────────────────────────────────

Saved log: /Users/wajid/Desktop/Research/Projects/BK/adaptiveBKAlgo/scripts/profile_logs/gen_tiny_025.txt.log

==> gen_tiny_026.txt
Running ReorderSib (Ascending degeneracy) (Optimized Exact Search) Algorithm...
ReorderSib: cliques=20  dups=0  maxSize=6  checks=36  time=0.103 ms

── ReorderSib cost breakdown ─────────────────────────────────
  rCall local logic                  0.003 ms    3.1%  calls=36
  enumerate local logic              0.011 ms   10.5%  calls=36
  collectCoveringCliques             0.006 ms    5.3%  calls=35
  dominance pruning                  0.003 ms    2.6%  calls=26
  buildHitSets                       0.002 ms    1.9%  calls=26
  sibling planning                   0.005 ms    5.3%  calls=35
  solver                             0.016 ms   15.4%  calls=12
  minimalByInclusion                 0.000 ms    0.0%  calls=0
  commonExpand                       0.002 ms    2.2%  calls=49
  sibling branch build               0.010 ms    9.5%  calls=35
  branch dedup                       0.008 ms    7.3%  calls=26
  reorder skip tests                 0.001 ms    1.3%  calls=70
  reorder branch rebuild             0.006 ms    6.1%  calls=35
  leaf recording                     0.007 ms    6.7%  calls=20
  pivot selection                    0.001 ms    0.8%  calls=16
  intersect/intersectInto            0.005 ms    4.8%  calls=111
  setDiff                            0.005 ms    4.9%  calls=123
  unionSet                           0.003 ms    2.8%  calls=86
  encodeClique                       0.000 ms    0.4%  calls=29
  sibling phase local                0.008 ms    8.0%  calls=35
  other / untimed                    0.001 ms    1.2%
  PROFILED subtotal                  0.102 ms   98.8%
  TOTAL (wall)                       0.103 ms  100.0%
──────────────────────────────────────────────────────────────

Saved log: /Users/wajid/Desktop/Research/Projects/BK/adaptiveBKAlgo/scripts/profile_logs/gen_tiny_026.txt.log

==> gen_tiny_027.txt
Running ReorderSib (Ascending degeneracy) (Optimized Exact Search) Algorithm...
ReorderSib: cliques=2  dups=0  maxSize=8  checks=14  time=0.015 ms

── ReorderSib cost breakdown ─────────────────────────────────
  rCall local logic                  0.001 ms    3.6%  calls=3
  enumerate local logic              0.004 ms   24.5%  calls=14
  collectCoveringCliques             0.001 ms    3.4%  calls=2
  dominance pruning                  0.000 ms    0.6%  calls=1
  buildHitSets                       0.000 ms    0.3%  calls=1
  sibling planning                   0.000 ms    2.8%  calls=2
  solver                             0.000 ms    0.0%  calls=0
  minimalByInclusion                 0.000 ms    0.0%  calls=0
  commonExpand                       0.001 ms    3.7%  calls=7
  sibling branch build               0.001 ms    7.0%  calls=2
  branch dedup                       0.000 ms    0.6%  calls=1
  reorder skip tests                 0.000 ms    2.2%  calls=16
  reorder branch rebuild             0.000 ms    2.8%  calls=2
  leaf recording                     0.002 ms   13.2%  calls=2
  pivot selection                    0.001 ms    5.6%  calls=12
  intersect/intersectInto            0.001 ms    8.1%  calls=26
  setDiff                            0.000 ms    1.7%  calls=8
  unionSet                           0.000 ms    3.4%  calls=9
  encodeClique                       0.000 ms    0.6%  calls=2
  sibling phase local                0.001 ms    7.6%  calls=2
  other / untimed                    0.001 ms    8.4%
  PROFILED subtotal                  0.014 ms   91.6%
  TOTAL (wall)                       0.015 ms  100.0%
──────────────────────────────────────────────────────────────

Saved log: /Users/wajid/Desktop/Research/Projects/BK/adaptiveBKAlgo/scripts/profile_logs/gen_tiny_027.txt.log

==> gen_tiny_028.txt
Running ReorderSib (Ascending degeneracy) (Optimized Exact Search) Algorithm...
ReorderSib: cliques=0  dups=0  maxSize=0  checks=0  time=0.001 ms

── ReorderSib cost breakdown ─────────────────────────────────
  rCall local logic                  0.000 ms   12.9%  calls=1
  enumerate local logic              0.000 ms    0.0%  calls=0
  collectCoveringCliques             0.000 ms    0.0%  calls=0
  dominance pruning                  0.000 ms    0.0%  calls=0
  buildHitSets                       0.000 ms    0.0%  calls=0
  sibling planning                   0.000 ms    0.0%  calls=0
  solver                             0.000 ms    0.0%  calls=0
  minimalByInclusion                 0.000 ms    0.0%  calls=0
  commonExpand                       0.000 ms    0.0%  calls=0
  sibling branch build               0.000 ms    0.0%  calls=0
  branch dedup                       0.000 ms    0.0%  calls=0
  reorder skip tests                 0.000 ms    0.0%  calls=0
  reorder branch rebuild             0.000 ms    0.0%  calls=0
  leaf recording                     0.000 ms    0.0%  calls=0
  pivot selection                    0.000 ms    0.0%  calls=0
  intersect/intersectInto            0.000 ms    0.0%  calls=0
  setDiff                            0.000 ms    0.0%  calls=0
  unionSet                           0.000 ms    0.0%  calls=0
  encodeClique                       0.000 ms    0.0%  calls=0
  sibling phase local                0.000 ms    0.0%  calls=0
  other / untimed                    0.001 ms   87.1%
  PROFILED subtotal                  0.000 ms   12.9%
  TOTAL (wall)                       0.001 ms  100.0%
──────────────────────────────────────────────────────────────

Saved log: /Users/wajid/Desktop/Research/Projects/BK/adaptiveBKAlgo/scripts/profile_logs/gen_tiny_028.txt.log

==> gen_tiny_029.txt
Running ReorderSib (Ascending degeneracy) (Optimized Exact Search) Algorithm...
ReorderSib: cliques=0  dups=0  maxSize=0  checks=0  time=0.001 ms

── ReorderSib cost breakdown ─────────────────────────────────
  rCall local logic                  0.000 ms   12.1%  calls=1
  enumerate local logic              0.000 ms    0.0%  calls=0
  collectCoveringCliques             0.000 ms    0.0%  calls=0
  dominance pruning                  0.000 ms    0.0%  calls=0
  buildHitSets                       0.000 ms    0.0%  calls=0
  sibling planning                   0.000 ms    0.0%  calls=0
  solver                             0.000 ms    0.0%  calls=0
  minimalByInclusion                 0.000 ms    0.0%  calls=0
  commonExpand                       0.000 ms    0.0%  calls=0
  sibling branch build               0.000 ms    0.0%  calls=0
  branch dedup                       0.000 ms    0.0%  calls=0
  reorder skip tests                 0.000 ms    0.0%  calls=0
  reorder branch rebuild             0.000 ms    0.0%  calls=0
  leaf recording                     0.000 ms    0.0%  calls=0
  pivot selection                    0.000 ms    0.0%  calls=0
  intersect/intersectInto            0.000 ms    0.0%  calls=0
  setDiff                            0.000 ms    0.0%  calls=0
  unionSet                           0.000 ms    0.0%  calls=0
  encodeClique                       0.000 ms    0.0%  calls=0
  sibling phase local                0.000 ms    0.0%  calls=0
  other / untimed                    0.001 ms   87.9%
  PROFILED subtotal                  0.000 ms   12.1%
  TOTAL (wall)                       0.001 ms  100.0%
──────────────────────────────────────────────────────────────

Saved log: /Users/wajid/Desktop/Research/Projects/BK/adaptiveBKAlgo/scripts/profile_logs/gen_tiny_029.txt.log

==> generated_random_bench_n6000_p0.005_seed20260524.txt
Running ReorderSib (Ascending degeneracy) (Optimized Exact Search) Algorithm...
ReorderSib: cliques=4460  dups=0  maxSize=4  checks=6102  time=43.681 ms

── ReorderSib cost breakdown ─────────────────────────────────
  rCall local logic                  0.587 ms    1.3%  calls=8128
  enumerate local logic              3.309 ms    7.6%  calls=6102
  collectCoveringCliques             0.498 ms    1.1%  calls=7447
  dominance pruning                  0.094 ms    0.2%  calls=3559
  buildHitSets                       0.172 ms    0.4%  calls=3559
  sibling planning                   1.150 ms    2.6%  calls=7447
  solver                             2.890 ms    6.6%  calls=1153
  minimalByInclusion                 0.000 ms    0.0%  calls=0
  commonExpand                      10.638 ms   24.4%  calls=86440
  sibling branch build               5.837 ms   13.4%  calls=7447
  branch dedup                       3.841 ms    8.8%  calls=3559
  reorder skip tests                 0.621 ms    1.4%  calls=41742
  reorder branch rebuild             2.840 ms    6.5%  calls=35687
  leaf recording                     0.768 ms    1.8%  calls=4460
  pivot selection                    0.301 ms    0.7%  calls=1596
  intersect/intersectInto            1.598 ms    3.7%  calls=54586
  setDiff                            3.485 ms    8.0%  calls=102926
  unionSet                           2.597 ms    5.9%  calls=123783
  encodeClique                       0.106 ms    0.2%  calls=7328
  sibling phase local                2.219 ms    5.1%  calls=7447
  other / untimed                    0.131 ms    0.3%
  PROFILED subtotal                 43.550 ms   99.7%
  TOTAL (wall)                      43.681 ms  100.0%
──────────────────────────────────────────────────────────────

Saved log: /Users/wajid/Desktop/Research/Projects/BK/adaptiveBKAlgo/scripts/profile_logs/generated_random_bench_n6000_p0.005_seed20260524.txt.log

==> generated_random_bench_n8000_p0.0025_seed20260524.txt
Running ReorderSib (Ascending degeneracy) (Optimized Exact Search) Algorithm...
ReorderSib: cliques=1360  dups=0  maxSize=3  checks=2516  time=24.787 ms

── ReorderSib cost breakdown ─────────────────────────────────
  rCall local logic                  0.359 ms    1.5%  calls=8057
  enumerate local logic              1.792 ms    7.2%  calls=2516
  collectCoveringCliques             0.238 ms    1.0%  calls=8044
  dominance pruning                  0.028 ms    0.1%  calls=1310
  buildHitSets                       0.057 ms    0.2%  calls=1310
  sibling planning                   0.922 ms    3.7%  calls=8044
  solver                             0.211 ms    0.9%  calls=119
  minimalByInclusion                 0.000 ms    0.0%  calls=0
  commonExpand                       6.621 ms   26.7%  calls=78193
  sibling branch build               4.668 ms   18.8%  calls=8044
  branch dedup                       1.086 ms    4.4%  calls=1310
  reorder skip tests                 0.269 ms    1.1%  calls=17667
  reorder branch rebuild             1.322 ms    5.3%  calls=15261
  leaf recording                     0.296 ms    1.2%  calls=1360
  pivot selection                    0.197 ms    0.8%  calls=1059
  intersect/intersectInto            0.580 ms    2.3%  calls=18799
  setDiff                            2.060 ms    8.3%  calls=80498
  unionSet                           1.996 ms    8.1%  calls=93618
  encodeClique                       0.025 ms    0.1%  calls=1675
  sibling phase local                1.910 ms    7.7%  calls=8044
  other / untimed                    0.151 ms    0.6%
  PROFILED subtotal                 24.636 ms   99.4%
  TOTAL (wall)                      24.787 ms  100.0%
──────────────────────────────────────────────────────────────

Saved log: /Users/wajid/Desktop/Research/Projects/BK/adaptiveBKAlgo/scripts/profile_logs/generated_random_bench_n8000_p0.0025_seed20260524.txt.log

==> generated_random_dense_n6500_p0.008_seed20260525.txt
Running ReorderSib (Ascending degeneracy) (Optimized Exact Search) Algorithm...
ReorderSib: cliques=23327  dups=1  maxSize=4  checks=24001  time=143.835 ms

── ReorderSib cost breakdown ─────────────────────────────────
  rCall local logic                  2.885 ms    2.0%  calls=26738
  enumerate local logic              8.557 ms    5.9%  calls=24001
  collectCoveringCliques             2.099 ms    1.5%  calls=11708
  dominance pruning                  0.451 ms    0.3%  calls=8311
  buildHitSets                       0.690 ms    0.5%  calls=8311
  sibling planning                   1.395 ms    1.0%  calls=11708
  solver                            31.132 ms   21.6%  calls=5119
  minimalByInclusion                 0.000 ms    0.0%  calls=0
  commonExpand                      30.007 ms   20.9%  calls=151277
  sibling branch build              10.318 ms    7.2%  calls=11708
  branch dedup                      10.954 ms    7.6%  calls=8311
  reorder skip tests                 1.978 ms    1.4%  calls=136932
  reorder branch rebuild            10.914 ms    7.6%  calls=112929
  leaf recording                     3.271 ms    2.3%  calls=23327
  pivot selection                    0.324 ms    0.2%  calls=673
  intersect/intersectInto            7.770 ms    5.4%  calls=248663
  setDiff                           11.998 ms    8.3%  calls=262781
  unionSet                           5.380 ms    3.7%  calls=279322
  encodeClique                       0.646 ms    0.4%  calls=45984
  sibling phase local                2.952 ms    2.1%  calls=11708
  other / untimed                    0.114 ms    0.1%
  PROFILED subtotal                143.721 ms   99.9%
  TOTAL (wall)                     143.835 ms  100.0%
──────────────────────────────────────────────────────────────

Saved log: /Users/wajid/Desktop/Research/Projects/BK/adaptiveBKAlgo/scripts/profile_logs/generated_random_dense_n6500_p0.008_seed20260525.txt.log

==> generated_random_sparse_n12000_p0.0015_seed20260525.txt
Running ReorderSib (Ascending degeneracy) (Optimized Exact Search) Algorithm...
ReorderSib: cliques=987  dups=0  maxSize=3  checks=2105  time=31.039 ms

── ReorderSib cost breakdown ─────────────────────────────────
  rCall local logic                  0.476 ms    1.5%  calls=11865
  enumerate local logic              2.247 ms    7.2%  calls=2105
  collectCoveringCliques             0.270 ms    0.9%  calls=11863
  dominance pruning                  0.020 ms    0.1%  calls=970
  buildHitSets                       0.038 ms    0.1%  calls=970
  sibling planning                   1.026 ms    3.3%  calls=11863
  solver                             0.103 ms    0.3%  calls=44
  minimalByInclusion                 0.000 ms    0.0%  calls=0
  commonExpand                       8.654 ms   27.9%  calls=106673
  sibling branch build               6.539 ms   21.1%  calls=11863
  branch dedup                       0.713 ms    2.3%  calls=970
  reorder skip tests                 0.301 ms    1.0%  calls=18639
  reorder branch rebuild             1.451 ms    4.7%  calls=16763
  leaf recording                     0.258 ms    0.8%  calls=987
  pivot selection                    0.348 ms    1.1%  calls=920
  intersect/intersectInto            0.594 ms    1.9%  calls=19217
  setDiff                            2.563 ms    8.3%  calls=107874
  unionSet                           2.477 ms    8.0%  calls=123477
  encodeClique                       0.017 ms    0.1%  calls=1086
  sibling phase local                2.741 ms    8.8%  calls=11863
  other / untimed                    0.204 ms    0.7%
  PROFILED subtotal                 30.835 ms   99.3%
  TOTAL (wall)                      31.039 ms  100.0%
──────────────────────────────────────────────────────────────

Saved log: /Users/wajid/Desktop/Research/Projects/BK/adaptiveBKAlgo/scripts/profile_logs/generated_random_sparse_n12000_p0.0015_seed20260525.txt.log

