8000 79528
0 51 125 807 971 1280 1476 1500 1506 1665 2147 2622 2773 3925 3927 4142 5219 5319 5903 6075 7395 7459
1 167 1361 1389 1535 3045 3046 3442 3532 4322 4383 4754 4932 5185 5281 5301 5542 5708 6078 6292 6355 6519
2 202 399 812 822 841 1600 1902 1953 1976 2729 2869 3591 3702 4277 4294 4336 4368 4894 4959 5043 5347 5448 5715 5773 5795 5992 6102 6285 6436 7266 7284 7571
3 135 383 1343 1784 3098 3202 3883 4615 4984 5096 5898 6123 7610 7890
4 225 608 609 996 1410 1496 1516 1642 1728 2793 3438 3781 4009 4042 4212 4598 5034 5191 5925 6351 6385 7912
5 365 788 1724 2063 2501 2900 3097 4089 4897 5865 5881 5944 6158 6447 6472 6555 6651 6953 7214
6 9 76 238 240 907 1009 1150 1572 1603 2106 2981 3527 4135 4164 4329 4691 5702 6519 7164
7 261 368 785 1118 1291 1614 2390 2463 2814 3590 3650 4117 4320 4511 4863 5558 5662 5721 5747 6200 6240 6638 6643 6670 6925
8 250 283 849 1374 2144 2259 2686 3188 3239 3462 4511 4790 5010 5094 5161 5315 5361 5962 6088 6175 6514 6977 7164 7402
9 6 942 976 1152 1524 1892 2102 2111 2128 2260 2308 2741 6589 6735 6907 7338 7370 7642 7751
10 30 286 1186 1486 1572 2325 2859 3084 3802 3839 4433 4676 4865 5289 5369 5638 5955 6565 6961 7969
11 526 964 1043 1080 1584 2309 2353 2731 2746 3499 3751 4097 4110 4484 4764 4872 5187 6184 6221 6322 6427 7039 7045
12 196 1023 1069 1273 1525 1557 1778 2076 2187 2503 3277 3334 4703 5892 6022 6358 6698 6998 7028 7204 7639 7650 7673
13 680 1046 1551 2244 2612 2621 4126 5182 5290 5987 6599 6765 6935 7150 7360 7595
14 158 378 453 1037 1818 1865 1895 2555 3308 4954 5115 5362 6275 6399 6778 6985 7638
15 288 494 955 1262 1971 2305 2338 3793 4254 4322 4835 4986 5650 5726 5982 6341 6570 6735 6831 7075 7144 7228 7691
16 388 1131 1704 2397 2597 4128 4144 4764 4866 5153 5292 6020 6662 6709 6816 7230 7499 7665
17 539 620 1176 1431 1549 1766 2698 3102 3842 4166 4453 5194 5327 5347 6212 7521 7606 7710 7835
18 390 853 1223 1412 2175 2808 3313 3897 3969 4872 5058 5075 5719 5850 5871 5934 5950 5962 6295 6375 6415 6976 7285
19 257 751 1958 3239 3656 4191 5081 5496 5957 6740 7451
20 220 759 1064 1704 2655 2771 3849 4218 4388 4900 6718 7156 7769
21 137 297 584 592 646 792 1145 1228 1808 2072 2222 2259 2284 2521 2770 2988 3937 4127 4525 4767 4884 4915 5026 5097 5172 5710 5727 5823 6128 6437 6735 7434 7585
22 691 1007 1158 1280 2823 3351 3454 4009 4361 4438 4919 7312
23 63 287 443 463 478 812 1102 1749 1932 3175 3477 3487 4211 4583 4669 4980 5521 5682 5752 5767 6387 6615 6897 7630 7724
24 431 705 1260 2016 2193 2350 3446 4018 4411 4803 6000 6368 6706 6785
25 150 426 518 603 643 713 1214 1472 1584 1984 2350 2589 3094 3576 3964 4390 4804 5073 5176 5331 5401 5993 6618 7402
26 622 892 1273 1281 1326 2433 2812 4001 4017 4134 5260 5292 6159 6210 6215 6557 7277 7614
27 387 591 701 798 861 1007 1650 1738 2016 2150 2538 2987 3080 3169 3601 3994 4185 4258 4522 4917 4994 5030 5465 5497 5778 6266 6853 7522 7818
28 213 472 551 883 1062 1864 1880 2201 2429 2962 3296 3320 3331 3745 4864 5711 5735 5801 5869 6200 6307 7846 7912
29 1389 1948 2277 2355 2595 4048 4842 5074 5158 5270 5547 6184 6372 6970 7541 7833
30 10 491 690 1298 1734 2748 2780 2876 3426 4425 4447 4895 5038 5076 5247 6588 6838 7621
31 80 141 233 507 605 616 794 1187 2458 2820 3191 3666 3808 4305 4584 5422 6126 6319 6430 7136 7626
32 36 925 1096 1176 1385 2166 2249 2269 3072 3124 3199 3298 3541 4340 5469 5542 5694 5856 6194 6532 6956 7208 7395 7803
33 135 1471 1516 2298 2637 2688 3753 5156 5311 6979 7736 7766
34 262 816 1967 2562 3103 5113 5392 5538 6184 6342 7601 7873
35 168 365 802 2353 2800 2833 3173 3347 3521 4294 4539 5017 5023 5337 5715 5938 5993 6144 6178
36 32 248 615 823 1085 2783 3532 4623 4791 5517 6076 6518 7298
37 47 190 720 1927 2152 2320 3048 3057 4416 4610 4748 5233 6008 6120 6226
38 710 741 799 1192 2413 4033 4452 4661 5162 5297 5432 5610 6281 6605 6610 6825 7033 7205 7340
39 1256 1362 1732 1971 2344 2390 2520 2991 3091 4158 4348 4619 4623 4772 5602 5740 6118 6166 6420 6521 7010 7312
40 349 368 446 569 700 973 1496 1992 2039 2288 3070 3183 3224 3253 3402 3789 3955 4091 4246 4491 4711 5060 6579 6585 7024 7942
41 219 457 501 1025 1714 1744 2658 3023 3736 3739 4374 5191 5435 5583 6513 6746 6961 7070 7613 7689 7783
42 825 1397 1422 1456 1497 1859 2057 2188 3034 3715 3771 4920 5213 5600 5793 5885 6059 6064 6515 6519 6540 6710 7107 7679
43 105 2431 2449 2540 3187 3485 3899 3931 5236 6039 6054 6638
44 84 1103 1440 2237 3195 3260 3321 3460 4249 4635 5038 5673 6659 7117 7679 7957
45 618 1265 1534 2641 2652 3642 3773 4160 4658 4842 5685 5759 6151 6174 6308 6579 6600 7266 7430
46 431 562 611 1000 1499 2128 2762 4247 4409 4713 4858 5073 6075 6593 7270 7711
47 37 925 1064 1115 1588 2783 2830 3250 3870 3910 5304 6207 6317 6696 7299 7679 7768 7793 7986
48 281 437 637 757 1599 1935 1950 2131 2387 2637 3350 3661 3900 4842 5015 5755 6099 6131 6561 7155 7380
49 754 1355 1831 2297 2411 2725 2880 3066 3738 3873 4630 5755 5893 5940 6176 6472 6737 6774 6879 6939 7126 7224
50 836 955 977 1383 2048 2702 3203 3366 4566 4581 4957 4987 5249 5398 5982 6089 6215 7104 7188 7810 7838 7895
51 0 55 121 533 692 813 819 852 953 955 1007 1092 1871 2732 3097 3925 4055 4426 4541 4807 7481 7904
52 764 1295 1650 1667 1684 2815 3259 3462 3588 4287 4650 4682 4842 5104 5454 5675 5898 6487 6750 7077
53 316 373 447 713 1245 1786 2124 2887 3087 3148 3273 3841 4434 4494 5122 6655 7085 7138 7413 7452
54 582 736 1082 2178 2639 2803 2866 3253 3531 3538 3957 4849 4886 5117 5185 5824 6104 6668 6867 7219
55 51 245 250 291 728 753 1930 2272 3169 3302 3508 3741 3824 4289 4790 4923 5160 5272 5496 6078 6497 7291 7373
56 247 1283 1284 1676 2112 2197 2386 2686 3093 3856 4276 4455 5021 5314 5608 5905 7109
57 70 966 1061 1200 1404 1698 1729 2299 3670 4257 4938 5022 5531 6684 7726
58 81 198 542 548 609 1455 1622 1803 2375 3307 4482 4741 5218 5402 6493 6801 6805 6969
59 1077 1182 1479 1548 1826 1854 1956 2786 3441 3472 3738 4104 4829 6607 7239 7543
60 1182 1526 1773 2517 2795 2914 3141 3358 4114 5111 5377 5504 6162 7097 7268 7565 7870
61 738 801 1464 1864 2315 2564 3116 3237 3516 4328 4466 4591 4660 5346 5977 6328 6413 6560 6925 7197 7514
62 188 221 241 259 930 1082 1600 1635 2348 2369 3245 3654 4412 4461 6285 7097 7195 7300 7927
63 23 269 985 1708 2021 2533 2599 3153 3155 3299 3905 4077 4242 4459 4548 4589 4678 5170 5219 6325 6378 6393 6625 7510
64 87 272 503 672 900 1180 1198 1276 1307 1548 2033 2096 2407 2750 3742 3830 4919 5639 5911 5916 7054 7076
65 388 463 481 500 592 689 782 866 1152 1555 1686 1809 3131 3242 3267 3747 4068 4847 4917 4962 5452 5551 5998 6038 6417 6912 7099
66 903 2531 2537 2563 3156 3253 3291 3360 3674 3680 4010 4096 4248 4456 5221 5370 5642 5644 5720 5811 6349 6474 6736 7009 7560 7578 7822
67 213 292 474 2286 3113 3361 3669 3806 4583 6020 6957 7217 7339 7538
68 1412 1930 2079 2444 2562 3082 3262 3303 4012 4135 4392 4934 4991 5321 6082 7900
69 111 177 351 1225 1573 2026 2658 3040 3170 3356 3884 3912 3943 5305 5492 5748 5866 6144 6176 6280
70 57 2263 2335 2534 2661 2934 3843 3856 4528 4779 4843 5604 5913 6002 6171 6183 6693 6708 7252 7590 7992
71 348 399 1281 1786 2153 2203 2586 2994 3724 3800 4064 4223 4641 4722 4758 4936 5234 6047 6075 6278 6373 6902 7641 7861
72 247 931 1240 1518 1603 2483 2767 3009 3346 3421 3600 3739 4287 4396 4604 5896 6251 7045 7078 7084 7410 7505
73 358 831 919 1319 2277 3286 3446 3530 3627 4440 4663 5095 7541
74 1724 2235 2251 2416 2472 2723 2745 2975 3247 3353 3570 3902 4209 4718 4813 5076 5331 5704 6030 6704
75 354 630 741 781 992 1025 1273 1465 3190 3770 3955 4022 4986 4998 5348 5859 6160 6494 6559 6607 6842 7676 7918
76 6 1441 1595 3022 3114 3138 3237 3542 3601 4280 4339 4497 4619 5010 5375 5521 5789 6184 6624
77 181 1609 2081 2699 3091 3819 4166 4655 4669 4720 5385 5543 5661 5839 6330 6789 7140 7246 7698 7934
78 253 356 436 574 943 1208 2546 5074 5144 5482 6065 6548 6925 7111 7698 7749
79 269 783 1112 1151 1866 2814 3005 3610 3859 4484 4598 4737 4856 4905 5893 6137 7282 7424
80 31 304 607 936 1113 1387 1603 1641 1671 1747 2259 2377 2539 2940 3369 3391 3791 3920 4364 4671 5488 6253 6445 6470 6643 7280 7966
81 58 298 476 794 813 1592 1655 1890 2513 3640 3810 3870 4275 4499 5223 5559 5730 5969 6110 7205 7419 7854
82 426 982 1499 2833 2844 2897 3260 3514 4472 4504 5332 6428 7061 7256
83 264 452 1479 2126 2475 3020 3218 3243 3419 3496 3535 3977 4045 4136 4243 4433 4864 5449 5723 6822 7576 7695
84 44 105 512 546 696 993 1740 1868 1984 2070 2122 2409 4913 5354 5757 5969 6062 6556 6605 6671 6769 6863 7336 7723 7901
85 290 493 1281 1400 1638 1758 3039 3539 3810 5482 5683 5716 5779 5813 5832 5907 5923 6075 6298 6501 7101 7587
86 588 645 1881 2043 3133 4030 4599 4758 4783 5925 6023 6052 6253 6980 7042 7050 7140
87 64 328 555 708 799 1561 2107 2654 2708 4009 4801 5251 5402 5577 5597 5609 6428 6555 6616 6929 7033 7098 7291 7421
88 714 821 961 1670 2028 2055 2667 2708 2874 3158 3328 3371 3688 4646 4950 5019 5147 5325 5760 6309 6408 6695 6892 6944 7343 7848
89 866 1012 1228 1451 2265 2537 2578 3393 4484 6435 7150 7537 7588 7769
90 334 659 857 1338 1961 2308 2946 3411 3983 4120 4302 5609 6213 6228 6599 6607 6834 7535
91 1385 2595 3269 3500 3753 4184 4634 4676 5600 6441 7151 7971 7987
92 520 829 1313 1617 1814 2294 2847 3482 3976 4092 4329 4412 4953 4976 5626 5989 6409 6687
93 359 513 890 1085 1099 1191 1390 1958 3443 3454 4392 4476 6152 6715 6720 6895 6946 7889
94 413 578 732 896 1005 1375 1459 1616 2324 2398 2923 3010 5579 6500 7679 7893
95 425 479 1605 1948 2007 2193 2295 2376 2935 3440 3523 4196 4878 6664 6794 7382 7641 7759
96 146 349 382 654 1004 1087 1100 1207 1324 1590 2908 3178 3334 3409 3588 3619 3709 3739 3823 3930 4098 4177 4225 4916 4991 5455 5802 5954 5983 6903 6971 7473 7902
97 145 604 2945 3896 3981 4080 4103 5412 5616 5826 6030 6317 6583 7743 7862
98 1076 1356 2989 4261 4292 4338 4513 4787 4996 5020 5042 5748 6020 6496 7234 7770
99 106 153 477 568 756 904 907 2094 2310 3111 4506 4985 5370 7289
100 396 531 651 921 1121 1127 1155 2214 2795 3736 3949 4346 4461 5558 5761 6014 6050 6908 7037 7339 7341 7581
101 827 901 904 1586 2107 2219 2488 2665 3132 3886 3933 4105 4596 5003 5149 6732 7119 7261 7345 7466 7731
102 373 545 681 1686 2513 2588 2708 2850 3983 4208 4580 4703 4755 6005 6359 6481 6759 6766 7417 7660 7719 7726 7926
103 327 695 1044 1198 2448 2816 2964 2986 3846 4196 5448 5480 6225 6355 6828 6925 6982 7675
104 395 833 1359 1810 2922 2948 3195 3413 3433 3595 4362 4471 4734 4909 5063 5440 6340 6428 6566 6687 6794 7015 7666
105 43 84 112 223 1219 1313 1860 2420 2421 2533 3544 4397 4466 5812 6308 6552 6599 6607 6682 6780 6933 7161 7264 7714 7942
106 99 352 682 1259 1657 2287 3300 3304 3637 3750 4091 5309 5752 6127
107 134 398 875 1613 1813 2140 3253 3616 3750 4439 5072 6759 7374 7473 7600 7663
108 683 943 1022 1525 1608 1826 2104 2451 2511 2807 2840 3387 3598 3621 3869 3917 3989 4155 4853 5110 5605 5633 6749 7164 7702 7773 7947 7974 7983
109 374 495 566 793 2085 2161 3077 3177 3314 3480 3662 4627 4636 4792 5082 5445 5544 5756 5806 5825 6072 6150 6285 6653 6830 6934
110 123 174 1973 2288 2301 2320 2585 2639 3148 3748 4577 4920 5236 5323 6368 6573 6714 6913 7014
111 69 168 2143 2185 2363 2561 3249 3763 4579 5102 5188 5510 5569 5807 6454 6536 6549 6837 7669
112 105 342 491 582 599 1264 1481 1790 1824 1853 2051 2315 2967 3182 3411 3456 3726 4211 4378 4661 4790 7179 7180 7184 7249 7497 7792
113 412 782 1027 1259 2238 2626 2790 2831 3552 3870 4060 4242 4487 5367 5808 5952 6454 7189
114 145 218 589 869 1237 1532 2028 3006 3065 3375 3570 3679 4363 4808 5619 5912 5982 6190 6753 7214 7833 7890 7902
115 238 351 741 795 1023 1276 1451 2323 2728 2778 4284 4424 5411 5831 6748 7756
116 398 2092 2480 2516 2555 2761 2838 2995 3445 3776 3778 4888 4928 5027 5116 5220 5293 5307 5349 5653 5952 6582 7123 7656
117 161 662 998 1115 1453 1959 2547 2920 3667 3722 3798 4010 4373 5405 6107 6395
118 150 347 1681 2112 2299 3006 3199 3760 3836 3923 3951 5596 5734 5817 5858 6188 6659 7915
119 607 1086 1129 1314 1548 1775 2064 2248 3077 3379 3450 3677 3975 4078 4144 5013 5258 5496 6252 6445
120 1317 1919 2028 2449 2518 2529 2967 3731 4544 4646 4813 4833 4865 5339 5687 5800 6038 6408 6954 7289 7303 7431 7804
121 51 507 718 1250 2413 3210 3316 3425 3601 3689 3922 5014 5225 5326 6030 6471 6855 7563
122 455 802 1741 2544 2836 3151 3195 3985 4079 4224 5044 6075 6257 6803 6967 7713 7951
123 110 353 488 667 1494 1942 2566 3666 3956 4924 5389 5461 7147 7639
124 195 279 891 1215 1437 1665 2901 2966 3103 3127 3235 3991 4122 4190 4930 4995 6316 6636 6670 7059 7764 7902
125 0 341 363 871 1021 1153 1215 1231 1452 1639 1874 2068 2680 2705 3027 3250 3434 3595 4672 4921 5115 5469 5762 7175 7406 7804
126 598 1253 1344 2134 2295 2403 2437 2476 2929 3293 4873 5002 5130 6208 6550 6940 7918 7925
127 172 892 1261 1650 1938 2060 3101 3288 3807 4014 4397 4598 4706 5297 5940 6406 6525 6531 7028 7398 7500
128 947 1191 1697 2036 2062 2567 3109 3747 3990 4130 4540 4867 5145 5323 5768 5779 5868 6407 6456 6883 7683 7759
129 729 1059 1809 2017 2335 3349 3489 3962 4186 4250 4673 5099 5117 5332 5397 5921 6685 7318 7596
130 792 989 1082 1385 1544 2096 2138 2250 3704 3745 4621 4947 5273 5625 5804 6330 6345 6664 6928 7155 7277 7498 7775 7812
131 172 334 1459 2739 3537 5194 5334 5545 5917 6749 6766 7387
132 362 455 657 759 1844 1919 2022 2027 2103 2802 2840 2881 3120 3435 3713 4014 4664 4959 5399 5482 5599 5797 5920 6274 6820 6859
133 603 997 1901 2119 2152 2258 2702 3223 3730 4237 4908 5175 5349 5472 5473 5653 6729 7578 7828
134 107 195 383 970 1217 1587 1929 2863 3484 3669 3840 4508 4609 4910 4964 5369 5584 5621 5962 5966 6189 6254 7205 7675 7780
135 3 33 159 574 788 922 1062 1436 1456 1624 2025 2078 3319 3533 4508 6785 7106 7426 7550 7777
136 340 375 897 1534 2563 2700 3541 3795 4117 4277 4534 4738 4811 4938 5093 5287 6187 6514 6683 6703 6915 7220 7241 7786
137 21 147 634 822 1039 2767 2989 3059 3098 3268 3899 3982 4003 4718 5192 5716 5966 6135 6423 6653 7024 7378 7818 7979
138 254 657 955 2374 2495 3423 3515 3535 3557 3585 3653 3912 3915 4663 4870 5397 5466 6133 6376 6592 7331 7541 7955
139 484 867 1166 1388 1390 1809 2051 2294 2780 3379 3580 3873 4141 4669 5154 5553 6005 6111 6550 7086 7184 7602
140 1089 1211 1465 2416 3282 3415 3527 4115 4285 4712 4737 4761 5914 6272 6345 7314 7350
141 31 816 1081 1146 1572 2376 3144 3674 3781 3838 4298 4390 5401 5822 6638 6650
142 299 388 608 1296 1866 2440 2670 3516 3733 3867 4770 4945 5358 5856 6747 7161
143 1050 1282 1829 2780 2807 3186 3255 3296 3732 4259 4730 4897 5599 6257 6666 6827 7247 7635 7948
144 237 373 432 685 848 887 1423 1716 1948 2999 3016 3514 5250 5263 5526 5541 5563 5913 5918 6314 7283 7895
145 97 114 301 835 873 2015 2237 2435 2775 2811 2860 2955 3260 3703 3849 3962 4381 4662 4820 4825 4905 5834 6043 6151 6226 7016 7387 7900
146 96 867 1324 1670 1868 2759 3309 4272 4757 4789 5005 5304 5726 6018 6224 6352 6622 7016 7059 7674 7887
147 137 2003 2295 2523 2679 2760 3622 3735 4194 4622 4735 5120 6014 6285 7028 7417
148 1200 2257 2398 2527 3463 3841 4022 4070 4298 4508 5074 5079 5801 5950 6001 6177 7696
149 423 886 1407 1470 2453 2600 3244 3602 3663 4578 6021 6134 6447 6724 7278 7320 7457 7598 7863
150 25 118 541 618 620 814 1133 1828 2020 2204 2283 2391 2444 2895 2908 4406 4480 5196 5537 5765 6182 6657 6716 7103 7961
151 491 543 857 1106 2867 2873 3027 3105 3646 4102 4179 4324 4440 4759 5279 6316 6324 6810 7148 7209 7317 7761 7785
152 201 1213 2150 2171 2337 2865 2936 3138 3271 3295 3495 4457 4534 5710 6412 6480 6789 6931 7176 7670
153 99 155 604 1202 2166 3042 3152 3546 3704 3713 4398 4680 4723 4742 4822 5434 5730 6094 6155 6375 7714
154 551 553 755 1641 2410 2535 3808 4716 6382 6667 7143
155 153 579 1011 1114 1138 1488 2249 2653 3377 3435 3537 4547 5018 5361 5693 6365 6711 6945 6949 7333 7844 7889
156 296 494 695 1402 1426 1838 1853 2074 2511 3210 3565 3591 3662 4298 4403 4522 4726 5144 5231 6214 6283 6730 6880 7433
157 472 512 759 1301 2333 2386 2526 2573 3047 3126 3498 3627 5255 5682 5848 6133 6426 7829 7846 7860 7942
158 14 237 955 1060 1211 1260 1286 1826 3527 4268 4312 4337 4449 4548 5022 5309 5360 7289 7594
159 135 664 883 999 1052 1170 2091 2190 2829 2912 3424 3668 3836 4096 4712 5238 5714 5719 6350 7034 7077 7285 7422 7813 7995
160 683 759 1474 2444 2806 3200 3290 3794 5045 5305 5520 5778 6347 7223 7420 7476
161 117 618 902 985 1289 1725 1971 1991 2643 3229 4067 4258 4788 4846 5498 5626 6258 6407 6767 6775 6923 7062 7608 7992
162 404 750 1566 2067 2326 2625 2677 2792 3217 3331 3633 3925 4161 4706 4768 4968 5089 5759 5904 5986 6147 6560 7209 7358
163 998 1021 1277 1392 1680 2296 2832 3694 3905 3948 4334 4643 5154 5200 5364 6211 6876 6919 6946 7375 7594
164 900 1722 3032 3641 3756 3997 4077 4378 5401 5730 6056 6440 7432 7600 7717 7725
165 627 819 992 999 1924 2413 2425 2428 2524 3167 3299 3389 3515 4178 4466 4812 5030 5933 6148 6674 7249 7725
166 610 1733 2352 2441 3063 3087 4138 4621 4876 5168 5256 5495 5508 6520 6701 6964 7486 7615
167 1 337 348 679 944 979 1585 2070 2261 3055 3161 4234 4643 4944 6210 6536 6706 6967 7150 7374 7820
168 35 111 380 461 616 687 1362 1591 1844 1913 2601 2798 2873 2996 4167 4491 4775 5718 6587 6833 7661
169 264 564 958 2622 2687 3564 4014 4057 4602 5081 5130 5154 5780 5998 6135 6186 6269 6699 7306 7399 7519
170 543 703 778 844 852 1595 1673 2105 3212 3613 4178 4883 5427 5817 6147 6483 7276 7553
171 335 447 464 1078 1179 2019 2053 2398 3687 5077 5493 5780 5858 6355 6623 6856 6973 7174 7334 7367
172 127 131 402 467 814 1056 1461 2169 2223 2578 2737 3328 3478 3575 5683 6632 7528 7921 7987
173 273 713 715 2041 2327 2354 2636 2732 3998 4060 4492 5199 5439 5464 5612 6886 7004 7041 7460 7725
174 110 178 1001 1228 1296 1721 2134 2199 2709 2724 3505 3837 4307 5001 5717 5825 5951 6835 7323 7682 7914
175 356 928 1005 1964 3037 3058 4039 5157 5182 5213 6061 6126 6247 6425 6923 7446 7886
176 396 947 1201 1287 1529 1913 2458 2902 2944 3100 3615 3688 3757 4544 4570 4622 4763 5658 5706 5787 6020 6334 6543 6647
177 69 468 2029 2223 2237 2265 2542 3849 4624 4644 4653 4942 5360 6738 7229 7564 7571 7589 7762 7891
178 174 1698 1745 1759 2221 2269 2309 2370 2699 2738 2742 3079 3521 4643 4856 5588 5603 5734 5752 5966 6248 6307 6446 6559 6618 6658 7172 7336 7785 7986
179 481 1640 1807 2076 2087 2513 2637 2673 3949 4178 4370 4958 5658 6274 6321 6894 7001 7119 7236 7328 7329
180 580 1467 1732 1887 2101 2706 3450 3565 3643 3668 4474 4630 4737 4762 4868 5498 5602 5963 6461 6922 7046 7164 7387 7767 7846
181 77 784 1286 2584 3820 4657 4779 4780 5361 5510 6574 6704 6760 7425 7571 7718 7767
182 1640 1692 2805 3098 3344 3892 4155 4249 4513 5304 5527 6025 6485 7170 7382 7585 7773 7989
183 372 968 1305 1335 1972 2224 2555 2793 3040 3048 3578 4286 4406 4921 5250 5334 6307 6555 6763 7804
184 1728 2001 2025 2160 3273 3846 4543 5142 5891 6058 6157 6270 6842 7257 7479 7645
185 395 648 651 875 1139 1167 2887 2933 3114 3279 3318 3613 4219 4547 4918 5172 5277 5534 5733 6263 6352 6534 7234 7393 7818
186 1208 1785 1823 2239 2535 2538 3150 3204 3295 3638 3865 4338 4352 4404 5495 5843 5995 6001 6063 6207 6343 6564 6590 7669 7942
187 900 1787 2515 3060 3478 3633 3659 4355 5296 5325 5505 5612 5903 6288 6470 6701 6745 6856 7206 7625 7949
188 62 442 556 880 1269 1450 1985 2262 2985 3296 3401 3559 4230 4426 4718 5186 5223 5324 5687 5691 5774 6236 6945 6946 7007 7752
189 646 1056 1370 1702 2291 2584 2624 2663 3309 3513 3748 3941 3958 5138 5152 5563 5858 6035 6040 6105 6166 6170 7239 7534 7585 7650
190 37 845 1946 2676 2902 3091 3152 3543 3739 4206 4239 4999 6476 6499 7301 7556 7773
191 757 1424 1643 1688 2250 2259 2377 2384 2887 2947 4135 4840 4890 5083 5279 5351 5633 5854 5996 6562 7685
192 1113 1154 1191 1747 2058 4154 4842 5171 5865 6423 7126 7575
193 408 1188 1190 1268 1333 1372 1432 1833 2029 2083 3150 3425 4196 5101 5448 5675 6410 6421 6609 6740 6925 6946 7274 7290 7720 7904
194 303 655 711 957 1653 2045 2271 2391 2470 2658 2980 3259 3300 3750 3960 4079 5150 5171 5434 5505 6113 6799 6858 7050 7402
195 124 134 499 895 1111 1787 1993 2288 2309 2520 2850 3445 3533 3740 3958 5149 5339 5796 5970 6177 6668
196 12 214 703 842 1106 1156 1356 1613 1814 1873 2050 2374 3024 3040 5109 5135 5712 5824 5829 6057 6855 7503
197 208 326 390 887 940 1194 1385 1780 1921 2418 2488 2886 3196 3407 3900 4110 4280 4418 5543 6477 6759 7134 7223 7377 7392 7398 7730 7836
198 58 460 933 1772 2525 2938 3305 3519 3643 5039 5636 6066 7109 7346 7812 7968
199 581 941 1216 1340 1761 2205 2731 2983 3198 4168 4281 4413 4539 4558 4761 5995 6167 6918 7383 7385
200 372 401 896 1489 1676 1746 2240 2389 2780 3084 3658 4321 7190 7310
201 152 584 661 1093 1569 1751 2240 2254 2372 2857 4018 4377 4696 5197 5233 5411 6816 7027 7902
202 2 484 543 565 1192 1243 1511 1584 2052 2358 2954 2978 3431 3970 4023 4787 5266 5301 5909 5972 6074 6314 6390 6633 6675 7796
203 297 1109 1827 1987 2690 3055 3904 4099 4382 4571 5043 5073 5499 5610 5763 6597 6671 7230 7381 7586
204 359 399 881 1253 1269 2340 2631 3005 3156 3233 4654 4759 4815 4906 5020 5248 5611 5656 5685 5936 6941 7072 7146 7718 7896
205 555 610 662 987 1146 1264 2125 2297 2410 2500 2753 2949 3771 3809 4320 4622 5922 6525 6985 7798 7850 7962
206 373 743 926 963 1030 1338 1897 2817 3332 3441 3554 3814 4088 4238 4785 5034 5756 5767 5788 6657 6684 7697 7704
207 1257 1268 1350 1522 1864 1978 3530 3931 4497 4729 4848 5020 5061 5571 6543 6765 7394
208 197 673 800 1309 2458 2485 3372 3577 3814 4279 4936 5104 5453 5884 5917 6505 7014 7108 7221 7406 7835
209 1104 1459 1724 2815 3102 3195 3738 4197 5029 5184 5687 5710 5900 6176 6743
210 464 548 989 1128 1242 1435 1922 1942 2224 2394 2778 4407 4616 4808 4818 5170 5242 5577 5648 5746 5805 6017 6179 6511 6906 7387 7828 7949
211 1830 2376 2606 2740 2898 3220 3503 3646 3651 3903 3924 4267 4575 5470 5726 6029 7149 7538 7786 7903
212 751 972 1292 1297 1466 1592 1604 2365 2968 3028 3079 3948 4079 4268 5710 5720 6590 7635 7912 7963
213 28 67 479 544 748 1985 2851 2879 2996 3051 3075 3268 3612 4015 5246 5867 5999 6239 6771 7059
214 196 606 1590 2297 3419 4365 4616 5020 5719 5795 6064 6285 6375 6886 7218 7400 7492 7751
215 685 1579 2651 3053 3185 3709 4363 4411 4492 4647 5271 5487 5496 5584 5687 5732 5805 6050 6884 6988 7375 7511
216 534 570 688 1425 2179 2398 3368 3387 3914 3971 4411 5021 5079 5746 6529 7038 7151 7435
217 241 1285 1362 1460 1685 1977 1983 2128 2491 2522 2641 2672 2817 3533 3857 4014 4652 4734 4857 7844
218 114 498 761 875 876 965 1145 1492 4323 4458 4762 6314 7123 7211
219 41 678 1708 3269 3376 3463 3495 4210 4465 5444 5573 5837 6113 6132 7062 7430 7505
220 20 456 561 845 1596 1871 2202 2315 2372 2846 3944 4068 4445 5449 6086 6446 7429 7678 7979
221 62 301 562 3198 3297 3746 4698 4710 4767 4971 5199 5201 5997 6110 6131 6861 6878 6970 7094 7751
222 1116 3031 3103 3438 4165 4219 4532 5827 7024 7152 7432 7751
223 105 1381 2035 2224 2282 3118 3497 3505 3823 4131 4162 5058 6334 6542 6572 6640 6705 7181 7294 7405 7424 7554 7989
224 289 891 1446 3176 3692 3858 4815 4869 4957 5270 5699 5993 6233 6733 6878 7181 7453 7579 7666 7836 7993
225 4 503 699 1194 1224 3511 3804 4492 4644 4781 5322 5465 5490 5690 5831 6454 6764 6947 7243
226 415 512 709 1552 1591 1637 2128 2298 3214 4141 4263 5002 5108 5545 5782 6014 6052 6077 7125 7253 7257 7615 7889 7979
227 239 289 848 952 1077 1201 1211 1675 1732 2008 2038 3709 3797 3997 4148 4496 4590 4809 5491 5501 5706 6307 6743 6981
228 535 893 1414 2230 2299 3081 3627 4037 4258 5195 6144 6349 6411 6691 6721 7133 7513
229 2239 2412 2924 2962 4387 5619 6021 6116 6555 6909 7431 7900
230 709 864 1109 1687 1800 2005 2103 2168 2230 2424 3309 3484 4620 4822 4881 5329 5464 6341 6854 7599 7747
231 234 339 481 675 1571 3028 3183 3276 3642 3845 4041 4095 5299 6188
232 324 362 471 769 1336 1996 2486 2572 2622 2883 3028 3423 3440 3526 3614 4517 4741 5850 6330 6593 6662 7823
233 31 838 880 1667 2248 2384 2860 3313 3393 3834 4673 4756 5281 6010 6806
234 231 548 1124 1156 2429 2475 2630 3157 3393 3724 4027 4102 4175 4310 4383 4430 5010 5515 5654 6599 6912 7470 7692 7860 7871
235 541 1026 1162 1216 1448 1732 1758 2125 2462 2747 3239 4000 4067 5356 5473 5509 5923 6961 7382 7545 7710 7993
236 1121 1758 2139 2181 2742 4023 4445 4924 5211 5325 5897 6096 6105 6476 6592 7333
237 144 158 338 753 1179 1782 2353 2941 2946 3182 3403 3580 3909 4342 4578 4685 4717 5443 5894 6558 6747 6759 6998 7476 7493
238 6 115 1390 1968 2182 2377 2681 3090 3123 3346 3359 3719 4034 4037 4074 4546 4689 5071 5990 6117 6125 6526 6819 7290
239 227 426 725 879 1943 2190 2483 2882 3104 3442 3576 3877 4107 4631 5051 5354 5625 5702 6579 6643 6761 7533 7800
240 6 475 569 836 1235 1580 1989 2650 3273 3872 4582 4612 4878 5645 6186 6313 6315 7061 7215 7339 7836
241 62 217 300 1197 1328 1950 1979 3107 3462 3533 3587 3739 3793 3933 4061 4253 4596 4632 5437 5821 7712 7947
242 378 1150 1198 1211 1360 1630 1674 2993 3538 4651 4816 5026 5032 5124 5239 5498 5974 6282 7167 7407 7421 7563 7631 7653
243 278 353 590 601 1368 1529 1699 2091 2646 3175 3629 3841 3908 4645 5215 5451 5479 5708 6170 7542 7849
244 747 811 1117 1552 1554 3282 3313 3319 3348 3389 3456 4055 5151 5441 5854 5910 6475 6658 6726 7192 7639
245 55 259 264 520 855 950 1629 1834 2307 2810 3321 3403 3467 3859 4085 4127 4486 4525 5082 5304 5317 5392 5705 5869 7784 7909 7960 7999
246 259 270 315 886 1286 2376 2432 2828 3241 4189 4300 4467 4995 4999 5179 5504 5627 6743 7164 7311 7678
247 56 72 533 926 1029 1256 1733 2088 2103 2590 2603 2664 2900 3665 3964 4393 4513 5432 6244 6367 6580 6725 6832 7622
248 36 439 971 1432 2471 3087 4293 5075 5312 5596 5630 5709 6960 7720
249 851 1066 1210 1354 1560 1974 1988 2067 2364 2774 3709 3948 4864 5002 5041 5145 5250 5542 5975 6331 6336 6347 6361 6429 7100 7238 7873 7889 7929
250 8 55 444 473 642 1158 1217 2094 2496 2761 3071 4390 4924 5109 5119 5226 5246 6272 6623 7361 7843 7891
251 359 665 1163 1208 1568 2067 3080 3089 3215 3221 3294 3323 3445 3553 3962 4476 4642 4905 5219 5289 5527 5635 6085 6660 7106
252 694 834 859 1238 1754 2013 3057 3741 4102 4150 5698 5997 6619 6793 6819 7060
253 78 355 1432 1714 1780 2007 2264 2731 2997 3612 4258 5149 5219 5517 5611 6001 6206 6628 6931 7263 7496
254 138 1030 1661 1695 2963 3627 3660 4114 4288 4626 4795 5471 6694 7776
255 340 480 645 720 811 2624 2953 4817 5208 5619 7560
256 1144 1210 1302 1838 2946 3201 3798 3890 4073 4556 4750 5052 5076 5411 7156
257 19 267 448 450 730 2017 2838 3191 3694 3712 3889 3903 4056 4248 4704 4823 5029 5257 5374 5553 5793 6360 6654 6771 7334 7414 7658
258 1583 2257 2750 2775 3783 3970 3999 4345 4543 4597 4974 5089 5235 6889 6973 7330 7399 7428 7666 7772 7953
259 62 245 246 644 853 1404 1553 1846 1988 2318 3038 3094 3381 3566 3713 3999 4220 4404 4434 4591 4862 5430 5503 5525 5756 6174 6680 7500
260 407 695 1197 1256 1258 4022 4299 4887 4956 5214 5342 5412 5620 5680 6488 7271 7668
261 7 446 654 1516 2417 2464 2490 2822 3543 3730 3744 3926 4028 4179 4241 5562 6063 6746 7132 7583 7709 7900
262 34 357 417 539 676 1600 2451 2883 3485 3896 4185 4579 4730 4953 6590 6764 6771 6804 6931 6944 7997
263 849 929 1502 1549 2571 2623 3300 3415 3574 3829 4379 5244 5319 5460 5876 6737 7161 7444 7647
264 83 169 245 365 594 637 747 1059 2836 3378 3651 4210 4407 4709 5054 5755 5797 5941 6135 6812 6818 6882 7532 7597 7945
265 836 1087 1537 1640 3015 3094 4128 4734 4799 5255 5680 5903 6210 6706 7012 7245 7251 7347 7406 7753 7872 7954
266 571 931 1228 1712 2667 2937 3060 3738 3906 4232 4947 4978 5049 5246 5931 6954 6977 7040 7124 7137 7842
267 257 625 698 2069 2539 2835 3371 3756 3950 4191 4676 5103 5575 5603 6151 6448 6996 7442 7605 7897
268 351 676 752 758 915 1424 3368 4133 4675 4759 4855 5650 5944 6700 7120 7378 7937
269 63 79 315 748 809 1273 1622 1623 1807 2365 3310 3659 3871 3874 3886 5230 7453 7705 7759 7800 7893
270 246 463 858 1187 1514 1981 2936 3856 3858 3882 4064 4172 4503 4809 5298 5564 6453 6652 7217 7299
271 301 379 535 790 1367 1398 1693 2074 2248 2278 3274 3298 3474 3764 4128 4498 4746 4753 5004 5079 5241 5392 5653 5682 5774 5790 6005 6236 6870 6883 7348 7494 7799
272 64 456 1810 2043 2531 3170 3171 3969 4195 4476 4807 5080 5489 5553 5754 5972 6587 6799 6847 6856 6969 7875
273 173 1152 1396 1536 1776 2101 2137 2168 2272 2751 3859 3972 4547 4703 4892 5159 5269 5279 5453 5566 5598 5798 6019 6527 6766 6780 6787 6853 7306 7549
274 2422 2529 2989 4018 4787 5471 5742 7627 7846
275 279 494 1835 2047 2437 3888 3954 4109 4210 4587 5881 6011 6923 7195 7501
276 508 614 878 1176 2102 2328 2898 2928 3117 3275 3346 4571 4637 4726 4782 4927 4997 5105 5696 5872 6558
277 1192 1380 1672 1824 2545 2790 2868 3162 4015 4412 4516 5491 5683 6394 6759 7382 7592
278 243 315 645 1348 1702 1737 1795 2167 2740 3268 3324 3402 3614 3633 3748 4254 4663 4787 5097 5190 5798 6017 6311 6403 6606 7262 7422 7575 7659 7904
279 124 275 1112 2932 3198 3302 3793 4268 4455 6164 6658 6712 7039 7419
280 452 785 1700 2066 3084 3562 4694 4849 5215 6067 6192 6267 6592 6820 7362 7966
281 48 309 647 969 1165 1504 2108 2800 3001 3006 3092 3636 5606 5642 5836 5866 6235 6539 7539 7554 7606
282 607 1463 3003 3189 3424 3706 4473 4717 4915 4950 5593 6075 6477 6696 6876 7034 7183 7445 7468 7785
283 8 599 736 816 936 1619 1743 2006 2231 2234 3414 3602 4040 4123 4178 4246 4526 4810 5737 5788 5989 6304
284 587 1494 2241 2876 3567 3961 4248 4257 4292 4416 4897 5160 5251 5379 5417 5803 6489 6532 7325 7418 7808 7847 7966 7969
285 554 1006 1191 1476 1799 2177 2417 2501 2967 2995 3532 5766 5778 5796 6068 6881
286 10 298 1436 1440 2004 2567 2574 2878 3639 3827 4313 4528 4571 4597 5344 5721 5752 6056 6126 6757 6885 6969
287 23 406 427 551 1810 2095 2352 2490 3585 3638 3682 3706 3802 3805 4478 4668 5121 6388 6458 7635
288 15 412 459 577 934 992 1929 2237 2880 2933 2987 3193 3485 4087 4121 4125 4216 4905 5242 5972 5984 6105 6124 6929 7087 7183 7344 7954
289 224 227 628 996 999 1079 1386 1839 2419 2719 3531 3643 4494 4951 5526 6655 7292
290 85 467 1958 2102 2534 2703 2839 3353 3884 3909 3910 4451 4481 4887 5225 5614 5691 5895 5998 6493 6522 7051 7898
291 55 1109 1646 1975 2408 2546 2915 3143 3501 3672 4265 4285 4355 4481 5026 5456 6021 6199 6231 6374 6777 7490
292 67 316 1035 1487 1588 2122 2250 2255 2802 2818 3325 4211 4235 4768 5035 5053 5520 5702 5897 6527 6554 6685 6717 7089 7090 7153 7746
293 1101 1566 1967 3106 3284 3490 3795 4648 5365 5587 5688 5769 5830 6103 6307 6468 6476 6712 7005 7076
294 571 1967 2268 3547 4004 4022 4128 4380 4713 4740 5512 5528 5611 7052 7084 7291 7532 7604 7797
295 593 1232 2060 2172 3068 3378 3415 3924 3996 4526 5039 5103 5317 5945 6378 6400 7196
296 156 455 871 939 1590 1715 2433 3071 3353 3357 3415 3732 3774 4567 4596 5098 5346 5379 5613 5785 5854 6211 6220 6321 6473 6994 7094 7767
297 21 203 341 688 812 2001 2077 3400 3705 3825 3829 3928 4030 6112 6177 6428 6785 7570 7734
298 81 286 550 709 879 1186 1484 2651 3730 4230 4413 4521 7093 7960
299 142 341 930 1205 1968 2185 2287 2591 2679 2824 2969 2998 3489 3962 4135 4246 4335 5294 5527 6702 7013 7156 7374 7586 7717
300 241 326 718 723 915 1245 1399 1864 2326 2402 2830 3300 3675 3924 4482 4483 5221 5683 5816 6226 6434 6592 6745 7539
301 145 221 271 444 872 938 1336 1448 1575 2430 2501 2548 3323 3438 3451 3597 3633 5282 5497 5683 6149 6216 6504 6911 6955 7192 7719 7811 7881 7938
302 398 463 893 1216 1793 1948 2196 2663 3973 4024 5428 5662 5869 5964 5982 6139 6289 6685 6715 7360 7566 7591
303 194 363 392 396 422 427 1075 1981 2113 2122 2237 2468 2818 3214 3601 4167 4710 5284 5690 5846 5861 6747 7965
304 80 478 1004 1320 1843 1956 2014 2259 2620 2802 2859 3371 3549 3563 4312 4435 5461 5602 5766 6084 6182 6401 7002
305 445 709 788 1791 2905 3333 3653 3751 3954 4693 5415 5726 5865 6409 6848 6897 7066 7445
306 613 677 1322 1916 1978 2266 2460 4051 4098 4616 4944 6071 6352 6909 6947 7363 7408 7587
307 329 716 1301 1425 1520 2872 3333 3365 3615 4002 4067 4307 4406 4890 4939 5052 5662 5850 6325 7020 7074 7374
308 354 451 1976 2176 2824 2848 2904 3148 3451 3470 3895 4007 4444 4650 5090 5322 5392 6096 6852 7056 7065
309 281 1355 2963 3198 3254 3945 4087 4456 4531 4549 4585 4879 5211 5343 5829 5927 6588 7189 7279 7286 7692
310 357 394 537 1579 1842 2440 2596 2900 3236 3459 3705 4158 4273 4525 4577 5734 5930 6564 7114 7279 7465 7719
311 743 1261 1361 1567 2380 3087 3351 3817 3891 4023 4244 5355 6163 6259 6285 6721 6817
312 469 1085 1378 1568 1768 3221 3959 3980 4157 4162 4392 4431 5265 5367 5655 5988 6272
313 702 985 1148 1290 2123 2213 2459 2541 2576 2680 3406 3679 3724 4259 4372 4396 4516 4558 5776 5931 6412 6720 7935
314 1036 1419 1818 3410 4006 4243 4412 4455 5209 5231 5437 5534 5744 5765 5961 6646 6673
315 246 269 278 417 523 539 2030 2236 2395 2429 2901 3383 4220 5997 6234 6688 7961
316 53 292 733 929 1071 1162 1326 2170 2359 2411 2502 2725 2760 3130 3163 3914 3985 4496 4990 5018 5317 5318 5595 6304 6823 6868 7036
317 667 922 2099 2568 2895 2947 2952 2978 3152 3267 4386 5089 6911 6963 7336 7540 7903
318 712 834 870 1446 1843 1974 2001 2097 2104 2322 2569 2945 5153 5503 6096 6368 6745 7046 7483 7738
319 473 821 1242 1618 1914 2327 2328 2453 3887 4000 4645 4782 6305 7153 7580 7820 7986
320 914 1758 1935 1953 3302 3932 4030 4992 5105 7162 7529
321 647 1110 1336 1576 1578 1633 3139 3228 3655 3659 3694 3780 4368 4441 5212 5824 6664 7517 7991
322 524 1105 1320 1569 1784 2038 2061 2174 2215 2327 2367 2690 2734 3721 4238 4565 4722 4885 5984 6186 6579 6822 7726
323 382 832 1079 2330 2333 2444 2690 3336 3436 4128 4374 4391 4496 4939 5244 5760 5771 5950 6057 6295 6380 6585 6642 6678 7226 7954 7985
324 232 1426 1433 3759 3767 4210 4235 4540 5214 5708 5826 6770 7101 7166 7299
325 470 1128 1344 1604 3531 4353 4497 4567 4662 4829 4915 6607 6754 6938 6979 7418 7491 7851
326 197 300 522 933 1111 2272 2408 3065 3164 3336 4015 4060 4181 4391 4844 5108 5592 5744 6024 6042 6426 7960
327 103 607 754 1738 1855 2158 2779 3043 3350 3839 4238 4347 4479 4573 4583 4619 4930 5148 7618 7777 7952
328 87 679 711 1264 2182 2493 2579 3100 4886 5151 5961 6188 6518 6575 6850 6904
329 307 370 1737 2244 2322 3416 3734 3897 3916 3955 4354 4697 4901 4931 5246 5285 5917 6013 6231 6512 6556 6603 6875 7233 7272
330 720 1091 1170 1435 1642 2759 3744 4148 4547 4676 5863 5927 6027 6730 7318 7652
331 1783 1970 2025 2905 3584 4672 4814 5589 5653 5832 6162 6220 6347 6869 6997 7075 7436 7621 7675 7867 7892
332 540 630 651 1696 1879 1933 2199 2755 2914 4495 5107 5387 5501 5665 5757 7350 7449 7617 7771
333 342 370 840 1273 1301 1951 2157 3090 3127 3356 3367 4326 4527 4655 4675 4773 4836 5162 6044 6464
334 90 131 591 787 1456 1513 3698 3982 4990 5196 5226 5981 6218 6764 7054 7076 7266 7360 7781
335 171 585 678 916 1550 1728 1995 2340 2920 3363 3441 3736 5226 6637 6688 7182 7205 7987
336 500 1049 1990 2746 2956 3165 3770 4377 4839 5233 5769 5778 6273 6488 6688 6734 7006 7558 7718
337 167 698 734 1274 1316 1346 1411 1808 2910 3448 4356 4362 4367 4572 4710 5488 5828 6107 6309 6675 6924 7849 7941
338 237 1051 1088 1530 1646 2024 2828 2955 3227 3585 3782 4252 4798 4972 5601 6013 6281 6692 7244 7386 7410 7571
339 231 1962 3295 3808 4335 5056 5253 5909 6182 6290 7150 7275 7473 7544 7597 7761 7849
340 136 255 1086 1211 1289 1748 1893 2100 3274 3294 3819 4589 5326 5333 5345 6339 6375 6567 6928 7016 7795
341 125 297 299 789 1401 1660 1908 2075 2163 2188 2735 3363 3437 3501 4043 4801 4909 5077 5344 5558 6680 6736 6965 7725 7871
342 112 333 1664 1822 2063 2605 3656 3828 4080 4479 4997 5168 5387 5417 5480 5657 6132 6920 7031 7542 7859
343 586 967 1524 2084 2356 2703 3295 3533 4486 4517 4546 4701 4772 4953 5069 5193 5253 5262 5485 6422 6584 6785 6794 6831 7094 7307 7524 7551 7573
344 934 956 1517 2210 2911 3727 4522 5353 5361 5554 5852 6214 6286 7761
345 350 551 829 900 919 985 1114 1596 2505 2727 2953 3304 3431 3519 3787 4806 5563 6063 6113 6514 6773 6783 6990 7330 7361 7363 7830
346 364 685 1730 3052 3591 5201 5554 6719 7393 7907
347 118 642 743 853 992 1072 1169 1722 2170 2366 2704 3667 3722 4056 4555 4984 5132 5906 6178
348 71 167 1658 2382 2550 3185 3321 5419 5620 5783 7026 7272 7600
349 40 96 548 625 673 908 1055 1223 2911 3745 4006 4088 4709 5179 5536 5847 7100 7183 7844
350 345 1066 1564 1579 1817 2102 2498 2826 3161 3377 3439 3460 3610 4460 5060 5075 5262 6053
351 69 115 268 611 1668 2504 2795 2895 3878 4167 4345 4774 5018 6505 7116 7282 7887
352 106 405 960 1151 1231 1815 2151 2871 3040 3101 3433 3619 4119 4240 4259 4793 4908 5131 5248 5502 5561 6763 6796 7937 7960
353 123 243 472 1395 1445 1859 2032 2262 2272 2357 2390 2474 2983 3798 4034 4305 4513 5413 5767 5786 6396 6874 7417 7715 7807
354 75 308 969 1229 1271 1713 1779 2648 2861 3052 3359 3788 4130 4325 4355 5059 6004 6422 7063 7101
355 253 835 1125 2375 2644 2743 3255 3276 3297 3533 3928 4678 5129 5573 5664 5883 5955 6796 7460 7762
356 78 175 755 1829 2124 3697 3773 4023 4173 4513 4514 4792 5731 6420 7597
357 262 310 638 1233 1440 1482 1674 1687 2128 2359 2859 3507 4418 5013 5075 5143 5205 5446 5616 5747 5959 6438 6722 7627
358 73 362 620 1004 1294 1400 1616 2044 3367 4021 4783 4993 5244 5806 6461 6738 7715 7757 7939
359 93 204 251 1801 3321 5472 5783 6566 6945 7003 7065
360 1384 1415 1513 1755 1909 1962 2262 2604 4483 4627 5594 6436 6616 6972 7075 7414 7500 7672
361 402 834 948 2984 3489 4348 4671 5414 5697 6406 6614 7000 7348
362 132 232 358 369 666 980 1250 2898 3119 3181 3266 3428 3549 3573 3691 4241 5018 5884 6537 6962 6995 7539 7559 7723
363 125 303 2169 2419 2523 2652 3112 3832 4045 4088 4215 4428 4529 4616 4867 5054 5257 5323 5454 5752 6013 6280 6287 6606 7037 7418
364 346 927 2210 2379 2884 3497 4992 5448 5676 5945 5988 6301 7351
365 5 35 264 703 821 834 1172 2741 2822 2906 3135 3271 3804 3972 4050 4252 4544 4586 4932 5170 5811 5909 6374
366 459 1288 1785 2196 2800 3178 3866 4155 4933 6280 6295 6800
367 902 1045 2480 2596 3465 4110 4962 5095 5145 6394 7602 7929
368 7 40 2220 2580 3425 3639 3662 3920 4215 4771 5630 6240 7265 7560
369 362 649 748 809 1330 1447 2044 2298 2906 2972 3182 3828 5756 6298 6466 7317 7421 7698
370 329 333 1603 1995 2679 3435 3643 5034 5096 5161 6806
371 533 641 1124 1197 1777 1794 1827 2254 2442 2443 2735 3254 3334 4068 4243 4349 4570 4638 4834 4838 5118 5429 5622 5984 6146 6150 6212 6609 7011 7440 7567 7594
372 183 200 877 1418 1826 3136 4835 4968 5360 5892 6245 6773 7537 7959
373 53 102 144 206 1364 1619 1935 1958 2055 2716 2778 2903 3681 4125 4497 5613 5936 6008 6221 6917 6982 7035 7167
374 109 1446 1667 1926 2586 2620 2843 3207 3381 3703 4213 4450 4710 6412 6980 7358 7520
375 136 424 1557 1880 1917 2248 2608 3688 4497 4645 5438 5533 5616 6759 6872 7989
376 634 1479 1799 2057 2738 2761 2914 2975 3191 3386 3640 5094 6453 6653 7098 7225 7279
377 555 1453 1624 1880 1915 2050 2413 2725 3158 3376 3865 4570 4761 4818 5437 5868 6751 6882 7621
378 14 242 520 1015 1173 1489 1820 3031 3221 3436 3508 3512 3525 3647 4061 4818 4973 4982 5071 5126 5342 5367 5651 5739 6638 6964 7008 7027 7196 7363 7484 7774 7819
379 271 784 1229 1750 1898 2402 2672 3511 4299 4348 4440 4442 4833 4958 5126 5765 5874 5907 6256 6356 7329 7485 7643 7825 7902
380 168 510 662 997 1857 2447 2533 2612 2731 2749 2762 2982 3652 4305 4359 4665 5270 5601 5783 6056 6334 7048 7093 7323
381 417 1379 1394 2423 2963 3243 3261 3382 3450 3698 4631 5193 5993 6480 6806 6908 6981 7092 7195 7461 7884 7975
382 96 323 939 1615 1719 2022 3482 3761 3857 4006 4224 4398 5386 5473 5592 5708 5952 7153 7429 7477 7489 7670 7915
383 3 134 567 690 1081 1183 1431 1563 1827 2376 2377 2663 2802 4244 4574 5277 5613 5846 6176 6516 6602 7492 7648
384 396 832 1492 1535 1746 1805 2163 2314 3648 4248 4337 4411 4710 4834 5191 5246 5647 5657 5922 7328 7368 7488
385 982 1127 1289 1366 1573 1826 2405 2475 3071 3373 3901 4355 4600 4606 4661 4942 4953 5163 5791 5890 5914 7352 7364 7752
386 1568 1787 2191 2467 2517 2802 3213 3755 3830 4017 4106 4412 4820 4882 5823 5923 6065 6582 7019 7544 7999
387 27 2318 2482 2587 2707 3164 4178 5258 5326 5755 6366 6680 7169 7208 7344
388 16 65 142 425 676 1074 1107 2563 2861 3545 3836 3863 4172 5073 5749 5779 6042 6308 6612 6903 7130 7200 7314 7998
389 894 1258 1474 1777 2060 2861 2983 3343 4499 4577 4746 5687 5737 5911 6152 6188 6630 6758 7671
390 18 197 598 1204 2138 2597 2807 2864 2900 2990 3546 4163 4438 4715 4774 5717 5724 5837 6281 6761 6933
391 807 1560 1744 1813 2017 3071 3184 4263 5758 6181 6592 6779 6890 7008 7275
392 303 461 1556 2322 2600 2794 3797 4040 4346 4715 4805 5208 5294 6084 6604 6808 7051 7362 7388
393 462 584 601 604 1142 2194 2949 3730 3787 4337 4908 5164 5656 6100 6364 6874 6940 7024 7155 7276 7385 7498 7518 7688 7940
394 310 435 583 664 890 1140 1611 1965 2372 2600 3453 3501 3884 3904 4917 5027 5228 5404 5656 5841 5943 5955 6198 6231 6904 6975 6981 7295
395 104 185 501 1125 2312 3384 4821 4861 5133 5500 5641 6592 6593 7624
396 100 176 303 384 598 654 1055 1315 1447 1768 1876 2307 2457 2651 2697 3268 3484 3526 3660 3743 3915 4159 4366 5347 5825 6548 6696 7143 7300 7813
397 731 2792 3739 4008 4303 4331 4839 5140 5212 5369 5770 5785 6403 7425 7714 7715 7735 7877
398 107 116 302 1139 1330 1361 1936 2283 2929 4066 4141 4200 4439 5058 6202 6289 7073 7418 7487 7638
399 2 71 204 411 1218 1330 1453 1543 1643 3418 3760 4154 4410 4509 4691 4938 5723 5745 5963 6002 6015 6154 6629 6857 6951 7081 7212 7969
400 404 767 1241 1640 1927 2594 2641 2784 3897 4084 4231 4914 5114 5305 6007 6093 6350 6444 6566 6689 6817 7905
401 200 856 1154 1232 2062 2092 3045 3374 3678 3843 4085 5171 6381 6672 6814 7322 7954 7978
402 172 361 454 585 696 1421 1724 1939 2192 2415 2510 2932 3170 3730 4271 5038 5477 6126 6778 7127 7471
403 1218 1454 1496 1541 2134 2155 2516 2648 2755 2983 3159 3588 3649 3729 3996 5027 6119 6432 6536 6661 6746 7094 7953
404 162 400 961 1995 2365 2881 3214 3432 3525 3939 4085 4089 4444 5011 5282 5860 6183 6393 6573 7342
405 352 652 822 966 2420 2441 2611 3812 3995 5240 5421 5533 5887 6045 6153 6623
406 287 579 725 1286 1308 1339 1852 2782 3402 3556 3700 3888 4247 4376 5631 5785 6045 6122 6751 7858
407 260 525 1052 1131 1252 1458 2364 2444 3020 3051 3201 3231 3267 3778 4238 4280 4580 4694 5023 5892 6669
408 193 537 998 1283 1966 2085 2119 2451 2837 3115 3350 3356 3877 4432 5224 5225 5641 6448 6631 6791 7377 7465 7660 7909 7979
409 417 590 719 817 1476 1994 2205 3145 3548 3876 4018 4173 4442 4893 5075 6087 7351 7635
410 775 1433 1966 2089 2618 2778 2854 2998 3205 3700 3843 4625 4695 4849 4989 5683 6413 6784 7448 7451 7950
411 399 981 1180 1580 1899 1974 2379 2686 2900 2994 3381 3864 3911 4220 4326 4518 5015 5421 5492 7072 7219 7515 7831
412 113 288 1436 2639 3324 3806 3840 3861 4064 4076 4334 4420 4882 4951 5143 5254 5316 5345 5404 6181 6229 6568 6673 6724 6727 6963 7494 7537 7573 7578 7938
413 94 784 894 1063 3208 3258 3519 3548 3577 3805 3949 3979 4340 4572 4982 5452 6132 6224 6234 7179 7719
414 1110 1222 1807 1896 1934 2926 3077 3338 3443 3467 3828 4179 5109 5380 5798 5893 6207 6236 7635 7673 7751
415 226 486 649 904 2239 2460 2915 3174 3759 5128 5132 5310 5341 5544 5636 5728 5747 5794 7248 7307 7553 7632
416 611 755 1216 1258 1271 2484 2541 2966 3521 4017 5415 6941 7607 7710
417 262 315 381 409 552 794 1141 2358 2506 2986 3994 4238 4582 4778 5745 5748 6170 6381 7200 7310 7452 7784
418 999 1090 1103 1158 1447 2051 2148 2621 2866 3122 3606 3890 4757 4909 6698 6863 7010 7441 7665 7852
419 433 847 1747 2156 2258 2731 3802 3842 4051 4366 4946 5034 5126 5345 5600 6811 7550 7562 7647 7927 7935
420 719 1179 1769 1998 2364 2670 2804 3805 4180 4344 4498 5158 5355 5723 6031 7381 7401 7873
421 432 1168 1305 1468 1918 2221 2333 2613 2922 3027 3253 3579 3628 3750 3860 5132 5863 6124 7358 7863
422 303 646 1048 1378 1446 1621 1635 1909 2262 3410 3440 3652 3686 4894 5769 6029 6075 6464 6711 6832 6952 7561
423 149 496 749 799 1071 1136 1260 1585 2023 2421 2805 2825 3339 4163 4319 4347 5672 6180 6315 6700 6758 7576 7933
424 375 501 2070 2081 2702 2788 3238 3550 3918 4510 4779 5970 6121 6581 7746 7946
425 95 388 1252 1391 2115 2343 2348 3493 3723 3748 3824 4320 4519 5575 5836 6559 6771 7886 7999
426 25 82 239 661 687 775 1200 1415 1717 3557 4241 4407 4424 4758 4939 5216 5282 5616 6884
427 287 303 596 1757 2038 2097 2387 3714 4408 4651 5021 5068 5230 5645 6016 7428
428 1600 1881 2446 2686 3082 3271 3452 4292 4368 4534 4951 5632 5969 6010 6438 6752 7336 7550 7682 7725
429 553 1027 1039 2108 2276 2455 3130 3507 3920 4623 4926 5278 5811 6052 6080 6257 6641 7153 7727 7745 7930
430 745 922 2537 3336 3756 5064 5726 5980 6137 6171 7679 7972
431 24 46 703 1266 1528 2703 3304 4166 4185 5688 5915 6071 6505 6635 6735 7222 7286
432 144 421 461 854 1357 2151 2300 2315 2419 3033 3283 3985 4077 4368 4744 5118 5243 5244 5267 5555 5573 7921 7989
433 419 742 1373 1640 1664 2299 2576 3138 3502 3793 4220 4320 4333 4935 5224 6403 6819 7143 7176 7277
434 1082 1426 1523 1571 1951 2649 2665 2699 2820 3016 3769 5009 6092 6125 6306 6447 6584 7006 7188
435 394 1133 1155 1376 1443 2078 2484 3221 4058 4481 4558 5157 5853 6456 6561 7666 7789
436 78 1027 1080 2493 2801 3064 3352 3455 3825 4220 4338 5164 5280 6491 6756 6773 7233 7256 7336 7494 7722 7929
437 48 1430 1839 2256 2576 3242 3473 3556 4129 4658 4677 5596 5633 5982 6955 7146 7899
438 576 1226 1365 1452 1573 1702 1777 2093 2296 2658 2769 3392 3954 4923 5151 5380 5426 6083 6320
439 248 659 1201 1583 2536 2817 3812 5015 5374 5636 5652 5664 6050 6416 6619 6829 7032 7775
440 1207 1272 1359 1676 1804 1856 1937 2084 2347 2893 3140 3305 3711 3796 5204 6374 6495 6544 6624 7035 7323 7836
441 1156 1198 1601 2042 2213 2954 2969 2977 3605 3752 3816 4125 6017 6845 7241
442 188 689 781 1031 1855 2466 3334 3741 3813 4365 4568 4698 4878 5291 5303 5981 6034 6042 6782 6881 7122 7757 7762 7888
443 23 688 1016 1482 1842 1894 2039 2195 2809 2951 3931 4036 5615 5774 5810 5989 6466 6826 7077
444 250 301 528 1532 1712 3820 4274 4425 5331 5478 5590 6681 6921 6950
445 305 456 720 1121 1551 1651 2643 2872 2901 3091 3743 4027 5273 6003 6160 7048 7068 7947
446 40 261 593 1986 2018 2367 2373 2731 3303 3490 4615 4662 4728 4825 5737 6046 6497 6793 7316 7643 7788
447 53 171 687 885 939 1071 1166 1481 1517 1653 1665 2620 3260 3405 4423 5000 5155 5381 5864 6452 7086 7508
448 257 490 609 710 1207 1620 2122 2773 2845 2961 2982 3193 3232 3471 3576 3709 4375 4579 5210 5223 5794 6076 6461 7286 7436 7761
449 1113 1783 1854 2374 3747 3764 5866 5990 6000 6090 6728 6792 7681 7758
450 257 1040 2268 2657 2709 3358 3482 3573 3981 4707 5251 5320 5453 6303 6709 7676
451 308 744 1136 2017 2385 2799 3474 4868 5162 5516 5648 5769 7045 7602 7744
452 83 280 641 706 787 1532 2489 3340 3532 3826 4385 4403 4602 5238 5741 6099 7303 7509 7794
453 14 1014 1426 1596 1877 1941 2631 2716 2730 3245 3787 4123 4874 5006 5485 6303 6583 7520
454 402 510 712 1782 1874 1937 2390 2881 3444 4049 4094 4377 4560 4588 4699 4877 5007 5276 5434 5687 5731 5751 6140 6233 6313 6580 6928 6988 7110 7746
455 122 132 296 578 1133 1283 1284 1327 1798 2087 2209 2465 2749 3161 3454 3560 4368 4501 5485 5493 5705 5986 7037 7368 7712
456 220 272 445 978 2239 2300 2387 3314 3318 3423 3454 3711 3964 4347 5069 5249 6071 6241 6735 7171 7491 7645 7928
457 41 1250 1488 1871 2116 2161 2251 2888 4041 4120 4373 4815 5082 5155 5445 6419 6808 7287 7336
458 1087 1240 1307 1349 1452 1667 1897 1938 2035 2116 2127 2706 2890 3207 3622 4372 4408 5405 5664 6298 6354 6393 6479 6889 7044 7368 7517 7634
459 288 366 1591 1750 2163 2256 2454 2611 3005 3737 3915 4132 4428 4698 4754 5076 5179 5718 5932 6514 6552 7020 7915
460 198 575 675 799 836 1006 1239 1549 1676 1769 2152 2183 2274 3323 3872 4354 5882 6125 6160 6302 6578 7461 7787 7864 7902
461 168 392 432 811 1072 1766 2294 2518 3185 3232 3421 4454 4784 5101 5898 6016 6063 6130 6251 6392 7099 7168 7324 7580 7606 7699 7783
462 393 881 883 1741 2015 2155 2203 2701 4248 5685 5789 5880 5955 6491 7792
463 23 65 270 302 1043 1264 1759 1977 2380 2754 3924 4659 6314 7371
464 171 210 728 882 941 1047 2939 2980 3442 3660 4105 4540 4705 4798 5028 5067 5289 7021 7104 7647 7814
465 594 657 1445 2478 2479 2495 2515 2660 3316 3915 4077 4344 4398 4422 5113 5181 5182 5244 5454 5752 5833 6209 6535 7365 7579 7725 7995
466 623 782 784 1048 1489 1824 2441 2757 3157 3390 3851 3867 3877 4485 4557 4926 4971 5168 5457 6194 6439 6522
467 172 290 1095 1498 1544 1827 2998 3501 3681 3910 3940 4238 4440 4600 5534 5598 5765 5932 6061 6332 6486 6630 6649 6720 6799 6940 7240
468 177 1790 1949 2300 2324 3023 3120 3257 5314 5893 6767 7074 7704 7707 7738 7820
469 312 1014 1983 2012 2376 2650 2820 2890 3057 3749 4339 4920 5921 6815 6854 6994 7073 7096 7593
470 325 594 904 1088 1114 1142 1500 2470 3075 3265 3492 3605 3661 4196 4383 4638 5278 5379 6051 6207 6823 6848 6866 6876 7066 7652
471 232 834 974 1159 1181 1243 1392 2206 2858 3039 3166 3268 3282 4535 6142 6286 6562 7249 7842 7881 7933
472 28 157 353 967 1634 1810 2308 2514 3018 3293 4002 4839 5089 5147 6257 6295 6616 6657 6828 7699 7962 7984
473 250 319 896 1318 1539 2384 2843 3196 4559 4921 5621 6035 6533 6921 7039 7106 7500
474 67 1488 1603 2731 3289 3589 3867 4487 5874 6387 6610 7121 7605 7915
475 240 511 1969 2168 2187 2424 2568 3150 3407 3439 3736 3968 4098 4280 4837 5911 6058 6329 6421 6618 6741 7333 7679 7998
476 81 630 977 1812 2164 3131 3196 4327 4383 4522 4839 4891 6494 6580 6930 7403 7516 7641 7852 7959
477 99 490 1342 2049 2192 3123 3970 4677 5901 6496 6525 7866
478 23 304 512 1004 1030 1312 1340 2553 2632 3075 3130 3646 5080 5282 5411 5464 6635 6710 7527 7641
479 95 213 579 971 1163 1195 2712 2787 4221 4293 4697 5858 6849 6853 7358 7904
480 255 914 1321 1621 1724 2037 2403 3193 3271 3910 4015 4020 4670 5626 5790 6554 6940 6947 7392
481 65 179 231 655 859 1090 1116 1168 1337 2592 2692 3599 4111 4293 4315 4423 4448 4541 4652 5269 5389 5419 5476 5578 5836 6373 6446 6596 7090 7334 7432 7585 7784
482 933 1459 1585 1936 1944 2429 2616 3367 3497 4077 5213 5877 6573 6770 7430 7647 7977
483 753 1069 2178 2517 2912 2990 3279 3810 3891 4798 5179 6165 6598 7299 7333
484 139 202 830 1171 1475 1615 1736 2414 2418 2516 3200 4043 5578 6399 6964 7740 7770
485 803 2895 4108 4412 4897 5215 5252 5325 5413 5741 6400 6487 6957 7271
486 415 1035 1301 2032 2606 2967 3159 3160 3172 3291 3308 3800 3902 4057 4232 4315 5225 5664 6112 6823 7364 7405 7412 7848
487 823 1212 1315 1372 1945 2562 2688 3011 3617 3729 4177 4907 5090 5837 6047 6214 6507 6661 6954 7051 7475 7515 7849
488 123 1259 1489 2080 2145 3344 3789 4468 4560 4577 4868 4901 6048 6501 6532 7067 7414 7419 7687 7736
489 521 813 1121 1219 1360 2398 2502 3234 4474 4844 5027 6014 6501 6600 6746 6790 7399 7455 7540 7596
490 448 477 901 1118 1494 2560 2792 3056 3355 3478 3547 4196 4946 6371 6564 7023 7246 7258
491 30 112 151 786 1869 2501 3070 3900 4242 4967 5250 5338 6142 6497 6916 7257 7323 7966
492 1158 1557 1749 1866 2174 2823 3578 3663 3764 3988 4177 4406 4408 4777 4916 5178 6479 6812 7819
493 85 1288 1749 2081 2169 2519 2937 3108 3322 3448 4329 4360 4837 5632 6484 7023 7143
494 15 156 275 681 1110 1942 2010 2279 2363 3412 3557 3569 3721 4003 4093 4334 4391 4936 4972 6394 6792 7448 7528 7705 7782
495 109 1534 1749 2069 2914 3269 3530 3720 3996 4991 5011 5443 5498 5801 5945 6007 6320 6634 7789 7984
496 423 1205 2041 2361 2484 2651 3649 3741 3831 4133 4200 4311 4548 5104 6209 6374 6707 6743 7267 7310 7546 7602
497 586 613 2151 3060 3074 4237 4598 4653 4903 5151 5223 5449 5857 6900 7404 7498 7664
498 218 1640 2187 2792 3423 4244 4672 4993 5256 5522 6145 6898 7017 7664
499 195 2247 2391 2579 3499 3674 3880 4449 4534 4708 5336 6129 6227 7296 7474 7602 7894
500 65 336 922 1295 2435 3103 4460 4796 4798 5130 5401 5974 6433 6711 6823 6847 7376 7587
501 41 395 424 1430 3094 3576 3579 3638 5384 6524 6721 7185 7397 7426 7504 7732
502 910 1612 1886 2344 2479 2847 3347 3539 4054 4088 4192 4504 5536 5621 5973 6014 6752 6807 7165 7390 7852 7934
503 64 225 786 926 1161 1792 2861 2921 2983 3104 3256 3376 3933 5577 5597 5656 5693 5840 6532 6845 7868
504 963 1080 1165 1648 1842 2451 3161 3666 4117 4965 5382 5479 5822 5847 6529 6639 6971 7137 7289 7426 7440 7962
505 730 830 977 1241 1944 2046 2179 2308 2828 3490 3707 4028 4133 4372 4519 4601 4939 4961 4964 5735 6322 6544 7122 7223
506 808 819 932 1045 1429 2218 2384 2644 3778 4019 4092 4361 4685 4917 5130 5137 6517 7042 7481 7506
507 31 121 705 989 1195 1575 2595 2635 2726 2784 2837 2839 3049 3580 3679 4498 4608 4955 5573 6606 6843
508 276 559 2003 2261 2297 2669 3286 3383 3592 3818 4285 5005 5028 5030 5113 5165 6889 7489 7879
509 560 643 1168 1181 1357 1400 2026 2154 2512 2526 2615 3198 3221 3377 3441 3506 4154 4333 5981 6294 7092 7313 7843
510 380 454 932 1032 1482 2110 3168 3260 3772 4033 4136 4598 4895 5416 5444 5819 6207 6777 6795
511 475 1245 1335 1937 1978 2676 2877 3262 3477 4013 4391 4662 5075 5646 5723 5930 7122 7825
512 84 157 226 478 532 720 2100 2345 2546 2646 2844 3787 4172 4592 4919 5344 5356 5387 5703 6374 7128 7220 7384 7901
513 93 661 824 850 919 1009 1687 1771 1885 1957 2077 2090 2491 2496 2732 2747 2814 3247 4557 4877 4980 5020 5145 5196 5341 6036 6919 7514 7794 7846
514 779 809 828 1982 2449 3522 3737 5297 5406 5502 5516 5609 6776 7364 7575 7581 7672
515 614 833 951 1166 1439 1915 2747 2815 3447 3647 5303 5892 6070 6270 6516 7089 7200
516 954 1138 1242 1247 1331 1671 2692 2809 3089 4389 4985 5540 6082 6230 6746 7032 7269 7400 7698 7801 7996
517 1028 1065 1334 1713 1852 2499 2822 3550 4623 5805 5975 6262 6632 6696 6952 6969 7185 7468 7543 7553 7882 7952
518 25 852 917 2174 2615 3053 3191 3944 4780 5848 6043 6347 6530 7484
519 728 730 1052 1218 1242 1354 1457 1532 2203 2813 2889 3610 3650 3966 4336 5113 5253 5837 6754 6802 6913 7924
520 92 245 378 595 878 1236 1801 2100 3014 3710 3730 3805 4456 4622 4829 5034 5052 5450 5472 5554 6077 6601 7022 7611
521 489 587 1268 1519 1723 2299 2428 2756 2861 3518 4067 4235 4489 4603 4837 4888 5517 6341 6995 7445 7896
522 326 1619 1884 1903 1946 3194 3379 3799 3874 4001 4023 4174 5337 6019 6328 6378 6518 7192 7383
523 315 705 875 3233 3700 3731 4264 4509 6173 6224 6425 7280 7290 7982
524 322 864 1220 1423 1583 1815 1956 1973 2427 3105 3193 3369 3545 4105 4326 4395 5291 5481 5555 5949 7275 7788
525 407 1099 1149 1500 2089 2860 3624 4139 4543 5558 6222 6267 6961 7393
526 11 621 624 1486 2368 2744 2878 2943 2982 3355 3397 4152 4328 5904 7033 7456 7525
527 608 900 1680 1705 1878 1918 2068 2560 3404 4709 4864 5655 6162 6553 6812 6924 7408 7605
528 444 1552 1596 2592 3042 3149 3235 3241 4979 4999 5408 5418 6687 7257 7288 7313 7748
529 657 933 949 1019 1054 1759 1852 2007 2138 2517 4550 4906 5784 6727 7667
530 715 923 1137 1454 1844 2322 2560 3332 3539 3540 3759 3790 3837 4105 4211 4328 4456 4542 4682 5093 5214 5386 6403 7131 7275 7570 7886
531 100 1231 2683 2771 2883 3138 3148 3297 4209 4592 4658 6083 6114 6142 6597 7522 7763
532 512 884 1923 2065 2995 3031 3575 3738 4732 4766 4885 5702 6265 6821 7236 7927
533 51 247 371 649 1817 1906 2591 2610 2843 2924 4328 4577 4659 4674 5052 5299 5465 5500 6606 6914 7277
534 216 633 1427 1463 2161 2503 2750 2798 3176 4378 4559 4728 5579 5906 6844 6876 7146
535 228 271 817 1387 1520 1765 3021 3124 3588 3665 3708 4300 4495 4643 4667 5375 5471 5612 5632 5644 6612 6808 6981 7991
536 827 1315 2102 2824 3724 3981 4504 4988 5080 5602 6142 6196 6910 7956
537 310 408 1603 2609 2820 3263 3333 3415 3625 3935 4018 4342 4721 5617 6397 6760 6787 7624
538 578 2239 2409 2929 3130 3571 3669 4784 5319 5863 6578 6582 6940 6959 7326
539 17 262 315 1037 1118 1137 1183 1406 1456 3134 3795 4059 4099 4121 5275 5312 5482 5514 5637 5820 6136 6190 7260 7519 7858
540 332 1120 1743 1861 2032 2644 2708 2804 2834 3241 3293 4892 5608 5694 6053 6386 6514 6799 6840 7073 7533
541 150 235 569 1463 1600 1669 2351 2613 3342 3368 4167 4463 4778 5343 6795 7842
542 58 1202 1909 2851 3208 4040 4546 5061 5128 5549 5648 6163 6299
543 151 170 202 822 1727 1955 2097 2608 2704 3888 4385 6471 6755 6952 7285 7635
544 213 1068 1478 1653 1662 2019 3081 3553 3570 4017 4305 4584 4714 5189 5698 7125 7423 7960
545 102 900 949 1392 1399 1901 2581 2746 3088 3280 4540 5301 5731 5999 6268 6305 6504 7360 7377 7472 7822
546 84 561 1433 1939 2150 2179 2532 2832 2957 3236 3321 3687 4030 4110 4348 4415 4721 5813 5987 6619 6695 7645
547 1856 2594 4490 4896 5219 5756 6220 6651 7269
548 58 210 234 349 602 1150 1163 1244 2087 2269 2271 2674 3218 4176 4207 4882 5101 5507 5692 6620 6896 7518
549 668 719 848 1009 1282 1500 1783 2043 2091 2234 2367 4056 4223 4349 4799 5058 5144 5576 5962 6752 7769 7794 7953
550 298 1267 1268 1527 1773 1869 2104 2227 2420 2736 2973 3485 4542 5215 5913 6167 6417
551 28 154 287 345 1013 1320 1767 2676 3504 4369 4592 4832 5113 6126 6855 7248 7286 7349 7566 7691
552 417 791 1073 1113 1190 1866 1953 3399 3686 4008 4348 4607 5376 5572 5970 6180 6412 6658 6683 6940 7413 7878
553 154 429 648 669 1318 1626 1635 1847 2099 2281 2325 2892 3035 3392 3864 4320 4378 4482 5042 5297 5329 5483 5667 5828 6005 6755 6871 7238 7308 7778
554 285 1466 2280 3326 3396 4602 4695 4814 4957 5076 5307 5473 6216 6535 6814 6987 7043
555 87 205 377 1098 1543 1751 2262 2267 2471 2875 3337 3460 3901 3971 4105 4280 5180 5475 6169 6189 6202 6287 6675 7655
556 188 562 881 1023 1075 2515 3629 3762 4344 4851 5053 5062 5210 5750 6340 6890 7201
557 1444 1675 3772 4085 4862 4895 5250 5766 6089 6231 6447 6576 7075 7269 7854 7947
558 811 1342 1540 2408 2467 2542 3370 3665 5915 6407 6530 7071 7074 7102 7103 7777 7787
559 508 671 1069 1226 1281 1419 1574 1666 1790 1799 2009 2455 2716 4071 4092 4123 4396 4700 5411 6192 6264 6918 7438 7624 7772
560 509 797 815 2457 4137 4143 4216 4389 4747 4944 5408 5486 6112 6164 6412 6747 7515
561 220 546 687 795 1028 1276 1680 2173 4402 4480 4622 4697 5312 5961 6047 6460 6489 6892 7237 7493 7657 7828
562 46 221 556 569 945 1326 1365 1768 1791 1873 2226 2380 3081 3441 3467 3818 4059 4370 4487 4860 5024 5117 5333 5685 5883 6213 6236 7423
563 608 2516 2814 2998 3396 3867 4256 4747 4895 5009 5529 5604 5745 5955 6232 6268 7926
564 169 1017 1842 2033 2697 4715 5300 6192 6325 6875 6942 7094 7556
565 202 663 772 1534 1862 2236 2966 3083 3443 5519 5938 6536 7555
566 109 1583 1765 1914 2932 3087 3152 3625 3687 3734 4534 5406 5466 6680 6900 6995 7426 7926
567 383 1031 1098 1143 1631 2020 2235 2760 2879 3021 3063 3185 3436 3506 3573 3793 3831 4230 4415 4634 4775 4948 5101 5464 5530 5616 5966 7188 7718
568 99 913 1063 1243 1381 1607 3155 3878 3888 4283 4727 4850 5183 5690 6005 6406 7588 7828
569 40 240 541 562 1118 1609 1712 1990 2272 2529 2996 3143 3614 4002 4106 4569 4685 4883 5979 6149 7277 7657 7855
570 216 727 746 945 1363 1402 1691 1719 2069 2551 2795 3035 3216 3241 3599 3649 4135 4198 4488 4769 4817 5236 5816 5920 7510
571 266 294 651 1036 1110 1175 2935 3438 3587 3887 4246 4332 4396 4714 4747 4850 4855 5208 5441 5982 6364 6810 6900 7556 7582
572 588 978 988 1226 1460 1756 1933 2565 2711 2726 3097 3683 3830 4272 4463 4635 5458 5483 5574 5772 5824 6033 6145 6594 6634 7093 7359 7516 7672
573 614 841 1825 2695 2790 3109 3121 3317 3318 3995 4067 5255 6535 6887 7290 7512
574 78 135 1013 1050 1084 1199 1584 2000 2163 2167 2808 3578 4241 4534 4890 6027 6031 6118 6132 6432 7377
575 460 624 1269 1728 1984 2632 2722 3072 3465 3771 4133 4507 5087 5263 5312 5399 5414 6100 6279 6284 6374 6871 7895 7947
576 438 830 1702 1727 2147 2306 2341 2694 3641 4165 4530 4868 5670 5797 5838 6038 6291 6475 7020
577 288 780 892 2091 2215 3092 3106 4643 4794 5210 5220 5799 5980 6134 6909 7731 7895
578 94 455 538 644 895 983 1645 2045 2370 2962 3524 4256 4406 4495 4693 5159 5240 5317 5576 5615
579 155 406 479 627 718 1158 1222 1370 1487 2430 2885 3687 4126 5058 5365 5401 5869 5997 6123 6436 6558 6593 6833 7076 7602
580 180 831 1195 1608 1614 1784 2291 2477 2555 3262 3443 3631 4002 4237 4269 4628 4860 4966 5208 5363 5973 6116 6194 6684 7267 7366 7633 7667
581 199 671 1835 1856 1917 2098 2498 2557 2755 3537 3605 3899 4386 5166 7090 7237 7791
582 54 112 1912 1952 2121 2454 2547 2615 3066 3372 3435 3560 3640 5466 5954 6438 6826 7170 7725
583 394 902 1237 1383 1593 1832 2234 2402 2573 2580 2636 2798 2944 4124 4381 4511 4679 5484 6179 6200 6946 6959 7619
584 21 201 393 876 1458 1461 1612 2224 2453 2976 3397 3465 3506 3823 4043 4465 5104 5637 5698 5883 6736 6797 7453 7614 7854
585 335 402 923 1602 1632 1738 2326 3176 3341 3571 4102 5116 5356 5645 6024 6077 6592 7331 7396
586 343 497 611 1187 1320 2295 2336 2351 2754 2815 5030 5093 5293 6639 7494 7676
587 284 521 904 1020 1236 1708 2109 2414 2943 3004 3253 3435 3572 3784 3833 3948 4741 5146 5503 5648 6747 7037 7902
588 86 572 988 991 2410 4346 5074 5087 5423 6261 6364 6830 6887 7008 7786
589 114 802 2025 2423 2604 3327 3393 3536 4284 5473 6428 6664
590 243 409 1366 1595 1601 2172 2788 3646 3753 4101 4423 4803 4853 5146 5188 5355 5685 5758 5885 6535 6564 6723 7074 7392 7888 7915 7999
591 27 334 949 1254 1625 1974 4426 4743 5032 5047 5414 5452 6372 6603 6931 7242 7781 7849
592 21 65 694 846 1357 1665 2183 2858 3068 3156 3310 3380 4184 5843 6665 6678 6827 7604 7668 7962
593 295 446 741 1276 1634 1986 2077 3290 3341 3450 5006 5103 6526 6568 7023 7056 7897
594 264 465 470 1094 1374 1502 1532 2583 3568 3707 4126 4622 4945 5006 5463 5504 6146 6461 6959 7195 7355 7744
595 520 671 819 1078 1599 1630 1954 2112 2474 2554 3895 4561 5572 6264 6641 7149 7215 7301 7844
596 427 1007 1233 1641 2663 2779 4147 4364 4556 4814 5198 5834 7057 7478 7823
597 1647 1683 1807 2276 2492 3433 3591 3636 4048 4049 4402 5072 5321 5521 7103
598 126 390 396 998 1361 1732 2215 3136 3393 3451 3659 3716 3802 4718 5313 6200 6392 7078 7429 7869 7969
599 112 283 896 1211 1957 2118 2239 3187 3481 4556 4957 7369 7449 7625 7639
600 699 819 829 932 1835 2413 3969 4388 5340 5587 5801 6874 7029 7102 7709
601 243 393 741 979 1319 1635 1703 2236 2453 2731 3641 4964 5428 5550 7392 7588 7768
602 548 643 765 1002 1418 1466 1659 2464 2922 3407 3601 3754 3826 4254 4269 4966 5676 6020 6267 6546 6548 7302 7455 7950
603 25 133 1212 1370 1503 1674 2307 2359 2953 3083 3333 3396 3561 4472 5172 5698 6109 6727 6995 7020 7163
604 97 153 393 1475 1650 2009 2621 3418 4369 5179 5694 6036 6886 7557 7621
605 31 838 1547 3009 3819 3846 3985 4017 4238 4348 4844 5124 5166 5442 5595 6663 7208 7460 7843
606 214 699 1096 1299 1717 1750 1887 2826 3694 3993 4133 4144 4375 4627 5340 6601 7065 7201 7347
607 80 119 282 327 732 1656 1872 2123 2235 2478 2755 2865 3185 3291 3424 3454 3508 3883 4146 4555 4744 5067 5305 5670 6034 6175 6485 6542 6852 6931 7119 7156
608 4 142 527 563 910 952 1801 2432 2686 2943 3280 3319 3919 4178 4548 5559 5778 6075 6351 6688
609 4 58 448 755 787 1873 2143 2156 2744 2806 3670 4479 4661 4866 5919 5999 6060 6379 6423 6436 6678 6763 6829 7051 7265 7374
610 166 205 840 1019 1960 2267 2663 2975 3561 4186 4555 4773 6143 6648 6820 7211 7329 7502 7535
611 46 351 416 586 643 1106 2645 3418 3631 3825 4126 4612 4627 5313 5348 6861 7048 7502 7995
612 781 2490 2504 2653 2867 3011 4059 5195 5755 6588 7604
613 306 497 705 759 992 1021 1109 1159 1385 1430 1658 2154 2372 2627 2865 2941 3179 3601 4333 4552 4693 4721 5068 5076 5324 5545 5909 6077 6795 7009 7281 7815 7921
614 276 515 573 1191 1477 2088 3265 4252 4832 5209 5965 6266 6315 7518
615 36 939 1168 1176 1638 2075 2081 2387 2551 3147 3190 3330 3409 3567 3801 4138 4217 4551 4599 4631 4948 5037 6358 6778 6980 6981 7819 7920
616 31 168 1389 1836 2015 2058 2108 2546 2783 3283 3416 3956 4531 4782 5322 5510 5673 5885 7524 7729 7804
617 1610 2270 2518 3383 3620 3649 3910 4041 4393 4449 5834 5855 6102 6140 6738 6962 7084 7106 7602 7647
618 45 150 161 679 722 879 920 1055 1144 1311 1953 2013 2474 3340 3374 3945 5401 5426 6456 6671 7145 7625 7724 7757
619 1118 1280 1884 1932 2407 2596 2821 2869 3049 3130 5327 5355 5594 5652 5998 6353 7456
620 17 150 358 800 939 2133 2415 2566 2739 3048 3199 3450 3867 5352 5655 6833 7146 7600 7747
621 526 854 945 1105 1284 1478 1733 1966 2296 2561 2843 3676 4121 4180 4565 4789 5710 5941 6725 7043 7068 7685 7690
622 26 624 638 983 1232 1264 1452 2582 2611 2629 2705 3494 4438 4515 4843 6150 6283 6474 7291 7458
623 466 1476 2286 2423 3191 3498 3668 3713 3837 4238 4270 4607 4762 4780 5194 5403 5465 6046
624 526 575 622 838 871 2313 2391 2733 2735 3229 4255 5081 5746 5887 6473 6692 7407 7464 7545 7665 7913 7924
625 267 349 674 996 1116 1288 1518 1714 2048 2083 2116 2170 2224 2253 2268 2281 2642 2756 3530 4231 4298 4592 4714 5220 5552 5807 6170 6790 6799 7609 7724 7782
626 2002 2195 2462 2848 3286 4213 4448 4575 4741 4753 5308 5411 5794 6176 6335 7796 7927
627 165 579 1082 1383 2083 2315 2362 2531 2565 3351 3364 3868 5173 5256 5411 5525 5709 6379 6450 7263 7630 7766
628 289 676 811 991 1225 1303 1557 1578 1965 2316 2522 2614 2673 3344 5809 6150 6244 6642 7342 7517
629 875 1189 1483 1564 2257 2810 3335 3940 4695 4817 5339 5549 5599 5702 6052 6913 7000 7835 7871
630 75 332 476 656 781 943 982 1412 2095 2123 2350 3041 3281 3614 4237 4323 4792 5842 6407 6665
631 988 1009 1042 1846 2700 2838 2940 2941 3802 4808 5100 5785 5894 6248 6287 7015
632 1016 1208 1334 2029 2399 2580 2956 3631 4954 5107 5186 5575 5835 6438 6699 6727 7058 7197 7709 7743 7938
633 534 885 1105 1718 1838 2866 3655 4305 4317 4416 4691 5064 5194 5374 5960 6085 7811
634 137 376 858 1217 1993 2488 3620 3642 4476 4638 4780 4904 5064 5833 6296 6883 6963 7102 7307
635 2302 2502 2634 3873 3918 4450 5597 5627 7064 7125
636 2831 3281 3751 4800 5943 6068 6224 6485 6632 6853 6990 7202 7210 7358 7886
637 48 264 1124 1537 2121 2166 2384 3002 4269 4642 4947 5408 5598 5714 5968 6633 6675 7338 7634 7856
638 357 622 2719 2843 3052 3962 3989 4715 5689 5706 6094 6143 6936 6982 7424 7897
639 854 1265 1403 1902 1934 2062 2132 3198 3900 4016 4212 4272 4683 5049 5413 5630 6548 6792 7563 7611 7615 7765
640 1147 1158 1321 3140 3686 4172 4621 5406 5505 5523 6983 7129 7679
641 371 452 1042 1110 1754 2992 3044 3457 3694 4472 5630 5800 6455 6508 6623 7204 7292 7312 7376
642 250 347 703 2132 2323 2821 2875 2895 2959 3332 3714 3753 4343 4435 4576 5038 5060 5466 5997 6811 7360 7709
643 25 509 602 611 811 1900 2138 2794 3786 4234 4789 4805 5342 5400 6354 6572 6839 6996 7146 7603
644 259 578 673 1335 1744 1971 2001 2781 3331 3351 3600 4501 5250 5948 6641 6920 7349 7373
645 86 255 278 959 1340 1884 2996 3697 3860 3970 4314 4351 5122 5785 6049 7027
646 21 189 422 2072 2159 3019 3547 5010 5343 5636 5689 5706 6112 6433 6718 7789
647 281 321 820 1700 1919 3169 3497 3695 3746 3794 3855 4301 5366 5373 5890 6668 6697
648 185 553 897 1108 1398 1405 1647 1944 2393 2812 3402 3928 3982 4423 4647 5415 5529 5659 6719 7448 7652 7859
649 369 415 533 723 1055 1067 1400 1604 1619 1743 2110 2590 2720 2814 3041 3080 3101 3177 3970 4705 4725 4974 5479 6773 7144 7466
650 780 919 939 1535 1822 3230 3261 3519 4511 4840 6183 6250 6430 6699 7268 7708 7831
651 100 185 332 571 716 849 1325 2297 3248 3428 4080 4112 4281 4784 4882 5603 5914 5947 6724 7252 7460 7983
652 405 910 1224 1889 1985 2464 2545 4306 4358 4856 4903 6062 6080 6760 7297
653 801 1439 1825 1839 2446 3360 3941 4039 4615 4773 4778 5184 5247 5495 6509 6641 7011 7716
654 96 261 396 1631 2999 3376 3544 3649 3724 3774 4285 4458 5111 5399 5893 6109 6157 6262 6275 6739 6796 6917 7740 7862
655 194 481 1502 1599 1704 1765 2211 2559 3001 3487 3493 4259 4847 5348 6474 6642 7022 7379 7747 7941 7996
656 630 1084 2058 2703 2921 2961 3034 4660 5301 5631 5768 6152 6386 7123 7508 7976
657 132 138 465 529 1266 1324 1340 1593 2150 2630 3308 3627 4339 4743 4796 5084 5132 5598 6482 6651 6783 6907 7182 7215 7411 7752
658 1614 1663 1894 2204 2226 2287 2419 2852 2951 3213 3636 3834 3925 4989 5382 5501 5873 5976 6661 7409
659 90 439 926 1168 1394 2050 2281 2424 3446 3688 4891 5863 7023
660 1077 1447 1607 2099 2544 2624 3058 3582 3751 4745 5732 5850 6640 6879 7097 7254 7988
661 201 426 513 957 1003 1335 1475 2262 3446 3802 4058 5213 5428 6833 7220 7268 7442 7759 7786
662 117 205 380 1498 1956 2595 2629 2888 3426 3745 3778 3881 4638 6526 6853 6866 7153 7192 7344 7508
663 565 713 996 1259 1925 2762 3281 3425 3594 4116 4698 5367 5906 6151 6431 7480
664 159 394 1417 2044 3334 3503 3633 3887 3915 4087 4228 4467 5015 5328 5601 5748 6118 7547 7636 7882
665 251 716 875 1126 1354 2356 3357 4465 4997 5142 5159 5306 5779 6010 6396 6650 7134 7539 7860
666 362 1696 2670 3191 3855 4043 4374 4487 4499 4632 5239 7672
667 123 317 1145 1147 1356 1537 1652 2574 3344 3612 3737 4254 4501 4514 4594 4699 4901 5250 5840 5908 6074 6343 6467 7764 7860
668 549 747 812 2391 2850 3225 4140 4342 4402 5144 5509 5522 5592 5729 5933 6032 6209 6424 6647 6942 7785
669 553 750 855 1140 1610 1905 1989 2733 3798 4261 4713 4786 5447 5471 7379 7611 7640
670 834 2488 2810 2968 3045 3461 3862 4411 4966 5022 5192 5306 5481 5762 6639 6670 7770
671 559 581 595 812 1034 2090 2216 2234 2302 2634 2847 3303 3330 3588 4054 4687 4939 5186 5445 5455 5533 5697 6322 6559 7605 7844 7916
672 64 942 1350 1557 1838 1892 2119 3229 3274 4378 4489 5212 5842 5865 6228 6436 6673 7830 7893
673 208 349 644 1054 1901 2098 2462 3148 3761 4081 4428 4511 4557 4786 4999 5234 5396 5898 6261 7111 7163 7334 7680 7686
674 625 822 1278 1525 1664 1986 2092 2308 2529 3135 3471 4240 4346 5117 5253 5529 5683 6350 7355 7711
675 231 460 748 808 1059 1309 1413 1688 1696 1903 3408 4254 4308 4629 4699 4993 5266 5465 5632 6038 6070 6646 7240 7394 7495
676 262 268 388 628 1073 1154 1241 1326 1486 1878 2106 2385 2476 2516 2660 3068 3956 4026 4321 4505 5709 6983 7403 7613 7940
677 306 1895 2345 2673 3039 3052 3777 4250 5501 5557 5656 5662 5868 5956 6667 7053 7482
678 219 335 1107 1458 1465 1508 1843 2076 2175 3270 3321 3572 3935 4496 4847 4925 5287 5475 5518 5587 6143 6563 7223 7649
679 167 328 618 998 2601 3006 3488 4974 5427 5686 5966 6018 6193 6236 6648 6886 6927 7322 7393 7758 7942
680 13 960 1015 1209 1472 1910 2084 2465 2632 3010 3287 3995 4149 4270 4560 5594 5862 5939 6825 7169 7461 7924
681 102 494 958 1050 1679 2647 3310 3619 4313 4317 5607 5799 5854 6975 7154 7171 7588 7648 7687 7954
682 106 753 795 1466 1490 1518 2083 3070 4502 7391 7570 7877 7979 7993
683 108 160 850 1077 1130 1388 1776 1981 3097 3248 3582 4419 4670 5766 6278 6448 7894
684 1877 2027 2679 3021 4350 4434 5150 5458 5707 5982 6225 6269 6543
685 144 215 346 783 981 1554 1834 2173 2363 3083 3883 4143 4248 5115 5208 5829 6081 6224 6737 6920 7209 7708 7830 7873 7944
686 890 1127 1210 1232 1243 1357 2070 2512 2708 2842 2956 3134 3253 4214 5562 5795 5803 6209 6962 7821
687 168 426 447 561 730 839 1099 1623 1850 1875 2237 3068 3084 3948 4104 4473 4902 5591 6117 6615 6674 6924 7092 7259
688 216 297 443 813 1664 1679 2395 2576 2653 3856 4126 4768 5216 5590 6338 6409 6455 7774 7900 7977
689 65 442 1134 1733 2107 2166 2821 3114 3154 3374 3416 5551 5899 6085 6187 6399 6489 7006 7343 7911
690 30 383 836 1295 1438 1518 2074 3113 3146 3567 3594 4395 4979 5189 5525 5579 5592 5606 6851 6913 7686 7861
691 22 1031 1368 1762 2008 2359 2538 3957 4352 5196 6341 6955 7056 7531 7572 7983
692 51 1031 1081 1221 1504 1520 1861 2267 2942 3180 3864 3889 4043 4106 4262 4657 4834 5325 5352 5371 5474 5516 5662 5949 6117 6273 7562 7960
693 829 1783 2073 2091 2145 2766 3636 4121 5394 5783 5867 6383 6572 6858
694 252 592 929 1043 1309 1538 2118 2192 2263 2331 2525 2832 3151 3731 5007 5473 6052 7064 7126 7249 7606
695 103 156 260 888 902 1355 1728 2231 2359 2892 3622 4012 4016 4513 4944 5136 5158 5696 6221 6563 6823 6858 7057 7169 7207 7400
696 84 402 1251 1688 2241 2289 2778 2909 2937 3011 3118 3150 3487 3794 5081 6074 6390 7004 7293 7612 7700
697 739 839 1506 1518 2213 2233 2298 2575 2587 3530 3725 3762 3939 3991 4216 4522 4610 5588 6561 7791
698 267 337 1592 1964 2026 2512 2517 3324 3450 3689 4407 4581 4702 5612 6051 6232 6281 6877 7629
699 225 600 606 1403 1405 1972 2114 2739 3057 3934 4020 4137 4217 4474 4662 5577 5612 5671 6815 6932 7013 7478 7944
700 40 1191 1666 3300 3863 3948 4529 4661 4746 5857 5865 6316 6432 6864 7022 7717 7784
701 27 1325 1400 1993 2145 2412 2750 3318 3418 3687 3717 4007 4066 4067 4287 4707 4918 5586 5894 7016
702 313 2281 2456 2905 3203 4468 4983 5261 5392 5554 6566 7086 7491
703 170 196 365 431 642 822 1545 2016 2476 2660 3112 3536 3643 3866 4450 4476 4550 5413 5431 6063 6526 7673
704 2093 2190 2230 2498 2688 3106 3310 3996 4776 5419 5618 5654 5827 6353 6623 6873 6952 7637
705 24 507 523 613 1500 1573 1578 1779 2266 2272 2551 3077 3117 3361 3585 4610 4695 4755 5178 5295 5723 5877 6180 6412 6676 6777 6812 7045 7097 7165 7601 7651 7795
706 452 1472 1669 1932 2214 2277 2579 3505 3640 4473 4929 5397 5464 6678 7086 7341 7434
707 1046 1496 1633 2224 2444 2784 2804 3866 4759 5518 5696 6348 6362 6502 6528 6582 6843 7187 7769
708 87 923 1594 1784 1885 2144 2373 2573 2693 3067 4515 5207 5247 6928 7000 7788
709 226 230 298 305 1661 2542 2788 2838 2971 3209 3403 3670 4239 4450 5380 5932 6286 6676 7866 7880
710 38 448 1143 1751 2235 3009 3553 3621 3684 3759 3985 4197 4241 4667 5993 6414 6559 6732 6972 7073 7273 7726 7787 7821 7837 7921
711 194 328 1517 1676 1807 1872 2360 2979 3234 3600 4263 4921 5595 6088 6099 6593 7106 7112 7185 7793
712 318 454 1065 1219 2228 2470 2787 3909 4326 5380 5881 5884 6226 6497 6836 7394 7567 7961
713 25 53 173 663 728 973 1287 1518 1775 1877 1942 2647 2741 2995 3597 3706 3820 3869 4846 5088 5475 6505 6694 6775 7284 7309 7737
714 88 794 911 1278 1342 1528 1794 2115 2269 2514 3124 3198 3366 3383 3654 3666 4346 4387 5185 5904 6319 6390 6826 7270 7459 7876 7933
715 173 530 732 973 1378 2622 3093 3170 3574 3586 5661 6139 6197 6782 7400 7983
716 307 651 665 1648 2228 2376 2484 3350 4293 4964 5446 5615 5657 5850 6386 6422 6654 7683
717 736 1050 1060 1365 2068 2549 2712 4617 4904 5522 5717 5989 6089 6279 6409 6531 6669 6744 7134 7514
718 121 300 579 778 1156 1598 1841 2228 2417 2786 3372 4032 4124 4856 5448 7091 7190 7939
719 409 420 549 1225 1339 2101 2618 2964 3035 3166 3365 3423 3765 3930 3963 4018 4424 4998 5036 6008 6647 6931
720 37 255 330 445 512 813 1051 1612 1864 2186 2485 2887 3650 4580 4971 6356 7524 7802
721 1906 1980 2228 2267 2792 2840 2863 2943 3289 3801 3830 4786 5013 5077 5647 5656 5843 5984 7223 7435 7747
722 618 1433 1779 1841 1863 3152 3189 3885 4214 4343 5455 5603 5826 6397 7107 7225 7286 7526 7825 7942
723 300 649 1009 1347 2211 3149 3308 4473 5287 5573 5967 6342 6356 6370 6917 7346
724 740 1071 1381 1568 1604 1867 2195 2334 2553 3419 3700 3778 3826 4070 4406 4648 4720 5075 5863 6339 6653 7556 7713
725 239 406 751 989 1683 2847 3842 3950 3969 5015 5205 5273 5367 6005 6162 6189 6467 6573 6584 7411 7669 7745 7784
726 937 955 1420 1434 3323 3820 4342 4566 4718 4995 5327 6757 6959 7117 7943
727 570 969 2192 2291 2305 2560 2836 3454 3989 4047 4168 4487 4723 5128 5645 7760
728 55 464 519 713 1053 2063 2112 2671 2914 3157 3919 4233 4521 4630 5183 5533 5558 5663 6748 7066 7119 7326 7594
729 129 1068 2223 2420 2674 2797 3110 3207 3354 3496 3503 3812 4864 5569 6185 6356 7438 7793
730 257 505 519 687 753 1963 2572 2681 2708 2823 3437 3498 3692 4169 4300 4676 4777 4996 5283 5416 7538
731 397 945 1223 2023 2501 3049 3988 5249 5898 5921 6061 6161 6413 6421 6508 7174 7298 7441 7917 7936
732 94 607 715 2582 2798 3027 3089 3252 3442 3559 3705 3743 3851 4265 4798 5246 5341 5640 5929 6088 6447 6618 6725 7080 7506 7543 7617 7927
733 316 1022 1459 2058 2067 2277 2851 2887 3314 3340 3439 3479 3594 3851 4655 4662 4718 4736 5241 5245 5504 5507 5714 5840 6093 6935 7038 7178 7585 7896
734 337 927 1115 2577 2612 2953 3403 3642 3696 3751 4110 5524 6693 7813 7947
735 848 1018 1528 2130 2775 3075 3271 4416 4457 4843 5826 6291 6522 6659 6875 7189 7235 7978
736 54 283 717 906 1790 2513 2846 3461 3518 3724 4445 5116 6266 6624 7413 7538 7736
737 1999 2009 2498 2592 2811 2984 3119 3380 3985 4042 4886 4988 5022 5055 5061 5421 6513 7186 7408 7548
738 61 814 1853 2526 2723 3056 3162 3686 4526 4814 5081 5363 5415 6104 6124 6514 6871 7099 7620 7663 7746
739 697 1106 1403 1489 1958 2513 2628 3264 3899 3986 4195 4550 4828 5051 5061 5706 5893 6635 6718 7116 7193 7293 7742
740 724 1310 1383 1741 1992 3002 3237 4092 4194 4853 5547 5556 5846 6540 6861 7810 7996
741 38 75 115 593 601 886 970 1268 1314 1635 2119 2188 2850 3110 3786 4516 4627 5017 5324 5691 5901 6006 6112 6275 6782 7206
742 433 1244 1563 1566 2450 2929 3063 3908 4059 4370 5104 5243 5456 5558 5674 5703 5988 7167 7547 7642 7706 7877
743 206 311 347 1097 1208 1297 1536 1809 2246 2568 2723 2990 3466 4126 4683 5208 5412 5502 5612 6030 6923 6953 7764
744 451 1416 3009 3160 3342 3708 4379 4750 4939 5019 5060 5949 6005 7245 7656 7965
745 430 2039 2364 2555 2793 3826 4039 4422 4858 5099 5674 5971 6609 7137 7159 7977
746 570 781 1095 1571 2080 2278 2421 3953 4065 4463 5088 5525 5937 6649 6826 7067 7107 7657 7777 7791
747 244 264 668 1072 1217 1236 1239 1611 1954 1990 2112 2661 3113 4250 4428 4723 5795 6144 6828 6864 7436
748 213 269 369 675 1075 1386 1731 1877 2092 2383 2636 2913 3200 3305 3378 3700 3750 3779 3913 3955 4141 4312 4989 5600 5814 6651 7289 7816 7820 7952
749 423 752 855 2154 3570 3751 4749 5297 5386 5680 5992 6961 7408 7751 7769 7857
750 162 669 2038 3187 3333 3445 3851 4446 4683 4838 5605 5820 5843 6000 7032 7500 7897
751 19 212 725 2243 2895 3355 3650 3886 4027 4915 4970 5115 5214 5662 6133 6757 7029 7068 7345 7866
752 268 749 999 1064 1176 1290 1362 2147 2375 3126 3261 3334 3475 4206 4291 4374 5247 5846 7697 7824 7854
753 55 237 483 682 730 3075 3235 3482 3873 4024 4205 5935 6157 6535 6996 7561 7728
754 49 327 1106 2696 3437 4277 4310 5477 5734 5784 5864 5915 5939 6049 6168 6271 7074 7381
755 154 356 416 609 1039 1066 1411 2084 2221 2622 2654 3701 6181 6366 6457 6465 6754 7355
756 99 1772 2510 2610 3372 3765 4152 4327 5349 6379 6667 7656 7803
757 48 191 1851 1900 1988 2081 2353 2419 2583 2729 2757 2908 4144 4327 4338 5274 5382 5550 6533 6582 6855 7109 7316
758 268 2266 2652 2819 2898 3455 3808 3809 4653 4763 5325 5708 6166
759 20 132 157 160 613 769 1044 1164 1371 1780 2015 2049 2267 2867 4353 4474 5394 5496 5616 5993 6527 6903 6947 7142 7335 7458 7565 7678
760 1331 1887 2139 2240 2549 2582 2836 3342 3527 3562 5046 5095 5725 6149 6204 6404 6449 7097 7251 7304 7605 7717
761 218 828 1750 1861 2396 3187 3708 3867 4820 5373 5574 5579 6120 6124 6211 6295 6802 6847 7091 7333
762 964 1260 1662 2110 2314 2666 3263 4260 4992 5034 5236 6039 6519 7129 7651
763 1060 1188 1257 1483 1659 1999 2337 2913 3224 3256 3270 3353 3359 3531 4152 4869 6417 6965 7124
764 52 1191 1339 1894 2285 2894 3371 3868 4043 4061 6010 6239 6722 6829 6919 6947
765 602 1348 1630 2525 2943 3008 3518 4197 4600 4970 5165 5982 5993 6222 6458 6522 6691 6954 7701
766 937 1283 1773 1998 2485 2618 2995 3185 3251 3651 3707 4051 4101 4696 5524 6224 6393 6951 7084 7114 7680 7793
767 400 1533 2674 3014 3187 3438 3717 3844 4147 4435 4571 4692 5195 6697 7185 7251 7419
768 915 2040 2270 2336 2803 3078 3416 3545 4305 4886 5865 6181 7184 7539
769 232 759 988 1212 1468 1705 1765 2616 2828 3245 3815 4059 4211 4235 4393 4814 5720 5983 6271 6905 7248 7684
770 1094 1178 1611 1677 1741 1876 2202 2954 4694 4948 5056 5177 5229 5521 5736 6263 6427 7180 7280 7694
771 1077 1188 2167 2746 3489 4250 4645 5180 5474 6587 7104 7124 7130
772 565 1109 1217 1321 1681 1712 2197 2484 2809 2945 3071 3248 3300 3893 4127 4134 4797 6063 6720 7430 7974
773 847 1273 2257 3838 4755 4824 6429 6742 7270 7329 7390 7986
774 818 848 1057 1187 2081 2640 2781 2908 3022 3064 3081 3328 4353 4741 4753 5214 5363 5965 5979 6363 6464 6509 6731 7034 7719 7897
775 410 426 1475 1529 1617 2209 2311 2599 3255 3904 3999 4550 4636 6236 7229 7723 7991
776 1898 2075 3718 4208 4452 4488 4610 5459 6148 6389 7263 7598
777 959 998 1815 2636 3154 3670 3910 4221 4661 5787 6264 6420 6855 7291
778 170 718 1713 2009 2686 2802 3250 3263 3296 3883 3893 4431 4857 5011 5400 5497 6020 6232 7568
779 514 787 1318 2167 2563 3524 4823 5035 5846 5971 7335 7362 7422 7492 7902
780 577 650 1237 1462 1981 2504 2903 4016 4303 4429 4692 4730 4961 5343 5658 5814 5866 6612 6771 7401
781 75 442 612 630 746 1726 2099 2543 2576 2745 3292 4274 4846 5808 5908 7164 7438 7767
782 65 113 466 1070 1355 2205 2268 2821 3555 3840 4196 4674 5518 5543 5746 5811 5830 6299 6621 7356 7485 7549 7585 7599
783 79 685 1130 1887 2913 2918 2936 3205 3276 3742 3882 3924 5015 5689 6573 6915 7349 7570 7856
784 181 379 413 466 1121 1397 1646 1700 2736 2882 2947 3238 3816 4744 4973 5022 5063 5200 5251 5534 5606 5915 5919 6084 6820 7106
785 7 280 924 946 1307 1354 1529 1995 3056 4089 4940 5019 5029 6195 6372 6495 6587 7761 7786
786 491 503 1004 2076 2280 2702 2908 3627 4243 4403 4508 6244 6305 6664 6843 6992 7398 7613 7765 7784 7896
787 334 452 609 779 849 1016 1238 1719 1721 2344 2776 3206 3447 3462 4220 4848 4957 5754 5766 5769 6036 6168 6634 6827 7755 7781
788 5 135 305 803 1373 2252 3116 3345 3596 4077 4191 4445 4474 4627 5179 5310 5962 6017 6342 6349 7071 7073 7301
789 341 797 991 1489 2900 4129 4709 4722 4781 5059 5162 5744 6560 6718 6723 7163 7525 7928
790 271 807 1175 1310 1910 2224 3040 3899 4104 4410 4446 4594 5856 6238 6513 6623 7211 7612 7975
791 552 1008 1149 1924 2750 3223 3609 3797 4142 4815 5181 5486 5696 7096
792 21 130 2400 2524 2679 2759 3059 3559 4370 4934 4968 5946 6282 7177 7804 7919
793 109 1865 1931 2234 2316 2854 3238 3951 4239 4402 5008 5202 5526 5607 5867 6324
794 31 81 417 714 1506 1806 3025 3155 3450 3778 3866 5052 5474 6410 6688 7236 7362 7763
795 115 561 682 935 1891 2241 2480 3854 4110 4460 4573 4841 4885 4943 5027 5044 5278 6410 6709 6855
796 891 1264 1608 1620 1719 1876 1885 2513 3017 3536 4476 4821 5930 6221 6560 7192 7224 7863
797 560 789 1459 1735 1764 1808 2795 3124 3404 3599 3680 4080 4116 4249 4317 5245 5379 5494 5524 5525 5657 6383 6808 6940 7194 7234 7372 7544
798 27 1215 1335 2316 2504 3001 3967 4331 4872 5080 6071 7083 7582 7607
799 38 87 423 460 1114 1525 1997 3525 3635 5025 5070 5391 5447 6103 6485 6651 7055 7907
800 208 620 1006 1586 2476 2770 3361 3718 3861 4245 4691 5271 5909 6886 7324
801 61 653 920 2255 2333 2722 3414 3694 3813 4553 4663 5087 5235 5280 5926 6840 7339
802 35 122 589 803 1226 2348 2550 2672 4143 4559 5308 6073 6128 6698 6824 7360 7538 7644
803 485 788 802 881 1852 2311 2324 2554 3151 3612 3726 3956 4067 4100 4580 4951 5857 6426 6656 6872 7029 7410
804 881 1205 2436 4354 4403 4753 4984 5100 5191 5482 5732 6425 7005
805 1592 1761 1933 1981 2688 2721 3007 3482 3669 5037 5104 5374 5599 5847 6890 6987 7334 7478
806 872 1743 1906 2150 2868 3370 3438 3750 3862 4260 4730 4830 4903 4979 5067 5068 5944 6469 6496 6588 6595 7489 7621 7942
807 0 391 790 923 1568 1669 2938 3813 3959 4168 4459 4603 5206 5250 5709 6273 6360 7795 7831 7967
808 506 675 1380 2275 2489 2871 2915 3245 3330 3654 5370 5546 5589 5751 6577 6918 7065 7160 7190 7204 7289
809 269 369 514 2125 2208 2383 2672 3358 3633 3865 4511 4596 4913 5213 5552 5697 6987
810 1631 1653 1853 1988 2090 2314 2336 3130 3493 3914 4792 5071 5427 5669 5782 6400 7284 7482
811 244 255 461 558 628 643 883 1170 1521 1820 1866 1994 2116 2636 2758 2793 4154 4510 4782 5919 6095 6421 6665 6972 7499 7647 7661 7895
812 2 23 297 668 671 1298 1429 1653 2335 2349 2380 2817 3218 3679 3728 4094 4122 5439 6173 6464 6486 6511 7193 7548 7660 7843
813 51 81 489 688 720 1005 1468 1484 1705 2041 3247 3327 3370 3526 3925 4797 4915 5205 5252 5494 6000 6501 6702 6758 6825 6900 7304 7820 7954
814 150 172 738 1061 1203 1220 1611 1615 2337 2591 2680 3046 3115 3277 3987 4123 4142 4748 4998 5454 5819 6560 6657 6918 7405 7717 7821 7856
815 560 1422 1457 1731 1754 1770 1973 2212 2939 3359 5460 5480 5586 5972 6941 7146 7489
816 34 141 283 863 1152 1321 1368 1660 1999 2716 2983 3109 3290 3782 4297 4595 4661 4784 5161 5929 6653 6656 6733 6880 7282 7301 7368 7923
817 409 535 1002 1033 1168 1497 1499 1760 1769 2149 2196 2383 2929 3310 3385 3396 4360 4868 5508 6352 6406 6697
818 774 841 853 1220 1451 1510 1891 2599 3141 3424 3510 3513 3547 3622 3759 4468 4718 5125 5535 5554 5642 5724 6129 6310 6748 6963 7227 7360
819 51 165 506 595 600 932 953 984 1033 1333 1577 2168 2358 2742 3245 3336 3676 3727 4097 5060 5282 5424 5439 5503 5514 5564 5781 6052 6485 7405 7688
820 647 1050 1192 1487 2065 2628 4104 4366 4380 4413 4945 4991 5127 5208 5583 5675 5813 6000 6747 6965 7078 7294 7715
821 88 319 365 1159 1678 1815 1844 2256 2429 2919 3338 4595 4682 4741 4943 5547 5742 5749 5769 5828 6223 6826 7632 7696
822 2 137 405 543 674 703 1111 1217 1338 1712 1724 1819 1829 1850 2459 3084 4327 4744 4906 5016 5049 5394 5422 5523 5571 5597 5711 6657 6821 7283 7505 7805
823 36 487 1043 3811 3959 5648 5696 5880 7978
824 513 1192 1697 2176 2241 3886 5875 6102 6128 6365 6741 7691
825 42 972 1197 1281 1454 1807 2200 2450 2631 3096 3480 3944 3965 4100 4122 5240 5501 6197 6978 7087 7131 7508 7764
826 862 1004 1028 1038 1472 1661 1849 1990 2079 2768 2841 2851 3294 3406 3777 4523 5277 5657 6835 6955 7136 7297 7367
827 101 536 1211 1653 1881 1993 2100 2154 2566 2852 3675 3908 3937 5150 6374 6796 7122 7184 7850
828 514 761 867 1093 2426 2430 3430 3804 3809 4187 6157 7003 7088 7495 7638 7823 7828 7956 7997
829 92 345 600 693 2249 2665 2780 2943 3071 3177 3330 3557 3829 4205 4694 4705 4806 4824 4972 4999 5579 5844 5934 7119 7165 7356 7781 7799 7895
830 484 505 576 878 1155 1409 1422 1468 1658 1705 1748 1985 3026 3497 3810 4089 4932 5276 5366 5407 5603 6166
831 73 580 981 1131 1302 1683 1947 2598 3111 3650 4155 4479 4783 5254 5262 5370 5469 5699 6162 6694 7034 7185 7762
832 323 384 1463 1575 1889 2739 3745 3836 5125 5139 5503 6143 6363 6446 6930 7293 7617 7747
833 104 515 1085 1326 1508 1818 1890 1935 3850 4499 5015 5148 6050 6438 6722 6825 7780
834 252 318 361 365 471 670 1640 1776 2074 2745 2833 2918 3443 3474 4624 5020 5160 5564
835 145 355 2281 2417 2526 3518 4278 4894 5072 5356 5554 5669 5723 6927 7219 7855 7884 7997
836 50 240 265 460 690 1740 1839 1978 2026 2289 2535 2641 2784 3680 3822 3932 4370 4857 4895 5008 5128 5142 5523 5639 6110 6840
837 1471 1734 1955 2944 3184 3513 3627 3640 4011 4123 4162 4818 5172 6405 6828 7375 7835 7877
838 233 605 624 1136 1855 1881 2011 2437 2489 2544 2974 3222 3429 3603 3836 4079 4561 5004 5994 6515 6887 7025 7922
839 687 697 1424 1553 2119 2309 2649 2730 3892 3957 3969 4751 5292 6025 6484 6789 6880 6881 7020 7764 7881
840 333 610 998 2786 3083 3280 3709 3935 4119 4207 4308 5032 5413 5812 5916 6015 6022 6200 6448 6478 6639 6738 6852 7704
841 2 573 818 1146 1228 1532 1552 2599 2729 2851 4180 5016 5200 5273 5403 5858 6242 6906 7220 7293
842 196 894 1400 1429 1869 1988 2243 2954 3401 4347 4475 4946 5029 5416 5682 5784 6425 6765 7042 7923
843 1320 1875 1887 1909 1962 2493 2986 3302 3500 3671 4108 4404 4741 7037 7492 7655
844 170 1029 1175 1257 1837 2484 2536 3309 3655 4265 4629 4743 5251 5394 5822 6045 7073 7650
845 190 220 1824 1895 2869 2897 3532 3579 3759 4380 4550 4665 4808 4949 5700 5818 5982 6517 6805 7264 7862 7865
846 592 1079 1562 1766 1862 2035 2480 2808 3259 3574 3619 4537 4959 5202 5981 6523 6692 6823 7300 7717
847 419 773 1792 1839 3238 3816 3946 4517 4769 4956 5062 6385 6880 7369 7958
848 144 227 549 735 774 903 1288 1367 2124 2125 2289 2719 2793 3157 4505 5151 5156 6077 6619 6771 7105 7348 7372 7585 7819
849 8 263 651 787 1398 1402 1447 1523 1554 2116 2553 2597 3268 3283 3925 4269 4527 4563 5005 5962 6705 6918 7318 7612 7749
850 513 683 1613 1999 2101 2174 2715 2814 2843 3300 3462 3968 4028 4766 4827 5430 5769 6672 6916 7165 7428 7484 7558 7741 7827
851 249 1036 1307 2088 3113 3311 3522 3700 3816 4357 4423 5790 5908 6098 6272 6421 6767 7957
852 51 170 518 997 1518 1679 3367 3488 3600 3700 3716 4197 4814 4877 5709 5850 6156 6990 7103 7117 7847
853 18 259 347 818 1304 1910 1956 2096 2145 3697 3952 4368 5330 7026 7425 7578
854 432 621 639 1354 1644 2466 2480 2488 2565 2947 3362 3488 3743 4386 4663 6832 7406 7438 7544 7723 7781
855 245 669 749 2090 2526 2575 2881 3277 4802 5032 5123 6087 6156 6891 7248 7900
856 401 1265 1910 2234 2450 2522 3288 3529 3634 4024 4105 4431 4606 5054 5090 5628 6204 6692 6729 6742 6839
857 90 151 1919 2505 2682 3279 3505 4101 4521 6122 6828 6932 6959 7468 7507 7591 7613 7722
858 270 634 874 1387 1504 1610 1985 2153 2429 2653 3467 3655 4099 4474 4535 6489
859 252 481 1324 1401 1779 1877 2500 2943 3599 4604 5688 5937 6483 6745 7182
860 964 974 981 1179 1265 2251 2925 3154 3306 3825 3899 4117 5881 6070 6891 7589
861 27 1454 1669 1798 2566 3909 4054 4598 4969 5476 7245 7668
862 826 1218 1839 2000 2822 3129 3167 3776 4228 4525 5550 6312 7252
863 816 1684 1815 2488 2523 2775 3016 3307 3669 4243 4265 4342 4550 4915 6596 6634 7137 7171 7234 7359
864 230 524 1214 1758 4113 4864 5745 6446 6729 7391 7894
865 894 1523 2452 2568 2811 2864 4538 4817 6259 6732 7187
866 65 89 1069 1731 1882 2572 2605 2692 3067 3109 3202 3355 3754 3778 3917 4162 4705 4842 4897 6599 7082 7549
867 139 146 828 1355 1816 2658 2960 3500 4460 4981 5298 6376 6966 6973
868 920 1109 1252 1656 1888 2171 2521 2749 3113 3145 3199 3222 3264 3294 3697 4032 4290 4453 5442 5685 5809 6266 7550
869 114 1939 2054 2335 2576 2628 2817 2860 3511 4015 4411 4491 5086 5411 5813 6501 7181 7334 7820
870 318 1629 1630 1654 1720 2261 2451 2967 3811 3956 4592 4661 5780 6653 7396 7599 7930
871 125 296 624 1317 1629 2127 2292 2771 2871 3789 3832 4289 4439 4771 4937 5490 5570 5684 5936 6808 7104 7117 7156 7294 7443
872 301 806 1372 1503 2308 2372 2590 2735 3033 3363 4138 4549 5144 5414 5481 6294 6771 7197 7279 7747 7933
873 145 1014 1491 2139 2579 3037 3086 3309 4152 4346 4383 6525 6668 7860 7861 7879
874 858 900 2182 2315 2552 2995 3129 3904 4699 4975 5019 5236 5698 5956 7023 7416
875 107 185 218 523 629 665 1173 1227 1230 2030 2993 3104 3179 3290 3426 3933 4104 4519 5045 5154 5500 5858 6516 6652 6753 6862 7076 7406 7861
876 218 584 941 974 1715 1743 1768 2655 2842 3226 3236 3761 4260 4625 4818 4850 4930 5959 6308 6800 7542
877 372 2291 2787 2841 3362 4056 4313 4545 5303 5544 5711 5963 6259 6314 6560 6982 7241 7367 7768
878 276 520 830 2265 2444 2984 3045 3081 3169 3172 3272 4584 4699 4756 4889 5302 5589 5645 5913 5958 6034 6180 6581 6649 6895 7259 7278 7434 7644 7730
879 239 298 618 1422 1981 2394 2666 3674 4397 5223 5668 5804 6204 6443 6460 6572 6839 7117 7820
880 188 233 1313 1600 1612 1854 2608 3049 3055 3068 3619 3783 3840 4163 4960 6252 6644 7351 7763
881 204 462 556 803 804 996 1741 1977 2110 3137 3824 4031 4195 4585 5024 5259 5865 5974 6768 7854
882 464 1038 1901 2794 3618 4371 4402 5060 5144 5756 5789 7547 7692
883 28 159 462 811 1084 1676 1722 2364 4247 4477 4547 4626 4719 4758 5705 5728 6190 6275 6437 6438 6731 6863 7084 7240 7300 7650 7971
884 532 1702 2041 2683 3048 3515 4285 4309 4544 4609 4632 4744 5650 6329 6410
885 447 633 1166 2788 2961 3295 3440 3494 4842 4988 4994 5128 5397 6588
886 149 246 741 887 1412 2291 2314 3050 3519 3589 3817 4000 4259 4312 4412 4417 4907 5107 5167 5977 6138 6258 6431 6599 7571 7616 7856
887 144 197 886 1303 1597 1668 1700 2259 2294 2729 3264 3671 3749 4414 6550 7628
888 695 1095 1151 1430 1504 1696 2760 3159 3397 3793 3847 3881 4068 4226 4399 4469 5810 6120 6340 6681 7092 7738
889 1175 1546 2231 2617 3124 3333 3344 3718 4028 4350 4630 5630 5878 6016 6482
890 93 394 686 1656 2018 2090 2361 2547 2766 2929 2995 4283 4392 4721 4994 5087 5330 5644 5899 6119 6245 6368 7058 7434 7918
891 124 224 796 1283 1410 1674 2009 3054 3180 3629 3739 3880 3891 3949 4001 4037 4342 4719 5758 5975 6092 6156 6736 6816 7463 7464 7566
892 26 127 577 1117 1274 1308 1456 1748 1905 2123 2149 2587 3883 3899 5530 6096 6417 7369 7929 7938
893 228 302 1419 2081 2207 2612 2752 2813 3180 3274 3484 4418 4702 4724 5032 5263 7035 7266 7322
894 389 413 842 865 1486 1707 1802 3255 3292 3385 3956 5115 5146 5241 5727 5745 6346 6494 6571 6771 6815
895 195 578 982 1045 1142 1493 2186 2553 2718 3024 3566 4814 5297 5315 5598 6665 7437
896 94 200 473 599 1225 1300 2771 2881 3000 3469 3537 3661 4384 4390 4492 4948 5297 5366 5482 6087 6800 6877 7007 7709 7937
897 136 648 943 1425 2263 2308 2865 3052 3197 3462 3838 4943 5216 5385 5972 6566 6739 6775 6955 7049 7162 7173 7579 7878
898 1072 1233 1249 1297 1323 2247 2859 3024 3035 3651 3728 4308 4384 4604 5316 5858 6212 6352 6525 6601 7164 7215 7364
899 1345 1560 2020 2107 2545 2979 4824 5036 5428 5639 6114 6160 7360 7899
900 64 164 187 345 527 545 874 1252 2132 2845 3202 3264 4104 4348 4949 5380 5527 5878 6090 6522 6685 7151 7372 7411
901 101 490 1472 1842 2681 2754 3133 3413 3980 4233 4370 4398 4527 4770 4777 4852 5336 5391 5415 6010 7069 7185 7255
902 161 367 583 695 1370 1649 2185 2730 2871 3803 4067 4312 4585 4596 4699 4927 6172 6502 7320 7342 7570 7928
903 66 848 1449 2021 2682 2728 2753 3160 3752 4044 4516 4762 4993 5248 5508 5789 6291 7087
904 99 101 415 470 587 1094 1344 2526 2591 2823 2839 4145 4176 4342 5353 6678 6682 7897
905 913 940 1097 1205 1364 1657 2202 2323 3509 5409 5523 5874 6418 6495 7084 7132 7732 7924
906 736 1405 1441 1455 2232 3363 4158 4411 4446 4545 4941 6018 6384 6817 7076
907 6 99 1116 1403 3239 3893 4304 4968 5916 6088 6371 6480 6953 7444 7695
908 349 1117 1158 1193 1659 1948 2065 2468 2631 3131 3257 3331 4183 4217 4532 5635 6039 7866
909 936 1132 1559 1989 2145 2334 2454 4100 5505 5594 5877 6608 6645 6871 7234 7392
910 502 608 652 1273 1822 2080 2202 2347 2616 2778 2909 3491 3698 3885 4494 5663
911 714 941 1367 2412 3128 3899 4452 5695 5715 5991 6027 6143 6577
912 1752 2115 2384 2698 3365 3610 4168 4834 4851 5527 5700 6219 6334 6938 7593 7617
913 568 905 938 1136 1548 1579 1971 2378 2693 2777 3472 3674 5020 5053 6131 6618 7196 7748 7775
914 320 480 1526 1554 2791 3543 3580 5188 5576 5988 7210
915 268 300 768 1140 1263 1313 1443 1567 1807 2191 2938 3250 4847 4907 5102 5643 5804 7730 7948 7975
916 335 1047 1544 1561 1716 2530 2927 3678 4462 4530 4907 5413 5520 5806 6266 7927
917 518 1324 1662 1837 2066 2110 2429 2453 2754 3518 4172 4192 4242 4291 4669 4842 4932 5205 5357 6018 6240 7734 7848 7920 7947
918 971 1181 2428 2618 3193 3271 3282 3907 4731 4945 4990 5279 5678 6649 6999 7173
919 73 345 513 650 1054 1627 3397 3547 4050 4452 4713 4853 5035 5146 5787 6111 6208 6234 7265
920 618 801 868 2156 3780 4048 4737 5414 5426 5435 5470 5506 5950 6791 6825 7243 7453 7466 7497 7680
921 100 1237 1318 1329 2050 3545 4101 4674 5220 5335 5507 5786 5938 6454 6543 7114 7998
922 135 317 430 500 956 1189 1457 2361 2670 3763 4166 4887 5473 5574 5764 5984 6901 7447 7648
923 530 585 708 807 1088 1301 1816 1866 2559 3626 3861 4488 4755 4831 5261 5854 6297 6435 6700
924 785 1361 1643 1720 1835 2119 2443 2689 2882 3270 3454 3501 3615 4043 4679 4696 5262 5675 5883 6424 6909 7087 7179 7839 7893
925 32 47 1087 1295 1327 1547 1957 1962 2256 2260 2282 2449 3315 3486 3510 3804 3946 4393 5042 5256 6180 6515 6693 6917
926 206 247 503 659 2343 2953 3402 3542 3635 3725 4120 4149 4185 4884 6264 6695 7067 7675 7696
927 364 734 1527 1612 1962 3202 3587 4023 4246 5457 5624 5863 6959
928 175 1153 1837 3842 4136 5202 5697 6075 6946 7056 7335 7893
929 263 316 694 1349 1512 1558 1706 2064 2193 2479 2791 4348 4790 4896 5117 6125 6255 6344 6903 7000 7134 7213
930 62 299 1163 1305 1880 2383 3267 3315 3464 3957 4123 5225 5560 6474 7248 7387 7521 7652 7695 7766
931 72 266 1672 1689 1817 1904 2014 2758 3004 3339 4273 4275 4529 5360 5453 5642 5756 6541 6668 7246 7346
932 506 510 600 819 960 1052 1213 1619 2479 2730 3318 3409 3683 4337 4649 4674 5828 5880 6074 6457 7078
933 198 326 482 529 1516 1942 2143 2516 4074 4590 4808 4915 5181 5823 5939 6116 7014 7106 7186 7719
934 288 344 994 1459 1849 2049 2513 2720 2816 3422 3552 3707 3935 3948 3994 4514 5065 5146 5539 5773 5982 7170 7717 7841
935 795 950 1277 1382 1736 2037 3379 3725 4068 4372 4554 4924 5420 5649 5696 5829 6160 6471 6787 7454 7786
936 80 283 909 1266 1636 1692 1714 1905 2328 3254 3664 5032 5160 5422 5481 5612 6268 7141 7153 7566
937 726 766 1099 1334 1521 1618 1890 2521 2735 2738 3204 3261 3561 3759 5409 5635 5706 5842 5882 6264 7066 7370
938 301 913 1340 1757 1968 1995 2424 2846 2990 3002 5644 5657 6013 6500 6561 6892 7901
939 296 382 447 615 620 650 1247 1623 1778 1823 1897 2365 2678 2730 2841 4182 4460 4986 5268 5389 5771 5928 6748 6822 7285 7677 7838 7890
940 197 905 1111 1190 1455 1858 2047 2121 2596 2949 3265 3480 3593 3853 3984 4187 5193 5999 6162 6463 7011 7757 7759 7896
941 199 464 876 911 1280 1487 1490 2033 2635 3285 3382 3671 3676 4051 4212 5204 5861 6037 6125 6293 6336 6446 6769 7148
942 9 672 1500 1989 2116 3075 4021 4697 4725 5471 6328 6770 7324 7373 7638 7639
943 78 108 630 897 959 991 1123 1205 1367 1895 1967 2809 3305 3628 3689 4530 4563 4667 4819 5364 5775 5797 5957 6978 7541
944 167 1443 1606 2068 3462 3969 4380 4462 5519 5710 5820 6101 6224 7277 7617 7992
945 562 570 621 731 1020 1035 1704 1749 2055 2349 2367 2660 3002 3181 3371 3397 3663 4218 4355 4471 4933 5282 5317 5821 6811 7602 7653
946 785 1157 1331 1417 1514 1948 2678 2948 3309 3658 3710 3882 3944 4749 4785 4830 5066 5286 6883 7729
947 128 176 1278 1498 1590 1931 2136 3714 3851 4257 4621 4744 5481 5576 6114 6205 6405 6521 6645 6790 7029 7047 7637 7685 7847
948 361 1070 1687 1882 2122 3480 3774 3820 3926 4070 4125 4148 5459 5540 5669 6154 6955 7131 7785
949 529 545 591 1135 1216 2052 2276 2560 3428 3498 3645 3874 3925 5533 5791 6028 6493 7069 7380 7899
950 245 935 1140 2477 2888 2920 3654 4318 4527 5163 5323 5731 5761 5776 5869 6307 6435 6446 6783 6993 7150
951 515 1442 1623 1861 1863 2645 3025 3052 3558 4157 4710 4786 4844 5564 6195 6916 7140 7368
952 227 608 1418 1992 2670 3294 4141 4255 4259 4660 4769 4951 5015 5380 5416 5454 6123 6688 6889
953 51 819 964 1398 1537 1579 1764 2221 2441 2616 3826 4541 5029 5290 6457 6817 7026 7687 7811
954 516 3249 3989 4261 4683 4700 5209 5598
955 15 50 51 138 158 726 1088 1299 1355 2321 2352 2479 3764 3910 4224 4880 4954 6110 6446 6473 6933 7246 7705 7847
956 344 922 1204 1529 1616 1827 1926 2466 3003 3449 3595 3625 4065 4951 5093 5568 6467
957 194 661 1275 1305 1676 1829 3203 4317 4498 4698 5226 6800
958 169 681 1119 1181 1243 1427 1490 1892 2301 2501 3107 4487 4499 4978 5004 6308 6317 7462 7529 7765
959 645 777 943 1038 1106 1482 1523 1835 2266 3514 3808 3926 4144 4936 5105 5585 5653 5902 5935 6337 6494 6615 6930 7449 7486 7632 7655 7838
960 352 680 932 1538 1682 2469 3330 3403 3818 5847 7189 7709 7779 7806
961 88 404 1000 1322 1723 3150 3462 3798 4323 5058 5157 5536 5549 5787 6649 6674 6743 6782 6885 7802
962 1132 1178 2053 2175 2643 2707 3230 3244 3257 3675 3728 4676 4702 4791 4845 5036 5082 5418 6164 6563 7298 7554 7748
963 206 504 1465 2114 2357 2358 2672 2957 3416 4871 4910 5632 5777 5795 5896 6604 6638 7337 7399 7787 7876 7966
964 11 762 860 953 1256 1739 2079 3089 3256 3428 3747 3815 3843 4709 5054 5316 5664 5666 5725 6878 7073 7095 7738 7772
965 218 1214 1483 1498 1597 2659 2681 2832 3273 4161 4216 4304 4557 4975 5608 5937 6525 6748 7151 7484 7749
966 57 405 1193 2377 2512 2996 4317 4330 5061 6044 6237 6502 7645
967 343 472 1303 1514 1575 1796 2333 2682 3833 4843 5278 5395 5587 7000 7279 7337 7419 7841 7973
968 183 1115 1939 2078 2232 3526 3902 4517 5173 6008 6618 7389
969 281 354 727 1586 1759 2084 2958 3264 3831 4764 4844 5123 5431 5911 5929 5991 6037 6070 6404 6435 7112 7713
970 134 741 1116 1240 1714 2017 2027 2597 2703 3061 3291 3567 4380 4737 5039 5659 5963 5969 6646 7250 7664
971 0 248 479 918 1085 1415 1621 2345 2372 2477 2587 3067 3943 4533 5091 5151 5540 6122 6527 7100 7285
972 212 825 1578 1668 2000 2744 2877 3271 3770 3782 4701 6051 6070 6293 6393 6605 7693
973 40 713 715 1282 1292 2570 2760 2764 4061 4581 4745 4950 5126 5269 5515 6352 7635 7644
974 471 860 876 1436 1596 1891 1946 1986 2078 2110 4545 4964 4970 5355 5464 5851 6055 6287 6576 6608 6945 7560
975 1205 1763 2719 2823 2830 2867 3676 3777 4123 5320 6084 6173 6369 6439 6764 6788 7613 7888
976 9 1098 1248 2097 2596 3111 3470 3685 3779 4146 4388 4651 5042 5424 5496 6514 7714 7858
977 50 476 505 1183 1413 2178 2731 3523 3927 4257 4560 5140 6879 7379 7530 7675
978 456 572 1260 1529 2665 2670 2876 3090 3507 4212 5523 6388 6687 7370 7609 7701 7816
979 167 601 1001 1387 1428 2017 3082 4378 4745 5360 5363 5557 5781 5948 6559 6821 6853 7198 7987 7991
980 362 1344 1794 2303 2396 2398 2576 2608 2703 3316 4090 4234 4959 5111 5297 5441 6418 6552 6590 6603 6626 6697
981 411 685 831 860 1258 1259 1421 1513 1698 2101 2591 2792 3017 3105 3149 3361 3553 3780 4268 4309 4593 4988 5385 5702 6145 6571 6667 7363 7419 7977
982 82 385 630 895 1279 1589 1810 1930 2036 2065 2240 2733 2827 3279 3666 3677 4051 4802 5322 5695 5967 7326
983 578 622 1280 1325 1582 1879 2341 2740 2977 3479 3655 3791 4233 4375 5919 6179 6918 7087 7545
984 819 1030 1447 1673 1920 2268 2565 3360 3625 3845 4310 4978 5037 7121 7865
985 63 161 313 345 1000 1136 1577 1841 2281 2540 3271 3321 4297 4592 4897 5332 5514 5594 5986 6562 6748 6825 7059 7097 7437 7760
986 1780 1973 2272 2518 3004 3249 4412 5389 5731 5870 6296 6330 7169 7638 7853 7900
987 205 1320 1720 1912 2478 2973 3533 4299 4436 4918 5315 5431 5812 5850 5962 6303 6430 6557 6828 7344 7562 7640 7720 7794
988 572 588 631 769 1145 1187 2066 2527 2822 4190 4673 5239 5320 5480 5548 5601 6162 6372 7091 7454
989 130 210 507 725 1227 1235 1348 1375 1618 2148 2565 3110 3212 3942 5402 5521 6254 6356 7135
990 1292 1521 1977 2153 2489 2653 3263 3555 3898 5309 5329 5440 5699 5970 6331 6722 6773
991 588 628 789 943 1784 2858 3232 3574 3956 4175 4583 4611 4899 5395 5900 6020 6265 6340 6473 6790 6958 7139 7191 7532
992 75 165 288 347 613 1213 1369 1418 1607 3060 3168 3229 3527 3665 4419 4790 5092 5160 5214 6789 7104 7474 7585 7622 7903 7936 7976 7987
993 84 1315 2089 2304 2826 3384 3643 3660 5142 5229 5318 5380 5604
994 934 1037 2409 2429 3137 3463 3934 4322 4695 5218 5332 5637 6193 6693 6765 6776 6818
995 1244 1279 1796 2011 2268 2472 3701 4205 4303 4637 4807 6076 6442 6866 7113 7441 7935 7958
996 4 289 625 663 881 2090 3139 3459 3666 3924 4551 4722 4897 5394 5520 5756 6125 6220 6235 6995
997 133 380 852 1212 1515 2494 3325 3425 4116 4364 4798 5335 6268 6299 6656 6810 7809 7993
998 117 163 408 598 679 777 840 1362 1712 2004 2604 2951 3117 3156 3284 3368 3852 4110 4408 4440 4696 4702 5001 5013 5342 6452 6618 6799 7039 7611 7696
999 159 165 289 418 752 1194 1516 1604 1621 2904 3494 3584 3620 4110 4197 4441 4803 4806 5839 6051 6946 7003 7753
1000 46 961 985 1257 1341 2851 4070 4078 4104 4204 4604 5162 5444 5860 6342 6721 6844 7631
1001 174 979 1045 1309 1463 1760 2353 2449 2518 2745 3280 3457 3881 4009 4037 4177 4477 5097 5441 5630 6469 7346 7437 7633 7822
1002 602 817 1419 2029 2405 2558 2953 3789 3850 4512 5284 6313 6677 7197 7851 7900
1003 661 1167 1169 2670 3224 3514 3640 4116 4119 4315 4828 5077 5227 5758 5798 6688 7169 7433 7799 7831 7841
1004 96 304 358 478 786 826 1240 1351 2273 2352 2657 2868 3568 3763 4063 4164 4743 5521 5549 5680 5956 5993 6291 6352 7578 7713
1005 94 175 813 1235 2367 2663 3782 3855 4399 4796 5201 5819 6751 7471 7908
1006 285 460 800 1068 1211 1282 1360 1590 2232 2662 3243 3764 4267 4815 5144 5930 6080 6195 7293 7401
1007 22 27 51 596 1302 1712 2484 2877 2899 3818 4221 4329 4430 4524 4605 4752 4960 5464 5636 5885 5979 6026 6316 7304 7587
1008 791 1543 1719 3007 3025 3050 3458 3880 4079 4549 5646 5798 7396 7401 7544 7673 7941 7961
1009 6 513 549 631 723 1137 1431 1543 2250 2265 2683 2818 2904 3201 3234 3508 3554 4035 4247 5022 5273 5531 5961 6135 6181 6339 6928 7100
1010 1116 1337 1520 2003 2243 3141 3358 3378 4002 4216 4231 4889 5580 6177 6520 7386 7440 7544
1011 155 1524 1747 2590 2673 3067 3068 3181 3258 3860 4087 4608 5087 5673 6355 6614 6830
1012 89 1880 2515 2664 2921 3268 3451 3510 3664 3691 5002 5633 6022 6233 6434 6790 7280 7332 7995
1013 551 574 1949 2678 3001 3034 3259 3283 3306 3728 3824 3890 4157 4187 4296 4330 4493 5067 5389 5999 6330 6351 6511 7622
1014 453 469 873 1067 1240 1480 2254 2536 2812 2897 3071 3733 4206 4379 4512 4786 4959 5046 5212 5258 5523 5529 6426 6579 7098
1015 378 680 1358 1909 2395 2536 3198 3308 4526 4633 5311 5825 5972 6602 7234 7889
1016 443 632 787 1453 1832 2131 2964 3045 3304 3859 3931 4597 4810 4886 5136 5157 5513 5580 6130 6264 6525 6951
1017 564 1899 1926 2177 2692 3032 3127 5651 5789 6076 6836 6846 6959 7812 7972
1018 735 1152 1527 1794 2425 2625 2628 2930 4102 4308 4627 5602 6226 6795 7570 7787
1019 529 610 1550 1667 3021 3593 3609 3818 4085 4601 4705 4918 5443 5771 5840 6479 6680 7201
1020 587 945 1082 1308 1394 1512 1599 3380 4309 4341 4744 5369 5663 6332 6485 6734 7157 7170 7736
1021 125 163 613 1053 1514 1863 1887 2435 3585 5270 5376 5424 5500 6145 7953
1022 108 733 2652 3386 3441 4075 4216 4471 5616 6843 7561 7677
1023 12 115 556 1284 1409 1673 1783 2461 2584 3123 4659 4858 4889 5179 5245 5377 5561 5865 5936 6656 7921
1024 1923 2027 2852 3023 3756 3787 4002 5013 5316 5889 6155 6420 6581 7034 7073 7279 7693
1025 41 75 1580 1775 2689 2940 3654 3776 4805 4948 5065 6691 6891 7873
1026 235 1028 1437 2693 3243 3280 3288 4426 4723 5236 5826 6178 6603 7559 7722 7769 7923
1027 113 429 436 1237 1269 1393 1907 2155 2932 3428 3712 4072 4214 4327 4423 4876 4945 5019 5322 5831 6138 6145 6850 6939 7154 7448 7500 7578 7636
1028 517 561 826 1026 1072 1429 1875 2387 3029 3366 3407 3609 4087 4664 4923 5062 5139 5644 5660 5761 5891 7035 7197 7203
1029 247 844 1115 1446 1493 1731 1967 3245 3322 3785 4657 4728 5101 5510 6440 7085
1030 206 254 478 984 2230 2470 2860 3060 3323 3482 3495 4661 4715 5342 6051 6258 6556 6733 7038 7689 7754
1031 442 567 691 692 2031 2375 3259 3357 4140 4307 4492 4952 5446 5620 5965 7173 7733
1032 510 1331 2745 4630 5488 5755 5966 6083 7323 7550 7591 7770
1033 817 819 1138 2409 2505 3098 3847 3979 5179 6030 6168 6763 6833 6851 7151 7835
1034 671 1600 2170 2845 3090 3157 3797 4053 4065 4315 4425 4731 5005 5531 5553 5786
1035 292 486 945 1207 1249 1973 2168 2560 3999 4389 4506 4523 4628 4680 4929 6136 6231 6381 6678 7605 7755
1036 314 571 851 1515 2061 2714 3022 3975 4036 4180 4312 4368 4453 4545 4600 5891 6413 6890 7225 7339 7583
1037 14 539 994 1155 1228 3161 3438 3885 4059 5772 6452 6551 7216 7625
1038 826 882 959 1211 1475 2882 3154 3839 4041 4447 5167 5445 5706 6701 7526
1039 137 429 755 1307 1372 1429 1630 4218 5383 5477 5982 6195 6860 7053 7549
1040 450 1104 1161 1429 2626 2854 3817 5187 5248 5377 5939 6042 6411 7489 7902
1041 1088 1844 2614 2660 5808 6536 6898 6964 7053 7133 7455 7834 7840 7938
1042 631 641 1107 1198 1732 2148 2478 2812 3085 3616 4484 4604 5110 5414 5550 5693 5987 6158 6347 6580 6762 6881 7238 7623
1043 11 463 694 823 1838 2198 3586 4095 4941 5821 6629 6861 6892 7312 7333 7343 7564 7572 7628 7761
1044 103 759 1597 1632 1827 3285 3951 5277 5351 5496 6263 6762 6843 7366
1045 367 506 895 1001 1432 1648 1698 2205 3037 3942 4166 4362 4458 4476 4868 5192 5528 7037 7178 7531 7637 7776
1046 13 707 1177 1617 1941 1965 2061 2080 2118 2735 3630 4094 4822 5161 5343 5488 5603 6024 7004 7116 7200 7261 7665 7926
1047 464 916 1194 1337 1438 1512 1874 2003 2069 2227 2302 2341 3386 4313 4663 5952 6016 6034 6490 6557 6582 6873 7004 7083
1048 422 466 1157 2682 2834 3967 4580 5095 5651 6418 6422 6810 7238 7300
1049 336 1425 1475 1566 1645 1941 2845 3077 3531 3612 4428 4569 4680 4928 4991 6043 6858 6980 7263
1050 143 574 681 717 820 3113 3241 3504 3994 4055 4098 4196 4550 4659 4810 5548 5830 6188 6679
1051 338 720 1207 1726 1742 1850 2483 2637 2726 3055 3170 3608 4424 4921 5125 5751 5939 7228 7783
1052 159 407 519 932 1209 1275 1872 1887 3412 4076 4332 4347 4793 4912 5516 6503 6933 7553 7728 7878
1053 728 1021 2091 2561 2569 3717 4899 4982 5194 5491 5709 6835 6958 7255 7589
1054 529 673 919 2113 2518 2552 2613 2642 2670 2685 3037 3308 3319 4180 4346 5580 5983 6028 7265 7360
1055 349 396 618 649 1384 1586 2442 2505 4044 4334 4531 4579 7056 7799
1056 172 189 1144 2072 2123 2282 2439 2916 3364 4212 5458 5592 5602 6026 6090 6348 6364 6550 7512 7828
1057 774 1374 1483 1517 1786 2040 2194 2621 2707 3563 3594 3737 4319 4659 4741 5491 5870 5935 6265 6351 6357 6812 7147 7444 7769
1058 2106 2794 2872 3812 4018 4777 5149 5200 5570 6150 6167 6363 6486 6518 6522 6675 7236 7772
1059 129 264 675 1155 1511 2032 2158 2186 2696 3517 3801 4438 5333 5428 5824 6153 7220 7233 7960 7976
1060 158 717 763 1100 2169 2189 2347 2797 3214 3370 4041 4145 5078 5491 5803 6667 7528
1061 57 814 1325 2146 4631 5087 5130 6559 6715 6958
1062 28 135 1100 1165 2186 2354 2683 2689 3019 3764 4185 4619 5159 6486 6511 6540 7955
1063 413 568 1527 1545 1606 2109 2378 2690 2828 3443 4070 6291 6321 6603 6679 6803 6902 6925 7083 7107 7497
1064 20 47 752 1454 1948 2414 3177 3496 4113 4365 4709 4914 5204 5720 6300 6964 7403 7782
1065 517 712 1328 4499 4975 6385 6726 6886 7266
1066 249 350 755 1723 1890 2610 3226 3304 3322 3474 3694 4530 5278 5562 5568 5646 5973 6660 6784 7029 7410 7438 7559 7576 7620 7849
1067 649 1014 1156 1196 1428 1626 1745 1857 2027 2881 3021 3283 3327 3759 4449 5138 5523 5816 6107 6822 7573
1068 544 729 1006 1166 1505 1538 2287 2388 2401 3222 3376 3485 3493 3750 3818 4358 5114 5928 6257 6555 7089 7290 7793
1069 12 483 559 866 1153 1413 2099 2227 3179 3365 3375 4357 4970 5773 6292 6472 7066 7236 7388 7797
1070 782 948 2604 3189 3401 3484 3811 3864 4265 4380 4417 4772 4944 5275 6312 6482 7020 7549
1071 316 423 447 724 1325 1697 2184 2584 2612 2679 2737 2955 2987 4511 4667 4742 5655 5672 5718 6341 6452 6583 6637 6981 7464 7563 7569 7933
1072 347 461 747 898 1028 1147 1630 2362 2650 3055 3266 3373 4495 6304 7023 7448 7583
1073 552 676 2346 2484 2540 3348 3538 3570 3674 3813 4379 4813 5047 5049 5281 5514 5715 5891 6061 6123 7607 7896 7921
1074 388 1312 1880 2440 3702 4700 4913 4947 4980 6400 6785 7323 7841
1075 303 556 748 1595 1752 2842 3065 3196 3458 3899 4419 4762 5411 6435 6441 6502 7225 7358 7462 7795
1076 98 1208 2741 3112 3267 3400 3449 3772 3932 4490 4967 6208 6224 6341 6588 6743 6782 7240 7727 7856 7982
1077 59 227 660 683 771 1254 1371 2659 3469 3711 3977 4008 4210 4389 4411 4880 5009 5060 5178 5536 5608 6198 6395 6504 7345
1078 171 595 1630 2196 2644 2681 2765 3003 3124 3569 4071 4414 5805 6365
1079 289 323 846 1524 1665 2013 2507 2756 3109 3925 4174 4193 5293 6165 6765 6975 7763
1080 11 436 504 1097 1179 1724 1965 2152 2598 2714 2901 3352 3779 4093 4372 5199 6487 6680 6691 6904
1081 141 383 692 2520 3510 3703 3818 3986 3993 4004 4447 5031 5939 6313 6481 7219 7643 7777 7996
1082 54 62 130 434 627 1020 1153 1297 3291 3322 3451 5506 5579 5710 6106 6374 6411 6429 6640 6784 7042 7591 7823 7844
1083 1115 1331 1640 1775 2243 2465 2538 3234 3291 3478 4196 4846 4910 4912 5563 5657 5753 5876 6109 6421 6698 6812 6938 7281
1084 574 656 883 2102 2207 2300 3219 3459 3672 3768 3806 3926 4348 4837 5241 5613 5964 5994 6229 6385 6437 6463 6686 7084 7485
1085 36 93 312 833 971 1625 2035 2416 2724 2883 3667 3686 4090 4139 4784 4909 5310 5586 5769 5885 6547 6957 7190 7335 7760 7887
1086 119 340 1260 1266 1335 1367 1455 1458 1535 1647 1865 1933 1985 3147 3241 3442 3650 3859 3911 4473 5040 5204 5874 6226 6680
1087 96 265 458 925 1208 1245 1544 1814 2430 2679 2925 2977 4455 5038 5373 5588 5634 6435 6479
1088 338 470 923 955 1041 2350 2844 3621 4083 6201 7427 7436
1089 140 1533 1561 1663 2343 2361 3096 4375 4495 4681 5241 5870 5934 6677 6903 7140 7551
1090 418 481 1920 2327 2839 2869 3031 3662 4334 5054 5304 5354 5517 5971 6162 6418 6776 6920
1091 330 1627 1841 2424 2804 3416 3712 4866 5521 5919 5970 6243 6899 7030 7303 7675 7753
1092 51 1211 1533 1647 2107 2226 3056 3445 3667 3923 4559 4933 5430 5453 5521 5609 5771 5914 5991 6545 6598 6716 7641
1093 201 828 1405 1953 2262 2826 3180 3469 4178 4623 4690 5818 6419 7835 7912 7975
1094 594 770 904 1509 1683 1810 2385 2847 3680 3736 4107 4595 4775 5010 6110 6669 7065 7187
1095 467 746 888 1145 1465 1841 2687 3156 3753 3807 4588 4889 5396 5554 5592 5863 5972 6277 6523 6611 6795 7178 7216 7441 7538 7595 7755 7764
1096 32 606 1612 2380 2588 2792 3148 3185 4663 5284 5374 5504 5864 6212 6221 6279 6809 7182 7687
1097 743 905 1080 1274 1793 1934 2209 3506 3946 5770 5909 6547 7815
1098 555 567 976 1734 1880 2779 3256 3823 3959 4744 4808 4880 5416 5720 6367 6666 6847 7773
1099 93 525 687 937 1598 1704 2240 2556 2646 3214 3546 4134 4969 5604 5720 6213 6323 6620 6644 7651 7817
1100 96 1060 1062 1144 1428 2479 3092 3801 3965 4544 4677 4766 5651 5877 6433 6479 6604 7853
1101 293 1233 1666 2664 2678 3462 4148 4214 4688 4889 5055 5324 5496 6117 6222 6739 7469 7508
1102 23 1979 2338 2376 2526 3703 4138 4222 5692 6985 7224 7392
1103 44 418 1321 1778 1968 2391 2861 2863 2983 3457 3990 4035 4107 4245 4362 4581 6450 6571
1104 209 1040 1180 1255 2317 3043 4508 4529 5271 5632 6154 6888 7026 7042 7330
1105 322 621 633 1121 1584 2025 2130 2214 2406 2407 2573 2730 2739 3040 3389 3551 3710 4878 5016 5361 5393 5474 5808 6085 6236 7258 7539
1106 151 196 611 739 754 959 2585 2736 2784 3071 3528 4588 4720 5621 5721 6172 6925 7288 7569 7570
1107 388 678 1042 2020 2447 2644 2814 2912 3001 3053 3528 4366 4403 4421 4984 5849 5864 6063 6103 6140 6284 6438 7094
1108 648 2198 2208 2919 3150 3284 3320 3327 3501 3591 4046 4684 4943 5073 5428 5828 5894 5948 6165
1109 203 230 291 613 772 868 1131 1780 2773 2792 4469 4481 4567 4699 4744 4748 4786 5685 6426 6958 7275 7367 7709 7985
1110 321 414 494 571 641 1357 1886 2024 2498 2526 2920 3998 4063 5124 5647 5742 6557 6577 6738 6939 7470
1111 195 326 822 940 1671 1989 2451 2714 3649 4351 4569 5055 7213 7691 7711
1112 79 279 2436 2830 3188 3296 3967 4863 6276 6330 7070 7841
1113 80 192 449 552 1921 2162 2179 2359 2482 2939 4660 4807 5081 5323 5624 6133 6529 6801 7511 7586
1114 155 345 470 799 1792 1842 1933 2646 3079 3304 3451 3982 4004 4366 4738 5116 5155 6428 6657 6924 7147 7154 7658 7997
1115 47 117 734 968 1029 1083 1172 1496 1634 1638 3275 4174 4356 5326 5929 6060 6407 6601 6990 7222
1116 222 481 625 907 970 1010 2412 2973 3572 3627 3906 4329 4477 6224 6355 6362 6677 6924 6986 7005 7747
1117 244 892 908 1324 1450 1711 1735 1903 2090 2092 2331 3109 3472 4215 5291 5600 6259 7193
1118 7 490 539 569 619 1171 1960 2644 2954 3094 3108 3206 3428 3834 4109 4733 4780 5445 5514 5631 5868 6031 6366 6485 6741
1119 958 1897 2392 2462 3033 3215 3724 4814 5454 6563 7087 7821
1120 540 1269 1479 1688 1910 2392 3597 3719 5031 5238 5378 5407 5420 5628 5848 5936 6710 6845 7121 7990
1121 100 236 445 489 784 1105 2500 3109 3234 3727 3841 4324 4930 5546 6684 7977
1122 1224 2091 2189 2471 3490 3803 3832 4848 5679 5766 6061 6098 6472 6487 7631
1123 943 1893 1896 2005 2174 2235 2328 2468 2810 3246 3461 3916 4645 4757 4772 5369 5610 5760 6468 6520 6678 6744 7853
1124 234 371 637 1387 1849 3106 3265 3412 3763 3784 3831 4428 5022 5214 6617 7775
1125 355 395 1621 2875 2920 3031 3390 3585 3889 4250 4330 4354 4863 5121 5227 5361 5887 6396 6555 6666 7063 7087 7215 7455
1126 665 1145 1515 1542 1609 2082 2156 2221 2706 2860 2948 3185 4189 4479 5966 6051 6119 6218 6267 6302 7048 7112 7643 7888
1127 100 385 686 1339 1669 2225 2658 3039 3080 3399 3691 4174 4410 4464 4586 5548 6629 6911 6970 7097 7351 7939
1128 210 325 2166 2425 2430 2488 2911 3192 3653 3800 3859 4273 4380 4643 4865 5138 5697 5801 6183 6497 6509 6642 7110 7222 7596
1129 119 3875 3933 4036 4170 4956 5118 5231 6269 6375 6997 7530 7634 7687 7758
1130 683 783 1526 2403 3186 3222 4315 5445 6105 6252 6256 6485 6734 6740 7198 7226 7726
1131 16 407 831 1109 1134 1508 2666 2719 2877 3607 4191 5064 7167 7324 7401 7483 7591
1132 909 962 1328 1356 1979 2095 2263 2400 2665 3164 3229 3815 4408 4411 4558 4767 5203 5209 6022 6462 6929 7079 7399 7827 7929
1133 150 435 455 1351 1548 1801 1840 1843 1882 1950 2928 2981 3795 4146 4366 4380 4519 4710 5733 5881 6046 6109 6271 6720 7145 7372 7914 7918
1134 689 1131 1527 1577 1845 2249 2267 2364 2398 3301 3498 3646 4381 4735 4970 5633 5840 6471 6579 7011 7050 7281 7340 7918
1135 949 1394 1562 1735 2377 2452 2465 2804 3100 3228 3487 4063 4887 5607 5643 6483 7750
1136 423 451 838 913 985 1257 1429 1487 1559 1652 1700 2198 2200 2496 2570 2910 4181 4201 4316 4464 4711 4971 5570 5778 6884 7012 7068 7453 7638
1137 530 539 1009 1442 2572 3180 3832 4392 4806 5595 5679 5684 5908 5929 6058 6250 6285 6287 6328 6775 6964 7428
1138 155 516 1033 1582 3404 3702 4623 4665 5000 5450 5861 5902 6373 6578 7070 7078 7557
1139 185 398 1568 1714 3160 3304 3650 4797 6570 6618 7021 7967
1140 394 669 915 950 1509 2060 2508 2548 2749 2934 3562 3600 4007 4493 4910 5535 6179 6558 7333 7359 7852
1141 417 1289 1529 1591 1934 2234 2286 2357 2371 2390 2520 4043 4481 4695 5038 5289 6029 6148 6669 6672 7111
1142 393 470 895 2474 2522 2926 3711 4233 4624 5356 5647 6374 6580 6620 7142 7192
1143 567 710 1907 2712 4173 4614 4618 4654 5103 5110 5240 5289 5971 6015 6104 6298 7514 7550 7620
1144 256 618 1056 1100 1586 2113 2581 2901 3336 3803 4407 5014 5234 5966 6175 6953 7399 7684 7812
1145 21 218 667 988 1095 1126 1438 2256 2558 2596 2697 2698 2831 3876 4058 4118 4474 4638 4753 6005 6062 6262 6524 7121 7986
1146 141 205 841 1407 3013 3362 3856 4385 4581 4652 4778 4895 5154 5354 5400 5801 5970 6082 6249 6436 6549 7060 7201 7270 7742
1147 640 667 1072 1509 1537 2384 2647 3250 4498 4950 5244 5423 5803 6281 6641 6813 6895 6967 7404 7420 7699 7747
1148 313 1777 2783 3320 3433 3751 4088 4195 4459 4739 5137 5296 5297 5462 5518 5860 6044 6111 6200 6257 6412 6539 6757 7693
1149 525 791 1216 1548 2295 2551 2694 3185 3300 3393 3749 3931 3952 4876 5133 5290 5695 5699 5784 5824 5920 6086 6263 6495 6749 7009
1150 6 242 548 1293 1415 1665 1880 2432 3203 4037 4093 4418 4668 4692 5274 5595 6289 6376 6697 6771 7867
1151 79 352 888 1247 1327 1442 1530 1565 1618 2072 2739 3170 3962 5179 5508 5823 7517
1152 9 65 273 816 1018 1218 1303 3395 3688 4799 4810 5469 6527 6535 7200 7255 7480 7567 7894
1153 125 928 1069 1082 1272 1590 2759 2786 2841 2887 2997 3641 4283 4440 5794 6578 6581 7225 7783
1154 192 401 676 1718 2978 3369 3875 4663 4980 6056 6104 6301 6625 6760 7025 7498 7529
1155 100 435 830 1037 1059 1530 1746 2003 2187 2490 2540 2906 3444 3575 3636 3765 3797 4344 4766 4801 4821 5173 5327 5869 6445 6543 6546 7522 7792
1156 196 234 441 718 1067 1795 2242 2297 2400 2443 2794 3321 3412 3741 4067 4828 4946 5175 5573 6504 7000 7272 7359 7599
1157 946 1048 1315 1654 1763 3164 3456 4383 5066 5630 5900 5956 6657 6964 7091 7337 7354 7424 7449
1158 22 250 418 492 579 640 908 1765 2418 2487 2532 4170 5315 6418 6597 6716 6962 6965 7142 7257 7953
1159 471 613 821 1487 1633 2275 2893 3188 3790 3992 4430 4540 5213 6985 7145 7232 7789 7870 7952
1160 1177 2021 2646 2898 3273 3917 4031 4137 4249 5174 5646 6078 6346 6361 6376 6505 6928 7655 7662 7688 7708
1161 503 1040 1440 1537 2225 2466 2621 2648 3067 3190 3560 4076 4337 5181 5575 5820 6096 7037 7672
1162 235 316 1256 1544 2588 2912 3221 4083 4087 4747 4821 4952 5099 5738 5888 6427 6439 7550 7620 7867 7997
1163 251 479 548 930 1380 1456 2025 2283 2336 2484 2670 3019 3109 3143 3710 4626 4987 5198 5289 5454 5481 5482 6524 7007
1164 759 1206 1233 1644 1788 1864 2150 2517 3385 3646 3827 3879 4430 4515 4642 4677 4698 5037 5534 6091 7024 7374 7832 7919
1165 281 504 1062 2650 2814 2930 3035 3130 3197 3415 4372 4475 4741 5392 5604 5769 6204 6984
1166 139 447 515 885 1068 1658 2240 2803 3038 3277 3954 4016 4222 4227 4357 4940 4959 5275 5660 5849 6132 6477 7584 7977
1167 185 1003 1301 1668 1777 1933 2578 2824 2861 3092 3588 3615 4434 5276 5670 6055 6714 7558 7674 7742
1168 421 481 509 615 659 817 1771 2107 2368 3399 3915 3992 4338 4408 4791 5423 5568 5617 5698 5795 7637 7881
1169 347 1003 1520 1757 2401 2507 2679 2719 2752 2924 3964 4694 5026 5367 5387 6083 6422 7326 7780 7810
1170 159 330 811 1351 1359 1576 1605 1650 1732 1826 2110 2466 2494 2680 3344 3383 4007 4267 4444 4674 4724 4985 5048 5838 5886 5890 6131 6620 6677 7931
1171 484 1118 1728 2205 4132 4676 4743 5032 5602 5832 6521 7052 7344 7798 7835
1172 365 1115 2163 2209 2670 2906 3806 5018 5054 5335 5567 5571 5612 6596 7317
1173 378 875 1665 1754 1958 2258 2410 2749 2908 3018 3073 3310 3854 4268 4954 5248 6077 6240 6255 6657 6942 7118 7153 7427 7580 7754
1174 2035 2381 2829 3816 3886 4015 4507 4643 5002 6208 7231 7421
1175 571 790 844 889 2174 2344 2514 2776 2935 4212 4248 4258 4436 4526 4865 5025 5436 6032 6208 6349 7154 7737 7974
1176 17 32 276 615 752 1393 1591 2788 2852 2894 3434 3787 3980 5138 5374 5387 5653 6093 6167 6544
1177 1046 1160 1585 1618 1659 2111 3079 3118 3319 3503 4325 4404 5255 5289 5435 5989 6053 6125 6875 6990 7432
1178 770 962 1534 2793 3548 4172 4208 4725 5057 5860 6661 6693 6800 7442 7559 7677 7743 7790 7949
1179 171 237 420 860 1080 1432 1586 2151 2352 2809 3049 3103 3371 3725 4939 5201 5360 5540 5856 5931 6965
1180 64 411 1104 1806 1931 2073 3426 4974 5785 7570 7936 7943
1181 471 509 918 958 2273 2368 3138 3355 3624 4109 4165 4175 4884 5001 5366 5805 6225 6625 6875
1182 59 60 1517 1877 1963 2082 2347 4041 4650 4711 4719 5268 6146 6282 6668 6809 7022 7373 7663 7993
1183 383 539 977 1205 1323 1376 1428 2396 2601 2604 2813 3462 4313 4687 5137 5686 6398 6451 7219
1184 1207 1411 2417 2849 3623 3680 3849 4507 5160 5363 5568 5572 7138 7217 7315 7446 7975 7990
1185 1201 1389 1538 2653 2666 2735 2936 2988 3102 3117 3328 3622 3905 4748 4817 5714 6064 6219 6495 6741 7322 7713 7779
1186 10 298 1757 2947 3240 4001 4084 4823 5265 5337 6691 6985 7035
1187 31 270 586 774 988 1615 2264 2800 3691 3898 5442 6203 6375 6740
1188 193 763 771 1231 1286 1511 1518 1840 2420 2759 3391 3777 3947 4482 4875 5074 5171 5335 7147 7275 7471 7540 7746
1189 629 922 1271 2278 2575 3291 3852 3869 3913 4320 4439 5053 5680 7116 7154 7984
1190 193 552 940 1967 2323 3267 3459 3568 3820 4789 4934 5368 6370 6496 6760 7139
1191 93 128 192 285 614 700 764 1537 2544 2571 2703 2980 3407 3722 3777 4064 4257 5110 5541 6105 6664 6814 6966 7848
1192 38 202 277 820 824 1747 2539 3532 4432 4520 4906 5051 5439 5629 5781 6456 6989 7423 7720
1193 908 966 1198 1286 1509 1998 3250 3265 3371 3473 3689 3734 3818 4430 5484 5726 5747 5983 6115 6182 6323 6384 7190 7346 7971 7988
1194 197 225 999 1047 1488 2453 2986 3002 3201 3558 3990 4093 4867 4994 5853 7295 7788 7934
1195 479 507 580 1294 1793 2330 2370 2589 3051 4134 4641 4902 4914 5035 5134 5280 5323 5361 6460 6749 6892
1196 1067 1338 1424 2267 2993 3665 4029 4297 4488 4762 4963 4967 5161 5348 5863 6054
1197 241 260 371 825 1426 1955 2850 3358 4064 4164 4359 4614 4675 4780 4968 4978 5035 5161 5468 5649 5786 6122 6484 6678 7003 7555 7573 7665
1198 64 103 242 441 1042 1193 2178 2432 2625 2946 3033 3413 3841 3976 4161 5322 6287 6634 6919 7161 7258 7316 7363 7381
1199 574 1461 1893 2078 2183 2587 2654 3050 3508 3522 3536 3810 4477 5208 5339 5847 6243 6788 6901 6922
1200 57 148 426 1386 1762 1821 2784 2848 3029 3105 3226 3572 3972 4104 4452 4458 5364 5539 6558 6710 7066 7626
1201 176 227 439 1185 1413 1691 1928 2240 2444 2616 2813 4264 4805 5164 5846 6070 6875 7126 7931 7936
1202 153 542 2547 2704 3194 3838 4013 5574 5611 5814 5973 6134 6211 6357 6500 6624 7072 7343 7770 7899 7901 7971
1203 814 1945 2140 2290 2651 2717 2762 3257 3572 3590 4234 4720 6615 6618 6778 7145
1204 390 956 1325 1448 1574 1989 3388 3447 3802 4840 5490 5524 6841 7454
1205 299 496 804 905 943 975 1183 2347 2722 3533 4956 5108 5319 6113 6127 6640 6723 6881 7021 7532 7650 7904
1206 1164 2018 2705 2995 3465 4026 4364 4456 4883 4999 5012 5071 5777 5916 5934 6081 7290
1207 96 440 448 1035 1051 1184 1311 1450 1690 2484 3641 4506 4997 5609 5614 5624 5801 7575
1208 78 186 251 632 743 1076 1087 1237 1346 1357 2017 2746 3092 4557 4754 5292 5721 5986 6189 6701 6731 7031 7286 7315
1209 680 1052 1904 2902 3285 3556 3706 3833 5546 5677 5884 6426 6666
1210 249 256 686 1257 1515 2390 2642 3654 4074 7024 7544
1211 140 158 227 242 340 599 827 1006 1038 1092 1218 1465 1681 2114 2153 2355 3405 3414 3891 3960 4071 4217 4498 5179 5217 5268 5319 5692 7232 7277 7763 7919 7987
1212 487 603 769 997 2772 5103 5496 5569 5763 5860 6511 6786 6996 7973
1213 152 932 992 1419 1783 1962 2127 2590 3243 5509 5576 5648 5698 5925 6297 6403 6630 7109 7400 7568 7866
1214 25 864 965 1625 2635 3076 3205 3296 3404 4134 4231 5056 5296 6178 6944 7480
1215 124 125 798 1886 2276 2716 3455 3483 4170 4357 4536 4793 6246 6425
1216 199 235 302 416 949 1149 1316 1655 2716 2960 3089 3103 3650 4269 4276 4478 4985 5460 5975 6803 7041
1217 134 250 634 747 772 822 1967 2309 2337 2861 3250 3849 4980 5128 5427 5682 6282 6507 6519 6988 7394
1218 399 403 519 862 1152 1211 1461 1848 2335 2495 3524 3671 3698 3997 4000 4590 6109 6902 7593 7920
1219 105 489 712 1901 1920 3098 3318 5161 5175 6100 6371 6402 6634 6743
1220 524 814 818 1474 1629 1688 2704 2747 3010 3624 3884 4703 5520 6480 7609
1221 692 1788 2687 2802 3021 4064 4205 4256 5113 5993 6149 6305 7972
1222 414 579 1318 1428 1519 1779 3104 3185 3333 3342 3526 3839 3885 4543 4884 4943 4996 5704 5761 5983 6700 7036 7194 7665
1223 18 349 731 1296 1782 2108 2488 3266 3607 4249 4302 4378 4542 4618 4933 5199 5508 5787 5798 5986 5998 6001 6187 7163 7558 7645 7832 7856
1224 225 652 1122 1766 2832 3236 3241 3742 4603 4870 5114 5383 5557 5568 7920
1225 69 628 719 896 2025 2467 3605 4008 4362 5733 6042 6714 7243 7642 7782
1226 438 559 572 802 1345 1701 1988 2009 2440 2552 2805 3516 3885 4960 4986 5295 6102 6109 6704 7092 7157 7464 7635
1227 875 989 1416 1808 3426 3619 3681 3888 4187 5010 5030 5233 5266 5945 6031 6067 6076 6479 6676 6973 7406 7521 7567
1228 21 89 174 266 841 1037 1347 1389 1810 1837 2244 2256 2317 2351 2683 2982 3398 3437 4783 5133 5424 5462 5536 6039 6048 6219 6377 6551 7079 7232
1229 354 379 1251 1505 1616 3357 3465 3690 3924 4566 4633 4708 5039 5546 6301 6649 6983 7057 7391 7730 7842
1230 875 1786 1968 2927 3061 4881 5359 5712 6554 6693 7487 7621 7692
1231 125 352 531 1188 2160 2557 2763 2935 3792 4095 4159 4239 4432 4742 4778 4849 4956 5437 5802 6431 6468 6470 6628 6898 7048 7175 7373 7536 7544 7552 7930
1232 295 401 622 686 2373 2650 2688 2970 3442 4023 4372 4773 5106 5469 5522 5750 5946 6248 6879 6897 7033 7497 7591 7936
1233 357 596 898 1101 1164 1582 2821 3324 3394 4606 4666 4762 4855 5491 5660 6275 6599 6851
1234 1266 1571 1697 3044 3190 3966 4436 4603 5446 6116 6127 6608 6676 6702 6735 7044 7309 7704 7788
1235 240 989 1005 1547 2051 2256 2390 2618 2998 3248 3763 3951 4142 4339 4498 4648 6387 6545 6547 6822 7033 7809
1236 520 587 747 1553 2137 2302 2313 2828 2875 3856 4033 5287 5721 7160 7564
1237 114 583 780 921 1027 1208 1420 2389 2779 3518 3527 4445 4716 5192 6373 6622 7162 7938
1238 252 787 2464 2731 3198 3649 3754 4230 5271 5374 5763 5844 7261 7360
1239 460 747 1295 1607 1653 1807 2435 2521 2640 3117 3252 3513 4039 4103 4463 4739 5086 5271 5368 5784 6932 7050
1240 72 458 970 1004 1014 1479 1763 2340 3039 3242 3263 3747 4191 4296 4543 4688 4717 4726 4988 5376 5506 5747 6442 6702 6936 6980 7002 7659 7783
1241 400 505 676 1413 1634 1859 1952 2085 2231 3952 4970 5136 5227 5272 5305 5545 5666 6116 6146 6177 6617 6990 7190
1242 210 319 516 519 2229 2360 3545 3868 4521 4760 5599 5609 5902 5982 6269 6309 6760 7488 7842
1243 202 471 568 686 958 1849 2539 2648 2953 3066 3075 4787 5216 5598 5735 5952 6566 7158 7771
1244 548 742 995 1269 1696 2227 2342 2361 2768 3571 3711 3834 4504 4560 4917 6169 6248 7880 7958
1245 53 300 511 1087 1275 1460 2028 2549 2853 3802 3804 3924 5240 5617 6561 6589 7614
1246 1597 1733 1992 2253 2676 2924 3037 3306 3478 3514 4006 4106 4316 4328 4386 4809 4896 5389 5607 6357 7179
1247 516 939 1151 1450 2044 2056 2330 2622 2677 2731 2900 3016 3253 3271 3927 3931 4019 4313 4933 5288 5441 5598 6160 6551 6893 6987
1248 976 1300 1350 1411 1463 3321 3471 3473 3641 3657 3850 4018 4355 4875 5564 6395 6398 6866 7057 7115 7286 7867
1249 898 1035 2187 2478 3100 3311 3785 4800 4940 5017 5227 5304 5332 5652 6246 6343 6525 6570 6588 7374 7670 7786
1250 121 362 457 1637 1927 2547 3653 4476 5622 6462 7309 7443 7450 7990
1251 696 1229 1252 1406 1567 1672 2309 2361 2601 2943 3531 3892 4189 4386 4691 5966 6592 7301 7559 7867 7994
1252 407 425 868 900 1251 1476 1513 2385 2911 3146 3828 5348 5750 6349 7298
1253 126 204 1714 1959 1972 2232 2324 2402 2524 3369 3391 3474 3642 3691 3844 4438 4715 4800 5683 6339 6618 6822 7279 7612
1254 591 1077 1467 2221 2455 2685 2944 3310 3627 3812 3866 3875 4379 4514 4657 5128 6225 6480 7120 7320 7352 7684 7758 7795 7919
1255 1104 1268 1418 1469 1594 1796 1806 2123 2696 2878 3233 3393 3618 4292 4692 4993 5016 5499 5569 5718 7408 7540
1256 39 247 260 964 1162 1405 1463 1551 2159 2296 2531 3072 3216 3338 3491 3769 5494 5586 7880
1257 207 763 844 1000 1136 1210 1606 1733 3350 4151 4954 6433
1258 260 389 416 981 1628 1735 1920 2037 2374 2632 2633 2839 3266 3534 3615 4485 6030 6090 6184 6494 6977 7006
1259 106 113 488 663 981 2734 2802 3512 4550 4621 4762 4866 6047 6213 6323 6390 6700 7025 7079 7528 7546
1260 24 158 423 762 978 1086 1541 1557 1811 3185 3731 4513 4868 5328 5441 5602 5722 6015 6612 6797 7508 7725
1261 127 311 1277 1462 1715 1723 1774 1960 3049 3668 3815 4634 5354 6453 6886 7182 7302 7887
1262 15 1488 2173 2213 2478 2854 3389 4024 4088 4415 5033 5161 5343 5480 6222 6240 6320 6604 6630 6871 6887 7770 7774 7793 7826
1263 915 1589 1768 2034 2177 2208 2481 2811 3216 3296 3916 4147 4252 5354 6000 6298 6504 7285
1264 112 205 328 463 622 796 1845 2841 2965 3933 4316 4335 5223 6098 6678 7973
1265 45 639 856 860 1485 1657 1667 2218 2503 3152 3333 3920 4054 4159 4962 5040 6016 6332 6533 6575 7454 7477 7485 7532 7683 7939
1266 431 657 936 1086 1234 1418 1681 1725 2102 2394 4203 6384 6878 7254 7780 7995
1267 550 1682 2009 2227 2937 3565 3704 4221 5031 5065 5488 5902 6464 7287 7349 7706 7775
1268 193 207 521 550 741 1255 1851 2172 2408 2904 3145 4068 4136 4374 5032 5331 6062 6296 6459 6703 6806 7634 7949
1269 188 204 575 1027 1120 1244 2023 2254 2628 2801 3056 4379 4449 4512 5017 5087 5515 5524 5952 6422 6626 6658
1270 2132 2611 3452 3664 4459 4511 4727 4813 4977 5069 5277 5597 6949 7206 7466 7803
1271 354 416 1189 1689 1830 1863 2224 3211 4507 4803 5226 6970 7463 7517
1272 440 1153 1330 1544 1604 1688 2301 2346 2686 4363 4673 4937 5061 5334 5933 6309 6578 7136 7261 7691 7736 7814 7962
1273 12 26 75 269 333 773 910 1313 1381 1517 2194 3193 3645 3877 4145 4279 4474 4747 5200 5962 6146 7385 7867
1274 337 892 1097 1331 1895 1983 2561 2569 2886 4172 4225 4897 4910 5046 5109 5622 5892 6282 6462 6707 7138 7153 7225 7368 7648 7878 7996
1275 957 1052 1245 1401 1428 2225 2362 3255 5381 5606 5915 6420 6982 7081 7091 7631
1276 64 115 561 593 1607 1726 2613 2962 3015 4349 4518 5064 5130 5304 5694 6984 7246 7272 7773
1277 163 935 1261 2238 2336 2462 3292 4094 4545 4802 5516 5621 5683 5910 6132 6356 6591 6686 7243
1278 674 714 947 1590 1609 1677 1706 1800 2366 2725 3133 3184 3552 4268 4360 4857 5034 5754 6732 7023 7632
1279 982 995 1642 1682 1815 2253 4002 4102 4954 5211 5607 5698 5959 6004 6988 7497 7748 7805 7959
1280 0 22 619 941 983 2138 2373 2719 3230 4120 4379 4404 4592 4993 5965 6851
1281 26 71 85 559 825 1466 1719 1881 2179 3217 4647 5471 5488 5836 6668 7042
1282 143 549 973 1006 1901 2852 3199 3431 3736 3780 4624 4676 5085 5148 6597 6690 6707 7052 7453 7726
1283 56 408 455 766 891 2742 3078 3487 3703 4056 4258 4694 4708 6634 7235 7960
1284 56 455 621 1023 1411 1614 1677 1928 2016 2150 2304 2531 4161 4565 5053 5182 5432 5520 6532 7295 7408 7454 7942
1285 217 2331 2528 2637 2884 3198 4219 4657 5498 5611 6186 6748 7040 7057 7225 7652
1286 158 181 246 406 1188 1193 1536 1801 2714 4623 4830 6268 6872 7516 7858
1287 176 713 1696 1810 2506 3133 3457 3886 4121 4448 5019 5025 5780 5796 5990 6827 6924 7082 7099
1288 366 493 625 848 1309 2169 2264 3604 4704 4747 4829 5636 5906 6090 6096 6487 6492 6829 7016 7283 7464 7711 7737
1289 161 340 385 1141 1655 2338 2739 2964 3433 3917 4363 4457 4673 4913 5024 5314 6462 6674 7611
1290 313 752 2701 3254 3633 4348 4919 6233 6280 6661 6902 7345 7758
1291 7 1483 1672 1784 2225 2863 3386 5460 5629 5887 5896 6119 7785 7993
1292 212 973 990 1965 1991 2218 3010 3122 3780 3806 3865 3884 5215 5272 5690 5706 5747 5991 7049 7207 7408 7457
1293 1150 1598 2494 2893 3239 5917 5939 5993 6411 6503 7581 7602 7908
1294 358 1195 1899 1956 2299 3103 3325 3730 4743 5138 5846 5961 6871
1295 52 500 690 925 1239 1313 1549 1959 3278 4409 4880 5079 5125 5259 5720 6983 7460 7720 7835
1296 142 174 1223 1778 1805 1897 1934 2300 2419 2436 3603 3643 3702 3920 4091 4609 4668 4980 5067 5260 5727 5888 6782 7200 7413 7580 7623 7664 7719
1297 212 743 898 1082 1378 1754 1888 2190 2391 2430 2687 2818 2924 3474 3845 4451 4750 6237 7262 7293 7321 7366 7690 7786
1298 30 812 1353 1690 1875 2290 2412 3488 3511 4048 4670 4986 5963 6309 6419 6557 6570 7053 7065 7162 7363
1299 606 955 1923 2414 2752 2918 3866 3971 4094 4390 5439 5793 5796 5869 6192 6721 6985 7719 7980
1300 896 1248 1869 2122 2160 2844 3162 3661 3791 4465 4941 4943 5650 6082 6549 7051 7147 7870
1301 157 307 333 486 923 1167 1676 1932 2856 3303 3643 3734 4041 4524 5100 5412 7251 7512
1302 256 831 1007 1335 1987 2124 2273 2384 2391 2560 2979 3631 3781 4238 4409 4520 4981 5050 5832 5992 6360 6690 7073 7112 7730 7751
1303 628 887 967 1152 1382 1455 1877 1897 3651 3724 3732 4202 4606 5003 5045 5230 5440 6864 7600 7912
1304 853 1709 2040 2169 3402 3424 3926 4272 4862 5471 5588 6176 6458 6503 6573 7066 7154 7302 7387 7505
1305 183 421 930 957 1377 2326 2854 3179 3322 4383 4394 4708 4721 4833 4926 5559 5721 6461 6782 7160 7243 7350
1306 1340 1977 2411 2489 2528 3730 3860 4627 5419 5592 5959 6684 6715 7468 7990
1307 64 458 785 851 1039 3132 3510 3521 3620 3650 4090 4104 4511 5701 5745 5973 6554 7789
1308 406 892 1020 1437 1495 1543 3089 3170 3243 3253 3540 4284 4682 5285 6079 6309 6374 6399 7350 7624 7635
1309 208 675 694 1001 1288 1472 1650 2210 3451 3488 3496 3566 4682 4841 5992 6498
1310 740 790 1828 1940 2541 2719 3013 3052 3105 3244 3522 3526 3617 4175 4413 5692 5729 5911 6076 6245 6335 7245
1311 618 1207 2138 2515 2730 3367 4929 6058 6350 6401 6909 6928 7104 7132 7510 7815
1312 478 1074 1729 2122 2231 2324 2900 3255 5606 7453
1313 92 105 880 915 1273 1295 1797 2029 2375 2796 3131 3353 3751 3821 3911 3982 4169 4594 5006 5026 5453 6083 6729 7038 7249 7384 7616 7693
1314 119 741 1528 2806 3279 3396 3462 3556 3928 4500 5245 5930 6547 6644 6919 7180 7321
1315 396 487 536 993 1157 1511 1622 1662 2102 2207 2423 2768 3327 3594 3712 5191 5621 5637 5886 6705 6924 7126 7283 7622 7837
1316 337 1216 2059 2277 2610 3583 3973 4203 4231 4904 5196 5873 6165 6420 6473 6533 7224
1317 120 871 1385 2407 2867 3157 3804 4090 4145 4616 4715 4850 5071 5390 5980 6237 6270 6463 6913 7119 7703 7968
1318 473 553 779 921 1222 1878 3100 3545 4619 4621 4977 5191 5384 5559 5993 6398 6453 6706 6747 6957
1319 73 601 1470 2312 2370 3168 3699 3703 4795 4920 5084 5349 5877 6369 6493 7371 7696
1320 304 322 551 586 843 987 1503 1952 2788 2898 4018 4090 4232 4612 5473 5545 5617 5698 5699 6210 6276 6908 7066
1321 480 640 772 816 1103 2988 3042 3850 4181 4531 4794 5348 5397 5590 5630 5737 5990 6069 6335 6585 7139 7170 7356 7450
1322 306 961 1336 1393 1676 2078 3067 4188 4431 4665 5287 6164 7267 7715
1323 898 1183 1334 1938 3092 3271 4386 5835 6975 7193 7213 7575 7702
1324 96 146 657 859 917 1117 2069 2830 2908 2998 3087 3150 4026 4135 4143 4581 4683 5219 6052 6200 6782 7789
1325 651 701 983 1061 1071 1204 1918 2922 3128 3711 3727 4020 4151 4178 4318 4616 5162 5444 5777 6142 6281 7124
1326 26 316 562 676 833 2006 2586 3370 3527 4058 4549 4551 4772 5145 5410 5912 6115 6713 6778 7663 7826
1327 455 925 1151 1831 1976 2602 2617 2744 3042 3146 3846 4302 4572 5630 6800 6936 7014
1328 241 1065 1132 3361 4602 5243 5698 6757 7204 7275 7434
1329 921 1504 2050 2149 2181 2542 2629 2735 3005 3561 3652 4269 4448 4561 4640 4790 5531 5836 6082 6535 6746 7527 7777
1330 369 398 399 1272 1656 2289 2601 2987 3257 3493 4573 5002 5176 5816 5902 5991 5995 6123 6301 6652 6820 6990 7493 7546 7710
1331 516 760 946 1032 1083 1274 1535 1919 1970 2748 2821 3737 3995 4744 4755 5101 5584 6478 6935 7522 7870
1332 1594 1672 3594 4919 5073 5226 5420 5852 6524 6559 6742 7250 7406 7442 7618 7844
1333 193 819 1398 1483 2084 2637 2872 3717 4096 4365 4909 4930 4966 5802 6105 6844 7137 7387 7866
1334 517 632 937 1323 1542 1751 2023 2186 2261 2460 2619 2816 2943 3450 3533 3895 4095 4387 4423 4494 4899 5770 6121 6274 6795 6858 7537
1335 183 511 644 661 798 1086 1302 1399 1791 1909 1965 1977 2446 3324 3495 3769 3778 4483 5454 5623 6523 6544 6795 6830 6914 7807
1336 232 301 321 1322 2192 2230 2455 2652 2779 3302 3313 3344 3824 3885 4065 4146 4154 4342 4616 4997 6419 7226
1337 481 1010 1047 1361 1645 1729 1784 2574 2785 2851 3016 3111 3296 3397 3762 3893 4202 4534 4821 5609 5632 5638 5712 5734 5915 6312 6456 7109 7312 7331
1338 90 206 822 1196 1390 1481 1686 1712 2608 4056 4070 4554 4670 5216 5481 5562 5809 6169 7324 7422
1339 406 719 764 1127 1648 1661 2049 3562 3819 4093 4094 4204 4322 5409 6140 6303 6467 6813 7144 7426
1340 199 478 645 657 938 1306 1845 1913 2216 2417 2785 3911 4112 4422 5471 5566 6688 6855
1341 1000 1771 2257 2442 2602 2622 2634 2827 2882 3697 3776 3802 4230 4516 4565 5443 5631 5833 6235 6797 7804
1342 477 558 714 2180 2846 3171 3729 4562 4603 4899 6720 6948 7380 7928
1343 3 1537 1863 3303 3421 3860 4614 5668 5682 5720 6069 6584 6778 7064 7478 7482 7874
1344 126 325 904 980 1603 2010 2808 3745 4389 5209 7481 7553 7848 7892
1345 899 1226 1453 1657 2486 2802 3490 4999 5267 5356 5454 5747 5850 6337 7429 7993
1346 337 1208 2542 2744 3273 4819 4937 5615 6243 6938 7361
1347 723 1228 1355 1414 1697 2886 3602 3690 4244 4813 4870 5105 6818 7999
1348 278 765 989 2111 2228 2691 3188 3234 3500 4528 4657 5767 6051 6622 7079 7530
1349 458 929 1350 2304 2767 3087 3403 3803 3883 4710 4891 5316 5881 6731 7008 7444 7462
1350 207 672 1248 1349 2277 2290 2358 2464 2715 3258 3793 4450 5365 5534 6490 7021 7209 7220
1351 1004 1133 1170 1781 1858 2532 3218 3311 3476 3572 3684 4054 4215 4598 4983 5073 5722 5801 5936 7093 7656
1352 1813 2192 2360 2624 2643 3549 4777 4786 4840 5195 6574 7170 7371
1353 1298 1709 2241 2856 2877 2927 2939 3170 3729 3751 4363 5552 5555 5890 6032 6588 7223 7645 7837 7844
1354 249 519 665 785 854 1551 1565 1942 2901 2929 3357 4947 4988 5185 5927 6169 6258 6519 6679 6785 7371 7659 7687 7710 7974
1355 49 309 695 782 867 955 1347 1836 2324 2421 2643 3211 4335 4551 4920 5106 5376 5410 5447 5842 5898 5905 5939 7923
1356 98 196 667 1132 1927 2104 2802 3716 4060 4226 4289 4505 4756 4877 5284 5422 5906 6340 7186 7277 7332 7342 7427
1357 432 509 592 686 1110 1208 2077 2914 3003 3883 4147 4419 4528 4570 4931 5093 5220 5633 5731 5862 6245 6441 7385 7879 7971
1358 1015 1787 2062 2378 3970 4141 4155 4917 5018 5453 5580 5588 5611 6328 6420 6429 6487 6593 7901
1359 104 440 1170 1481 1637 1639 1813 1873 2553 3360 4448 4685 4830 5044 5152 5722 5963 5964 6434 6682 7293 7361 7634 7836 7919
1360 242 489 1006 1442 1721 2178 2340 3375 4202 4485 4690 5217 5325 5643 6464 6486 7507 7828
1361 1 311 398 598 924 1337 1464 1982 2019 2160 2235 2442 2823 2997 3461 3968 4051 5701 6201 6224 6249 6943 6966 7125 7905
1362 39 168 217 752 998 1588 2021 2168 2937 3505 3613 4691 5786 5825
1363 570 1638 2739 2833 3237 3267 4127 5282 5326 5836 6316 7373 7985
1364 373 905 1741 2436 2563 4452 4659 5183 5685 5952 6750 7437 7453 7584
1365 438 562 717 1870 2002 2401 3071 3543 4505 4511 5474 5593 5905 6007 6225 7182 7878
1366 385 590 1860 2050 2077 2480 2702 2811 3202 3427 4778 5178 5319 6922 7048
1367 271 848 911 943 1086 2248 2486 2497 2618 3105 3131 3989 4297 5137 5816 6312 6612 6741 6856 7718
1368 243 691 816 1669 1950 2072 2583 3704 4192 4457 4882 5363 5597 5697 6004 6466 6660 6664 7268 7467 7655 7706 7948
1369 992 1705 1718 2103 2171 2274 2945 3035 3379 3539 4262 4330 4497 4816 4865 5396 5399 5651 5914 6873 7639 7894
1370 189 579 603 902 1686 1869 1897 2740 3268 3608 4037 4701 4973 5325 5776 6063 6677 7542 7572 7645
1371 759 1077 1530 1624 1707 1738 2176 3032 3139 3445 3580 4255 4556 4597 4712 4723 5346 6121 6580 7173
1372 193 487 872 1039 1509 3422 3859 3866 4137 4326 4708 4921 5021 5150 6753 6782 6833 7015 7318 7533
1373 433 788 1487 1609 1710 2686 2732 2847 3198 3807 3955 3968 4052 4463 4598 5216 6092 6659 6837 7390 7401 7591 7867 7869
1374 8 594 1057 1463 2185 2666 2977 3798 3902 4103 4247 4581 4638 4796 5127 5271 5291 5938 6648 6843
1375 94 989 1766 2711 2772 3272 4071 4409 4753 4792 5058 5544 6259 6483 6712 7155
1376 435 1183 1843 2521 3806 3891 4287 5295 5679 5721 5843 5856 6207 6271 6732 6882 7144
1377 1305 1856 1884 2214 2935 3035 3778 4381 4842 5242 5614 6124 6201 6572 6679 6913 6966 7015 7125 7282 7583 7773
1378 312 422 715 1297 1483 1583 1915 2512 2929 3208 3470 3670 3815 4272 4767 5406 5419 6451 7130 7196 7569 7626 7933
1379 381 1404 1428 1485 1509 1696 1838 2565 2633 3073 3433 3804 4458 5246 5908 6123 6212 6495 6580 6613 7030 7457
1380 277 808 1163 1447 2013 2266 2508 2714 3104 4697 5030 5532 7724 7841
1381 223 568 724 1273 1392 1696 1853 2201 2455 2513 2548 2577 3204 3415 3522 4080 4308 4523 5712 5923 5955 6327 7157 7301 7472
1382 935 1303 1568 1781 1812 2054 2177 2199 2536 2540 2620 2716 2770 3047 3058 3354 3516 4321 4627 5159 5284 5511 6016 6665 7635 7718
1383 50 583 627 740 1553 3082 3966 4173 4202 4535 5010 5129 5188 5335 5987 6937
1384 360 1055 1566 2569 3236 3318 3635 4001 4486 4767 6964 7604 7642
1385 32 91 130 197 613 1317 1440 2061 3234 3392 3732 3742 3974 4369 4459 6777 6807 7595 7655
1386 289 748 1200 1575 1812 2228 2247 2679 2775 2818 2820 2880 2887 3126 3277 3504 3689 3989 4914 5334 5593 6008 7288
1387 80 535 858 979 1124 1725 1933 2320 2866 3154 3155 3277 3895 4027 4297 4353 4640 4887 4906 4998 5582 6246 6992 7054 7069 7476 7587 7672 7863
1388 139 683 1651 1912 2102 2156 2337 3429 3445 3589 3727 4674 5115 5677 6289 6538 6848 7759 7981
1389 1 29 616 1185 1228 1454 1610 1829 2171 2711 2758 3026 3185 3370 3389 3750 3836 3958 4291 4358 4821 5165 5762 6268 6418 7784
1390 93 139 238 1338 1871 2215 2426 2764 3557 4906 5512 6874 6977 7466
1391 425 1426 1464 2161 2472 3746 4125 4839 5302 5995 6285 6793 6931
1392 163 471 545 1381 1986 2045 3083 3481 3678 4400 5210 5620 6378 6576 6693 6826 6884 6902 7188 7377 7506 7810 7916 7996
1393 1027 1176 1322 1627 2116 3007 3062 3129 3328 4000 4041 4347 4678 4701 4702 4785 5475 5851 6133 6168 6259 6488 6908 7051 7054 7623 7759
1394 381 659 1020 1135 1741 1826 1877 2034 2057 2450 2570 2604 3246 3717 3949 4047 4376 4739 5237 6871 7355 7986 7999
1395 353 2008 2162 2930 3020 3177 3846 4247 5388 5665 5825 6012 6026 6671 7343 7446
1396 273 2522 2718 2964 3260 3538 3959 4021 4381 5235 6076 6181 6649 7848 7929
1397 42 784 1804 2376 2673 2796 3389 4167 5076 5917 6037 6666 6926 7313 7762
1398 271 648 849 953 1333 1713 1979 2031 2103 2506 2622 3152 3242 3454 4388 4558 5226 6307 6451 6643 6658 6954 7347 7496 7690 7790
1399 300 545 1335 1651 2064 2760 3118 3233 3274 3345 3545 5933 5966 6074 6606 6776 6849 7459 7746 7999
1400 85 358 509 649 701 842 1945 2807 4100 4448 4536 4732 5077 5366 5440 5616 5970 5985 6403 6494 6702 7361 7563 7997
1401 341 859 1275 2746 2796 4261 4539 4682 4815 5490 5629 5904 5909 6420 6421 6739 7681 7969
1402 156 570 849 1768 2773 3248 3718 3754 4071 5367 5675 5900 6183 6570 6737 7020 7277 7500 7571 7601 7605 7608 7668 7738
1403 639 699 739 907 1662 2112 3391 3593 4444 4819 5059 5267 5759 5838 6389 6486
1404 57 259 1379 2213 2296 2939 3612 3769 3803 4305 4447 4548 4695 4714 4862 5875 6460 7407 7641
1405 648 699 906 1093 1256 1541 1778 1816 2127 2454 3038 3276 3340 3680 4698 4944 5230 6189 6742 6861 6877 6991 7581 7737 7772
1406 539 1251 1887 2300 2390 4173 4308 5155 6712 7084 7213 7953
1407 149 1146 1705 1949 2106 2150 3138 3207 3815 3857 4083 4225 4311 4324 4738 5021 5032 5101 5552 5780 6916 6981 7973
1408 1607 1900 2298 3268 3665 3847 3852 4168 4274 5187 5553 5891 6278 6736 6884 6974 6978 7244 7980
1409 830 1023 1646 2658 3043 3135 4622 5047 5365 5864 5986 6905 7786 7831
1410 4 891 1454 2159 2850 3561 3929 4230 4682 4851 4987 5317 5392 5730 5922 6307 6596 6804
1411 337 755 1184 1248 1284 1456 1588 2432 2535 2641 2726 2841 2923 3078 3148 3334 3427 4358 5171 5224 5660 6206 6902 7674 7793
1412 18 68 630 886 1747 1832 3563 3894 4758 4876 5432 5483 5687 6120 7066 7143 7272 7560
1413 675 977 1069 1201 1241 2105 2426 2703 3031 3477 4254 4768 4950 5025 6126 6158 6310 6995 7519 7655 7725
1414 228 1347 1458 2103 2146 2224 3038 3156 3371 3884 4613 5287 5440 5666 5856 5992 6258 6438 6795 7575 7947
1415 360 426 971 1150 1668 2163 2579 4514 6809 7973
1416 744 1227 2020 2200 3858 4106 4181 4957 5440 5498 6082 6738 7386 7891
1417 664 946 2104 2314 2630 2861 6158 6204 6615 6700 7893
1418 372 602 952 992 1255 1266 1483 1617 2243 2753 3267 3811 3813 4062 4235 4554 4692 5643 5845 6096 7467 7594
1419 314 559 893 1002 1213 3091 3443 3597 6200 6349 6833 7189 7324
1420 726 1237 1422 1583 2192 2764 2799 3635 3929 5177 5592 5628 5642 6514 7142 7436 7681 7716
1421 402 981 1502 1931 2169 2345 2769 3123 3214 3331 5338 5544 5626 5864 6039 6605 7189 7312
1422 42 815 830 879 1420 1708 1740 1950 2254 3079 3195 3450 3704 4613 5052 6010 6175 6511 6559 6878 7296 7349 7662
1423 144 524 1619 1873 1875 2246 2370 2510 2848 2888 3044 3293 3829 4016 4593 4609 5251 5326 6065 6223 6234 6624 7435
1424 191 268 839 1196 1473 1650 3710 3864 3931 4556 4621 5129 5468 5773 6493 7398 7463
1425 216 307 897 1049 2100 2184 3458 3535 3855 4017 5071 5346 7186 7542 7898
1426 156 324 434 453 1197 1391 1731 2476 2598 2714 3957 4176 4296 4402 4440 5063 5397 5640 5911 5917 6429 7318 7827 7969
1427 534 958 1645 1957 2024 2065 2226 2497 2829 3559 3567 3588 3959 4235 5283 5360 6526 6703 6736 6882 7334 7473 7875 7932
1428 979 1067 1100 1183 1222 1275 1379 1436 1708 1757 2636 2663 3162 4155 4393 4621 5454 5537 5909 6045 6319 6556 6578 7084 7319 7412
1429 506 812 842 1028 1039 1040 1136 1614 2432 2789 2810 3260 3618 4360 4658 5086 5708 6328 7562
1430 437 501 613 888 1709 1949 2469 3154 3307 4009 5247 5378 5630 5650 5888 6610 6703
1431 17 383 1009 1905 1966 2871 3398 3538 3557 3609 4022 4290 4297 4411 4644 4808 4913 5242 5251 5652 5986 6227 6685 6742 6776 6886 7236 7803 7933
1432 193 248 253 1045 1179 1493 1519 1534 2132 3224 4948 5425 5627 5691 5755 7417
1433 324 410 546 722 1910 2847 3051 3147 3264 3389 3768 4218 4771 4808 5058 5522 5780 5967 6020 6405 7142 7224 7578 7957
1434 726 1920 2478 2712 3551 3693 3733 4398 4634 5415 5675 5680 6108 6434 6991 7140 7259 7506 7854
1435 210 330 1538 2030 2236 2834 2854 2875 2966 3095 4770 4772 4922 5150 5671 6650 6833 7283 7550
1436 135 286 412 974 1428 1542 1605 2789 3529 5005 5254 5256 5321 5325 5389 6034 6792 7267
1437 124 1026 1308 1472 1575 2262 2291 3055 3506 3687 4201 4276 4384 5302 5919 5977 6109 6665 6914 7590 7691
1438 690 1047 1145 1671 2309 2316 2356 2411 2474 2780 2901 2917 3519 3572 3613 3826 4444 4988 5111 5614 5668 5883 5983 6082 6263 6473 6581 6971
1439 515 653 2100 2851 3260 3347 3803 4082 4662 4847 4905 5354 6144 6287 6688 7093 7152 7569
1440 44 286 357 1161 1385 1829 2094 2297 2312 2610 2779 3316 3972 3994 4118 4148 4286 4337 5138 5522 5769 6004 6233 6433 6647 7253 7542 7552 7654 7868
1441 76 906 1711 2369 2453 2534 2801 3781 3853 4506 4930 4946 5005 5628 6679 7651 7834
1442 951 1137 1151 1360 2182 2871 3094 3110 3274 3526 4219 4461 5114 5779 5948 6127 6534 6930 7234 7908
1443 435 915 944 1462 1863 2070 2796 2890 3223 3251 3951 4143 4971 5509 5660 5689 5698 5737 5798 6086 6318 6946 7446 7510 7528 7955
1444 557 1763 1991 2703 3400 3408 3915 4014 4085 4153 4392 4440 4533 4932 5066 5610 5693 7629
1445 353 465 1715 1737 2774 3691 4090 4726 4750 4894 5210 6081 6780 7460 7794 7841
1446 224 318 374 422 1029 1500 2293 2735 3344 3748 4684 5332 5357 5370 6865 7292 7589 7756
1447 369 396 418 660 849 984 1380 1577 1950 2016 2453 3535 4834 5141 5293 5679 6849 7692
1448 235 301 1204 2392 3028 3447 4015 5477 5586 6587 7057 7457 7591 7781 7840
1449 903 1695 1931 2037 2307 2375 3471 4922 5174 5309 5349 5515 6385 6495 7112 7400 7665 7847
1450 188 1117 1207 1247 1730 2078 2408 2468 2718 2923 3037 3437 3607 3988 4559 4699 4732 5223 5393 6163 7257 7814 7945 7953
1451 89 115 818 1713 1974 1991 2245 2450 2838 3008 3181 3256 3587 3747 3959 4400 5012 5400 5741 7103
1452 125 438 458 622 1778 2210 2448 2492 2998 3016 3159 3276 4038 4968 4985 5492 5580 6213 6315 7146 7735 7805
1453 117 377 399 1016 1345 1769 1883 1899 2525 3267 3750 3771 4102 4185 4833 5306 5716 6458 7085 7162
1454 403 530 825 861 1064 1389 1410 1519 1767 2676 2791 2916 3000 3067 4085 4645 4765 4819 5480 5851 6171 6839 7880
1455 58 906 940 1086 1303 1496 2042 2129 2552 2669 3836 4449 4454 5230 5553 5577 5862 6086 6361 7877
1456 42 135 334 539 892 1163 1411 2181 3142 3815 4355 4555 5971 6441 6879 7453 7940 7941
1457 519 815 922 1863 2005 2032 2157 2187 2408 2445 2819 2962 3233 3251 3664 3836 4074 4210 4620 4861 5317 5503 5735 6146 6147 6190 6347 6640 7240 7871
1458 407 584 678 1086 1414 1466 1507 1931 2081 2138 3121 3148 3768 4383 4517 4746 4780 4884 5421 5726 5820 6017 6705 7427
1459 94 131 209 482 733 797 934 1589 1919 2049 2124 3336 4026 4100 4157 4357 6058 6173 6256 7089 7559 7668 7696 7794 7983
1460 217 572 1245 1521 1528 2583 2677 2985 4130 4241 4415 4551 6001 6091 6140 6327 7302 7434 7737
1461 172 584 1199 1218 2684 5239 6712 7298 7400 7413 7537 7766
1462 780 1261 1443 1806 2713 3288 3570 4128 4635 6139 6306 7005 7489 7586 7680 7720 7767
1463 282 534 541 832 1001 1248 1256 1374 2289 3348 4718 4739 4771 4773 5275 5426 5824 6306 6455 6470 7024 7499 7535
1464 61 1361 1391 1574 1653 1904 2041 2761 3168 3250 3337 3913 4389 4590 4733 5114 5176 5268 5710 5886 6269 6465 6627 6715 7643
1465 75 140 678 963 1095 1211 2245 2347 2782 2897 3205 4380 4575 4657 4986 5117 5733 6045 6791 7324 7556 7740 7779 7799
1466 212 554 602 682 1281 1458 2384 2940 3234 3451 4263 4389 4411 5147 5313 5957 6316 7097 7853
1467 180 1254 1687 2261 2271 2540 3700 3703 4095 4183 4333 5107 5241 6798 7411 7866
1468 421 769 813 830 1720 2193 2709 3095 3902 4358 4374 4924 5180 5216 5341 5670 5823 5921 6046 6251 6270 6471 7383 7531 7902 7983
1469 1255 1592 2000 2355 2896 2926 3024 3492 3818 4323 5443 5572 5593 5711 6123 6625 6773 7198 7256 7446 7529 7983
1470 149 1319 1472 1738 1903 2275 2816 3015 3159 3216 3330 4176 4188 4320 4652 4726 4847 5336 6076 6516 6730 7808 7961
1471 33 837 2604 3059 3238 3294 3880 4174 4256 4684 5018 5468 5648 5760 5790 6098 6442
1472 25 680 706 826 901 1309 1437 1470 1720 1849 2035 2167 2688 2709 3215 3254 4206 4571 4583 5360 6021 7508
1473 1424 2013 2185 2452 3019 3167 3505 3855 4037 4690 4847 5166 5285 5462 5770 7200 7804 7942
1474 160 389 1220 2091 3035 3161 3227 4498 4783 5087 5100 5580 5608 5772 5827 5906 6113 6331 7185 7754 7886
1475 484 604 661 775 1038 1049 2628 2656 2767 3533 3627 3907 4046 4273 4636 4972 5387 5502 5948 6089 6272 7254
1476 0 285 409 623 1252 1662 4251 4258 5539 5947 7257 7849 7862
1477 614 1692 1764 1888 2073 2140 2210 2265 2526 3216 3332 3334 4385 4392 4634 4964 5759 5829 7077 7280 7526 7729 7783 7990
1478 544 621 1551 1721 1727 1770 2887 3867 4954 4978 5961 6204 6469 6767 7095 7794 7881
1479 59 83 376 1120 1240 1534 2050 2768 3061 3671 5124 5454 5500 5992 6053 6106 6403 6517 6738 7130 7206 7792 7797
1480 1014 1536 2094 2189 3863 3950 4581 4679 5408 6393 6478 6532 6689 7005 7164 7233 7328 7487
1481 112 447 1338 1359 1515 2065 2201 2231 3292 3908 4634 5902 5928 6186 6654 7032 7283 7306 7923
1482 357 443 510 959 1486 1801 1967 2327 2530 2700 2821 2854 2860 3124 3435 3505 3817 4444 6236 6694 6714 6791
1483 629 763 965 1057 1291 1333 1378 1418 1679 2279 3127 4424 5191 5928 6122 6168 6279 6736 7312 7671 7708
1484 298 813 1681 2069 2716 5419 5918 6726 6842 6981 7027 7728 7882 7899
1485 1265 1379 1921 1931 2368 2889 3344 4003 6053 6846 7013
1486 10 526 676 894 1482 1561 2925 3799 4652 4674 4904 4917 5600 6302 6515 6842 7791 7812
1487 292 579 820 941 1136 1159 1373 1539 2722 3730 3821 3830 4124 4371 4540 4995 5653 6036 7269 7363 7739 7835 7863
1488 155 457 474 1194 1262 1699 2338 2413 2978 3320 3695 4388 4608 5101 5211 5758 5866 5952 6550 6907 7502 7738
1489 200 378 466 488 739 789 1932 1963 3537 3608 3621 3728 4588 5037 5333 5763 5824 6122 6425 7685 7697 7866
1490 682 941 958 2842 2952 3135 3336 4155 4660 4681 4956 6735 6845 6926 7407
1491 873 1519 1616 2219 2358 2799 3020 3243 3484 3674 3790 3902 4116 4263 4754 5508 6459 6764 6882 7100 7644
1492 218 384 1548 1671 1737 1855 3678 4974 5108 5715 6197 6393 6681 7449 7484 7551
1493 895 1029 1432 1837 2046 2100 2105 2419 2876 3445 3690 4524 4629 5186 5783 5912 6104 6224 6233 6445 6629 7120 7166 7291 7413 7894 7909 7977
1494 123 284 490 1987 2201 2617 2991 3468 3622 4108 4179 4286 4330 6815 7043 7466 7804 7970
1495 1308 1999 2036 2710 2925 3338 3695 4118 4170 4317 4723 4892 6518 6718 6859 7347 7422 7501 7573 7802
1496 4 40 403 707 1115 1455 1712 1724 2222 2226 2297 3185 3511 3895 4332 4745 4946 5418 5624 5829 6564 6710 6735 6995 7429 7795 7813
1497 42 817 1656 1883 1942 2061 2165 2551 3273 3952 4314 5168 6952 7309 7370 7793
1498 467 662 947 965 1937 2111 2336 2415 2697 2750 3017 3294 3355 4275 5191 6063 6233
1499 46 82 817 1735 2031 2250 3334 3439 5341 5891 6130 6331 6411 6975 7446 7474
1500 0 470 525 549 705 942 1446 1636 1669 1725 1973 2666 2667 2677 3081 3861 4134 4269 4327 4395 4635 4968 5810 6125 6186 6544 6598 6782 6822 6833 7085 7287 7345 7418 7488 7972
1501 1591 1830 1957 2085 3117 3349 3681 4238 5324 5661 5696 5748 5773 5901 6065 6291 6372 6691 6887 7055 7398 7523
1502 263 594 655 1421 1703 1831 2632 2896 3315 3613 4176 4408 4931 4961 5210 5314 6219 7035 7344 7471 7817 7908
1503 603 872 1320 1622 1704 1783 2029 2568 2644 3767 3786 3884 3997 4958 6072 7130 7187 7999
1504 281 692 858 888 1329 2367 3077 3675 4893 5541 6210 6313 6431 7051
1505 1068 1229 1619 2377 2731 2842 2851 3791 4543 4683 4703 5085 6262 7860 7873
1506 0 697 794 2199 2384 2707 2731 3041 3061 3532 3592 3983 4206 4252 5259 5288 5398 5455 5492 5656 6020 6222 6335 6517 6745 6890
1507 1458 2382 2493 2734 4478 5755 5780 5793 6077 6080 6103 6202 6243 6516 6841 7410
1508 678 833 1131 1796 1920 1998 3336 3352 5888 6224 6271 7789 7858
1509 1094 1140 1147 1193 1372 1379 1571 1906 1958 2100 2259 2528 2696 2699 2820 3747 4048 4852 4894 5652 6017 6024 6308 6485 6592 6839 7149
1510 818 2077 2326 2573 3424 3715 4010 4889 5058 5218 5408 5859 6231 6844 7638
1511 202 1059 1188 1315 1645 1708 1780 2000 2153 2241 2518 5874 6097 6550 6568 6798 7329 7496
1512 929 1020 1047 1821 1852 2029 2139 3514 4090 4698 5387 6003 6171 7931
1513 334 360 981 1252 1930 2954 3815 4657 5600 5765 6338 6690 6706 6717 6850 7491
1514 270 946 967 1021 1560 1579 1990 2367 2389 2413 2422 2736 2787 3945 4798 4869 4891 5562 5911 6238 7107 7220 7445
1515 997 1036 1126 1210 1481 2343 2375 2642 2774 3598 4724 5431 6196 6907
1516 4 33 261 933 999 1585 2122 3240 3305 3634 4797 4999 5181 5391 5765 6713 6883 6984
1517 344 447 711 1057 1182 1273 1764 3152 3183 3260 3669 4306 4749 5466 6458 6828 7357 7566
1518 72 625 682 690 697 713 852 1188 1758 1759 2114 2690 2783 3198 3496 3546 3958 4238 4334 4393 5137 5399 5575 7078 7190
1519 521 1222 1432 1454 1491 1605 2592 3292 3349 3826 3840 4401 4859 5018 5254 5985 6322 6557
1520 307 535 692 1010 1169 1525 1661 2268 2286 2586 2903 3933 4046 4089 4256 4372 4573 5330 5672 6209 6233 6513 6795
1521 811 937 990 1460 1787 2116 2632 2778 2882 3048 3321 3654 3985 4161 4877 4956 5730 6033 6143 7146 7914 7992
1522 207 2093 2259 2786 3095 3325 3327 3352 3379 3423 4063 4067 4827 4943 5288 5389 5930 6042 6518 6894 7506
1523 434 849 865 959 1610 1865 2018 2561 2757 3471 3984 4387 4457 4543 5047 5499 5514 5799 7555
1524 9 343 1011 1079 1744 1845 2110 2563 2900 3253 3898 5612 5748 5933 6149 6197 6256 7226 7240
1525 12 108 674 799 1520 2140 2548 3114 3157 3362 4102 4976 4980 5034 5750 5888 5952 6520 6532 7600 7618
1526 60 914 1130 1606 2122 2268 2502 2802 2905 3083 3145 3324 4368 4557 4728 4823 5303 5440 6195
1527 550 927 1018 1063 1134 1851 2354 2481 2624 3262 3556 3760 3925 3969 4031 4118 5564 5598 6193 6512 6739 7418
1528 431 714 735 1314 1460 1775 2023 2148 2774 3516 4504 5201 5207 5876 6082 6564
1529 176 243 775 785 956 978 1141 4017 4156 4204 4917 5697 6674 6977 7862 7957
1530 338 1151 1155 1371 2156 2460 3411 3535 3597 4051 4190 4696 4879 5028 5570 5694 5707 5967 6061 6467 6546 6735 6901 7136 7270
1531 1825 1829 1830 1869 1959 2217 2218 2908 2936 2937 4256 5330 6206 6640 6737 6975 7250
1532 114 444 452 519 594 841 1807 2043 3127 3287 3788 4139 4174 4233 4485 4604 5286 5847 6025 6609 6922 7125 7234 7473 7623
1533 767 1089 1092 1580 2230 2982 3781 3982 4087 4327 4527 4613 4659 4858 5014 5834 5952 6071 6376 6937 7617
1534 45 136 495 565 1178 1432 1479 1791 1949 2171 2990 3419 3710 3939 4214 4241 4627 4734 5668 5776 5865 6124 6271 6459 6482 7234
1535 1 384 650 1086 1331 2511 2850 2859 3155 3273 3850 3961 4067 4963 5524 6353 6504 6523 6620 6936 7101
1536 273 743 1286 1480 1684 1918 3141 3692 3696 5237 5306 5592 6142 6699 6968 7212
1537 265 637 667 953 1147 1161 1191 1343 1881 2219 2773 2775 3465 3916 4620 4842 5339 6412 6643 6968 7250 7893
1538 694 960 1068 1185 1435 1792 2047 2399 2833 2869 3510 3591 3714 3989 4546 4624 5035 5505 6046 6151 6429 6686 6734 7073 7198 7220
1539 473 1487 1744 2088 2727 2833 2838 2885 2992 3229 3590 5023 5250 5824 5943 6102 6391 6867 6922 7303 7361 7895
1540 558 4131 4430 4753 5005 5164 5392 5777 5781 6616 7035 7881
1541 403 1260 1405 1775 2477 2658 2727 3274 3450 3602 3851 4643 4709 4915 5173 5400 5766 5820 6008 6066 6356 6520 6803 6826 7407 7565 7651
1542 1126 1334 1436 1618 3051 3453 4742 5094 5300 5534 5658 6122 6323 6891 7558
1543 399 555 1008 1009 1308 2701 2751 3178 4220 4229 4505 5176 5194 5232 5255 7476 7631
1544 130 467 916 1087 1162 1272 1564 1706 1722 2444 3243 3513 3687 3880 3951 4210 4338 4539 5746 6162 6372 7334
1545 703 1063 1668 3151 4213 4310 4498 4978 5791 5977 6254 6832 6934 6949 7371
1546 889 1646 1974 2329 2464 2695 2963 3037 3551 3869 4052 5207 5665 5926 6027 6041 6760 7251
1547 605 925 1235 1880 2064 2143 2157 2468 2477 2530 3228 3267 3740 4104 4162 4493 4607 4694 4713 4835 5850 5862 6536 6956 7486 7908
1548 59 64 119 913 1133 1149 1492 1810 2486 2563 2571 3847 4766 5329 6150 6422 6866 6875 7153 7497 7527 7911
1549 17 263 460 1295 2088 2119 2403 2597 2775 3279 4511 4567 4980 5704 6132 6720 7101 7352 7629 7799
1550 335 1019 2421 2657 2741 2784 3012 3071 3486 3736 5662 5864 5923 5955 6377 6621 6708 6763 6785 6960 7003 7401
1551 13 445 1256 1354 1478 1819 1888 3502 3548 3585 3673 6675 6789 7034 7044 7194 7282 7772 7859
1552 226 244 528 841 2017 2086 2338 2446 2913 2992 3298 4260 4475 4730 5207 5492 5755 6096 6118 6441 6578 6656 6792 6944 7068 7133 7877 7910
1553 259 839 1236 1383 3000 3383 3554 3641 4104 4111 4278 4895 4990 5125 5127 5319 5320 5576 5628 6220 6357 6454 6570 6594 6823 7485
1554 244 685 849 914 1810 1820 1861 2097 2536 2782 3083 3860 4059 4291 4549 4570 4639 4710 5166 5222 5270 5329 5344 5815 5981 6356 6631 6997 7821 7983
1555 65 2233 2269 2996 3896 4228 4313 4509 5317 6442 6706
1556 392 1595 1606 1794 2257 3284 3486 5497 6467 6870 7461 7776
1557 12 375 492 628 672 1260 1774 2226 2416 4132 4154 4902 4927 6196 6468 6723 6801 7363
1558 929 1836 2813 2862 3231 3266 3957 4401 5036 5432 5538 6741 6794 7431 7641 7960
1559 909 1136 3117 3142 3786 4200 4293 4603 5517 7008 7200 7637 7942
1560 249 391 899 1514 1638 2855 3484 3627 3628 3735 5102 6173 6321 7380 7448 7711
1561 87 916 1089 1486 1627 1835 2808 2964 3203 3436 3681 4857 4867 5454 5534 5643 5780 6055 6506 6813 6954 7807 7949
1562 846 1135 1611 1846 2048 2099 2218 2263 2432 3304 3495 3658 4986 5523 5586 5899 6098 6667 6719 6844 7409 7768 7945
1563 383 742 1706 1786 2809 3229 3254 3323 4014 4296 4342 5472 5595 5609 6193 6331 6405 6470 6494 6847 7065 7327 7742
1564 350 629 1544 1839 2183 2221 2725 2935 3351 3453 3855 5289 5700 7015 7667 7875 7887
1565 1151 1354 1970 3146 3317 3403 3643 3764 3800 4324 4591 4704 5110 5145 5359 5587 5825 6678 7122 7214
1566 162 293 742 1049 1384 1913 2669 2899 5307 5942 6182 6514 7236 7301 7676
1567 311 915 1251 2356 2889 3524 4052 4181 4963 5436 6128 6292 6323
1568 251 312 386 724 807 1139 1382 1598 2554 2953 3055 3746 3786 4125 4226 4352 4854 5156 5461 6919 7649 7912
1569 201 322 2376 2901 2938 2990 3226 3359 4289 4475 5037 5191 5480 5493 5914 6147 6294 6911 7778 7922
1570 1714 2040 2137 2353 3217 3374 3620 3747 4093 5034 6528 6921 7177 7604
1571 231 434 746 1234 1509 1764 1956 2156 2648 3210 3302 3316 3933 3968 4045 4360 4501 4844 4895 5064 5082 5794 6786
1572 6 10 141 1686 1889 2203 2582 2772 2790 3069 3299 4340 4692 4936 5582 5809 5900 5945 5957 7205 7650 7909
1573 69 385 438 705 1579 1774 1899 2773 3192 3410 3602 3964 4274 4719 4801 5105 5387 5402 6901 7214 7522
1574 559 1204 1464 2147 3008 3187 3385 3896 4281 4726 4923 5928 6041 6937 6992 7025 7436 7523 7911 7942
1575 301 507 832 967 1386 1437 1603 1773 1892 2237 2267 2718 2795 2900 3220 3302 3339 3536 4415 4538 4791 6650 6793 7081 7287 7318 7694
1576 321 1170 1732 1758 2449 2812 2878 3075 3153 3552 3948 4352 4874 5022 5568 6126 6297 6457 6812 6999 7489 7551 7670 7768
1577 819 985 1134 1447 2498 2862 4190 4200 4594 5303 5404 5670 6151 6177 6750 6852 6971 7170 7791 7965
1578 321 628 705 972 2439 2528 3079 3133 4037 4683 5352 6188 6701 7335
1579 215 310 350 913 953 1514 1573 1846 2841 2847 3076 3416 3435 3513 3905 5742 6723 6836 7843 7992
1580 240 411 1025 1533 1832 2051 2581 3086 3284 3759 3950 4174 4605 4996 5402 5454 5566 5849 6796 6808 6934 7468 7557
1581 1650 1668 2328 2430 3998 4063 4252 4554 4905 7100
1582 983 1138 1233 2234 2385 3144 4151 4219 4354 4459 4680 4910 5412 5442 5476 5679 5828 6045 6064 6438 6941 7243 7438 7545 7682 7986
1583 258 439 524 566 1378 1420 1941 2181 4025 4139 4254 4423 4592 4666 4994 7204 7276 7483 7787
1584 11 25 202 574 1105 1824 2435 3022 3164 3552 4952 4993 6253 6718 7004 7065 7438 7618 7686 7743 7766
1585 167 423 482 1177 1516 1768 2347 2411 2507 2698 2973 3008 3484 4762 5332 5349 5506 5621 5633 7680 7720
1586 101 800 969 1055 1144 1179 1741 3315 3350 3453 3662 4943 5055 6206 6244 6542
1587 134 2126 3053 3886 4348 4743 4903 5572 6022 7291 7362
1588 47 292 1362 1411 1624 2070 2548 2814 2946 3307 3667 4225 4287 4357 5641 5909 6145 7565
1589 982 1263 1459 2004 2799 3035 3406 3467 3555 4515 4745 4973 5103 5247 5398 5406 5705 5763 6110 6303 7015 7257 7995
1590 96 214 296 947 1006 1153 1278 1723 1756 1946 1961 2460 3035 4264 4481 4744 4760 5438 5534 5846 5990 6192 6947 7363 7379 7555 7623 7672
1591 168 226 459 1141 1176 1501 1834 3281 3328 3513 5030 5163 5287 6058 6337 6547 6911 7441 7650
1592 81 212 698 805 1469 2110 3246 4517 4611 5915 5975 6671 6871 7774
1593 583 657 1706 1767 1985 2100 2278 2299 2732 2830 3086 3155 3180 3219 3577 4037 4195 4268 4299 4507 5137 5615 5750 6365 7536
1594 708 1255 1332 1917 2703 3547 3981 4223 4625 4903 6065 6620 6669 7219
1595 76 170 590 1075 1556 1694 2062 2406 2432 2699 3838 3856 3967 4744 4947 5786 7408 7465 7553
1596 220 345 453 528 974 2041 2254 2477 2553 2574 2847 3129 3719 3767 4201 4535 5115 5121 5265 5354 6239 6291 6294 7116 7268 7539 7857
1597 887 965 1044 1246 1653 1859 1880 2033 2456 2459 2832 3044 3073 3320 3977 5251 6491 6916 6947 7096 7200 7505 7787
1598 718 1099 1293 1568 2084 2164 2685 2918 3366 3538 4082 4962 5948 6678 7204 7464 7920
1599 48 595 655 1020 1684 1693 1864 2027 2046 3089 3974 4074 4508 5349 6197 6277 6301 6651 6678 6884
1600 2 62 262 428 541 880 1034 2015 2538 2672 3132 3429 4428 5133 5416 6074 6280 7421 7555
1601 441 590 1656 2351 2877 3942 3966 4224 4931 5065 5125 5374 5988 6213 6490 6657 6809 7027 7925
1602 585 1916 3112 3235 3279 3289 3877 4169 4206 4688 4795 4976 5097 5364 7046 7156 7306 7734
1603 6 72 80 370 474 537 1344 1575 1667 1686 2763 2957 3248 3815 4242 4711 4764 5218 5418 5774 6013 6363 6637 7439 7582 7734 7803
1604 212 325 649 724 999 1272 1848 2259 2310 2512 2641 2763 2774 4243 4261 4270 4383 4522 5007 5902 6291 6347 6371 7335 7482 7698 7845
1605 95 1170 1436 1519 2483 2605 2787 3272 3403 3460 3467 3483 3523 4306 4625 5810 6409 6508 6642 7823 7993
1606 944 1063 1257 1526 1556 2676 3449 3586 3868 3960 3975 4487 5390 5579 5989 6345 6516 6553 7307 7459 7484 7787 7850 7862
1607 568 660 992 1239 1276 1408 2383 2883 2989 5849 6023 6840 6923 6994 7073
1608 108 580 796 2966 3173 3187 4916 4919 5154 5216 5825 6569 6593 7771
1609 77 569 1126 1278 1373 1849 1914 2336 2423 3156 3558 4046 4395 5341 5787 5933 6595 7278 7538 7553 7657
1610 617 669 858 1389 1523 2061 3036 3279 3422 3646 3743 3860 5101 5268 5273 5982 6245 6475 6914 7329 7372 7449
1611 394 747 770 814 1562 1689 3431 4026 4432 6957 7189
1612 502 584 720 880 927 1096 1954 2003 2309 2692 2842 3015 3077 3549 3879 3904 5721 6276 6476 6486 6540 6750 7286 7294 7400 7685
1613 107 196 850 2187 2411 2547 2954 3355 3486 3492 3707 4078 4256 4415 4547 4881 5339 5487 5511 6269 7082 7419
1614 7 580 658 1284 1429 1855 2121 3222 3339 3676 3774 3942 4063 5034 5555 5612 6184 6645 6833 7002 7051 7499
1615 382 484 814 1187 3237 3273 3278 4275 5263 5569 5631 6588 6812 7070 7835
1616 94 358 956 1229 1491 1888 2552 2572 2920 2960 2978 3204 3838 4441 4457 5282 6520 6569 7060 7386 7512 7603
1617 92 775 1046 1418 2217 2773 3040 3322 3778 4093 4707 4909 5604 5716 6208 7065 7307 7975
1618 319 937 989 1151 1177 1542 1700 1952 2148 2402 2452 2529 3072 3292 3968 4710 5446 6702 6851 7045 7088 7422 7475 7826
1619 283 373 522 649 932 1423 1505 1872 2447 2629 3518 4408 4441 4768 4889 5429 6058 6155 6226 6636 7217 7440 7890
1620 448 796 2100 2135 2148 2406 2644 3755 4293 4484 4953 5104 5353 5544 5569 6486 6497 7449 7627
1621 422 480 971 999 1125 1655 1754 2577 3053 3107 3557 3804 5462 5801 5972 6311 7473 7724 7923
1622 58 269 1315 1503 2346 2380 3466 3486 3573 3737 3760 3957 4042 4232 4373 5643 6061 7515
1623 269 687 939 951 1832 1955 1986 2121 3110 3649 3851 4612 5568 6176 6338 6720 7054 7247 7333 7346 7357
1624 135 377 1371 1588 1765 1863 2106 2740 3079 3252 3332 4096 5081 5150 5855 5874 6166 6274 6756 6799 7145 7197 7227 7335 7337 7806 7902
1625 591 1085 1214 1806 2273 2910 2918 2946 3820 4594 4714 4761 6026 6470 6510 7218 7397 7635 7755
1626 553 1067 2171 2753 3772 3954 4289 5167 5597 5608 7331
1627 919 1091 1393 1561 1770 2342 2469 2482 2759 3159 3924 4018 4343 4503 4525 4714 6203 6598 6683 6983 7231 7352 7890
1628 1258 3116 3389 3831 3959 4065 5290 5362 6369 6420 6507 6993 7121 7610 7707
1629 245 870 871 1220 1690 2329 2426 2981 3182 3364 3503 3547 4125 4596 4716 4764 5053 5221 5573 6237 6283 6692 6734 7090 7270
1630 242 595 765 870 1039 1072 1078 1886 2621 2937 3136 3244 3251 3485 3761 4295 4818 4902 5137 5323 5537 5744 6319 6853 7151 7194 7690 7835
1631 567 654 810 2534 2759 2953 2982 3188 4625 5291 5415 5772 6317 6630 6730 6997 7186 7197 7843 7998
1632 585 1044 1785 1889 2092 2698 3803 3824 4107 4322 4973 5332 5429 6960 7663 7962
1633 321 707 1159 2213 2581 2683 2798 3334 3982 4111 4714 4864 5108 5171 5270 5333 5452 5810 5934 6057 6117 6175 6491 7607
1634 472 593 1115 1241 1794 2504 2899 3016 3236 3343 3686 4185 4236 4808 4957 5327 5811 5929 6191 6319 6360 7302 7367 7951
1635 62 422 553 601 741 2150 2496 3029 3202 3843 3858 4033 4481 6077 6211 6606 6684 7142 7657 7972
1636 936 1500 1884 2223 2225 3679 4702 6264 7265 7302 7595
1637 226 1250 1359 2225 2257 3168 3281 3402 3476 3561 3586 3794 4594 4631 5147 5546 5842 6190 7253 7337 7767
1638 85 615 1115 1363 1560 1765 2019 2426 2639 3040 4116 4610 5048 5367 6120 6289 7522 7870
1639 125 1359 1646 2216 2447 2529 2698 2857 2968 3408 3747 4180 4292 4633 4783 4910 5017 5494 5503 5797 6229 7244 7487 7766 7848
1640 179 182 265 400 433 498 834 1083 1784 1904 2291 2316 2329 2680 2914 2931 2932 3538 3740 4664 5201 5342 5472 6127 6395 6950 7060 7387
1641 80 154 596 1955 2215 2353 2568 3598 3829 4061 4355 4481 4721 4744 4960 5256 5928 6460 7064 7131 7519 7619 7884
1642 4 330 1279 2064 2495 2541 3034 3302 4283 4580 4696 5265 5730 6161 6257 6514 6541 6756 6906 7119 7557
1643 191 399 924 2279 2796 2878 3094 3227 3750 3762 5209 5385 5727 5749 5769 7167 7220
1644 854 1164 2595 3015 3997 5045 5435 5497 5579 6338 6535 6984 7090 7211
1645 578 1049 1337 1427 1511 2149 2319 2531 2909 2989 3611 4644 5615 6164 6276 6521 7270 7528 7915
1646 291 338 784 1409 1546 1639 3334 3912 4150 4954 5041 5938 6102 6423 6776
1647 597 648 1086 1092 2557 2698 4901 5826 6313 6603 6802 7141 7169 7758 7914
1648 504 716 1045 1339 1790 2488 2610 3635 3808 4244 5076 5643 5766 6369 6514 6706 6764 7006 7353
1649 902 1777 1960 2022 2199 2515 2663 2998 3423 3593 3609 3794 3883 4163 4165 4195 6673 6687 6850 7062 7565 7625 7664
1650 27 52 127 604 1170 1309 1424 1581 1745 2318 2589 2688 2829 2874 3061 3500 3860 3949 3962 4773 5080 5186 5227 5671 5673 6038 6329 6485 6957 6972
1651 445 1388 1399 1789 1800 1821 2121 2293 3163 3258 3294 3486 3640 3954 4081 5262 5577 6478 6526 7113 7221 7333
1652 667 1136 2226 4335 5354 5789 6220 7110
1653 194 447 544 810 812 827 1239 1464 1597 2111 2457 2785 3059 3211 3435 3572 4124 5972 6255 6652 6731 7594
1654 870 1157 2911 2973 3680 3697 3956 4196 4567 6493 7182 7230 7942
1655 81 1216 1289 1621 1667 1714 1933 2101 2135 2239 2295 2888 3089 3235 3261 3688 5233 5633 5752 5960 6413 7071 7199 7434
1656 607 868 890 1330 1497 1601 1947 2506 2716 3262 3770 4720 5007 5179 6481 6555 6609 6681 6967 7517
1657 106 905 1265 1345 2013 2180 2227 2699 2761 2940 2968 5216 5440 5797 6150 6387 7509 7781 7974
1658 348 613 830 1166 2023 2302 3238 4129 4399 4654 4728 4802 5002 6285 6482 7311 7391
1659 602 763 908 1177 1756 2633 3250 3715 3819 5662 5801 6498 7070
1660 341 816 1919 3049 3064 3409 4393 4747 5968 6752 6891 7885
1661 254 709 826 1339 1520 2179 2854 2895 3282 3453 4065 4785 5984 5997 6654 6727 6748 6835 6927 7156 7195 7700
1662 544 762 917 1315 1403 1476 2588 3668 3721 4007 4627 4723 4730 4735 4818 5182 5221 5227 5556 5714 6659 6876 7240 7537 7563
1663 658 1089 2517 2829 2879 3477 3483 4488 5327 5591 5904 6580 7058 7312 7438 7742
1664 342 433 674 688 1667 1952 2486 2579 3556 3776 4923 5136 5259 5558 5730 6173 6592 6618 7339 7403 7753 7832
1665 0 124 447 592 1079 1150 1173 1883 2086 2314 3397 3509 3937 4239 4317 4632 4997 5187 5687 5738 5813 6285 7410 7703 7961
1666 559 700 1101 1769 1833 2085 3382 3518 3626 4224 4334 5630 5845 6159 6279 6831 6848 7151 7378 7440 7719
1667 52 233 374 458 1019 1265 1603 1655 1664 2157 2446 2995 3020 3263 3358 3380 4286 4298 5258 5425 5791 6354 6446 6499 6665 6760 6841 7239 7473 7887 7894
1668 351 887 972 1167 1415 1545 1581 1847 1866 2077 2587 2927 4678 5079 5243 5841 6815 6891 6899 7147 7286 7721 7979
1669 541 706 807 861 1127 1368 1500 1730 1772 2304 2466 2614 3839 4689 5597 6359 6515 6606
1670 88 146 1911 2107 2693 3392 4273 4433 4434 4723 4957 5106 7260 7282 7318 7552 7882
1671 80 516 1111 1438 1492 1793 1889 2241 2412 2793 2925 3970 3991 4367 5764 7204 7485 7504 7758 7915
1672 277 931 1251 1291 1332 2304 2383 2385 3084 3663 4138 4387 4481 4529 4580 4876 6082 6321 6644
1673 170 984 1023 1737 2176 2904 3049 3909 4227 4534 4631 5146 6690 6972 7342 7591 7616 7680 7913
1674 242 357 603 891 2184 2657 2974 3274 3659 4116 4685 4840 4844 4977 5463 5742 6239 6508 7063 7377 7668
1675 227 557 2302 2462 2561 2719 3198 3296 3761 4430 5393 5747 5749 5848 5965 6124 6182 6517 6905 6912 7121 7139 7199 7431 7616
1676 56 200 440 460 711 883 957 1301 1322 2190 2215 2319 2639 3592 3697 4309 4457 4620 4932 4990 5136 5314 5460 6176 6553 7092 7661
1677 770 1278 1284 1725 2578 3004 3959 4120 4126 4243 4287 4368 4407 5352 5438 5453 6541 6657 6752 7477 7945
1678 821 1881 2165 2518 3348 3926 4185 4674 5511 5845 5852 6823 7686
1679 681 688 852 1483 2094 2410 2674 2734 3268 3280 3926 5160 5440 6545 7135 7228 7602
1680 163 527 561 3510 4161 5625 5738 6143 6171 6210 7706 7891
1681 118 772 1211 1266 1484 2094 2375 2619 3116 3216 3638 3765 4242 4427 4507 4824 4907 5205 5811 5831 5970 7136 7358 7785 7836 7989
1682 960 1267 1279 1825 2420 3187 3806 4220 4955 4996 5199 5211 5286 5824 6031 6126 6426 6886 6927 7098 7184 7388 7976
1683 597 725 831 1094 2484 2714 2905 2949 3508 3686 3903 4178 4586 4840 4912 5901 6080 6318 6360 6544 7127 7621 7680 7758 7834
1684 52 863 1536 1599 2124 2970 3698 3986 4257 4583 4851 4997 5590 5808 6220 6449 6599 6655 6808
1685 217 1909 2038 2602 2951 3369 3435 3949 4297 4599 4668 4961 5059 5633 5806 5918 7412
1686 65 102 1338 1370 1572 1603 1938 2793 3198 4026 4212 4215 4267 4380 4839 4943 5207 5232 6287 7069 7236 7356
1687 230 357 513 948 1467 1854 1962 2265 2298 2661 3113 3189 3654 3679 4883 4976 5442 6125 6422 6819 6856 7720 7779 7886
1688 191 675 696 1120 1220 1272 2734 4612 4868 4885 4912 5068 6130 6202 7763 7824
1689 931 1271 1611 1717 1793 1800 2693 3758 4137 4548 4840 4868 4917 5028 5100 6132 7576
1690 1207 1298 1629 1870 2362 2547 2905 2934 3254 3463 3590 4068 5301 5585 5720 5791 5824 5983 5984 6441 6741 7119 7616 7727
1691 570 1201 2380 2750 2767 2768 2798 2865 3245 4388 4727 4824 5002 5429 5797 6513 6726 7024 7081
1692 182 936 1477 1768 2085 3103 3171 3577 4551 4763 6267 6324 7264 7403 7864
1693 271 1599 1704 1781 1824 2359 4771 4832 5041 5108 5377 5432 7119 7596
1694 1595 3052 3649 4089 4298 4769 5202 5415 5637 6138 6811 6904 7086 7435 7444 7509 7536 7804
1695 254 1449 1902 2303 2318 3389 3503 3908 4274 4598 5193 5535 5674 7470 7476
1696 332 666 675 888 1244 1287 1379 1381 1915 2416 3298 3449 3634 4469 4690 5189 6093 6440 6488 6838 7936
1697 128 824 1071 1234 1347 2249 3679 4021 4261 4374 5120 5274 5304 6083 6457 6474 6524 6530 6662 6983 7293 7628
1698 57 178 981 1045 1871 1969 2226 2265 3218 4716 5029 5119 5567 5626 5939 6179 6882 6907
1699 243 1488 1855 1986 2656 2752 4567 4829 4913 6375 6769 7460 7490 7766
1700 280 647 784 887 1136 1618 1889 2119 2490 2590 3277 3361 3389 3397 4053 4269 4468 4891 5292 5481 5801 5992 6886 7010 7081 7108 7110 7340 7642 7834
1701 1226 1714 2103 2462 2564 2713 2802 3093 3531 4357 4496 5395 5459 5509 5559 5620 6028 6322 6536 6761 7810
1702 189 278 438 576 884 1902 1967 2405 2578 3706 4106 4123 5352 5675 6113 6309 7007 7440 7801
1703 601 1502 1815 1854 1940 2484 2769 3051 3085 3335 3492 4363 4552 5672 5826 5866 6053 7047 7553
1704 16 20 655 945 1099 1503 1693 2081 2496 3197 3398 3742 3868 4294 4511 5262 5799 5836 5878 6463 6679 7164 7717 7873
1705 527 769 813 830 1369 1407 1712 1805 1962 2309 2691 3045 3568 3747 3879 4434 4497 4720 5020 5162 5624 5940 6679 6716 7427
1706 929 1278 1544 1563 1593 1927 1946 2638 2710 2950 3352 5244 5663 5781 5830 6221 6254 6284 6998 7182 7326
1707 894 1371 2395 5457 5887 6078 6129 6139 6784 7188 7219 7737 7855 7961
1708 63 219 587 1422 1428 1511 2189 2853 3075 4082 4426 4484 4647 4701 5104 5262 5549 6003 6767 6778 7624
1709 1304 1353 1430 1714 2166 3048 3165 3889 4320 4892 5584 6318 6876 7257
1710 1373 2608 3137 3184 3353 3715 4524 4940 5491 6065 7103 7270
1711 1117 1441 2284 3192 4791 4961 5309 5806 6061 6527 7119 7239 7318 7630
1712 266 444 569 772 822 998 1007 1338 1496 1705 2318 2406 2735 3112 3351 3629 4242 4946 5764 6088 6686 6821 7614
1713 354 517 778 1398 1451 1906 2004 2038 2345 2566 2593 2595 4266 4717 5009 5325 5420 5654 7469 7473 7659 7671
1714 41 253 625 936 970 1139 1253 1570 1655 1701 1709 1737 1779 3598 4749 4812 4892 4994 5031 5085 5313 5378 5437 5609 7068 7149 7291 7668 7907
1715 296 876 1261 1445 1819 1859 2068 2307 2367 3262 3426 3525 3602 4584 4685 6025 6066 6337 6525 6752 6862 7686
1716 144 916 1839 2118 2344 2935 3567 3651 3673 4658 5439 7456 7485 7936 7981
1717 426 606 1689 2191 2780 2801 3288 3492 3716 3803 4842 5175 5273 5617 6133 6528 6616 6806 6949 7658
1718 633 1154 1369 1873 2476 3658 3763 4118 5360 6112 6576 6663 7268 7449 7994
1719 382 570 787 796 1008 1281 2557 4156 4451 4891 5089 5759 5828 6825 6829 6940 7755 7950
1720 870 924 987 1468 1472 2703 3213 3652 3967 4567 5788 6083 6218 6526 6629 6637 7416 7462 7776 7913
1721 174 787 1360 1478 1765 2035 2082 2264 2714 3819 3831 4076 4140 4284 4618 5545 5725 5923 6087 6350 6457 6705 6745 6846 6884 6981
1722 164 347 883 1544 1853 3095 3107 4779 5229 6179 6460 6550 6973 7334 7357 7423 7890
1723 521 961 1066 1261 1590 2507 2695 2860 3647 4408 5008 6138 6342 6782 7646 7712 7994
1724 5 74 209 402 480 822 1080 1496 2253 2984 3722 3820 4231 4277 4303 4630 5233 5406 5605 5649 5709 7455 7477
1725 161 1266 1387 1500 1677 1858 2155 2353 2374 3189 3690 3864 3915 4889 5673 6011
1726 781 1051 1276 2527 2816 2911 3429 5661 6186 7580 7987
1727 543 576 1478 1772 1944 2816 2879 3037 3271 3448 3572 3705 3849 4715 4742 4988 5678 5810 7489
1728 4 184 335 575 695 1171 2032 2373 3544 3977 4211 4775 4882 5082 5958 6710 7179 7944
1729 57 1312 1337 2003 2224 3085 3122 3154 3213 4027 4699 5806 5878 6193 6221 6937 7084 7176 7191 7422 7442
1730 346 1450 1669 1820 1878 2005 2232 2345 2899 4170 4375 4633 4986 5915 6914 7490 7695
1731 748 815 866 1029 1426 1861 2392 2443 2968 3134 3553 3814 4104 4681 4710 5232 5763 6103 6646 7086 7274 7570
1732 39 180 227 235 598 1042 1170 1576 1829 1988 2699 2792 3328 4456 5766 5914 5932 6193 6306 6356 6436 6731 6755 6831 7228
1733 166 247 621 689 1246 1257 1856 1959 2108 2306 2480 2853 2896 3385 3474 3732 5830 6072 6232 6492 7013 7328 7693 7938
1734 30 837 1098 1934 1945 2198 3051 3859 4075 4425 4483 4775 4955 4957 6406 7406 7770
1735 797 1117 1135 1258 1499 2034 2092 2381 2534 2715 2936 3350 4517 4521 4897 4982 5342 7521 7703
1736 484 935 1880 2050 2378 2520 4110 4339 4691 5060 5132 5633 5840 6419 6420 6825 7024 7208
1737 278 329 1445 1492 1673 1714 2796 2833 2903 3040 3420 3458 3622 3844 5760 5822 5948 5986 6432 6681 7322 7377
1738 27 327 585 1371 1470 1825 2171 2629 3084 3144 3801 4134 4842 5219 6008 6162 7014 7735 7764
1739 964 2187 2342 3589 3881 3950 4557 5248 5321 5576 6022 6206 7153 7226 7576
1740 84 836 1422 2594 2656 2660 3162 3480 4588 4602 4699 5378 5729 6433 6730 7090
1741 122 462 740 770 881 1364 1394 1586 1894 3099 4271 4347 5008 5038 5328 5343 5416 5735 6540 6759 6957
1742 1051 1888 2251 2623 2734 2807 2903 3633 3791 3947 3990 4385 4788 5428 5644 5999 6712
1743 283 540 649 806 876 2688 3174 3726 4014 4466 5294 6375 7666
1744 41 391 644 1524 1539 1948 2438 2548 3409 4485 4782 5748 6348 6794 6805 6890 7037 7446 7557
1745 178 1067 1650 1831 1980 2134 2218 2343 2855 3152 3223 3284 3332 3521 3667 3737 3810 4008 4918 5015 7106 7258 7353
1746 200 384 1155 2456 3517 3630 3810 4096 4303 4317 6733 6956 7720 7742
1747 80 192 419 1011 1192 1412 2257 2262 3131 4469 4585 4619 5185 5342 5425 6700 7530 7851
1748 340 830 892 2149 2227 2504 4311 4414 4625 4981 5118 5472 6131 6355 6529 6665 7524
1749 23 492 493 495 945 3187 3216 4633 4784 5375 5464 6276 7787 7919
1750 379 459 606 761 2456 2468 3352 3409 3522 3675 5530 5766 6169 6464 6803 7092 7463
1751 201 555 710 1334 2147 2354 2718 2781 2957 3126 3689 4566 4865 5333 5556 6345 6528
1752 912 1075 1833 1955 3090 3197 4122 4698 5237 5315 5974 6246 6499 6676 6947 7419
1753 2651 2898 3013 3399 3440 3534 3618 4358 4671 4868 5762 6027 6337 6743 7739
1754 252 641 815 1173 1297 1621 2735 2747 3011 4751 4957 4962 6161 6473 6979 7146 7624 7771 7888 7892
1755 360 1968 2100 2200 2773 2964 3188 3802 3956 4044 4093 5088 5784 5857 6031 6122 6418 6677 6865 7001 7026 7995
1756 572 1590 1659 2087 2250 2323 3050 3675 4589 4607 5036 6442 7004 7041 7882
1757 427 938 1169 1186 1428 2054 2096 2161 2299 2400 2415 2485 3132 3147 3716 4319 4920 5288 5652 5870 6239 6366 6455 6566 6686 6925 7027 7601 7777
1758 85 235 236 320 864 1518 1576 2888 3088 4615 4695 5395 5755 5978 6233 6503 6667 7128 7475
1759 178 463 529 969 1518 3601 3936 4041 4294 4390 4693 4812 5441 6131 6142 7061 7415 7574
1760 817 1001 1861 1999 2026 2207 2382 2577 2777 3225 3335 3379 3438 3565 3793 4929 5151 5689 5784 6040 6077 6112 6392 6503 6544 6942 7027 7142 7993
1761 199 805 1955 2515 3398 4906 4948 5072 5078 5600 5874 6009 7165 7262 7459 7771
1762 691 1200 1872 2083 2148 2157 2559 2866 2881 2915 2955 3941 4013 5374 5404 5551 5722 6318 6356 6516 6734 7627 7748 7810
1763 975 1157 1240 1444 1899 2071 2903 3250 3611 3908 4480 5734 6698 6717 6828 7345
1764 797 953 1477 1517 1571 1953 2664 2850 2857 2950 3007 3130 3610 3663 3746 3901 4166 4292 4330 5742 5973 6501 7800
1765 535 566 655 769 1158 1624 1638 1721 2287 2426 3538 3604 4114 4860 5416 5419 6533 7696 7705 7743 7932 7989
1766 17 461 846 1224 1375 1799 2186 2199 2256 3116 3876 4149 4993 5118 5634 6255 6558 7712 7953
1767 551 1454 1593 2184 2318 2516 2755 3545 4024 4819 5149 5485 5591 5832 5991 6543 6642 6837 7088 7298 7861
1768 312 396 562 876 1263 1402 1585 1692 1796 2359 2387 2959 3022 3191 3805 3877 3984 4533 4579 4968 5658 5989 6048 6536 6866 7394 7772 7988
1769 420 460 817 1453 1666 2766 3056 3206 3788 4235 4679 4770 4980 7564
1770 815 1478 1627 2214 2758 2933 3120 3177 4095 4425 4507 4969 5733 5953 6067 6936 7864
1771 513 1168 1341 1964 1975 2540 2600 3230 3461 3641 3841 4578 5236 5249 6025 6264 6345 6379 6489 7137 7221 7334 7772
1772 198 756 1669 1727 2247 2572 2762 3201 4031 4058 4144 4596 5196 5410 5541 6044 7419
1773 60 550 766 1575 2200 4230 4593 4726 5013 7440 7510 7643 7933 7966
1774 1261 1557 1573 2491 2526 3165 3699 3867 4097 4281 4561 4635 5798 6554 7448
1775 119 713 1025 1083 1528 1541 1782 1824 2828 2849 2952 2970 3202 3411 4363 4814 5092 5189 5303 5477 5607 6869 6936 6983 7440 7797 7906
1776 273 683 834 1816 1852 2204 2799 3782 3921 4463 6089
1777 371 389 438 1148 1167 1649 1897 2011 2128 2191 2509 3271 4003 4163 5270 5637 5958 7020 7609
1778 12 939 1103 1296 1405 1452 2423 3091 3806 4262 4569 4931 5688 5788 6059 6275 6322 7042 7043
1779 354 705 722 859 1222 1714 2091 2774 3214 3408 3475 3704 3794 4135 4152 4259 4325 4452 4827 5114 5303 5908 6343 6460 6760 6864 6866 7195 7888
1780 197 253 759 986 1109 1511 1991 2017 2330 2387 2865 3156 4027 5400 5660 6100 6590 6652 7125 7384 7812
1781 1351 1382 1693 1962 2030 2250 2614 3464 3980 4132 4283 4369 4893 5037 5146 5487 5635 5715 5773 6055 6382 6856
1782 237 454 1223 1775 1922 1945 3173 3224 3322 3763 3881 4331 4395 4444 6447 6473 7136 7320 7516
1783 331 449 549 693 1023 1213 1503 1808 2359 2382 2965 3417 3606 4351 4447 4564 5050 5263 5268 5335 5401 6003 6791 6990 7280 7868
1784 3 322 580 708 991 1291 1337 1640 2042 2107 2148 3014 3142 3538 4463 5423 5452 5457 5458 5986 6293 7067
1785 186 366 1632 1968 2422 2443 2989 3081 3569 4186 4681 4687 4724 4767 4810 5330 5663 6460 6566 6659 6826 7357 7734
1786 53 71 1057 1230 1563 2306 3880 4298 4730 4963 5364 5684 6289 7445
1787 187 195 386 1358 1521 3199 3823 4224 4799 5328 5462 5647 5869 6134 6819 7171 7414 7910
1788 1164 1221 2080 3077 3446 3745 4586 5465 5608 5870 5935 6210 7154 7225 7505 7625 7683 7872 7906 7998
1789 1651 3096 3173 3306 3637 4575 5035 5060 5968 6043 6139 7162 7660
1790 112 468 559 736 1648 1854 2342 3254 4085 4650 5577 5958 6218 6257 6380 6801 6998 7840
1791 305 562 1335 1534 2335 2366 2392 3301 3541 3869 4081 4138 4196 4209 4342 4510 4770 4888 5408 5798 6256 6266 6491 6855 7424 7569 7796
1792 503 847 1114 1538 1802 2386 2756 3465 4760 4811 5712 6468 7119 7200 7315
1793 302 1097 1195 1671 1689 1900 1996 2014 2536 2620 3101 3580 4026 4082 4380 4875 5680 5999 6957 7591
1794 371 714 980 1018 1556 1634 2331 3195 3374 3962 4638 4640 4681 4715 5044 5132 5335 5754 6813 7062
1795 278 1156 2674 2717 2957 3198 3559 3766 4050 4266 4389 4397 4813 5257 6925 7128 7315 7652
1796 967 995 1255 1508 1768 2353 3665 3767 3797 4654 4910 5488 5815 6047 7104 7966
1797 1313 2123 3285 3653 4462 4471 5686 5794 6622 6628 6808 7150 7250 7598 7620
1798 455 861 1934 2066 2485 3000 3060 3157 4514 4595 4780 4845 4955 6115 6172 6188 6859 6906 7095 7232
1799 285 376 559 1766 2660 3264 3937 4026 5074 5223 5523 5616 5638 5645 6361 6737 7624
1800 230 1278 1651 1689 3799 3876 3967 4005 4756 4855 7127
1801 359 520 608 1133 1286 1482 2230 2245 2515 4940 5861 6258 7179 7482
1802 894 1792 2137 2285 2569 2673 2706 2835 3193 3452 3724 3816 5536 5543 6221 6563 6943 7100 7239 7787 7795
1803 58 1903 3550 3980 4215 4446 4507 5672 6007 6411 6858 7357 7638 7893
1804 440 1397 2756 4076 4818 5620 5720 6342 6626 6668 6676 6784 7342 7933
1805 384 1296 1705 2666 2869 3151 3242 3411 3554 3673 3811 4041 4707 5362 5452 6468 6618 6843 7528 7962
1806 794 1180 1255 1462 1625 2008 2109 2148 2544 3235 3315 3546 3725 3860 4020 4203 4227 4305 4408 4702 4852 5216 5316 5592 5941 6739 7404 7910
1807 179 269 414 597 711 825 915 1239 1532 1969 2516 2798 2825 3320 3652 3748 3761 4011 4268 4357 4795 5427 5536 5566 5831 6494 6768 6781 7916
1808 21 337 797 1227 1783 2656 3388 3494 3863 4377 4631 4720 4781 5529 5842 6156 6420 6758
1809 65 129 139 743 2445 2697 2896 3191 3521 4362 4569 4972 5418 5651 5660 5808 6608 7131 7707
1810 104 272 287 472 982 1094 1228 1287 1548 1554 2105 2310 2706 2897 3194 3578 4337 4564 4928 5153 6164 6381 6397 7690
1811 1260 1920 2343 3355 3796 4177 4219 5165 5643 6560 6800 6895 7157 7664
1812 476 1382 1386 2164 2503 2561 2796 3803 3809 4300 4424 4626 4936 5238 5754 6449 6536 6982 7575 7600 7725 7914 7926
1813 107 391 1352 1359 2141 3333 3384 4066 4501 4739 5581 5667 5941 6044 6091 6218 6737 6750 6855 7027 7327 7511 7969
1814 92 196 1087 1821 1842 1900 1914 3052 3160 3377 3669 3757 4460 5026 5503 6649
1815 352 524 777 821 863 1279 1703 2420 2805 3409 3480 3929 4434 4472 4551 6115 6665 7071 7346 7689 7953
1816 867 923 1405 1776 2003 2353 2468 2501 2630 2980 3026 3789 3826 4211 4889 5470 5475 5851 6570 6752 7370 7800 7815
1817 350 533 931 1820 1929 2435 2726 2867 4153 4833 5654 5966 6319 6448 7076 7493 7643 7692 7773
1818 14 314 833 1912 1939 2361 3096 3098 3141 3279 3763 3892 4531 4730 5275 5354 6268 6707 7485
1819 822 1551 1715 1948 2365 2618 2679 2819 3035 3152 3325 3542 4023 4582 5016 6161 6352 6723 6951 7061 7190 7700
1820 378 811 1554 1730 1817 1941 2155 2550 3796 4886 5803 6314 6547 7182 7587 7979
1821 1200 1512 1651 1814 1956 3897 4293 4476 4675 5568 5624 5736 5757 7593 7851 7890
1822 342 650 910 1837 2210 2340 2623 3372 3635 4011 4173 4884 4926 4939 5025 5054 5402 5675 5775 6432 6481 6884 7047 7071 7215 7348 7772
1823 186 939 1838 1873 3341 4172 4436 5001 5188 5239 5487 5501 5635 6998 7078 7694 7695
1824 112 277 466 845 1584 1693 1775 1900 2215 2533 2703 3063 3152 3420 3573 3649 4212 4268 5251 5429 5636 5985 6517 7116 7624 7869
1825 573 653 1531 1682 1738 1846 1899 2476 2740 2878 3856 4094 5327 5781 5820 6712 7003 7082 7324 7398 7514 7965
1826 59 108 158 372 385 1170 1394 2000 2603 2612 3225 3304 3822 3899 4227 4388 4745 4806 4847 5123 6082 6631 7018 7061
1827 203 371 383 467 956 1044 2638 3015 4878 5063 5296 5334 5570 6151 6303 7086 7536 7698 7789
1828 150 1310 1926 2418 2538 2854 2965 3010 3104 3219 3265 3895 4024 6801 7054 7137 7248 7349 7524 7743
1829 143 356 822 957 1389 1440 1531 1732 1871 2316 2704 2814 3100 3302 3413 3580 3739 4017 4040 4125 4220 4601 4619 4725 5098 5258 6756 6975
1830 211 1271 1501 1531 2572 3164 3732 3817 4739 4929 5749 6217 6299 6368 6554 6853 7608
1831 49 1327 1502 1745 2906 3018 3707 3949 3958 4068 4109 4284 4428 5361 5402 5407 6562 7294 7471 7541
1832 583 1016 1412 1580 1623 2784 3492 3576 3965 4418 4476 4673 4760 5972 6303 7041 7498
1833 193 1666 1752 1841 2055 2099 2694 3197 3322 3530 3613 3971 4264 4655 5501 5867 5981 6443
1834 245 685 1591 3139 3816 4115 4793 5497 7398 7497 7867
1835 275 581 600 924 959 1561 2554 2867 3367 3812 4450 4944 5237 5576 5587 5679 6030 6809 7150 7171 7568 7754 7943
1836 616 1355 1558 1860 2943 3523 4407 4591 4780 5394 5442 5916 6593 6651 7171 7199 7246 7377 7875 7945
1837 844 917 928 1228 1493 1822 1880 1937 2782 2877 3421 3609 3890 4472 5290 5477 5685 6007 6283 6949
1838 156 256 633 672 1043 1379 1823 2505 2654 2937 3208 3579 3715 5278 5572 5678 6228 6382 6453 6849 7308 7747
1839 289 437 653 836 847 862 1564 1716 1987 2890 2913 3077 3122 3803 5245 5311 5640 6058 6482 6682 6713 7384
1840 1133 1188 3111 3256 3569 4259 4570 4594 4632 5360 5722 6226 6342 6742 7086
1841 718 722 985 1091 1095 1833 2043 2381 2957 3027 3214 3429 3863 4155 4601 4744 5220 5555 5657 6129 6415 6812 6986 7031 7403 7571 7919 7920
1842 310 443 504 564 901 1114 1814 1909 1916 3129 3886 5047 5286 5641 5717 6674 7727
1843 304 318 678 1133 1376 3085 3313 3453 4484 4961 5361 5519 5807 5885 6002 6670 7429 7512 7791 7829
1844 132 168 530 821 1041 2828 4312 4464 4593 4784 6429 6863 6934 7752 7777 7991
1845 1134 1264 1340 1524 1975 3012 3088 3218 3629 4089 5194 5258 6262 6355 6714 6836 6974 7578
1846 259 631 1562 1579 1825 2645 2748 2796 2822 2861 3047 3287 3644 4063 4278 4628 5330 5474 5969 6036 6294 7243 7925
1847 553 1668 1893 1956 2305 4274 4651 4959 5011 6084 6118 6502 6844 7120 7579 7773 7923
1848 1218 1604 1921 2185 2882 3175 3699 5140 5837 6117 6427 7125 7243
1849 826 934 1124 1243 1472 1609 1980 2458 2887 3279 3492 5336 6326 6568 7232 7239 7296 7310 7320
1850 687 822 1051 2559 3935 4111 4289 4431 4948 5086 5337 5632 6142 6462 7625 7752 7778
1851 757 1268 1527 2701 3021 3786 3935 4878 5116 5201 6441 6841 7063 7296 7643
1852 406 517 529 803 1512 1776 1988 2459 2779 2941 3138 3525 3550 5411 5770 5937 6231 7016 7123 7146 7506
1853 112 156 738 810 1381 1722 1877 2128 2812 2997 3066 3382 3818 4212 4343 4640 5956 6732 6937 7454 7701
1854 59 449 880 1687 1703 1790 1868 1982 2163 3520 3769 4209 4426 4776 4797 5408 6582 6726 6846
1855 327 442 838 1492 1614 1699 1976 2589 2900 2930 3583 3875 4105 4259 4390 4687 5174 5330 5387 6181 6794 7399 7485 7626 7770
1856 440 547 581 1377 1733 2218 2221 2702 2954 3352 4219 4511 4959 5267 5534 5668 5718 5960 6529 6717 7240
1857 380 1067 1896 2659 4842 5585 5591 5811 6061 6378 6409 6597 7040 7224 7271
1858 940 1351 1725 2122 2153 2475 2651 4587 4735 5178 5454 5859 5862 6542 7380 7478 7856
1859 42 353 1241 1597 1715 1920 2540 3112 3558 4342 4655 4661 4681 5986 6120 6157 6297 7727 7830
1860 105 1366 1836 2163 2351 2630 3476 4695 4890 5074 5547 6672 6767 7044 7700
1861 540 692 761 951 1554 1731 1760 2113 2209 2528 2570 2608 2942 3483 4354 4614 4760 5041 5295 6612 6953 7606 7772 7997
1862 565 846 1917 3291 3351 3493 3524 4314 4417 5006 5486 5707 5787 6042 6175 6878 7710
1863 722 951 1021 1271 1343 1443 1457 1624 2293 2588 2939 3236 3273 3354 3589 3894 4221 4441 4788 4863 5493 5519 5910 6123 6843 6992 7417 7750 7835
1864 28 61 207 300 720 1164 1599 2378 2670 3001 3022 4055 4611 4951 6507 6679 7142 7178 7420
1865 14 793 1086 1523 2354 2364 3038 3126 3832 4313 4513 4584 4702 5363 5551 5771 5991 6254 6283 6307 7133 7607
1866 79 142 492 552 811 923 1668 2349 2469 2903 3783 4444 4464 4812 5254 6186 7128 7943
1867 724 2992 3482 4037 4510 5152 5637 5923 7445 7485 7638 7881 7953
1868 84 146 1854 2204 3055 3096 3187 4279 4289 4388 4620 4938 5370 5562 6348 6439 6456 7694
1869 491 550 842 1300 1370 1531 1921 3055 3494 3844 4250 4625 4684 5059 5769 5784 7108 7115 7246 7278 7387 7539 7854 7929
1870 1365 1690 2294 3052 3761 3807 4041 4285 4916 4966 7312 7955
1871 51 220 457 1390 1698 1829 1906 2533 2661 3017 3337 3481 3964 4064 4208 4805 4975 5776 6269 6565 6679 6703 7427
1872 607 711 1052 1619 1762 1998 2061 2877 3385 3889 5560 5712 5775 5917 7096 7311 7594 7958 7975
1873 196 562 609 1359 1423 1718 1823 1995 2853 3327 3480 4199 5219 5351 6232 7526 7879
1874 125 454 1047 1898 1922 2464 2491 2504 3274 3308 4220 4299 4307 5152 5425 5525 5569 5641 6096 6213 6727 6940 7089 7259 7285 7306 7616
1875 687 843 1028 1298 1423 2059 2078 2447 2510 2882 3184 3640 3862 3906 4037 5128 5139 5328 5377 6619 7041 7226 7542 7589 7736 7995
1876 396 770 796 2119 2223 2606 2631 3002 3035 3518 4700 4911 5761 6301 6774 6909 7312 7699 7995
1877 453 684 713 748 859 1182 1303 1394 1853 3216 3588 3828 3936 4086 4184 4547 5125 5128 5935 6710 6731 7267 7354 7467 7594 7979
1878 527 676 1318 1730 2055 2816 2825 3318 3566 5041 5532 6386 6438 6674 6749 7388 7544 7662 7959
1879 332 983 2143 2317 2349 2718 3683 3705 3943 4004 4193 4505 4537 5759 6019 6603 7018
1880 28 375 377 930 1012 1074 1098 1150 1547 1597 1736 1837 2029 2044 2634 2922 3092 3368 3435 3565 3654 3789 3860 3986 4256 4368 4503 5788 6225 6867 7110 7332 7338
1881 86 428 827 838 1281 1537 1678 1950 2430 2511 2752 3046 3064 5216 5349 7105
1882 866 948 1133 2791 3088 3177 3183 3329 3372 3415 3737 3929 4001 4572 5518 5520 5572 7960
1883 1453 1497 1665 1974 2166 2206 3634 3787 3822 4913 5068 5855 6493 6528 6748 7380 7739
1884 522 619 645 1377 1636 2021 2104 2193 2583 2919 3079 3440 3842 4939 5118 5449 6038 6188 6486 6536 7154 7308 7894 7914
1885 513 708 796 2242 3083 3242 3490 3907 4547 4667 4939 5414 6225 6471 6650 7035 7153 7347 7644 7849
1886 502 1110 1215 1630 2211 3397 4158 4599 4648 5012 5333 5496 5582 6141 6221 6270 6422 6961 7043 7087 7331 7744 7784 7948
1887 180 606 760 783 843 1021 1052 1406 2036 2144 2856 3044 3065 3208 4096 4538 5023 6361 6421 6424 6875 7099 7949
1888 868 1297 1477 1551 1616 1742 2127 2829 4252 4282 4494 4637 5011 5014 5094 5430 5644 6020 6024 6823 6875 7876
1889 652 832 1572 1632 1671 1700 2021 2154 2468 2710 2881 2934 4323 4325 4751 4766 5714 6385 6629 6630 6936 7967
1890 81 833 937 1066 2325 2712 3006 3125 3153 3356 3357 5283 5743 5974 6172 6198 6387 7255 7837
1891 795 818 974 2010 2350 2711 3379 3622 3851 3950 4259 5520 5753 7026 7814
1892 9 672 958 1575 1955 3500 4658 4713 5086 5419 5550 5893 6462 6718 7153 7378 7669
1893 340 1123 1199 1847 2354 2824 2920 3278 3988 5012 5974 6545 6825 6828 7012 7221 7276 7312 7604 7956 7971
1894 443 658 764 1741 2007 3077 3197 3254 3560 3938 5186 5248 5274 5289 5639 5770 6036 6432
1895 14 677 845 943 1274 2257 2555 2624 3473 3951 4368 4979 5394 5403 5911 5998 6617 6967 7126
1896 414 1123 1857 2185 2430 3510 4055 4322 4509 4916 5552 5853 6130 6615 6936 7143
1897 206 458 939 1119 1296 1303 1370 1777 2123 2881 3320 3963 4490 4538 5059 5297 5355 5959 6910 6911 7482
1898 379 776 1874 2013 2605 2792 3035 3281 3284 3786 3984 4004 4011 4297 4947 5513 5563 6078 6099 6348 6445 6789 6806 6856 6912 7256 7343 7930 7939 7997
1899 411 1017 1294 1453 1573 1763 1825 1951 2624 2666 2781 2873 2900 3100 3400 4009 4885 5484 5654 5738 6257 6422 6547 6923 7156 7627 7673
1900 643 757 1408 1793 1814 1824 2229 2346 3054 6178 6180 6363 6943 7094 7115 7216 7406 7741
1901 133 545 673 882 1219 1282 2253 2293 2576 2759 3148 3149 3436 3896 3913 3961 4127 4441 4506 4857 5117 5238 5430 5752 6090 6403 6604 7829 7873
1902 2 639 1695 1702 2259 2335 3759 3885 4575 4736 4989 5839 6394 6585 6675 7046 7081 7124 7531
1903 522 675 1117 1470 1803 2032 2082 2388 2605 3413 3692 4021 4362 4805 4927 5075 5258 5992 7211 7665
1904 931 1209 1464 1640 2277 2363 2417 2893 2930 3449 3567 5710 5886 5929 6684 7068 7514
1905 669 892 936 1431 2005 2010 2111 2127 3408 4535 4675 4728 5360 5362 5510 5567 5616 5789 6249 6388 6981 7548 7733
1906 533 721 806 1509 1713 1871 2169 2243 2380 2511 2552 3013 3618 3817 4009 5414 5887 6200 6594 6623 7228 7317 7397 7726
1907 1027 1143 2356 3440 3543 4073 4655 4662 5560 6276 6300 6626 6911 7446 7899 7976
1908 341 2137 2499 2674 2898 3390 3559 3562 3616 3663 4504 5237 5568 5765 6555 6631 6992 7181 7238 7333 7463 7772 7971 7981
1909 360 422 542 843 1015 1335 1685 1842 1963 2030 2321 2415 2455 2942 3137 3727 3775 4065 4246 4283 4646 4737 4911 4915 5522 6551 6558 7129 7138 7414 7521 7600
1910 680 790 853 856 1120 1433 3141 4645 5166 5877 6897 7253 7595 7645 7690
1911 1670 2107 2499 2693 2799 3116 3285 3458 4302 4480 4517 5152 5298 5924 6025 6100 6471 6474 7104 7116
1912 582 987 1388 1818 2005 2149 2413 2511 2627 3372 3374 3694 3906 5660 5729 6301 6459 7465 7764 7834
1913 168 176 1340 1566 2241 2411 2543 3619 3669 4721 5469 5629 5641 5840 6174 6415 6592 6836 7233 7376 7537 7594 7794
1914 319 566 1609 1814 2586 4144 4535 4567 5258 5282 6526 7090 7288 7909
1915 377 515 1378 1696 1984 2864 3288 3917 4152 5076 5671 5878 5943 6326 6502 6736 6777 7166 7341 7559
1916 306 1602 1842 2136 2427 3123 3455 3708 3745 4156 4393 5522 5951 6092 7746
1917 375 581 1594 1862 2009 2124 2189 2201 2241 2465 2621 2924 3369 3488 4187 4300 4340 4406 4441 4823 5141 6295 6383 6802 7113 7420
1918 421 527 1325 1536 2310 2541 2854 3614 4259 4326 5631 5684 5751 6275 6280 6297 6779 7465 7549
1919 120 132 647 857 1331 1459 1660 2265 2293 2702 2758 2835 2907 3211 4129 4176 4323 4345 4381 4476 4821 5175 5310 5454 5504 5657 5789 5792 6339 6729 6909 7056 7337 7820 7871
1920 984 1090 1219 1258 1434 1508 1811 1859 2714 2867 3045 3072 3282 3397 4361 4602 4664 4899 5120 5666 6027
1921 197 1113 1485 1848 1869 2653 3032 3034 3129 3306 3369 4229 4622 5304 5542 6207 6217 6265 7266 7431
1922 210 1782 1874 2153 2912 2982 3992 4010 4169 4399 4609 5441 5598 5790 6146 6440 6934 6987 7419 7504 7884
1923 532 1024 1299 2024 2080 2531 2794 3068 3241 3365 3825 4572 4743 4747 4751 4908 5217 5941 6584 6879 6959 7134
1924 165 791 2081 2861 3027 3102 3110 3677 3783 3944 5083 5276 5288 5316 5769 6174 6321 6915 7110 7612
1925 663 3083 5603 5608 5926 6092 7103 7132 7209 7587
1926 374 956 1017 1828 1956 2835 2839 3491 3835 4432 5375 5815 6802 7121 7661
1927 37 400 1250 1356 1706 2068 2224 2321 2439 2962 4197 4256 4294 4468 4787 4907 5154 5314 5389 6128 6300 6516 6932 7604 7824
1928 1201 1284 2348 2568 2571 2766 2836 3628 4061 4909 4951 5159 5394 5502 5714 5879 6369 7323 7534 7575 7898
1929 134 288 1817 1946 2070 2142 2187 2421 2898 2975 3614 3868 3955 3970 4399 4648 4958 5113 5326 5576 5663 6085 6759 6872 7128 7839 7984
1930 55 68 982 1513 2314 2475 3098 3136 4254 4337 4350 4563 5137 5687 5831 6890 6892 7119 7436
1931 793 947 1180 1421 1449 1458 1485 1965 3109 3208 3956 4246 4529 4698 4806 4832 4935 5406 6100 6309 7691 7731
1932 23 619 706 1301 1489 1995 2303 3597 4305 4501 4624 4629 4843 5313 5367 5681 6327 7507 7740
1933 332 572 805 1086 1114 1167 1387 1655 2116 2155 2193 2240 3095 3162 3858 3913 4106 4470 4578 4629 5054 5996 6091 6397 6403 6940 6961 7071 7168 7670 7713
1934 414 639 1097 1141 1296 1734 1798 2964 3152 3181 3207 3505 3577 3951 4490 4634 4883 5182 5685 6644 6655 6717 6777 7800
1935 48 320 373 833 2065 2822 3132 3305 3347 3432 3483 3517 3956 4252 5201 5336 5579 5635 6029 6737 7067 7342
1936 398 482 2622 2982 3344 3493 4025 4360 4518 4870 5020 5611 6125 6726 6835 7027 7165 7473 7834
1937 440 454 511 1498 1837 1989 2350 2744 2930 3061 3585 3689 4120 4183 5236 5564 5747 7522 7698 7887
1938 127 458 1323 1686 2400 2907 4091 4245 4286 4531 5146 5731 6015 7555 7740
1939 402 546 869 968 1818 2063 2125 2488 2947 3153 3773 3799 3822 3955 4067 4495 5128 5266 5481 5540 5582 6143 6251 6491 6662 7027 7040 7860
1940 1310 1703 2154 2194 3731 4580 4637 4860 5166 5181 5663 5976 6134 6192 7196 7199 7868 7994
1941 453 1046 1049 1583 1820 2144 2810 3641 3702 4282 4504 4711 5174 5657
1942 123 210 494 713 933 1354 1497 2996 3821 4189 4527 4586 4607 4862 4891 6025 6256 6410 6876 7092 7206 7800
1943 239 3234 3764 3955 5120 5194 5545 5689 5959 6148 6291 6411
1944 482 505 648 1727 2099 2329 3979 4480 4580 5002 5432 5475 6484 7582 7788
1945 487 1203 1400 1734 1782 2059 2087 2135 2798 3003 3265 3286 3375 4327 4431 4512 5493 5862
1946 190 522 974 1590 1706 1929 2218 2982 3096 3144 3228 3368 3510 3586 4524 4574 5378 5484 6757 6964 7037
1947 831 1656 2436 2444 2461 3008 3558 3586 3690 4106 4454 4761 5236 6156 6261 6705 6795 6805 6917
1948 29 95 144 302 908 946 1064 1744 1819 2288 2364 2465 2748 3001 3178 3188 3209 3361 3484 3528 4509 4535 4674 5068 5528 6165 6327 7406 7558 7691
1949 468 1013 1407 1430 1534 3048 3283 3303 3711 3777 3917 4091 4173 4988 5223 5275 5599 6350
1950 48 241 1133 1368 1422 1447 1881 2046 2358 2520 2709 2759 2955 3185 3260 4023 4903 5054 5261 5646 7330 7722
1951 333 434 1899 2100 2932 2941 3213 3433 3741 3778 4200 4487 5473 5544 5947 6685 7463 7522 7891 7917
1952 582 1241 1320 1618 1664 2049 2143 2390 3220 3449 4040 4325 4466 4842 5274 5345 5772 6180 6390 6562 7123 7161 7225 7720 7944
1953 2 320 552 618 1093 1764 1976 2564 2724 3322 3513 4291 4667 4949 5170 5976 6162 6345 6713 6825 7791 7810 7999
1954 595 747 1612 2041 2382 2628 2986 4184 4275 5238 5781 6338 7042 7408 7415 7715 7736 7752 7897
1955 543 837 1197 1623 1641 1752 1761 1892 2233 2321 2782 3116 3412 4404 4595 4618 4801 5285 6311 6404 6506 6723
1956 59 304 524 662 853 1294 1571 1821 1847 1926 1970 2086 2449 3534 3558 3604 3608 3741 3761 4377 4464 5678 5897 6434 6552 6687 7088 7851
1957 513 599 925 1427 1501 2177 2331 2559 2939 4112 4185 4337 4369 4414 4521 4668 4813 5697 5750 5782 6155 6334 6570 7121 7166 7539 7842
1958 19 93 290 373 739 1173 1509 3433 3665 3674 3913 4898 5592 6715
1959 117 1253 1295 1531 1733 3008 3322 3364 3565 3697 3729 3777 4212 4242 4480 4481 4715 5285 5690 6057 6665 6713 6816 7559
1960 610 1118 1261 1649 1985 2279 2688 3208 3993 3995 4366 4372 4374 4535 4979 5093 5289 5842 6115 7203 7456 7809 7866 7876
1961 90 1590 2624 4031 4337 4493 4537 4883 5373 5421 5830 6060 6464 6974 7049 7150 7427 7659
1962 339 360 843 925 927 1213 1687 1705 1781 2595 2739 3833 4522 4902 4959 5122 5235 5609 6063 6371 6941 7075 7201 7852
1963 730 1182 1489 1909 2327 2693 2928 3788 4840 5032 5522 6656 7314
1964 175 698 1771 2375 2592 2696 2904 3048 3545 3623 4974 5003 5389 6208 6612 6948 6964 7396 7694
1965 394 628 1046 1080 1292 1335 1931 2100 2287 2370 2379 2454 2548 2781 2964 3410 3479 3624 3880 3913 4523 5155 5528 5882 5932 6104 6655 6847 7521 7797
1966 408 410 621 1431 2115 3598 4294 4519 5092 5643 5884 6033 6386 7104 7282 7464 7869
1967 34 293 294 943 1029 1190 1217 1482 1702 2480 3292 4535 5116 5518 6407 7447 7479 7599 7758 7771
1968 238 299 938 1103 1230 1755 1785 2785 3522 4280 4494 4893 4987 5098 5954 6256 6802 7415
1969 475 1698 1807 2244 2288 2738 3546 3593 4018 4103 4327 5280 5391 5411 5450 6034 7211 7574
1970 331 1331 1565 1956 2212 2461 2883 2889 2977 3061 3346 3574 4482 4701 6907 7241 7255 7329 7482
1971 15 39 161 644 913 2035 2473 2489 3035 3047 3487 3499 3726 4903 5854 6258 6511 6905 7756 7939 7998
1972 183 699 1253 2746 3222 3682 3733 3930 4301 4409 4618 4632 5520 5582 5960 6253 6282 6967 7502 7884
1973 110 524 815 986 1035 1500 3111 3342 3685 3966 3987 4144 4284 4312 4428 4533 4564 4737 5579 5691 7757 7802
1974 249 318 411 591 1451 1546 1883 2649 3803 3841 4097 4315 4357 4716 5448 5763 6302 6792 6941 7185 7490 7548 7814
1975 291 1771 1845 2410 3730 4268 5894 6780 6833 6887 7186 7574 7579
1976 2 308 1327 1855 1953 2014 2462 2591 3498 3530 3738 4521 4587 4657 5509 6114 6586 6633 6755 6783 7560
1977 217 463 881 990 1306 1335 2322 2472 3081 3532 3899 5165 5879 7284
1978 207 306 511 836 2089 2349 2493 3125 3884 4044 5084 5138 6193 6296 7325 7396
1979 241 1102 1132 1398 2261 2568 2581 2880 3393 3544 4425 4587 5684 7534
1980 721 1745 1849 2007 2521 2877 3023 3757 4016 4570 4667 4752 4900 5335 5432 5545 5767 6392 6695 7109 7655 7919 7921
1981 270 303 683 780 805 879 2273 4167 4890 5098 5131 5221 5828 6088 6358 6845
1982 514 1361 1854 2810 3377 3906 4531 4558 5025 5198 5379 5511 5524 5601 6134 6406 6671 7630 7840
1983 217 469 1274 2320 2830 2941 3513 4761 6199 7104 7901
1984 25 84 575 1915 2016 2997 3270 3809 4138 4210 4234 5338 5516 6025 7624 7745
1985 188 213 652 830 858 1086 1593 1960 2099 3289 3717 3903 4160 5248 5524 5909 6286 6587 7803
1986 446 593 674 974 1392 1623 1699 2113 2279 3022 3952 4604 4678 5317 5503 6248 6581 6847 7355
1987 203 1302 1494 1839 2043 2269 2407 2490 3567 3776 3898 4978 5159 5396 6302 6621 6824 7043 7104 7377
1988 249 259 757 810 842 1226 1732 1852 2798 2848 4089 4696 5413 5887 6108 6126 6663 7094 7198
1989 240 669 909 942 1111 1204 1937 2400 2688 3296 4360 4973 5574 5671 6221 6230 6679 6830 6851 7734
1990 336 569 747 826 1514 2373 2699 3005 4188 4443 4515 5676 5734 6211 6833 6863 7156 7910
1991 161 1292 1444 1451 1780 2117 2598 2618 2783 2994 3338 3399 3423 3592 4004 5085 5559 5624 5935 6114 6474 6551 6656 6743 7091 7724
1992 40 740 952 1246 2024 2287 2659 2690 2821 2921 3168 3208 4304 4412 5231 5516 5596 5945 6841 7186 7456 7570 7744 7871
1993 195 634 701 827 2188 2832 2908 3361 3625 4417 4791 5039 5163 5711 6035 6241 6299 6328 6711 6982 7325 7421 7543 7964
1994 409 811 2363 2707 2790 3328 3589 3624 3964 4753 5466 5698 5716 6416 6449 6813 7116 7245 7501 7607 7653 7902
1995 335 370 404 785 938 1873 1932 2437 2704 3186 3694 4292 4671 5899 6222 6476 7355 7530 7637 7864 7919
1996 232 1793 2213 3480 4542 4788 4921 6811 7027 7064 7214 7347 7766
1997 799 2022 2301 3768 3793 4799 4819 4905 6973 7372 7486 7601 7746
1998 420 766 1193 1508 1872 2299 2509 2762 2771 2895 4080 4177 4226 4279 4363 4569 4593 4919 5025 5333 5617 5709 5937 6526 6554 6675 6918 6976 7176
1999 737 763 816 850 1495 1760 2364 2713 2724 2966 3132 3138 3506 3681 4252 4571 5161 5809 6007 6169 6579 6883 7293 7479 7527 7901
2000 574 862 972 1469 1511 1826 2267 3752 4290 4522 4640 4801 4906 5174 5459 5528 6015 6070 6278 6303 6369 6476 7745
2001 184 297 318 644 2056 2060 2095 2773 2779 2917 3127 3811 3925 3998 4277 4472 4672 4958 5433 5493 5520 5607 5828 5946 6055 6555 7125 7611
2002 626 1365 3278 4163 4731 4803 4885 5019 5567 5788 6393 6566 7337
2003 147 508 1010 1047 1155 1612 1729 1816 2158 2870 3155 3164 3447 3642 5848 6284 6410 7023 7513 7706 7747
2004 286 998 1589 1713 2683 2811 3091 3892 4473 5556 5923 5984 7692
2005 230 1123 1457 1730 1905 1912 2124 3264 3732 4132 4313 4400 4682 4754 5480 7967
2006 283 1326 2196 2313 2397 2426 2668 3128 3566 4615 5254 5460 6172 6683 7448
2007 95 253 529 1894 1980 3111 3338 4013 4206 4589 5211 5709 5964 6212 6250 6333 6616 6725 6768 7205 7417 7740
2008 227 691 1395 1806 4104 4601 5179 5215 5220 5820 6503 6829 6870 6994 7269
2009 559 604 737 778 891 1226 1267 1917 2636 2744 3364 3778 3935 4477 4837 5094 5176 5220 7451 7734
2010 494 1344 1891 1905 2098 2239 2464 2472 3422 3813 3820 4122 4137 4169 4612 4935 5194 5202 5336 6225 6754 6821 7903
2011 838 995 1777 2143 2260 2476 2806 2850 2869 4019 4094 4247 4565 5852 6123 6185 6347
2012 469 2179 2253 2463 2688 3418 3649 4071 4075 4410 4825 6126 6762 7151 7264 7371
2013 252 618 1079 1380 1473 1657 1898 2917 3040 3098 3195 3600 4430 4744 4800 5229 5873 6284 6665 7955
2014 304 931 1793 1976 2046 2078 2536 3109 3317 3536 3594 5124 5143 5261 5781 5975 6412 6452 6633 6923
2015 145 462 616 759 1600 2310 2364 2550 2731 2819 2883 3124 3831 4295 5240 5779 6131 6668 6763 7030 7091 7310 7885
2016 24 27 703 1284 1447 1984 2556 2577 2723 3300 3360 3550 4745 4926 5664 6039
2017 129 257 391 451 970 979 1208 1552 1780 2512 3058 3438 3935 4366 4887 5304 5617 5958 6119 6615 6895 7082 7346 7499
2018 446 890 1206 1523 2194 3011 4528 4733 5119 5295 5637 5657 5709 6985 7003 7170 7717
2019 171 544 1361 1638 2329 2495 2684 3360 3414 3518 4159 4252 4607 4722 5103 5429 6163 6392 6586
2020 150 567 899 1107 1416 2114 2720 2781 3807 5490 5936 6088 6205 6226 7026 7412 7626
2021 63 903 1160 1362 1884 1889 2056 2461 3230 3621 4056 4110 4865 5214 5299 6009 6197 6773 6874 7240 7626 7642 7664 7823
2022 132 382 1649 1997 2539 3055 3232 3345 3464 3586 3819 4152 4966 4969 5353 5407 5905 6375 6429 7410
2023 423 731 1269 1334 1528 1658 2506 2821 3129 3395 3412 3505 3858 3939 3974 4138 4553 4811 4934 5019 5480 5602 6186 6784 7994
2024 338 1110 1427 1923 1992 2400 2511 2611 2969 3204 3233 4542 5061 5258 5380 5466 6576 6584 6838 7111 7293 7953
2025 135 184 331 589 1105 1163 1225 2848 3916 5173 5459 5542 5615 5778 5788 6372 6456 6494 6812 7015 7247 7761 7807
2026 69 509 698 836 1760 2094 2339 2570 2675 2734 2892 3188 4009 5235 5278 5721 5903 6849 6917 7056
2027 132 684 970 1024 1067 1599 2069 2109 2343 2803 2858 3002 3204 3925 4259 4367 4618 5404 6785 7479 7692
2028 88 114 120 1245 2512 2628 2770 3169 3484 4057 4446 4454 5083 5147 5301 5533 7014 7103 7710 7811 7918
2029 177 193 632 1002 1313 1503 1512 1880 2195 2466 2518 2932 3329 3982 4473 4668 5186 5566 6470 7144 7459 7672
2030 315 875 1435 1781 1909 2111 3283 3535 4089 6111 6779 7254
2031 1031 1398 1499 2269 2676 2780 2790 3006 3082 3126 3388 3903 3925 3986 4313 4456 4533 4977 5170 5608 6021 6379 6551 6691 6769 7276 7393 7543 7648 7701 7853
2032 353 486 540 1059 1457 1728 1903 2258 2354 2505 3253 3586 3843 3963 3993 4084 4437 4567 4800 6720 6808 7242
2033 64 564 941 1597 2324 2657 3169 3220 3364 3410 3762 3974 4148 4435 4817 4912 5201 6354 6598 7386 7781
2034 1263 1394 1735 2451 2675 3883 3888 5198 5750 6326 7362 7469 7619
2035 223 458 846 1085 1174 1472 1721 1971 2223 2700 3133 3530 3918 4184 4223 4274 4307 4322 4428 6061 6142 6154 6351 6403 6922 7112 7500 7859
2036 128 982 1495 1887 2186 2310 2666 3053 3791 3893 4425 4521 4809 5060 6349 6458 6693 7202 7425 7642
2037 480 935 1258 1449 2599 2667 2933 3512 3616 4797 5029 5203 5245 5579 5588 5761 5829 6236 6519 6576 7224 7293 7683 7819
2038 227 322 427 750 1685 1713 2420 2591 2646 2809 2853 2988 2994 3145 3486 3865 5090 5342 5515 5738 5997 6146 6160 6205 6476 6963 7454 7650
2039 40 443 745 2186 2251 3325 5190 5578 5787 5867 6093 6121 6588 6642 6742 6966 6999
2040 768 1057 1304 1570 2279 2458 3179 3836 4284 4557 5122 5796 5830 6581 6995
2041 173 496 813 884 1464 1596 1954 2220 2403 3241 3473 3611 4132 4669 6514 7792
2042 441 1455 1784 2516 2521 2624 3139 3256 3423 3859 4094 4242 4746 5350 5860 5878 5922 5969 5971 6077 6377 6672 6717 6736 6785
2043 86 272 549 1532 1841 1987 2410 2502 2568 3133 4006 4080 4184 4369 4377 5068 5353 5526 7291 7950
2044 358 369 664 1247 1880 2058 2821 3639 3685 3691 3872 4524 4909 5619 5863 7084 7471 7905 7954
2045 194 578 1392 2313 2613 2683 2961 3092 3614 4374 6078 6287 7302
2046 505 1493 1599 1950 2014 2469 2806 3464 4481 5065 5800 6245 6576 6761 7299 7476
2047 275 940 1538 2660 2951 3762 4586 5450 6051 6207 6614 6777 7710 7719
2048 50 625 1562 2072 2391 3488 4572 4828 4893 4921 5579 6224 6769 7289 7716
2049 477 759 934 1339 1459 1952 2266 2268 2540 3089 3157 3470 3474 3774 4041 4046 4318 4507 4643 4857 5714 6899
2050 196 377 659 921 1329 1366 1479 1736 2171 2277 2584 2858 4617 4763 5884 6593 6807 7079
2051 112 139 418 1235 1580 2057 2760 2869 3095 3113 3668 3840 3905 4027 4530 5068 5675 5930 6095 6402 6676 7007 7610 7653 7910 7974
2052 202 949 2560 2775 2924 3716 3904 4126 4605 5252 5625 5919 6594 7956
2053 171 962 2264 2921 3217 3404 3624 3728 4210 4241 4550 5339 5362 5456 5816 6999 7712
2054 869 1382 1757 2239 2544 3277 4164 4380 4473 4567 4767 5599 5835 7296 7391
2055 88 373 945 1833 1878 2289 2442 2444 2516 2821 3161 3286 3508 4142 4229 4251 4821 4852 4962 5050 5105 5747 5875 6207 6269 6810 7320 7616
2056 1247 2001 2021 2312 2880 3327 3445 3646 3828 3932 4127 4740 5224 5479 6117 6372 6660
2057 42 376 1394 2051 2195 2824 3251 3817 4056 4253 4410 4883 5380 6283 6767 7122 7487 7730
2058 192 616 656 733 2044 2125 2133 2239 2763 2813 3316 3467 3961 4116 4139 4238 4562 4606 4927 4931 5168 5496 5612 5722 6106 6247 6458 7742 7753 7966 7994
2059 1316 1875 1945 3911 4112 4715 5485 6299 6854 6909 7392 7768 7867
2060 127 295 389 1140 2001 2309 2761 3515 3735 4175 4690 5624 5693 5751 5887 6649 6851 6856
2061 322 1036 1046 1385 1497 1610 1872 2935 3230 3543 4265 4379 4658 6406 6722
2062 128 401 639 1358 1595 2718 3341 4406 5286 5748 5993 6327 6938 7748 7893
2063 5 342 728 1939 2817 2849 2955 3392 3409 3410 3465 3800 3941 4629 5597 5649 5876 6249 6325 7112 7140 7462 7918
2064 119 929 1399 1547 1642 2556 3632 4186 4935 5231 5938 6140 7047 7280 7457
2065 532 820 908 982 1427 1481 1935 2083 2416 3224 3620 3972 4248 4857 4882 5264 5440 5940 6330 6957 7006 7902
2066 280 917 988 1798 2302 2580 2809 3981 4054 4057 4160 4848 5275 5779 5812 5861 5916 7206 7923 7964
2067 162 249 251 733 2716 3110 3376 3391 4209 4263 5066 5278 5559 6021 6898 6972 6975 7347
2068 125 527 717 944 1715 1927 2808 2835 2886 3026 3374 3586 3602 4282 4601 5653 6881 7135 7157 7839 7949
2069 267 495 570 1047 1324 1484 2027 2208 2527 2604 2744 2960 3946 3960 5523 5568 5618 6153 6371 6397 6937
2070 84 167 424 686 1443 1588 1929 3235 3445 3511 4094 4232 4482 4687 4719 5368 5502 6511 6654 6710 6975 7091 7333 7843
2071 1763 2629 3468 3707 3715 4711 5093 5220 5317 5321 6428 6703 6806 7039 7189 7247 7333
2072 21 646 1056 1151 1368 2048 2807 2983 3506 3655 4048 4230 4368 4679 4720 4997 5444 5906 6197 6425 6501 6696 6827 7273 7310 7504 7543 7999
2073 693 1180 1477 2749 3252 3874 4224 4285 5148 5264 6363 6381 6515 6656
2074 156 271 690 834 2353 2450 2473 2998 3220 3409 3515 3696 4598 7234
2075 341 615 776 2197 3212 4430 5532 5847 6335 6564 6681 6926 7097 7157 7552 7951
2076 12 179 678 786 2285 2296 2764 3164 3246 3554 3678 3951 4243 4489 4715 4949 5820 6051 6386 6750 7131 7285
2077 297 513 593 1357 1366 1510 1668 2903 3974 4019 4966 5143 5187 6064 6155 6185 6865
2078 135 435 968 974 1199 1322 1450 1875 2014 2289 2606 2703 3340 3397 3960 3962 4334 4951 4969 5209 6264 6789 6927
2079 68 826 964 2615 2726 3610 3670 3863 4986 5218 5620 6134 6157 6613 7326
2080 488 746 910 1046 1788 1923 2238 2311 2478 2699 3054 3502 3977 4555 6203 6901 7238
2081 77 424 493 615 757 774 893 1458 1704 1924 2941 3900 3960 3975 4644 4779 6007 6072 6131 6483 6609 7219 7230 7323 7949
2082 1126 1182 1721 1903 2103 2243 2450 2636 2689 2938 3189 3237 4243 5143 5995 6429 6865 7503 7578
2083 193 625 627 682 1762 2065 2265 2900 2975 2986 3374 3424 4006 6254 6451 6538 6678 6805 6934 7029 7305 7761 7806
2084 343 440 680 755 969 1333 1598 2125 2230 2575 3408 3651 3716 4000 4582 4788 5657 5683 6002 6268 6463 6492 6499 6544 6640 7709 7904 7942
2085 109 408 1241 1501 1666 1692 2918 3050 3284 3850 4138 4398 4549 6051 6125 6216 6294 6317 6422 6497 6554 6946 7100 7333 7568 7843
2086 1552 1665 1956 2384 2510 2658 3663 3747 3919 4328 4462 4847 5314 5782 6470 6633 6851 7435
2087 179 455 548 1756 1945 2101 2177 2693 2852 2906 3487 3497 3532 6354 6497 7171 7481
2088 247 614 851 1539 1549 3003 3048 3370 3392 3452 3936 4305 5351 5450 5564 5899 5949 6229 7144 7820 7953
2089 410 525 993 1978 2714 2949 3927 4235 4434 4607 5636 5919 6718
2090 513 671 810 855 890 996 1117 2299 3190 3305 3414 3676 4379 4906 5332 5640 5735 5863 6294 6513 6897 6959 7168 7403
2091 159 243 549 577 693 1053 1122 1474 1779 2379 3571 3787 3949 4178 4304 4544 4719 4737 5629 7675
2092 116 401 674 748 1117 1632 1735 2523 3275 3312 3412 3621 4217 4354 5539 6247 6279 7241
2093 438 704 1522 2478 2569 3743 3756 4638 4645 5888 6170 6420 7250 7455 7916
2094 99 250 1440 1480 1679 1681 2026 2824 3042 3349 3778 4256 5361 5694 5726 6754 6926 7767
2095 287 630 1132 2001 2986 2993 3212 3218 3723 4379 4406 5179 5268 5740 6359 6661 6804 6981 7088 7457 7621 7777
2096 64 130 853 1757 3186 3494 4484 5015 5524 5731 5752 6131 6297 6684 6914 7707 7775
2097 318 427 543 976 1554 2623 2722 3100 3160 3477 4133 4163 4365 4525 4568 4695 4725 4823 5331 5989 6832 6927
2098 581 673 2010 2126 2731 3065 3563 4723 4931 5700 5712 5738 5820 5872 6105 6177 7191 7334 7467
2099 317 553 660 781 1069 1562 1833 1944 1985 3446 3760 3913 3949 4140 4569 4801 5357 6566
2100 340 512 520 827 1425 1439 1493 1509 1593 1620 1755 1951 1965 2328 2855 2995 3645 3646 4238 5441 5497 5568 6328 6564 7595 7747 7878
2101 180 273 719 850 981 1655 2087 2960 3169 3317 3530 4708 5616 5865 6117 6379 6394 7313 7508 7963
2102 9 276 290 350 536 1084 1266 1315 1388 2609 2634 2955 3159 3233 3297 3358 3648 3655 3790 3812 4305 4399 5808 5916 7271
2103 132 230 247 1369 1398 1414 1701 2082 2414 3197 3578 4515 4544 4552 4719 4743 4758 5117 5303 5611 6023 6546 6759 7052 7267 7742 7884 7997
2104 108 318 550 1356 1417 1884 2193 2495 3100 3508 3850 3947 3996 4312 4368 4473 5350 5415 5572 5857 7205 7501 7727
2105 170 1413 1493 1810 2178 2596 2759 2850 3727 4060 4217 4268 4403 4426 4991 5447 5604 5750 6020 6944 7087 7315 7762 7994
2106 6 676 1058 1407 1624 2171 2250 2317 2616 2675 3009 3156 3375 3986 4142 4857 5040 5144 6069 6867 7241 7552
2107 87 101 689 899 1092 1168 1670 1784 1911 3055 3171 3377 4283 4306 4353 4376 4718 4783 5034 6044 6262 6524 6669 6962
2108 281 429 616 1223 1733 2681 2913 3023 3617 3628 4151 4500 5013 5558 5596 6160 6242 6279 6553 7048 7121 7280
2109 587 1063 1806 2027 2161 2575 3047 3329 3523 3757 3858 4064 4261 4972 5610 5620 5738 5745 5777 5817 5976 6077 6476 6819 7338 7778
2110 510 649 762 881 917 974 1170 1524 1592 2249 2889 3106 3836 4425 4818 4870 5835 5873 6094 6554 6967 7329 7381 7503 7825
2111 9 1177 1348 1498 1653 1905 2030 2959 3499 3724 4017 4581 4665 4927 5229 5746 5759 6710 6777 7111 7168 7742 7748
2112 56 118 595 728 747 1403 2550 2919 3513 3521 4291 4382 5410 5469 5530 6486 7231 7469
2113 303 1054 1144 1861 1986 3063 3356 3487 4347 5034 5105 6367 6411 6609 7037 7225 7541 7859 7868
2114 699 963 1211 1518 2020 3006 3502 4113 4989 5001 5962 5993 6788 6853 7057 7456
2115 425 714 912 1966 2895 3018 4282 4314 4353 4607 6505 7059
2116 457 458 625 811 849 942 1393 1521 1933 2422 2808 3565 3575 3938 4007 4054 4313 5779 6116 6127 6275 6339 6818 7000 7064 7492 7916
2117 1991 2628 2901 2923 3127 3211 3614 3852 4573 5465 6495 6718 6781 6935 7583 7938
2118 599 694 1046 1716 2413 2447 3994 4520 4597 4629 4731 5812 6120 6382 6495 6990 7183 7681 7720
2119 133 408 672 741 839 924 1549 1700 1876 2309 2418 3184 3243 3802 4117 5391 5974 6124 6920 6939 7707
2120 2303 2622 3001 3280 3841 4234 4683 5367 5491 6023 6727 6978 7212 7238 7466 7501 7549 7700
2121 582 637 940 1614 1623 1651 2275 2473 2847 3777 4231 4389 4920 4976 5110 6613 6671 6821 7718
2122 84 292 303 448 948 1300 1312 1516 1526 1858 2637 2780 2786 2814 2942 3711 3730 3811 4650 4860 4873 4892 5191 5251 5689 5876 6222 6849 6900 6915 7465 7705
2123 313 607 630 892 1056 1255 1797 1897 2164 2822 2848 4444 4990 5177 5193 6520 7007 7858
2124 53 356 848 1302 1459 1684 1917 2005 2530 3800 4317 4494 5045 5166 5288 5335 5857 6131 7157 7229 7640 7967
2125 205 235 809 848 1939 2058 2084 2191 2342 2379 2573 2807 2826 2946 3053 3549 4421 4500 5425 6183 6485 6796 6865 7802 7978
2126 83 1587 2098 2320 2475 3552 4322 4510 4648 4803 5902 6088 6279 6552 6849 6991 6997 7413 7567 7714 7716
2127 458 871 1213 1405 1888 1905 2770 3049 3337 3347 3693 4729 4769 4857 4878 5855 5960 6463 7058 7097 7245 7983
2128 9 46 217 226 357 1777 1853 2623 3899 4013 4090 4181 4521 4970 5782 5791 6576 7017 7404
2129 1455 2596 2793 2815 3109 3733 3768 4208 4234 4518 5360 5382 5537 6262 6671 6705 6936 7586 7661 7718 7798 7899
2130 735 1105 3226 3353 3489 3654 4023 4649 4663 4843 5846 6166 6180 6957 7667 7768 7846
2131 48 1016 2247 3543 3827 4292 4578 4808 5291 5917 6670 6910 7294 7375 7403 7660
2132 639 642 900 1270 1432 2528 3051 3357 4073 4262 4415 4430 4433 4479 4717 4972 5877 5901 6588 6668 7123 7147 7450 7478 7831
2133 620 2058 2152 2735 2950 3110 3171 3392 3554 4154 4219 4841 5232 5424 6511 6676 7391 7524 7593 7642 7889
2134 126 174 403 1745 2225 2269 2489 2949 3870 4035 4463 5010 6461 6636 7798
2135 1620 1655 1945 2258 2343 2555 2603 2958 3178 3317 4051 5147 5209 5875 6042 6212 6476 6574 6679 6775 7169 7808
2136 947 1916 2148 2183 2359 2839 3244 3267 3635 3932 4654 5730 6270 6648 7224 7225 7304 7908 7917
2137 273 1236 1570 1802 1908 2380 2760 3050 3550 3874 4190 4572 4676 6007 6133 6145 6977
2138 130 390 529 643 1280 1311 1458 2585 3293 3386 3853 3934 3970 4384 5233 5581 6632 6658 7339 7503 7810
2139 236 760 873 1512 2143 2840 3009 3153 3570 4604 5236 5314 5395 5662 5693 5834 6170 6199 6349 6937 7010
2140 107 1203 1477 1525 3060 3450 4472 4528 4585 5036 5687 5793 5919 6150 6172 6289 6836 7471 7544 7909 7975
2141 1813 2496 2710 2764 3627 3849 4641 4660 4667 4783 4870 4919 5088 5206 5937 5943 6070 6802 6926 7184 7351 7355 7513 7534 7638
2142 1929 2395 2459 2477 2939 4532 4627 4642 4807 5341 5506 5617 5852 6640 7044 7604 7944
2143 111 609 933 1547 1879 1952 2011 2139 2215 2671 2731 4540 5134 5205 5825 6426 6427 7283 7785 7944
2144 8 708 1887 1941 3333 3418 3638 3841 4499 4601 5778 7268 7323 7478 7623 7905 7931
2145 488 693 701 853 909 2258 2271 2527 2900 3539 3551 3573 4072 4077 4275 4535 5205 5916 6868 7338
2146 1061 1414 2351 3956 4307 4716 4794 4831 4896 5048 6917 7103 7626 7759
2147 0 576 752 1574 1751 3342 3360 3762 3989 4198 4621 6002 6076 7350 7508 7978 7995
2148 418 989 1042 1528 1618 1620 1762 1784 1806 2136 3050 3220 5191 6093 6853 7238 7353
2149 817 892 1329 1645 1748 1912 2489 2891 3180 3245 3520 3846 4062 4905 5107 5156 5473 5602 5816 6773 6920 7553 7774
2150 27 152 546 657 806 1164 1284 1407 1635 2701 3017 3508 3605 3788 4117 4207 4916 5660 5922 6381 6844 6879 6952 7565
2151 352 432 497 1179 2209 2966 4022 4525 4539 4651 4790 5809 5872 6468 6474 6533 7669 7707 7794
2152 37 133 460 1080 2133 2192 2327 2379 3066 4863 4985 6016 6741
2153 71 858 990 1211 1511 1858 1922 2422 2933 4683 5099 5403 5550 5554 5865 5941 5953 6023 6089 6851 7309 7483 7621 7641
2154 509 613 749 827 1889 1940 2386 2537 2888 3025 3033 3153 4213 5322 5489 6480 7161 7312 7439 7707
2155 403 462 1027 1725 1820 1933 2766 3107 3195 3292 3417 3575 3581 3732 3812 4018 4209 5461 5673 6280 6665 7365 7417
2156 419 609 920 1126 1388 1530 1571 2488 2605 3315 3926 4183 5339 5450 5848 5898 6070 7253
2157 333 1457 1547 1667 1762 2823 3057 3260 3333 4933 5137 5241 6258 6284 6490 7450 7503 7793
2158 327 1059 2003 2379 3070 3079 3146 3500 3898 3941 3953 4220 4595 4768 4815 5004 5249 5952 6044 6090 6921 7448 7612
2159 646 1256 1410 2699 3482 3910 3991 4222 4925 5208 5889 6513 6546 6758 7553 7559 7585 7832 7854
2160 184 1231 1300 1361 2600 3947 4189 4426 4941 5485 6403 6593 6650 6709 6798 6834 7443
2161 109 457 534 1391 1757 2109 2357 2603 2746 3275 3426 4080 4447 4654 5910 6545 6790 6866 7143 7577 7749 7929 7934
2162 1113 1395 2816 2837 4037 4917 6147 6154 6357 6465 6614 6732 7752
2163 341 384 459 574 1172 1415 1854 1860 2424 2554 3067 3399 3401 4093 4376 4441 4976 5095 5167 5319 5726 5729 5996 6082 6793 7943
2164 476 1598 1812 2123 2502 2688 3072 3146 3185 3305 3666 3800 4840 5042 5147 5553 6020 6276 7127 7222 7652 7979
2165 1497 1678 2722 3017 3622 3790 4150 4217 4615 4778 4874 5045 5339 5808 5822 5916 6264 6471 6479 6596 7580
2166 32 153 637 689 1128 1709 1883 2763 2857 2923 2998 3684 4064 4318 4520 5100 5159 5254 5475 5844 6141 6275 6949 7301
2167 278 574 771 779 1472 3398 3428 3751 4008 5239 5640 5710 6589 7148 7279 7804 7844 7923
2168 230 273 475 819 1035 1362 2324 2640 3405 3732 4305 4322 4464 5312 5860 6008 6109 6981
2169 172 363 493 1060 1288 1304 1421 1906 2886 3882 4791 5118 5214 5358 5692 6318 6782 6943 7160 7370 7632 7937
2170 316 347 625 1034 2426 2622 2706 3319 3887 4754 4996 5072 5855 6164 7560 7805
2171 152 868 1369 1389 1534 1626 1738 2050 2106 2186 2356 2977 3606 4403 4545 4854 4893 4914 4978 5507 6197 6364 6542 7099 7125 7195 7205 7308 7550
2172 295 590 1268 2240 2743 2904 3222 5443 6044 6432 6836 7806
2173 561 685 1262 2205 2825 2860 3045 3192 3872 4154 4238 5207 5296 5779 5804 5823 6055 6080 6441 6610 6965 7263 7525
2174 322 492 518 850 1123 1175 2784 3349 3559 3761 3977 4654 5260 5856 6187 6572 6727 7173 7936 7947
2175 18 678 962 2380 2697 2710 2790 2900 3235 3378 4153 4191 4621 4968 6181 6356 7609 7676 7948
2176 308 824 1371 1673 2236 2503 3653 3722 4348 4368 5272 5273 5421 5654 5989 6686 7095 7681
2177 285 1017 1263 1382 1957 2087 3049 4175 5211 6227 6552 7213 7376 7768 7822
2178 54 483 977 1198 1360 2105 2504 2943 3032 3572 3866 3965 4645 4838 4989 5389 6234 6501 6567 6581 6929 7047 7238
2179 216 505 546 1113 1281 1661 2012 2331 2444 2670 2812 3517 3743 3747 3764 3997 5002 5567 6151 6425 6680 6822 6850 6938 7464
2180 1342 1657 2284 2512 3561 4029 4708 4779 4940 5090 5351 5621 5636 6085 6529 7591
2181 236 1329 1456 1583 2198 2473 3711 3723 4088 4544 4767 4979 5859 6244
2182 238 328 874 1442 2258 2930 3015 3232 4257 4548 4949 5127 5246 5339 5567 5698 5855 5926 6431 7641 7662 7670 7763 7782
2183 460 592 1199 1564 2136 2490 2844 2906 3300 3401 4260 4565 5309 6090 6096 7054 7192
2184 1071 1425 1674 1767 2226 3571 3612 4664 5515 6571 7827
2185 111 299 902 1374 1473 1848 1896 3519 3569 3599 4071 5261 5602 6315 6463 6583 6698 6731 6960 7319
2186 720 895 1059 1062 1334 1766 2036 2039 2171 2436 2930 3304 3380 3847 4427 4439 4620 4623 5721 5996 6540 7209 7693 7781 7984
2187 12 475 498 1155 1249 1457 1613 1739 1929 2593 2851 3724 4338 4953 5269 5631 5662 6386 6462 6957 7320 7822
2188 42 341 741 1993 3189 3640 3990 4108 4338 4936 5591 5795 6825 6884 7330 7619 7706 7975
2189 1060 1122 1480 1708 1917 3046 4282 4353 4599 4615 4623 5392 6394 6468 7447 7451 7522
2190 159 239 704 1297 1676 2623 3009 3280 3540 3783 3839 4430 5058 5120 5539 5617 5880 6016 6563 7478
2191 386 915 1717 1777 2125 2967 3422 3495 3895 3949 4088 4597 5146 5255 6046 6178 6613 7879
2192 402 477 694 727 1336 1352 1420 2152 2364 2571 3479 4114 4345 4450 5026 5442 5502 5590 5755 6674 7451
2193 24 95 929 1468 1884 1933 2104 2732 2813 3660 4194 4516 5525 6346 6563 6733 7355 7440 7672 7925 7971
2194 393 1057 1273 1940 2018 2330 2730 2973 3262 3403 3932 4288 4605 5846 6929
2195 443 626 724 2029 2057 2316 2320 2972 3046 3236 3369 3448 4629 4713 4855 4950 4967 5005 5139 5416 5861 6730 6742 7046 7275 7284 7822 7916
2196 302 366 817 1078 2006 2406 2703 2705 2871 3421 3920 4064 4134 4697 5937 5985 6447 6873 7222 7598 7634 7810
2197 56 772 2075 2478 2937 3163 3261 3527 3590 3893 4017 4552 4887 5338 5520 5981 6239 7199 7211 7407
2198 1043 1108 1136 1734 2181 2502 2799 3080 3248 3519 4818 5090 5104 5667 6014 6109 7704 7786 7919
2199 174 332 1382 1506 1649 1766 3149 3333 3378 4217 4437 4553 4603 4727 4948 5238 6050 6425 7281 7611
2200 825 1136 1416 1755 1773 2383 3011 3047 3930 5011 6009 6739 6989 7042 7259
2201 28 1381 1481 1494 1917 2225 3022 3197 3511 3886 4630 4666 5207 5236 5750 7148 7178 7407 7464
2202 220 770 905 910 3420 3956 3962 4534 4545 5249 5329 6812 7546 7687 7832 7934
2203 71 462 519 1572 2254 2605 2676 2850 3220 3894 4186 4391 4808 4884 4902 6709 6715 7268
2204 150 658 1776 1868 2276 2415 2658 3757 4515 4565 4940 5016 5242 5912 6053 6075 6210 6664 7014 7179 7849
2205 199 409 782 1045 1171 2173 2824 2936 3648 4299 4993 6055 6465 6652 7241
2206 471 1883 3059 3213 3526 5172 5363 6325 7001 7488 7854
2207 893 1084 1315 1760 2344 2638 2913 3123 3652 4734 4768 5690 6171 6191 6834 7239
2208 809 1108 1263 2069 2324 2609 3127 3215 3578 3644 3853 4317 4799 4823 5682 6703 6993 7315 7808
2209 455 775 1097 1172 1861 2151 2414 2426 2927 2973 3373 3795 4119 4207 4754 5244 5295 5296 5450 5567 5604 5969 6260 6942 7411 7705 7839
2210 344 364 1309 1452 1477 1822 2452 2525 2947 3337 4052 4192 4749 5206 6137 6167 6411 6915
2211 655 723 1886 3064 3430 3552 3646 3923 3970 3984 4008 4115 4411 5299 6738 7603 7733 7897
2212 815 1970 2426 2493 3772 4312 6323 6463 6470 6978 7172 7391 7435
2213 313 441 697 1262 1404 1633 1996 2592 2683 2859 3113 3814 4976 5176 5510 6139 6955 7448
2214 100 706 1105 1377 1770 2882 3294 4329 4530 5060 5178 5605 5817 5842 6377 6881
2215 322 577 598 1390 1641 1676 1824 2143 2653 2728 4306 4614 6295 6576 7007 7801 7965
2216 671 1340 1639 2974 3692 3919 4019 4087 4198 4299 4506 5155 6697 6867 6935 7171 7422
2217 1531 1617 2326 2368 2573 2880 3165 3208 3652 4027 5096 5421 5447 5667 5728 5815 5989 6383 6739 6931
2218 506 1265 1292 1531 1562 1745 1856 1946 2488 2749 3105 3901 4610 5309 5516 5540 6319 6425 7307 7440 7628
2219 101 1491 1537 2226 2581 2643 2772 3111 3937 4520 4826 5271 5756 6209 6215 6516 6857 7202 7344 7368 7578 7656 7724 7791
2220 368 2041 2286 2741 3099 3224 3323 3846 4163 4460 4704 4779 4949 5133 5336 5864 6558 6763 6881 7465 7792 7929 7975
2221 178 421 755 953 1126 1254 1564 1856 2244 2538 2733 2793 2795 3481 3680 3754 4766 5258 5452 6333 6526 6838 7513 7748
2222 21 1496 2302 2445 3846 3935 3984 4212 4241 4292 4316 4387 4980 5722 5767 5979 6329 6415 6425 7568
2223 172 177 729 1636 1876 2035 2586 3941 4424 4641 4814 4914 5272 7086 7290
2224 183 210 223 584 625 707 790 1271 1414 1729 1927 2396 2808 2821 2854 2983 2989 3161 4955 5442 5817 6469 6590 7395 7597 7713 7783
2225 1127 1161 1275 1291 1636 1637 2134 2201 2398 4189 4703 5069 5076 5164 6004 6021 6359
2226 562 658 1092 1427 1496 1557 1652 1698 2184 2219 2297 2559 4053 4089 4167 4438 4968 5044 5666 5710 5808 6254 6844 6981 7097 7200
2227 550 1047 1069 1244 1267 1657 1748 2905 3017 3102 3516 3965 3989 4688 5236 5264 5485 5882 6108 6181 6545 6783 6871 7172 7351 7398 7634 7694
2228 712 716 718 721 1348 1386 2749 3754 4164 5119 5451 6411 6618 6766 7004
2229 1242 1900 2502 2590 3136 3379 3610 3655 3825 3992 4220 4583 4781 6162 6496 6857 6989 7220 7302
2230 228 230 704 1030 1336 1533 1801 2084 2488 2716 3035 3218 3463 3620 3686 4217 4247 4871 5109 5378 6753 6896 7595
2231 283 695 889 1241 1312 1481 2851 5090 5157 5379 6222 6380 6381 7050 7273
2232 906 968 1006 1253 1730 2903 3121 3421 3728 4192 4578 4608 4928 5212 5415 5522 6015 6245 6709 7133 7319 7562 7608
2233 697 1555 1955 2323 2728 3235 4035 4237 4521 4553 4830 4950 5459 5980 6147 6390 6959 7026 7372 7461 7498 7562 7573
2234 283 549 583 671 793 856 1141 1582 2257 3374 3926 4089 4435 4470 4567 4706 5181 5281 5496 6163 7687
2235 74 567 607 710 1123 1361 2836 2948 3141 3205 4216 4248 4687 5166 5324 5760 5956 5972 6039 7446 7743
2236 315 565 601 1435 2176 2363 2971 3091 3370 3829 4632 4636 4910 5454 5543 5832 5961 6320 6669 7325 7399 7465
2237 44 145 177 288 303 687 1575 3081 3475 3638 3731 3794 4323 4487 4603 4718 4909 4965 5169 6170 6356 6365 6741 6772 7879
2238 113 1277 2080 3144 3199 4156 5605 5905 6317 6354 6823 7076 7206 7469 7742
2239 186 229 415 456 538 599 1655 2010 2054 2058 2500 4450 4726 4854 5032 5129 6164 6652 6843 7197 7360 7534 7594 7666 7679 7925 7985
2240 200 201 760 982 1099 1166 1201 1933 2172 2504 2799 2876 3136 3974 4475 5213 6647 6891 6988
2241 284 696 795 824 1353 1511 1671 1913 1917 2288 2414 2535 3475 4171 4412 4422 4701 5548 5755 6441 6480 6784 7218 7265 7434 7439 7564 7632 7842 7998
2242 1156 1885 2850 2893 3092 3186 3796 4007 4604 5745 5866 5965 6543 6585 6595 7629 7811
2243 751 842 1010 1083 1418 1906 2082 2711 3901 3946 4027 4142 4196 5194 5207 5332 5770 5931 6507 6586 7769 7853
2244 13 329 1228 1969 2221 3025 3162 3292 3356 3728 4080 5168 5283 5533 5659 6125 7409 7641 7783
2245 1451 1465 1801 2250 2599 3130 3725 3964 4515 5009 5528 5543 6087 6124 6200 6752 6962 7082 7221 7959
2246 743 1423 2356 2439 2448 2568 3974 4101 4841 5386 5927 5943 6689 7907
2247 499 898 1386 1772 2131 3299 3358 3444 3450 3589 4287 4606 5012 5053 5293 5313 5865 5948 5994 6052 6284 6348 6572 7152 7277
2248 119 233 271 375 1367 3132 3398 3497 3577 3810 4310 4445 4523 4785 4802 4854 4970 5545 5984 6415 7533 7915
2249 32 155 829 1134 1697 2110 2679 3284 3294 3378 3513 3663 3766 3949 4152 4380 4389 4636 4825 4889 5321 5376 5700 6102 6271 6439 6811 7185 7564
2250 130 191 292 1009 1499 1756 1781 2106 2245 2497 2878 3659 3689 3748 4100 4453 5306 5578 5950 6605 7364 7915
2251 74 457 860 1742 2039 2267 2271 3147 3447 3456 4045 4330 4374 4781 4850 4872 5188 5750 6015 6297 6373 6422 6577 6840 7381 7550 7569 7693 7867
2252 788 2677 2766 3267 3778 3795 3891 4740 5438 5457 5921 6174 6315 6385 6700
2253 625 1246 1279 1724 1901 2012 2275 2434 3486 3611 4057 4856 5360 5842 5947 5974 6799 6888 7812
2254 201 371 1014 1269 1422 1596 2203 2294 2805 4271 4564 5697 6148 6193 6870 7235 7251 7270
2255 292 801 2851 3059 3495 3598 4657 4811 5242 5783 7130 7218
2256 437 459 821 925 1145 1228 1235 1766 2578 2974 3624 3749 4478 4483 5283 5651 5787 5909 6181 6687 7629 7961
2257 148 258 629 773 1341 1556 1637 1747 1895 2234 2455 2722 2779 3040 3345 3495 4360 5171 5330 6046 6435 7020 7115 7439 7609 7678 7736
2258 133 419 1173 2032 2135 2145 2182 2724 2837 2905 3004 4033 4112 4139 4826 5731 6169 6774 7361 7611
2259 8 21 80 191 304 887 1509 1522 1604 1902 2520 2684 3285 3996 4980 5487 5517 6357 6877 7007 7358 7524 7871
2260 9 925 2011 2456 2549 2578 2955 3668 4978 5110 5360 5361 5840 6243 6663 6959 7480
2261 167 508 870 1334 1467 1979 2314 3102 3180 3831 4267 4524 4672 4823 4891 6144 6295 6566 6602 7222
2262 188 353 360 422 555 661 1093 1437 1747 3136 3959 4408 5483 5553 6137 6154 6445 6555 6824 7080 7317 7706 7885
2263 70 694 897 1132 1562 2437 2818 2864 3807 5652 7059
2264 253 1187 1288 1721 2053 2281 2987 3040 3795 3801 5234 5596 5920 6300 6561 7377 7654
2265 89 177 878 1009 1477 1687 1698 1919 2083 2559 2788 3127 4435 4595 4948 6271 6321 7238 7395
2266 306 705 758 959 1380 2049 2277 2287 3538 3935 4541 4691 5410 5867 7141 7235 7893
2267 555 610 692 721 759 1134 1196 1575 2000 2251 2964 4464 4774 5352 5534 5615 6089 6121 6255 6348 6597 6812 7212 7466
2268 294 450 625 782 984 995 1520 1526 2049 2414 2680 2746 2876 2918 3315 4120 4133 4332 5649 5980 5984 6511 7134 7722 7796
2269 32 178 548 714 1555 1987 2031 2134 5671 6379 6833 6961 7021 7122 7379 7487 7540 7545 7584
2270 617 768 2470 3259 3570 3837 3929 4022 4852 5543 5572 6050 6134 6224 6640 6858 7051 7290 7385 7469
2271 194 548 1467 2145 2251 2724 2939 3047 3234 3336 3372 3388 4193 4543 5908 6014 6226 6806 7374
2272 55 273 326 353 569 705 986 2368 2405 3451 3623 3635 4093 4417 4799 4910 5617 6090 6786 7137 7458
2273 1004 1181 1302 1625 1981 2949 3686 3694 3848 3875 4006 4443 4628 4691 5804 7166 7288 7591 7792
2274 460 1369 2341 2924 3448 3498 3727 4066 4711 5124 5274 5663 7189
2275 808 1159 1470 2121 2253 2791 3596 5385 5422 5659 6682 6836 6873 7381 7396 7560
2276 429 597 949 1215 2204 2392 2568 3122 3443 3729 3787 4212 4965 4970 5053 5135 5405 5413 6257 6286 7002 7061 7474
2277 29 73 706 733 1316 1350 1904 2050 2266 2290 2380 2598 2826 3442 4043 4120 4874 5252 5598 5750 6275 7100 7300 7461 7870 7938
2278 271 746 1189 1593 2409 2816 2833 3048 3847 4742 4948 6096 6372 6578 6826 7155 7853
2279 494 1483 1643 1960 1986 2040 2328 2805 2849 3310 3575 3648 4259 4568 4882 4980 5409 5722 5825 6232 6695 7505
2280 554 786 2321 3233 3518 3640 3661 4880 5334 5930 6099 6123 6256 6826 7199 7249 7516 7553 7610 7629 7717 7908
2281 553 625 659 702 835 985 2264 2614 2910 2969 3552 3825 5136 5145 5304 6058 6602 6922 7321 7669 7934
2282 223 925 1056 2422 2806 4482 4492 4952 5679 5934 7906
2283 150 398 1163 2585 2668 2750 2956 3384 3824 4235 4418 4854 4897 6343 6378 6448 6607 7226 7525
2284 21 1711 2180 2433 2598 2956 3557 4196 4316 4812 5405 6468 6640 6643 7056 7603 7635
2285 764 1802 2076 2287 5497 5597 5736 6018 6629 6654 6678 6923 6952 7016 7934
2286 67 623 1141 1520 2220 2429 2940 3299 3366 3383 3527 3643 3684 4250 4524 4859 5166 5336 5827 6313 6344 6507 7822
2287 106 299 658 1068 1765 1965 1992 2266 2285 2480 2709 3037 3415 3457 3460 3679 4595 4666 5029 5386 5535 5587 5737 5935 6557 6715 6723 6964 7126 7914
2288 40 110 195 1948 1969 2241 2622 2849 3060 4805 4860 5338 6015 6296 6408 6739 6797 6974 7714
2289 696 836 848 1330 1463 2055 2078 2339 2657 2940 3167 4322 5546 6498 7180 7411 7477 7785
2290 1203 1298 1350 2277 2474 2702 3418 3777 4071 4628 4713 4714 4793 5129 5216 5249 5255 5886 5900 6051 6260 6578 6755 7006 7292
2291 189 580 727 877 886 1437 1640 2709 3076 3397 3522 3757 4860 5122 5831 6988 7223 7452 7550 7866 7934
2292 871 2794 3989 4459 4640 5023 5162 5346 5352 6275 7400 7494 7618
2293 1446 1651 1863 1901 1919 2338 2746 2853 2899 3011 3175 3898 4124 4342 4638 5135 5186 5227 5935 6027 6283 6463 7107
2294 92 139 461 887 1870 2254 2505 2875 3098 3521 3540 4464 6619 7040
2295 95 126 147 586 1149 1655 2487 2622 2866 3100 3150 3815 4220 5000 5066 5804 5812 6156 6415 6763 6950 7306 7741 7912
2296 163 438 621 1256 1404 2076 2810 3322 3750 3756 3951 3993 5926 6987 7316 7357 7454 7483 7514
2297 49 205 214 508 651 1156 1440 1496 2226 2609 2879 3368 3709 3996 4016 4303 4668 4689 4754 6394 6888 6914 7052 7056 7233 7723 7768 7826 7976
2298 33 226 369 697 1408 1687 2672 3508 3568 4309 4508 5763 6272 6305 6492 7846 7859
2299 57 118 228 433 521 1294 1593 1757 1998 2090 2422 2570 3383 3396 3414 3990 4150 4643 4691 4774 6045 6679 6835 7145 7427 7558 7875
2300 432 456 468 1084 1296 1406 2478 2503 2792 2811 4401 4634 4970 4988 5214 5348 6408 6743 7193 7286 7343
2301 110 958 1272 1997 2911 3961 4673 4736 4867 5084 5121 5446 5589
2302 635 671 1047 1236 1658 1675 2066 2222 2792 3002 3209 3237 3271 3479 3487 3518 3691 4023 4039 4397 4769 4952 5145 6826 7039 7073 7182 7450 7808 7941 7996
2303 980 1695 1932 2120 3270 4219 4331 4364 4471 5224 5237 5580 5701 5847 6017 7610 7979
2304 993 1284 1349 1669 1672 2968 3464 3794 3958 4803 5373 6048 6135 6214 6412 6620 7652 7865
2305 15 727 1847 2351 3362 4711 4735 5517 5519 5771 5801 6074 6119 6435 6813 7630 7746
2306 576 1733 1786 2555 2675 2787 3131 4218 5354 5615 6292 6364 6744 6839 6954 7022
2307 245 396 603 1449 1715 2565 2901 3545 3561 3626 4244 4965 5823 6382 6504 6873 7277
2308 9 90 472 505 674 872 897 2594 2785 2984 3273 4140 4218 4280 4615 5048 5850 6229 6353 7122 7299 7848 7997
2309 11 178 195 839 1217 1251 1438 1612 1705 2060 2119 2453 2599 2757 2843 4307 4409 4819 5037 5811 6358 6471 6651 6652
2310 99 1604 1810 1918 2015 2036 2331 2353 2671 3291 4041 4803 5038 5368 6249 6819 6941 7096 7970
2311 775 803 2080 2735 2972 3071 3279 3654 3737 4004 4758 5116 5125 5278 5323 6238 6663 6924 7989
2312 395 1319 1440 2056 2641 3350 5275 6511 7228 7258 7352 7676 7679 7987
2313 624 1236 2006 2045 2796 2851 3104 3110 3211 3622 5909 6113 6184 6239 6396 6508 7284 7520 7831 7934
2314 384 762 810 886 1417 1665 1930 2261 2628 2639 2842 3461 3535 4637 5147 5577 5839 5967 6173 6399 7265 7420 7605 7609 7821
2315 61 112 220 432 627 874 2362 2501 3075 3549 3643 4197 4220 5116 5213 5481 5962 6308 7002 7473 7478
2316 628 793 798 1438 1640 1829 2195 2474 2576 2590 2606 3291 4222 4630 4857 5982 5995 6204 7047 7155 7374 7707 7858
2317 1104 1228 1879 2106 3310 3828 3831 3853 4181 4310 4461 5480 5990 6524 6754 6848 7783
2318 259 387 1650 1695 1712 1767 2613 2897 3095 3303 3307 3550 3669 4105 4316 4318 4462 4841 5357 5371 5418 6215 7083 7727 7766 7831
2319 1645 1676 2371 2415 2993 3430 4368 4629 5897 6117 6426 6432 6444 6794 7315 7342 7498 7619 7989
2320 37 110 1387 1983 2126 2195 2347 2588 2707 2790 3942 4154 5481 5844 6522 6863 7236
2321 955 1909 1927 1955 2280 2354 2537 3199 3695 3841 4219 4543 5030 5732 7601 7654
2322 318 329 392 530 1977 3522 3538 4121 4514 5009 5508 6004 6064 6299 6349 6359 6638 6661 7199 7209 7801
2323 115 642 905 1190 1756 2233 3136 3368 4009 4182 4243 5324 6046 7252
2324 94 468 803 1253 1312 1355 2033 2168 2208 2404 2581 3047 3327 3672 3692 4230 5529 5548 5999 6471
2325 10 553 1890 2401 2671 2761 3894 3968 4100 5182 5372 6685 6887 6900 7799 7812
2326 162 300 585 1305 1510 2217 2850 2956 2962 3192 3296 3361 4621 4725 4850 4952 5085 5226 5845 5947 6046 6055 6092
2327 173 319 322 1090 1482 1963 2152 2564 3024 3162 3927 4429 4641 4878 4981 5822 6365 6527 6801 6879 6930 7020 7862
2328 276 319 936 1123 1581 2100 2279 2771 3972 4971 7076 7387 7535 7570
2329 1546 1629 1640 1944 2019 2468 2509 3360 3365 3666 3709 3784 3900 4514 5158 5688 6635 6900 7013 7138 7862 7888
2330 323 1195 1247 1780 2194 2647 2722 2763 2983 3324 3610 3846 5376 5378 5678 5717 5926 6065 6374 6892 7232 7361 7534 7712 7895
2331 694 1117 1285 1794 1957 2179 2310 2556 3268 3575 3693 3836 4157 4250 4793 5489 5847 5885 5923 6138 6185 6420 6481 6575 6635 6948
2332 3069 3533 3543 3878 4081 4217 4955 4969 6421 6599 7087 7412 7566
2333 157 323 421 801 967 2351 2538 3045 3295 3527 3589 4045 4187 4725 5266 5645 5705 5846 7180 7257
2334 724 909 2449 2624 2750 2881 3094 3115 3128 3134 3225 3541 3691 3695 5257 6331 6533 6686 6758 6787 6875 7408 7862
2335 70 129 812 869 1218 1791 1902 2714 3262 3347 3730 4166 4175 5550
2336 586 768 810 1163 1277 1498 1609 2913 3160 3830 3957 4633 5160 5647 5679 5844 6157 6304 6361 6939 6999 7005 7412 7899
2337 152 763 814 1217 1388 2449 2501 2694 2750 2797 4097 4649 4680 4747 5503 5757 5814 5903 5968 6510 6598 6967 7113
2338 15 1102 1289 1488 1552 2293 2452 2646 2827 3017 3682 4703 4874 5421 6067 6261 6265 7512
2339 2026 2289 2439 4266 4898 5255 5801 5980 6684 6813 7497 7794 7836
2340 204 335 1240 1360 1822 2457 3764 4971 5466 5630 5683 6361 7529 7938
2341 576 983 1047 2274 2351 2539 2657 2996 3534 3642 4430 4485 5002 5550 5615 5955 6178 6586 7548 7674
2342 1244 1627 1739 1790 2125 2459 2677 2759 2929 4207 4363 5180 5819 5968 6132 6842 7201 7249 7566
2343 425 926 1089 1515 1745 1811 2027 2135 3277 3516 3546 3972 4031 4317 4374 4505 4792 5178 5278 5345 7202 7261 7835
2344 39 502 787 1175 1716 2207 2607 2989 4213 4505 5661 6129 6787 6898 7419 7550
2345 512 677 971 1421 1713 1730 2733 3077 3258 3361 3416 3763 3815 4316 4485 5491 5542 5754 6163 6597 7234 7457
2346 1073 1272 1622 1900 2633 2982 3548 3586 4034 4463 5045 5688 5812 6447 7414 7709 7844 7947
2347 440 910 1060 1182 1205 1465 1585 2320 2635 3209 5080 5552 5640 6090 6172 6356 6566 6605 6968 7421 7870
2348 62 425 802 1928 2662 2769 2796 3040 3066 4031 4040 4276 4408 5138 5337 5413 7148 7198 7661
2349 812 945 1866 1879 1978 2544 4107 4571 4790 5136 5825 6361 6720 6985 7123
2350 24 25 630 1088 1891 1937 3267 3691 4142 5141 6199 6520 6850 6879 7161 7621 7933 7941
2351 541 586 1228 1601 1860 2146 2305 2333 2341 2554 3350 3615 4607 4732 5597 5791 6451 7115 7569
2352 166 287 955 1004 1179 2734 3237 3879 3880 3965 4360 4397 5021 5049 5379 5529 6317 6850 7053 7472
2353 11 35 237 757 1001 1570 1641 1725 1796 1816 2074 2310 2382 2487 2871 3651 3674 3711 4622 4788 5160 5213 6250 6510 6544 6739 6998 7370 7860
2354 173 1062 1527 1751 1865 1893 2032 2321 2590 2895 2938 4928 5610 5959 6088 6101 6432 6669 6696 6740 6769 6783 7184 7208 7436 7944
2355 29 1211 1469 3146 3383 3597 4592 5072 5139 5892 5939 5982 5986 6223 6230 7358 7512 7576 7886
2356 343 665 1438 1567 1907 2171 2246 2816 3120 3521 4264 4377 5220 5545 5703 5787 5808 5984 6429 6460 6656 7503
2357 353 963 1141 2161 2518 2913 3358 3567 3618 3870 3965 4012 4177 5162 5582 6153 6882 6986 7115 7314 7317 7914
2358 202 417 819 963 1350 1491 1950 3243 3255 3298 3339 3580 4073 4979 4984 5512 6665 7590
2359 316 357 603 691 695 1113 1693 1768 1783 2136 3386 3444 3504 4403 4914 5218 5233 6399 7998
2360 711 1242 1352 2419 2471 3020 3981 4057 4520 4893 5268 5323 5641 6236 6472 6688 6839 6961 7285 7627
2361 496 890 922 1089 1244 1251 1818 4028 4061 4200 5055 5266 5590 5625 6315 6458 6517 7120 7253 7728 7742 7943
2362 627 1072 1275 1690 2315 2387 3091 4663 5596 6543 6764 6829
2363 111 494 685 1904 1994 2236 2564 2891 3298 3782 5247 5384 5843 6405 7049 7230 7525
2364 249 407 420 745 883 1134 1865 1948 1999 2015 2192 3058 3306 3778 4140 4571 4869 5947 5948 6404 6452 6536 6642 6706 6773 6780 7000
2365 212 269 404 939 1819 2488 4516 5069 5324 5697 6154 6410 6904 7414 7610
2366 347 1278 1791 2900 3377 3851 3909 4266 4598 5683 5902 6241 6469 6546 7182 7424 7551 7951
2367 322 446 549 945 1005 1504 1514 1715 2982 3170 3210 3383 3492 3612 3636 3756 3761 4137 4157 4401 5242 5422 6259 6360 6679 6757 6974 7058 7075
2368 526 1168 1181 1485 2217 2272 2502 2674 2731 3082 3236 4480 5963 6384 6500 6790 7015 7555 7863
2369 62 1441 2436 2545 2576 3243 3925 4024 4444 4507 4730 7063 7245
2370 178 578 1195 1319 1423 1965 2603 2654 2829 3357 3813 3831 3982 4035 4143 4600 5040 5237 5371 5720 5951 5965 6311 7335 7803
2371 1141 2319 2541 3253 3409 3590 3711 4415 5016 5386 6383 6515 6563 6746 7403 7462 7848
2372 201 220 394 613 872 971 2536 2846 3061 3761 3880 3937 4346 4372 4384 4926 5140 5424 5466 5734 5880 6064 6387 6689 7323 7454
2373 446 708 1232 1280 1728 1990 3131 3274 3335 4012 4395 4509 5001 5418 5439 5471 5852 6268 6392 6659 6801 6810 7047 7465 7544 7556 7766 7983 7994
2374 138 196 449 1258 1725 3529 3662 3738 4034 4526 4568 4737 4861 5089 5759 5959 6721 6967 7424 7468 7476 7841
2375 58 355 752 1031 1313 1449 1515 1681 1964 2414 2950 2959 3050 3180 3986 4020 4448 5502 5522 5613 5841 5886 6016 6230 6403 6652 7028 7249 7607 7651
2376 95 141 211 246 383 469 716 1102 1397 1569 2453 2575 2729 3187 3228 4235 4641 5646 5650 5810 5827 6197 6495 6970 7799 7901
2377 80 191 238 383 966 1135 1505 2480 2961 2990 4172 4196 4299 4817 4836 5442 5517 6971 7007 7175 7235 7321 7505 7823 7956
2378 913 1063 1358 1736 1864 2432 3514 4073 4784 5544 6481 6752 7101
2379 364 411 1965 2091 2125 2152 2158 2862 3963 4045 4419 5430 5734 6543 6748 7852
2380 311 463 562 812 1096 1622 1691 1906 2137 2175 2277 3685 3914 4360 4571 4835 5243 6025 6215 6561 6850 6907 7346 7525 7648 7755 7806
2381 1174 1735 1841 2825 3599 4587 4685 5268 5547 6220 6474 6753 7256 7366 7367 7682 7757 7775
2382 348 1507 1760 1783 1954 2353 3022 3873 6072 6516 7148 7254 7423
2383 748 809 817 930 1607 1672 2200 2588 2622 3228 3391 4067 4140 4244 5106 5292 5347 6249 6993 7701 7925
2384 191 233 473 506 637 912 1147 1302 1466 1506 2086 2461 2976 3007 3284 3695 4304 4748 4926 5663 5784 6089 6200 6267 6307 6788 7748
2385 451 676 1094 1252 1582 1672 4544 4619 4645 4985 5994 6246 6370 7270 7534
2386 56 157 1792 2154 2724 2731 2783 3680 4075 4318 4932 6451 6554 6973
2387 48 427 456 615 1028 1768 1780 2362 2515 2582 2620 2734 2892 2957 3249 3493 4158 4611 5539 5576 5873 6188 7283 7340 7448 7562
2388 1068 1903 3458 3602 4441 5461 6749 7553 7753
2389 200 1237 1514 2523 3406 4084 4503 4908 5174 5209 5781 6166 6655 6902 7135 7311 7341 7564 7812 7907 7918
2390 7 39 353 454 1141 1210 1235 1406 1952 2405 3009 3291 5308 5885 6416 6788 7561
2391 150 194 499 624 668 1103 1297 1302 2048 2411 2626 2995 3233 3284 3326 3359 3570 3724 4099 4450 4921 5763 5815 6764 7524 7566 7572 7581 7905 7993
2392 1119 1120 1448 1731 1791 2276 3279 3371 4812 4982 5058 7277 7830
2393 648 2748 3364 3619 3638 3675 4546 4552 4590 5448 5651 5677 5698 5779 6135 6434 6636 6800 6921 6997 7888
2394 210 879 1266 3043 3693 3744 3880 4118 4455 4997 5294 5684 6371 6800 7063 7831
2395 315 688 1015 1707 2142 2847 3437 4148 4489 4738 5455 5851 6064 6432 6772 6782 7031 7058 7063 7090 7653 7947
2396 761 980 1183 2224 2472 2872 3594 4629 5469 5661 5689 5835 5903 6793
2397 16 2006 2404 2871 2934 3607 3655 4053 4270 4275 4440 6303 7574 7624 7797
2398 94 148 171 216 489 980 1134 2225 2480 2578 2955 3413 3575 3880 5108 5121 5531 5607 5640 5747 6060 6563 6895 7308 7526 7991
2399 632 1538 2485 2618 2673 2835 3134 3400 3974 4122 4633 4831 5504 5827 6490 6606 6674 7337 7341 7773 7978
2400 792 1132 1156 1757 1938 1989 2024 2622 2847 3095 3145 3295 3539 4678 5356 5370 5386 5551 6099 6123 6845 7112 7216 7993
2401 1068 1169 1365 2325 2419 2508 2560 2883 2933 4264 4379 4448 4526 5700 6492 6661 6894 7322 7585 7695
2402 300 379 583 1253 1618 2807 3932 4258 4494 4578 4621 4991 5117 6218 7013
2403 126 480 1130 1549 2041 3537 3718 4055 4131 5091 5634 5742 6635 7309 7696 7827
2404 2324 2397 3230 3588 4274 4326 4665 5417 5538 5837 7014 7448 7465
2405 385 1002 1702 2272 2390 3094 3525 3568 4239 4397 4450 4725 4796 5029 5076 5310 5907 6197 6200 6520 6596 6636 7067 7167 7389 7628 7754 7858 7867
2406 1105 1595 1620 1712 2196 3340 3830 4206 5122 5593 5661 6079 6650 6721 7535 7752 7782
2407 64 619 1105 1317 1987 3177 3257 3574 3963 4277 4426 4699 4794 5036 5486 5531 5670 6904 7498 7688
2408 291 326 558 1268 1450 1457 2699 3002 3100 3145 3383 4480 5519 5742 5933 5938 6195 6513 6856 6889
2409 84 538 994 1033 2278 2621 2898 3356 5080 5295 5519 6082 6252 7205 7852
2410 154 205 588 1173 1679 1975 2043 3166 3394 3955 4009 4278 4597 5450 5729 5942 6279 6591 6981 7247 7331
2411 49 316 1306 1438 1585 1613 1913 2391 3277 3422 3744 4147 5134 5176 5180 5562 6424 6641 6666 6751 6848 7907
2412 229 701 911 1116 1298 1671 2918 2932 3958 4330 4838 5125 5147 5440 5509 5873 6992
2413 38 121 165 377 600 1488 1514 1912 2118 4842 4858 4950 4976 5263 5582 6211 6889 7187 7216 7274 7424
2414 484 587 1064 1299 2103 2209 2241 2268 2375 2441 2816 2891 3350 3449 3918 3955 4030 4140 4172 4263 4377 4771 4978 5404 5642 5787 5983 6021 6608 6735 7849
2415 402 620 1498 1757 1909 2204 2319 2493 2505 2557 2980 2994 3912 4912 5791 5979 6814 7812
2416 74 140 1085 1557 1696 2065 2518 3143 4322 4363 4686 5214 5255 5273 5321 6273 6589 7041 7295 7955
2417 261 285 718 835 1184 1340 1904 2837 2876 3134 3193 3380 3641 4126 5221 5450 5496 5674 6520 6988 7999
2418 197 484 1158 1828 2119 2814 3121 3189 3194 3243 3598 4067 4419 4752 4756 4881 4934 5051 5166 5275 5532 6156 6160 6787 7783
2419 289 363 432 658 757 1296 1493 2360 2401 2668 2675 2730 4473 4740 4820 4837 4983 5597 6112 6144
2420 105 405 550 729 1188 1682 1815 2038 3044 3045 3282 3864 4480 4486 4648 4977 5025 5424 6217 6257 6959 6982
2421 105 423 746 1355 1550 1929 2981 2995 3871 4323 4603 4707 5206 5424 5834 6391 6910 6947 7050 7278
2422 274 1514 1785 2116 2153 2282 2299 2855 2993 3300 3348 3831 4266 4308 5394 6004 6006 6066 6169 7246 7571
2423 381 589 623 1315 1609 1778 3542 3779 3942 3999 5003 5014 6551
2424 230 475 659 938 1091 2163 2812 3152 3155 3732 3734 3893 4174 4184 4330 4553 6703 6857 6898 7744 7787 7954
2425 165 1018 1128 2688 3304 3715 4112 5001 5088 5099 5865 6304 7230 7266 7786
2426 828 1390 1413 1629 1638 1765 2006 2170 2209 2212 3356 4008 4367 4458 4560 4938 5006 5051 5554 6823 7159 7832
2427 524 1916 2432 3156 3309 3572 3873 3888 3911 5007 5161 6960 7231 7297 7521 7634 7998
2428 165 521 918 3408 3986 4614 4775 5407 5654 5978 6192 6210 6831 7709 7794
2429 28 234 315 482 821 858 917 994 2286 3111 3247 3419 3737 3776 3962 4421 4839 5215 5309 5361 5698 5913 6319 6380 6969 7325 7370 7829 7845 7852
2430 301 579 828 1087 1128 1297 1581 1881 1896 3217 3557 3623 3941 4252 5311 6763 7265 7553
2431 43 2592 2617 2704 2790 3095 4593 4932 5109 5395 6148 6155 7015 7653
2432 246 608 1150 1198 1411 1429 1562 1595 2378 2427 2454 2633 2679 2684 3016 3521 3614 4060 4201 4475 5208 5508 5838 6306 6634 6912 7393 7611 7750
2433 26 296 2284 2859 3315 4179 4470 4521 5631 5784 5909 6183
2434 2253 2601 3367 3543 3710 4201 4460 4529 4632 4803 4917 5704 6246 6269 6414 6756 6990 7096 7759 7883
2435 145 500 1021 1239 1584 1817 3076 3563 4886 5169 5564 6873 7011 7290 7586 7677 7814
2436 804 1112 1296 1364 1947 2186 2369 2646 2774 3903 4357 4772 5807 5989 6079 7829 7882 7904
2437 126 275 838 1995 2263 2767 3068 3089 3108 3214 3334 3917 4332 4356 4474 5370 5859 5949 6252 6333 7295 7363 7597 7692 7946 7972
2438 1744 2681 3353 5051 7587 7598 7603
2439 1056 1578 1927 2246 2339 2681 2972 3650 4626 4744 4822 5630 6393 6627 7035 7568 7922
2440 142 310 1074 1226 2466 2701 3012 3083 3301 4016 4224 4804 6491 6996 7040 7193 7747 7956
2441 166 405 466 953 2414 3269 3521 3674 3697 3874 3894 4351 5052 5702 5984 6258 6533 6571
2442 371 1055 1341 1361 2055 2459 2707 3444 4053 4172 4457 4786 5645 6091 6354 6367 6543 6718 6872 6892 7050 7586 7892
2443 371 924 1156 1731 1785 2624 3643 3902 4268 4747 5003 5405 6882
2444 68 150 160 323 407 707 878 1201 1544 1947 2055 2179 2497 2503 2520 2593 2905 3815 4804 5359 5621 6986 7177 7466 7485
2445 1457 1809 2222 2524 2737 3091 3117 3171 3369 3805 3912 4491 4585 6290 6397 6693 6785 7077 7327 7686 7900
2446 428 653 1335 1552 1667 2770 3008 3059 3619 4227 4264 5285 5512 6079 6406 7109 7687 7711
2447 380 1107 1619 1639 1875 2118 4445 5089 5199 5718 5754 5876 5908 6451
2448 103 1452 2246 2504 2862 3374 3414 3734 3987 4092 4766 4775 5124 5735 5784 6532 7214
2449 43 120 514 925 1001 1576 1956 2334 2337 3394 3457 3821 6731 7178 7181 7194
2450 742 825 856 1394 1451 2074 2082 2899 2979 3701 4038 4692 4967 5087 5127 6105 6573 7298 7415
2451 108 262 408 504 870 1111 2034 2559 2662 2747 2919 2973 3171 3257 4404 5921 6026 6145 6323 6445 7110 7498 7575 7762
2452 865 1135 1473 1618 2210 2338 2692 3111 3150 3299 3358 3440 3711 3716 4153 4757 5018 5092 5121 5446 5656 6378 6411 6424 7366 7548 7615
2453 149 319 584 601 917 1194 1441 1447 2309 2376 2889 2948 3166 3196 3454 3522 3892 3928 4676 5788 6109 6315 6543 6552 6850 7465
2454 459 582 909 1405 1965 2432 2713 3110 3754 3909 4545 4929 5169 6038 6957 7130 7136 7244 7955
2455 429 559 1254 1336 1381 1909 2257 2868 2885 4057 4086 4849 5002 5619 6525 7013 7171 7631 7913 7953
2456 702 1597 1746 1750 2260 2623 2641 2659 2894 3069 3799 5460 6197 7770 7997
2457 396 560 1653 2340 3479 3728 4020 4806 5218 5766 6620 6931 7004 7073 7499 7651 7736 7878
2458 31 176 208 1849 2040 2876 2891 3919 5030 5365 5404 5511 5588 5919 6510 6982 7200 7216 7488 7599
2459 313 822 1597 1852 2142 2342 2442 3102 4125 4249 5075 5586 5825 5924 6063 6122 6600 6766 7259 7676 7845
2460 306 415 1334 1530 1590 2577 3128 3536 3887 4293 4876 4927 5265 6650 7554 7649 7943
2461 1023 1947 1970 2021 2384 2480 2941 3135 3358 3435 3514 3638 4186 4548 4604 5094 6552 6692 6970 7365 7378 7457 7937
2462 235 626 673 1119 1277 1675 1701 1976 3122 3800 4125 4326 4971 5443 5499 5872 6131 6158 6433 6716 6758 7291 7409 7573 7789 7812
2463 7 2012 2567 2983 4323 5270 6490 6709 6787 7334 7382 7679 7707 7761
2464 261 602 652 1238 1350 1546 1874 2010 2886 3836 3865 5204 5253 5513 5696 6229 6273 6317 6358 6567 7476 7517 7631
2465 455 680 1083 1135 1917 1948 4757 4767 4791 4805 6303 6866
2466 442 854 956 1161 1170 1669 2029 2440 2543 2928 3179 3429 3678 4640 4758 5472 5846 6372 6789 7640 7719 7724 7738
2467 386 558 1225 3227 3942 4007 4452 4536 4605 4952 4955 5703 5901 5929 6238 6325 6357 6862 7155 7593 7719
2468 303 908 1123 1450 1547 1750 1816 1889 2329 3038 3436 3696 4090 4941 5133 5459 6080 6478 7072 7489 7569 7995
2469 960 1430 1627 1866 2046 3146 3316 6153 6164 6885 7075
2470 194 470 712 1030 2270 2572 2897 3210 3503 4200 5251 5607 5665 6098 6406 6547 6654 6721 6722 7163 7565 7803
2471 248 555 1122 2360 3254 3577 3685 5200 5270 5966 6308 6956 7379 7544 7639
2472 74 995 1391 1977 2010 2396 3147 3166 3244 3920 4019 4024 4227 4252 4509 5763 5991 6146 6314 6932 7042 7856
2473 1971 2074 2121 2181 2885 3154 3308 3390 3940 4248 4257 4382 4472 4523 4658 4661 4676 4840 5087 5090 5182 6314 6652 6698 6719 6832 7361 7435 7698 7834 7917
2474 353 595 618 1142 1438 2290 2316 2693 4411 4671 5142 5388 5424 5818 6214 6747 6891 7169 7524
2475 83 234 385 1858 1930 2126 2858 3775 4623 4881 5609 6774 7389 7648
2476 126 676 703 800 1426 1718 1825 2011 2723 2836 3134 3291 3599 4042 4465 4774 5928 6332 6657 7738
2477 580 950 971 1541 1547 1596 2142 2617 2632 2830 3350 3934 4050 5770 5922 5940 5969 6018 6127 6506 6729 7011 7410 7774 7781 7807
2478 465 607 987 1042 1249 1262 1434 2080 2093 2197 2300 3152 3405 3813 4205 4676 4767 4874 4993 5416 5507 5651 6591 6833 6919 6926 7208 7502
2479 465 502 929 932 955 1100 2971 3216 3482 3825 3943 4056 4398 6991
2480 116 367 795 846 854 1366 1733 1967 2287 2377 2398 2461 2741 2926 3463 3594 4483 4485 4866 5212 5359 5617 6335 6656 6703 7928
2481 1263 1527 2736 3152 3273 3525 4210 4389 6999 7098 7244 7550 7927
2482 387 1113 1627 3414 3696 5156 5560 5803 6764 7011 7091 7744 7875
2483 72 239 1051 1605 2653 2696 3254 3384 3585 3713 3993 4266 4383 4500 5102 6032 6335 6689 7074 7410 7465 7472
2484 416 435 496 716 772 844 1007 1073 1163 1207 1683 1703 2632 2753 2978 3464 3713 3841 3958 5109 5147 5692 6199 6321 6648 6792 6807 6835 7799
2485 208 720 766 1757 1798 2399 3109 3327 3526 5335 5403 6274 7040 7549
2486 232 1345 1367 1548 1664 3325 4294 4939 5923 6039 6087 6247 6551 6647 7383 7814
2487 1158 2295 2353 3204 3634 3995 4045 4164 4545 4598 4743 4797 5715 6996 7328 7754
2488 101 197 634 670 854 863 1128 1223 1648 1939 2156 2218 2230 2365 2983 4345 5601 6479 6744 7063 7743 7914
2489 452 808 838 990 1306 1971 2134 2149 2545 2585 2937 3260 3855 4957 4965 5755 5778 6890 7175 7428 7506 7692
2490 261 287 612 1155 1700 1987 2183 3054 3342 3738 4254 4377 5090 5730 6386 6633 6669 6796 7014 7410 7519 7890
2491 217 513 1774 1874 2699 2907 2953 3496 3881 4106 4586 4926 5066 5219 5909 5918 6052 6279 7074 7250 7383 7393 7697 7971
2492 597 1452 2652 2665 3219 3649 3697 3919 4042 4426 5164 5180 5492 6405 6506 6726 7663 7752 7847
2493 328 436 843 1507 1978 2212 2415 2571 2819 2864 3498 4365 5055 5103 6036 6201 6412 6415 6544 7133 7188 7734 7838 7948
2494 997 1170 1293 2581 2729 3851 4276 4496 4905 5473 6439 6860 7505 7815
2495 138 465 1218 1642 2019 2104 2596 2602 3086 3428 3454 4225 5247 5513 5581 5643 5739 5975 6473 6535 7250
2496 250 513 1136 1635 1704 2141 5252 5774 6051 6554 6830 7181 7456 7584
2497 1367 1427 2250 2444 2525 3040 3286 3337 4886 4959 5307 5321 5920
2498 350 581 704 737 1110 1577 2592 3046 3584 3694 3848 4416 5131 5399 5502 5889 6303 6635 6877 7025 7315 7358 7751
2499 517 1908 1911 2591 3704 4524 5062 5074 5692 6098 6377 6392 6429 6493 6585 6854 6868 7245 7400
2500 205 859 1121 2239 2627 3037 3184 3931 4481 4685 5923 6659 6723 7070 7623 7824
2501 5 285 301 491 731 958 1816 2315 2337 2831 3007 3372 3382 3698 3748 4322 4397 4713 5759 6421 7079 7637
2502 316 489 635 1526 2043 2164 2198 2229 2368 3117 3128 3142 3638 3858 4145 4464 4494 4756 5890 6406 6630 6662 6823 7042 7180 7562
2503 12 534 1265 1812 2176 2300 2444 3153 3301 3743 3751 3795 3901 3972 4039 4104 4476 5216 5320 5725 6252 6578 6783 7530 7862
2504 351 612 780 798 1634 1748 1874 2178 2240 2448 2556 3179 4526 4944 5545 5609 5732 6858 7856
2505 345 857 1033 1055 1838 2032 2294 2415 3682 4318 4771 5600 5619 5867 5904 6092 6673 7084 7165 7452
2506 417 1287 1398 1656 2023 2534 3029 3327 4595 5156 5306 5584 6612 7050 7229 7789 7854 7883 7912 7961
2507 1079 1169 1585 1723 3309 3392 3961 4392 4475 5418 5640 5947 6195 6236 6452 6909 6912 7023 7789
2508 1140 1380 2401 2609 2805 3981 4444 4742 4974 5652 5957 6368 7117 7255 7385 7482 7579
2509 1777 1998 2329 3536 3677 6164 6654 6736 7361 7550 7588
2510 402 756 1423 1875 2086 2514 3803 4029 4856 6016 6429 6663 7144
2511 108 156 1535 1881 1906 1912 2024 2744 3318 3359 4786 4956 4999 5171 5452 5569 6728 7060 7866
2512 509 686 698 966 1378 1604 2017 2028 2180 2989 3217 3444 3513 3930 4235 4751 5576 5587 6478 6989 7005 7028 7468
2513 81 102 179 736 739 796 934 1381 2582 2708 3069 3441 3883 3970 4029 4276 4476 4792 5738 5803 6037 6331 6758 6955 7810
2514 472 714 1175 2510 3039 4043 4643 5080 5766 6442 6612 7976
2515 187 465 556 1012 1311 1649 1761 1801 2387 2561 2667 3109 3564 3628 4255 4945 5157 5623 5908 5924 6007 6561 7076 7204 7794
2516 116 403 484 563 676 933 1767 1807 2042 2055 2771 3141 3507 3890 4004 4009 4015 4052 4731 4908 6737 6855 7598 7880
2517 60 386 483 529 698 1164 1663 3003 3517 3684 3859 4765 5085 6121 6720 7307 7486 7605 7932
2518 120 461 617 986 1001 1054 1511 1678 2029 2357 2416 3503 3713 3716 4290 4342 4600 5041 6569 6923 7565 7938
2519 493 3170 3253 3268 3346 3913 4134 4693 4971 5239 5620 6238 6449 6456 6561 7760
2520 39 195 1081 1141 1736 1950 2259 2444 2617 2662 2869 2990 4335 4437 4691 5540 6086 6492 6899 6973 7386
2521 21 868 937 1239 1376 1980 2042 3893 4161 4215 4609 4782 4787 5132 5333 6112 6551 7200 7643
2522 217 628 856 1142 1396 2639 4038 4757 4825 4998 5304 5474 5751 5877 6101 6495 7273 7728
2523 147 363 863 2092 2389 2690 3641 4135 4252 4453 5558 5644 5948 6052 6237 6318 7039 7355
2524 165 792 1253 2445 3462 3920 4534 4679 5175 5242 5579 5805 5835 5894 6095 6514 7490
2525 198 694 765 1453 2210 2497 3223 3455 3523 3706 3707 3997 4079 5032 5409 6361 6644 6692 6908 7101 7336
2526 157 509 738 835 855 904 1102 1110 1477 1774 3146 3299 4181 4182 4414 5015 5263 5534 6123 6206 6490 6760 6840 7865
2527 148 988 1726 2069 2145 2563 3116 3132 4105 4978 5402 6598 6920 7630
2528 1285 1306 1509 1578 1861 2132 3426 3563 3603 3776 4352 4663 4953 5257 5436 6603 6713 6817 6984 7116 7333
2529 120 274 569 674 1618 1639 3265 3417 3795 4638 4658 4706 5014 5059 5068 5669 6239 6284 7787
2530 916 1482 1547 2124 3192 4141 4184 4648 5504 5686 6292 6330 6792 6870 6903 6910 7359
2531 66 272 627 1256 1284 1645 1923 2640 2967 3011 3482 3687 3717 4066 4181 4215 4436 4844 5972 6281 6703 7057 7222 7718
2532 546 1158 1351 2855 3400 3512 3523 3973 4122 4160 4338 4375 4761 5728 6385 7105 7742
2533 63 105 380 1824 1871 2751 3440 4738 5448 5526 6124 6200 6258 6471 7644
2534 70 290 1441 1631 1735 2506 3025 3700 3931 4741 4923 5091 5821 6332 6392 6831 7240 7360
2535 154 186 836 1411 2241 3270 3513 3548 4123 4538 5238 5594 6228 6355 6619 6954 7985
2536 439 844 1014 1015 1382 1554 1793 2014 2372 3457 3522 3532 3840 3970 4011 4279 4638 5062 5401 5642 5812 5862 6349 6920 7570 7995
2537 66 89 430 2154 2321 2566 3076 3551 3658 4489 4788 5008 5208 5516 5790 7854
2538 27 186 691 1083 1600 1828 2221 2333 2795 3197 4093 4807 4851 5420 5824 6095 6932 7011 7270 7818 7852
2539 80 267 1192 1243 2022 2341 2771 2780 3708 4188 4466 4864 5458 6003 6193 6548 6723 7614 7886
2540 43 985 1073 1155 1382 1467 1771 1859 2049 2598 2960 3295 3521 3889 4399 4532 4611 5868 6397 6882 6890 7923 7962
2541 313 416 1310 1642 1918 2371 2582 3150 3725 4192 4357 4497 4787 4814 4994 5053 5269 5404 5555 5627 5984 6481 6896 7047
2542 177 558 709 1329 1346 3073 3814 4684 4908 4910 5365 5627 6302 6501 6645 7398 7963
2543 781 1913 2466 3322 3384 3567 3611 4392 4511 4594 5123 5469 5675 5711 5957 7363 7374 7375 7905
2544 122 660 838 1191 1806 2054 2349 2975 4066 4295 7862 7873 7946 7953
2545 277 652 899 2369 2489 3205 3755 4323 4375 4868 5187 5258 5579 5705 5955 6263 6502 6848 7147 7157 7633
2546 78 291 512 616 3021 3437 4278 4591 4600 5263 5817 6315 6616 6660 6688 7050 7471 7900
2547 117 582 890 1202 1250 1613 1690 2723 3077 5000 5104 5587 5800 7051 7467
2548 301 1140 1381 1525 1588 1744 1965 2856 3637 4249 4384 4539 4578 4860 5339 5776 6101 6423 6513 6677 6832 6902 7367 7593 7605 7669 7865 7871
2549 717 760 1245 2260 3107 3826 3944 4405 4484 4845 4858 5006 5606 5936 7651 7726
2550 348 802 1820 2015 2112 3436 3517 4865 4997 5843 6539 6834 6953 7018 7285 7536 7795 7912
2551 570 615 705 1149 1497 2833 2864 3514 4292 4452 4662 4666 5358 5976 6588 6802 7053 7508
2552 874 1054 1226 1455 1616 1906 2769 3095 3298 3332 3510 3571 4134 4328 5897 6941
2553 478 724 849 895 1359 1596 3780 3836 3863 3877 3931 3943 4638 4985 5604 5885 6648 6657 7351 7605
2554 595 803 1568 1835 2163 2351 3007 3162 3228 3412 3914 3961 4035 4943 5967 6084 6273 7015 7128 7589 7728 7740
2555 14 116 183 580 745 1895 2135 2306 3060 3083 3459 3866 4485 4498 5408 5601 5736 6781 7359 7396 7703 7749 7757
2556 1099 2016 2064 2331 2504 2729 3109 3465 3466 3955 4082 4251 4476 5145 5191 5611 6529 7310
2557 581 1231 1647 1719 2415 2678 2741 2956 3947 4214 4508 5222 5304 5653 5715 5737 5794 6308 6591 7700
2558 1002 1145 2623 2832 3022 3213 3834 5391 5451 5762 5797 6056 6123 6209 6748 7603 7884
2559 655 923 1762 1850 1957 2226 2265 2451 2595 2767 2795 3363 3418 3511 3855 4809 5028 5157 5234 5352 5499 5841 5915 6182 6509 7254 7435
2560 490 527 530 727 949 1035 1302 2052 2401 2881 3077 3432 3655 4355 4691 4934 5028 5042 5337 5487 5505 5988 7184 7761
2561 111 621 1053 1274 1523 1675 1812 2515 3021 3192 3274 3724 3737 3887 4264 4311 4372 4500 4853 5503 5844 5862 6075 7048
2562 34 68 487 3045 4108 4616 4702 4900 5847 5927 6566 6741 7182
2563 66 136 388 779 1364 1524 1548 2527 2732 3234 3373 4466 4896 5154 5338 5804 5824 6082 7899
2564 61 1701 1953 2327 2363 3127 3204 3497 3568 3924 4363 4793 6036 6056 6303 7027 7320
2565 572 627 854 984 989 1379 2307 3115 3908 5066 5224 5418 5888 7080 7169 7463
2566 123 620 827 861 1713 2537 2821 4102 4715 4909 5343 5472 5780 5866 6048 6168 6284 6445 7720 7889
2567 128 286 2463 3038 3197 3606 3745 3860 4547 4825 5556 5653 5868 6217 6875 6975 7493 7529 7691 7692 7994
2568 317 475 743 865 1503 1641 1928 1979 2043 2246 2276 4257 4313 4346 5395 5711 5740 6214 6846 7085 7518 7526 7977
2569 318 1053 1274 1384 1802 2093 2803 3702 3892 4094 6750 6797 7827
2570 973 1136 1394 1861 2026 2299 2811 2861 2969 4181 4600 5971 6352 6639 7146 7336 7723
2571 263 1191 1548 1928 2192 2493 2661 3123 4325 4762 5446 5452 5873 5946 6075 6381 6999
2572 232 730 866 1137 1616 1772 1830 2470 2891 3071 3661 5158 5425 5808 5815 5927 6589 7075 7390 7860 7897
2573 157 583 708 1105 1510 2125 2217 3013 3117 3448 5024 5647 5738 5843 6302 6688 6869 7758
2574 286 667 1337 1596 2660 2750 2820 2847 2920 3015 3588 3629 4115 4663 4771 4934 5413 5639 5952 6260 6343 7095 7169 7482
2575 697 855 1189 2084 2109 2376 3120 3156 3322 3426 3665 4758 5112 6176 6368 6521 6855 7562 7796
2576 313 433 437 688 781 869 980 1901 2316 2369 2660 2661 3041 3095 3169 3217 3731 3972 4029 4156 4549 4555 5114 5150 6129 6616 7092 7172 7871
2577 734 1381 1621 1760 2016 2460 3146 3345 3686 5143 5262 5316 5851 6380 6653 6661 6919 6999
2578 89 172 1167 1677 1702 2256 2260 2398 2668 3273 3441 3822 3847 3909 4761 5181 5488 5512 5817 6057 6900 7429 7489
2579 328 499 706 873 1415 1664 3248 3336 3542 3659 4588 4767 4852 6161 6716 7499 7866
2580 368 583 632 2066 2720 3966 4739 5052 5122 6062 6223 6366 6421 6510 6527 7211 7842 7904
2581 545 1144 1580 1633 1979 2219 2324 2494 2744 2930 2959 3552 3689 4177 5624 6253 6899 7140 7203 7531
2582 622 732 760 1572 2387 2513 2541 2618 2782 4204 4557 4842 5305 5999 7887 7932
2583 594 757 1368 1460 1884 2719 2915 3761 4263 4318 4417 4798 4810 5427 5627 5767 5810 6100 7060 7191 7379 7382
2584 181 189 1023 1071 2050 3348 4335 5072 5580 6118 6676 6996 7160 7194 7287 7530 7852
2585 110 1106 2138 2283 2489 2669 3108 3608 3616 4785 5084 5834 6179 6509 7979
2586 71 374 1326 1520 1914 2223 2657 2707 2925 4491 4880 4950 5978 6007 6173 6735 7086 7518 7754 7786
2587 387 697 892 971 1199 1668 2743 3080 3297 3381 3644 4405 4418 5596 5778 5807 6169 6213 6761 7162 7752
2588 102 1096 1162 1662 1863 2320 2383 2845 3494 4115 4478 6045 6093 6164 7954
2589 25 1195 1650 1855 2879 3308 3989 4256 4584 4821 5026 5131 6377 6535 7172 7261 7592 7903 7981
2590 247 649 872 1011 1213 1700 2229 2316 2354 3874 3911 4104 4156 5094 5408 5642 6442 6464 7905
2591 299 533 814 904 981 1976 2038 2499 3103 3237 3274 3803 3894 4005 4267 4436 4480 4546 5425 5503 5842 5945 7402 7571
2592 481 528 737 1519 1964 2213 2431 2498 2971 3114 3909 4158 4192 4577 4591 5226 5297 5685 6010 6201 6620 7964
2593 1713 2187 2444 2927 3177 3185 3721 4544 4579 4836 5148 5280 5360 6111 6286 6457 7146
2594 400 547 1740 2308 3160 3973 4756 4834 5596 5645 5723 6615
2595 29 91 507 662 1644 1713 1962 2559 2749 2949 3496 3611 4178 4308 4440 5302 6330 7387 7420 7595 7617 7625 7862
2596 310 367 619 940 976 1145 2105 2129 2495 3047 3066 4251 4507 4789 4801 5221 5282 5527 5659 5862 6684 7150 7388 7599 7934 7935
2597 16 390 849 970 1549 3018 3345 3550 3672 3966 4013 4835 5047 5952 6236
2598 831 1080 1426 1991 2277 2284 2540 2829 3212 4655 5186 5285 6384 6624 6839 6926 7095 7185 7254
2599 63 775 818 841 2037 2245 2309 2643 2872 3101 3503 3581 3722 3929 4162 4654 4985 5134 5166 5870 5928 6035 6098 6112 6189 6222 6306 6711 6915 6959 7051 7271 7484 7793
2600 149 392 394 1771 2160 2738 3197 4201 5218 6282 6612 6653
2601 168 679 1183 1251 1330 2434 2642 4052 4197 4267 4285 4520 4840 5919 6319 6356 7709 7736 7878 7997
2602 1327 1341 1685 2495 2686 2846 3019 3523 4096 4618 4950 5304 5391 5552 6852 7586 7680 7868
2603 247 1826 2135 2161 2370 3310 3900 4420 4457 4711 4921 5419 5575 5814 7138 7337 7674 7889
2604 360 589 998 1070 1183 1394 1471 2069 3295 3471 3684 4123 4209 4454 5163 5191 5525
2605 342 866 1605 1898 1903 2156 2203 2663 3004 3048 4234 4402 4409 4656 4863 5431 5781 6520 6640 7683
2606 211 486 1876 2078 2316 3383 3494 3697 3793 3934 4108 4414 4638 5831 5833 5904 6000 6076 6090 6387 6595 6690 7008 7551
2607 2344 2835 2922 3786 3835 3920 4599 5406 5997 6712 7358 7458 7913
2608 375 543 880 980 1338 1710 1861 2640 2786 4203 4955 5090 7149 7568 7636 7990
2609 537 2102 2208 2297 2508 2859 2987 3518 4091 5761 6845 7053 7309 7405 7768 7944
2610 533 756 1066 1316 1440 1648 2662 2853 3049 3488 3844 4085 4241 4561 4570 5798 6145 7235 7271 7601
2611 405 459 622 1270 2024 2975 3227 3703 3876 4140 4343 4729 4799 4838 5468 5512 6111 6891 7278
2612 13 380 734 893 1071 1826 2689 2740 3479 3791 3890 4152 4571 5206 5663 5691 5875 6105 6495 6810 6811 7760 7770
2613 421 541 1054 1276 2045 2318 2756 2908 3659 4313 5048 5150 6264 7122 7149 7538 7738 7795
2614 628 1041 1669 1781 2281 2689 2712 2839 2908 2965 2981 3427 3515 3858 3887 4569 4805 5720 5892 6442 6482 7699 7779 7843
2615 509 518 582 2079 3089 3283 3338 3442 3615 3845 4780 4852 5041 5658 6804 7544 7592 7645 7978
2616 482 769 910 953 1201 2106 2695 3021 3025 3334 3380 3447 4162 4914 5139 5760 6263 6735 7011 7736
2617 889 1327 1494 2431 2477 2520 2938 3932 4156 4206 4353 4500 5007 5030 5393 5897 6323 6410 6448 6575 6941 7494 7647
2618 410 719 766 918 1235 1367 1819 1991 2399 2582 2749 2916 3245 3729 3881 4561 4569 4831 5412 5969 6493 6640 6913 7225 7236 7344 7788
2619 1334 1681 3596 3979 4077 4095 4144 4399 4932 4975 5308 5841 6012 6544 6888 6985 7113 7286 7860
2620 304 374 447 1382 1793 2387 2725 2731 3114 3697 5241 5865 6959 7098 7135
2621 13 418 604 1057 1161 1630 1917 2409 2838 3609 3831 3855 4239 4657 4713 4778 5784 6020 6347 6520 6705 7943
2622 0 169 232 715 755 1247 1341 1398 1936 2120 2170 2288 2295 2383 2400 2943 3441 3821 4171 4173 4245 5055 5390 5399 6776 7186 7890 7942
2623 263 1742 1822 2097 2128 2190 2456 2558 3200 3801 4107 4211 4241 4307 4451 5379 5577 5753 6759 7223 7793 7938 7974
2624 189 255 660 1352 1527 1895 1899 1961 2042 2334 2443 2775 2781 2923 2956 3101 3261 4486 4608 4631 4879 5216 5359 5549 5671 5868 5883 6204 6443 6828 7472 7664 7670 7742
2625 162 1018 1198 2731 3204 3939 4114 4452 4492 4822 5183 5271 5626 5633 5786 6135 6293 6755 7178 7789
2626 113 1040 2391 3036 3670 4822 6100 6494 6534 6796 6797 7343 7669 7897
2627 613 1912 2500 2869 4744 5412 5827 6135 6233 6991
2628 739 820 869 1018 1269 1475 1954 2028 2117 2314 3035 4616 5313 5515 5536 5545 5816 6093 6656 6674 7269
2629 622 662 1329 1619 1738 2071 2917 3184 3289 3559 3587 3605 3832 3898 3937 4040 4408 4735 4862 5696 5838
2630 234 657 1417 1816 1860 2736 2881 3151 3229 3818 4169 4294 4697 4720 5291 5673 5751 6111 6480 6606
2631 204 453 825 908 1876 3351 3680 3714 3953 4395 4830 5249 5253 5261 5272 5306 5383 6173 6253 6260 6282 6397 6934 6957 7070 7084 7980
2632 478 575 680 1258 1502 1521 2477 2484 2848 2897 3060 3347 4015 4647 4664 4938 5582 5920 6312 6711 6974 7018 7391 7912
2633 1258 1379 1659 2346 2432 2741 3416 3865 3892 3916 4141 5329 5360 5370 5438 5614 5732 5799 5894 5909 5921 6379
2634 635 671 1341 1880 2102 3317 3680 4008 4455 4522 5219 5284 5328 5580 6031 6095 6427 6468 6555 6887
2635 507 941 1214 2347 3122 3555 3628 3716 3733 4117 4119 5169 5180 5730 5862 6418 7078 7680 7728
2636 173 583 748 777 811 1428 2009 2082 2758 2927 2940 2944 4490 4805 5369 5477 6175 7234
2637 33 48 179 1051 1285 1333 2122 2962 3441 3739 5364 5653 5724 6152 6283 6371 6520 7116 7691
2638 1706 1827 2207 3169 3981 4472 5375 5573 5638 5752 5828 6274 7521 7604 7652 7708
2639 54 110 412 1638 1676 2314 2522 2666 3122 3964 4094 4540 4853 5238 5266 5369 5929 6062 6358 7373
2640 774 1239 2168 2531 2608 2918 2989 3179 3453 3749 4261 5115 5194 5207 5583 6230 6610 6713 6901 6935
2641 45 217 400 836 1411 1604 2312 2456 2798 2867 2977 3261 3513 3525 3946 4968 5466 5556 5821 5909 6340 6549 6600 7140 7230 7779
2642 625 1054 1210 1515 2601 3572 3609 3811 4404 4448 4505 4969 5608 5742 6323 7000 7661
2643 161 445 962 1352 1355 2219 2599 4103 5249 5300 6049 6287 7141 7228 7723
2644 355 506 540 1078 1107 1118 1503 1620 3009 3468 3699 4117 4472 4848 5156 5356 5550 6039 6119 6930 7102 7903
2645 611 951 1846 2841 3830 3993 4174 4422 4582 4660 4740 5450 5537 5642 5649 6358 6827 6924 6997 7125 7487 7639 7922
2646 243 512 1099 1114 1160 2038 2338 2436 2802 3245 3836 3952 4633 5203 5907 6206 6936 7165 7733
2647 681 713 1147 2330 3912 4060 4787 5067 6145 6270 7282 7593
2648 354 403 1161 1243 1571 3370 3561 3983 4012 4016 4118 4129 4820 5025 5092 5248 5574 5825 6510 7452
2649 434 839 1974 3432 3468 3736 3913 3933 4511 5217 5306 5724 5843 5926 7115 7376 7407 7783 7965 7976
2650 240 469 1072 1165 1232 4039 4406 5389 6398 6458 6787 6796 7263 7834
2651 215 298 396 496 1203 1753 1858 3463 4347 4482 4765 4774 5510 5524 5548 6407 6734 6963 7104 7961
2652 45 363 758 1022 1336 2492 2902 2961 3015 3683 3786 4183 4485 4950 4958 5076 5151 6106 6166 6903 7453 7563 7742 7861 7925
2653 155 612 688 858 990 1185 1921 2215 2483 2680 2691 3524 3559 3857 4518 5020 5636 5690 6042 6161 6396 6420 6892 6953 7339 7837 7977
2654 87 755 1199 1838 2370 4045 4100 4357 4723 4771 5182 5213 5791 5808 6474 6612 6697 6827 6883 7093 7259 7489 7591 7594
2655 20 876 2675 3064 3166 3187 3495 4028 4195 4395 4867 5404 5840 6029 6045 6127 6191 7660
2656 1475 1699 1740 1808 2806 3045 3436 3990 4137 4420 4850 4955 5338 5785 6125 6143 6491 6641 6655 6922 6938 7194 7627
2657 450 1004 1550 1674 2033 2289 2341 2586 2912 3777 4042 4340 4611 4741 5040 5680 6262 6739 6751 7531
2658 41 69 194 438 867 1127 1409 1541 2086 2204 4359 5845 6121 7042
2659 965 1077 1857 1992 2456 2735 3063 3237 3405 3555 3568 3611 3990 3995 4334 4516 5015 5485 5593 5673 6112 6430 6694 7109 7252 7813
2660 465 676 703 945 1041 1740 1799 2047 2574 2576 2942 2975 2991 3682 4137 4406 4420 4702 5644 5658 5668 6849 7294 7398
2661 70 747 1687 1871 2571 2576 3060 3117 3235 3604 3874 4219 4687 4851 5161 5418 5683 5880 6119 7645 7710
2662 1006 2348 2451 2520 2610 2937 3796 3884 4944 5188 5711 5958 6394 6986 6989 7132 7536 7678
2663 189 302 383 596 610 1005 1428 1649 2605 3437 3602 3786 4150 4467 4606 4840 5431 5820 7100 7123 7526 7961
2664 247 1012 1101 1764 2795 2810 3124 3272 3391 3725 3805 4795 5001 5517 5562 6915 7520 7561
2665 101 434 829 978 1132 2492 2858 2881 3297 4566 4690 4885 5272 5375 5742 6779 7102 7560
2666 762 879 1131 1185 1374 1500 1805 1899 2036 2639 2770 3096 4358 4387 5306 5738 6106 6184 6215 6499 7124 7380 7574 7593
2667 88 266 1500 2037 2515 2817 2921 3815 4010 4158 4680 4821 4882 4973 5579 6305 6377 6520 6829 6897 7486 7598 7750 7824
2668 2006 2283 2419 2578 2681 3057 3684 3956 4650 5857 6688 7054 7069 7204
2669 508 1455 1566 2585 3082 3249 3942 4017 5211 6481 6924 6952 7297 7390 7525 7543
2670 142 420 666 922 952 978 1003 1054 1163 1172 1864 2179 2903 3317 3469 3479 3643 3666 4632 4698 4790 4867 4982 5121 5137 5181 5541 6406
2671 728 2143 2310 2325 2773 3210 3514 3745 3966 4360 4367 4525 5469 5480 5661 5783 5838 5875 7485 7780 7961
2672 217 379 802 809 963 1600 2298 2790 3326 3418 3628 4005 4288 4675 5330 5396 5785 6038 6904 7063 7075
2673 179 628 677 1011 1397 1802 2399 2963 3515 3714 3717 4456 4651 4820 4850 4874 4921 5593 6469 6997 7532 7681 7850 7988
2674 548 729 767 1679 1795 1908 2368 2924 3020 3557 3875 4526 4845 5212 5804 6111 6284 6318 6794
2675 2026 2034 2106 2306 2419 2655 2767 4110 4126 4988 5043 5133 5392 5509 5798 6124 6370 6675 6876 6913
2676 190 511 551 1246 1454 1606 2031 2203 2815 3434 4775 6986 7643 7843
2677 162 1247 1460 1500 2252 2342 2895 3353 3427 6044 6906 7720
2678 939 946 1013 1101 2557 3228 3861 4005 4033 4133 4387 5565 5861 5925 6328 6428 6935 7468 7831
2679 147 299 370 684 792 1071 1087 1169 1386 1819 2249 2432 2722 2956 3754 3910 3946 4516 4608 5344 5513 5672 6360 6861 6967
2680 125 313 814 1170 1640 2268 2653 2746 2854 3635 4834 5324 5342 5669 5838 6642 6876 7385 7406 7819 7877
2681 238 730 901 965 1078 2108 2438 2439 2668 3195 3277 3409 3781 4515 5052 5956 6208 7028 7885
2682 857 903 967 1048 2832 2921 3626 4424 4436 4629 5104 5128 5553 5972 6338 7084 7333 7419 7445 7688 7800
2683 531 884 1009 1062 1228 1633 2004 2045 2213 3401 4215 5112 5145 5507 5788 5951 6081 6251 7258 7482
2684 1461 2019 2259 2432 3016 3248 3275 3359 3696 3856 3910 4241 4427 4609 7169 7607
2685 1054 1254 1598 3310 3595 3733 3785 4475 4606 4860 5041 5062 5884 6622 6750 7424
2686 8 56 411 428 608 778 1272 1373 2602 3785 4201 4267 4800 4909 5286 5377 5904 6131 6194 6566 7090 7238 7761 7804 7928
2687 169 1095 1221 1297 3231 4009 4346 5554 5602 6266 6766 6969 7205 7468
2688 33 487 704 805 1232 1472 1650 1743 1960 1989 2012 2164 2425 2915 3133 3294 3480 4055 5278 5538 5735 5982 6001 6452 7305 7421 7450
2689 924 1025 1062 2082 2612 2614 2835 3105 3232 3591 3621 3922 4356 4533 4595 4666 5515 5651 6276 7431 7697 7761
2690 203 322 323 1063 1518 1992 2523 2744 3539 3631 3978 5026 5090 5538 5961 6271 7175 7433 7664
2691 1348 1705 2653 3394 4095 4125 5363 5569 6073 6200 6527 6772 7120 7330 7803
2692 481 516 866 1017 1612 2452 2992 3061 3277 3318 4257 4449 4490 4545 5166 5366 6347 6468 6682 6777 6993 7052 7202
2693 708 913 1026 1670 1689 1911 1963 2087 2474 2736 2929 3003 3385 3406 3563 3636 4271 4861 5173 5553 5847 6016 6385 6424 7365 7434 7850 7914
2694 576 1149 1833 2337 2707 3575 4325 4691 4842 4946 6313 6727 6984 7695 7755
2695 573 1546 1723 2616 2941 3245 3870 3914 4087 4483 4666 4860 5331 6409 6573 7633 7893 7998
2696 754 1059 1255 1509 1964 2483 3280 3413 3821 4141 4189 4484 4985 5155 5267 5269 5548 5826 5990 7136
2697 396 564 1145 1498 1809 2175 2854 2954 2982 3243 3814 3854 4351 5242 5553 5720 5803 5985 6778 6975 7190 7680 7859 7910
2698 17 912 1145 1585 1632 1639 1647 2944 4205 4221 5460 5576 5599 5700 6209 6389 7528 7691 7865
2699 77 178 434 1509 1595 1657 1732 1990 2080 2159 2408 2491 2783 2789 3215 3430 3693 3821 4206 4269 4851 5635 6148 6380 6447 7200 7246 7677
2700 136 631 1482 2035 3527 3885 4411 5134 5409 5516 6069 6095 6349 6724 6862 7340 7571 7978
2701 462 1290 1543 1851 2150 2440 2861 3786 4166 4420 4688 4723 4776 4800 5114 5729 5807 6168 6734 7452
2702 50 133 424 786 1366 1856 1919 2290 3197 3657 4263 4677 4968 5132 5377 5539 7229 7264 7530
2703 290 343 431 656 970 980 1191 1413 1444 1594 1720 1824 2078 2196 2994 3373 4029 4189 4419 4597 4670 4959 5029 5119 5185 5568 5693 6029 6156 6401 7740
2704 347 543 1202 1220 1829 1995 2431 3814 3934 4327 4371 4448 4782 5297 5666 5797 5866 5898 6002 7016 7431 7768
2705 125 622 1206 2196 3081 3812 3829 4235 4345 4410 6218 6930 6978 7203 7474
2706 180 458 1126 1802 1810 2170 2916 2983 3076 3306 3532 3907 4156 4291 4456 4532 5308 6434 7922
2707 387 962 1057 1506 1994 2320 2442 2586 2694 2710 2719 2846 3157 3245 3416 3785 3899 4231 4962 5217 6025 6895 6908
2708 87 88 102 540 686 730 2513 3219 3781 3950 4036 4235 4574 4582 5688 6205 6838 7171 7702 7910
2709 174 450 1468 1472 1950 2287 2291 2752 3604 3903 4001 4553 4900 5398 5546 6036 6046 6350 6870 6878 7382 7855 7984
2710 1495 1706 1889 2141 2175 2707 2790 4346 4424 4513 4574 4906 5493 5652 5841 6745 6862 7033 7263
2711 572 1375 1389 1891 2243 2958 3063 3198 3805 4347 4440 6121 6994 7327 7344 7601 7629 7923
2712 479 717 1143 1434 1890 2614 2791 2956 3298 3468 3752 3837 5201 5223 6153 6261 6322 6922 7074 7239 7590 7765
2713 1462 1701 1999 2454 2771 2779 3604 4310 4690 5328 6118 7044 7199 7337 7357 7418
2714 1036 1080 1111 1286 1380 1426 1683 1721 1920 2089 2335 2916 3394 3428 5280 5565 5772 5773 5855 5937 6325 7114 7292
2715 850 1350 1735 3268 3491 3875 3877 4317 4506 5251 5397 5810 6177 6587 7061
2716 373 453 559 816 1215 1216 1382 1484 1656 2067 2230 2853 2857 3384 3546 3612 4688 4943 5268 5528 5644 5893 5939 5940 6333 6376 6762 6792 7152 7618 7734
2717 1203 1795 3235 3640 3934 4793 5614 5762 5823 6060 6356 6487 6547 6949 7994
2718 895 1396 1450 1575 1751 1879 2062 3080 3149 3913 4553 4994 5647 5999 6533 6638 6713 7801 7973
2719 289 638 848 975 1131 1169 1280 1310 1675 2583 2707 3472 3635 4152 4318 4418 6499 6570 7289 7851 7995
2720 649 934 2020 2580 2800 2916 3228 3749 4260 4615 4669 6082 6732 7184 7307 7411 7723
2721 805 2982 3172 3746 4451 4725 5001 5042 5201 5585 6067 6404 6724 6752 7423
2722 575 801 1205 1487 2097 2165 2257 2330 2679 2735 4072 4088 4188 4694 5216 5330 5976 6064 6537 7063 7388 7795
2723 74 738 743 2016 2476 2547 3011 3724 4106 4183 4420 4753 5519 6169 7572 7600 7911
2724 174 1085 1953 1999 2258 2271 2386 2848 3140 3267 3513 4246 4374 5671 6256 6601 6642 7729
2725 49 316 377 1278 1564 2620 2791 2924 3057 4716 4856 5266 5487 7206 7356
2726 507 572 1051 1411 1817 2079 3463 3563 3746 3997 4479 5048 5065 5227 7200 7303 7618 7775
2727 345 1539 1541 3180 3357 3365 3583 3908 4253 5571 5965 6016 6053 6073 6205 6712
2728 115 903 2215 2233 2743 2893 3065 5729 5998 6901 6956 7821
2729 2 757 841 887 2376 2494 2556 3090 3199 3448 3615 3652 4259 4510 5199 6893 6940 7449
2730 453 839 902 932 939 1105 1311 2194 2419 3115 3580 5539 6195 6365 6774 7635
2731 11 199 253 380 419 446 474 601 977 1238 1247 1505 1506 2015 2098 2143 2368 2386 2620 2625 3428 3451 4155 4501 6121 7397 7501
2732 51 173 513 1373 1593 2193 2563 2856 3910 4644 5428 6128 6329 6624 6827 7361
2733 624 669 982 2221 2345 2866 2946 4176 4607 4725 4833 5193 5743 6064 6497 6669 7911 7998 7999
2734 322 1259 1507 1679 1688 1742 2026 2352 2387 2908 3234 3889 4169 5972 6371 6575 7143 7211 7371 7458 7518 7791 7801
2735 341 371 624 872 937 1046 1185 1329 1446 1712 1754 2133 2311 2659 2722 3068 3338 3486 3533 3753 4367 4578 4589 4702 4757 5172 5183 5779 6166 6347 6477 6531 6653 7285
2736 550 784 1106 1514 2481 2630 2693 2921 3526 5476 5870 6158 6200 6848 7311 7556 7897
2737 172 1071 2445 2943 3453 3531 3608 5145 5178 5743 6071 6281 6831 7656
2738 178 376 937 1969 2600 2888 2961 3015 3198 3488 3524 4033 4151 4342 6024 6618 6675 6845 6881 7900
2739 131 620 699 832 1105 1151 1289 1363 1962 3033 3529 3942 4089 4733 4863 4996 5424 5648 5840 6496 6978 7050 7080 7223 7414 7507
2740 211 278 983 1370 1624 1825 2612 2832 2985 3287 3299 3405 3483 4066 4604 4998 5095 5195 5566 5653 5932 6967 7276 7305 7411 7975
2741 9 365 713 1076 1550 2220 2480 2557 2633 2759 3510 3926 4007 4188 5137 5267 5658 6986 7402 7554
2742 178 236 819 1283 2817 2969 3127 3149 3332 3837 4340 4453 4704 5298 5605 5640 5687 6066 6168 6365 6476 7294 7313 7675 7823
2743 355 2172 2587 2728 3464 3869 4042 4511 5088 5099 5244 6336 6581 6599 6885 6955
2744 526 609 972 1327 1346 1937 2009 2069 2511 2581 2690 2767 2798 2821 3189 3323 3372 4206 4353 4395 4635 4927 5095 6250 6656 6892 7125 7487
2745 74 781 834 1001 1032 3142 4539 4586 4727 5590 5665 5843 6567
2746 11 336 545 771 1208 1401 1972 2161 2268 2293 2680 2904 3380 3529 4494 4759 5097 5299 5567 5781 5800 6093 7934
2747 235 513 515 1220 1754 2451 2915 3338 3571 3582 4369 4539 4882 5127 5214 5535 5770 6236 6952 7019 7266
2748 30 1331 1846 1948 2393 2991 3480 3525 3816 3884 4447 4874 4967 6050 6214 6392 6924 7254 7316 7902 7960
2749 380 455 868 1140 1173 2073 2218 2228 2595 2618 3112 3147 4282 5118 5663 6420 7065 7242
2750 64 258 534 701 791 1498 1691 2283 2334 2337 2574 2989 3257 3524 3737 4284 4317 4342 4343 4483 5161 5446 5796 5873 6271 6754 7269 7306
2751 273 1543 2533 3040 4225 4595 4677 4819 5185 5194 5310 5667 5710 6507 6534 6762 6775 7321 7352 7609 7809 7897
2752 893 1169 1299 1699 1881 2709 3440 3866 3898 4194 4771 5099 5130 5762 5857 5941 6067 7561 7659
2753 205 903 1418 1626 2484 2940 2945 3489 3616 5844 6406 6706 6992
2754 463 586 901 917 2882 3553 3615 3698 4224 4248 4249 5241 5505 5527 5666 5998 6118 6663 6869 6926 7176 7287 7466 7600 7720 7785 7855
2755 332 403 581 607 1767 3874 3881 4363 4455 4836 4938 5141 5177 5290 5491 5616 5858 6001 6069 6175 6319 6503 7244 7571 7977
2756 521 625 1079 1792 1804 2613 2802 3007 3936 4211 4830 6520 6983 7234 7287 7792
2757 466 757 1523 2309 2977 3369 3372 3375 3554 3992 4166 4769 5282 5651 6138 6383 6768 6826 7139 7208
2758 811 931 1389 1770 1919 2636 2873 3327 4848 4887 5123
2759 146 330 792 1153 1188 1627 1631 1901 1950 2105 2342 2741 3292 3714 3754 3856 4514 4705 5542 5763 6597 6642 7025 7132 7311 7347 7776 7846
2760 147 316 567 888 973 1399 2051 2137 2887 4353 4378 5480 7115 7751 7880
2761 116 250 376 1464 1657 2060 2325 2838 2868 2979 3583 3799 3953 4036 4413 4541 4795 5224 5234 5260 5537 5613 5774 5827 6260 6766 6905 7974
2762 46 380 663 1203 1772 1998 2825 2827 3657 3812 3850 4601 5117 5780 6107 6249 6318 6532 6675 6763 6918 7796 7841 7954
2763 1231 1603 1604 2058 2166 2330 3768 4005 4185 4331 4348 5181 5182 5660 5768 5977 6223 6650 6945 6991 7579 7865
2764 973 1390 1420 2076 2141 3000 3621 3657 3818 4233 4726 5406 5440 5619 5656 5874 6534 6631 7062 7812
2765 1078 3137 3219 3605 3696 4048 4409 4543 5252 5309 5493 5773 5981 6364 6373 7582
2766 693 890 1769 1928 2155 2252 3786 4052 5032 5374 5809 5827 6232 6834 7025 7881
2767 72 137 1349 1475 1691 2437 2559 2675 2744 3414 5418 5432 7168 7392 7505 7791
2768 826 1244 1315 1479 1691 2887 3655 3690 3838 3907 4463 4592 4873 5131 5329 5962 6154 7207 7532 7713
2769 438 1421 1703 2348 2552 3078 3205 3806 4427 4428 5131 5356 5424 6982 7324 7346 7463 7532 7989
2770 21 800 1382 2028 2127 2446 2666 3788 4044 4155 4460 4719 4917 5233 6455 6492 6957 7685 7874
2771 20 531 871 896 1998 2328 2516 2539 2713 3081 3192 4492 4599 4944 5189 5429 5473 5567 5792 6340 6401 6655 6681 7322
2772 1212 1375 1572 2219 3937 4210 4560 5493 5634 5795 6214 6756 6862 6927 7041 7111 7417 7753 7798
2773 0 448 1109 1402 1537 1573 1617 1755 2001 2671 2876 3070 3199 3669 4146 4308 5114 5353 5805 6978
2774 249 1445 1515 1528 1604 1779 2436 2776 3241 3594 4133 4269 4305 4473 6207 6422 7137 7279 7709 7840 7933
2775 145 258 735 863 1386 1537 1549 2052 2624 2988 3138 3367 3672 3885 4316 5179 5590 6167 7230 7875
2776 787 1175 2774 2914 3108 3520 3638 3928 4071 4142 4304 4356 5222 6275 6327 6357 6605 6840 7129 7290
2777 913 1760 2867 3093 3491 3769 3825 4740 4863 5279 6235 6397 6435 6471 6693 6911
2778 115 210 373 410 696 910 1521 3342 3541 5365 5923 5964 6120 6263 6371 6475 7317 7451 7896
2779 327 596 1098 1237 1336 1440 1852 2001 2257 2713 2796 3195 4273 5087 6065 6088 6397 6492 7051 7597
2780 30 139 143 200 829 1438 1717 2031 2122 2539 2839 2876 3385 3447 3565 4301 4361 4683 7021 7915 7956
2781 644 774 1751 1899 1965 2020 2624 3062 3139 3677 4448 5009 5799 6174
2782 406 1465 1554 1837 1955 2582 2961 3787 3929 5809 6002 6087 6647 6804 7112 7123 7330 7591
2783 36 47 616 1148 1518 1991 2386 2699 3984 5618 6174 6239 6260 6371 6396 6746 7661
2784 400 507 707 836 1106 1200 1550 1832 2174 2817 3345 4444 4495 4641 4687 4853 5405 5739 5787 5891 6092 6558 6723 6751 7073 7444 7877
2785 1337 1340 1653 1968 2308 3575 3686 5583 6338 7556
2786 59 718 840 1153 1522 2122 2608 4319 4799 6200 6484 7256 7441 7477
2787 479 712 877 1514 1605 2306 4063 4728 4773 4812 6326 7311 7905
2788 424 590 709 885 1176 1320 2265 3147 3222 3251 3564 4439 4927 4950 5146 5535 5558 6585 7888
2789 1429 1436 2699 2868 2942 3403 3814 4118 5524 5656 5854 6046 6516 6594 6653 6903 7597
2790 113 277 573 1572 1994 2031 2175 2320 2431 2672 2710 2996 3277 4111 4481 4596 4836 5395 5752 6208 6684 6976 7249 7305 7750
2791 914 929 1454 1882 2275 2712 2725 3492 4886 5242 5404 6721 6745 6829 7246 7483 7515 7521 7829
2792 162 397 490 498 721 981 1096 1109 1732 1898 2300 2302 2822 2839 2892 3416 3863 4073 4133 4238 4898 5051 5096 5427 5612 6052 6105 6167 6408 6726 6758 6817 7118 7305 7380 7683 7693
2793 4 183 745 811 848 1178 1671 1686 2129 2221 3202 3331 3396 3482 3642 4394 4851 4978 5636 5794 6468 6648 6884 7407 7537 7565 7717 7976
2794 392 643 882 1058 1156 1923 2292 2963 3190 4013 4509 7437 7909
2795 60 100 351 570 797 1575 2221 2538 2559 2664 3003 3730 4427 4591 4604 5767 5853 5877 6079 6092 6205 7434 7779 7869
2796 1313 1397 1401 1443 1643 1737 1812 1846 2313 2348 2779 2894 2968 3098 3312 3784 3943 4296 4501 4553 4884 4900 5110 5359 5617 5675 5922 6064 7380
2797 729 1060 2337 2929 3282 4167 4478 4520 4994 6225 6531 6648 6815 6924 7031 7136 7307 7837
2798 168 534 583 732 1633 1691 1807 1945 1988 2641 2744 2891 3320 3388 3499 3626 3665 3756 4289 4887 5009 5114 6069 7187 7491 7928
2799 451 1420 1491 1589 1776 1911 2198 2240 3688 3878 4522 4927 5517 6861 6949 7210 7617 7795 7946
2800 35 281 366 1187 2720 3749 3854 4540 4784 5115 5872 6687 7870
2801 436 1269 1441 1717 3196 3254 3280 3855 4098 4179 4236 4787 5159 5356 6319 6757 6930
2802 132 292 304 383 386 778 1221 1259 1345 1356 1526 1701 2646 2756 3124 3587 3707 3967 4243 4282 4765 5537 5656 6013 6728 7291 7328 7344 7517
2803 54 768 1166 2027 2569 2978 4490 4657 5336 5391 5825 6252 6292 6532 6713 6949 7146 7673 7774
2804 420 540 707 1091 1135 3243 3517 3665 3719 3927 4564 4913 5290 5303 6343 6798 7302 7339 7740
2805 182 423 1226 1815 2254 2279 2508 3305 3509 3790 3970 4265 4417 4651 5016 5046 5786 5948 6054 6126 6899 7038 7051 7937
2806 160 609 1314 2011 2046 2282 2656 3276 3702 3714 4509 4614 4975 5331 5413 5754 6229 6469 6696 7250
2807 108 143 390 1400 1742 2072 2125 2402 2945 3145 3241 3375 3408 4174 4252 4559 5279 5655 5751 6417 6918 7300 7740 7789 7907
2808 18 574 846 1344 1561 2068 2116 2224 3015 3047 3435 3745 4375 4778 4980 7931
2809 443 516 772 943 1179 1563 2038 2066 3541 4488 5152 6064 6119 6149 6734 6822 6994 7121 7167 7538 7610 7864
2810 245 629 670 1123 1429 1941 1982 2296 2664 2917 4012 5210 6017 7569 7903 7917
2811 145 737 865 1263 1366 2004 2300 2570 3122 3478 3743 4102 5558 6140 6168 6190 6433 6454 6784 6878 7206 7409 7790
2812 26 648 1014 1042 1576 1853 2179 2424 2861 3022 3344 3625 4989 5210 6333 7012 7056 7839 7958
2813 519 893 1183 1201 1558 2058 2193 2908 3230 3544 3762 3844 4318 5209 5433 5892 6005 6370 6375 6415 7249
2814 7 79 513 563 649 850 1107 1165 1588 1829 2122 2418 4020 4189 4355 4398 4730 5705 6268 7231 7586
2815 52 209 515 586 2129 2676 3107 3134 3205 4160 4327 4570 4656 4719 4843 5046 5548 6021 6945 7701
2816 103 934 1334 1470 1726 1727 1878 2162 2278 2356 2414 2951 3577 3759 5216 5249 5401 5727 5983 6327 6472 6560 6670 6947 6952 6974 7233
2817 206 217 439 812 869 2063 2667 2742 2784 3357 3948 4101 4785 4866 5147 5232 5360 5726 6598 6961
2818 292 303 1009 1297 1386 2263 3926 4134 4274 5043 5198 5262 5511 5868 6098 6231 6324 6611 7006 7141 7202
2819 758 1457 1819 2015 2493 2921 3662 3840 4102 4343 4826 5009 5922 6041 6319 6502 6742 7067 7106 7252
2820 31 434 469 537 1386 1509 2574 3246 3307 3588 4309 4349 4502 4673 5667 5739 6114 6183 7340
2821 619 642 689 782 1233 1331 1482 1992 2023 2044 2055 2224 2566 2744 3163 4015 4339 4739 4780 4851 5071 5992 6185 6557 6882 6906
2822 261 365 517 862 988 1846 1935 2123 2792 2966 3066 3340 3632 4162 4480 5806 6320 6384 6966 6976 7938
2823 22 492 730 904 975 1361 2157 2939 3109 3349 4038 4391 4791 4807 5187 5523 6120 7647
2824 299 308 536 1167 1893 2057 2094 2205 3161 3537 3562 3957 4340 5356 5658 5688 7271
2825 423 1807 1878 2173 2381 2762 3226 4965 6183 6186 6628 6672 6756 7011 7228
2826 350 606 993 1093 2125 2277 3317 3485 3902 3913 4517 6481 7817 7937
2827 982 1341 2338 2762 2937 3661 5924 6277 7960
2828 246 338 505 769 1063 1236 1775 1844 3835 4232 4909 6024 6676 6793 6885 7665 7680 7873
2829 159 1174 1427 1650 1663 1888 2370 2598 2981 3528 3542 3578 3904 3928 4318 4714 4853 5144 5510 5731 6654 6684 6749 6851 6922 7155 7403 7561 7571 7600
2830 47 300 975 1112 1324 1593 1983 2477 3040 3494 3909 4621 4805 4937 5313 5499 6146 6815 7028 7104 7436
2831 113 636 1145 2501 3021 3761 4061 4174 4228 4529 5063 5553 5775 5977 6431 6664 7208 7736
2832 163 546 694 965 1224 1597 1993 2558 2682 2740 3038 3402 3988 4708 5357 5364 6074 6629 6674 6966 7046 7164 7198 7639
2833 35 82 834 1363 1538 1539 1737 2278 2551 3036 3087 4229 4248 4305 4328 4801 5157 5719 5806 6106 6700 7062 7072 7139 7224 7560 7900
2834 540 1048 1435 2965 2967 4226 4650 4682 4759 4813 5223 5414 6185 6268 6459 6783 7366 7599 7620
2835 267 1802 1919 1926 2068 2399 2607 2689 3227 3246 3399 3681 3950 4219 4225 4935 6106 6372 6487 6574 6846 6990 7224 7238
2836 122 264 727 760 1928 2235 2476 3083 3110 3188 3373 4736 5044 5205 5744 5788 6663 7012 7482
2837 408 507 2162 2258 2417 3895 4178 4677 4731 5753 7406 7730
2838 116 257 631 709 1451 1539 2621 2761 3144 3182 3545 3564 3678 4584 4642 4737 5121 5412 5512 5718 6600 6637 6669 6745 6805 7492
2839 290 507 904 1090 1258 1926 2136 2614 2780 2792 2981 3023 3164 3381 3868 3912 4388 4492 4518 5011 5415 6375 6529 6558 7924
2840 108 132 721 2139 2902 3505 3563 5959 6642 6778 7133 7166
2841 826 877 939 1153 1264 1411 1579 2645 3104 3291 3744 5099 5457 5832 6450 6769 6922 6923 7407 7420
2842 686 876 1075 1490 1505 1612 2314 3078 3205 3402 3841 3877 4037 4237 5165 5168 5226 5509 5531 5886 5909 6333 6651 7873
2843 374 473 533 621 638 850 2309 3780 4213 4968 5688 5750 5815 5925 6385 6646 7443
2844 82 512 1088 1300 2183 2884 3154 3493 3689 4122 4303 5350 5948 5974 6201 6916 7585 7737
2845 448 900 1034 1049 2588 3270 3314 3620 4240 4953 4975 5112 5289 7597
2846 220 736 938 1342 2372 2602 2707 3322 3556 3982 6152 6160 6357 6511 6588 6746 7409 7711 7820 7942
2847 92 502 671 725 1094 1373 1433 1579 1596 2121 2395 2400 2574 2907 3085 3486 5093 5207 5249 5395 5678 6516 7222 7381 7503
2848 308 626 1200 1423 1988 2025 2123 2632 2724 3225 3685 4372 4816 5698 5712 5885 6443 6518 7177 7395
2849 1184 1775 2063 2279 2288 2974 3706 3932 4711 5473 5798 6326 7330 7637
2850 102 195 668 741 1197 1410 1535 1764 2011 2105 2203 2242 2326 3290 3791 3964 4209 4702 4860 5789 6381 7091 7172 7289 7464 7827
2851 213 542 733 826 841 1000 1337 1439 1505 2187 2231 2255 2313 2922 3058 4755 4886 5778 6553 6868 7239
2852 658 827 1024 1176 1282 2087 3281 3331 3860 4335 4490 4739 5079 5378 6041 6142 6265 6591 6618 6985 7590 7967
2853 1245 1708 1733 1873 2038 2293 2610 2716 2883 3649 3788 4493 4769 5355 5450 6044 6203 6415 7512
2854 410 793 1040 1262 1305 1435 1482 1661 1828 1918 2224 2680 2697 2907 3449 4845 4995 5971 6045 6384 7063 7080 7160 7224 7936
2855 1560 1745 2100 2422 2532 3143 3414 3496 3695 3969 4140 4344 4459 4697 4720 5064 5353 5441 5674 6017 6112 7416 7713
2856 1301 1353 1887 2548 2732 3127 5078 5122 5287 5377 6008 6249 6411 6603 6908 6996 7392
2857 201 1639 1764 2166 2716 2945 2968 3868 4091 4153 4286 4719 5368 5911 6222 6427 6508 6516 6865 7123 7846 7856
2858 471 592 991 2027 2050 2475 2665 3487 3672 3799 4032 4514 5601 5964 5971 6122 6207 6324 6957 7026 7110 7173 7241 7529
2859 10 304 357 898 1535 2213 2433 2609 2934 2958 3174 4405 4747 4791 5177 5674 6054 6904 7157 7618 7817 7978
2860 145 233 525 869 1030 1126 1482 1723 2173 2955 3180 4439 4831 4897 5186 5200 5377 5941 6607 6638 6778 6921 7157 7437 7472 7682 7683 7722 7949
2861 354 388 389 503 521 1103 1167 1217 1417 1846 1924 2570 2701 2812 4938 5087 5127 5514 6504 6800 7031 7170 7827
2862 1558 1577 2379 2448 2944 3043 3202 3259 3890 4030 4382 5913 6520 6791 6892 6985 6993 7184 7363 7683
2863 134 721 1103 1291 2882 2926 3216 3399 3674 4320 4758 4932 4994 5110 5870 6756 7948
2864 390 865 1915 2263 2493 2551 4543 5279 5646 6163 6270 6281 6351 6438 6642 7645 7768
2865 152 607 613 897 1691 1780 3178 3242 4512 4543 5352 5928 5976 6512 6763 7027 7096
2866 54 418 633 1387 1762 2295 2733 2912 3047 3079 3369 3638 3760 3829 4003 4305 4392 4671 5600 5761 6304 7420 7448 7484 7914
2867 151 612 759 975 1317 1817 1835 1920 2641 2777 3591 3821 3874 4421 4521 5267 5519 6268 7032 7082 7284
2868 277 806 1004 2455 2761 2789 3018 3223 3422 3508 3555 3708 3896 4351 4452 4585 4697 4737 5192 5494 5616 5619 5962 5993 6273 6838 7272 7302 7366 7892
2869 2 619 845 1090 1538 1805 2011 2051 2520 2627 3092 3547 4502 4534 4579 5006 6383 6410 6454 6664 7090
2870 2003 2877 3169 3784 4004 4068 4613 5403 6100 6387 6435 6832 7074 7714 7864
2871 352 808 871 902 1431 1442 2196 2353 2397 3057 3933 4044 4289 6601 7095
2872 307 445 1058 1333 2396 2599 4031 4263 4309 4435 5380 5839 6763 7366 7381
2873 151 168 1899 2758 3648 4158 5771 5899 6012 6013 6044 6135 6200 6202 6310 6656 7921
2874 88 1650 3600 3633 4047 4061 4340 4561 5845 6588 6793 7397 7592
2875 555 642 1125 1236 1435 2294 3161 3169 3315 3615 3897 5015 5185 5572 5754 5885 6667 6867 7143 7514 7952
2876 30 284 978 1493 2240 2268 2417 2458 2773 2780 3253 3749 4055 4814 4930 5074 5523 5787 6019 6085 6110 6349 6749 7234
2877 511 972 1007 1131 1353 1601 1837 1872 1980 2870 2878 3056 3468 4028 4376 4595 4608 4738 5217 5358 5604 5631 5831 6009 6494 6870 6960 7332 7888
2878 286 526 1255 1576 1643 1825 2250 2877 2970 3084 3116 3187 3377 3733 3863 5384 6060 6690 7044 7103 7522 7525 7642 7750
2879 213 567 1663 1727 2297 2589 2936 3566 3829 4276 5306 5350 5945 6127 7134 7381 7403 7429 7615 7854
2880 49 288 1386 1979 2056 2217 2932 3324 3476 4114 4969 5086 5594 6079 6870
2881 132 404 454 855 896 1067 1762 1889 1897 2334 2560 2630 2665 3382 3631 3703 3964 4458 4815 4969 5034 5917 6268 6321 6465 7000 7476 7827
2882 239 784 924 1038 1341 1521 1848 1875 2214 2754 2863 3201 3437 3685 3937 5014 5190 5239 5456 7567 7899 7957
2883 232 262 531 1085 1607 1970 2015 2401 2853 3056 3686 4322 4585 5480 5538 5782 6190 6241 6272 7321 7424 7485
2884 364 1285 2844 3547 3861 4093 5585 5699 6729 7005 7141 7181 7530
2885 579 1539 2455 2473 3623 4048 4322 4804 5238 5473 5568 5930 6462 7986
2886 197 1274 1347 2068 2169 2464 3220 3380 3694 4326 4697 4934 6090 6394 6559 6575 6820 7012
2887 53 185 191 720 733 1153 1386 1478 1849 2760 2768 2918 3227 3526 3597 3691 4806 5073 5087 5506 6170 6212 6317 6554 7410
2888 457 662 950 1423 1655 1758 2154 2738 3123 3540 3776 4100 4369 4957 6405 6457 6519 6524 6952 7081 7229 7306
2889 519 1485 1567 1970 2110 2453 3029 3405 4061 4888 5526 6107 6240 6536 6713 6914
2890 458 469 1443 1839 3316 3667 3757 4377 4463 4556 4924 4999 5238 5429 5561 5823 5930 6748 6821 7878 7955
2891 2149 2363 2414 2458 2572 2798 3069 3148 3329 4690 6175 6275 6372 6604 6797 7218
2892 553 695 2026 2387 2792 3710 4149 4387 4504 5792 6036 6865 7218 7723 7749 7909
2893 440 1159 1293 1904 2242 2728 2899 3001 3398 3519 3702 3726 4540 4547 4639 4655 6340 6412 6557 7006 7054 7230 7252 7348 7408 7631
2894 764 1176 2456 2796 3318 3552 3693 3800 3934 4261 4722 4795 5373 5817 5912 6273 6638 7134 7886
2895 150 317 351 485 642 751 1661 1998 2115 2354 2677 2931 3150 3248 3809 3816 4413 4963 6661 6716 6739
2896 1469 1502 1733 1809 3145 3425 3441 3814 4051 4165 4238 4828 5202 5780 6063 6932 7089
2897 82 845 1014 1465 1810 2318 2470 2632 3381 3630 3818 3926 4219 4509 6746 6856 7532 7623 7705 7787
2898 211 276 362 758 1160 1320 1753 1908 1929 2409 3146 3387 3582 3649 3686 4305 4929 5761 7886 7923
2899 1007 1566 1634 1730 2293 2450 2893 3372 3564 3972 5250 5277 6875
2900 5 247 310 390 411 789 1247 1312 1524 1575 1855 1899 2083 2145 2175 2366 3169 3217 3367 3613 4206 4316 4828 5164 5208 5236 5488 6008 7508 7559 7650
2901 124 315 445 1080 1144 1354 1438 1569 2117 2307 2930 3011 3186 3683 4136 4239 4812 5232 5246 5287 5321 5341 5453 5711 6062 6787 6810 6972 6975 7166 7910
2902 176 190 1209 2652 2840 3656 3847 4056 4098 5690 6174 6195 6578 6914 7171 7329
2903 373 780 1520 1737 1742 1763 1866 2077 2232 2670 3880 3922 4532 4929 5164 5426 6177 6351 6596 7231 7425 7621 7980
2904 308 999 1009 1268 1673 1964 2172 2746 3238 3845 4033 4119 4541 5044 6268 6305 6376 7018 7662 7892 7988
2905 305 331 702 1526 1683 1690 2227 2258 2444 3527 4883 4906 5438 5784 5866 6065 6340 6578 6598 6740 7218 7377 7440 7980
2906 365 369 1155 1172 1831 2087 2183 3205 3210 3700 3822 4460 4535 5548 6296 6769 7088 7261 7579 7585 7667 7898
2907 1919 1938 2491 2847 2854 4667 4693 5145 6064 6972
2908 96 150 757 774 786 1173 1324 1531 1993 2613 2614 2734 2813 4298 5027 5038 5569 6296 6571 7433 7480 7607 7684 7941 7953 7980
2909 696 910 1645 3134 3179 4461 5607 6857 7580
2910 337 1136 1625 2281 3042 3127 3310 3715 4122 4458 4816 4985 5182 5406 5572 6373 6461 6851 7388 7774
2911 344 349 1128 1252 1654 1726 2301 2920 3342 3610 4084 4349 4454 4556 4844 5426 5554 6225 6355 6700 6752 7486 7583 7590 7825
2912 159 483 1107 1162 1922 2657 2866 3400 3453 3482 3832 4126 5106 5321 5593 5757 6732 6999 7728
2913 748 763 783 1552 1839 2108 2207 2336 2357 2932 3310 4479 5436 5639 5640 5709 5770 5884 6022 6209 6442 6972 7123 7218
2914 60 332 376 495 728 1357 1640 2776 3370 3511 3530 3705 4176 4276 4392 5507 5813 6014 6553 7006 7083 7732 7841
2915 291 415 808 1762 2583 2688 2747 3058 3166 3852 4026 4280 5424 5514 5832 5916 6670 7057 7303 7589 7984
2916 1056 1454 2618 2706 2714 2720 3445 3476 3756 4294 5094 5618 5694 5905 6182 6899 7050 7823
2917 1438 2001 2013 2629 2810 2973 3755 3784 3841 4470 4491 5114 5568 5842 6142 6361 6640 7004 7788 7793
2918 783 834 1299 1598 1625 2085 2268 2412 2640 2887 3092 3195 4054 4073 4474 4560 4698 5359 6482 6597 7141 7312 7408 7533 7820
2919 821 1108 1884 2112 2451 3467 3527 3645 3791 4133 4813 5672 6398 6460 7581 7976
2920 117 335 950 1110 1125 1616 1893 2574 2911 3121 3435 3777 4143 4551 4863 5357 5468 5647 6099 6446 6533 6631 6984 7022 7179 7820 7837 7870
2921 503 656 1012 1992 2053 2667 2682 2736 2819 3080 3387 3562 3918 3971 4262 4339 4399 4661 5188 5213 5403 5542 6342 6722 7146 7679
2922 104 421 602 1325 1880 2607 2851 3197 3199 3446 3467 3679 4298 4317 4531 4554 4675 4808 5148 5453 5521 6354 6819 6900 7363 7686
2923 94 1411 1450 2117 2166 2624 3238 3680 3904 4456 4693 5340 5480 6069 6439 6557 7106 7434 7807
2924 229 533 1169 1246 1297 1917 2052 2274 2674 2725 3049 3268 3790 4108 4358 5215 5305 6274 6385 7041 7527
2925 860 1087 1486 1495 1671 2586 3078 3732 3824 3979 4838 4941 5725 6264 6470 6881 7120
2926 414 1142 1469 2480 2863 3167 3910 4107 4364 4503 5309 5783 5842 5925 6100 6157 6751 6887 7253 7622 7633 7722 7824 7951
2927 916 1230 1353 1668 2209 2593 2636 5467 5990 6275 7662 7941
2928 276 1133 1963 2466 3053 3387 4280 4330 4459 5266 5500 5579 6180 6245 6991 7037 7539
2929 126 398 538 742 817 890 1354 1378 2342 2693 2797 2980 3371 4591 4710 4856 5448 5893 6398 7696 7872
2930 1018 1165 1395 1855 1904 1937 2182 2186 2581 2901 2936 3009 3247 3341 4529 4745 6220 6344 6855 7279 7461
2931 1640 2895 3532 3551 5209 6275 6699 6833 6923
2932 279 402 566 1027 1640 1951 2029 2412 2880 2913 3014 3122 3611 5672 5847 6243 6369 6849 7213 7285
2933 185 288 1770 2037 2153 2401 3026 3118 4019 4412 4614 4860 4963 5713 6384 6631 6651 7591
2934 70 1140 1690 1889 2397 2859 3467 5063 6121 6728 7089 7519 7628
2935 95 571 1175 1231 1377 1564 1716 2061 2937 3399 4085 4683 5652 6010 6015 6104 6149 6425 7670 7805
2936 152 270 783 1185 1531 1735 2205 2879 2930 3192 3667 4180 4483 4838 5106 5559 6010 6165 6791 7078
2937 266 493 696 1267 1362 1531 1630 1838 2197 2489 2662 2827 2935 2989 3395 4226 4386 4538 4948 5284 5593 5618 5750 6015 6152 7500 7570 7664 7884
2938 198 807 915 1569 2082 2354 2617 2984 3006 3030 3202 3408 3449 3502 5088 5138 6064 6175 6359 6784 6817 6902 7057 7333 7566 7992
2939 464 815 1113 1353 1404 1863 1957 2142 2271 2823 3118 3152 3876 4141 4283 4504 4577 4908 5182 5286 5534 6656 6667 7250 7576 7592
2940 80 631 1025 1466 1657 2286 2289 2636 2753 3203 3768 4870 5257 5631 5722 5942 6760 7145 7520 7641 7836
2941 237 613 631 1852 1951 1983 2081 2461 2695 3056 3263 3463 3633 3986 4838 4842 5625 6048 7104 7139 7785
2942 692 1861 1909 2122 2660 2789 4425 4589 5624 5836 6012 6375 6764
2943 526 587 608 721 765 829 859 1251 1334 1836 2178 2622 2737 3055 3354 3759 3908 4669 4862 5161 5585 5661 5697 5979 6054 6350 7068 7469 7482 7802 7888
2944 176 583 837 1254 2636 2698 2862 3317 4301 4307 4656 5202 5868 6033 6300 6323 7327 7644
2945 97 318 772 1369 2753 2807 2857 3186 4513 5598 6110 6403 6810 6940
2946 90 237 256 1198 1588 1625 2125 2733 3341 3772 5111 6195 6859 7952
2947 191 317 784 854 1186 1939 2210 3041 3146 3312 3557 3848 3854 4840 5143 5557 5673 5934 6992 7220 7372 7597 7742
2948 104 946 1126 2235 2453 3132 3258 3261 3333 3864 4163 4219 4232 4263 4541 5026 5082 5500 5937 6476 6934 7347 7365 7745
2949 205 393 940 1683 2089 2134 2273 2595 4397 4953 5153 5597 6064 6526 7205 7208 7241 7864
2950 1706 1764 2133 2375 3279 3916 5037 5139 5161 5440 5720 7162
2951 443 658 998 1685 2047 2816 3195 3452 3974 4598 5389 5471 5549 6589 6676 7184
2952 317 1490 1775 3254 3402 3429 4085 4121 4202 5025 5115 5132 6061 6139 6195 6508 7179 7345
2953 255 345 603 734 926 1002 1243 1568 1631 2491 3024 4042 4360 4429 4525 4677 5484 6145 6221 7416 7493 7586 7833 7965
2954 202 441 770 842 1118 1513 1613 1856 2697 2978 3251 3799 4395 4830 5022 5397 5690 5802 7292 7615
2955 145 338 1071 1762 1950 2063 2102 2260 2398 2860 3239 3902 4039 4230 4708 4785 5348 5547 6018 6163 6446 7133 7445 7469 7511
2956 336 632 686 2283 2284 2326 2557 2624 2679 2712 2957 3225 3777 4074 5345 5348 5635 5656 6266 6512 6626 6646 6736 6742 6904
2957 546 963 1603 1751 1795 1841 2387 2956 4182 4617 4774 4798 5718 6473 6795 6822 6883 7193 7549 7740 7759
2958 969 2135 2711 2859 3132 3318 3978 4228 4356 4403 4801 5095 5240 5427 6277 6328 7354
2959 642 1768 2111 2375 2581 4074 4443 5294 5436 6172 6896 6960 7156 7556 7636 7682
2960 867 1216 1616 2069 2101 2540 3192 3603 3682 3987 4453 4610 4665 4923 5568 6156 7273
2961 448 656 885 2045 2377 2652 2738 2782 3271 3738 3899 4178 5040 5351 6107 6355 6662 7056 7105 7869
2962 28 229 578 1276 1457 1927 2326 2637 3071 3357 4041 4133 4501 4571 4639 4863 5336 5466 5564 5765 6063 6262 6821 7789 7964
2963 254 309 381 1546 2673 2794 3078 3120 3140 3373 3506 4229 4660 4705 5142 5459 5508 6387 6462 7221 7281
2964 103 719 1016 1289 1396 1561 1755 1934 1965 2267 3496 4336 4340 4352 4411 4572 4575 4642 5191 5251 5462 5545 6070 7020 7264
2965 1264 1783 1828 2614 2834 3073 3520 4139 4848 4957 4968 5595 6792 6859 7374 7890
2966 124 416 565 1435 1608 1999 2151 2822 3452 3714 3845 4335 4357 4768 4833 5284 6390 6503 6584 6735 6767 7091 7210
2967 112 120 285 486 870 2191 2531 2834 3610 3889 4010 4365 5562 5719 5729 5985 6057 6876 7935
2968 212 670 1639 1657 1731 2304 2796 2857 3789 3894 4573 4583 4960 5540 5651 5688 5894 6307 6584 6895 7609
2969 299 441 2024 2281 2570 2742 3311 3459 3498 5275 5612
2970 1232 1684 1775 2878 3098 3118 3485 3565 3709 3830 5444 5996 6155 7051 7456
2971 709 2236 2479 2592 3149 3158 3325 3729 4230 4462 4563 4829 5180 5449 5765 5875 6352 7112 7469 7869 7885
2972 369 2195 2311 2439 3295 3409 4588 5154 7080 7304 7597 7806
2973 550 987 1116 1585 1654 2194 2209 2451 2917 3477 4462 4803 5662 6764 7861 7892
2974 838 1674 2216 2256 2849 4781 4866 5147 6044 6274 6877 7760
2975 74 376 610 1929 2083 2544 2611 2660 2993 3312 3868 3979 4204 4540 4723 4734 4921 4930 5818 6032 7126 7155 7269
2976 584 2384 3037 3402 3755 5308 5318 5643 5817 5850 6266 6605 6765 7428 7536 7550 7577 7874
2977 441 983 1087 1374 1970 2171 2641 2757 3997 4001 4216 4427 4521 5973 6090 6565 6939 7763
2978 202 317 1154 1488 1616 2484 2803 2954 3418 3700 3879 3981 4156 4264 4412 4634 4637 5375 5588 6654 6662 6868 7367 7377 7860
2979 711 899 1302 2450 2761 3022 3353 3518 4571 4664 5222 5465 5870 6008 6235 6979 7663
2980 194 464 1191 1816 2415 2929 4639 6181 6874 7095 7141 7481 7587
2981 6 1133 1629 2421 2614 2829 2839 3294 3910 4596 4929 5018 6216 6440 7465 7493 7607 7635 7785 7873
2982 380 448 526 1228 1533 1631 1922 1936 1946 2346 2367 2697 2721 3159 3219 4721 4837 5589 5603 5640 6195 6341 6472 6744 6944 7147 7398 7401 7409 7687 7716 7804
2983 199 353 389 403 503 816 1103 2072 2224 2330 2463 2488 2706 3180 3318 3582 3743 3922 4092 4301 4462 5051 5681 6053 6583 6756 6762 7086 7228 7597
2984 361 737 878 1724 2308 2938 3199 3521 3822 4203 4813 5145 5421 5685 5858 5976 6194 6961 7217
2985 188 1460 2740 4821 5360 6219 6386 6817 6823
2986 103 417 843 1194 1954 2083 2095 3188 3677 3679 4751 5026 6124 6373 6403 6852 6975 7423
2987 27 288 1071 1330 2264 2609 3125 3299 3902 4221 4491 5040 5094 6268 6842 6852 7151 7589
2988 21 1185 1321 2038 2775 3681 4344 4681 5850 5894 7176
2989 98 137 274 1607 1645 1785 2224 2344 2512 2640 2750 2937 3072 3400 3531 3934 3938 4245 4472 5048 5596 5840 6675 6964 7260
2990 390 483 743 938 1534 1569 2377 2520 3044 3203 4583 4587 4682 4894 4980 6489 7139
2991 39 1494 2660 2748 3906 4127 4298 4624 4974 4997 5085 5161 5409 6370 7398 7856
2992 641 1539 1552 1867 2692 3211 5303 5632 5972 6009 6458 7005 7591 7861 7960
2993 242 875 1196 2095 2319 2422 2975 3659 3929 3999 4782 4855 5260 5299 5715 5716 6173 6625 6728 6961 7323 7537 7630 7959
2994 71 411 1991 2038 2415 2703 3021 3534 4350 4355 4520 4814 6421 7600 7845
2995 116 285 532 713 766 874 890 1206 1667 2100 2391 2421 3429 3506 4068 4152 4643 5015 5351 6048 6217 6589 6660 6969 7475
2996 168 213 569 645 966 1555 1942 2341 2790 3640 3757 4469 4907 4984 5030 5334 5642 6549 6800 7014 7213 7559
2997 253 1153 1361 1853 1984 3976 4900 4988 5032 5175 5210 5337 5978 6361 6726 6921 7030 7587 7832 7925
2998 299 410 467 563 1235 1324 1452 1649 2074 2166 3034 3475 3796 4342 4445 4612 4640 4848 5289 5667 5888 6002 6040 6306 6748 6786 6868 7112 7925 7933
2999 144 654 3011 3657 3834 4080 4421 5005 5114 5191 5287 6155
3000 896 1454 1553 1798 2764 3002 3139 3239 3348 3577 3896 4253 4610 5459 5659 6483 6811 6989 7300 7602 7914
3001 281 655 798 1013 1107 1864 1948 2120 2893 3062 3128 3570 4072 4718 4919 5415 5568 6190 6308 6350 6470 7360 7448 7464 7562
3002 637 740 938 945 1194 1876 2027 2302 2408 3000 3079 3588 3607 3609 3727 4573 4863 5396 5424 7085 7588 7703
3003 282 956 1078 1357 1945 2088 2517 2693 2795 3164 3742 4103 4376 4618 4846 5583 5905 6516 6658 6927 7148 7316 7503
3004 587 931 986 1677 2258 2605 3262 3589 4805 4947 5644 5883 6123 6483 6585 7159 7299 7585 7745 7829
3005 79 204 459 1329 1990 3436 3976 4655 4960 5299 5590 5760 5773 6685 7531 7926
3006 114 118 281 679 1890 2031 2114 2938 3199 3528 3918 4198 4478 4516 4862 4954 4956 5246 5386 5482 6465 6565 6916 7810
3007 805 1008 1393 1764 2384 2501 2554 2756 3353 3547 3651 3746 3832 4374 4434 5246 5742 5873 6756
3008 765 1451 1574 1585 1947 1959 2446 3570 3747 3868 4072 4881 5621 6015 6068 6394 6518 7082 7215 7302 7329 7739
3009 72 605 710 744 2106 2139 2190 2390 2644 2930 3103 3584 3691 4159 4198 4653 6394 6976 7023 7127 7736
3010 94 680 1220 1292 1828 3865 4051 4316 5313 5551 5769 5859 6383 6784 6958 7046 7503
3011 487 612 696 1754 2018 2200 2293 2531 2723 2901 2999 3088 3418 4814 5886 5989 6023 6186 6315 6406 6690 6917 7497 7968
3012 1550 1845 2440 3939 4131 5254 5256 5280 5659 6276 7142
3013 1146 1310 1753 1906 2573 3051 3514 4121 4125 4218 4316 5105 5541 5614 5767 6699 7635 7650 7969
3014 520 767 1784 2932 3622 4424 5017 5201 5233 6035 6375 7328 7816 7990
3015 265 1276 1470 1612 1644 1827 2182 2574 2652 2738 2808 3751 4371 4572 5157 5501 5856 5871 6184 6436 6479 7107 7162 7249 7983
3016 144 434 863 1247 1337 1452 1634 2432 2684 3183 3538 3934 4493 4575 4819 4887 5262 5678 5849 6615 6799 6853 7360
3017 796 981 1498 1871 2150 2165 2227 2338 3243 4249 4880 5054 5597 6208 6363 7983
3018 472 1173 1831 2115 2597 2868 3198 3241 3276 4166 4175 5016 5088 6484 6493 7065 7500 7648 7683 7801
3019 646 1062 1163 1473 2602 3554 5117 5148 5292 5820 6367 6380 6740 7515
3020 83 407 1395 1491 1667 2360 2674 3649 3785 4011 4821 5351 5467 5565 6154 6643 6972 7746
3021 535 567 684 1019 1067 1221 1851 2546 2561 2616 2831 2994 3067 3225 3902 5416 5484 5520 5620 5712 5765 6248 6775 6965 7183 7482 7618 7989
3022 76 774 1036 1584 1768 1864 1986 2201 2382 2558 2812 2979 3435 4665 6119 6451 6844 7121 7296 7439 7549 7831 7906 7969
3023 41 468 1024 1980 2108 2839 3371 4481 4549 4703 4748 5459 5874 6267 6329 6598 6927 7198 7353
3024 196 895 898 1469 2327 2953 3195 3404 4719 5002 5268 5348 5368 5936 6094 6234 6665 7336 7446 7493 7967
3025 794 951 1008 2154 2244 2534 2616 3334 4229 4442 4696 4710 5094 5176 5407 7004 7188 7201 7243 7707 7820
3026 830 1389 1816 2068 2933 3089 3569 3826 3898 4007 4040 4613 4802 5400 5659 5780 5870 7616 7926
3027 125 151 421 732 1841 1924 3072 3234 3459 5473 6097 7239 7372 7495 7848
3028 212 231 232 1448 3681 4340 5007 6233 6311 6404 6849 6883 7827 7844
3029 1028 1200 1635 2506 2889 3369 3794 4563 6041 6763 7418 7695
3030 2938 3198 3394 3520 3566 3811 3923 4269 4823 5284 5822 6021 6430 6432 7618 7725
3031 222 378 532 1090 1125 1413 3953 4223 4630 4671 4851 5080 5231 5907 5929 6308 6369 7154 7396 7943
3032 164 1017 1371 1921 2178 5246 5771 6350 6916 7040 7306 7578
3033 432 872 1119 1198 2154 2739 3093 4187 4834 5429 5447 5466 5653 6504 6770 7635 7650
3034 42 656 1013 1642 1921 2998 3233 3625 3664 4100 4121 4494 4740 4953 5022 5168 6155 6265 6302 6322 6357 6569 6604 6812 7409
3035 553 570 719 898 1165 1369 1377 1474 1589 1590 1819 1876 1898 1971 2230 2628 3676 3742 3891 4418 5537 5726 6216 6596 6699 7726 7933
3036 1610 2626 2833 3186 3342 3479 4298 4440 4728 4871 5446 6880
3037 175 873 1045 1054 1246 1450 1546 1727 2287 2500 2976 3956 4043 4867 4963 6163 7028 7130 7347
3038 259 1166 1405 1414 1865 2468 2567 2832 3629 3793 5570 5619 6185 6333 6985 7337 7557
3039 85 471 677 1127 1240 2514 3051 3573 4106 4676 4818 5182 5403 6127 6800 7145
3040 69 183 196 352 790 1105 1617 1638 1737 2013 2257 2264 2348 2497 2751 2830 3568 4286 4524 4573 4587 5070 5482 5483 6275 6893 7116 7720
3041 630 649 1506 2576 2947 3076 3249 4897 5062 5316 6414 6667 6821 7412
3042 153 528 1321 1327 2094 2910 3145 3760 4242 5130 5494 5498 7326 7814 7982
3043 327 1104 1409 2394 2862 3339 3888 5741 6136 6848 6891 7193 7900
3044 641 1234 1423 1597 1887 2420 2990 3158 3571 4584 5510 5737 6440 7236
3045 1 401 670 878 1016 1705 1920 2173 2333 2420 2562 2656 3133 3433 3740 4169 4190 4652 4780 4935 5906 6370 6433 6498 6803 7034 7529 7832
3046 1 814 1881 2189 2195 2498 3599 4151 4534 5719 5806 5959 6156 6230 6373 6562 6636 6868 7353 7789
3047 157 1382 1846 1971 2109 2200 2271 2324 2596 2808 2866 3196 3890 4143 4282 4887 5127 5528 5732 6151 6157 7230
3048 37 183 620 884 1521 1709 1949 1964 2088 2278 2605 3839 4354 4457 4503 4640 5101 6228 6988 7028 7220
3049 507 619 731 880 1179 1261 1660 1673 2127 2177 2610 2924 3262 4168 4546 4573 5016 5149 5575 5941 6672 7171 7655
3050 886 1008 1199 1756 2085 2137 2148 2375 3604 4087 4347 5070 5545 5732 6093 6179 6257 6666 6762 6828
3051 213 407 1195 1433 1542 1703 1734 2132 3013 3039 3386 4174 4434 4447 4661 5229 5290 5902 6176 6268 7108 7331 7415
3052 346 354 638 677 897 951 1310 1694 1814 1870 3159 4302 5699 6203 6286 6338 6440
3053 215 518 1107 1587 1621 2036 2125 2928 3097 3627 3663 4078 4088 4237 4717 5104 5338 5593 5957 6695 6763 6911 6974 7547 7877
3054 891 1900 2080 2490 3065 3189 4365 4557 5530 5975 6482 6707 7031 7873
3055 167 203 880 1051 1072 1437 1568 1868 1869 2022 2107 2943 4485 5001 5026 5098 6926 7408 7754
3056 490 738 785 1092 1269 1769 2877 2883 2941 3097 3330 3571 3786 3836 5150 5532 5644 6428 6448 6813 7183 7469
3057 37 252 469 699 2157 2668 2725 2871 3153 3203 3684 3718 4961 5125 5369 5522 6036 6599 7055 7214 7305
3058 175 660 1382 2017 2364 2851 2915 3251 3859 4201 4755 5199 5326 5916 6088 6548 7187 7703
3059 137 792 1471 1653 2206 2255 2446 3429 3739 3870 3908 4035 5843 6084 6359 6372 7794 7862
3060 187 266 497 992 1030 1798 2140 2288 2555 2632 2661 3206 3880 4016 4386 4695 5328 5497 5637 5688 6009 6362 7112 7207 7399
3061 970 1230 1479 1506 1650 1937 1970 2372 2692 4242 4380 5825 6455 6703 6882 7101
3062 1393 2781 3001 3196 3209 3613 4040 4263 4467 4523 4729 5763 6516 7375 7872 7917
3063 166 567 742 1824 2113 2659 2711 3957 4172 6010 6624 6739 6910 7027 7087 7549 7770
3064 436 774 1660 1881 2211 2655 3260 3285 3536 4684 5962 6249 6506 6513 6611 7126 7405 7483 7656 7752
3065 114 326 1075 1887 2098 2728 3054 3126 3223 3659 3817 4758 4941 5519 6023 6785 7047 7680 7908
3066 49 582 1243 1853 2152 2348 2596 2822 3665 3685 4222 4342 4748 6427
3067 708 866 971 1011 1161 1322 1454 2163 3021 3092 3854 3985 4075 4481 4738 4948 4997 5397 6320 6798 7478
3068 295 592 676 687 880 1011 1923 2437 2735 4009 4184 4208 4441 5030 5406 5695 5800 5900 6130 6378 7644 7821 7982
3069 1572 2332 2456 2513 2891 3079 3339 3618 3900 4270 4435 4956 5521 6013 6915 7558
3070 40 491 682 2158 2773 3406 3791 4013 4152 5013 5027 5060 5742 5825 7553 7648 7924 7974
3071 250 296 385 391 772 829 1014 1106 1365 1550 2311 2572 2962 3422 4251 4473 4549 5389 5721 5765 5898 6184
3072 32 575 1256 1618 1920 2164 2989 3027 3273 3917 4762 5177 5333 6554 7059 7137
3073 1173 1379 1597 2542 2965 3246 3399 3959 3976 4569 4708 5472 5779 6354 6483 6534 7032 7104 7258 7547 7570
3074 497 3101 3559 4293 4358 6138 6627 7043 7680 7946
3075 213 470 478 735 753 942 1243 1576 1708 2315 3081 3555 4379 4521 5501 5660 6042 6258 6442 6645 6836 7995
3076 1214 1579 2291 2435 2537 2706 3041 3114 3321 3473 3659 3853 3996 4064 4395 4672 5134 5831 6113 6606 7153 7897
3077 109 119 414 705 1049 1504 1612 1788 1839 1894 2345 2547 2560 3299 3459 3628 3760 4038 4325 4702 4893 5560 6658 6712 6767 7321 7348 7578
3078 768 1283 1411 2769 2842 2925 2963 3152 3234 3755 4341 4582 5282 5423 6573 6873 6965 7341
3079 178 212 1114 1177 1422 1578 1624 1884 2158 2866 3002 3069 3209 3240 3247 4153 4598 4671 5795 6278 7013 7026 7129 7996
3080 27 251 649 1127 2198 2587 2718 2921 3356 3432 3600 3896 4396 4982 5546 6439 6807
3081 228 544 562 774 878 1500 1785 1977 2237 2705 2771 3075 3642 5098 5341 5405 5568 5641 6002 6103 6271 6523 6677 6856 7171 7263
3082 68 428 979 1383 2031 2368 2669 3235 3283 3394 3538 3564 3888 3912 4001 4038 4128 4370 4523 4787 5551 5598 5601 6306 7614 7651 7820
3083 565 603 685 840 1392 1526 1554 1885 1925 2440 2555 2836 3589 4178 4183 4459 4553 5055 5294 5373 5705 5950 6757 7355 7433 7711
3084 10 200 280 687 822 1672 1738 2878 3235 3499 3898 3955 4062 4400 4456 4503 4826 5880 6061 6218 6485 6856 7243 7832
3085 1042 1703 1729 1843 2847 3462 4395 4488 4639 5282 6491 6624 6655 6931 7600
3086 873 1580 1593 2495 3490 3852 4124 4669 5350 5681 5818 6564 7062 7348 7551
3087 53 166 248 311 566 1324 1349 2833 4186 4896 5071 5082 6213 6314 6384 7032 7417 7477 7570 7807
3088 545 1758 1845 1882 3011 3207 4368 5019 5218 5948 6821 7267 7334
3089 251 516 732 964 1216 1308 1599 1655 2049 2437 2615 3026 4359 5232 6065 6423 6490 7615 7774 7995
3090 238 333 978 1034 1752 2729 4063 4231 5258 6102 6142 6626 7458 7572 7778 7801
3091 39 77 190 445 1419 1778 2004 2236 2362 2445 3273 3487 3515 3700 3777 3975 3982 4026 4493 4658 4829 5271 5828 6563 7799
3092 281 577 1100 1167 1208 1323 1880 2045 2242 2869 2918 3067 3123 3428 3647 3767 4108 4166 5027 5246 5755 6029 6070 7016 7436 7558 7778 7796
3093 56 715 1701 2777 3033 4461 4617 6558 6954 7101 7247 7662
3094 25 259 265 501 1118 1442 1643 2334 2405 3226 3878 4682 4896 4970 5981 6169 7320 7456
3095 1435 1468 1522 1722 1933 2051 2318 2400 2431 2552 2576 3412 3563 3567 3999 5425 5442 5448 6383 6547 6770 6813 6922 7025 7061 7617 7693
3096 825 1089 1789 1818 1868 1946 2666 3670 4058 4458 4840 5152 5196 5553 5595 6243 6328 6525 6922 7280 7409
3097 5 51 572 683 3053 3056 3967 4666 4817 5991 6120 6674 6792 6940 7870
3098 3 137 182 1033 1219 1818 1930 2013 2294 2796 2970 3213 4646 5154 6201 6205 6454 6506 6525 7073 7781
3099 1741 2220 3557 3734 3735 4238 4388 4617 5414 5567 5863 6053 6511
3100 176 328 1135 1249 1318 1829 1899 2097 2104 2295 2408 3135 3316 3350 3388 3684 3798 3907 4138 4772 4915 5720 5752 6885
3101 127 352 649 1793 2599 2624 3074 3344 4488 4489 5086 5646 5749
3102 17 209 1185 1924 2227 2261 2459 3635 3777 4176 4801 4923 5814 6486 7015 7982
3103 34 124 222 500 1179 1216 1294 1692 2591 3009 3375 4007 4050 4891 5157 6330 6663 6848 7648 7793 7937
3104 239 503 875 1222 1380 1828 2313 2841 3380 3388 3619 3675 4052 4196 4422 4708 5316 5663 6200 7328 7966
3105 151 524 981 1200 1310 1367 2218 2689 3949 4448 4667 4905 5127 5651 5987 7324 7735 7834
3106 293 577 704 1124 2110 3142 3258 3302 3713 3998 4359 4396 4431 4605 4661 5619 5942 7203 7479
3107 241 958 1621 1722 2155 2549 2815 3122 3222 3397 3520 3723 3887 4267 4282 4352 5761 5930
3108 493 1118 2437 2585 2776 3561 3801 3824 4394 4485 4890 5015 5372 5490 6093 6155 6328 6777 7107 7971
3109 128 573 816 866 1079 1117 1121 1163 1931 2014 2129 2485 2515 2556 2823 3216 3509 4698 4852 5095 5214 5626 6191 6481 7073 7137 7281 7398
3110 729 741 989 1442 1623 1924 2067 2133 2313 2454 2836 3376 4761 5829 6081 6193 6544 6907 7259 7439 7607
3111 99 831 976 1337 1840 1973 2007 2219 2429 2452 3655 3991 4636 6024 6196 7946
3112 363 703 1076 1602 1712 1859 2749 3217 3577 4316 4395 4404 5233 5400 6001 7103 7170 7657 7914 7974
3113 67 690 747 851 868 1050 1687 2051 2213 4899 5551 5680 6526 6708 6820 7609 7727 7940
3114 76 185 689 1525 2592 2620 3076 3745 5201 5371 5991 6532 6919 7003
3115 408 814 2334 2565 2730 3734 4251 4526 4792 6079 6178 6623 6795 7216 7604 7972
3116 61 788 1628 1681 1766 1911 1955 2527 2878 3128 3903 4151 4501 4938 5079 5696 6262 6368 6450 6520 6641 7097 7211 7515
3117 276 705 998 1185 1239 1501 1559 2445 2502 2573 2661 3161 3575 3602 3718 4475 4482 4875 5769 5955 6002 6306 6481 7019 7413 7456 7746 7879
3118 223 696 1177 1399 2933 2939 2970 3709 3847 3953 4039 4570 4722 4888 5950 6049 6575 6584 6747 7305 7744
3119 362 737 3183 3933 4394 5495 5662 5697 6229 6488 7807
3120 132 468 1770 2356 2575 2963 3229 3277 3664 3677 3751 4223 4426 4640 5573 6510 6889 7713 7891
3121 573 1458 2232 2418 2920 3146 3276 3280 4024 4383 4551 5539 5794 5849 6857 7220 7799
3122 418 1292 1729 1839 2276 2462 2635 2639 2811 2932 3107 3160 3197 3594 3830 4033 4373 4823 4931 5645 5861 6478
3123 238 477 1023 1421 1916 2207 2571 2888 3092 3214 3392 4432 4517 4529 4891 5449 5476 5790 6012 6559 6600 6663 7278 7293 7933
3124 32 535 714 797 889 1078 1482 2015 2664 2802 4065 5395 5419 5628 5768 6497 7530 7804 7873
3125 1890 1978 2987 3197 3463 3695 4259 4751 5888 6139 6166 6334 7228 7430 7930
3126 157 752 1386 1751 1865 2031 3065 3600 4106 4585 4985 5151 5294 5295 6877 6996 7297 7708
3127 124 333 1017 1483 1532 2001 2117 2208 2265 2564 2742 2856 2910 3261 3731 5153 5472 5909 6489 6612 7455 7703
3128 911 1325 2006 2334 2460 2502 3001 3116 3518 3519 3850 4505 4704 4935 5057 5238 6120 6577 6925 7126 7468 7985 7987
3129 862 874 1393 1596 1842 1921 2023 3206 3516 3702 4045 4461 4812 5149 6155 6310 6607 6837 7059 7519
3130 316 429 478 538 619 810 1165 1764 2245 3396 3902 4388 4491 5324 5326 5768 6098 6135 6436 7225 7321 7768 7998
3131 65 476 908 1313 1367 1747 2306 2373 3390 3656 4145 4230 4323 4358 5332 5478 6351 6409 6535 6655 6920 7044 7649
3132 101 1307 1600 1757 1935 1999 2248 2527 2948 2958 3139 3677 4145 4945 5071 5105 6131 7035 7282 7309 7664
3133 86 901 1278 1287 1578 2035 2043 2688 3045 3384 4142 5008 5493 5825 6318 7709 7952
3134 539 686 1731 2334 2399 2417 2476 2815 2909 3367 3523 4112 4139 4809 5512 5771 7005 7109 7397
3135 365 674 1409 1490 2461 3100 3279 4102 4174 4239 4272 4658 5184 5636 5912 6446 7612 7619 7827 7831
3136 372 598 1630 1930 2229 2240 2262 2323 3222 3551 3844 4140 5988 6460 6681 6823 7085 7801
3137 881 994 1710 1909 2765 3471 3527 3736 4531 4694 4776 5018 5163 5365 5406 5737 5960 6399 6588 7065
3138 76 152 433 531 1181 1407 1852 1999 2775 3495 4083 4560 4756 4821 4855 4912 4967 5841 6052 6472 6473 6535 6582 6988 7193 7296 7729 7772 7852
3139 321 996 1371 1834 2042 2781 3000 3132 3144 3569 4346 4401 4538 4735 5172 5618 6155 6174 6928 7072 7114 7885
3140 440 640 2724 2963 3363 4123 4193 4942 4985 5087 6119 6134 6285 6389 6649 6664 6841 6854 7713 7884
3141 60 818 1010 1536 1818 1910 2235 2516 5437 5891 6037 6082 7247 7782
3142 1456 1559 1784 2502 2745 3106 3888 4974 6742 6853 7535
3143 291 569 1163 2416 2855 3148 3879 3912 4047 4722 5978 5993 6539 6972 7589
3144 141 1582 1738 1946 2238 2838 3139 3390 3406 4292 4420 4495 4698 5252 5816 6065 6631
3145 409 868 1268 1526 2038 2400 2408 2807 2896 3042 3866 3924 4194 4358 4633 4900 5142 5339 5529 5704 6143 6289 6366 6718 6724 6961 7231 7596
3146 690 1252 1327 1565 2158 2164 2355 2469 2526 2577 2898 2947 3121 4707 5503 5656 5657 7047
3147 615 1086 1433 1757 2251 2472 2749 2788 3456 3577 3652 4101 4673 7426 7860
3148 53 110 308 531 673 1096 1411 1458 1901 2891 3143 3667 3929 4231 4304 4509 4552 5031 5993 6045 6156 6160 7561 7789 7840
3149 528 723 981 1901 2199 2718 2742 2971 3571 4011 4429 4638 4714 4871 4922 5145 5396 5438 5456 5512 6042 7350
3150 186 193 475 696 961 1108 1324 2295 2452 2541 2895 3238 3715 3883 4221 5167 5389 5527 6437 6518
3151 122 694 803 1545 1805 2630 3182 3269 3272 3559 3950 4307 4332 4652 4778 4895 5309 5428 5722 5995 6342 6609 6871 7091 7438 7811
3152 153 190 317 566 722 1265 1398 1517 1745 1819 1824 1934 2424 2478 2481 2939 3078 3489 3520 3786 5442 6221 6540 7174 7909 7950
3153 63 1576 1890 1939 2139 2154 2503 3057 3414 4222 4849 4897 5297 5530 5559 5893 6646 7173
3154 689 777 860 1038 1387 1430 1729 2473 2844 3385 4445 5047 5317 6177 6178 6325 7441 7512 7572
3155 63 568 794 1387 1535 1593 2003 2424 3425 3557 3624 3873 6049 7769
3156 66 204 592 998 1095 1414 1609 1780 2106 2427 2575 4140 4362 4464 4609 4826 5172 6645 6793 6800 7398 7500
3157 234 466 728 848 1034 1317 1525 1798 2049 2707 4213 4350 4378 4477 4696 4826 4937 5288 5292 5326 5500 5965 6268 6369 6678 7397 7710 7971
3158 88 377 2971 3044 3977 4222 4652 5235 5261 6524 6872 7151 7661 7684 7773
3159 403 486 888 1452 1470 1627 2102 2982 3052 3263 3576 3969 4120 4128 4243 5261 5428 6234 7270 7328 7455
3160 486 744 903 1139 1814 2097 2336 2594 3122 3276 3436 3776 4213 5207 6827 7895
3161 167 350 455 504 1037 1474 2055 2224 2824 2875 3117 3328 3394 3584 4195 4597 4776 5185 5248 5519 5645 5679 5753 6438 6573 6810 7180 7512
3162 277 738 1300 1428 1740 1933 2244 2327 2554 3399 3597 3806 3885 4268 4877 5088 5476 6411 6476 6863 6961 7782
3163 316 1651 2197 2821 3241 3432 4191 4626 5389 5777 5944 6336 6441 6613 7216 7354 7573 7699 7859
3164 326 387 1132 1157 1584 1830 2003 2076 2839 3003 3718 4439 4822 4988 5095 5677 5826 5984 6276 7861
3165 336 1709 1774 2217 3222 3593 4387 5193 5239 5493 5895 7986
3166 471 719 2410 2453 2472 2655 2915 3471 3689 4622 4655 4664 5006 5118 5539 5846 6833 6841 7128 7277 7614 7693 7696
3167 165 862 1473 2289 2926 5013 5414 6048 6509 7038 7122 7245 7663
3168 510 992 1319 1464 1637 1992 3606 3618 3818 4722 4756 4996 5106 5243 6268 6871 7253 7423 7543 7907 7949
3169 27 55 647 878 2028 2033 2101 2576 2638 2870 2875 2900 3423 3931 4009 4440 4662 5126 5156 5785 5824 5936 6940 7230 7624
3170 69 272 402 715 1051 1151 1308 1353 2367 2519 3475 3854 5241 5717 5735 6224 6541 6596 7654
3171 272 1342 1692 2107 2133 2445 2451 3403 3718 3775 3781 3791 3961 4667 4790 5217 5256 6014 6613 6897 7709 7773 7828
3172 486 878 2721 3537 3750 3816 5474 6155 6276 6563 6614 7031 7083 7928
3173 35 1608 1782 1789 3500 3638 4222 4269 4476 4838 5021 5126 5787 6403 7044 7368 7435 7611
3174 415 1743 2859 3355 3405 3648 3914 3924 4538 4773 4956 5107 5206 5240 5268 5926 6550 6628 6676 6972 7100 7395 7519 7655
3175 23 243 1848 2293 3553 4033 4766 5256 5553 5701 5703 5803 6220 6542 6553 6647 7207 7769 7875
3176 224 534 585 3644 3921 4609 4885 5211 5576 6916 7202 7367
3177 109 649 829 1064 1395 1770 1882 2407 2593 3410 3977 5330 5361 5475 5559 5750 6242 6291 6412 6539 6623 6772
3178 96 366 1543 1948 2135 2865 3268 3335 3966 4706 4984 5630 6448
3179 613 875 1069 1305 2040 2466 2504 2640 2909 3408 3428 3710 4045 4176 4581 5166 5387 6014 6423 6555 6645 6712 6747 6928 6950 7068
3180 692 891 893 1093 1137 1593 2149 2261 2375 2727 2860 2983 3248 3285 3357 3608 3663 3756 4396 4677 5599 6044 7812
3181 362 945 1011 1451 1934 3184 3577 3760 3827 3966 4276 4408 4514 5382 5458 5722 5863 6514 6520 6538 7273
3182 112 237 369 1629 2838 3151 3547 3830 3868 4369 4934 5487 5511 6247 6791 7923
3183 40 231 1517 1882 3016 3119 4660 5347 6085 6126 6242 6775 7126 7256
3184 391 837 1278 1710 1875 2119 2500 2629 3181 4153 4571 4942 5399 7177 7327 7762 7982
3185 215 348 461 567 607 766 1096 1126 1149 1222 1260 1389 1496 1950 2164 2593 3273 4419 4700 4871 6373 6481 7064 7626 7825
3186 143 1130 1995 2096 2242 2901 2945 3036 3806 3991 4068 4617 5299 5542 6375 6528 6653 6934 7130 7138 7186 7694
3187 43 599 750 761 767 1574 1608 1682 1749 1868 2376 2655 2878 3231 3437 3483 3554 4446 4528 4586 4665 4796 5085 6050 6742 7213 7243 7858
3188 8 1112 1159 1348 1631 1755 1948 2026 2836 2986 4032 4075 4414 4790 4870 4940 6462 6699 6775 7077 7089 7178 7186
3189 282 722 1070 1687 1725 2082 2188 2418 2744 3054 3467 4027 4306 4898 5235 5252 6224 6248 6943 6955
3190 75 615 1161 1234 2090 2794 3213 3652 4885 5802 6090 6578 7309 7788 7856 7969
3191 31 257 376 518 623 666 1768 1809 3195 4145 5491 5839 6307 6385 6834 7425
3192 1128 1573 1711 2173 2326 2530 2561 2771 2936 2960 3371 3407 3938 3939 4675 4783 4813 4823 4906 4909 5013 5108 6232 6465
3193 288 448 480 524 918 1273 1802 2417 3330 3405 3850 3933 5340 5762 5788 6615 6947 7806
3194 522 1202 1810 2418 3308 3600 3761 4084 4479 4498 4840 5310 5649 5944 6236 6515 6769 7915
3195 44 104 122 209 1422 1794 2013 2155 2681 2779 2918 2951 3024 3191 4559 4561 4845 5014 5052 5375 6468 6645 6837 6859 7025 7125 7339 7353 7383 7530
3196 197 473 476 1075 2453 2801 3047 3062 3675 3761 3858 4155 4559 4655 4769 5184 5263 5504 6090 6289 6392 6409 6553 6624 6961
3197 897 1165 1704 1752 1833 1894 2103 2201 2538 2567 2600 2702 2922 3122 3125 3462 3617 4203 4718 4804 4948 5007 5459 6267 6440 6696 7038 7185 7587
3198 199 221 279 309 509 639 714 1015 1238 1285 1373 1518 1675 1686 1795 2711 2738 3018 3030 3722 3998 4045 4186 4446 4639 4642 4659 4961 4971 5241 5482 6122 6719 6813 6959 7626
3199 32 118 620 868 1282 1787 2238 2321 2729 2773 2922 2984 3006 3977 3980 4053 4294 4538 4810 6525 6686 6755 7160 7237 7386
3200 160 484 748 2623 3887 3913 3940 4012 4093 4385 4927 5513 6127 6382 6480 6784 7620
3201 256 407 1009 1194 1772 2882 3488 4086 4387 5929 6743 6831 7560 7914
3202 3 866 900 927 1366 1635 1775 2793 2862 2938 3815 3907 4731 5141 5813 6491 7105 7362 7625 7630 7982
3203 50 702 957 1150 1561 2940 2990 3057 3751 4148 4160 4847 5015 5088 5213 5951 6268 6346 6379 6548 6570 6757 7078 7997
3204 186 937 1381 1616 2024 2027 2487 2564 2625 3905 4012 4613 4627 5303 6011 6327 7698 7961
3205 410 783 1214 1465 2235 2545 2769 2815 2842 2906 3428 5179 5783 6834 6958 7364
3206 787 1118 1769 3060 3129 4031 4386 4462 4476 6025 6190 6305 6944 6950 7113 7741 7810 7952 7989
3207 374 458 729 1407 1934 3088 3351 3373 3536 3985 4035 4071 4731 5111 5394 5718 6088 6207
3208 413 542 1378 1838 1887 1931 1960 1992 2217 3894 4238 4917 5221 5478 5678 6190 6521 6731 6970 7692 7700 7702 7978
3209 709 1948 2302 2347 3062 3079 3602 3733 3811 4023 4227 4519 5167 5198 5507 5881 6186 6359 6517 6603 6820 7053 7556 7729 7847 7990
3210 121 156 1571 2367 2470 2671 2906 3453 3731 4982 5046 5109 5547 5592 5679 5706 6417 7271 7990
3211 1271 1355 1653 1919 2117 2313 2992 3261 3269 4201 4933 5056 5608 5984 6718 6945 7220 7654 7721 7997
3212 170 989 2075 2095 2598 4534 4676 4906 5069 5649 5950 6001 6278 7016 7162 7427
3213 386 658 1720 1729 1951 2206 2558 3098 3190 4090 4234 4508 4584 5933 5949 6576 7785
3214 226 303 404 1060 1099 1421 1779 1841 2437 3123 4377 4411 4444 4719 5134 5178 6623 6729
3215 251 1119 1472 2208 2699 3669 4209 4646 4897 5355 5479 5576 5580 6660 6665 6971 7247 7795
3216 570 1256 1263 1470 1477 1681 1749 1877 2479 2863 3109 3685 3707 4060 4277 4365 4793 5005 5021 5370 5378 5851 5861 6054 6974
3217 162 1281 1570 2053 2430 2512 2576 2900 3112 3519 3543 3558 3830 3885 4229 4788 4899 5042 5349 5447 6706 6718 7063
3218 83 548 812 1351 1698 1845 2095 2230 4161 5269 5487 5771 5838 5959 6258 6469 6529 6880 7234 7343 7484 7848
3219 1084 1593 1828 2492 2708 2765 2982 3705 5187 5347 5854 6046
3220 211 1575 1952 2033 2074 2148 2203 2886 4290 4422 4939 5121 5171 5824 5887 7242 7893 7917
3221 251 312 378 435 509 1162 4438 4705 5847 6550 6708 6927 7068 7121 7264 7533 7715 7924
3222 838 868 1068 1130 1614 1972 2172 2788 3107 3136 3165 3387 3777 3916 4426 5311 5506 5657 5924 5931 6559 7155 7310 7363 7826 7927
3223 133 791 1443 1745 2525 2868 3065 3348 3920 4189 4710 4713 5186 5204 5422 5695 5849 5873 6154 7502
3224 40 763 1003 1432 1782 2065 2220 3393 3464 4227 4747 4803 6448 6866 7041 7252 7577
3225 668 1760 1826 2334 2848 2956 3021 3265 3747 3968 3975 4334 5298 6056 6094 6337 6624 6696 6985 7382 7440
3226 876 1066 1200 1569 2130 2825 3094 3231 3278 3510 4900 4958 5527 5953 6107 6176 6582 7052 7454 7731 7842 7856
3227 338 1474 1643 2467 2611 2835 2887 3687 4855 5243 5509 5517 5688 6056 6811 7134 7515 7582
3228 321 1135 1547 1946 2376 2383 2554 2678 2720 5024 5493 5629 5921 7368 7670 7961
3229 161 624 672 992 1132 1539 1563 2630 3120 3631 3768 4363 4678 4777 5511 5526 5759 5819 6005 6736 6884 7181 7587 7765
3230 650 962 1280 1771 2021 2061 2404 2813 4657 5494 6614 7464 7789 7933
3231 407 1558 2687 3187 3226 3585 3699 4117 4201 4779 5048 5387 5716 7123 7336 7492 7544 7970
3232 448 461 991 2022 2182 2689 3322 3340 3732 4250 4852 4872 5016 5059 5919 6539 6556 6822 6972 6984 7123 7608 7792
3233 204 523 1255 1399 1457 2024 2102 2280 2391 3034 3486 5056 5196 5358 5602 5819 7567 7663 7792 7856
3234 489 711 1009 1083 1121 1348 1385 1466 1943 2271 2563 2734 3027 3078 3743 4520 4777 5084 5766 5767 5808 5846 6309 6850 7528 7801 7858
3235 124 528 753 1602 1655 1806 2070 2175 2233 2661 2717 3082 3084 3241 3831 3886 3947 4182 4790 4877 5403 5728 5769 5886 6349 7188 7325 7534
3236 310 546 876 1224 1384 1634 1863 2195 2368 3533 3537 3981 5627 6764 6909 7349
3237 61 76 740 1363 1615 2082 2302 2352 2591 2659 3702 4657 5603 5641 6439 7062 7732 7977
3238 424 784 793 847 1471 1658 2904 2923 3150 4024 4215 4229 4607 4963 5159 5268 6037 6142 6959 7262 7356 7530 7588
3239 8 19 235 907 1293 2955 3000 5154 6103 6882 7600
3240 1186 1516 3079 4076 5109 5550 6418 7138 7493 7716 7991
3241 246 528 540 570 1050 1086 1224 1923 2041 2774 2807 3018 3163 3235 3414 3829 4209 5060 5923 6026 6427 7254 7725
3242 65 437 1240 1398 1805 1885 2865 3900 3933 5063 5877 7335 7588 7784 7825 7862
3243 83 381 1006 1026 1213 1308 1491 1544 2119 2358 2369 2418 2697 2804 3017 3297 3686 4711 5427 6428 7576 7591 7844 7922
3244 149 962 1310 1630 2136 2472 5128 5572 5891 6140 7149
3245 62 453 769 808 819 1029 1691 2149 2618 2646 2695 2707 3822 4145 4150 4604 5513 5766 5859 5884 6172 6270 6492 7006 7895
3246 1123 1394 1592 2076 2820 2835 3073 3271 3490 5240 5610 7011 7276 7611 7838 7893
3247 74 513 813 2429 2930 3079 3643 4347 4510 4936 5581 5731 6404 6661 7825
3248 651 683 772 1235 1402 1603 2198 2579 2684 2895 3180 3684 4266 4578 5711 5794 5816 5986 6179 6347 6747
3249 111 954 986 2387 2669 3041 3471 3948 4409 4415 4491 4838 5544 5568 5982 6229 6605 6958 6967 7183 7384 7437 7486 7873
3250 47 125 778 915 1147 1193 1217 1464 1659 1763 3276 4112 4133 5274 5288 5825 6223 6678 6792 7069 7822
3251 766 1443 1457 1630 2057 2788 2954 3058 3485 3781 4268 4612 5554 5742 6069 6442 6773 6813 7655 7885
3252 732 1239 1624 2073 3487 3748 4017 4106 5878 5880 6348 6475 6621 7383 7530 7684 7741 7959
3253 40 54 66 107 421 587 686 1247 1308 1524 2032 2371 2519 2876 3270 3289 3411 3519 3743 4027 4122 4220 5612 5840 6286 6293 6626 6992
3254 309 371 936 1290 1472 1563 1690 1790 1894 2471 2483 2801 2952 3256 3374 3462 4033 4131 4219 4966 5604 5720 5944 6382 6814 7247 7618 7726 7958 7962 7977
3255 143 355 775 894 1275 1312 2358 3564 3625 4944 5546 5610 5773 5831 6097 6583 6792 7222 7364 7656 7812
3256 503 763 964 1098 1451 1840 2042 3254 3450 3597 3650 4918 5112 5596 5629 6993 7114 7183 7465
3257 468 908 962 1203 1330 2407 2451 2750 3459 3772 4731 5119 6028 6592 6627 7812 7987
3258 413 1011 1350 1651 2345 2948 3106 3678 3960 3979 4032 4764 5462 5816 5938 7218 7638 7717 7722
3259 52 194 846 1013 1031 2270 2862 3498 4107 4971 6774 7201
3260 44 82 145 447 510 1396 1429 1439 1517 1950 2157 2489 3064 3877 5362 5576 5773 5903 6310 6686 7640
3261 381 650 752 937 1655 2197 2624 2641 2948 3127 3211 3605 3756 4305 4646 4964 5255 5417 5710 6503 6828 6990 7326
3262 68 511 580 1527 1656 1715 2194 2335 3004 3049 3440 3733 3939 4022 4148 4349 4591 5372 6031 7075 7207 7580
3263 537 762 778 990 1240 1667 2941 3159 3300 3469 3847 4014 4760 4767 4779 4848 5091 5312 5734 6399 7125 7924
3264 739 868 887 900 969 1433 1799 2005 3273 3483 4654 5105 5317 5788 6465 6599 6823
3265 470 614 940 1124 1193 1828 1945 2529 3225 3301 3611 4625 4721 5195 6018 6656 6681 6997 7069
3266 362 1072 1223 1258 1558 3310 3604 3628 3801 4152 4576 5027 5182 5279 5594 5864 6052 6099 6267 6307 6660 6669 6703 7366
3267 65 317 407 930 1076 1190 1363 1418 1453 1547 2136 2252 2350 2724 4440 4724 4748 5378 5457 5498 5793 6465 6831 7209 7664
3268 137 213 278 396 471 849 1012 1370 1408 1679 2331 2519 2715 2924 3178 3314 3569 4094 4254 4807 5115 5839 5972 6216 6933 6934 6978 7536 7757 7881
3269 91 219 495 2441 3151 3211 3865 4068 4069 4897 6008 6149 6189 6783 7244 7407 7733
3270 678 763 924 1984 2303 2535 2845 3253 3530 3782 3818 4431 4472 5629 5972 6134 6733 6986 7674
3271 152 365 428 480 735 918 972 985 1247 1323 1727 1777 2302 2961 3246 3408 3892 3973 6443 6482 6904 7499 7720
3272 878 1375 1605 2664 3151 3360 3541 3575 3777 4062 5220 5458 5728 5793 5883 5899 6450 7263
3273 53 184 240 965 1160 1346 1497 1535 1615 1863 2308 2481 2578 3072 3091 3185 3264 3934 4123 4434 4856 5306 5397 5538 5657 6517 6537 6614 7155 7436 7555 7936
3274 271 340 672 893 1399 1442 1541 1674 1874 2373 2561 2591 3587 4223 4786 5146 5199 5493 5729 6084 6293 6762 6935 7084 7815
3275 276 1115 2092 2161 2684 3482 6221 6920
3276 231 355 783 1405 1452 2806 3018 3121 3160 3250 3441 3540 5117 5934 7720 7910
3277 12 814 855 1166 1386 1387 1700 2054 2343 2411 2681 2692 2790 3120 4942 5301 5409 5801 6120 6623 7305 7803
3278 1295 1615 1893 2002 3226 3306 3357 3470 3527 3752 4151 4198 4645 5065 5585 6221 7765 7998
3279 185 483 857 982 1314 1549 1602 1610 1818 1849 2311 2392 2950 3135 3344 3418 3573 3588 3823 4086 4171 5697
3280 545 608 840 1001 1026 1679 2120 2190 2696 2801 3121 3403 3931 4272 5273 5414 5900 7169 7320 7325 7586
3281 630 636 663 1591 1637 1898 2852 3466 3604 3858 4614 4711 4799 5259 5273 5756 5952 6168 6484 6523 6551 6736
3282 140 244 471 918 1661 1920 2420 2797 3313 3984 4591 4603 5000 6233 6920 7659
3283 432 616 849 1013 1067 1949 2030 2615 3082 3472 3585 3586 4922 6401 6879 7584 7649
3284 293 998 1108 1556 1580 1745 1898 2085 2249 2384 2391 3507 3905 3945 4042 4143 4248 4719 4771 4838 5137 5804 5843 6847 6980 7377
3285 941 1044 1209 1797 1911 2259 3064 3180 3397 3451 3582 3685 4102 4253 4433 4775 5360 5583 5757 5932 6490 7334 7543
3286 73 508 626 1945 2055 2497 3516 4440 4741 4772 4849 4918 5094 5266 5594 5622 6759 7183 7196 7880 7885
3287 680 1532 1846 2740 4791 5445 5502 5505 5681 5925 6553 6600 6674 7198 7495 7958
3288 127 856 1026 1462 1717 1915 3302 3806 4667 4942 5181 5359 5864 6309 6994 7371 7783 7982
3289 474 721 1602 1985 2629 3253 3354 4128 4312 4314 4651 5455 5553 5740 6689 7013 7139 7202 7375 7663 7724
3290 160 593 816 875 2850 3729 3946 4118 4389 4432 4577 4611 5228 5294 5433 5712 6843 7681 7942
3291 66 486 607 970 1082 1083 1189 1862 2310 2316 2390 2476 2841 4803 5207 5556 5915 6450 7381 7489 7578 7764
3292 781 894 1277 1481 1519 1618 1967 2155 2244 2759 4588 4696 5061 6562 6875 7712
3293 126 472 540 1423 2138 3295 3554 3692 3982 4154 4524 5153 5223 5483 5797 5883 6484 6890 7152 7240 7724
3294 251 340 826 868 952 1471 1498 1651 2214 2249 2688 2981 3441 3548 3752 4055 4139 4541 4777 4788 5198 5906 5998 6870 6903 7541
3295 152 186 339 343 885 2333 2400 2540 2604 2972 3293 3602 3805 4137 4213 4634 4819 4876 5159 5645 5724 5901 6192 6346 6460 6614 7332 7715 7741
3296 28 143 188 778 1112 1214 1263 1337 1675 1989 2326 4002 4318 4507 4738 5204 5242 5880 6475 6904 6956 7179 7350
3297 221 355 531 2102 2587 2665 3243 4191 4195 4510 5512 5954 7622
3298 32 271 1552 1696 2358 2363 2552 2712 3570 3957 4482 4658 4709 4770 4810 5039 5111 6237 6355 6385 6786 6880 6978 7060 7129 7403 7587 7608 7776
3299 63 165 1572 2247 2286 2452 2526 2740 2987 3077 3637 4072 5610 6733 6896 7313 7886
3300 106 194 263 300 700 772 850 1149 2016 2183 2422 3263 3308 3928 4483 5212 5459 6132 6147 6272
3301 1134 1791 2440 2503 3265 3381 3757 4287 4326 5492 5693 5695 5878 6072 6730 6855 7049 7058 7129 7158 7820 7830 7846
3302 55 279 320 843 1336 1571 1575 1642 1829 3106 3288 4042 4091 4269 4636 4985 5531 5638 6513 7214 7886
3303 68 446 671 1301 1343 1949 2318 3954 4268 4428 5215 5457 6292 6544 7654
3304 106 345 431 1016 1066 1114 1139 1562 1826 2186 2425 4305 4417 5288 5763 7126 7208 7877 7902
3305 198 440 748 943 1516 1935 2090 2164 2805 3821 4039 4065 4143 5095 5840 5848 5907 5992 6031 7174 7234 7704
3306 860 1013 1246 1789 1921 2364 2706 3278 3518 3760 4351 4664 4666 4834 5158 5160 5884 5918 6763 7103 7226 7658 7818
3307 58 863 1430 1588 2318 2820 3853 3922 4787 5003 5006 5210 5930 6122 7125 7864
3308 14 486 657 723 1015 1054 1874 2473 2589 3194 3300 3446 3605 3770 3977 4063 4415 4607 4836 4979 5638 5786 6080 6330 7243 7268 7316 7846 7870
3309 146 189 230 844 873 946 2427 2507 3641 3780 4186 4401 4680 4769 5002 5179 5432 5484 5790 5990 5995 6297 7565 7698
3310 269 592 681 704 817 1173 1254 2279 2317 2603 2685 2910 2913 3266 3690 3959 4048 4051 4689 5468 5730 6555 6709 6813 6829 6943 7250 7847
3311 851 1249 1351 2969 3389 3440 3805 4096 4172 4514 5653 7263 7593 7654 7744 7856
3312 2092 2796 2947 2975 4070 4156 4375 4595 6130 7128 7424 7605 7642 7892
3313 18 233 244 1336 1843 3282 3379 4351 4540 5316 6360 6651 6741 7302 7658 7679 7687 7833 7842
3314 109 456 733 2845 3268 3353 3417 4702 4755 5113 5390 5516 6075
3315 925 930 1502 1586 1806 2156 2268 2433 2875 3593 3985 4016 4137 4664 4848 4860 6261 7628
3316 121 465 980 1440 1571 2058 2469 2890 3100 3630 3845 3980 4145 4191 4594 6744 6993 7106 7957
3317 573 1565 2014 2101 2135 2634 2670 2826 2944 3741 3863 4066 5553 6277 6285 7478 7675 7694
3318 185 456 573 701 932 1219 1384 1878 2511 2692 2894 2958 2983 3850 4424 5220 5272 5440 5643 5662 6237 6490 6562 6598 7061 7538
3319 135 244 608 1054 1177 2170 3421 3610 4100 4824 5068 5183 5287 5364 5743 6761
3320 28 1108 1148 1488 1597 1807 1897 2798 4132 4386 4657 4819 6113 6403 6756 6824 7452 7565 7584 7624 7922
3321 44 245 348 359 546 678 985 1156 1248 1521 3076 4526 5013 5952 5989 6065 6435 6445 6682
3322 493 1029 1066 1082 1305 1617 1782 1833 1953 1959 2296 2543 2575 2846 3232 3412 3604 4898 5194 6138 6259 7034 7362
3323 251 301 460 726 1030 1563 2220 2744 4086 4629 5328 5445 6096 6557 6813 6953 7729
3324 278 412 698 1233 1335 1526 2330 2880 3819 3970 4000 4019 4161 4947 5413 5944 6272 6431 6697 7759
3325 292 997 1294 1522 1819 2039 2486 2971 3363 3427 3542 3655 4087 4107 4256 4310 4493 4767 5739 5876 6571 6622 7201 7308 7464 7488 7513
3326 554 2391 2672 3548 3686 3935 4230 4756 5101 5545 5674 6003 6262 6432 6967 7209
3327 589 813 1067 1108 1315 1522 1873 2056 2324 2485 2506 2758 3513 3613 3616 3795 3802 4189 4337 4539 4585 5145 6264 6385 7313 7680
3328 88 172 774 1185 1393 1591 1732 1994 3161 3851 4596 5215 6269 6470 6471 6569 6586 6816 7126 7139 7576
3329 1882 2029 2109 2891 3392 3723 3931 4166 4259 4586 4917 5218 5703 6513 6801 7061 7086 7124 7282 7464 7775 7947
3330 615 671 808 829 960 1470 3056 3193 3568 3624 4186 4977 5276 5335 5774 6150 6343 7550
3331 28 162 644 908 1421 2793 2852 3492 4379 4826 4896 5187 5418 5587 5950 5961 6268 6904 7423
3332 206 530 642 1477 1624 1745 2552 2742 3422 3469 3563 4387 4444 4606 5615 6325 7069 7090 7787 7810
3333 305 307 537 603 750 889 1222 1265 1813 2144 2157 2199 2948 3995 5182 6588 6764 6884 7047
3334 12 96 371 442 664 752 1411 1477 1499 1633 1646 2437 2616 3025 3409 4000 4082 4594 4818 4834 5249 5642 5748 6342 6822 6939 7223
3335 629 1703 1760 2373 3178 5236 6303 6455 6657 6687 6827 6990 7092 7971
3336 323 326 430 819 1144 1459 1490 1508 2271 2579 3460 3776 3997 4481 4581 4609 4735 4921 5590 6034 6392 6458 7122 7359 7831
3337 555 1464 1871 2127 2210 2497 3425 3721 3724 3939 4046 4717 5070 5132 5493 6328 6810 7253 7951
3338 414 821 1256 1495 1991 2007 2615 2735 2747 3493 3600 3817 3961 4749 4790 5480 5528 6558 7195 7842
3339 423 931 1575 1614 2358 3043 3069 3888 4017 4432 4445 4630 4819 5463 5525 5606 5662 7506
3340 452 618 733 1405 2078 2406 2822 3232 3492 3976 4287 5428 5519 6072 7055 7212 7909 7932
3341 585 593 1823 2062 2930 2946 3383 3815 3916 4096 4726 4753 5446 5603 6387 6468 6808 7162 7371
3342 541 744 760 1222 1973 2147 2490 2778 2911 3036 3792 3992 4495 5217 5390 5412 5424 5678 5716 6164 6202 6230 6295 6524 6853 7271 7911
3343 389 1634 4713 5115 5791 6094 6116 6679 7028 7832
3344 182 488 628 667 889 1170 1336 1446 1485 1936 2812 3101 3279 3926 4098 4265 5166 5272 5396 5672 6665 6751 7380 7535
3345 788 1399 2022 2257 2577 2597 2784 3813 4719 4960 5163 5817 5944 6155 6692 6700 6872 7499 7573 7591
3346 72 238 276 1970 2519 3876 4352 4482 5037 6088 6663 6931 7497 7973
3347 35 502 1439 1935 2127 2335 2632 3952 5314 5343 5869 5929 6399 6912 7256
3348 244 1073 1463 1678 2422 2584 3000 3223 4562 4820 5253 5409 5619 6499 6538 6691 6875 7346 7478 7759 7900
3349 129 1501 1519 2094 2174 2823 4600 5220 5349 5742 6035 6796 7364
3350 48 327 408 716 1257 1586 1735 2312 2351 2414 2477 3100 3728 4169 4284 4483 4558 5411 5439 5602 6102 6159 6177 7408
3351 22 311 627 644 1564 1712 1862 2631 3207 3420 3558 3679 4179 4258 4298 4786 4837 5315 6384 6998 7151 7214 7468 7563 7860 7900
3352 436 1080 1508 1522 1706 1750 1856 3883 4120 4512 4892 5165 5656 5681 6943 7198
3353 74 290 296 763 1313 1710 2130 2438 2677 2979 3007 3314 4145 4170 4299 5296 5564 6831 7004 7785 7979
3354 729 1382 1863 2943 3289 4030 4320 4348 4489 4595 4894 5402 5817 6030 6127 7972
3355 490 526 751 866 1181 1498 1613 1811 3174 3395 4027 4257 4405 4640 4891 5187 5661 5803 6256 6414 6899 7170 7244 7871 7905
3356 69 333 408 1890 2113 2244 2409 2426 3080 3596 4336 4960 5123 5370 5445 5594 6462 6634 7589 7905
3357 296 665 1031 1229 1354 1890 2132 2370 2727 2817 2962 3180 3278 3571 3680 4519 5603 6031 6194 6196 6665 7281 7510 7604 7628 7692
3358 60 450 809 1010 1197 1667 2102 2247 2357 2452 2461 3808 3853 3884 4088 5010 6196 6531 7110 7325
3359 238 354 763 815 1569 2391 2511 2684 4115 4128 4163 4254 4433 4497 4805 5337 5344 5895 5936 7804
3360 66 653 984 1359 2016 2019 2147 2329 3272 3439 3932 4637 4700 4714 5078 5431 5475 6678 6933 7116 7364
3361 67 705 800 981 1328 1700 1948 1993 2326 2345 3991 4131 5340 6175 6543 6613 7807
3362 854 877 1146 1525 2305 3649 3763 3783 4181 4231 4756 5277 5377 5455 6009 6284 6371 6420 7168 7413 7479 7850
3363 335 341 872 906 2559 3140 3325 4269 5286 5974 5983 6372 6735 7105 7550 7659
3364 627 1056 1629 1959 2009 2033 2393 3650 5168 5173 5765 5841 5876 6170 6540 6983 7372 7819
3365 307 719 912 1069 1923 2329 2727 3633 3768 3850 4096 4518 4545 4719 5242 5356 5480 5485 6121 6750 6766 6871 6996 7230 7384 7811
3366 50 714 1028 1598 2286 3939 4555 4786 5273 5355 5576 5949 5981 6141 6549 7018 7373 7736 7916
3367 333 358 482 852 1311 1835 2434 2775 2900 3134 4944 5631 5842 5907 6067 6179 6896 6934 7039 7094 7132 7573 7620
3368 216 268 541 998 1880 1946 2297 2323 3421 4445 5029 6195 6506 6651 6885 7054 7313 7797
3369 80 524 1154 1253 1685 1917 1921 2195 2445 2757 2866 3029 3780 4153 4559 4988 5245 5323 5994 6422 6845 6856 6993 7784
3370 558 806 813 1060 1326 1389 2088 2236 2648 2914 3619 3978 4219 5829 5893 5947 6003 6005 6112 6981 7062 7343 7374 7750
3371 88 267 304 764 945 1179 1193 1414 2392 2929 3023 3192 3466 3643 3921 4439 4988 5295 5886 7232
3372 208 582 718 756 1822 1882 1912 2271 2501 2744 2757 2899 3834 4153 5413 5496 5899 6101 6187 6328 6878 7260 7280 7470
3373 385 1072 2209 2563 2703 2836 2963 3207 3432 3647 3917 5207 5756 6456 6904 7282 7571 7934
3374 401 618 689 1570 1794 1912 2068 2083 2234 2448 3254 4637 5288 5699 6186 6190 7123 7453 7915
3375 114 1069 1360 1945 2106 2757 2807 3103 4023 4032 4098 5420 5603 5959 5963 6671 6755 6978 7421 7648 7715 7725
3376 219 377 503 654 1068 2067 3110 3575 5499 5970 6124 6376 7022 7430
3377 155 350 509 1814 1982 2107 2366 2878 3847 3877 4117 4174 4219 4838 4910 5125 6593 7733 7914
3378 264 295 748 1010 2175 2199 2249 4078 4173 5321 5618 6279 6299 6734 6962 7084
3379 119 139 522 935 1369 1522 1760 1891 2229 3313 3665 3686 3730 3909 3910 4063 5078 5206 5621 6364 6950 6988 7275 7424 7649 7757
3380 592 737 1020 1667 2186 2417 2616 2746 2886 3104 3744 3837 3869 4401 5177 5420 6400 7368 7645
3381 259 374 411 2587 2839 2897 3301 4102 4240 5861 6927 7099 7252 7296 7411 7975
3382 381 941 1666 1853 2501 2881 4058 4593 5240 5452 5706 5868 6348 6427 6695 7464 7570 7670 7811 7854
3383 315 508 617 714 1170 1553 2286 2299 2355 2367 2408 2606 3341 4774 4864 4964 5006 5853 6485 7187 7395
3384 395 993 1813 2283 2483 2543 2716 3133 4489 5002 5594 6629 7023 7080 7205 7629
3385 817 894 1164 1574 1733 1872 2693 2780 3154 3502 3678 4235 4447 4694 5049 5421 5559 5625 6059 6213 6338 6755 7094 7204 7510
3386 376 1022 1047 1291 2138 2359 3051 4328 4796 5010 5689 6141 6536 6625 7010 7514
3387 108 216 2898 2921 2928 3222 4119 4131 4224 4809 4968 5121 5128 5943 6192 6448 6643 6864 7657
3388 1204 1808 2031 2271 2798 3100 3104 3808 4453 4659 4746 5012 5923 6071 6588 6669 7868
3389 165 244 1105 1262 1389 1397 1433 1628 1695 1700 3311 5610 5840 6193 6340 6714 7002 7095 7149 7488 7874
3390 466 1125 1908 2473 3131 3144 3403 3641 4078 4139 4499 4758 4942 5327 5350 6011 6185 6496 6521 6571 6598 6928 6950 6953 6993 7130 7461 7666 7924
3391 80 1188 1253 1403 2067 2383 2664 3824 4063 4108 4249 4770 4988 5245 6141 6359 6841 7193
3392 438 553 1385 1670 2063 2088 2133 2507 3123 3329 3608 4272 4608 4624 5255 5700 5764 6057 6177 6455 6829 7065 7599
3393 89 233 234 589 598 1149 1255 1979 3224 4257 4468 4979 5125 5780 6559 6584 6686 7256
3394 1233 2410 2449 2691 2714 3030 3082 3161 3430 3514 3792 3950 4079 4269 4364 5153 5390 6054 6438 6761 6773 6877 7365 7553
3395 1152 2023 2937 3355 3400 3667 3945 4269 4347 4376 4775 5217 6588 7064 7197 7384 7845 7865
3396 554 563 603 817 1314 2299 2793 3130 3483 3910 4333 4569 4643 5501 5528 5623 5735 7257 7320 7843 7880
3397 526 584 888 919 945 1337 1665 1700 1886 1920 2078 2291 3107 3285 3645 4243 4714 5239 5461 5631 6440 6461 7727 7733
3398 1228 1431 1704 1761 2167 2248 2893 3461 4425 4682 4843 4994 5141 5283 6923 7730
3399 552 1127 1168 1753 1991 2163 2835 2863 2935 3073 3162 4625 4893 5106 5737 5815 6411 6613 6799 6875 6975 7509 7594
3400 297 1076 1444 1899 2399 2532 2912 2989 3395 4175 4421 4630 5087 5161 5268 5377 5848 6236 7676 7713 7825
3401 188 842 1070 2163 2183 2683 3518 3614 4080 4754 5507 5990 6053 7677 7730 7999
3402 40 278 406 648 926 1304 1637 2832 2842 2952 2976 4689 4896 5520 5890 6309 6613 7548 7625
3403 237 245 709 734 960 1349 1565 1605 2194 2789 3171 3280 3390 3759 4372 4894 4913 5011 5022 5038 5343 5457 6175 6990 7128
3404 527 797 1138 1214 2053 3024 3638 3724 3817 4061 4323 6147 6640 6801 7736 7747 7754 7920
3405 447 1211 2168 2478 2659 2740 2889 3174 3193 3447 3657 3878 4132 4195 4372 4604 5880 6332 7269 7388 7782 7919
3406 313 826 1589 2389 2693 3070 3144 3450 3987 5471 5540 6844 7164 7173 7261 7387 7920 7953 7954
3407 197 475 602 1028 1191 3192 3681 4376 4581 5385 6042 6790 7001 7045 7059 7323 7349
3408 675 1444 1639 1779 1905 2084 2428 2807 2938 3179 3271 4055 4597 5332 5336 5959 6198 6474 7596
3409 96 615 932 1660 1744 1750 1815 2063 2074 2371 2681 2972 3334 3688 4006 4339 4545 4605 4674 4678 6078 6315 7004 7217 7815
3410 314 422 1573 1965 2033 2063 3177 3904 3941 4616 5104 5315 5437 5501 5800 6231 6780 6810 7145 7561 7622 7697 7999
3411 90 112 1530 1775 1805 3253 3618 3881 4176 4620 4911 5085 5674 5821 6256 7256 7690
3412 494 1052 1124 1156 1955 2023 2092 2554 3095 3322 4068 4673 5539 5695 6354 6435 6607 6697 6952 7606
3413 104 901 1198 1829 1903 2398 2696 3436 3750 5762 6722 6837 6979 7016
3414 283 801 1211 2019 2090 2299 2448 2482 2767 2855 3153 3241 3639 3767 4247 4357 4442 5174 5245 5559 5603 5813 6331 6392 6838 6851 7713 7818 7922
3415 140 263 295 296 537 1165 1381 1882 2287 3686 4056 4180 4381 4903 4957 5674 6274 6560 7286
3416 329 616 689 768 963 1091 1579 2345 2633 2707 2792 3700 3745 4271 4697 5149 5311 6049 6551 6828 6875 7333 7445 7647
3417 1783 2155 2529 3314 3744 4264 4574 4758 5127 6908
3418 399 604 611 701 2012 2144 2290 2559 2672 2978 3011 3279 4286 4410 4755 5290 6376 6698 6813 7236 7376 7655 7839 7949
3419 83 214 724 1534 2429 3523 3646 4630 6144 6215 6285 6373 6420 6521 6567 6982 7152 7677
3420 1737 1824 2202 3351 3614 3616 4063 4675 5007 5039 5077 5479 6139 6251 6315 6736 6816 7163 7867
3421 72 461 1343 1837 2196 2232 3319 3368 4263 4752 4907 5015 5222 5315 5464 5916 6458 6530 6779 7074 7186 7425
3422 934 1372 1610 2010 2191 2411 2868 3071 3332 4497 4938 5675 6858
3423 138 232 456 498 719 1522 1649 1991 2042 3169 3615 4024 4027 4065 5017 5279 6248 6373 6537 6819 7126 7993
3424 159 282 607 818 1304 1510 2083 4099 4296 4769 4787 5564 6168 7059 7393
3425 121 193 368 663 997 2896 3155 3337 5179 5264 5459 5776 6204 6413 6959 7350 7549 7659 7848 7912
3426 30 662 875 1180 1227 1715 2161 2528 2575 3956 3968 4106 4185 4300 4356 4435 5033 5060 5713 6074 6636 7257 7429 7544 7793
3427 1366 1411 2614 2677 3325 3829 4410 5436 5626 5816 6038 6267 6359 6952 7791 7796
3428 362 651 949 964 1027 1118 2167 2495 2714 2731 3092 3179 3205 4140 4287 4369 4420 4431 4691 4850 5222 5357 5846 6058 6089 6098 6178 6573 6843 6996 7312 7349 7596 7729 7740 7769 7929
3429 838 1388 1600 1726 1841 2466 2952 2995 3059 3577 4292 4636 5419 5634 7055 7804 7877
3430 828 2211 2319 2699 3394 4116 4344 4698 5635 5938 6153 6266 6657 6834 7108 7208
3431 202 345 1282 1611 3772 3794 4225 4557 5579 5635 6130 7187 7236 7567 7569 7939
3432 404 1935 2560 2649 3080 3163 3373 3503 3547 4090 4315 4338 4611 4960 5122 5150 5611 5818 6098 6474 6953 6958 7446 7534
3433 104 352 597 1148 1289 1379 1951 1958 3045 4072 5396 5637 5672 6122 6713 7078 7325 7574
3434 125 1176 2676 4318 5000 5392 5702 5886 5930 6272 6878 7710
3435 132 155 370 582 587 1482 1579 1653 1685 1880 2461 2808 2920 3022 3459 4475 4815 5899 6741 6985 7179 7758
3436 323 378 567 1561 1901 2468 2550 2656 3005 3160 3413 3823 4871 5172 5848 6492 7773 7976
3437 341 730 754 1228 1450 2395 2546 2663 2882 3187 3654 4985 5015 5505 5515 5671 7683
3438 4 222 301 571 767 806 1037 1760 2017 3659 3759 4858 5342 5404 5832 6138 6670 7281 7754
3439 350 475 733 1499 3360 3500 3788 4032 4154 4181 4411 5375 5577 6524 7741 7880
3440 95 232 422 885 1753 1884 1907 2452 2533 2752 3262 3311 3580 3666 4247 4337 4465 4477 5091 5245 5269 5506 6118 6184 6679 6887 7148 7185 7359 7473 7786
3441 59 206 335 509 562 1022 2513 2578 2622 2637 2896 3276 3294 3921 4234 4642 4688 5402 6670 7173 7178 7489 7578 7756 7923
3442 1 239 464 732 1086 1232 2277 2615 3515 4711 5131 5675 6079 6359 7534 7560 7638
3443 93 414 565 580 834 1063 1419 2276 3713 4833 4977 5116 5138 5392 6205 6581 6907 7455 7557 7688 7906
3444 454 1155 2247 2359 2442 2512 3553 4098 4973 5153 5486 6089 6333 6447 6996 7016 7148 7501 7583 7650 7700 7760
3445 116 195 251 750 1092 1371 1388 1493 2056 2070 2916 3603 3961 4083 5285 5479 5695 7083 7628
3446 24 73 659 661 1788 2099 2922 3308 4077 5691 6188 7093 7119 7244 7714 7828
3447 515 787 1204 1448 2003 2251 2616 2780 3405 3834 4298 4773 4797 5173 5255 5360 5400 6865 7016 7039 7385 7684
3448 337 493 1727 2195 2274 2573 2729 4309 5459 7313 7335
3449 956 1076 1606 1696 1904 1952 2414 2854 2938 3533 3948 4084 4172 4291 4597 4864 5165 5300 5335 5972 6322 6624 7056 7798
3450 119 180 381 593 620 698 794 1334 1422 1541 2140 2247 3256 3406 3842 4172 4191 4681 4882 4895 5017 6348 6658 7514
3451 301 308 598 1012 1082 1114 1309 1466 2272 2731 3285 3703 4301 4883 5047 5073 5152 5208 5403 5642 6229 6358 6419 6813 7224 7289 7446 7895 7925
3452 428 1270 1802 2088 2951 2966 4157 4270 4357 4746 6753 6876 6944 7105 7545
3453 394 1542 1564 1586 1661 1843 2640 2737 2912 3210 3558 4526 4651 6144 6434 6576 6908 6948 7201 7278 7339
3454 22 93 455 456 607 727 924 1398 2453 2495 3873 4111 4264 5446 6411 6641 7233 7768
3455 436 758 1215 1916 2525 3675 5788 6106 6461 7356 7407 7619 7621 7905 7981
3456 112 244 1157 2251 3147 3786 3988 4237 6009 6410 6504 6670 6675 7369 7513 7814 7972
3457 641 1001 1103 1287 2287 2449 2536 4206 4504 4927 5202 5745 5961 6114 6357 6542 6809 7021 7208 7397 7897
3458 1008 1075 1425 1737 1911 2388 3574 4105 4144 6491 6560 6605 6621 6749 7124 7843
3459 310 996 1084 1190 2555 2969 3027 3077 3257 3435 3471 3983 4291 5280 5297 5557 5781 7182 7418 7572
3460 44 350 555 1605 2287 3336 3745 3953 4342 4511 5088 5629 5880 6222 6254 6364 6971 7143
3461 670 736 1123 1361 1771 2314 3398 3511 4457 4571 4855 5609 6607 7275 7313 7802 7989
3462 8 52 241 787 850 897 944 961 1101 1183 1314 2524 3085 3197 3254 3832 5181 5277 5576 5658 6353 6442 7556 7783 7889
3463 148 219 994 1690 2230 2480 2651 2726 2941 3125 4554 4640 5403 5597 7002 7673 7911
3464 930 1781 2022 2046 2304 2484 2743 3224 4605 4775 5723 6158 6354 6620 6973 7275
3465 367 575 584 1206 1229 1537 1792 2063 2556 4103 4708 4935 5093 6225 6417 6460 6763 6780 7292 7549
3466 743 1622 2556 3281 3371 3523 3682 3768 4263 4308 4456 4522 4700 4879 6064 6539 6965 7189
3467 245 414 562 858 1589 1605 2058 2919 2922 2934 3189 3542 4988 5556 5946 6093 6193 6254 6617 7423 7843
3468 1494 2071 2644 2649 2712 2877 3765 4743 5314 6076 7533
3469 896 1077 1093 2670 3263 3332 3582 3923 4012 4025 4704 4718 4781 4856 5382 5626 5667 6055 7335 7635
3470 308 976 1378 2049 3278 3685 3879 4570 5212 5652 6145 7406
3471 448 674 1248 1449 1523 2604 3137 3166 3249 3459 3517 3637 4293 4357 4491 4565 4835 4912 5611 5812 6506 7481 7500 7562 7889
3472 59 913 1117 2719 3283 4129 4396 4414 5303 6071 7517
3473 437 1193 1248 1895 2041 3076 3683 3835 4912 5366 6801 7222 7508 7892
3474 271 451 834 1066 1253 1297 1733 2049 3668 3793 4930 4999 5078 5112 6209 6507 6643 6861 7185 7477 7741
3475 752 1779 2237 2241 2998 3170 4417 4678 5148 5709 5950 7323
3476 1351 1637 1860 2880 2916 3753 4003 4196 4887 5697 6086 6335 6696 7164 7206 7505 7993
3477 23 511 1413 1663 2097 2973 3903 3947 4102 5120 5146 5300 5816 6388 6393 6823 6896 7377 7485
3478 172 187 490 1083 1246 2811 3685 4600 5149 6742 7545 7633 7640
3479 733 983 1965 2192 2302 2457 2612 2670 3036 4909 5239 5265 5649 7499 7817
3480 109 825 940 948 1740 1815 1873 1996 2688 2748 3876 4945 5304 6507 7511 7737
3481 599 1392 1871 2221 3629 3985 4546 4652 4858 5602 5808 6694 6870 6957 7044 7398 7788
3482 92 382 450 753 805 1030 1867 2159 2479 2531 2793 2912 3275 3905 4165 4711 4870 5051 5486 5836 6371 6414 6579 6668 7149 7547 7892
3483 1215 1605 1663 1861 1935 2740 3187 3264 3396 3786 4102 4525 5161 5332 5836 5969 6084 6366 6606 7304
3484 134 230 396 893 1070 1491 1560 1585 1948 2028 4401 4859 6162 6189 6853 6889 7224 7558
3485 43 262 288 550 1068 1630 2826 2970 3251 3729 3858 4335 4358 5348 5666 5721 5991 6342 6472 6515 6518 6624
3486 925 1550 1556 1613 1622 1651 2038 2253 2735 2847 3233 4098 4738 5793 6300 6941 7336 7559 7565 7584 7802
3487 23 655 696 1135 1283 1971 2087 2113 2302 2858 3091 3252 4325 4515 5011 5612 6397 6513 6853 6927 7057 7387
3488 679 852 854 1298 1309 1917 2048 2610 2738 3201 3526 3868 4040 4325 4516 4948 5048 5237 5315 5986 6242 6504 6667 6856 7339 7380 7572 7677 7978
3489 129 299 361 771 2130 2753 3152 5621 5866 6512 6536 6977 7338 7847 7942
3490 293 446 505 1122 1345 1885 3086 3246 3556 3997 4565 5467 5683 6067 7677 7732
3491 910 1256 1926 2715 2777 3722 4319 4351 4410 5504 5603 6264 6408 6772 6783 6909 7085 7107 7118 7460
3492 470 1469 1613 1703 1717 1832 1849 2367 2791 3331 3340 4585 4899 4978 5130 5302 5405 7498 7763 7869
3493 425 655 810 1068 1330 1862 1936 2387 2844 3338 4330 5243 5884 6553 7267 7298 7935
3494 622 885 999 1808 1869 2096 2588 2606 2830 3804 4871 5117 5739 5979 6991 7130 7273 7766 7968
3495 152 219 1030 1335 1562 2191 2255 2257 2655 3138 3932 4016 4765 5560 6436 6808 7057
3496 83 729 1064 1309 1518 2491 2595 2855 2964 3713 3821 4122 4344 4575 5089 5405 5804 6473 6512 6532 7568 7653
3497 223 364 482 647 830 2087 2248 2564 3684 4602 4630 4875 5460 5467 5579 6393 7413 7455 7981
3498 157 623 730 949 1134 1976 2274 2493 2969 3259 4241 4518 5205 5417 5655 5922 6244 6847 7553 7705 7846 7956
3499 11 499 1971 2111 2798 3084 3924 4561 4807 5183 5187 5724 6245 6362 6936 7475
3500 91 843 867 1348 1650 1892 2158 3173 3439 3506 4440 5137 5321 5417 5629 6138 6777 7023
3501 291 341 394 467 924 1108 4166 4243 4291 4448 4894 5052 6284
3502 433 1551 2080 2114 2938 3385 3607 3684 4752 4894 4958 5258 5747 6409 6595 6922 7106 7596 7781
3503 211 664 729 1177 1629 1695 2470 2518 2599 3432 3830 3852 4107 4173 4627 4664 4939 5274 5458 6247 6820 7376 7562 7577 7969
3504 551 1050 1386 2359 3768 3987 4004 4683 4822 5236 6103 7074 7336 7629
3505 174 223 706 857 1362 1473 1482 1934 2023 2840 4371 4540 5362 5565 6876
3506 509 567 584 1097 1437 1999 2072 2963 2995 3500 3917 4657 4760 5335 5813 5880 5971 6359 6661 6785 6837 6942 7020 7479
3507 357 429 978 2516 3284 3645 3682 3815 4250 4581 4821 5096 5194 6036 6282 6379 6551 7057 7235 7254 7536
3508 55 378 607 1009 1199 1683 2055 2104 2150 2298 2868 3606 4856 4992 5489 6787 7039
3509 905 1665 2805 3109 3611 3868 3953 5629 5636 5701 5806 5960 6012 6912 7030 7242 7872
3510 818 925 1012 1081 1307 1538 1680 1896 1946 2552 2741 3226 3728 3951 4069 4140 4141 4246 4466 4518 4928 6644 7173 7474 7591 7682
3511 225 379 869 1298 1496 2070 2201 2559 2914 3461 3515 3558 5013 5811 5978 7808
3512 378 1259 2037 2532 3948 3955 4846 5237 5270 5637 6043 6290 6411 6464 6486 6646 7441 7605
3513 189 818 837 1239 1544 1579 1591 1953 1983 2112 2249 2512 2535 2641 2724 3327 3734 4292 4337 4774 5037 5046 5308 5537 5974 6521 6677 7167 7348 7435 7798
3514 82 144 959 1003 1246 1512 2378 2461 2551 2671 3013 3394 4172 4611 4689 4859 5207 5432 6066 6779
3515 138 165 884 2060 2074 2614 2673 3091 3442 3511 4369 4451 4688 4871 5131 6329 6772 6946 7240 7409 7624 7777
3516 61 142 1226 1382 1528 2227 2343 3129 3286 3536 3637 3656 4435 5346 5653 6472 6921 7574 7590 7661
3517 1059 1746 1935 2179 2517 2550 2804 3471 4031 4083 4261 4356 4809 5251 5282 7272 7738
3518 521 736 765 835 917 1237 1619 1666 1876 2019 2280 2302 2609 2979 3128 3306 3401 4190 4351 5034 5837 6553 6838
3519 198 345 413 650 886 1438 2185 2198 2893 3128 3217 3253 4609 5036 6198 6318 6567 6621 7221 7364 7586
3520 1854 2149 2776 2965 3030 3107 3152 4177 4742 4765 4786 4843 4895 5231 5301 5605 6070 7170 7272
3521 35 178 416 1307 1745 1809 2112 2294 2356 2432 2441 2540 2984 4012 4085 4965 5731 5918 5971 6015 6109 6121 6378 6943 7396
3522 514 851 1199 1310 1381 1750 1968 2291 2322 2453 2536 3558 4290 4458 5197 5690 7120 7634
3523 95 977 1605 1836 2109 2525 2532 2602 3134 3419 3466 3547 3608 3898 4548 4673 4701 4945 4970 5491 5644 6048 6264 6693 6746 7001 7434 7574
3524 578 779 1218 1567 1862 2653 2738 2750 3825 4020 5545 5586 6093 6833 7014 7394
3525 378 404 799 1715 1852 2405 2481 2641 2748 4045 4672 4725 4980 5627 6621 6866 6974 7480 7619
3526 232 396 813 968 1222 1310 1442 2206 2485 2736 2887 3488 4479 5076 6994
3527 6 140 158 760 992 1237 1326 2197 2286 2333 2700 2905 2919 3137 3278 3758 3832 4644 5650 6232 6780 6824 7128 7172 7829 7905
3528 1106 1107 1948 2829 3006 3744 3932 4285 4286 4317 6723 6935 7096 7793
3529 856 1436 2374 2739 2746 4136 4995 5461 5658 5685 7072 7242 7903
3530 73 207 495 625 697 1833 1976 2035 2101 2914 3270 4185 4221 4758 4793 5552 5598 5651 5706 5761 6659 6955 7303
3531 54 289 325 763 1049 1251 1701 2737 2989 3602 4129 4657 4695 4708 5293 5617 6547 7126 7378 7499 7972
3532 1 36 285 452 845 1192 1506 1977 2087 2536 2706 2931 3643 4769 5179 5960 7052 7169 7893 7918
3533 135 195 217 241 343 355 987 1205 1334 1475 2332 2735 3236 3449 4345 4387 4440 4999 6634
3534 1258 1753 1956 2341 2994 4434 5136 5212 6092 6508 6599 7054 7623
3535 83 138 1425 1447 1530 2030 2314 3687 4398 5168 6234 6296 6429 6607 7249 7448 7559 7574
3536 589 703 796 1199 1575 2014 2460 2509 3064 3207 3516 3924 4496 5929 7544
3537 131 155 581 896 1489 2403 2824 3172 3236 3610 3777 4383 4650 4656 4875 5000 6038 7717
3538 54 242 1073 1396 1431 1598 1640 1765 1784 2266 2322 3016 3082 3808 4136 4383 4386 4625 4791 4832 5285 6010 6114 7348 7953
3539 85 502 530 1369 2145 2400 2690 3931 3993 4009 4164 4170 4200 4402 4996 5268 6119 7211 7579
3540 530 1308 2190 2294 2888 3276 3814 4145 4216 4240 4278 4438 4638 4983 5510 5580 7219 7491 7573 7794 7826
3541 32 136 1791 2334 2778 2809 3272 4278 4495 4505 5486 5509 6379 6432 6484 7080 7429
3542 76 926 1819 2423 2579 2829 3325 3467 3633 4792 5161 5886 6328 6504 6579 6873 7475 7543 7948 7989
3543 190 261 914 1365 1907 2061 2131 2332 2434 3217 3621 4797 5034 5662 5740 6287 6656 7014 7260 7545 7612
3544 105 654 1728 1979 2813 4824 4865 5176 6143 6161 6826 6902 7909
3545 388 524 768 921 1242 1318 1399 1767 1964 2307 2838 3791 3808 3900 4034 4462 4577 4673 5076 5182 5228 6006 6679 7134 7196 7214 7439 7628
3546 153 390 1099 1518 1806 1969 2343 2716 3676 3855 4149 5021 5519 7090 7388 7580 7612 7757
3547 294 490 646 818 919 1594 1629 2869 2884 3007 3182 3432 3523 4003 4096 4687 4899 6072 7204 7470 7749
3548 409 413 1178 1551 2346 2535 3294 3326 4713 4988 5835 5883 5973 6220 6619
3549 304 362 1352 1612 2125 2315 4105 4257 4323 4360 4840 5019 5166 6166
3550 424 517 1803 1852 2016 2137 2318 2597 4173 4217 4236 4677 4722 4748 5076 5137 5587 5939 5973 6426 7464
3551 1105 1434 1546 2145 2537 2931 3136 3552 3664 3814 4048 4109 4552 4771 4999 5552 6193 6719 7310 7810
3552 113 934 1278 1576 1584 2126 2211 2281 2581 2894 3551 4227 4451 4915 5435 5733 5912 6588
3553 251 544 710 981 1731 2754 3175 3444 3595 4109 4394 4982 5083 5601 5679 5799 6172 6300 6668 7597
3554 206 1009 1553 1805 2076 2133 2757 3019 3187 3293 3801 3822 4069 4947 6139 6164 6216 6420 6738 6864 6866 7658 7892
3555 782 990 1589 2635 2659 2868 3075 3719 3802 3886 4111 4366 5360 5371 5511 5845 5905 6332 6920 6937 6975 7092 7277 7518 7616 7651 7701 7959
3556 406 437 1209 1314 1527 1664 2846 3490 3875 4305 4416 4425 4551 4624 5013 5293 5303 6198 6214 6587
3557 138 426 494 829 1390 1431 1621 2284 2430 2674 2947 3099 3155 3778 4232 5096 5457 5470 5728 6156 6174 6452 6656 6976 7787
3558 951 1194 1609 1859 1947 1956 3217 3351 3453 3511 3522 3571 4597 4754 5291 5327 5575 5882 6394 6823 6844 7056 7557 7834
3559 188 732 792 1427 1795 1908 2174 2629 2653 3074 3151 4939 5007 5355 6075 6345 6410 7873 7936
3560 455 582 1161 1894 4169 4213 5797 7410 7681 7702 7775 7778
3561 603 610 937 1329 1410 1637 2180 2307 2648 3108 4397 4670 5961 6103 6271 6715 6878 7046 7058 7518 7753
3562 280 760 1140 1339 1908 2824 2921 4418 4472 4838 4957 4964 5114 5173 6739 7168
3563 304 1057 1412 2098 2435 2528 2693 2726 2840 3095 3332 3641 3716 3853 4104 4126 4266 4336 4973 5745 6077 6089 6466 6747 7207
3564 169 2515 2788 2838 2899 3082 3255 3967 4299 4445 4949 5176 5390 5547 5747 5928 6044 6092 6326 7033 7421
3565 156 180 1267 1760 1880 1959 2116 2780 2970 3936 4365 4663 5320 5863 6278 7175 7437 7558 7859 7930
3566 259 895 1309 1878 2006 2879 3030 3650 4375 4628 4946 6150 6506 6875 7244 7703
3567 284 615 690 970 1427 1716 1904 1987 2357 2543 3095 3976 4124 4450 5128 5269 5854 6693 6965 7550 7784 7845
3568 594 1004 1190 1705 2298 2405 2564 2659 3040 3330 3963 3975 4152 4160 4432 4545 4606 5024 5736 5855 5898 6266 6657 7006 7321
3569 494 1078 1785 1840 2185 3026 3139 3268 3631 3971 4083 4665 5044 5059 5270 6328 6791 7033 7089 7457
3570 74 114 544 749 1073 1462 2139 2270 2391 3001 3008 3298 4138 4269 4373 4426 4579 4586 4884 6392 6432 7045 7423
3571 538 585 1244 2091 2184 2552 2747 3044 3056 3149 3357 3558 3582 3934 4904 4963 5138 5327 5384 5826 5905 6433 7303 7796
3572 587 678 1116 1200 1203 1351 1438 1653 1727 2178 2427 2642 3710 5105 5764 5979 7704
3573 362 450 567 1622 1824 2145 3039 3279 5465 5560 6164 6905 7406 7731 7908
3574 263 715 846 991 1970 2407 3458 4949 5249 5636 5697 6098 6157 6533 6748 7395 7412 7722 7974
3575 172 532 1155 2116 2155 2279 2331 2398 2694 2785 3117 3272 3376 4086 4297 4570 4660 5340 5771 5898 6410 6572 6855 7370 7445 7526 7529
3576 25 239 448 501 1832 3159 3665 3917 3943 4053 5124 5320 5416 5530 6088 6245 7362 7446 7765
3577 208 413 1593 1692 1934 2248 2471 2816 3000 3112 3147 3181 3429 4125 4859 5172 6030 6308 6345 7349 7808
3578 183 492 574 1810 2103 2208 2829 3785 4230 4992 5446 5756 7043 7114
3579 421 501 845 1838 3687 3771 3772 3799 4783 7053 7286 7586
3580 139 237 507 914 1371 1793 1829 2358 2730 3440 4067 4129 6261 6438 6714 6876 6880 7109 7478 7760
3581 2155 2599 4038 4093 4469 5468 5737 6438 7151 7241 7501 7897
3582 660 683 2747 2898 2983 3285 3469 3571 3915 4117 4334 4406 4747 4835 5088 5116 5162 5169 5300 5524 6067 7831
3583 1316 1855 2727 2761 3890 4205 4238 4979 5487 5841 5869 6721 6736 6878 7761
3584 331 999 2498 3009 3161 3984 4978 5111 6096 6404 6411 6487 6579 6705 6805 7393 7747 7838
3585 138 287 338 705 1021 1125 1551 1937 2483 3231 3283 4325 4330 4920 5743 5852 5989 6975 7037 7927
3586 715 1043 1606 1637 1946 1947 2022 2032 2068 2346 3283 4057 4444 5796 6085 6091 7443 7507 7843 7892
3587 241 571 927 1451 2629 2802 3274 4084 4119 4300 4595 4756 5475 5688 6323 6637 7210 7911
3588 52 96 403 535 671 1167 1427 1877 2404 2574 2820 3002 3279 4447 4584 4876 5375 5746 6689 6856 7007 7264 7313 7647 7790 7822
3589 474 886 1388 1739 1863 1994 2247 2333 3004 3083 4003 4090 4937 6010 6726 7039 7872
3590 7 1203 1539 1690 2197 2371 3835 5211 5337 5433 6151 6451 7223 7931
3591 2 156 346 597 1108 1538 2689 2867 3841 3923 4132 5187 5534 5731 7774
3592 508 1506 1676 1991 3926 4361 4652 4938 6425 6450 6509 6691 6700 7353
3593 940 1019 1403 1649 1969 3165 3315 3764 4067 4403 4528 4750 5437 5533 5794 6413 7906
3594 663 690 733 1057 1315 1332 2014 2396 2480 2774 3122 3706 4043 4806 5019 5558 6993 7088 7217 7386 7423 7629
3595 104 125 956 2685 3553 3884 4469 4784 4988 5189 5609 6419 7428 7457
3596 788 2275 2619 3356 3749 4310 5576 6069 6635 7189 7639
3597 301 713 1120 1419 1530 1932 2355 2887 3162 3256 3789 4268 4288 4753 4854 5379 5828 6593 7112 7452
3598 108 1515 1641 1714 1966 2255 2418 4583 5116 5437 5527 5641 5688 6079 6186 6597 6799 6868 7884
3599 481 570 797 859 2185 2381 2476 3046 3649 3732 3838 4994 5425 5495 6099 7262 7591 7697
3600 72 644 711 852 1140 2013 2874 3080 3126 3194 3338 3834 4084 4116 4532 4542 5156 5901 6818 6989 7171 7374 7452 7801
3601 27 76 121 303 602 613 1759 3623 3902 4540 6413 6516 7380
3602 149 283 1347 1541 1573 1715 2068 2388 2663 3117 3209 3295 3531 3657 3725 3868 5110 5482 5522 5582 6546 6813 6917 7044 7226 7534
3603 838 1296 2528 2960 3445 3788 3809 3886 5252 5557 5642 5670 5920 6043 6091 6802
3604 1288 1765 1956 2661 2709 2713 3050 3266 3281 3322 3690 3818 4422 4620 5387 5672 6185 6196 7183 7261 7954
3605 441 470 581 1225 2150 2629 2765 3261 3308 4514 4568 4772 5821 5888 5953 6135 6212 6748 7032 7173 7232 7618 7695 7867
3606 418 1783 2171 2567 3168 3508 4014 4451 4765 5094 5343 5369 5903 6425 7835 7942
3607 1131 1223 1450 2397 3002 3502 4235 4237 4526 4864 4962 5591 5693 5957 6050 6862 7717 7845
3608 1051 1370 1489 1956 2585 2737 3180 3392 3523 4780 6036 6516 7122 7879 7903
3609 791 1019 1028 1431 1649 1837 2621 2642 3002 3842 4735 4806 4840 4913 4923 5058 5208 5835 6082 6244 7014 7832 7987
3610 79 350 519 912 1764 2079 2229 2330 2911 2967 3319 3537 3881 4206 4504 4581 5065 5700 5726 6029 6113 6980 7136 7198 7278
3611 1645 1763 2041 2253 2543 2595 2659 2932 3265 3509 4683 4832 4951 5890 6156 6531 7136 7446
3612 213 253 667 803 1049 1404 2184 2367 2716 3666 3802 3841 4140 4155 4668 4871 5336 5665 5947 6498 7092 7257 7317 7915
3613 170 185 1362 1438 1502 1833 2900 3062 3327 4075 4485 4519 5134 6260 6851 7399 7518
3614 232 278 569 630 1918 1929 2045 2117 2432 3401 3420 4010 5303 6516 6597 6776 6792 7017 7410 7764 7772
3615 176 307 924 1167 1258 2351 2615 2729 2754 2875 3423 3938 5839 5979 6385 6710 7373 7493 7502 7994
3616 107 1042 1908 2037 2585 2753 3327 3420 4269 4639 4878 5385 5656 6892 6909 7201 7540
3617 487 1310 2108 3197 3842 4035 4192 4240 4303 4862 6287 6805 7371
3618 882 1255 1429 1753 1906 2357 3069 3168 3411 4055 4205 4281 4418 4500 4744 5443 5530 6596 7142 7402 7698 7717 7899
3619 96 352 681 846 880 1227 1913 2393 2446 3104 3370 4013 4107 4209 4237 4771 5412 5889 5921 6017 6232 6234 6402 6837 7803 7917
3620 617 634 999 1307 1570 2065 2230 2845 3786 3821 4140 4699 5959 6106 7113 7189 7898
3621 108 710 1088 1489 2021 2092 2689 2764 3543 4059 4084 4254 4435 4519 4554 4840 5281 6359 7448
3622 147 458 695 818 1185 1494 1737 1891 2165 2313 3014 3959 4037 4803 5639 5739 6461 6696 7265 7866
3623 1184 1964 2272 2430 2885 3601 3632 4139 4709 7478
3624 525 1181 1220 1965 1994 2053 2256 3155 3330 4271 4482 5515 5959 5974 6059 6797 6822 7091 7759
3625 537 566 956 984 1993 2812 3034 3255 3782 4930 5105 5342 5599 6324 6401 7859 7975
3626 923 1666 2307 2682 2798 4403 4602 5084 5341 5361 5737 5939 6231 6857 6911 7408 7695 7962
3627 73 157 228 254 657 786 837 1116 1254 1475 1560 2141 3053 3922 4314 4446 4538 4579 4997 5679 5690 5759 5838 7257 7472
3628 421 943 1560 1928 2108 2515 2635 2672 3077 3266 3854 3869 4137 4817 5792 5830 5879 6233 6238 6490 6920
3629 243 556 891 1712 1845 2574 3038 3481 4098 4509 5178 5317 6141 6204 6359 7394 7555 7763
3630 1046 1746 2897 3316 3798 3861 4274 4644 5292 5910 5911 5975 6091 6291 6490 6499 6995 7020 7170 7302 7600 7871
3631 580 611 632 1302 2690 2881 3229 3569 3787 5674 6299 7371
3632 2064 2822 3623 3907 4736 4846 5397 6348 6687 7370 7664
3633 162 187 278 301 664 809 1290 1742 2874 2941 3365 3542 3848 3922 4025 5088 5707 5955 6188 6217 6814 7327 7705
3634 856 1516 1696 1883 2487 4313 4357 4433 4599 4816 4935 5175 5448 6800 7503 7960
3635 799 926 1384 1420 1648 1822 2136 2272 2680 2719 3102 3842 4006 4378 4475 5163 5280 5594 6302 6394 6412 6548 6879 7915
3636 281 597 658 693 1155 2367 2693 3647 3713 3836 3969 4469 5251 5386 5539 5732 6553 6606 7141 7607 7978
3637 106 1789 2548 3299 3471 3516 3686 4147 4363 4794 5377 6097 7058 7096 7167 7793
3638 186 287 501 1681 2144 2237 2393 2461 2502 2776 2866 3173 3404 3695 4079 4156 6267 6873
3639 286 368 2044 3414 3995 4779 5463 5958 6132 6249 6403 6560 6577 6862 7383 7752 7781 7961
3640 81 376 582 706 837 1003 1651 1875 2188 2280 2717 2996 3875 4395 4837 5203 5455 5870 5908 6577 7392 7573 7970
3641 164 576 601 1153 1207 1248 1553 1771 1941 2417 2523 3309 3390 3563 3746 4434 4689 5206 5227 5316 5597 5639 5651 6138 6704 7259 7899
3642 45 231 634 734 1253 2003 2341 2793 3081 4355 4992 5305 5316 5444 5457 5856 6273 6392 6513 6891 6998 7124 7354 7582 7914
3643 180 198 289 370 703 993 1296 1301 1565 2286 2315 2443 2670 3247 3371 3532 4285 4748 4957 5233 5489 5649 5794 5953 6094 6716 7527 7908
3644 1846 2208 2587 3176 3992 4349 4880 6409 6437 6898 6974 7273 7276
3645 949 1273 2100 2919 3397 3507 3908 4576 4605 4765 5482 5859 6160 7000 7560 7631
3646 151 211 478 590 1134 1164 1610 2056 2100 2211 3419 3917 4232 4717 6107 6565 6765 6838 7707 7905
3647 378 515 1723 3092 3373 3636 3655 3722 4714 5564 5926 6270 6445 6496 7925
3648 384 2102 2205 2279 2873 3174 3767 4141 4373 4887 5305 5851 6674 7114 7595 7673 7972
3649 403 496 570 617 654 1111 1238 1623 1694 1824 2012 2492 2853 2898 3020 3362 3599 3811 4669 4843 5562 5604 5737 6005 6563 7260 7382 7843
3650 7 519 720 751 831 1086 1139 1216 1307 2439 3256 3364 3566 3753 3764 3907 4236 4376 4426 4875 5284 5925 6543 7426
3651 211 264 766 898 1303 1716 2084 2353 3007 3850 3976 4485 4990 5181 5218 5795 6019 6560 6609 6834 7096 7381 7836
3652 380 422 1329 1720 1807 2207 2217 2729 3147 3190 4060 4098 5050 5253 5514 5991 6360 6473 6764 6879 7063 7181 7198
3653 138 305 1128 1250 1797 2176 3809 4811 5061 5495 5614 6757 7296 7498
3654 62 714 808 950 1025 1210 1521 1687 1880 2130 2311 3437 3764 4220 4267 4426 5260 6137 6885 6980 7616 7836
3655 321 633 844 858 983 2072 2102 2229 2397 2560 2768 3111 3325 3647 4306 5099 5134 5356 5484 5746 5809 6203 6272 6686 6822 7094 7573
3656 19 342 2902 3131 3516 3737 3895 4245 4972 5608 5849 6601 6990 7032 7746
3657 1248 2702 2762 2764 2999 3405 3602 4308 5825 5991 6060 6373 6432 6934 7122 7358 7609 7876 7881
3658 200 946 1562 1718 2537 4358 5027 5811 6670
3659 187 269 321 598 1674 2250 2579 2613 2993 3065 3076 3438 4019 4134 4669 4918 5545 6198 6913 7031 7152 7312 7370 7780 7828
3660 254 396 464 993 2193 3819 4192 4259 4868 4941 5248 5630 5665 6130 6242 6684 7315 7514 7853 7920 7979
3661 48 470 896 1300 2280 2572 2827 3857 3876 3941 4660 4669 4759 4806 5331 5471 6332 6497 6765 7490 7702
3662 109 156 368 1090 1586 2374 2819 4292 4566 4956 5665 6461 6595 6596 6836 7018 7107 7358
3663 149 492 945 1672 1764 1908 2086 2249 3053 3180 3809 4568 5351 5359 5538 5624 6397 6666 7060 7559
3664 936 1012 1270 1457 3034 3120 3551 5391 5454 5687 6560 6974
3665 247 535 558 992 1196 1408 1796 1958 2575 2798 2804 3066 3379 3576 4402 4856 4948 4990 5026 5122 5446 6110 6198 6394 6466 6587 6884 6894 6950 7756
3666 31 123 504 714 982 996 2164 2329 2670 3440 3612 3759 3868 4029 5232 6158 6210 6244 6970 6981 7432 7547 7588 7639 7850
3667 117 347 1085 1092 1588 1745 2890 2936 3148 3395 4201 4566 4817 4833 4914 5679 5851 5911 6024 6505 7187 7452 7504 7512
3668 159 180 623 1261 1662 2051 2260 3474 3769 4048 5835 5893 6741 7017 7108 7670 7860 7875 7902
3669 67 134 538 805 863 1517 1814 1913 2318 2773 3215 3682 4257 5611 6177 6542 6652 7403
3670 57 609 709 777 1378 2079 2626 3096 4006 4361 4618 4700 4776 5216 5537 5560 5863 7072 7083 7466 7649
3671 843 887 941 1218 1479 4245 4301 4810 4927 5640 6263 6301 6384 6482 7117 7372
3672 291 1084 2324 2597 2775 2858 4780 5351 5651 5665 5672 5736 5742 6399 6839 7295 7475 7866 7985
3673 1551 1716 1805 4308 4508 4636 5379 5679 5869 6238 6339 6555 7281 7437 7806 7876
3674 66 141 499 879 913 1073 1491 1958 2353 2441 2863 4098 4273 4928 5096 5238 5482 5560 5843 6149 6462 7054 7070 7071 7188 7253 7601 7867
3675 300 827 962 1504 1750 1756 2393 3104 3196 3455 4642 4776 4924 5446 5782 6328 6647 6729 7031 7821 7992
3676 621 819 941 975 1614 2090 3035 3546 4102 4541 4826 6586 7031 7087 7100 7212
3677 119 982 1924 2509 2781 2986 3120 3132 3723 3949 4027 4084 4183 4438 5702 5856 6053 7442
3678 401 916 1392 1492 2076 2466 2838 3258 3385 4200 4475 4632 5216 5662 5704 6025 6111 6297 6496 7125 7384 7767
3679 114 313 507 812 1636 1687 1697 2287 2922 2986 3351 4320 4488 4757 5137 5157 6406 6549 6635 7175 7592 7748 7753
3680 66 797 836 1094 1184 1405 1654 2221 2386 2631 2634 2923 3357 4064 4349 4675 4921 5132 5619 6206 6281 7323
3681 373 467 1227 1501 1561 1999 2835 2988 3028 3407 4612 4616 5316 5388 5568 6533 7032 7244 7754 7817
3682 287 1972 2338 2505 2660 2960 3466 3507 3669 3737 4284 4336 4829 4988 5746 5889 6451 6533 7146 7443 7748
3683 572 932 1879 2652 2901 3473 3959 4194 4288 4933 5615 5898 6049 6234 6896 7064 7932 7992
3684 710 1351 2166 2286 2517 2604 2668 3057 3100 3248 3497 3502 4006 4422 4596 4892 4966 5720 6027 6472
3685 976 1973 2044 2380 2471 2848 2882 3066 3216 3285 3470 3478 3812 4710 5232 5805 6541 7405
3686 422 552 640 738 1085 1634 1683 2230 2273 2577 2785 2883 2898 3243 3326 3379 3415 3637 3695 3907 4010 4540 4673 4965 5381 7067 7457 7840
3687 171 546 566 579 701 1437 1544 2531 3227 3535 3579 3723 3983 4882 5983 6494 6721 7002
3688 88 176 375 659 1152 1655 2799 3409 4263 4296 4477 4605 5103 5111 6772 6862 7255 7714 7858 7888 7995
3689 121 698 943 1193 1386 1751 1937 2250 2581 2844 3166 3930 4527 4721 5568 5603 5947 6067 6095 6175 6291 7100 7929
3690 1229 1347 1493 1725 1947 2768 3310 3604 4925 5093 6471 6708 7467 7615
3691 362 1012 1127 1187 1253 1445 2044 2302 2334 2350 2887 3009 3741 4578 5615 6152 6253 7245 7297
3692 224 730 1536 1903 2216 2324 3293 3792 4128 4442 4626 5107 5512 5961 6227 6706 6722 7042 7094 7185 7356 7569 7877
3693 1434 2127 2331 2394 2699 2894 4267 4699 4774 5038 5212 6225 6666 6828 6891 7321 7758
3694 163 257 321 606 641 801 1066 1912 1995 2273 2498 2886 3712 4803 5125 5336 5365 5960 6086 6398 6790 7354 7502
3695 647 1488 1495 2321 2334 2384 2855 3125 3638 3686 3718 3928 5317 5955 6365 6509 6511 6702 6908 7017 7023 7279
3696 734 1536 2074 2468 2482 2684 2765 3734 4042 4348 4720 4792 4972 5889 7217 7369 7453 7917
3697 356 645 853 868 1341 1654 1676 1959 2441 2492 2606 2620 3760 3862 4038 4742 4773 5225 5463 5587 6419 6468 6532 6870 7861 7914
3698 334 381 910 1218 1684 2501 2754 4614 4838 5186 5387 5499 6041 6457 7098 7685
3699 1319 1774 1848 2644 3231 3882 4183 4258 4393 4585 5333 6400 6631 7065 7221 7267
3700 406 410 523 724 748 851 852 1467 2534 2906 2978 3091 3416 3800 3929 3970 4142 4685 5537 6090 6101 6240 7638
3701 755 995 2450 3932 5677 5682 5862 6316 6317 7071 7104
3702 2 1074 1138 1296 1941 2569 2806 2893 3129 3237 4230 4823 5110 5189 5801 6226 6433 6499 6983 7203 7285 7693 7908
3703 145 374 1081 1102 1283 1319 1467 2611 2881 3451 4207 4544 4675 4771 5728 5984 7547
3704 130 153 1267 1368 1422 1779 2499 3721 3819 3899 5599 5731 6244 6391 6579 6581 6710 6962 7232
3705 297 310 732 1727 1879 2914 3219 3839 4945 5657 5893 5913 5986 5995 6915 7125 7259 7474 7562
3706 282 287 713 1209 1702 2525 2849 3594 4893 5255 6593 6795 7031 7571
3707 505 594 766 934 1613 1831 2071 2525 2802 3216 4323 5114 5136 5218 5225 5383 5674 5936 5945 5987 5993 6231 6236 6732 7341 7997
3708 535 744 761 1916 2539 2868 3895 4704 5018 5160 5315 5658 6172 6230 6468 6570 6598 6851 7003 7063
3709 96 215 227 249 448 840 2297 2329 2970 3118 4501 4588 4744 5729 6464 6466 6598 7363 7741
3710 520 946 1105 1163 1424 1534 2434 2892 3179 3572 4243 4500 4625 4813 5059 5268 5476 6197 6364 6558 7407 7941
3711 440 456 1077 1142 1244 1325 1949 2122 2181 2353 2371 2452 3832 3854 4554 4604 5596 6588 6991 7066 7868 7897
3712 257 1027 1091 1315 3694 4801 5241 5778 5889 7281 7288 7641
3713 132 153 259 623 2483 2484 2518 3106 3443 3496 3636 4257 4357 4897 5285 5775 6213 6772 7246 7865
3714 427 642 947 1538 2631 2673 2759 2806 2966 4284 4406 4503 4995 5456 5642 5807 5986 6596 7253 7338 7816
3715 42 1510 1659 1710 1838 2071 2425 2910 3150 3788 4100 4315 5373 5433 5639 5662 5786 6145 6565 6682 6716 6831 7562
3716 598 852 1356 1717 1757 2052 2084 2452 2518 2635 3563 3777 4879 5324 5339 5718 5940 6005 6604 6702 7013 7925
3717 701 767 1053 1333 1394 1985 2531 2673 4336 4493 4506 4880 4884 5953 6553 6930 7114 7750
3718 776 800 889 1402 2403 3057 3117 3164 3171 3695 4223 5144 6115 6393 7575
3719 238 1120 1596 2804 3555 5324 5580 5912 5972 7171 7779
3720 495 4028 4642 5439 6972 7624
3721 322 494 1662 2593 3337 3704 3927 4013 4401 4502 4611 4754 5378 6093 6232 6353 6458 6464 7162 7377 7915
3722 117 347 1191 1724 2176 2599 3198 3491 3647 4361 4547 4603 4786 4969 5090 5425 5923 6249 6560 7292 7354
3723 425 2095 2181 3107 3329 3677 3687 4008 4837 5191 5420 5970 7385 7389 7767 7796
3724 71 234 313 536 654 736 1119 1303 1802 2111 2187 2391 2561 2723 3337 3404 4269 4594 4761 4934 5287 5552 5630 5885 6105 6133 6153 6158 6486 7000 7277 7599 7728
3725 697 926 935 1179 1806 2245 2541 2664 3602 3777 3881 3883 4353 4806 6251 7392
3726 112 803 1743 1971 2893 4120 4697 5919 6047 6245 6303 6762 6991 7016 7714
3727 344 819 1121 1325 1388 1909 2105 2274 3002 4456 4554 4573 4638 4842 5234 5689 5722 6024 6189 6261 6800 6832 7289
3728 812 898 962 1013 1489 2053 2232 2244 2457 3350 3510 4236 4351 4864 5139 5629 5630 5952 6295 6350 7410 7653 7780 7998
3729 403 487 1342 1353 1959 2276 2618 2971 3290 3485 3734 4205 5182 5237 5602 5976 6083 6755 6866 6884 6911 7138 7244 7532 7596
3730 133 261 298 393 402 520 1294 1306 1487 1975 2122 2335 2795 3379 5094 6577 6956 7684 7708 7873
3731 120 523 694 1260 1940 2237 2576 3127 3210 3809 3822 4302 4410 4616 4822 5865 7647
3732 143 296 1303 1385 1733 1830 2005 2155 2168 2424 2925 3232 3599 3842 4186 4700 5691 5832 7246 7701 7733
3733 142 1014 1434 1972 2129 2635 2685 2878 3209 3262 3750 4435 5346 6190 7367 7567
3734 329 566 1193 1301 2424 2448 3099 3115 3513 3696 3729 5301 5595 5642 5887 6006 6028 6193 6303 6328 7545 7682
3735 147 1560 2060 3099 3742 4438 4565 4935 5902 6029 6197 6305 6833 7676 7749 7880
3736 41 100 335 475 1094 1282 1550 2649 3137 3773 4058 4556 4830 4972 5333 6260 6837 7883
3737 459 514 667 1057 1331 1622 1745 1882 2311 2429 2561 2750 3656 3682 3963 5032 5352 5747 6087 6241 6402 6938
3738 49 59 209 266 532 1976 2374 2490 2961 4096 4125 4796 4991 5282 6036 6399 7033 7150 7522
3739 41 72 96 190 241 397 891 1829 2637 3059 3795 5259 5460 5550 5580 6121 6329 6693 7516 7587 7650 7713 7972
3740 195 1547 1640 3045 4033 4090 5848 6133 6540 6882 7076 7198 7523 7849
3741 55 252 442 496 1156 1951 1956 3317 3691 4676 4830 4927 5063 5332 5469 5908 6690 6999 7991
3742 64 783 1224 1385 1704 3003 3035 3735 3818 3935 4357 5002 5567 5914 6691 6888 6965 7303 7560 7924 7979
3743 396 445 732 854 1610 2093 2179 2503 2811 2983 3234 3253 4642 4731 5567 5916 5937 6289 6704 6783 7081
3744 261 330 2394 2411 2841 3380 3417 3528 3963 4113 4336 4615 4739 5012 6541 6959 7034 7071 7694 7826
3745 28 130 349 662 832 1344 1788 1916 2567 2671 2808 3114 3416 3460 4185 4658 4726 4939 4952 5013 6045 6212 6374 6751 7967 7976
3746 221 647 1391 1568 1764 2721 2726 3007 3641 4160 4210 4228 4690 5325 6033 6036 6290 6787 7220 7419 7524 7955
3747 65 128 449 964 1240 1451 1509 1570 1639 1705 2086 2179 3008 3225 3820 4765 6038 6370
3748 110 189 278 425 1446 1807 2250 2501 3252 3960 4013 4368 4691 5311 5353 5960 6268 6364 6536 7331 7822 7835
3749 469 887 1149 2256 2640 2720 2800 2876 3596 4531 4563 4664 4740 4797 4888 5113 5124 5314 5422 5617 5664 6719 7372
3750 106 107 194 421 748 806 1068 1389 1453 1643 2296 3172 3413 3733 4546 4956 5038 5191 5391 5441 5479 6645 7140 7466 7628 7903
3751 11 305 636 660 734 749 1148 1313 1353 2167 2503 3015 3120 3203 3892 5033 5136 5153 5209 5464 5959 6195 6211 6252 6336 6488 6582 6594 6628 6768 6945 7675
3752 441 903 2000 2712 3278 3294 3829 3939 4995 5082 5087 6540 6837 7552
3753 33 91 590 642 1095 2735 3476 3650 3786 3925 3950 4107 4178 4290 4474 4916 5190 5227 5381 5545 5694 5969 6030 6466 7023 7142 7355 7685 7793 7833 7953
3754 602 866 1238 1402 2221 2228 2454 2679 2759 4285 4828 4929 6666 6773 7333 7398 7485 7895 7972 7991
3755 386 1620 2545 2917 2976 3078 3917 4327 4669 4680 4770 5314 5527 5720 5910 7574
3756 164 267 430 1024 2093 2296 2367 2798 2916 3180 3261 4166 4935 5633 6530 6666
3757 176 1814 1980 2109 2204 2291 2890 2996 3301 3760 6134 6146 6556 6613 7269 7570
3758 1689 3527 4612 4725 5239 5257 6186 6443 7366
3759 324 415 530 710 818 845 937 1067 1580 1902 2816 2943 3403 3438 3666 5562 5582 5795 6127 6583 7054 7471 7659 7959
3760 118 399 1527 1622 2099 2866 3042 3077 3181 3306 3697 3757 4740 4925 5105 5791 6140 6334 6771 7040 7456 7473 7798 7960 7968
3761 382 673 876 1630 1675 1807 1870 1956 2174 2367 2372 2583 2831 3194 3196 3867 5459 5575 5829 5944 6390 6568 7082 7123
3762 556 697 1337 1643 2033 2047 2147 2813 3907 4168 4281 5154 5957 6157 6260 6948 7611 7884 7921
3763 111 922 1004 1124 1235 1718 1782 1818 2345 3362 4122 4325 4797 5909 6218 6362
3764 271 449 492 955 1006 1062 1565 1943 2179 2340 3593 3650 3654 4087 4497 5178 6003 6418 7732
3765 719 756 1155 1681 3468 4152 4399 4735 5070 5402 5520 5552 5978 6272 6587 6628 7009 7664 7909 7977
3766 1795 2249 3944 4273 4633 5247 5472 6421 7504
3767 324 1503 1596 1796 3092 3414 3648 4567 5754 5835 6129 6944
3768 1084 1433 1458 1997 2129 2763 2940 3229 3365 3466 3504 4706 4775 6135 6334 6339 6918 7190 7230 7264 7327 7453 7594
3769 434 1256 1335 1404 1854 2777 3668 4248 4484 4525 4652 5523 5724 5893 6185 7028 7213
3770 75 336 972 1656 3308 3809 4042 4509 4653 4671 4829 5358 5413 5461 5988 6033 7267 7281 7415 7607 7897
3771 42 205 575 1453 3579 3983 4294 4340 4814 5397 5607 6015 6936
3772 510 557 1076 1626 2212 2946 3257 3431 3579 4025 4518 5840 5930 6071 6092 6209 6694 7496
3773 45 356 1939 3736 3851 4219 5875 6473 6529 6814 7651 7955
3774 296 654 948 1614 2049 3843 3968 4197 4287 5099 5397 5755 5929 6749 6891 6959 7649
3775 1909 2475 3171 4336 4683 5141 5189 5261 5282 5403 6031 6214 6410 6746 7296 7351
3776 116 862 1025 1341 1664 1987 2429 2528 2888 3160 3336 3886 4040 4974 5064 5318 5798 6826 7116 7145 7175 7379 7769 7791
3777 677 826 975 1188 1191 1949 1959 2121 2290 2657 2920 2956 3091 3102 3222 3272 3537 3716 3725 3941 4052 4102 4148 4788 4808 6605 7111 7228 7247 7810
3778 116 407 506 662 724 794 866 1335 1377 1617 1951 2009 2094 2252 2364 3557 4217 4232 4373 4411 4512 4638 4751 6263 6272 6649 7991
3779 748 976 1080 2423 3798 3842 4737 4840 5726 5820 5948 5960 6720 7972
3780 321 920 981 1282 1292 2553 2843 3309 3369 4669 4936 5057 5195 5750 5909 6112 7795 7828
3781 4 141 1302 1441 1533 2681 2708 3171 3251 3813 4646 4685 4718 6108 6190 6332 6631 6976 7455
3782 338 816 972 1005 1776 2363 3270 3625 4469 5120 5864 6176 6405 6642 6732 6772 6872 7155
3783 258 880 1866 1924 2190 3362 4867 4906 5086 5246 5638 5926 6851
3784 587 1124 2329 2796 2870 2917 4858 4963 5215 5224 5247 6662 6927 7006 7154 7238 7306 7347 7717 7915
3785 1029 1249 2685 2686 2707 3020 3578 4606 4859 5666 5745 6064 7360 7516 7756
3786 643 741 1503 1559 1568 1851 1898 2607 2652 2663 2701 2766 3056 3152 3456 3483 3620 3753 4391 4472 5175 5248 5410 5625 6222 6227 6321 6343 6439 6791 6953 7159 7329 7993
3787 345 393 453 512 1024 1176 1883 2091 2276 2782 3631 3966 4528 5064 5079 5242 6144 6825 7640
3788 354 1532 1769 1963 2150 2770 2853 3439 3603 3715 3980 4349 4789 4960 5169 5338 5703 5841 5998 6081 6387 7219 7330 7631
3789 40 488 871 1002 1816 1880 2968 3597 4504 4841 5035 5054 5117 6158 6801 7271 7567 7690
3790 530 1159 1491 2102 2165 2805 2924 3925 3974 4004 4167 4381 5460 5658 6845 7050 7176
3791 80 983 1300 1505 1742 2036 2612 2850 2919 3070 3171 3545 4197 4237 4362 5234 5908 6230 7129 7794
3792 1231 3342 3394 3692 4298 4485 4809 6007 6226 6678 6693 7117 7218 7240 7549 7694
3793 15 241 279 433 567 888 1350 1760 1997 2606 3038 3474 3915 4003 4461 4629 4700 6425 6452 6502 6587 6857 7465 7681 7750
3794 160 647 696 1637 1649 1779 2237 2304 3029 3431 3829 4051 4306 4591 4659 4714 5629 6071 6173 6314 6961 7149 7771
3795 136 293 539 1133 2209 2252 2264 2503 2529 3327 3739 4613 4791 6349 6715 6963 7912
3796 440 1811 1820 2242 2662 2998 4060 4139 4245 4247 4284 4299 4489 4857 5257 5394 5417 5560 6022 6297 6542 6738 6943
3797 227 392 791 1034 1155 1796 4040 4143 4461 4946 5357 5750 5942 6244 6248 6516 6636 6836 6838 6895 7256 7454 7576 7616
3798 117 256 353 669 961 1374 3100 3630 3779 3884 4276 4302 4527 5003 5036 5646 6127 6257 6435 6452 7431 7528 7620
3799 522 1486 1800 1939 2456 2761 2858 2954 3579 4435 7028 7045
3800 71 486 1128 1565 2063 2124 2164 2462 2894 3700 5207 6213 6259 6533 7252
3801 615 721 1059 1100 1738 2264 2623 3108 3266 3554 4809 4926 4944 5225 5289 5525 5592 6062 7322 7614 7617
3802 10 287 419 598 631 661 1204 1245 1341 1755 2119 3327 3555 3612 4458 4914 5183 5817 6272 6607 6635 6659 6927 6952 7020 7056 7212 7514 7550 7553 7671 7828
3803 902 1122 1144 1349 1404 1439 1632 1717 1812 1839 1974 2510 2591 3995 5232 5359 5373 5968 7150 7611 7686 7702 7940 7944 7991
3804 225 365 828 925 1245 1317 1379 1621 3494 3820 4101 4363 4410 5632 6264 6673 7101 7164 7285 7966
3805 287 413 420 520 1768 2445 2664 2711 3295 3311 3967 4513 6130 6311 6526 6915 7113 7243 7711
3806 67 412 1084 1172 1292 1376 1682 1778 2769 3162 3186 3288 4833 4916 5101 5192 5274 5625 6066 6221 6306 6531 6727 6951 7401 7572
3807 127 1095 1373 1870 2020 2263 3942 3990 4224 4619 5381 6031 6157 6238 6399
3808 31 154 339 758 959 1648 3358 3388 3538 3545 3863 3925 3977 4163 4389 4553 4895 5097 5367 6429 6782 7777
3809 205 758 828 1812 1984 2895 3603 3653 3663 3731 3770 4180 4209 4848 4852 5047 5097 5411 5473 5736 6589 6930 6956 7112 7566 7680
3810 81 85 483 830 1199 1745 1746 2248 4139 4521 4819 4825 4921 5614 6399 6819 6895 6906
3811 823 870 1070 1418 1805 2001 2122 2642 3030 3209 3649 4665 4793 5100 5391 6136 7511
3812 405 439 729 1058 1254 1835 2102 2155 2705 2762 3685 3815 4526 4659 4833 4869 5343 6334 6682 7079 7219 7432 7483 7782
3813 442 801 807 1073 1418 2010 2370 2478 3345 3781 5147 5209 6824 6905 7506 7879
3814 206 208 1731 2213 2542 2697 2704 2789 2896 3540 3551 4110 4409 4505 4861 4981 5045 5118 5198 5358 5433 5466 5969 6258 6801 7163 7862
3815 769 964 1132 1261 1378 1407 1456 1513 1603 2295 2345 2444 2667 3202 3341 3507 3812 4306 4914 4977 5492 5666 5735 5750 6156 6714 7131 7486 7495 7888
3816 441 784 847 851 1174 1802 1834 2748 2895 3172 4308 5124 5197 5357 5769 5926 6079 6702 6747 6811 7722 7733
3817 311 886 1040 1482 1830 1906 2057 3065 3338 3404 4004 4311 4330 5318 5788 6020 6661 6763 7158 7640 7871 7894 7916
3818 508 562 960 1007 1019 1068 1081 1193 1469 1853 2630 2764 2897 3168 3270 3604 3742 3975 4136 4522 4876 5678 6266 6415 6792 6813 7878
3819 77 340 605 1339 1659 1721 2022 3324 3660 3704 4061 4156 4398 4420 5266 5472 6282 6457 7156 7514 7646 7816
3820 181 444 713 726 948 1190 1625 1724 2010 3747 3804 4187 4254 4326 4806 4881 4911 5057 5402 5807 5934 6169 6237 6463 6525 6790 7189 7480
3821 1313 1487 1942 2449 2622 2696 2699 2867 3305 3496 3620 4043 4510 5022 5295 5708 5709 6134 6214 6462 6513 7285 7387 7772 7880
3822 836 1826 1883 1939 2578 2906 2984 3245 3554 3731 4168 5002 5368 5490 5890 6072 6852 7232 7253 7986
3823 96 223 584 1098 1787 3279 3436 3875 4475 4611 5227 5266 5902 6096 6604 7545
3824 55 425 881 1013 1336 1632 2283 2925 3108 3391 4870 5155 5819 5886 6210 6339 6969 7603 7764 7859
3825 297 436 611 860 1923 2229 2281 2479 2777 3524 5255 5343 5434 5704 5919 6180 6223 6844 6932 7188 7445 7474 7509 7730
3826 452 602 724 745 953 1438 1519 1816 2549 3026 4148 4691 6541 6582
3827 286 1164 2131 3181 4342 5044 5520 5528 5634 6021 6596 6803 6947 7338 7684 7943
3828 342 369 414 1252 1877 2056 2317 3902 4973 5245 5668 6164 6314 6386 7007 7145 7211 7320
3829 263 297 829 1423 1641 2236 2705 2866 2879 3241 3427 3752 3794 3951 4289 5920 6277 6286 6447 6601 7114 7319 7833
3830 64 386 572 721 1487 2336 2406 2645 2970 3122 3182 3217 3503 3928 4642 4843 5002 5383 5760 5990 5995 5996 6017 6050 6413 6570 7179 7268 7575 7708
3831 496 567 969 1124 1628 1721 2015 2261 2317 2370 2422 2621 3235 5295 5516 5570 6034 6266 6273 6450 6788
3832 363 871 1122 1137 1865 2629 2912 3007 3462 3527 3711 4119 4666 5702 5820 5845 5940 5981 6321 6582 6867 6869 7274 7562 7575
3833 587 967 1209 1962 3852 3961 4247 4380 4510 4876 5151 5794 5845 5858 7902 7981
3834 233 658 1118 1244 2558 2999 3372 3447 3600 3903 4875 5157 5317 5540 6109 6120 6136 6287 6290 6414 6671 6778
3835 1926 2607 2828 3473 3590 4374 4477 4985 5500 5877 6316 6477 7724 7944
3836 118 159 388 832 838 1389 1455 1457 2040 2110 2331 2464 2553 2646 3056 3636 4733 5370 5431 5555 5594 5722 5943 6321 6532 6795 7435 7517
3837 174 530 623 2270 2712 2742 3380 3860 5251 5696 5740 5888 6009 6406 6806 7270 7707
3838 141 773 897 1202 1595 1616 2768 3599 4110 4701 4714 5129 5189 5592 5695 6057 6945 7349 7531 7790
3839 10 327 1038 1222 1669 2190 3048 3705 4745 4768 5093 5380 5866 6560 6642 6781 7095 7940
3840 134 412 782 880 1519 2051 2536 2819 4023 5025 5576 5925 7086 7469 7960
3841 53 148 243 1121 1198 1771 1974 2120 2144 2321 2484 2842 2917 3591 3612 3969 4350 4572 4705 5299 5871 6013 6632 6724
3842 17 419 725 928 1884 3450 3609 3617 3635 3732 3779 4447 4812 4974 5547 7189 7358 7924
3843 70 401 410 964 1635 2032 3774 3861 5836 5923 6034 7354 7844 7948
3844 767 1253 1737 1869 2610 2813 3136 3962 3975 4713 5609 5727 5840 6692 6794 7456 7497 7594 7876
3845 231 984 1297 2615 2904 2966 3316 4122 4825 6071 6890 6961
3846 103 184 605 1327 1395 2149 2220 2222 2330 3901 4164 4520 4532 4817 5306 5307 5354 6201
3847 888 1033 1408 1548 2186 2278 2578 2902 3118 3263 3377 3850 4267 4396 5471 5760 5866 5873 6159 6530 7486 7726 7881
3848 2273 2498 2947 3633 3974 4488 4589 5265 5754 6331 6922 7350 7773 7876 7941
3849 20 145 177 1184 1217 1727 2141 4735 5291 5582 5608 5690 5736 5752 5948 5954 5968 6382 6707 7222 7417
3850 833 1002 1248 1321 1535 2085 2104 2762 3128 3193 3318 3365 3651 3847 4027 4688 4795 5212 5336 5547 5859 6490 7711 7755
3851 466 732 733 750 947 1541 1623 1891 2366 2494 3328 3773 4166 4450 4906 5315 5619 5684 6069 6452 6761 6886 7322 7800 7954
3852 998 1189 1408 2117 2915 3086 3503 3833 4167 4170 4268 4332 4979 5173 5574 5642 5754 6402 7060
3853 940 1441 2138 2208 2317 3076 3307 3358 3563 4327 5213 5588 5662 6066 6734 6754 7705 7834 7854
3854 795 1173 2697 2800 2947 3067 3170 3628 3711 5164 5234 5521 5613 6725 7926 7933 7993
3855 647 666 1005 1425 1473 1564 2489 2559 2621 2801 3546 3875 4212 4996 5713 6818 7135 7857
3856 56 70 270 688 1146 1236 1595 1825 2684 2759 3945 4025 4139 4666 4804 5507 5627 5885 5912 6007 6149 6371 7498 7691 7784
3857 217 382 1407 2653 3661 4572 4729 4930 5797 6059 6531 7513 7815 7983
3858 224 270 1416 1635 1933 2023 2109 2502 2614 3196 3281 3485 3989 4295 5054 5118 5332 5977 6810 6862 7298 7769
3859 79 245 273 1016 1086 1128 1372 1734 2042 2517 3058 3994 4142 4215 4218 4232 4320 5320 6723 7081
3860 421 645 1011 1306 1343 1554 1610 1650 1806 1880 2567 2852 3837 3878 3992 4090 4246 4663 5238 5797 5803 5818 6363 6524 6886 6909 7337 7744 7893
3861 412 800 923 1500 2678 2884 3630 3843 4720 4819 5167 5400 5768 6462 7248 7559
3862 670 806 1875 3697 3863 3989 4475 4992 5875 5915 6179 6790 6874 7042 7139 7965
3863 388 700 1480 1808 1841 2079 2553 2792 2878 3317 3808 3862 3952 4131 4899 5554 5711 5824 7524
3864 411 553 692 1070 1424 1725 2420 2948 4293 5278 5486 5893 5927 6391 6875 7040
3865 186 377 809 1292 2038 2464 2633 3010 3269 3951 4512 6682 6775 6981 7131 7372 7609 7679 7700
3866 366 703 707 794 1254 1299 1372 2178 2555 2752 3145 4508 4536 5068 5238 5745 6192 6257 6363 6366 6527 6687 7262 7520 7784
3867 142 466 474 563 620 761 1478 1774 3761 3936 3985 4770 4784 5113 5952 6011 6227 6403 7287 7483 7675 7825
3868 627 764 1242 1606 1704 1929 2839 2857 2975 3008 3182 3488 3509 3602 3666 3910 3945 3988 5683 5931 6221 7364 7385 7672 7818
3869 108 713 1189 1546 1791 2743 3380 3628 4657 6048 6583 6779 7808
3870 47 81 113 2134 2357 2695 3059 4762 5236 5569 5629 6130 6725 6775 6969 7550
3871 269 2421 4179 4575 4851 5176 5342 5939 6003 6691 6693 6737 7863
3872 240 460 2044 2173 4013 4034 4164 5334 5849 5935 5959 5974 6443 6672 6701 6836 6907 7057 7171 7916
3873 49 139 635 753 2382 2427 3155 3454 4107 4304 5627 5683 5795 6215 6220 6907 7678 7917
3874 269 522 949 2073 2137 2441 2590 2661 2755 2867 4465 4951 5228 5421 5476 5687 5858
3875 1129 1154 1254 1855 2273 2674 2715 3556 3640 3823 3855 4414 4561 4781 5124 5317 5419 5835 6232 6259 6328 7371 7673
3876 409 1145 1766 1800 2611 2939 3346 3480 3661 4862 6048 6448 6797 7178 7351 7923
3877 239 408 466 1273 1602 1768 2553 2715 2842 3260 3377 4477 4630 5043 5240 5686 5921 6267 6909
3878 351 568 2332 2799 3094 3405 3860 4994 5616 5643 5917 6722 6862 7262 7433 7490 7821 7957
3879 1164 1612 1705 2352 2978 3143 3470 3986 4194 5473 5636 5682 5959 5980 6762 6868 7224 7312 7952
3880 499 891 1008 1471 1544 1786 1965 2352 2372 2394 2398 2903 3060 4173 4186 4695 5276 5359 5480 6954 7039 7366
3881 662 888 1001 1739 1782 2491 2618 2755 3411 3610 3725 4222 5513 5525 5804
3882 270 783 946 2169 3699 3954 4511 4667 5162 5170 5474 5606 6809 7296 7981
3883 3 607 685 778 892 1349 1357 1649 2034 2513 3150 3352 3725 4015 5003 5263 5439 5666 6903 7701
3884 69 290 394 1220 1292 1414 1503 1978 2662 2748 3358 3595 3798 3915 4539 4818 5203 5777 6223 6248 6324 6747 6969 7099
3885 722 910 1037 1222 1226 1336 1902 2700 2775 3162 3217 3946 4253 4344 4471 4943 5283 5747 7122
3886 101 269 751 824 1174 1287 1587 1842 2201 3235 3555 3603 3776 3948 4045 4383 4467 4969 5455 5878 6114 6174 6372 6465 6569 6701 6980 7067 7320 7360 7766
3887 319 571 664 2170 2460 2561 2614 3107 3200 4158 4219 4577 4756 5266 5701 5816 6369 7660 7854
3888 275 406 543 568 1227 2034 2427 3043 3082 3142 3339 4023 5031 5168 5522 5904 6100 6511 6838 6930
3889 257 692 1125 1709 1872 2540 2734 2967 4198 4479 4696 5178 6591 7400 7471 7607 7838 7967
3890 256 418 1013 1837 2516 2612 2862 3047 3583 4192 4233 6968 7535
3891 311 483 891 1211 1376 2252 3035 4909 5760 6224 6461 6532 6536 6617 7116 7144
3892 182 839 1251 1818 2004 2453 2569 2633 3271 3751 4111 4392 4663 4794 4807 5375 5552 7157 7264 7550 7890
3893 772 778 907 1337 2036 2197 2424 2521 4907 5578 6177 6235 6956 7139 7530 7744
3894 1412 1863 2203 2325 2441 2591 2968 3208 4255 4429 5427 5754 5984 6173 6369 6674 6741 6867 7621
3895 308 595 1334 1387 1496 1828 2191 2837 3656 3708 4320 4736 5421 5746 6957 7268 7682 7719 7881
3896 97 262 1555 1574 1901 2868 3000 3080 4205 4773 5755 5809 6182 6272 6650 7244 7303 7762
3897 18 329 400 1821 2875 4456 5692 6100
3898 990 1187 1524 1987 2158 2293 2629 2752 3026 3084 3523 4110 4149 5368 5947 6798 6847 6957 7008 7109 7228 7264 7339 7791 7880
3899 43 137 581 739 790 860 892 911 1075 1826 1977 2128 2707 2961 3704 3902 3925 4066 4276 4595 5285 5416 5506 6390 7058 7095 7161 7867
3900 48 197 491 639 2081 2329 2603 3069 3242 3545 4174 4874 5650 5850 6349 6952 7644
3901 385 555 1764 2218 2243 2503 3846 4897 5820 6967 7470 7734 7907
3902 74 486 968 1374 1468 1491 2443 2826 2955 2987 3021 3130 3601 3828 3899 4035 4203 4839 5864 6312 6648 6787 7043 7455 7512 7606 7617
3903 211 257 1683 1985 2031 2436 2709 3116 3477 3834 4025 4066 4186 4292 4447 4505 4566 6374 6411 7655 7854
3904 203 394 775 874 1612 2052 2829 2923 3410 4683 4986 5153 5209 5471 5500 5724 6251 6885 7013
3905 63 163 1185 1579 2051 3204 3284 3482 4015 5131 5167 5361 5828 6969 7214 7479 7833
3906 266 1116 1875 1912 1982 2991 4115 4375 4518 4635 5754 5882 6307 6421 6973 7300 7463 7596 7718
3907 918 1475 1885 2706 2768 3100 3202 3632 3650 3686 3762 3932 4149 4334 4920 5556 6280 6349 6473 7549 7798
3908 243 742 827 1481 1695 1763 2565 2727 2943 3059 3645 4189 4572 5180 5885 6246 6883 7186 7210 7789
3909 237 290 712 861 1673 2366 2454 2578 2592 2830 3379 4482 4690 4721 4908 5131 5365 6101 6824 6884 6904 7025 7217 7389 7821 7866
3910 47 290 467 480 617 777 955 2159 2679 2684 2732 2926 2981 3379 3396 3868 4501 4571 5518 5821 6242 6349 6908 7707
3911 411 1086 1313 1340 2059 2427 2590 4008 4333 4361 4470 4614 5472 5778 5894 6002 6370 6518 7384 7796
3912 69 138 1646 2415 2445 2647 2839 3082 3143 4128 4437 5613 6207 6500 6643 6878 7350 7419 7521
3913 748 1189 1464 1901 1933 1958 1965 2099 2519 2649 2718 2826 3200 4876 4977 6680 6807 7195 7314 7528 7921
3914 216 316 810 2380 2554 2695 3174 3995 4001 4032 4183 4466 5224 5499 6164 7001 7056 7697 7860
3915 138 396 459 465 664 1168 1444 1725 3582 3793 3884 4319 4517 5255 6122 7025 7154 7415 7716
3916 329 1123 1263 1537 2025 2633 2950 3222 3341 4898 4946 5466 5648 5987 6096 7304
3917 108 866 1160 1289 1915 1949 2437 3072 3373 3506 3576 3646 3755 4389 5185 5245 5791 5837 6202 6648 6719 7428
3918 424 635 2035 2414 2921 3006 4492 4635 4816 5754 5920 6078 6711 6829 6919 7361 7798
3919 608 728 2086 2216 2458 2492 4496 4898 6120 6325 6514 6570 6591 6999 7215 7391 7436 7575
3920 80 368 429 1265 1296 2196 2472 2524 2607 3223 3923 4028 4716 5033 5131
3921 1776 3176 3371 3441 4168 4740 5112 5479 5701 6354 6945 7039 7468 7655 7691 7852
3922 121 2689 2903 2983 3307 3627 3633 3937 4567 5564 6712 6794 6809 7620
3923 118 1092 2211 3030 3469 3591 3920 4478 4756 5101 5118 5590 5695 5992 6400 6711 6834 6850 7910
3924 211 295 300 463 783 996 1229 1245 1627 2564 3145 3174 3499 3536 4155 4484 4513 4876 5042 5419 5765 5812 5885 6621 7019 7500
3925 0 51 162 658 813 849 949 1079 1527 2001 2027 2031 2369 3753 3790 3808 3899 5793 6236 6297 6531 6690 6891 6985 7194 7700
3926 261 948 959 1084 1304 1678 1679 2156 2234 2741 2818 2897 3344 3592 4144 4392 5221 5636 5705 7329 7338 7364 7936
3927 0 977 1247 2089 2327 2804 3721 3979 4272 4991 5218 5244 5254 5767 6705 6959 7075 7426
3928 297 355 648 1314 2453 2776 2829 3300 3695 3830 4004 4025 4371 4614 5455 6634 6860 6955 7067 7566 7885 7908
3929 1410 1420 1815 1882 2270 2599 2782 2993 3148 3700 4052 4792 5327 5499 5849 6006 7478
3930 96 719 1972 2200 2512 3689 5190 5505 7176 7251 7438
3931 43 207 443 1016 1149 1247 1424 2500 2534 2553 3169 3280 3329 3539 4904 5198 5786 5939 5988 6534 6783 6958 7066 7486 7605
3932 320 836 1076 2056 2136 2194 2402 2617 2849 3360 3495 3528 3701 3907 6425 6948 7205 7589
3933 101 241 503 875 1129 1264 1520 1571 2649 2871 3119 3193 3242 5197 5636 6465 6526 6556 6676 7198 7473
3934 699 994 2138 2477 2606 2704 2717 2894 2989 3016 3273 3571 4670 5568 5606 6876 6940 7443
3935 537 678 840 934 1850 1851 2009 2017 2222 2266 3326 3742 4409 4908 5022 5081 5228 5517 5800 6001 6079 7921
3936 1759 1877 2088 2756 3565 3867 4026 4131 4671 5002 5623 5974 6145 6419 6751 7403 7697
3937 21 827 1665 1799 2219 2372 2629 2772 2882 3922 4055 4196 4532 4548 4672 5220 6356 6977 6978 7147
3938 1894 2116 2989 3192 3615 4093 4264 4625 4977 5229 5259 5354 6160 6356 7450
3939 404 697 1534 2023 2625 3012 3192 3262 3337 3366 3752 4155 5492 5696 5856 5859 6699 6708 7581 7691
3940 467 629 2473 3200 4834 5457 5508 5521 6321 7291 7605 7647
3941 189 653 1762 2063 2158 2223 2430 3410 3661 3777 4049 4514 5615 5920 6120 6161 6883 7563
3942 989 1045 1601 1614 2320 2423 2467 2669 2739 3807 3982 4050 5120 5598 5723 6039 6104 6354 6549 7047 7299 7300 7367 7481 7587 7618 7831
3943 69 971 1879 2479 2553 2796 3576 4323 4402 4688 5170 5275 5411 5455 5763 6161 6265 7105 7881 7886
3944 220 518 825 946 1924 2549 3766 4448 4869 4872 5651 6426 6558 6628 6690 6719 7550 7583 7661
3945 309 618 1514 3284 3395 3856 3868 4331 4684 4904 5224 5349 6017 6148 6267 6588 6744 6761 7265 7304 7744
3946 847 925 1097 2069 2243 2641 2679 3290 3885 5033 6029 6246 6305 7483
3947 1188 1742 2104 2160 2557 3235 3477 4387 4751 6520 7321
3948 163 212 249 587 687 700 934 1576 2817 3249 3449 3512 3886 4260 4428 4497 4535 4648 5206 5264 5815 5855 5914 6464 6709 7155 7193 7875
3949 100 179 413 891 1394 1650 1685 1831 2091 2099 2191 2249 3105 3677 4819 4910 5377 5488 5729 6795 6825 7320 7561
3950 267 725 1480 1580 1739 1891 2708 2835 3151 3394 3753 3963 4161 4272 4512 4734 5350 6465 6618 7313 7444 7673
3951 118 793 1044 1235 1443 1544 1895 1934 2076 2296 3510 3829 3865 4135 4594 4823 5198 5209 5675 5796 6225 6836 6900
3952 853 1149 1241 1497 1986 2646 3347 3863 4013 5282 6018 6603 7809 7952
3953 746 2158 2631 2761 3031 3118 3460 3509 4773 5205 5235 5422 5492 5530 5568 5702 5716 5791 6564 6838 6847 7295 7385 7595 7750 7852
3954 275 305 438 1166 1626 1651 3303 3882 4156 4689 5595 6569 6936 7501
3955 40 75 329 748 1373 1929 1939 1943 2410 2414 2556 3084 3512 4449 5051 5421 5870 5999 6747 7134 7416 7898
3956 123 616 676 803 870 894 991 1654 1755 1931 1935 2146 2202 2668 3037 3426 4651 4765 4883 5182 5891 5946 6046 6612 6676 7063 7429 7444 7640
3957 54 691 839 930 1426 1558 1622 2336 2824 3063 3298 4387 4534 5680 5857 5913 6140 6395 6729 7032
3958 189 195 1389 1518 1831 2304 2412 2484 4381 4864 5093 5693 5725 7369 7425 7797
3959 312 807 823 1098 1396 1427 1451 1628 1677 2262 3073 3310 3622 3683 4071 4337 4940 5013 6607 6935 7072 7148 7365 7468 7598
3960 194 1211 1606 2069 2078 2081 3258 3748 4085 4227 4845 5091 5123 5197 5585 6011 6090 6883 6948 7520 7887
3961 284 1535 1901 2058 2301 2507 2554 3171 3338 3445 3833 4251 4651 5293 5984 6397 6849 7566 7648 7972
3962 129 145 251 299 638 1151 1650 1794 2078 2202 2429 3844 4065 4901 4993 5168 5338 5503 6989
3963 719 1897 2032 2379 2407 3568 3737 3744 3950 4191 4771 5172 5483 5636 7605 7813
3964 25 247 456 1169 1573 1871 1994 2245 2639 2850 2881 3999 5433 5626 5734 5865 6260 6431 6793 7409 7839
3965 825 1100 1832 2178 2227 2352 2357 4904 5092 5609 5651 6088
3966 519 1234 1383 1601 1973 2580 2597 2671 3178 3181 3787 4236 4664 5234 5517 5668 6360 6675 6898 6947 7344 7867
3967 798 1048 1112 1595 1720 1800 2802 3097 3564 3805 4246 5850 5887 5961 6047 6351 6573 6940 7043 7735 7854
3968 475 850 1361 1373 1571 1618 2325 3225 3426 3774 4287 4800 5217 5706 6375 6386 6952 7220 7528
3969 18 272 600 725 839 944 1527 2855 3159 3636 3841 4661 4734 4848 5191 5231 5296 6021 6059 6107 6323 6459 6580 7453 7792
3970 202 258 477 645 649 1358 1671 1929 2138 2211 2513 2536 2805 3324 3700 4458 5174 6988 7173 7304 7386
3971 216 555 1299 1833 2921 3569 4560 5182 5347 5732 5824 5883 6145 6677 7821
3972 273 365 1200 1440 2065 2328 2343 2503 2576 2899 4085 4487 4538 5274 5295 5484 5697 5747 6782 6972 7116 7487 7711
3973 302 1316 2532 2594 3271 4169 4992 5064 5084 5114 5139 5476 7102 7475 7650 7898
3974 1385 1599 2023 2033 2077 2240 2246 2399 2951 3790 3848 4118 4214 4636 5445 6061 6600 6667 7084
3975 119 1036 1606 2081 3091 3225 3568 3818 3844 4139 4485 4684 5182 5524 5647 5650 5668 5674 7083 7306 7665 7958 7989
3976 92 1198 2997 3005 3073 3340 3567 3651 4808 5974 6490 6622 7098 7198 7354 7495 7856
3977 83 1077 1597 1728 2080 2174 3158 3177 3199 3308 3808 4249 4664 4755 5366 5387 5568 5821 5879 5921 6077 6373 6555 6699 6919 7688
3978 2690 2958 3370 4000 4585 4855 5347 5658 5665 6215 6352 6373 6378 6762 7177 7333
3979 413 1033 1944 2619 2925 2975 3258 3927 5423 6058 6383 6699 6774 7637
3980 312 901 1176 1781 1803 3199 3316 3788 4194 4295 4427 4443 4976 5221 5240 6297 6567 7088 7478
3981 97 450 536 1594 2066 2360 2508 2638 2978 3236 4115 4122 4127 4621 5269 5317 5639 5721 6089 6176 6255 6334 6500 6564 6768 7406 7444 7664
3982 137 334 648 1114 1313 1533 1633 2029 2370 2846 3091 3293 3942 4676 5142 5234 5500 6358 6387 7134 7358 7827
3983 90 102 1506 2648 3459 3687 3771 4379 4404 4613 5173 6172 6264 6366 6667 7248 7348
3984 940 1523 1768 1898 2211 2222 2783 3282 3584 4070 5214 6977 7180 7522 7707 7957
3985 122 316 432 605 710 737 1521 3067 3207 3315 3481 3867 5587 6707 7100 7333 7519 7644
3986 739 1081 1684 1880 2031 2106 2375 2428 2941 3879 4323 4377 4566 4948 6297 6371 7090 7105
3987 814 1973 2448 2960 3406 3504 4777 5344 5346 5562 5873 6126 6940 7101 7480
3988 492 731 1450 1893 2832 3456 3868 4164 4279 4577 4967 5269 5405 5632 5682 5791 5857 6564 6742 7142 7173 7269
3989 108 638 727 954 1367 1386 1538 2147 2227 2292 2589 3858 3862 4101 4582 4882 5387 5551 6251 7300 7417 7583 7806
3990 128 1103 1194 1742 2188 2299 2656 2659 3807 4099 4198 4421 4437 4558 5016 5248 5538 6238 6293 7123 7473 7983
3991 124 697 1671 2159 3111 3186 3361 4410 4411 4868 5361 6302 6857 7447 7460 7576 7875
3992 1159 1168 1922 2229 2757 3342 3644 3860 4302 4879 5068 5302 5549 6014 6381 7014 7252 7755
3993 606 1081 1960 2032 2296 2483 2645 3539 4001 4438 4666 4786 5228 5812 5929 6138 6554 7149 7532
3994 27 417 934 1050 1440 2118 3859 4020 4050 4210 4525 4647 5327 5549 5629 5956 6092 6620 7090 7919 7950
3995 405 573 680 1331 1960 2487 2659 3333 3639 3803 3914 4376 4496 4707 4777 4859 5565 5578 6487 6988 7454
3996 295 403 495 704 2104 2259 2297 3076 4802 4934 5031 5339 5348 5393 6687 7574 7704 7841 7913
3997 164 227 1218 1503 1644 2179 2525 2726 2977 3336 3490 4531 4706 5424 5690 6518 6693 7033 7043
3998 173 1110 1581 2001 3106 3198 4159 4193 5206 5326 5603 6067 6331 6480 6960 7045 7433
3999 258 259 775 1035 2423 2993 3095 3964 4378 5503 5506 5816 5917 5971 6389 6667 7426 7439
4000 235 319 886 1218 1393 2084 3324 3334 3978 4024 4056 4446 5016 5355 6112 6375 6695 7104
4001 26 522 891 1186 1384 1882 2709 2977 3082 3914 3993 4019 5224 5288 5644 5658 5883 6080 6246 6424 7365 7405
4002 307 472 569 580 1010 1024 1279 3296 5139 5186 5513 6221 6432 6467 6526 6725 7064 7141 7440 7467 7473 7623
4003 137 494 1485 1777 2866 3476 3547 3589 3793 4303 4338 4790 4968 5124 5171 5431 5909 6032 6051 6193 6524 6934
4004 294 1081 1114 1879 1898 1991 2311 2516 2870 3504 3790 3817 3928 4082 4495 4937 5276 5499 5615 6316 7118 7355 7618
4005 1800 2591 2672 2678 2763 4237 4631 4746 4975 5119 5721 5785 5892 6604 6626 6677 6991 7158 7433
4006 314 349 382 1246 2043 2083 2273 3409 3635 3670 3684 4042 4179 4835 5632 6087 6531 6725 7706
4007 308 701 1140 1170 1662 2116 2242 2467 2741 3026 3103 4134 4783 5298 6301 6349 6522 7666
4008 397 552 1077 1225 1745 2167 2211 2426 2634 3723 3911 4017 4137 4313 4446 5314 5418 5776 6022 6245 6902 7035 7088 7668 7767
4009 4 22 87 1001 1430 1899 1906 2026 2323 2410 2516 2687 3068 3169 3539 4670 4840 5080 5461 5784 6826 6840 6916 7243 7337
4010 66 117 1510 1922 2667 2967 3614 3686 4193 4198 4709 4781 4889 5575 5651 6014 6403 6828 7687 7750 7920
4011 837 1807 1822 1898 2536 3020 3149 4211 4341 4567 4873 5043 5251 5501 5873 6044 6996 7065 7354 7412 7522 7871 7940 7949
4012 68 695 2357 2373 2648 2810 3200 3204 3469 3521 5182 5300 5539 5745 6193 6807 6974
4013 511 1202 1762 2007 2128 2597 2794 3070 3619 3721 3748 3872 3952 4499 4934 5190 5709 6097 6110 6759 6835
4014 127 132 169 217 1444 1563 1743 3263 3606 4055 4362 4465 4629 4846 5138 5330 5783 5930 6289 6656 6726 7120 7440 7613 7739 7767
4015 213 277 326 480 869 1174 1448 2516 2632 2821 3883 3905 4541 4799 5090 5924 6659 7132 7545 7707 7758
4016 639 695 780 1166 1423 1980 2297 2440 2648 3060 3315 3495 4188 4941 5315 6395 6557 6590
4017 26 386 416 544 605 1425 1529 1829 2111 2197 2669 3252 3339 4008 4377 4413 4822 5329 5626 6039 6521 7007 7509 7693 7918
4018 24 201 274 409 537 719 1058 1248 1320 1627 1969 2155 4206 4602 4646 5045 5156 5268 5296 6384 7145 7773 7806
4019 506 1247 2011 2077 2216 2472 2933 3324 3659 4001 4673 4827 5657 5784 5811 6161 6940 6967 7242 7295
4020 480 699 1325 1806 2375 2457 2814 3524 3994 4162 4187 4416 4472 5387 6367 7259 7502
4021 358 942 1396 1697 1903 4059 4212 4762 4818 4824 4956 5274 5326 6505 6770 6951 7456 7653 7864
4022 75 148 260 294 1431 2151 2270 3262 4613 5143 5667 6108 6205 6247 6327 6394 6626 6742 6837 7691
4023 202 236 311 356 522 927 1232 1819 1950 2130 2302 3209 3375 3840 3888 4196 4631 5073 5502 5642 6387 6516 7277 7381 7531
4024 302 753 856 1262 1767 1828 2369 2472 3121 3238 3423 4000 4358 5276 5279 6100 6437 6792 6815 7375
4025 1583 1936 3469 3633 3772 3856 3903 3928 4482 4659 4909 5506 6273 6637 6769 7134 7315 7925
4026 676 1206 1324 1459 1611 1686 1793 1799 2915 3091 3936 4189 4344 4383 4416 5030 6129 6798 6831 7694 7869 7931 7982
4027 234 445 751 1387 1729 1780 2051 2217 2243 3189 3253 3355 3423 3677 3850 4464 4977 5795 5874 6308 6407 6438 6833 7101 7356 7555
4028 261 505 850 889 2361 2655 2877 3720 3920 4259 5195 5463 5637 5845 5975 6064 6308 6806
4029 1196 2180 2510 2513 2576 2703 3666 4457 4686 5279 5287 5387 5416 5606 6328 6529 7011 7183 7752 7753 7808 7949 7992
4030 86 297 320 546 2414 2862 3354 4047 4070 4084 4086 4338 4530 5166 5799 5913 6943 7556 7618
4031 881 1160 1527 1772 1961 2343 2348 2872 3206 3517 4668 4786 4842 5214 5638 5997 6338 6524 7526 7737
4032 718 868 2858 3188 3258 3375 3439 3914 4239 4536 4804 4979 5055 5396 5677 7494
4033 38 510 1236 1635 2258 2678 2738 2904 3122 3175 3254 3740 4270 4642 5312 5319 5619 5982 6138 7213
4034 238 353 2346 2374 3545 3872 5603 5728 5833 6064 6443 6589 6746 6866 6889 7719
4035 1009 1103 2134 2233 2370 2554 3059 3207 3617 3902 4126 4353 5114 5145 5886 7421 7814
4036 443 1036 1129 2708 2761 5083 5243 5460 5729 6247 6680
4037 228 238 891 1001 1150 1370 1473 1578 1593 1867 1875 2162 2842 3622 4495 4867 4937 5098 5176 5493 6004 6129 6179 6469 7125 7686 7926
4038 1452 2450 2522 2823 3077 3082 3581 3697 4346 4373 4842 4868 5091 6102 6205 6810 7742 7845 7889
4039 175 653 745 1239 2302 2503 2650 2955 3118 3305 4343 4692 5206 5589 5946 6052 6551 6983
4040 283 392 542 1829 1952 2348 2629 3026 3062 3488 3776 3797 5253 5266 5455 5883 5884 5928 6039 6334 6766 6819 7019 7091 7925
4041 231 457 617 1038 1060 1182 1301 1393 1759 1805 1870 2049 2310 2962 5658 6422 7019 7161
4042 4 737 1622 2476 2492 2657 2743 2953 3284 3302 3696 3770 4006 6043 6947 7191 7522
4043 341 484 584 666 692 764 924 1141 2277 2514 3037 3594 3821 4294 4346 4402 4473 4537 5132 6599 6619 6747 7365 7444 7752
4044 903 1055 1755 1978 2770 2871 4887 6313 6390 6703 7685 7694 7942
4045 83 363 1571 2251 2333 2379 2487 2654 3129 3179 3198 3525 3886 4392 4773 4804 5487 5615 5704 6247 6647 6739 7140 7219 7389 7744
4046 1108 1475 1520 1609 2049 3337 4595 4674 5057 5067 5432 6020 6476 6896 7043 7142 7192 7254 7265 7496
4047 727 1394 2874 3143 4030 4431 5137 5438 5998 6148 6658 6813 7793
4048 29 597 920 1298 1509 2072 2765 2885 3310 3551 3668 4334 5081 5293 5760 5815 7221
4049 454 597 3941 4271 5016 5028 5510 5580 5788 5857 6229 6415 6549 6713 6759 7184 7366
4050 365 919 1795 2477 3103 3942 3994 4164 4274 5384 6019 7023 7045 7193 7300 7352
4051 306 419 766 941 982 1361 1530 2135 2896 3010 3310 3794 5674 6315 6504 7486
4052 1373 1546 1567 2210 2516 2601 2766 3104 3777 3929 4090 4612 5721 5977 6443 6630 6773
4053 1034 1700 2226 2397 2442 3199 3576 4122 4753 5340 7117 7277 7808 7976
4054 502 671 861 1265 1351 2066 2116 2918 4429 4816 5091 5142 5712 6196 6225 6390 6679 7398 7644 7663
4055 51 244 1050 1864 1896 2403 2688 2876 3294 3408 3618 3937 4014 5024 5134 5444 5635 5639 6825 6996 7188 7207 7361
4056 257 347 549 877 1283 1338 2021 2057 2479 2902 3415 4000 4555 4585 5614 5829 5944 6254 6291 6345 6463 6563 7339 7838
4057 169 486 2028 2066 2253 2360 2455 3586 4845 5296 5406 5453 5713 5923 7322 7346 7378 7387 7496
4058 435 661 1145 1326 1772 3096 3382 3736 4062 4418 5600 5608 5693 6979 7109 7371 7556 7971
4059 539 562 612 742 769 1037 1554 3621 4021 4198 4266 4651 4962 5557 5610 5978 6917 7238 7326
4060 113 173 326 1356 2105 2432 2647 3216 3652 3796 4935 5077 5469 5725 5849 5885 6372 6456 6523 6813 7325 7605
4061 241 378 764 973 1641 1928 2361 2831 2874 2889 3404 3819 5048 5207 6132 7095 7152 7243 7484
4062 1418 2149 3084 3272 4058 4507 4508 4795 5298 5702 5765 6210 6518 6830 7833
4063 1004 1110 1135 1522 1581 1614 1846 2787 3090 3308 3379 3391 3420 4791 4849 5391 6421 6805 7134 7247 7262 7597 7774
4064 71 270 412 1191 1197 1221 1871 2109 2166 2196 3076 3680 5363 5858 5884 6004 6649 6712 6843 7063 7129 7407 7825
4065 746 956 1034 1336 1628 1661 1909 3124 3305 3423 3962 4078 4850 4965 5000 5472 6240 6601
4066 398 701 1813 2274 2531 2544 2740 3317 3899 3903 4225 5441 5445 6453 6815 6878 7040 7226 7383 7871 7990
4067 161 235 307 521 573 701 803 902 1156 1522 1535 1939 2383 2418 3580 3593 4250 4261 4920 5089 5433 5891 6132 6476 7256 7294
4068 65 220 371 888 935 1268 1690 1831 2870 2995 3186 3269 3412 4643 6677 6691 6783 7393 7484 7578
4069 3269 3510 3554 4294 4420 4801 6219 6358 6474 6932 7751 7987
4070 148 724 948 1000 1063 1338 3312 3984 4030 4117 4545 4716 6099 6680 7393 7397 7432 7631 7879 7984
4071 559 1078 1211 1375 1402 2012 2185 2290 2776 3207 3959 4226 4624 5239 5266 5444 5540 6817
4072 1027 2145 2722 3001 3008 3299 3433 4503 4766 4896 4929 5024 5045 5459 5559 6115 6206 7070 7762
4073 256 1907 2132 2358 2378 2792 2918 6464 6915 6975 7055
4074 238 933 1210 1457 1599 2956 2959 4240 4340 6556 7386 7596 7793 7948 7960
4075 1022 1734 2012 2386 3067 3188 3613 4851 6671 6739 6848 7587 7760
4076 412 1052 1161 1721 1804 3240 4871 5399 6196 6467 6708 7246 7420 7518 7720 7864
4077 63 164 432 465 482 788 2145 2619 3446 4264 4721 4784 5953 6546 6822 7271
4078 119 1000 1613 3053 3378 3390 4065 4173 4387 4564 5090 5292 5570 6107 6283 6503 7434
4079 122 194 212 838 1008 2525 3394 3638 5058 5387 5412 5879 6390 6878 7009 7083 7164 7418 7626 7807 7994
4080 97 342 651 797 1381 1998 2043 2161 2244 2999 3401 4724 5251 5472 5739 5864 6946 7101 7253 7329 7413 7850
4081 673 1651 1791 2332 4191 4694 4941 5081 5260 6351 6669 6747 7880
4082 1439 1598 1708 1793 2556 3334 4004 4116 4226 4310 4346 6176 6314 6338 6470 7619
4083 1088 1162 1407 3138 3445 3517 3569 4196 4974 5159 5279 5845 5995 6071 6078 6597 6637 6735 6910 7336 7564 7814 7875
4084 400 1186 2032 2389 2911 3194 3449 3587 3600 3621 3677 4030 4659 7074 7202 7734
4085 245 401 404 557 1019 1444 1454 1790 2610 2935 2952 3521 3960 3972 4672 4703 5167 5247 5830 6366 7662 7989
4086 1877 2455 3201 3279 3323 3575 4030 4990 6004 6824 7066 7989
4087 288 309 664 1011 1028 1162 1533 2216 2695 3050 3325 3764 4269 4813 4829 4976 5028 5195 5381 5514 5761 6104 6550 7999
4088 206 349 363 502 1148 1262 2181 2191 2722 3053 3358 4170 5078 6794 7133 7354 7371 7399 7933
4089 5 404 785 830 1520 1694 1845 1988 2030 2226 2234 2739 4117 5055 5311 5460 6287 7294 7604
4090 980 1085 1307 1317 1320 1445 1512 2128 2468 3213 3432 3589 3740 3860 4052 4174 4470 5298 6578 7050
4091 40 106 1296 1938 1949 2609 2857 3302 4394 4600 4852 5229 6324 6394 6538 6759 7442 7645
4092 92 506 559 740 2448 2983 4446 4736 4771 5136 5230 5326 5333 5543 5651 5667 5719 6521 6742 7072 7092 7408
4093 494 1080 1150 1194 1339 1570 1617 1755 2163 2272 2538 2884 3200 3581 3938 4515 4689 4984 5083 5926 5929 6609 6911 7175 7253 7422 7671
4094 454 812 1046 1277 1299 1339 1825 2011 2042 2070 2569 2639 3268 4365 4766 4998 5218 5543 6200 6956 7298 7303 7506
4095 231 1043 1231 1334 1467 1770 2619 2691 5260 5498 5676 6087 6204 6244 6494 6784 6904
4096 66 159 1333 1624 1746 1887 2602 3311 3341 3365 3547 3738 4134 4354 4419 5746 5858 6378 6467 6496 6611 7011 7236
4097 11 819 1774 1974 2337 4333 4429 4547 5575 6071 6252 6553 6596 6802 7142 7830
4098 96 306 475 1050 2801 2902 3344 3375 3444 3486 3629 3652 3674 4729 5603 5991 6024 6044 6894 7198 7445 7478 7567 7998
4099 203 539 858 2391 3424 3990 4678 5195 5643 6408 6477 6991 7452 7961
4100 803 825 909 1400 1459 2250 2325 2654 2888 3034 3319 3715 4114 4411 4693 4723 4869 4882 5113 5214 5501 6243 6964 7493 7699
4101 590 766 857 921 2246 2817 3147 3804 3989 4391 4644 4710 6120 6624 7069 7572 7590 7897
4102 151 234 252 585 1018 1279 1453 1525 2566 2811 2819 3135 3285 3381 3477 3483 3676 3777 4867 5448 5540 5577 5601 5728 6455 6788 7463 7901 7974
4103 97 1239 1374 1969 2643 3003 3465 4622 4635 4947 4964 5176 5275 5293 6142 6162 6263 6980 7035 7273 7332 7345
4104 59 687 790 820 875 900 1000 1200 1307 1547 1553 1731 2008 2503 2590 3563 4503 5094 6992
4105 101 464 524 530 555 856 1855 2318 2527 3458 3549 4512 4949 5625 5820 6325 6596 7330 7686
4106 386 569 692 1246 1416 1702 1933 1947 2491 2723 3039 3126 3252 3426 4266 4671 4974 5441 5563 6280 6447 6511 6580 6600 6656 6683 6993 7541
4107 239 1094 1103 1632 2349 2623 2926 3259 3325 3503 3619 3753 3873 4801 5392 5670 5714 6180 7078 7338 7527
4108 485 843 1494 2188 2562 2606 2924 3092 3391 4234 4693 4931 5142 5408 6127 6138 6547 7182 7199 7372 7390 7559
4109 275 1118 1181 1831 3551 3553 4240 4328 4723 4952 6013 6166 6594 7232 7320 7540 7753
4110 11 197 367 546 734 795 998 999 1736 2021 2675 3814 3838 3898 4333 4740 5019 5526 5934 6666 7144 7221 7319 7944
4111 481 1553 1633 1850 2790 3454 3555 3892 4229 4729 4965 5095 5362 7149 7612
4112 651 1340 1957 2059 2258 2425 3134 3250 4459 4563 5239 5866 5888 6190
4113 864 1064 2114 3744 4648 5800 7058
4114 60 254 1765 2192 2625 2880 4100 4417 4478 5116 5231 5549 5750 6229 6842 7503
4115 140 1834 2211 2574 2588 3359 3906 3981 4678 4911 6290 6796 7664 7982
4116 663 797 997 1003 1491 1638 1674 2058 3430 3600 4082 4403 5485 5902 6493 6503
4117 7 136 504 860 2119 2150 2635 2644 3231 3377 3582 4070 4089 5016 5384 5698 5789 7481 7838
4118 1145 1440 1495 1527 1718 2394 2648 2789 3290 3974 4998 5025 5082 5186 5287 6302 6433 6453 6632 6767 7128 7331 7862 7928
4119 352 840 1003 2209 2635 2904 3387 3587 3832 4447 5963 6133 6365 6747 6781 7883 7906 7969
4120 90 457 926 1280 1677 1937 2268 2277 3159 3352 3726 4348 6133 6685 6846 6945 7100 7235 7508 7655
4121 288 539 621 693 1287 2322 2952 3013 3034 4297 4307 4861 5512 6194 6465 6512 6629 6918 6965 7195 7303 7721 7893
4122 124 812 825 1752 2010 2399 2532 2844 2910 3253 3496 3763 3845 3981 4053 4448 4746 5101 5523 5677 6385 6478 6764 6842 6907 7581 7594 7927
4123 283 453 559 814 837 930 975 1702 2535 2604 3140 3273 4217 4516 5827 6241 6579 6999 7929 7931
4124 583 718 1487 1653 2293 3086 3567 4310 4474 4493 5251 5630 6034 6203 6261 6327 7089 7384 7529 7583 7823
4125 288 373 441 948 1391 1568 1629 1829 2459 2462 2691 3013 3577 3738 4493 4750 5616 5837 6301 6468 7888
4126 13 579 594 611 688 743 1677 2052 2417 2675 2912 3563 4035 5957 6020 6172 6331 6700 7173 7370 7462
4127 21 245 772 1363 1901 2056 2991 3981 4275 4517 5129 5515 6054 6469 6578 6972 6992
4128 16 265 271 294 323 1462 3082 3159 3289 3359 3692 3912 4151 4174 4538 4630 5067 6090 6345 6583 6642 6949 7103 7417 7871
4129 437 789 1658 1919 2648 3472 3531 3580 4177 4745 4952 5005 5385 5517 5685 6089 6573 7465
4130 128 354 1460 4344 4899 5037 5059 5456 5754 6006 6016 6038 6065 7102 7623
4131 223 1540 2403 3012 3254 3361 3387 3863 3936 4795 5007 5082 5578 6342 6775 7402 7630 7683
4132 459 1171 1557 1781 2005 2041 3320 3405 3591 5157 5345 6284 6931
4133 268 496 505 575 606 2097 2268 2678 2774 2792 2919 2962 3250 4913 5046 5980 7488
4134 26 772 1099 1195 1214 1500 1738 2196 2519 2552 2818 3659 4007 4096 4647 4693 4748 5180 5798 5817 6574 7122 7156 7725
4135 6 68 191 299 570 1324 1779 2523 3951 4631 4779 4802 4951 5179 5634 6456 6766 7119 7462 7545 7640
4136 83 510 928 1268 2901 3529 3538 3818 4972 5437 6311 7592 7775 7997
4137 560 699 1160 1372 1689 2010 2367 2656 2660 3295 3315 3628 4008 4177 4514 4980 5012 5136 5271 5517 5536 5831 6063 6375 6411 6433 6976 7327 7606 7686
4138 166 615 872 1102 1672 1791 1984 2023 2085 3100 3570 4388 5302 5658 6117 6718 7726
4139 525 1085 1532 1583 2058 2258 2965 3134 3294 3390 3623 3796 3810 3856 3975 5041 5669 5763 6984
4140 668 1031 1721 2099 2308 2364 2383 2414 2611 2855 3136 3156 3428 3510 3612 3620 4386 5761 6470 7141 7681
4141 139 226 398 748 952 1358 2530 2633 2696 2939 3510 3648 4196 4394 4813 4932 5003 5569 5618 5805 6656 7328 7433
4142 0 791 814 1235 2055 2106 2243 2350 2776 3133 3700 3859 4150 4214 5081 5740 6880 7043 7174 7245 7890
4143 560 685 802 1324 1443 2370 2920 3047 3284 3305 3797 4205 6104 6732 6943 7639
4144 16 119 606 757 959 1772 1914 1973 2619 3458 3926 4614 4680 6063 6217 6803 6835
4145 904 1060 1273 1317 2502 3131 3132 3191 3245 3316 3353 3540 5578 6536 7572
4146 607 976 1133 1336 2773 4346 6326 6341 6457 6822 7537
4147 596 767 1263 1357 2411 3637 4601 4716 5708 5870 6452 7112 7297 7742 7849
4148 227 330 948 1101 1440 2033 2395 3203 3262 3777 3826 5850 5969 6553 6899 7314 7402 7611
4149 680 926 1766 2892 3546 3898 3907 4544 4572 5365 5471 5841 5849 5895 6538 6736 7411 7611
4150 252 1646 2165 2299 2663 3245 4142 4193 5015 5454 5579 6152 6213 6518 7317 7739
4151 1257 1325 1582 2108 2738 3046 3116 3278 4128 4304 4856 5202 5569 5702 6244 6294 6337 6521 7031 7285 7688
4152 526 756 763 873 1779 1915 2022 2249 2612 2719 2995 3070 3266 3568 3765 5681 6213 6385 6907 7308 7458 7850
4153 1444 1817 2175 2452 2857 3079 3184 3369 3372 4423 4689 4743 4863 4997 5013 5050 5595 5673 6152 6342 7027 7294 7769
4154 192 399 509 811 1336 1557 2133 2173 2320 3293 3439 4550 4896 4998 5130 5266 5586 5919 6576 7383 7391 7485
4155 108 182 366 831 1358 1428 1490 1841 2731 2770 3196 3612 3924 3939 5857 6551 6989 7463 7939 7974
4156 1529 1719 1916 2238 2576 2590 2617 2706 2978 3312 3638 3819 3954 4199 4993 5158 5569 5594 6640 6664 6738 6837 6866
4157 312 951 1013 1459 2331 2367 3452 4541 4870 5461 5481 5994 6102 6111 6350 6816 7007 7065 7404 7492
4158 39 310 906 1886 2387 2592 2667 2873 3887 4954 5105 5147 5436 5579 5893 6163 6271 6691 6711 6876 7295
4159 396 1231 1265 2019 3009 3998 4412 4539 4915 5103 6244 6343 6899 7384
4160 45 1985 2066 2532 2815 3203 3568 3746 4825 4832 5826 6106
4161 162 965 1198 1284 1521 1680 2521 3218 3324 3950 4962 5219 5655 6253 6730 7091 7680 7781
4162 223 312 837 866 1547 2599 2616 2822 4020 4802 4843 5212 5274 5334 6295 7014 7511 7550 7708
4163 390 423 880 1649 1777 2002 2097 2220 2948 3359 3808 4222 4225 4397 5114 5241 5349 5784 5971 5981 6091 6211 6703 6843 7594 7940
4164 6 1004 1197 2054 2228 2487 3539 3846 3872 3988 4050 4340 4521 4599 4679 6111 6239 6305 6489 6514 6738 6772 7533
4165 222 576 1181 1649 2896 3482 4878 4899 6500 6687 6737 7020 7668 7971
4166 17 77 431 922 1045 1764 2335 2701 2757 3018 3092 3329 3501 3756 3851 4369 4447 5022 5074 5358 7142
4167 168 303 351 541 1397 1981 2226 2797 3790 3852 5368 5378 6426 7111 7134 7922
4168 199 727 807 912 1408 3049 3762 3822 3921 4395 4446 4526 4780 4919 5018 5033 5153 5215 5298 5406 5869 5980 6018 6686 7107 7237
4169 730 1313 1602 1922 2010 2630 2734 3045 3350 3560 3973 4473 4562 4662 6115 6706 6829 7120 7129 7440 7899
4170 1129 1158 1215 1495 1730 3353 3539 3852 4088 4287 4331 4459 4601 4655 4715 5303 5492 6648 6741 6850 7149 7821
4171 2241 2622 3279 5646 5873 6103 6349 6590 6881 7065 7211 7233 7251 7560 7768
4172 270 388 512 640 917 1178 1274 1823 2377 2414 2442 3063 3311 3449 3450 3514 4220 4311 4363 4541 4774 4785 5258 5690 6536 7105 7750 7766
4173 356 409 1143 1383 1406 1822 1949 2622 3378 3503 3550 3880 4078 4195 4495 4625 4710 5781 5837 5979 6036 6080 6869 7097 7497 7778
4174 522 1079 1115 1127 1471 1532 1580 2424 2645 2807 2831 3051 3135 3377 3900 4090 4128 4255 4445 4888 5024 5038 5536 5546 5893 6086 6828 7541
4175 234 991 1181 1310 2060 2177 2335 3018 3400 4320 4374 5071 6424 6666 6715 7232 7386
4176 548 904 1426 1470 1502 1919 2733 2914 3102 3179 3411 4199 4795 4964 5224 5266 5884 6287 6423 6987 7838 7871
4177 96 487 492 1001 1811 1998 2357 2581 3520 4129 4137 5444 5508 5936 6220 7198 7209 7824 7917
4178 165 170 179 283 387 608 1093 1325 1683 2091 2595 2837 2961 3083 3753 4284 4381 4395 4847 5496 6170 6401 6550 7134
4179 151 261 414 1494 2433 2801 3351 3871 4006 4400 5006 5058 5072 5108 5335 5449 5581 5864 6115 6964 6982 7182 7229 7571
4180 420 621 841 1036 1054 1639 2936 3415 3809 4715 4816 5215 5940 6310 6358 6735 6864 7618
4181 326 1136 1321 1416 1567 2128 2317 2526 2531 2570 3362 3439 5077 5468 5620 5812 5920 6218 7368 7584
4182 939 2323 2526 2957 3235 4634 4672 5550 5690 6173 6440 6527 6742 7439 7616 7729 7875
4183 908 1467 1937 2156 2652 2723 3083 3677 3699 3914 4441 5092 5696 5752 6251 6282 7615
4184 91 592 1877 1954 2035 2043 2424 2530 3068 5418 6700 6986 7397 7468 7966
4185 27 262 431 926 1062 1453 1634 1678 1957 2763 3426 3530 3745 4257 4591 5113 5131 5885 6261 6519 7357 7363 7688 7727
4186 129 610 1785 2064 2203 2461 3087 3198 3309 3330 3732 3880 3903 4301 4784 5116 5482 5524 5968 6172 6568 6942 6955 7278 7449 7794
4187 828 940 1013 1227 1917 2333 3033 3820 4020 4238 4523 4552 5054 5641 6106 6458 7325 7992
4188 1322 1470 1990 2539 2722 2741 4016 4720 5106 5286 5606 5936 6399 6618 6938 7650 7657 7675 7770 7793
4189 246 1126 1251 1942 2160 2225 2696 2703 2814 3223 3327 3908 4026 4817 4924 6830 7202 7794
4190 124 988 1530 1577 2137 3045 3518 4474 5351 5417 6757 6772 6935 7005 7226 7613 7688
4191 19 267 788 1131 1240 2175 3163 3297 3316 3450 3963 4081 4571 4838 4876 6118 6212 6671 6789 7222 7739 7863 7945
4192 502 917 1368 2210 2232 2541 2592 3617 3660 3890 5387 7424 7598 7900
4193 1079 1879 2271 3140 3998 4010 4150 4298 5858 5951 6649 7370 7823
4194 147 740 2193 2752 3145 3683 3879 3980 4619 4718 7039 7384
4195 272 739 881 1148 1593 1649 2655 3161 3297 3405 4173 4349 4544 4607 4727 5021 5184 7091
4196 95 103 193 470 490 782 1050 1083 1654 1791 2243 2284 2377 3104 3476 3937 4023 4083 4141 4331 4566 6523 6836 7173 7409 7741 7783 7892 7913 7918
4197 209 710 765 852 999 1927 2315 2601 3774 3791 4419 4421 4425 4511 4555 4902 5127 5451 5622 5748 6154 6339 6374 7040 7064 7139 7330 7424 7467 7618
4198 570 2147 2216 3006 3009 3278 3889 3990 4010 4059 4897 5195 5229 5699 5888 5941 6010 6272 6293 6300 6604 6829 7493 7766 7864
4199 1873 4156 4176 4305 4318 4352 4436 5292 5679 5726 5922 6539 6587 7049 7809
4200 398 496 1559 1577 1951 2361 2470 3539 3678 5054 5662 7346 7364 7876 7954
4201 1136 1437 1596 2432 2434 2600 2686 3058 3211 3231 3667 4753 4985 4999 5701 6566 6850 6931 7061 7177 7840 7922
4202 1303 1337 1360 1383 2952 4677 4814 5135 5516 5537 5560 5701 5723 5813 6205 6320 6989 7485 7514 7654 7787
4203 1266 1316 1806 2608 2984 3197 3902 4208 5426 5539 5644 5784 6078 7472
4204 1000 1339 1529 2582 2975 4409 4809 5711 6357 6397 6866 7549 7699 7779 7807 7958
4205 753 829 995 1221 2478 2698 3583 3618 3729 3896 4143 4295 4364 4413 4627 4814 5107 5228 5974 6016 6144 6224 6229
4206 190 752 1014 1472 1506 1602 2007 2406 2617 2699 2744 2900 3457 3610 4018 4257 4263 4753 5537 6374 6760 6851 7630 7767
4207 548 840 2150 2209 2342 3703 4213 4380 4382 4680 5310 5337 5476 5554 5586 6096 6627 7794
4208 102 776 1178 1871 2129 3068 4203 4256 4940 5242 6161 6386 6641 7212 7471
4209 74 531 1791 1854 2067 2155 2604 2850 3215 3241 3619 3809 4268 4482 4537 5008 5072 5324 5746 6479
4210 219 264 275 324 1077 1457 1544 1984 2053 2481 2772 3746 3994 4425 4429 4782 5459 6074 6237 7770
4211 23 112 292 530 769 1728 1816 2623 2756 4011 4212 4709 4712 4892 5114 5166 5464 5652 6903 7388 7855 7904
4212 4 639 941 978 1056 1175 1686 1824 1853 1959 2222 2276 3855 4021 4211 6429 6486 7074 7989
4213 374 626 1545 2154 2344 2843 3157 3160 3295 3560 4207 5725 5820 5994 6295 6345 6706 6855 6977 7160 7197 7289 7372 7503 7899
4214 686 722 1027 1101 1534 2557 3974 4142 5366 5486 5574 6463 6581 6915 7283 7741 7872
4215 363 368 1117 1351 1686 1803 2521 2531 2683 3238 3859 4711 4909 5109 5817 6012 6073 6247 6513 6934 7277 7288 7989
4216 288 560 697 965 1010 1022 2235 2977 3540 4359 4388 4423 4644 4715 4823 5009 5395 5761 7622 7708
4217 615 699 908 1211 2092 2105 2165 2199 2230 2332 3550 3778 4123 4677 6251 6496 6838 6931
4218 20 945 1039 1433 2306 2308 3013 3859 4663 5086 5114 5288 5856 5923 6863 7170 7285 7343 7699
4219 185 222 1285 1442 1582 1811 1856 2133 2303 2321 2661 2835 2897 2948 3254 3370 3377 3773 3887 4725 4904 5073 5269 5879 6264 6430 7526 7851
4220 259 315 411 433 436 787 1543 1682 1829 1874 2158 2229 2295 2315 3253 3654 4172 5449 6178 6291 6324 6988 7444 7658 7933 7969
4221 479 777 1007 1267 1863 2698 2987 3150 3530 4956 4972 5106 5305 5493 6129 6307 6696 6838 6953
4222 1102 1166 2159 2316 3066 3153 3158 3173 3881 4163 4307 4436 4499 5490 5516 5787 5856 5989 6517 6613 7704 7757 7944
4223 71 549 1594 2035 3031 3120 3274 3718 4271 4499 5178 5680 5772 5908 6233 6573 7105 7671 7880
4224 122 382 955 1601 1666 1787 2073 2440 2754 3387 3807 4649 4685 4982 5034 5333 5900 5957 6459 7522
4225 96 1274 1407 1588 2495 2751 2835 3431 4066 4163 4371 4843 5232 5237 5500 6134 6336 7477 7624 7722 7807 7952 7972
4226 888 1356 1568 1998 2834 2937 4071 4082 4779 6600 6743 6998 7180 7359 7848 7934
4227 1166 1673 1806 1826 2446 2472 3209 3224 3552 3960 5188 5628 6185 7052 7110 7589 7842
4228 664 862 1555 2831 2958 3746 4404 4589 6065 7156 7512 7699 7717 7902
4229 1543 1921 2055 2833 2963 3025 3217 3238 4111 4259 4302 4543 4751 4770 5154 5651 5937 7469 7775
4230 188 298 567 1238 1341 1410 1773 2072 2324 2955 2971 3131 3326 3578 3702 5165 6077 6750 6839 7085 7106 7159 7232
4231 400 625 1010 1214 1316 1724 2121 2707 3090 3148 3362 4407 4587 4782 5397 6368 6428 7244
4232 266 486 1320 1622 2070 2828 2948 3557 3646 3778 3859 4606 5115 5306 6624 7025 7284 7712 7720 7975
4233 728 901 983 1142 1532 2764 3890 4851 7219 7311 7433 7652 7669 7742
4234 167 643 980 1203 1984 2120 2129 2605 3213 3441 4108 4302 4488 4711 4930 5597 5683 5767 5856 6088 6107 6515 6958 7611 7687
4235 292 324 521 769 1418 1427 1769 2089 2283 2376 2512 2705 2708 3385 3607 4742 4790 4857 6020 6282 6591 6742 6922 7454 7978
4236 1634 2801 3550 3650 3728 3966 4515 4744 5931 7257 7441
4237 133 497 580 630 2233 2842 3053 3456 3607 3619 3791 4005 4449 4649 4678 4922 5400 5929 7114 7534 7638
4238 206 322 327 407 417 467 605 623 1302 1501 1518 2058 2100 2173 2792 2896 3099 3208 3583 4187 5119 5443 7332 7515 7786
4239 190 709 793 1231 1665 2405 2621 2901 3135 4032 5358 5719 6076 6901 7040 7124 7564
4240 352 674 2845 3381 3540 3617 4074 4109 5659 5775 6158 6437 6989 7900
4241 261 362 426 574 710 1460 1534 2053 2222 2610 2623 2684 3498 4974 5066 5072 5261 5439 5526 5887 5930 6293 6827 6987 7245 7383
4242 63 113 491 917 1603 1681 1712 1959 2042 3042 3061 5077 5200 5289 5941
4243 83 314 371 786 863 1604 1677 2076 2082 2323 2802 3159 3397 3501 3710 4570 4729 4821 5034 5750 5940 6225 6373 7002 7809
4244 311 383 498 1347 1648 2307 2383 4648 4655 5450 5568 6034 6080 6220 6247 6854 7032 7651 7769 7951
4245 800 1103 1938 2622 2989 3656 3671 3796 4274 4339 4612 5101 5215 5261 5301 5677 5784 5957 6071 6733 6811 7266 7314 7487 7777 7993
4246 40 283 299 571 927 1909 1931 2724 3510 3860 3967 4429 4924 4937 5258 5621 5954 6087 6219 6679 6712 6850 6888 7362 7863
4247 46 406 883 1009 1374 1395 2011 2230 3414 3440 3796 3833 4748 4891 5796 5934 7100 7170 7251 7438 7552 7960 7966
4248 66 257 284 384 462 685 1175 2065 2235 2473 2754 2833 3284 3769 4540 5385 5974 6553 7061 7085 7105 7308 7526 7548
4249 44 182 797 1160 1223 2459 2548 2754 3017 3391 3977 4738 4915 5097 5576 5834 5853 5891 5918 6455 6527 7404 7867
4250 129 677 747 771 1125 1869 2286 2331 3232 3507 4067 4251 4345 4566 4862 5764 6881 7032 7543 7693 7793
4251 1476 2055 2556 2596 3071 3115 3961 4250 4666 4819 4906 5072 5085 5372 5516 5554 5765 6022 6140 6522 6756 7022 7770
4252 338 365 614 1263 1506 1581 1888 1935 1999 2019 2430 2472 2523 2807 4816 4881 5122 5342 5633 6078 6233 6569 6588 6901 7120 7735 7766
4253 241 2057 2727 3000 3285 3885 4262 5274 5399 5570 6279 6449 6872 7288 7352 7608 7799 7941
4254 15 278 602 667 675 1413 1583 1930 2490 3268 3359 3621 3820 4516 4797 4826 4857 5761 6127 6274 7042 7544 7886
4255 624 952 1371 2515 3894 4174 4357 4627 4694 5455 5929 6054 6663 6771 7007 7131 7956
4256 563 578 1221 1471 1520 1531 1613 1880 1927 2094 2589 3325 4208 4665 4770 4844 5001 5222 5629 6570 7678
4257 57 284 947 977 1191 1684 2182 2473 2568 2692 3355 3393 3549 3669 3713 4185 4206 4524 5312 5471 5837 5974 6879 7004 7569 7739 7976
4258 27 161 228 253 1175 1283 1476 2402 3351 3699 4272 4537 4625 5293 5518 5830 7020 7178 7327 7626 7637 7841 7941
4259 143 313 352 655 886 952 1779 1840 1855 1891 1918 2027 2279 2729 3125 3329 3660 4028 4229 4407 4498 6034 6120 6124 6939 7409 7862
4260 762 806 876 1552 2183 2720 3948 4784 4926 5644 5994 6035 6519 6541 6816 6874
4261 98 669 954 1401 1604 1697 2109 2640 2894 3517 4067 4860 5303 6342 6404 6981 7178 7504 7620 7717 7784 7894
4262 692 1369 1778 2132 2921 4253 6081 6375 6582 6643 6840 7629
4263 226 391 711 1466 1491 2067 2414 2583 2702 2872 2948 3062 3421 3466 3688 4206 4581 4959 5578 5733 6412 6984
4264 523 1201 1590 1833 2356 2401 2446 2561 2978 3417 3454 3938 4077 4429 4432 5262 5293 5821 6234 6431 6750 7307 7429 7498 7793 7914
4265 291 732 844 863 1070 2061 2805 3344 4640 5380 5515 5604 5613 7665 7838
4266 1713 1795 2339 2366 2422 2483 3248 3563 4059 4106 4968 5446 5656 5827 6133 6208 6603 6967 7067 7728 7736
4267 211 1006 1170 1686 2261 2591 2601 2686 3107 3654 3693 3847 4876 5103 5882 6730 7460
4268 158 212 279 981 1173 1278 1593 1807 1824 1975 2105 2443 3162 3251 3303 3597 3852 4209 4330 4477 4889 5626 5891 6341 7272 7899
4269 580 602 637 849 1216 1329 1500 1700 2699 2774 3030 3173 3302 3363 3394 3395 3570 3616 3724 4087 5140 5657 6137 6544 6694 7202 7602 7637
4270 623 680 1604 2397 3069 3452 4033 4990 5233 5394 5593 5605 5883 6183 6382 7362 7431 7580
4271 402 1741 2254 2693 3416 3624 4049 4223 4350 4453 5805 6038 6386 6395 6399 6614 6640 7125 7334 7360
4272 146 572 639 1304 1378 3135 3280 3392 3927 3950 4258 4571 5638 6479 6676 6834 7038 7206 7560 7575 7918
4273 310 931 1128 1475 1670 2779 3674 3766 4416 4603 5297 5302 5365 5501 5798 6259 7510 7581 7689
4274 444 781 1408 1573 1695 1847 2035 2404 2818 3630 4050 4245 4561 4565 4762 5046 5225 5938 6004 6508 6996
4275 81 931 1498 1615 1954 2145 2397 4127 4378 4649 4675 6117 6270
4276 56 1216 1437 2348 2494 2513 2879 2914 3181 3798 3899 4818 5625 6310 6339 6395 7710
4277 2 136 754 1724 2001 2407 3216 4636 5019 5176 5540 6704 7270 7646 7812
4278 835 1553 1846 2410 2546 3540 3541 4441 5804 6595 7009 7489 7638 7967
4279 208 1273 1868 1998 2536 3988 4356 4358 4627 4741 4790 4869 5016 5345 5503 5988 6780 7992
4280 76 197 407 475 555 1968 2308 2915 2928 4331 4606 4960 5349 5574 5768 6510 6616 7172 7584
4281 199 651 1574 1774 3618 3762 4681 5282 5339 5877 5984 6291 6509 7543 7620 7806
4282 1888 1941 2068 2115 2189 2749 2802 3047 3107 5694 6412 7013 7523 7879
4283 568 890 1153 1642 1781 1909 2107 2939 5476 5664 6083 6113 6583 6873 7277 7533 7755
4284 115 589 1308 1721 1831 1973 2040 2750 3350 3682 3714 3796 4178 4394 5278 5421 5456 5767 7134 7916
4285 140 291 508 654 884 1870 2073 2601 3528 3643 3754 4504 5296 5503 5766 5961 6030 6145 6265 6400 6817 6951 7296 7484
4286 183 1440 1494 1667 1938 2857 3040 3418 3528 4374 4712 5136 5362 6042 6809 6842 7071 7547 7879
4287 52 72 701 1376 1588 1677 2247 3301 3340 3428 3774 3968 4170 4459 5699 6137 6200 6665 6694 6740 7123 7262 7892 7994
4288 254 2194 2672 3597 3683 4747 5154 5615 5639 5703 5998 6536 6638 7159 7345 7367
4289 55 871 1356 1569 1626 1850 1868 2798 2871 3829 4365 4778 5108 5736 6401 6593 6624 6751 6885 7135 7371 7387 7458 7609 7742
4290 868 1431 2000 2518 3220 3522 3753 4682 4722 4736 5320 6036 6522 6589 6643 6650 7361 7717 7840
4291 752 917 1389 1554 1953 2112 2706 3449 3459 3501 4836 4852 5521 5732 5784 6177 6317 7057 7548 7724 7825
4292 98 284 428 1255 1639 1764 1995 2131 2222 2551 3144 3429 3513 3662 3903 4920 5832 6474 7000 7532
4293 248 479 481 716 1559 1620 1821 2460 3074 3471 3864 4437 4827 5150 5354 5393 6261 6462 6844 7820
4294 2 35 1704 1759 1927 1966 2486 2630 2916 3199 3771 4043 4069 4497 4871 5737 5885 5966 6504 6512 7739
4295 1630 2015 2544 3858 3980 4205 4463 4726 5345 5822 5941 6013 6060 6340 6373 6505
4296 1013 1240 1426 1563 2796 3424 3688 4442 4646 4949 5027 5185 6465 6655 6875 7046 7130 7270 7418 7768 7997
4297 816 985 1196 1367 1387 1431 1685 1898 3575 4121 4465 4848 5608 5785 6731 7403 7470 7654
4298 141 148 156 625 1667 1694 1786 2908 2922 2991 3036 3351 3447 3792 4193 4539 5206 5952 6307 7005 7128 7181
4299 260 379 987 1593 1874 2205 2216 2377 3353 3564 3796 4633 4766 5444 5713 5789 5883 6754 7680
4300 246 535 730 1812 1917 3426 3587 4998 5046 5078 5391 5425 5773 5952 5960 6035 6082 6145 6691 7052 7652 7743
4301 647 1972 2780 2944 2983 3451 3671 4186 4784 4891 5626 5647 5756 5943 6000 6365 6631 6651 7714 7997
4302 90 1223 1327 1911 3052 3731 3798 3992 4229 4234 4795 5569 5652 5819 6045 6116 6204 6753 7334
4303 397 780 995 1724 1746 2297 2844 3617 4003 4696 4936 5683 5711 6282 6442 6958 7550
4304 907 965 1992 2091 2384 2776 3148 3873 4151 4494 4520 4881 5568 6241 6973 7489
4305 31 353 380 544 633 768 1404 1806 1932 2088 2102 2168 2774 2833 2866 2898 3261 3304 3556 4199 4535 4836 5444 5701 5817 6224 6242 7090 7277
4306 652 1517 1605 2107 2215 3189 3655 3794 3815 4484 5256 5656 6844 7109 7548
4307 174 307 1031 1874 2035 2146 2309 2623 2944 3151 4121 4222 5817 6482 6719 6960 7067 7168 7228
4308 675 840 898 1018 1381 1406 2422 2595 2773 3466 3657 3673 3816 4330 5654 5750 5971 6261 6848 7442 7773 7849
4309 884 981 1020 1676 2298 2820 2872 3448 4653 5066 5184 6291 6406 6640 6703 6704 6846 7174
4310 234 754 984 1545 2248 2317 2713 3325 3596 4082 4124 5241 5582 5905 6458 6507 6776 7369 7433 7624
4311 496 1407 1748 2561 3817 4172 4718 4819 4822 4923 5718 6568 7060 7081 7088 7256 7724 7805 7917
4312 158 304 748 886 902 1036 1844 1973 2104 2212 3289 5040 5196 5300 6278
4313 286 681 877 1047 1183 1247 1555 1865 2005 2031 2116 2568 2613 3634 4008 4449 4547 4566 5886 6061 6160 6325 7948
4314 645 1497 1862 2115 3289 3627 5106 5868 5945 6980 7088 7211 7310 7409 7538 7784 7909
4315 481 486 1003 1034 1130 1974 3432 3715 4404 4496 4873 4926 5231 5659 5726 5900 6111 6381 6984
4316 1136 1246 1264 2222 2284 2318 2345 2775 2900 3010 3013 3112 4540 5429 5896 5909 5937 6036 6207 6493 6680 6717 6889 7342 7613 7822
4317 633 681 797 957 966 1495 1665 1746 2124 2208 2343 2715 2750 2922 3528 5626 6150 7345 7384 7432 7594 7802
4318 950 1325 2049 2166 2318 2386 2505 2583 2719 2813 2829 3296 3434 4199 5048 5159 5263 5468 6132 7074 7144 7174 7204
4319 423 1057 1757 2786 3491 3915 4433 4669 4978 5341 5861 5937 6097 6317 6379 6509 7187 7370 7427 7850 7859
4320 7 205 425 433 553 1189 1470 1709 2863 3354 3679 3859 3895 4175 4474 4986 5176 5751 7444 7493 7718
4321 200 676 1382 4622 4700 5114 5257 5477 5652 5671 5849 6245 6540 6597
4322 1 15 994 1339 1632 1896 2035 2126 2168 2289 2416 2501 2883 2885 4871 5244 5683 6378 6428 6494 6686 6977 7461
4323 218 630 961 1469 1889 1919 2237 2421 2463 2545 3131 3404 3549 3707 3943 3986 4493 5566 5572 5611 6650 7064
4324 151 1121 1407 1565 4381 4859 4993 5201 6029 7080 7308
4325 354 1177 1779 1889 1952 2571 2694 3077 3487 3488 3585 3763 4586 4627 5436 5479 5480 6080 6113 6351 6673 6816 7099 7175 7527
4326 333 411 524 712 1372 1918 2404 2462 2886 3301 3820 4617 4911 5799 6663 6759 7226 7979
4327 476 756 757 822 1027 1500 1533 1945 1969 2704 2815 3755 3853 5008 5223 5364 5419 5824 5849 5991 6200 6224 7406 7447 7494
4328 61 526 530 533 1246 2086 2552 2833 3386 4109 5532 5677 5681 7060 7955
4329 6 92 493 1007 1116 2214 4494 4661 4954 5531 5542 5893 7720 7782
4330 966 1013 1125 1369 1494 1764 2251 2412 2424 2928 3493 3585 3817 4268 4308 5497 6555 6940 7152 7538 7569 7968
4331 397 798 1782 2303 2763 3945 4170 4196 4280 4939 4975 5088 6071 6157 7150
4332 571 1052 1496 2268 2437 3151 3852 4810 4821 6690 6802 7227 7310
4333 433 509 613 1467 3396 3911 4097 4110 5553 5640 6497 6757 6851
4334 163 412 494 1055 1090 1518 1666 2078 2659 3225 3582 3907 4048 4674 6978 7026 7117 7687
4335 299 339 1264 1355 1652 2520 2584 2852 2966 3485 4344 4475 4904 4912 4949 5594 6013 6425 6646 6796 6817 7317 7505
4336 2 519 2964 3356 3563 3682 3717 3744 3775 4920 5839 6104 6294 6425 6940 7068 7450
4337 158 384 393 932 1161 1440 1810 1930 1957 1961 3327 3440 3513 3959 4555 4574 4578 4631 5423 5738 6013 6312
4338 98 186 436 757 1168 1544 2187 2188 2532 3432 4003 4030 4635 4672 6055 6481 6758 7209 7250 7449
4339 76 469 657 1235 1736 2821 2921 3409 4245 4746 4994 5162 5543 6178 7954
4340 32 413 1572 1917 2657 2742 2824 2874 2964 3028 3771 4074 4164 4351 4353 4556 4759 5558 5779 5961 6127 6508 6535 7025
4341 1020 3078 4011 5334 5411 5761 5899 6300 6855 6872
4342 237 537 668 726 863 891 904 1336 1563 1791 1859 2293 2518 2738 2750 2998 3066 3460 3827 4481 5197 5247 5287 5390 5587 6254 6417 6794 6820 6994 7219 7421 7513 7757
4343 642 722 1627 1853 2611 2750 2819 4039 4554 4969 6695 7567 7580 7662 7840
4344 420 465 556 1155 2855 2988 3430 3496 3885 4026 4130 4335 4632 5506 5692 5954 6208 7575 7699
4345 258 351 1919 2192 2488 2705 3533 4250 4886 5344 5553 5572 5573 5844 6614 7381 7754
4346 100 392 588 674 714 873 1054 2372 2568 2687 2710 3139 4038 4043 4082 4146 5026 5229 5311 5651 6137 6180 6266 6709 7199
4347 327 423 456 842 1052 1393 1741 2113 2651 2711 3050 3247 3395 4843 5175 5253 5472 6410 6507 7862
4348 39 361 379 546 552 605 900 929 1084 1290 1587 2176 2763 3354 3696 4120 5036 5702 6778 7109 7284 7667 7711 7745 7805
4349 371 549 1276 2820 2911 3262 3644 3680 3788 4195 4361 5192 5857 6250 7030 7235 7366 7482 7739 7853
4350 684 889 1930 2994 3157 3841 4271 4657 5009 5348 5511 5716 6937
4351 645 1111 1783 2441 2697 2868 3306 3313 3491 3518 3728 4340 4871 4909 5027 6929 7156 7184
4352 186 691 1568 1576 2528 2964 3107 3346 4199 4569 4867 4917 4981 5035 5909 6154 6232 6607 7237
4353 325 759 774 1387 2107 2115 2189 2617 2744 2760 3725 4035 4340 5150 5158 6159 6214 6593 6670 6718 7047 7103 7379 7688 7880
4354 329 460 804 1125 1582 1861 2092 3048 4096 4936 5097 5463 6452 7258 7566 7679 7752 7953
4355 187 291 354 385 945 1248 1456 1641 2560 2814 2994 3642 4563 4774 4835 5054 5264 5293 6196 6358 6743 6820
4356 337 1115 2437 2689 2776 2958 3426 3517 4279 4854 5208 5822 5849 5854 6012 6194 6390 6502 7519
4357 851 1069 1166 1215 1459 1588 1701 1807 1974 2436 2541 2654 2966 3414 3452 3471 3634 3713 3742 4255 4414 4463 4485 4802 4871 5051 5193 5539 5566 5664 6833 7201 7309 7713 7802
4358 652 1068 1389 1411 1468 1753 2666 2924 3074 3131 3145 3485 3658 4024 4279 4564 4996 5019 5532 5766 6141 6184 6606 6804 7001 7026 7137
4359 380 1197 2658 3089 3106 4216 4824 4881 5548 5655 5714 6131 6574 7265
4360 493 817 1278 1429 1571 1936 1989 2257 2352 2380 2671 2953 3549 4892 4982 5305 5677 5789 5812 5969 6612 7119 7683
4361 22 506 1920 2780 3592 3670 3722 3911 4349 4944 5199 5368 5497 5761 5900 6185 6258 6604 6845 7039 7197 7410 7701 7813
4362 104 337 1045 1103 1225 1809 1903 3156 3791 4014 4369 4432 4541 4667 5256 5455 6058 6191 6481 7421 7562
4363 114 215 1272 1289 1353 1703 1775 1998 2342 2416 2564 2755 3229 3637 3804 4172 4943 5539 6605 6635 6673 6740 6847 7724
4364 80 596 997 1206 2303 2926 3394 4205 4388 5078 5208 5543 5963 6241 6652 7547 7782
4365 214 442 1064 1333 2097 2493 2967 3054 3216 3565 4094 4289 4601 4632 5363 5459 5858 6225 7040 7244 7314 7782 7882 7891 7945
4366 396 419 820 1107 1114 1133 1960 2017 3555 4529 4979 5865 5979 6739 7211 7234 7289 7430
4367 337 1671 2027 2426 2671 2735 4620 4891 4977 5104 5362 5369 5675 5765 6197 6652 7084 7402 7523
4368 2 321 428 432 455 853 1036 1526 1677 1880 1895 2072 2104 2176 2319 3088 3748 5678 6090 6256 6827 6977 6979
4369 551 604 1385 1781 1957 2043 2747 2888 3182 3428 3515 4166 4362 5297 5324 5384 5416 5624 6137 6161 6278 6375 6460 6489 6598
4370 179 562 742 792 836 901 3082 4697 4857 4979 5784 6108 6196 6219 6551 6702 6886 6913 6981 6988 7002 7136 7178 7287 7715
4371 882 1487 2704 3015 3505 3928 4225 4538 4759 5173 5315 5378 5443 5612 6445 6504 6854 7463 7939
4372 313 458 505 935 1080 1165 1232 1520 1960 2372 2561 2848 3403 3405 4627 5115 5130 5207 5931 5966 7066 7575
4373 117 457 1622 3122 3570 3648 3778 4038 4947 4949 5215 5752 5964 6082 6107 6687 6699 6765 7028 7554
4374 41 323 666 752 1268 1468 1697 1960 2045 2251 2343 2724 3007 3835 4175 4286 4644 4965 5496 6990 7630
4375 448 606 983 1089 1730 2532 2545 2808 3312 3566 3906 4410 4703 4834 5066 5147 5703 5802 6660 7140 7793
4376 406 1394 2107 2163 2877 3003 3395 3407 3650 3995 4390 4522 4526 4700 4816 4865 5452 5717 6360 7351
4377 201 336 454 1808 1956 2043 2356 2414 2490 2890 3214 3986 4017 4394 4867 5601 5727 6720 6818 6939 7165 7486 7642
4378 112 164 534 553 672 979 1223 2760 3157 3635 3999 4275 5268 5631 6104 6266 7094 7934
4379 263 744 1014 1073 1254 1269 1280 2061 2090 2095 2401 3075 3331 3983 5646 5728 6049 7882
4380 294 820 845 944 970 1070 1128 1133 1465 1686 1793 2054 2249 3061 3833 4207 4403 5648 5869 6380 6542 6625 7594 7601 7675 7813
4381 145 583 1134 1377 1396 1919 3415 3790 3958 4178 4324 5504 6197 6414 7840
4382 203 2112 2473 2862 4207 4498 4918 5117 5244 5815 6323 6496 7510 7545
4383 1 234 470 476 873 1157 1305 1458 1604 2483 3121 3537 3538 3886 4026 4824 5301 5316 5325 6220 6315 7991
4384 896 898 1437 2138 2372 2548 4553 4910 4960 5016 5199 5256 5543 6796 7407 7437 7827
4385 452 543 1146 1477 1742 3200 5540 6084 6175 6625 6971 7312
4386 317 581 854 1246 1251 1323 2937 3060 3206 3320 3538 4140 4417 4778 4988 5111 6244 6318 7704 7828 7926
4387 229 714 1334 1523 1672 2222 2666 2678 2892 3165 3201 3332 3533 3947 3957 4078 4700 4933 6441 6893 6997 7050 7569 7582
4388 20 600 976 1398 1488 1691 1826 1868 2839 3099 3130 4138 4216 4364 4912 5640 6478 6779 6992 7300 7362 7621
4389 516 560 1035 1077 1344 1464 1466 1795 2121 2249 2481 3290 3808 3917 4515 4750 5121 6480
4390 25 141 250 896 1299 1759 1855 4376 4418 5138 6908 6970 7569
4391 323 326 494 511 2203 2823 3786 4101 4521 5739 6387 6421 7465 7475 7835
4392 68 93 312 890 1137 1444 1477 2507 2543 2866 2914 3892 3926 4045 4763 5276 5667 5979 6298 6719 7340 7544 7996
4393 247 617 769 925 1428 1518 1660 1916 3699 4857 5887 6890 7909
4394 1305 2793 3108 3119 3553 4091 4141 4284 4377 5491 5775 5802 6192 6743 7166 7199 7214 7580 7828
4395 524 690 1500 1609 1782 2373 2631 2655 2744 2954 3076 3085 3112 3640 4168 4178 4411 4780 4825 5680 6450 6452 6484 7003 7661
4396 72 313 559 571 3080 3106 3180 3472 3847 4482 4614 5159 5503 6738 7780
4397 105 127 879 1795 2302 2352 2405 2501 2949 3561 4163 5395 5632 7687
4398 153 382 465 901 1434 2085 2479 2814 3535 3819 4736 5490 5626 6177 6480 7845
4399 888 1005 1658 1922 1929 2102 2540 2619 2921 3765 4533 4625 4717 4776 4854 4898 5133 5546 5565 6447 6683 6971 7865
4400 1392 1451 2005 3084 4179 4712 4880 5104 5746 7034 7072 7654
4401 1519 1558 2300 2367 3139 3309 3380 3484 3721 4561 5269 6662 6852 6990 7040 7893
4402 561 597 668 793 882 1426 2605 3539 3665 3943 4043 4673 5549 5658 5973 6322 6549 6747 7310 7431 7658
4403 156 452 786 804 1107 2105 2171 2359 2958 3593 3626 4116 4380 4776 4855 5412 5522 5720 5779 6680 6825 6981 7342 7390 7677 7730 7954
4404 186 259 843 1177 1280 1955 2451 2642 3112 3983 4228 4315 4827 4966 6028 6603 6924 6951 7000 7140 7701 7858 7943 7986
4405 2549 2587 2859 3355 5265 5380 5911 6269 6665 7876
4406 150 183 307 492 578 724 1917 2062 2095 2650 2660 3582 3714
4407 210 264 426 698 1144 1677 1836 4231 4259 5276 6028 6183 6186 6583 7341 7464 7683
4408 427 458 492 998 1132 1168 1502 1619 1723 1806 2262 2348 2629 3181 4641 6723 6861 7207 7231 7388 7431 7606 7621 7821
4409 46 1295 1302 1375 1972 2309 2605 2765 3249 3814 3935 4204 4891 5244 5439 5706 6213 6257 6471 6472 6556 6602 7561
4410 399 790 1127 2012 2057 2705 3418 3427 3491 3731 3804 3991 4375 5192 6121
4411 24 215 216 384 670 869 906 1077 1132 1431 1466 2211 2474 2700 2964 3214 3439 3778 3991 4100 4395 4543 4563 5265 5562 6114 6190 7188 7664 7670 7836
4412 62 92 277 314 386 485 886 986 1992 2241 2933 2978 4159 5187 5262 6614 6689 6753 6953 6972 7012 7494 7775 7879 7901
4413 199 298 820 1310 2761 2895 4017 4205 4943 5333 5358 5531 6069 6813 6986 7469 7838
4414 887 1078 1748 1957 2526 2606 3188 3472 3875 4357 5131 5194 5340 5927 7023 7099 7293 7404 7758 7773
4415 546 567 1262 1460 1575 1613 2132 2371 3249 3308 4535 4731 4835 4945 5090 5700 6003 6653 6871 6907 7615
4416 37 284 633 735 2498 3556 4020 4026 4273 4433 5498 5535 6011 6076 6336 6963 7401 7409
4417 886 1070 1862 1993 2272 2583 2805 3304 3475 4114 4386 4462 4694 5619 5753 6133 6517 6838 6901 6984 7414 7628
4418 197 357 893 1150 1832 2283 2587 2719 3035 3562 3618 4058 4390 4545 5018 5475 6065 6172 6340 6699 6807 6839 6840 7043 7878
4419 683 992 1075 1357 2379 2418 2703 3185 4096 4197 4686 4810 5095 6138 6196 6263 6415 7879
4420 412 2603 2656 2660 2701 2723 3144 3428 3819 4069 5070 5735 6639
4421 1107 2125 2429 2867 2999 3400 3990 4197 4679 4922 4969 5152 6206 7093 7659
4422 465 745 1340 2241 2645 3104 3220 3604 3684 4947 4958 5660 5763 5953 6167 6275 6292 6550 7971
4423 447 481 590 648 851 1027 1334 1583 4153 4216 4522 4550 4711 6072 6833 7361 7377 7425
4424 115 426 719 1051 1483 1812 2223 2682 2710 3014 3318 4696 4931 4970 5022 5358 5768 5820 6490 7117 7515
4425 30 444 1034 1734 1770 1979 2036 2110 2942 3398 3556 4197 4210 4843 4928 5386 5527 6012 6172 6474 7983
4426 51 188 591 1026 1708 1854 2105 2160 2407 2492 3120 3222 3570 3650 3654 5258 6617 6945 7254 7494 7954 7989
4427 1681 2186 2684 2769 2795 2977 3980 4471 5507 5717 5886 6309
4428 363 459 673 747 1049 1124 1600 1831 1973 2035 2769 3303 3948 4965 6776 6845 7690
4429 780 2327 2953 3149 3894 4054 4097 4210 4246 4264 4818 4837 5623 5911 6363 6502 7011 7462 7597 7674
4430 234 1007 1159 1164 1193 1540 1675 2013 2075 2132 2190 2341 4748 5677 5806 6106 6109 6444 6892 6936 7043 7965
4431 312 778 856 1322 1850 1945 3106 3270 3428 4047 4637 5356 5487 5816 5838 5904 6156 6634 7163 7495
4432 408 1192 1231 1611 1926 3123 3290 3339 3568 4264 4362 4721 5307 5821 5874 6399 6613 6810 6838 7621 7910 7935
4433 10 83 1670 2132 3285 3359 3634 4319 4416 4545 4653 5058 5775
4434 53 259 684 1167 1670 1705 1815 2089 3007 3051 3273 3534 3641 4915 5654 5953 6665
4435 304 642 767 2033 2234 2265 2872 3069 3426 3516 3621 3733 3799 4566 4713 4860 5011 5344 5627 6560 6888 7184 7602
4436 987 1175 1234 1823 2531 2591 2682 4199 4222 4659 5814 6587 6822 7226 7290 7785
4437 2032 2199 2520 3912 3990 4293 4675 5378 5389 5581 5604 5892 6345 6637 7032 7035
4438 22 390 622 1059 1253 2226 3221 3540 3677 3735 3993 4906 4922 4943 5255 5385 5435 5857 5878 6352 7119 7668 7742
4439 107 398 871 1189 2186 2788 2860 3164 3371 4845 4926 4949 5165 6105 7255 7311
4440 73 151 379 467 998 1153 1426 1444 2397 2595 2711 3036 3169 3267 3286 3500 3533 4628 4846 5730 5753 6160 6912 7185 7914
4441 321 999 1616 1619 1863 1901 1917 2163 2388 3068 4183 4278 5070 5246 5959 6189 6245 6301 6795 6875 6980 6981 7190 7965
4442 379 409 3025 3414 3692 4296 4825 4934 5728 6815 6817 6844 6852 7124 7159 7370 7448 7550 7567 7840
4443 1990 2273 2959 3980 5070 5073 5454 5504 5714 5839 6184 6951 7001 7407 7699
4444 308 404 1170 1403 1438 1482 1782 1866 2123 2369 2508 2784 3214 3332 3586 4874 4957 5047 5134 6293 6542 6669 6740 6849 7411 7752
4445 220 236 736 788 1237 2248 2447 2998 3154 3339 3368 3564 4174 4513 4842 5634 6257 7711 7958
4446 750 790 906 1803 2028 3187 3198 3627 4000 4008 4092 4168 4563 4711 4775 4853 5452 5696 5754 6299 6482 6943 7019 7070
4447 30 1038 1081 1404 1783 2161 2748 3051 3385 3588 3842 3903 4119 4166 4566 5407 5663 6047 6990 7754 7882
4448 481 626 1287 1329 1359 1400 2375 2401 2642 2704 2781 3105 3501 3944 4122 4745 5379 5859 5996 6415 6956 6977 7933
4449 158 499 617 1067 1269 1455 2692 3955 4237 4313 4510 4588 4591 4629 5163 5242 5399 5490 5945 6177 6195 6207 6422 6491 6847 7486 7785
4450 374 635 703 709 1350 1835 2192 2239 2391 2405 3567 3851 6273 6659
4451 290 1297 1719 2623 2721 3515 3552 3606 4492 4628 4869 4968 5221 6183
4452 38 776 911 919 1200 1364 1779 2467 2551 2625 2868 4815 5091 5281 5543 6343 6809 6999 7259 7632 7640 7886
4453 17 868 1036 2250 2523 2742 2960 3388 4271 4598 4780 4847 5093 5817 6039 6270 6671 6672 6874 7295 7446 7492 7823
4454 461 1455 1947 2028 2604 2911 4589 5039 5654 6640 6855
4455 56 279 314 1087 2394 2634 2755 4456 4758 5115 6054 6161 6225 6309 6547 6567 7070 7096 7223
4456 66 309 520 530 1206 1732 2031 2673 2706 2923 3084 3466 3727 3897 4455 4512 4514 4913 5721 5936 6368 7018 7235 7368 7419 7612
4457 152 735 1289 1368 1523 1616 1676 2442 2603 3048 3461 4029 4752 4861 5387 5389 5615 5737 5907 5976 6196 6721 6894 6920 6940 7190 7374 7982
4458 218 654 1045 1200 1379 2426 2881 2910 3096 3522 3802 3970 4583 5097 5404 6209 6286 6673 6737 6745 6838 7632 7897
4459 63 807 1148 1270 1385 1582 2292 2855 2928 3083 4112 4170 4287 4513 4577 4866 5333 5643 5708 5756 6574 6854 7274
4460 350 500 795 867 939 1814 2220 2434 2770 2906 5046 5152 5472 5601 5624 5779 6132 6380 6597 6598 7486 7550
4461 62 100 1442 2317 2909 3093 3129 3793 3797 4812 4822 5049 5606 5701 5895 5933 6210 6235 7669
4462 916 944 1797 2086 2318 2971 2973 2983 3206 3545 4417 4819 6109 6500 6570 6909 7067 7611
4463 541 572 746 1239 1373 1776 1784 2134 2346 2768 2890 4295 4357 4795 4892 5908 6097 6193 6214 6300 6434 7478 7990 7999
4464 1127 1136 1844 1866 1956 2168 2267 2294 2502 3156 4027 4970 6745 7165 7553 7569
4465 219 584 665 1300 2476 3440 3874 4014 4297 6159 6238 6707 6810 7191 7337
4466 61 105 165 1743 1952 2539 2563 3510 3914 5057 5487 6091 6227 6277 6366 6512 6770 7483 7874 7887 7915
4467 246 664 2663 3062 3886 4582 4915 4961 5107 6089 6152 6953 7019
4468 488 702 818 1700 1927 3393 4836 4845 4916 6225 6239 6389 7493 7910
4469 888 1109 1696 1747 2996 3581 3595 3636 3782 4804 5253 5368 5680 5963 6062
4470 1933 2234 2433 2917 3911 4090 4699 5301 5329 5430 5549 5611 5831 5999 6258 6435 7263
4471 104 945 1022 1797 2303 3885 4427 4626 5365 5516 5896 5913 6553
4472 82 603 641 1815 1837 2001 2140 2473 2638 2644 2989 3270 3562 3786 4020 4474 4566 4879 5486 5671 5837 6638 6696 6826 7212
4473 282 687 706 723 1086 2004 2029 2054 2104 2419 2774 3071 4043 4169 6067 6387 7333 7374 7690 7766
4474 180 489 699 759 788 858 1145 1273 2437 2918 3753 4124 4190 4320 4472 4696 5315 5769 5777 6392 7275
4475 842 1165 1552 1569 2240 2432 2507 2685 3117 3435 3635 3678 3823 3862 4335 4570 5161 5173 5867 5989 6985 7153 7433
4476 93 251 272 634 703 796 1045 1250 1821 1832 1919 2503 2513 2556 3173 3206 4803 5330 6839 7024 7319 7771 7911
4477 883 1001 1116 1199 2009 3157 3440 3688 3835 3877 4268 5113 5864 5866 5891 6613 6741 6852 7383
4478 287 1216 1507 2256 2588 2797 3006 3923 4114 5183 5646 5732 6254 6465 6885 7612
4479 327 342 609 831 1126 2132 2726 2913 3194 3526 3889 4783 5365 5594 5662 5766 5916 5971 6317 6359 6437 6635 6890 7179 7489
4480 150 561 1763 1911 1944 1959 2368 2408 2420 2591 2822 6229 6829 6971 7221 7637
4481 290 291 435 1109 1141 1590 1635 1641 1672 1959 2046 2500 2790 3023 3067 3336 4342 4608 4981 5196 5236 5820 6466 7964
4482 58 300 553 1188 1970 2070 2282 2651 3117 3298 3346 3624 3909 4025 4209 4396 4485 4952 5427 5756 5775 6276 6294 6308 7197 7322 7454
4483 300 360 1335 1734 2256 2480 2695 2750 2936 3300 3350 4763 4849 4923 5101 5235 6050 6121 6406 6610 6778 7463 7595 7648
4484 11 79 89 1042 1620 1708 1843 2096 2549 2696 3769 3924 4306 4927 5594 5790 5973 7379 7718 7888
4485 466 1258 1360 1532 1744 2341 2345 2480 2555 2652 3055 3108 3613 3651 3792 3975 4357 4482 4640 4927 5048 5413 7275 7652
4486 245 343 1384 2420 2624 4566 4574 4722 4748 4771 4957 5083 5117 5305 5533 6144 6185 6309 6885 6949 7287 7830
4487 113 474 562 666 727 958 1606 1951 2237 3972 5035 5061 6200 6398 6457 6899 7033 7755
4488 570 776 923 1196 1663 2809 3085 3101 3679 3848 4234 4586 4786 4898 6405 6565 7106
4489 521 672 2076 2395 2537 3101 3354 3384 3796 4581 4593 4696 5264 6274 6402 6410 6794 7035 7175 7584 7790 7965
4490 547 1076 1897 1934 2636 2692 2803 2852 4702 5211 5488 6251 6406 6493
4491 40 168 869 2445 2586 2917 2987 3130 3249 3471 5048 5637 5984 6345 6738 6741 6909 7990
4492 173 215 225 896 1031 2282 2625 2771 2839 3918 4451 5031 5919 6602 6676 7708
4493 1013 1140 1547 1961 2853 3016 3091 3325 3717 4124 4125 4323 4512 5185 5315 5521 5602 5843 6044 6234 6952
4494 53 289 910 1334 1888 1968 2124 2402 2502 2746 3034 4304 4329 4575 4887 4934 5636 6359 6909
4495 332 535 578 1072 1089 1939 2784 3144 3342 3541 4004 4037 4173 5646 5776 5999 6422 6972 7912
4496 227 316 323 678 1701 2494 3536 3919 3995 4315 4684 5584 6942 7201 7288
4497 76 207 325 373 375 1369 1705 2541 3359 3422 3764 3948 4294 4716 4989 5429 6032 6169 6976 7703 7811
4498 271 420 507 957 1147 1211 1235 1474 1545 2555 3194 4259 4382 4567 4737 5118 5241 6119 6205 6275 6679 7079 7567 7617
4499 81 389 666 833 958 1065 2144 3390 4013 4222 4223 4598 6519 6857 7504
4500 1314 2108 2125 2483 2561 2617 3618 3710 5197 5323 5404 5510 5684 5702 6289 6366 6396 6675 7000 7097 7788 7996
4501 455 644 667 1571 1813 1932 2731 2796 2962 3116 3709 3910 4621 5053 5192 5372 5632 5945 5998 6615 7084 7874
4502 682 2820 2869 3721 5901 6353 7128 7654
4503 270 1627 1880 2389 2926 3048 3084 3714 4072 4104 5481 6314 6531 7027 7070 7261 7853
4504 82 502 536 1244 1528 1908 1941 2892 2939 3457 3610 3789 4285 4720 4734 4798 6267 6302 6621 6896 7153 7266
4505 676 848 1356 1365 1543 1879 2343 2344 2642 3128 3541 3814 3903 5496 5830 6808 7018
4506 99 1035 1207 1441 1901 2216 2715 3717 4616 4703 5044 5188 5599 6414 6632 6684 6798 6839 6867 7109 7569
4507 575 1174 1184 1271 1593 1681 1770 1803 2049 2369 2596 3296 4062 5362 5674 5942 5952 6750 7309 7631
4508 134 135 148 786 1104 1599 2298 2557 3213 3673 3866 4062 4524 5274 5516 6128 6151 7005 7225 7400
4509 399 523 1555 1896 1948 2373 2472 2794 2806 2897 3148 3629 3770 4874 5053 5812 5827 6602 7023 7794 7802 7866
4510 424 811 1791 1867 2126 2729 3247 3297 3821 3833 4449 4743 5213 5233 5588 5619 5645 5713 6023 6065 6283 6645 6662
4511 7 8 583 650 673 809 1071 1270 1307 1365 1549 1704 1856 2543 2649 2743 3460 3882 4197 4659 4755 5046 5236 5324 5658 6248 6336 6469 7297 7303 7502 7706 7892 7921
4512 1002 1014 1269 1945 2865 3352 3778 3865 3950 4105 4456 4493 5043 5051 5102 5952 6544 6705 7032 7987
4513 98 182 247 353 356 695 1260 1865 2710 2945 3805 3924 4445 4459 4678 5648 6803 7448 7647
4514 356 667 934 1254 1415 1798 2322 2329 2759 2858 3181 3311 3605 3941 4137 4456 4544 5385 6146 6210 6284 7231 7856 7902 7908
4515 622 708 1164 1589 1990 2103 2204 2245 2681 3487 4093 4236 4389 4750 5295 5372 6430 6790 7232 7422 7745 7792
4516 277 313 741 903 1341 2193 2365 2659 2679 3006 3488 4123 4254 4912 5611 5735 6627 6746 7504 7526 7571 7936
4517 232 343 847 968 1458 1592 1735 1911 2826 3123 3915 4127 4805 5188 5373 5622 6683 7065 7748 7857
4518 411 1276 1936 2129 2653 2839 3365 3498 3510 3772 3906 4656 5139 5523 5690 5872 5918 6921 7945
4519 425 505 875 1133 1966 3209 3357 3613 3621 4627 4898 5045 5065 5172 5790 5799 5888 6063 6083 6549 7202 7254 7364 7474 7602
4520 1192 1302 2118 2166 2219 2360 2601 2797 2994 3234 3846 4304 4575 4714 5008 5035 5947 6037 6189 6229 6240 6895 6907 7201 7433
4521 298 728 857 1242 1735 1957 1976 2036 2128 2233 2433 2867 2977 3075 3810 4164 4391 4792 4943 5155 5712 5808 6130 6208 6672 6689 6835 7019 7106 7161 7843
4522 27 156 344 476 697 1604 1962 2000 2634 2799 3466 3818 4376 4423 4915 4959 5822 6339 6696 7074 7188 7270
4523 826 1035 1381 1965 2248 2473 3062 3082 4187 4708 5211 6772 6880 6881 7241 7337 7535
4524 1007 1301 1493 1710 1946 2044 2261 2286 2499 3040 3293 4257 4508 4627 4690 4839 5678 5778 5790 5839 5866 7052 7262 7348 7615 7687 7873
4525 21 245 310 862 1627 2097 2151 2671 2953 3483 3769 3994 4550 4671 4714 5205 5386 6021 6302 6688 6799 6976 7269 7928
4526 283 295 738 1015 1175 2374 2401 2504 2674 3115 3321 3453 3607 3812 4168 4376 5043 5807 6000 6054 6235 6853 7127
4527 333 849 901 950 1533 1942 3689 3798 4818 4898 5325 5811 6083 7035 7075 7380 7698 7884
4528 70 286 1348 1357 2018 2140 3187 3593 3787 4731 5591 5798 6154 6166 6190 6313 7355
4529 363 700 931 1104 1672 1931 2434 2831 2930 3123 4366 4676 4712 4905 5002 5992 6351 6844 7036 7406
4530 576 916 943 1066 2051 2214 4030 5018 5072 5360 5679 5774 7016 7170 7331 7838
4531 309 616 1055 1321 1818 1938 1982 2922 3137 3749 3997 5368 5455 5574 5971 6003 6703 7094 7266 7473 7717
4532 222 908 2142 2540 2706 2903 3600 3846 3937 4929 5152 5645 6631 6918 6927 7289 7361
4533 971 1444 1768 1973 2031 2689 4399 4538 4890 5041 5067 5688 6032 6108 6449 6724 7324 7462
4534 136 152 428 499 566 574 1337 1673 2202 2524 2869 3046 3212 3957 4777 4992 5021 5142 5401 5815 6256 6465 7073 7496
4535 471 858 1383 1596 1905 1914 1948 1960 1967 2145 2906 3948 4305 4415 5742 5926 5980 6326 6376 6448 7206 7365 7498 7652 7944
4536 1215 1400 2467 3866 4032 4933 5266 5580 5615 6320 7011 7160 7287 7426 7476
4537 846 1879 1961 4043 4209 4258 5065 5304 5914 6103 6852 6960
4538 865 1575 1887 1897 2535 2937 3139 3174 3199 3627 3972 4128 4371 4533 5222 5252 5754 5781 6881 6996 7463
4539 35 199 1401 1544 2151 2548 2745 2747 3327 3884 4159 4298 5188 6148 6632 6736 7071 7148 7269 7421 7528 7685 7711
4540 128 324 464 545 1159 1487 2143 2639 2800 2893 2975 3313 3505 3601 3686 4248 4316 5652 6821 7143 7495
4541 51 481 953 2266 2761 2904 2948 3294 3676 4015 4157 4172 4362 4582 4807 5017 6120 6281 6545 6655 7431 7737 7773 7895 7970
4542 530 550 1223 1996 2024 3600 4859 5009 5242 5914 6568 6747 7019 7177 7570
4543 184 258 525 1222 1240 1505 1523 2271 2321 2765 2864 2865 4229 4411 5184 5240 5783 6750 7383 7529 7870
4544 120 176 365 884 1100 2091 2103 2181 2385 2593 3703 4149 4195 4514 4702 4801 5161 6150 6203 6464 6715 6844 6922 6990 7097 7247 7447 7774
4545 877 906 974 1036 1277 2171 2202 2454 2487 2692 3365 3409 3568 4070 4418 4433 4663 4859 4904 4979 5924 5964 5973 6510 6685 6699 6751
4546 238 343 542 1538 2393 2591 3049 3481 3750 4899 5146 5734 6216 6222 6236 6361 7125 7238 7538
4547 155 185 273 330 883 1613 1877 1885 2567 2893 3722 4097 4313 4906 5938 6366 6714 6961
4548 63 158 496 608 1404 1689 2182 2461 3523 3937 4946 5273 6043 6945 7028
4549 309 872 1008 1326 1554 2085 2576 3023 3071 4891 5118 5143 5710 5935 6131 6381 6590 6906 6909 6967 7182 7203 7331 7617 7967
4550 529 703 739 775 845 863 1050 1259 2053 4154 4423 4525 4694 5008 5016 5028 5560 6787 6841 6984 7326 7416 7489 7634 7779 7864 7907
4551 615 996 1326 1355 1460 1692 1815 2920 3121 3556 5414 6871 7058 7396
4552 613 1703 2103 2197 2393 3148 3551 4187 4687 5674 6023 6764 7323 7807
4553 801 2023 2199 2233 2424 2709 2718 2796 3083 3808 4384 5288 5623 5859 6242 6555 6849 7211 7589 7876
4554 935 1338 1418 1581 2922 3463 3621 3711 3727 4343 4913 5143 5479 5948 6471 6803 7769
4555 347 607 610 1456 2080 2576 3366 4056 4197 4337 4928 4984 5264 5550 5806 6195 6264 6458 6712 6978 7217 7412
4556 256 596 599 1371 1424 2890 2911 3736 4340 4787 5704 5830 5877 6091 6313 6611 7180 7203 7257
4557 466 513 673 965 1208 1526 1739 2040 2582 3054 3431 5029 5576 6551 6978 7183
4558 199 313 435 1132 1398 1982 3350 3990 5040 6101 6223 7566
4559 473 534 802 1092 1450 2807 3195 3196 3369 5245 5373 5858 6119 6358 6487 6620 6698 7117 7766 7817
4560 454 488 680 977 1244 2426 2772 2918 3138 3971 5465 5777 6298 6372 6414 7289
4561 595 838 1329 1774 2610 2618 2874 3195 3499 3875 4274 4401 4625 6325 6601 7495 7522 7556 7870
4562 1342 2058 3348 4169 4602 4698 5010 5104 6521 7026 7546 7724 7909
4563 849 943 1930 2971 3029 3749 4112 4355 4411 4446 4854 7328 7345 7460 7569 7742
4564 1783 1810 1973 2254 2804 4078 4358 4586 4864 5871 5998 6041 7816
4565 322 621 1284 1341 2011 2183 2204 3471 3490 3735 4274 4584 4593 5998 6004 6686 7230 7683 7771
4566 50 726 1229 1751 2665 3662 3667 3903 3986 4196 4250 4313 4435 4447 4472 4486 4975 5530 5736 6302 6559 7029 7113 7175 7203 7308 7819
4567 296 325 1109 1549 1654 1699 1720 1914 2032 2054 2234 3767 3922 4011 4498 4890 4937 5379 5683 5999 6142 6923 6928 7426
4568 442 2097 2279 2374 3605 3663 4734 5052 5388 5664 6146 6374 6527 6833 7617 7736
4569 569 1049 1111 1778 1809 1998 2099 2614 2618 3073 3396 4352 5055 5083 5119 5190 5196 6011 6195 6213 6322 6334 6348 6772 7002 7993
4570 176 371 377 1357 1554 1840 1980 2610 2815 3118 3470 3575 4243 4475 5226 6495 6802 6868 7773
4571 203 276 286 767 1472 1999 2349 2364 2380 2612 2962 2979 3184 3461 3910 4191 4272 4964 4993 5144 5623 6384 7293 7309 7398
4572 337 413 1327 1882 1923 2048 2137 2964 3015 3841 3857 3908 4149 4931 5028 5526 5531 5595 5648 6622 6647 7102 7339 7355 7608
4573 327 795 1330 1520 2117 2968 3002 3040 3049 3727 4999 5250 5439 5636 6481 7065 7711 7894
4574 383 1946 2708 2710 3417 4337 4486 5685 5742 6586 6990
4575 211 626 1465 1789 1902 2964 3016 3496 3871 4494 4520 4980 6371
4576 642 3266 3645 4694 5021 5106 5704 7201 7271 7397
4577 110 310 389 488 533 2592 2939 3290 3545 3887 3988 4459 5434 5914 6205 6226 6373 7111 7784
4578 149 237 1771 1933 2131 2232 2402 2548 2735 3248 3691 4337 5076 5775 5896 6103 6861 6957 7209 7737 7940
4579 111 262 448 1055 1768 2593 2869 3570 3627 4631 4792 4839 5383 5386 5569 6057 6196 6475 6843 7393 7733 7934
4580 102 407 720 803 1048 1642 1672 1940 1944 4642 6159 6211 6472 6918 6944 7211 7840 7964
4581 50 698 973 1103 1146 1324 1374 1480 2111 3179 3336 3407 3507 3610 4263 4489 5621 6013 6562 6624 6798 6915 7213 7756 7823 7908 7978
4582 240 417 1819 2084 2645 2708 3078 3989 4467 4541 4898 4901 5008 5628 5884 6609 7062 7299 7561
4583 23 67 327 991 1472 1684 2229 2968 2990 3598 4458 4781 5094 5496 6687 6936 7009 7099
4584 31 544 878 1715 1865 2589 2838 3044 3213 3588 4565 4688 4778 5417 5906 6214 6243 7249 7329 7547
4585 309 881 902 1747 2140 2445 2868 2883 3126 3327 3492 3699 3978 4056 5103 5492 5822 5933 6689 7030 7046 7133 7215 7624 7795
4586 365 1127 1683 1788 1942 2047 2491 2745 3187 3329 3570 4325 4488 4564 4698 5176 5653 6289 6973 7503
4587 275 1858 1976 1979 2381 2990 3040 4231 4723 4897 5582 6340 6749 7029 7082 7184 7285 7434 7618 7679
4588 454 1095 1106 1489 1740 2579 2972 3292 3709 4449 6132 6170 6182 6366 6699 7234 7827
4589 63 340 1756 2007 2735 2942 3848 4228 4454 4766 4924 4998 5515 5676 5942 6032 6295 7270 7298 7516 7521 7975
4590 227 933 1218 1464 2393 4651 5138 5221 5946 5952 6207 6298 6690 6774 6889 7532
4591 61 259 1565 1836 2546 2592 2795 2929 3262 3282 3794 4185 4449 4644 4667 4816 4920 6323 6904 7008 7498 7591 7877 7928
4592 512 531 551 625 870 985 1280 1583 2355 2768 4682 4693 5070 5237 5519 6040 6752 6771
4593 981 1423 1773 1844 1998 2431 3382 4489 4565 4979 5018 5206 6145 6249
4594 667 790 1313 1577 1625 1637 1840 2543 3316 3334 3724 3951 5337 6166 6210 7122
4595 816 821 1094 1798 1955 2158 2265 2287 2506 2689 2751 2877 3312 3354 3587 3899 4046 4629 5000 5138 6067 6095 6438 6606 6662 7173 7308 7489 7678 7687 7717 7894
4596 101 241 296 809 902 1629 1772 2790 2981 3328 3684 4628 5009 5248 5319 5321 5357 5370 5858 5870 6396 7034
4597 258 286 1016 1371 2118 2191 2410 2703 3161 3408 3449 3558 4602 4874 5210 5371 6164 6237 6452 6500 6538 6711 7268 7760
4598 4 79 127 497 510 861 1351 1373 1695 2074 2366 2487 2951 3079 4453 4499 4903 5091 5255 5769 6380 7611
4599 86 615 1685 1886 2189 2607 2771 3634 4164 4802 5693 6348 6471 6667 7422 7727 7831 7995
4600 385 467 765 1036 2370 2518 2546 2570 3349 3478 4091 4681 4932 4972 5074 5080 5257 5814 6064 6178 6330 6721 7288
4601 505 1019 1829 1841 2008 2068 2144 2762 4147 4170 4365 4734 4969 5442 6064 6475 6478 6700 6860 7231 7252 7479 7633
4602 169 452 554 1328 1740 1920 3497 3626 4018 4562 4597 4608 5260 5969 6995 7185 7625
4603 521 807 1224 1234 1342 1559 2199 2237 2421 3282 3722 4273 5273 5327 6053 6204 6414 6913 6970
4604 72 859 898 1000 1042 1532 1986 2139 2242 2461 2740 2795 3245 3405 3711 5064 5511 5557 5964 6182 6291 7433 7992
4605 1007 1580 2052 2194 2467 3106 3409 3464 3645 3688 4671 4749 5297 6300 6382 6587 6927 7304 7969
4606 385 856 1233 1303 2058 2247 2663 2685 3332 3568 3785 4232 4280 4673 4739 5149 5579 6282 6804 7013 7113 7192
4607 552 623 1547 1756 1942 2019 2089 2115 2351 2733 3238 3308 4195 4689 4785 4893 5394 5451 5617 6269 7511 7730
4608 507 1011 1488 2232 2624 2679 2877 3392 4481 4602 5148 5558 5896 6308 6467 6658
4609 134 884 1296 1423 1922 2521 2684 3156 3176 3336 3519 4741 5404 7388
4610 37 697 705 776 1638 2218 2960 3000 4719 4772 5256 5568 5668 5691 5743 6267 6927 7191 7308 7525 7747
4611 991 1592 1864 2387 2540 2657 3290 3432 3514 3721 3823 4612 6188 6572 6880 7086 7121 7348 7584 7752
4612 240 611 1320 1623 1688 2010 2998 3251 3681 3758 4052 4245 4611 4689 4820 4867 4934 5913 6115 7144 7317 7573 7973
4613 1414 1422 1533 2870 3026 3204 3795 3983 4022 5157 6209
4614 1143 1197 1343 1861 2215 2428 2806 2933 3281 3698 3911 3928 4144 4396 4651 4901 5092 6562 7244 7397 7894
4615 3 446 653 1758 2006 2165 2189 2308 2720 3744 4982 5560 5779 6402 6650 6869 7153 7583 7682
4616 210 214 306 363 1317 1325 1336 2562 2628 3410 3681 3731 4506 4686 4702 5045 5335 5450 5518 5692 5717 6431 6838 6925 7259 7474
4617 717 2050 2957 3093 3099 3186 4326 5070 5683 6102 6139 6375 6408 6477 6734 6902 7229 7314 7509 7598
4618 1143 1223 1721 1955 1972 2027 2602 3003 3670 4839 4932 5358 5934 6210 6413 6456 6669 6740 6835 7016 7146 7302 7652
4619 39 76 327 1062 1318 1747 1829 2385 3807 4194 4741 5014 5068 5456 6239 6461 6487 6870 6925 7337 7639
4620 230 1457 1537 1676 1868 2186 3411 3604 4367 4769 5023 5378 6140 6568 6647 7212 7496 7557 7720 7770
4621 130 166 640 947 1259 1318 1424 1428 2147 2175 2326 2402 2830 3981 4501 5165 5302 5481 5860 6070 7066 7653 7714 7802 7809
4622 147 176 205 520 561 594 1409 1921 2353 3166 4103 4321 5661 6067 6124 7284
4623 36 39 429 517 1093 1138 1286 2186 2189 2475 4728 5176 5495 5989 6042 6108 6636 6840 7118 7218 7881
4624 177 834 1142 1282 1538 1932 2991 3392 3556 4071 4831 5089 5512 6376 6504 6527 6682 7320 7370 7558 7671
4625 410 876 1594 1605 1631 1748 1869 3265 3399 3538 3710 3938 4173 4258 4399 4561 4882 5441 5753 5894 5975 6078 7026 7130 7539 7595
4626 254 883 1163 1812 2439 3163 3692 4471 4990 5207 5464 5595 7275
4627 109 360 606 611 741 788 1018 1306 1382 1534 1662 2142 3204 3503 4205 4255 4279 4325 4372 4519 4524 4778 4999 5062 6953 7046 7174 7336 7750
4628 580 1035 1846 2273 2290 3566 4440 4451 4596 6265 6441 6464 6488 6740 6766 6838 6870
4629 675 844 1493 1932 1933 2063 2118 2195 2319 2396 2682 3323 3793 4014 4449 4595 4781 5049 5101 5448 5492 6043 6369 7168 7813
4630 49 180 728 889 1032 1724 2201 2316 3031 3339 3400 3419 3497 3877 4128 4810 5016 6989 7660
4631 239 381 615 1061 1637 1673 1808 2624 4005 4023 4135 4337 4579 4889 5263 6678 6709 6927 7467 7802 7918 7946
4632 241 666 884 1665 1840 1972 2236 2434 2670 3678 4344 4365 4734 5290 5523 6443
4633 1015 1229 1639 1730 1749 2336 2399 2646 3145 3766 4299 4668 4963 5609 5697 6356 6652 7308 7596 7829
4634 91 567 1261 1434 1477 1481 1934 2300 2978 3295 4182 5615 5930 5994 6216 6322 6435 6663 6719 7066
4635 44 572 1462 1500 1774 2744 3906 3918 4103 4338 4759 4936 4973 4994 5053 5659 6251 6292 7126 7493 7682 7735 7837
4636 109 775 1475 2236 2249 3111 3302 3429 3673 3974 4277 4883 4963 5396 7067 7068 7101 7288 7606 7724 7996
4637 276 995 1888 1940 2314 2978 3360 3374 4431 4725 5052 5211 5330 5610 6026 6385 6543 6790 6801 7043 7999
4638 371 470 634 662 1145 1374 1794 2093 2293 2529 2536 2553 2606 3149 3540 3727 3778 5176 6169 6362 6648 6683 7254 7650 7772 7817 7873
4639 1554 2893 2962 2980 3085 3198 3616 4757 4867 4912 4940 4950 5309 5618 5811 5840 6242 6863 7255 7380 7881
4640 1329 1387 1794 1853 2000 2292 2466 2998 3048 3120 3355 3463 4265 4485 4688 4783 4881 5313 5713 5887 5895 6078 6554 6820 7045 7087 7316 7423 7447 7713
4641 71 1195 2141 2223 2327 2376 2784 4408 4827 5417 5716 6506 7466
4642 251 637 1164 2142 2838 2964 3198 3441 3675 3720 3743 3830 4033 4580 4656 4672 4728 4932 5225 5326 5412 5513 6504 6704 7007 7592
4643 163 167 178 535 577 1128 1174 1541 2049 2299 2514 2995 3396 4068 4695 4792 5318 5755 6127 6459 6473 6578 7443 7829
4644 177 225 1431 1645 2081 2732 3527 3630 4101 4216 4374 4591 4815 5223 5597 6105 6951 7736 7744 7908
4645 243 319 375 771 1123 1454 1910 2093 2178 2385 3278 4734 6265 6880 7688 7817
4646 88 120 1909 3098 3215 3261 3781 4018 4296 4710 5456 6007 6142 6353 6363 6640 6872 6998 7124 7512 7707
4647 215 648 1281 1708 2632 3994 4134 4868 4935 5269 5304 5996 6007 6123 6157 6244 6256 6265 6339 7889 7950
4648 293 724 1235 1886 1929 2126 2420 2530 3948 4113 4244 4739 4825 5150 5250 5351 5422 5607 5910 6222 6672 7331 7381 7527
4649 932 2130 2337 4224 4237 4275 4822 5121 5512 5625 6498 7926
4650 52 308 1182 1790 2122 2668 2834 3537 5086 5319 5576 5878 6640 6771 7238 7485 7866
4651 242 427 976 1847 2151 2673 2805 3289 3453 3956 3961 4059 4590 4614 4710 5403 5541 5940 6152 6740 6931 7011 7985
4652 217 481 1146 1470 1486 3045 3151 3158 3481 3592 3769 4769 4990 5305 5419 5601 6654 7272 7605 7965
4653 177 497 758 3009 3770 4309 4433 5139 5268 5577 6329 7693 7895
4654 204 1143 1658 1796 2136 2161 2174 2599 3264 4832 5012 5232 5281 5565 5683 7367 7446 7741
4655 77 333 733 1833 1859 1907 2598 2893 3005 3166 3196 4170 4244 5491 5537 6145 6317 6909 7103
4656 2605 2815 2944 3537 4518 4642 5013 5513 5864 6479 7725 7941
4657 181 692 1029 1254 1285 1348 1465 1513 1976 2255 2621 2803 3230 3237 3320 3506 3531 3869 4350 5160 7115 7134 7168 7183 7858
4658 45 437 531 1429 1716 1892 2061 2473 2529 3091 3135 3298 3745 4876 5442 5492 5897 6038 6556 6572 7350 7633
4659 463 533 1023 1050 1057 1364 1533 3198 3388 3794 3812 4025 4084 4436 4511 5169 5318 6393 6661 6838 7170 7413 7465 7993
4660 61 656 952 1113 1490 2141 2645 2963 3183 3575 3661 4961 5350 5458 5633 6544 6735 7271 7744 7860
4661 38 112 385 609 700 777 816 870 1030 1859 2473 2921 3051 3106 3969 4329 4731 5034 5186 5687 6236 6820 6894 6982 7197
4662 145 325 446 511 699 733 1439 1907 2551 3169 4169 5394 6376 6657 6985 7349 7581 7707
4663 73 138 278 801 854 1047 1096 1154 2130 2362 2528 2574 3565 3860 3892 4218 4545 4785 4834 5317 5764 6217 6471 6651 7152 7460 7670 7705
4664 132 1028 1640 1920 2184 2632 2979 3166 3306 3315 3503 3749 3966 3977 5553 6218 6970 7059
4665 380 845 1138 1322 2111 2404 2960 3022 3187 3569 3811 4256 4940 5233 5658 6272 6605 6985 7641
4666 1233 1583 2201 2287 2551 2689 2695 3097 3306 3832 3856 3993 4251 4966 5024 5616 5625 6028 6758 7943
4667 535 710 943 1071 1885 1953 1980 2141 2907 3105 3171 3288 3882 4362 4591 5199 5401 5572 5810 5961 6798 6880 7195 7345 7770 7820 7837
4668 287 1150 1296 1685 1957 2029 2297 3612 4031 4633 4767 6288 7614
4669 23 77 139 917 2041 2720 2943 3086 3649 3659 3661 3755 3780 4319 4999 5775 6628 6756 6760 7170 7571
4670 480 683 1298 1338 2703 3561 3934 4009 5010 5539 5625 5841 5957 6366 7206 7546 7705 7753 7807
4671 80 361 1753 1995 2474 2866 3031 3079 3770 3936 4106 4525 4605 5834 6211 6692 7208 7333
4672 125 331 498 2001 2261 3076 3525 3937 4085 4182 4338 4642 5480 5638 6024 6083 6446 6953 7442 7544 7620
4673 129 233 988 1272 1289 1832 2301 2820 3147 3412 3523 3545 3686 4019 4402 4606 5165 5247 5346 6019 6366 6886 7293 7490
4674 533 782 921 932 1170 1388 1486 1678 1948 3409 4046 4334 4998 5317 6444 6495
4675 268 333 1197 1821 1905 2672 2922 3192 3420 3680 3703 4275 4437 4986 5246 5342 5403 5754 6442 6519 7505 7699 7933
4676 10 91 267 330 730 962 1171 1282 2137 2453 2473 2478 3039 3212 3741 3982 4529 5178 5982 6015 6020 6154 6249 6707 7304
4677 437 477 1100 1164 2702 2751 2837 2953 3180 3550 4202 4217 5481 5504 5651 5867 7184 7612
4678 63 355 1393 1668 1986 2400 3229 3409 3475 4099 4115 4237 4513 4899 5042 5253 5712 5853 6623 7431 7745 7960
4679 583 924 1480 1769 2072 2524 4164 4421 4701 4908 6574 6654 6926 7383
4680 153 1035 1049 1582 2337 2667 3309 3755 4144 4207 4768 6288 6297 6389 7014 7363 7437
4681 1089 1490 1731 1785 1794 1859 2988 3450 4281 4600 5112 5466 6150 6347 7017 7192 7309 7811
4682 52 530 821 1308 1309 1401 1410 2005 2834 2990 3094 3398 4290 4592 4910 5265 5372 5677 5751 6749 7232 7751 7812
4683 639 743 750 954 1324 1505 1578 2120 2153 2780 2935 3504 3611 3775 3904 5079 5562 6437 6576 6787 7417 7711 7763
4684 1108 1446 1471 1869 2542 3064 3945 3975 4496 4805 4993 5300 5487 5977 6166 6218 6794 6995 7006 7306 7695
4685 237 506 569 1359 1674 1715 2381 2500 3700 3781 4224 5024 5856 5965 6006 6660 7056 7776 7891 7989
4686 2416 4029 4419 4616 4970 5436 5511 5640 5848 6667 6786 7198 7275 7758
4687 671 1183 1785 1855 2070 2235 2661 2784 3547 4552 6485 6636 7184 7781
4688 1101 1240 1602 2227 2701 2716 3441 3515 3850 3943 4584 4640 5431 5519 6629 6769 7428
4689 238 1669 2297 3310 3402 3514 3641 3954 4093 4153 4607 4612 5027 5072 5493 5627 5829 6972 7059 7229
4690 1093 1360 1473 1696 2060 2665 2713 2891 3746 3909 4524 4931 4985 6079 6302 6575 6652 6664 6883 6930 7432 7703 7766 7846 7993
4691 6 399 633 800 1251 1362 1736 2266 2273 2299 2520 2560 2694 3428 3748 3826 5268 5896 5969 6642 7034 7290 7352
4692 767 780 1150 1255 1418 1572 2450 4039 4718 5107 5592 6816 7765
4693 305 578 613 1759 2519 2907 2923 4100 4108 4134 4592 4821 5274 6044 6428 6615 6656 7027
4694 280 407 770 829 1169 1283 1547 2722 3137 3385 4081 4255 4417 4550 4576 4734 4768 4819 5303 5341 5458 5667 5807 5889 6202 6210 6766 7062 7725 7771
4695 410 554 629 705 994 1141 1404 1758 1860 2097 3060 3531 3880 4643 6162 6244 6498 6651 6802 7190 7323 7475 7598 7627 7768
4696 201 766 924 998 1530 1642 1988 3025 3157 3292 3889 4303 4424 4474 4489 4978 5196 5692 6286 6716 7183 7272
4697 329 479 561 942 1380 2196 2630 2855 2868 2886 3416 3726 4370 5238 5485 5839 5962 6026 6733 7467 7595 7707 7742
4698 221 442 459 663 957 1164 1405 1512 1752 1931 2670 2918 3109 3144 3430 4562 4586 4730 5418 5821 6313 6542 7797
4699 454 667 675 874 878 902 1109 1450 1729 1740 2407 3620 3693 4470 4732 5025 5363 5667 5767 5920 6020 6107 6201 7070 7274 7630
4700 559 954 1074 1876 3185 3360 3466 3670 3732 3793 4321 4376 4387 5202 5557 6074 6745 7068 7183 7203
4701 343 972 1370 1393 1708 1970 2241 3523 3838 4679 4806 5596 6128 6310 6523 6628 7529
4702 698 893 962 998 1393 1636 1806 1865 2562 2660 2735 2850 3077 3314 4490 4544 4616 6044 6693 7706 7829 7895 7995
4703 12 102 273 1220 1505 2225 2338 3023 4085 4375 4506 4821 5293 6059 6132 6811 7101 7468 7609
4704 257 1288 1565 2220 2742 3128 3469 3708 4776 4785 5069 5812 6108 6583 7541 7624 7886 7893
4705 464 649 829 866 1019 2759 2963 3221 3841 4810 4851 4978 6243 6269 6318 6379 7494 7543
4706 127 162 2234 2529 3178 3768 3997 4984 5474 5484 6139 7323 7353 7369 7486 7519 7577
4707 450 701 1617 1805 2421 3146 3995 4917 5307 5582 5597 6044 6408 6844 7161 7278 7790 7794 7884
4708 499 1229 1283 1305 1372 2101 2180 2832 2955 3073 3104 3465 3531 4523 4729 4924 4984 5117 5897 6287 6451 6551 6958 7189 7519 7827
4709 264 349 527 789 964 1064 1541 3298 3623 4010 4211 4921 5264 5433 5549 6310 7528
4710 221 303 337 374 384 951 1133 1349 1554 1618 1731 2929 3025 3223 3685 4101 4173 4646 4651 4809 5424 5826 6511 6555 6603 6805
4711 40 1136 1182 1603 1941 2071 2274 2305 2603 2849 3243 3281 3442 3482 4215 4234 4423 4446 5180 5405 6752 6792 7425 7595
4712 140 159 1371 4211 4286 4400 4529 5128 5408 5526 6689 7231 7321 7838
4713 46 294 669 919 1547 1892 2195 2290 2501 2621 3223 3343 3548 3844 4435 5360 5415 5886 5963 6380 6494 6615 7041 7656
4714 544 571 625 1404 1625 1627 1633 2290 2829 3149 3360 3397 3647 3794 3838 4520 4525 4922 4973 5265 5718 5957 6324 6504 6962 7500
4715 390 392 564 638 1030 1253 1317 1727 1794 1959 2059 2076 2566 4170 4180 4216 4844 4946 5607 6093 6223 6378 7044 7193
4716 154 1237 1629 1698 1974 2146 2725 3920 4070 4147 4497 5527 5530 6153 6791 7153 7355 7567 7947
4717 237 282 1240 1713 2132 3053 3337 3646 4399 5527 6211 7153 7264
4718 74 137 188 598 726 733 818 1463 2107 2237 3001 3197 3469 3781 4194 4311 4692 5391 5451 5981 6318 6334 7434 7446 7482 7517 7823 7965
4719 883 891 1182 1573 2070 2091 2103 2770 2815 2857 3024 3214 3284 3345 3365 4610 4793 5122 5357 5366 5380 5655 5765 6345 6988
4720 77 724 1106 1203 1656 1705 1808 2072 2630 2855 3696 3861 4188 4504 4931 5231 5915 6161 6179 6387 6782 6936 7457 7534
4721 537 546 613 890 1305 1641 1913 2982 3265 3689 3909 4077 4432 4725 4796 4986 4992 5783 6879 6998
4722 71 322 789 996 2019 2894 3118 3143 3168 3550 4290 4486 4986 5540 6763
4723 153 727 747 1026 1371 1495 1662 1670 2098 2654 2701 2975 4100 4109 4587 5114 5326 5347 5496 5651 6395 6545 6675 6867 6889
4724 893 1170 1515 1785 3267 4080 5027 5327 5622 5668 5770 5910 6010
4725 649 942 1178 1829 2097 2326 2333 2405 2721 2733 3525 3758 4219 4637 4721 4896 5392 5700 5922 6224 6686 6701 6845 7219 7822
4726 156 276 1240 1445 1470 1574 1773 2239 2764 3341 3745 4295 5880 6432 6782
4727 568 1270 1691 2199 2745 4195 4770 4816 4881 5017 5530 6066 6075 6321 6602 6943
4728 446 534 1029 1526 1658 1905 2787 3036 4623 4642 5028 5210 5454 6138 6207 6436 6921 7281 7527 7564 7698
4729 207 2127 2611 3062 3857 4098 4111 4243 4708 4766 5049 6381 7009 7144 7305 7991
4730 143 262 780 806 1552 1662 1786 1818 2369 2814 4698 5138 5217 6158
4731 918 1034 2002 2118 2516 2837 3202 3207 3257 3743 4415 4528 4661 4956 5443 6006 6501 6528 7120 7153 7362 7680 7787
4732 532 1400 1450 2351 4699 5343 5727 6090 6925
4733 1118 1464 2018 2739 3836 5078 5281 5651 5983 6135 6143 6184 6318 6815 6914 7311 7736
4734 104 217 265 1534 2207 2975 3950 3969 4504 4568 4601 4632 4645 4694 5108 5171 6156 6495 6794 7239 7639 7650 7855 7932
4735 147 1134 1662 1858 2305 2629 3139 3336 3609 3765 3849 4770 5745 5833 6371 6438 7431
4736 733 1902 2301 2836 3632 3895 4092 4290 4398 4961 4984 5496 5498 6264 6525 6534 6566 6586 7184
4737 79 140 180 920 970 1909 1973 2091 2374 2838 2868 3779 4498 5072 5332 5549 6088 6617 7437 7480
4738 136 1114 1407 2395 2533 2877 3067 3296 3486 4249 5039 5624 5812 6118 6618 7039 7162 7225 7722 7919 7976
4739 1148 1239 1394 1463 1813 1830 2580 2821 2852 3744 4606 4648 4746 4989 6488 6598 6654 6918 7052 7131 7134 7393 7587 7653
4740 294 2056 2252 2419 2645 2777 3034 3749 3760 3921 4110 5112 5205 5680 5705 5943 5987 6839 7947
4741 58 232 587 626 774 821 843 1057 1165 2534 2657 3286 4279 4609 4619 4865 5387 5713 5753 6039 6589 6810 7389
4742 153 1071 1231 1542 1727 2278 2508 3520 3697 4235 4754 6019 6157 6208 6290 7666
4743 591 657 844 1004 1171 1294 1587 1923 2103 2487 3468 4153 4510 6672 7002 7622 7680 7703 7780
4744 432 607 784 822 884 947 1020 1098 1109 1331 1590 1595 1641 1841 2013 2439 2627 3618 3709 4236 5788 6678 6703 6761 6962 7325
4745 660 973 979 1496 1589 1826 2016 2930 3839 4129 4448 4947 4979 5003 5496 6440 6990 7185 7281 7298 7325
4746 271 389 700 1458 2042 3388 3452 4005 4122 4339 4739 4818 4831 4876 4886 4929 5484 5687 6535 6632 7582 7601
4747 560 563 571 1162 1273 1288 1660 1923 2337 2443 2859 3224 3582 4288 5136 5291 5335 6112 6335 6361 6714 6879 6990 7222 7353 7727
4748 37 814 1109 1185 2384 3023 3066 3267 3550 3643 4134 4247 4430 4486 5828 7184
4749 749 946 1517 1714 2210 3338 4605 5959 6175 6864 7151 7947
4750 256 744 1297 1445 3593 4125 4389 4515 4949 6518 6617 6970 7255 7655 7876
4751 839 1754 1889 1923 2512 2986 3125 3778 3947 4229 5062 5566 6019 6831 6930 6992 7104 7419 7466 7549 7613 7844
4752 1007 1980 2418 3421 3502 4457 4818 4836 5589 5891 7149
4753 271 626 774 804 1145 1375 1540 1994 2723 3341 3597 4053 4201 4206 4996 5222 5429 5771 6041 6138 6171 6252 6436 6756 6790 7573 7948
4754 1 459 1208 1491 2005 2170 2209 2297 3401 3558 3721 4742 4765 5700 5765 5893 6668 6924 7055 7167 7226
4755 102 705 773 923 1331 2851 3058 3314 3418 3977 4511 4929 4993 5015 5975 6030 7522 7549
4756 233 878 1356 1800 2418 2502 2594 3138 3168 3326 3362 3587 3887 3923 5124 5158 5160 5992 6294 6353 6462 6641 6701 6705 6802 7445
4757 146 418 1123 2452 2465 2522 2735 3679 4639 4803 5456 6078 6301 7143 7178 7528
4758 71 86 426 883 1412 2103 2311 2466 2575 2863 3065 3390 3417 3530 4455 5378 5478 5785 6490 6635 6747 6959 7528 7693 7760
4759 151 204 268 707 2746 2834 3661 4340 4371 4635 5116 5132 5159 5289 5412 5842 6151 7113 7170 7302 7879 7922
4760 1242 1590 1792 1832 1861 3263 3506 5722 5740 6275 6643 6686 7431
4761 140 199 377 1625 1947 1983 2532 2578 3110 3724 4811 5373 5600 6038 6644 7317 7642 7737
4762 180 218 623 903 1075 1196 1233 1259 1585 2571 3072 3870 4021 4274 4786 4917 5407 5652 5863 6265 7353 7917
4763 176 758 1692 2050 4392 4483 4919 5146 5189 5909 5910 6034 6118 6892 7016
4764 11 16 969 1603 1629 3258 5161 5237 6688 6748 6935 7188 7526 7999
4765 1454 2517 2651 2802 3495 3520 3606 3645 3747 3956 4754 5839 6782 7575 7722 7987
4766 532 850 1100 1155 1548 1889 2221 2448 3175 4072 4094 4299 4589 4729 5296 5761 5979 6115 7912
4767 21 221 1132 1378 1384 1785 2054 2181 2465 2478 2579 3263 3325 4668 4873 5063 5067 5443 6025 6146 6459 6652 6695 7163 7194
4768 162 292 688 1413 1619 2158 2207 2966 3839 4680 4694 5259 5518 5557 5790 5851 5912 6814 6904 7261
4769 570 847 952 1694 2127 2302 2757 2853 3196 3309 3424 3532 4620 4652 5469 5745 6321 6352 6383 7797 7908
4770 142 901 1435 1769 1791 3298 3391 3755 3867 4229 4256 4727 4735 4888 5260 5455 6016 6313 6539 6670
4771 368 871 1433 1463 1693 2414 2505 2574 2654 2752 3284 3551 3619 3703 3963 4092 4486 4954 6356 7067 7151 7171
4772 39 343 1070 1123 1326 1435 2436 3100 3286 3605 4610 5609 5780 5822 6104 6369 6537 6673 7371 7431 7529 7716
4773 333 610 653 1232 1463 1650 2787 3174 3447 3697 3896 3953 4045 4844 5085 5302 5509 6188 6430 7175 7619 7771 7928
4774 351 390 2267 2299 2476 2651 2957 3383 3513 3693 4172 4355 4781 5460 6003 6292 6474 6490 7369 7494 7909
4775 168 567 1094 1728 1734 2428 2448 2676 3285 3395 3464 3768 4446 4843 4925 5077 5282 6130 6465 6757 7006 7067 7164 7191
4776 704 1854 2701 3137 3161 3670 3675 4399 4403 4704 5391 5575 5847 6388 6398 6642 6755 7012 7156 7685
4777 492 730 901 1058 1352 3229 3234 3294 3987 3995 4534 4829 5378 5456 5539 5586 5628 5679 5779 6351 6435 6849 6962 7204 7677
4778 417 541 653 1146 1231 1366 2165 2621 2808 3151 4289 4386 4584 4627 6167 6892 6924 7736 7979
4779 70 181 424 1722 2081 2180 2220 3231 3263 3639 4135 4226 5963 6048 6506
4780 181 518 623 634 1118 1197 1458 1798 1836 2615 2821 3045 3608 3672 4168 4395 4453 5121 5375 5940 6114 6324 6994 7632 7709
4781 225 789 1808 2229 2251 2974 3469 3875 4010 4583 4629 4774 6009 6212 6267 6536 7129 7660 7786
4782 276 319 616 811 1744 2521 2704 2993 4210 4231 4844 5649 5749 5810 5889 6092 6485 6611 7917 7931 7948
4783 86 358 831 1228 1474 1639 2107 2141 3192 3579 4007 4479 4640 4813 5123 6264 6325 6568 7133
4784 461 538 651 816 1085 1749 1844 2378 2800 3595 3867 4077 4186 4260 4301 4973 5079 5169 5419 6413 6775 6913 7387
4785 206 946 1393 1661 2248 2585 2817 2955 4172 4607 4663 4704 5036 5205 5594 6753 7642
4786 669 673 721 951 1014 1109 1352 2442 2511 3274 3351 3366 3520 3722 3993 4031 4488 4762 5123 5457 5731 6039 6520 6650 7021 7333 7680 7730 7736
4787 98 202 274 278 1243 1927 2521 2541 2647 2801 3082 3307 3424 4556 5382 5457 5816 5872 6362 6573 6653 6838 6956 7039 7240 7820
4788 161 1742 1863 1996 2084 2353 2537 3217 3294 3777 5371 5499 5532 5570 5801 7435 7624 7732 7824 7834 7863
4789 146 621 643 1190 2596 3788 5414 5638 5897 6622 6860 7329
4790 8 55 112 929 992 1329 2151 2349 2670 3171 3188 3235 3338 4003 4235 4279 4839 5617 6979 7312 7403
4791 36 962 1168 1575 1711 1993 2169 2465 2823 2859 3287 3538 3795 4063 5002 5435 5903 6549 6974 7156 7287 7567
4792 109 356 630 810 1375 2343 2513 3115 3542 3696 3929 4521 4579 4643 4874 5319 5574 6217 6570 7015
4793 352 1052 1215 1834 2290 2331 2564 2717 3216 3530 3811 4719 5518 5873 6115 6723 7126 7148 7477
4794 577 1321 2146 2407 3637 3892 5075 6059 6217 6620 6857
4795 254 1319 1602 1807 2664 2761 2894 3850 4062 4131 4176 4302 4463 5124 5500 5550 6075 6298 6994 7218
4796 500 657 1005 1374 2405 3187 3386 3738 4721 4970 5446 6087
4797 772 813 1139 1516 1854 2037 2487 3447 3543 3749 3763 4254 5151 5551 5613 5763 7735
4798 338 464 483 500 732 997 1514 2583 2957 4504 5632 5645 6868 6961 6969
4799 265 549 1152 1787 1997 2208 2272 2611 2786 3281 4015 4963 5401 6072 6333 6616 6970
4800 636 1249 1253 2013 2032 2686 2701 3968 4989 5196 5199 5314 5354 5958 6572 6783 7448
4801 87 341 1155 1573 1955 2000 2099 2596 2833 2958 3102 3712 4069 4107 4544 5534 5775 5917 6167 6348 7296 7588 7622
4802 855 982 1277 1658 2248 3026 3996 4135 4162 4357 4599 5171 5442 6530 7081 7379 7505 7625 7628 7787 7820 7939
4803 24 590 999 1271 2002 2126 2304 2310 2434 2973 3224 3291 3622 3694 4476 4757 5477 6137 6588 6709 6875
4804 25 2440 2444 2885 3197 3856 4032 4045 4469 5038 5073 5864 6245 7017
4805 392 643 1025 1201 1871 1903 2288 2465 2614 2636 2830 3004 3359 4517 4684 4837 5168 5824 5881 6151 6448 6586 6908
4806 345 829 999 1137 1826 1931 2457 2887 3594 3609 3661 3725 3820 4701 5778 5822 6475
4807 51 272 995 1113 2142 2538 2823 3268 3499 3892 4541 4813 5042 5458 5831 5911 6118 6124 7561 7975
4808 114 210 631 845 933 1098 1431 1433 1634 2131 2203 2922 3777 3976 5198 5425 5569 6239 6519 6570 6988 7414 7677 7740 7744 7807
4809 227 270 1246 2036 2559 3134 3387 3517 3792 3801 4204 4710 5086 5171 5433 5654 6564 6856 6928 6961 7732 7742
4810 283 1016 1050 1152 1785 2583 3199 3298 3671 4332 4419 4630 4705 4868 4882 4991 5976 6074 6205 6367 6665 7286 7372 7383 7470 7546
4811 136 1792 2023 2255 3653 4761 5194 5600 5813 5959 6205 6937 7344 7390 7992
4812 165 1714 1759 1866 2284 2392 2787 2901 3129 3842 4461 5312 5459 5566 5741 5775 5776 6353 7046 7175 7994
4813 74 120 1073 1270 1347 1795 1957 2834 2919 2984 3192 3710 4087 4141 4783 4807 4867 5253 5639 6344 6417 6458 6506 6662
4814 331 554 596 738 769 852 895 1119 1775 2223 2541 2876 2994 3011 3771 4202 4205 5198 5729 6430 6753 7231 7933
4815 204 224 457 791 1006 1401 2158 2881 3435 4452 4644 5156 5566 5620 5827 5882 6112 6187 6234 6492 6805 7684 7696
4816 242 1369 2848 2910 3634 3918 4054 4180 4252 4376 4591 4727 5344 5855 5939 6392 7286
4817 255 570 629 865 1185 2033 2377 3097 3628 3667 3846 4189 5576 5735 5892 5967 6150 6500 6783 7012 7148 7156 7300 7387 7956
4818 210 377 378 837 876 1630 1662 1804 2110 2198 3039 3334 3884 4021 4276 4429 4527 4746 4752 5034 5078 5252 5731 6224 6930 7123 7264 7641 7697 7981
4819 943 1346 1403 1454 1767 1997 2309 2751 3016 3295 3320 3339 3810 3861 3949 4251 4311 4462 4694 5259 5372 5946 6255 6504 6695 7322 7997
4820 145 386 761 2419 2648 2673 3348 4612 5335 6930 6945 7186 7239 7432 7734
4821 395 796 1155 1162 1337 1389 1919 2055 2589 2667 2985 3020 3138 3507 4243 4332 4693 4703 5013 5315 5535 5806 5874 5916 6455 6460 6687 6727 6813 6854 6930 7466
4822 153 230 1046 2439 2625 2626 3164 3504 3731 4017 4311 4461 4649 6783 7250 7457 7894
4823 257 779 1186 1526 1917 2097 2208 2261 3030 3122 3192 3702 3951 4216 4898 5173 6173 6934 7099 7377 7563 7596
4824 773 829 899 1681 1691 3319 3544 4021 4359 4383 6345 6464 6931 6956 7182 7664 7760 7841
4825 145 446 2012 2249 2522 2567 3810 3845 4160 4395 4442 4648 5578 5690 6372 7245 7676 7691
4826 2219 2258 2819 3084 3156 3157 3331 3676 4254 5877 6521 6567 6612 6693 7289 7619
4827 850 1522 1779 4019 4293 4404 4641 5022 5025 5334 5451 6274 6327 6424 7121 7126 7229
4828 739 1003 1156 2048 2896 2900 3754 5531 6033 6395 6662 6726 6822 7436 7650
4829 59 325 520 1288 1699 2971 3091 3682 3770 4087 4777 5899 7153 7244 7432 7894 7958 7974
4830 806 946 1286 1359 2233 2631 2756 2954 3736 3741 4933 4941 4950 5157 5560 5701 5987 6051 6224 6723 6765 7529 7659
4831 923 2146 2399 2618 2860 4624 4746 4839 5147 5635 5809 5818 6472 6531 6779 7449 7542 7949
4832 551 614 1693 1931 3538 3611 4160 4654 5019 5038 6211 6733 7921 7979
4833 120 379 1305 1453 1817 2733 2966 3443 3667 3806 3812 4964 5009 5012 5015 5949 6071 6286 7175 7199 7217 7259 7509
4834 371 384 692 912 1447 2594 2680 3033 3306 3334 3940 4375 4663 5210 5421 5578 5662 6074 6182 6845 7084 7150 7230
4835 15 372 1547 2380 2597 3471 3582 4006 4355 4415 5153 5872 7153 7711
4836 333 2377 2593 2755 2790 3308 4291 4305 4468 4752 4948 5101 5515 5927 5990 6409 6469 6913 7256 7278 7307 7699 7740
4837 475 493 521 1084 2009 2419 2982 3351 3640 3723 4429 4805 5160 5592 5944 6131 6305 6625 7015 7398 7471 7638 7775
4838 371 750 2178 2412 2611 2925 2936 2941 3173 3249 3284 3377 3562 3698 4191 5854 6010 7873
4839 336 397 472 476 1391 1686 2429 3902 4524 4579 4618 4790 4831 4894 4987 5075 6043 6096 6298 6580 6689 7010 7069 7625
4840 191 650 1204 1352 1674 1683 1689 1963 2164 2473 2601 2663 2947 3096 3194 3549 3609 3621 3779 4009 4843 5674 5710 5742 6271
4841 795 1309 2133 2246 2318 3789 5599 5747 6547 6589 7009 7574 7690
4842 29 45 48 52 192 866 885 917 1377 1537 1717 1738 1857 1952 2413 2582 2694 2941 3727 4031 4038 4445 5354 5648 6342 6698 6769 7005 7988
4843 70 622 735 967 1932 2130 2815 3398 3520 3649 3830 4162 4225 4347 4425 4775 4840 5013 5366 6191 6399 7032 7345 7356 7560 7718
4844 326 489 605 951 969 1571 1674 2531 2911 4256 4715 4773 4782 4867 5613 5981 6393 6940
4845 962 1798 2549 2674 2854 3195 3960 4057 4439 4468 5028 5360 5646 6045 6293 6505 6616
4846 161 713 781 1083 3003 3512 3632 4014 4440 5300 5487 5935 5948 6944 7065 7123 7156 7457 7901 7965
4847 65 655 678 915 1439 1470 1473 1826 2086 3203 4178 4453 4982 6053 6535 6568 7424 7501 7802 7873 7995
4848 207 787 1122 2066 2644 2758 2965 2998 3263 3315 3809 3969 4297 4993 5103 5711 5917 6394 6521
4849 54 280 410 1231 2455 3153 3286 4063 4483 5548 5700 5729 6050 6156 6695 7027 7780 7794
4850 568 571 876 1317 2251 2326 2656 2673 3428 4065 5194 5341 5365 5616 5801 6746 6996 7894
4851 556 912 1410 1684 2538 2661 2699 2793 2821 3031 3871 4075 4233 4705 4862 5362 5369 5513 5922 6342 6408 6775 7166 7595 7893
4852 901 1509 1806 2055 2270 2579 2615 3109 3232 3809 4091 4291 4878 4985 5367 5368 5844 5877 5917 6343 6615
4853 108 590 740 919 2561 2639 2784 2829 4446 5538 6378 7134 7821 7952
4854 1568 2171 2239 2248 2283 3597 4356 4399 4563 4927 5168 6289 6799 7129 7273 7279 7700 7740
4855 268 571 1233 1800 2195 2993 3138 3227 3461 3978 4403 5330 5382 5942 6215 7643 7968
4856 79 178 652 718 2253 2510 2725 2929 3273 3469 3508 3665 4151 5080 5358 5723 6076 6266 6434 7169 7878
4857 217 778 836 1278 1561 1901 2049 2065 2106 2127 2316 3796 4235 4254 4370 4393 4890 5170 5192 5553 6365 6381 6734 7388 7593 7676
4858 46 745 1023 1533 2413 2549 3438 3481 3784 5550 6965 7274 7774
4859 1519 2286 3484 3514 3577 3785 3995 4324 4542 4545 5765 5888 5977 5996 6253 6760
4860 562 580 1765 1940 2122 2288 2291 2548 2685 2695 2850 2933 3315 4261 4435 5234 6728 6923 7289 7684
4861 395 1457 2374 2693 3814 4121 4457 5045 5188 5197 5364 5765 5850 6192 6482 6551 6845 7007 7534 7626 7797 7808
4862 259 557 1304 1404 1942 2629 2943 3006 3617 3876 4250 4851 5391 6654 6824 7033 7044 7767 7787
4863 7 1112 1125 1863 2152 2605 2739 2777 2920 2962 3002 4153 5446 5472 5810 6050 6172 6760 7385 7622 7779
4864 28 83 249 527 729 864 1633 2539 3383 3449 3607 3728 3958 4564 6446 6753 7252 7699 7908
4865 10 120 1128 1175 1369 1751 2021 2550 3544 4376 4741 5258 5376 5757 6174 6954 7395 7883 7984
4866 16 609 1091 1259 2480 2817 2974 4459 5661 6134 6207 6373 6708 7115 7263 7712
4867 128 363 1194 1561 2301 2655 2670 3037 3783 4037 4102 4352 4377 4612 4639 4813 4844 5142 5789 6053 6380 6616 7366 7399 7502 7550
4868 180 451 488 576 817 1045 1260 1688 1689 1753 2545 3660 3991 4038 4647 4810 4931 4977 5027 5105 5192 5543 6111 6589 6622 7212 7728 7876
4869 224 763 1514 2364 3812 3944 4100 4279 4451 5047 5154 5274 5933 5935 5936 6080 6549 7084 7324 7775
4870 138 1224 1347 1936 2110 2141 2940 3188 3482 3824 4157 5922 6338 7159 7732
4871 963 2230 3036 3149 3185 3436 3494 3515 3612 4076 4294 4322 4351 4357 5781 6147 6207 6256 6900 7448 7641 7705 7946 7996
4872 11 18 798 2251 3232 3944 5057 5366 5424 5515 6365 7359 7637 7656
4873 126 2122 2768 4011 4315 4767 4925 5322 6054 6289 7478 7665 7832
4874 453 1576 2165 2277 2338 2478 2673 2748 3900 4444 4509 4597 4792 4903 5281 5701 5894 6204 6651 7795
4875 1188 1248 1793 3117 3497 3537 3650 3834 5206 5312 5568 6272 6327 6494 6648 6841 7100
4876 166 1027 1149 1412 1672 2460 3295 3588 3818 3833 3913 3924 4191 4267 4658 4746 5675 5976 6582 7131 7935 7991
4877 454 513 852 1356 1521 3162 3235 4926 4991 5036 5204 5395 5406 6496 6514 7215 7425 7507
4878 95 240 442 1105 1827 1851 2127 2327 3616 4165 4852 4996 5297 5497 5974 6439 7027 7120 7374
4879 309 1530 2624 3466 3716 3992 4472 6086 6229 6317 7436 7474
4880 955 1077 1098 1295 2280 2586 3017 3644 3717 4400 5088 5949 6429 7027 7409 7445 7520 7598 7690
4881 230 1230 1613 2418 2475 3008 3820 4252 4304 4359 4640 4727 5033 5459 5908 6240 6280 6541 6607 7462 7529
4882 386 412 548 651 1368 1728 2065 2279 2667 2747 3450 3687 3989 4100 4625 4810 5256 5615 6322 7102 7381 7474
4883 170 569 1206 1687 1934 1961 2057 2905 3451 3956 4636 5393 5441 5859 5925 6038 6112 6378 7428 7924
4884 21 926 1181 1222 1458 1822 2203 2796 3570 3717 4918 5649 5989 6040 6215 6753 6922
4885 322 532 795 1688 1899 2002 2665 3176 3190 4952 5395 5691 5824 5852 6028 6420 6968 7273 7331 7392
4886 54 328 737 768 1016 1820 2435 2497 2791 2851 4345 4746 5633 5671 5934 5973 5985 6018 6481 6547 6708 7405 7614
4887 260 290 922 1135 1387 2017 2197 2758 2798 3016 3047 3476 3648 4044 4494 5139 5770 5809 5845 6814 7520
4888 116 521 1791 2889 3118 3749 4174 4770 5510 6588 7066 7634
4889 878 1010 1023 1095 1101 1510 1619 1725 1816 2249 4010 4268 4631 5001 6193 6375 6814 6901 7346
4890 191 307 574 1860 1981 3108 4533 4567 4857 4970 5863 6126 6993 7043 7756 7842 7906
4891 476 659 1349 1514 1700 1719 1942 2261 3103 3123 3355 4247 4301 4367 4409 4549 5227 5644 5915 6000 6304 6449 6613 6815 7141 7419
4892 273 540 1495 1709 1714 2122 3352 3684 4211 4360 4463 5107 5226 5807 6098 7147 7391 7437 7769 7787
4893 409 1504 1781 1968 2048 2171 2360 3077 3399 3706 4607 5797 5825 6032 6724 7386 7427
4894 2 422 835 1445 1509 2990 3354 3403 3501 3502 4839 5198 5320 5686 6416 6698 6702 6737 7793
4895 30 510 557 563 836 1146 1553 1571 3151 3450 3520 3808 5041 5104 5609 6115 6130 7089 7164 7622
4896 547 929 1246 2146 2563 3087 3094 3331 3402 4072 4154 4725 4915 5043 5287 7070 7116 7388 7584
4897 5 143 284 485 866 985 996 1274 1735 2283 2860 3041 3153 3215 3269 3713 3901 4198 4587 5247 5752 7092 7228 7782
4898 1958 2339 2792 3189 3322 3916 3919 4399 4488 4519 4527 4582 4823 5207 5417 5827 6216 7179 7366
4899 991 1053 1334 1342 1920 3113 3217 3492 3547 3863 4130 4165 4546 4678 4946 4948 5599 6685 6939 7099 7506 7870
4900 20 1980 2562 2709 2796 2997 3145 3226 5317 5611 5763 5768 6005 6652 6967 7004 7101 7107 7118 7245 7848
4901 329 488 667 1647 3962 4582 4614 5049 5250 5873 6967 7050 7130 7782
4902 687 1195 1557 1630 1962 2203 4197 4917 5243 5960 7570
4903 497 652 806 1587 1594 1950 1971 3415 4598 4874 4922 5167 5313 5381 5543 5873 6518 6993 7515 7613 7883
4904 634 717 1316 1486 3571 3931 3945 3965 4219 4335 4545 4922 6102 6146 6770 7320 7907
4905 79 145 251 288 1439 1581 1997 2149 2494 3105 4529 4996 5028 5304 6082 6236 6891 7041
4906 204 529 822 1192 1387 1390 1761 2000 2090 2710 2905 3192 3212 3783 3851 4251 4438 4547 5174 5326 5436 5599 6252 6302 6354 6640 7376 7952
4907 487 886 915 916 1681 1927 2996 3421 3893 5028 5261 6056 6377 7429
4908 133 352 393 1923 2389 2516 2542 2939 3909 3935 4679 5518 5688 6167 6169 6269 6356 6436 7111 7277 7534
4909 104 341 418 1085 1333 1617 1928 2044 2237 2566 2686 2828 3192 3479 3891 4025 4215 4351 5343 5859 6644 7073 7288 7476 7749 7906
4910 134 963 1083 1140 1274 1582 1639 1796 2236 2272 2542 3377 3949 4384 4682 5048 5097 5459 6046 6719
4911 1876 1909 3411 3820 4115 4326 4917 5458 5589 5973 6033 6346 6534 6676 7765 7990
4912 1052 1083 1683 1688 2033 2415 3138 3471 3473 4335 4388 4516 4639 5022 5105 5407 5942 7687
4913 84 809 1074 1289 1431 1699 1883 2804 3403 3609 4133 4456 4554 5113 5266 6333 6481 6840 7491
4914 400 1064 1195 1386 2171 2223 2359 2616 3667 3802 3815 5045 5115 5254 5717 6729 6775 7577
4915 21 282 325 751 813 863 933 1541 1909 3100 3552 4159 4249 4434 4467 4522 4896 4940 4993 6517 6963 7515 7582
4916 96 492 1608 1870 1896 2150 3753 3806 4468 5795 6302 7337 7817
4917 27 65 394 506 1244 1358 1486 1529 1689 2162 2434 2770 3208 3329 4352 4707 4762 4902 4911 5286 5373 5758 6180 6297 6714 6901 6933 7422 7536
4918 185 701 987 1019 1745 3256 3286 3659 4382 4884 5449 6090 6119 6145 6448 6732 7506 7551 7823
4919 22 64 512 1290 1332 1608 1998 2141 3001 4168 4763 5049 5527 5536 5537 5711 7138 7772
4920 42 110 469 1319 1355 1757 2121 3585 3907 4067 4292 4336 4591 5002 5152 5703 5724 6317 6901 7236 7720 7886
4921 125 183 473 711 1051 1372 1996 2048 2391 2603 2673 2975 3336 3680 3810 4709 5288 5300 5330 5511 5868 6287 6703 6948 7036 7298 7565
4922 1435 1449 3149 3283 4237 4421 4438 4714 4903 4904 5175 5282 5458 5707 5943 6739 7970
4923 55 438 1028 1574 1664 2534 2960 3102 3609 4311 4483 5549 5558 5575 7001 7632
4924 123 236 250 935 1468 2890 3675 4189 4246 4589 4708 5195 5640 6005 6171 6235 7041 7080 7685 7931
4925 678 2159 3690 3760 4775 4873 7349 7430 7576 7944 7959
4926 429 466 1305 1822 2016 2372 2384 2491 3801 4260 4315 4439 4877 5335 5548 5962 6062 6065 6122 6471 6481 6548 6876 7020 7175 7734 7934
4927 276 902 1557 1903 2058 2111 2460 2744 2788 2799 3200 3457 3671 3741 4484 4485 4854 4995 5088 5625 6400 6539 6571 6762 6768 6937 7159
4928 116 1049 1810 2232 2354 3510 3674 4425 4555 5065 5068 5203 5390 5424 5651 5702 7418 7533 7669
4929 706 1035 1311 1760 1830 2454 2898 2903 2981 3754 4072 4532 4746 4755 5422 6693 7058 7471 7816
4930 124 327 876 1121 1333 1441 2876 2975 3474 3625 3857 4234 5240 6117 6655 6731 7213 7275 7388
4931 329 1357 1502 1601 1778 2058 2098 3122 4108 4424 4572 4690 4720 4868 6230 6922 6998 7027 7137 7312 7847
4932 1 365 830 917 1444 1676 2386 2431 2619 2863 4141 4600 4618 4642 5540 5708 5966 6116 6367 7158 7273 7514 7974
4933 366 945 1092 1223 1247 2157 3211 3683 4387 4536 4830 4937 5532 5643 6708 6986 7614 7644 7926 7964
4934 68 792 1190 2023 2418 2560 2574 2886 3182 3724 3996 4013 4442 4494 4612 5126 5251 5616 6004 6382 6456 6651 6690 7122 7162 7224 7701
4935 433 1931 2010 2064 2835 3045 3128 3465 3634 3735 3756 4060 4647 4987 5008 5035 5036 6029 6570 6634 6665 6887 7030 7201 7231 7371 7411 7418 7450
4936 71 208 494 959 1572 1812 2188 3247 3780 4303 4354 4635 5127 6838 7197 7421 7496 7653 7673 7853 7940
4937 871 1272 1346 2830 3157 3589 4004 4037 4246 4567 4933 5512 5792 6113 6385 6636 6762 6893 7062 7975
4938 57 136 399 1868 2426 2632 2755 2861 3116 3422 3592 5081 5159 5981 6415 6433 6813 7008 7375
4939 307 323 426 505 671 744 1179 1822 1884 1885 2486 3220 3503 3559 3745 4331 5317 5377 5413 5564 5674 5764 5901 6062 6251 6801
4940 785 1166 1249 1710 1801 2180 2204 3188 3959 4208 4639 4665 4915 5355 6533 7428 7590 7607 7871
4941 906 1043 1300 2160 2468 2925 3065 3660 4016 4081 4830 4944 5607 5664 5840 6101 6868 7247 7454 7665
4942 177 385 3140 3184 3277 3288 3390 5226 5475 5599 5725 6344 6345 6964 7193 7697 7822 7993
4943 795 821 897 1108 1222 1300 1522 1586 1686 2554 2716 3885 4363 4413 4438 4521 5011 5232 5360 5876 6364 6414 6706 7261 7771 7904
4944 167 306 560 695 1070 1405 1835 2504 2662 2771 3255 3367 3801 4361 4941 5715 5723 6102 6274 6748 7028 7514
4945 142 594 820 918 1027 2515 3132 3480 3523 3705 4415 5084 6630 7238 7962
4946 419 490 842 1156 1441 1496 1712 2694 3566 3797 3916 4548 4715 4899 7364 7796
4947 130 266 637 1074 1354 1595 1898 3004 3324 3554 4103 4373 4422 4745 5650 6209 6232 6730 7020 7194 7747
4948 567 615 770 896 1025 1432 1761 1850 2199 2265 2278 2937 3067 3197 3488 3665 3986 4836 4899 5191 6286 6659 6974 7012 7529 7908
4949 845 900 1953 2076 2182 2220 3564 3574 4105 4296 4335 4373 4439 4750 5126 5212 5256 5797 5964 6088 6628 6824 7787
4950 88 282 973 1147 1413 2195 2233 2413 2586 2602 2652 2788 4639 4830 5452 5455 5889 6043 6109 6719 7461
4951 289 412 428 803 952 956 1864 1928 2078 3611 3874 4135 5028 5101 5335 5961 6027 6195 6394 7606 7890 7899 7922
4952 1031 1162 1584 2282 2302 2326 2467 3745 4109 4129 4482 4885 5210 5519 5995 6113 6194 6312 6696 6967 7962
4953 92 262 343 385 1620 2187 2528 2845 2949 3034 5076 6737 6914 7916
4954 14 632 955 1173 1257 1279 1478 1646 3006 4158 4329 4771 6079 6368 7373 7633
4955 507 1682 1734 1798 2224 2332 2467 2608 2656 5028 5624 5721 6417
4956 260 847 1129 1205 1231 1490 1521 2511 3006 3069 3174 3662 3750 4021 4221 4731 5262 5328 5505 6411 6781 7647 7865 7980
4957 50 224 554 599 787 1416 1634 1670 1734 1754 2489 2888 2965 3415 3562 3643 4444 4486 5318 6113 7118 7531 7682
4958 179 379 1503 1929 2001 2652 3226 3502 4422 4974 5195 5380 5445 6035 6049 6613 7164 7543
4959 2 132 846 980 1014 1166 1847 1856 1962 2497 2703 4263 4522 5059 5882 6211 6279 6413 6964
4960 880 1007 1226 1641 2968 3005 3345 3356 3432 3788 4280 4384 5028 5284 5678 5680 5964 6437 7464 7579
4961 505 780 1502 1685 1711 1843 3057 3198 4467 4660 4736 5012 6825 7094 7199 7312 7768 7831 7922
4962 65 367 1265 1598 1754 2055 2707 3607 4059 4161 5455 5668 6629 6654 6738 7060 7240 7638 7673
4963 1196 1535 1567 1786 2895 2933 3037 3238 3571 3784 4633 4636 4799 5226 5689 5694 5907 6714 6890 7751
4964 134 505 601 716 974 1477 3261 3383 3562 4103 4176 4571 4833 5005 5341 6766 6792 7239 7831
4965 504 2237 2276 2307 2489 2825 3521 3686 4065 4111 4374 4428 5243 5303 5525 5564 5681 5706 6051 6266 7034 7139 7519
4966 580 602 670 1333 1870 2022 2077 3254 3684 4404 4666 5112 5645 6481 6723 6862 6879 6908 6915 7552 7758 7821 7951
4967 491 1076 1196 2195 2450 2748 3138 3988 5010 5336 6671 6741 7508 7686 7717
4968 162 372 792 907 1197 1452 1500 1768 2175 2226 2641 2702 2843 2965 3387 4003 4266 4451 4987 4988 5193 5765 5904 6434 7772 7805
4969 861 1099 1770 2022 2078 2332 2642 2880 2881 3722 3886 4343 4421 4601 5671 5711 6334 7683
4970 751 765 974 1069 1134 1241 2128 2248 2276 2300 3094 3523 4424 4464 4686 4796 4890 5676 5712 5713 5741 6006 6172 6266 6319 6635 7473 7496 7823 7885
4971 221 466 720 1136 1443 2328 2340 2462 2519 3198 3259 5562 5643 5734 5757 6043 7864
4972 338 494 829 1475 1809 2109 2132 3656 3696 3736 4136 4221 4600 5923 6813 7049 7121 7538 7870
4973 378 784 1370 1589 1632 1989 2667 3444 3563 3828 4635 4714 4784 5057 5588 5830 6370 6495 6505 6978 7625
4974 258 649 679 1180 1492 1964 2508 2991 3142 3776 3842 4083 4106 4241 4958 5008 5708 6499 6822 7172 7525 7541
4975 874 965 1065 1871 2619 2806 2845 4005 4331 4566 5636 6136 6225 6353 7558
4976 92 1525 1602 1687 2121 2163 2213 2413 3980 4087 5006 6212 6864 6941 7715 7804
4977 1270 1318 1674 2031 2420 3330 3443 3815 3913 3938 4027 4367 4868 5488 5718 5802 6779 6780 6790 6793 7048 7054
4978 266 958 984 1197 1478 1545 1987 2171 2260 2414 2527 2793 3492 3584 4319 4696 4705 5285 5444 6038 6525 6591
4979 528 690 806 1895 1960 2181 2358 3308 3393 3583 3852 4032 4366 4370 4545 4593 4745 4989 5142 6062 6177 6972 7401
4980 23 513 1074 1154 1217 1296 1525 1549 1769 2222 2259 2279 2808 2990 3525 4137 4575 5264 5340 5574 6078 6258 6478 6857 7945
4981 867 1302 1748 2327 3814 4352 4481 5131 5161 6214 6628 6814 6859 6869 7059 7859
4982 378 413 1053 1735 2392 2670 3080 3210 3553 4224 4360 4615 4847 5611 5618 6240 6328 6367 7916
4983 702 1351 2419 3540 5002 5267 6171 6579 7123 7679 7963
4984 3 347 804 1107 2358 2996 3178 4093 4555 4706 4708 4736 5787 5977 6005 6736 7324 7529
4985 99 516 1170 1216 1452 2152 2385 2553 2599 2696 2910 3126 3140 3302 3437 3835 4201 4690 4852 5213 7176 7961
4986 15 75 939 1226 1298 1465 1562 1730 2079 3904 4320 4675 4721 4722 5065 5414 5648 6109 6162 7198 7607 7898
4987 50 1163 1410 1968 4839 4935 4968 5682 6130 6361 6427 6716 7738
4988 536 737 885 981 1240 1354 1438 1727 1949 2300 2675 2997 3164 3369 3371 3391 3467 3548 3595 3682 4386 4968 5993 6003 6295
4989 410 658 748 1902 2114 2178 2812 4497 4739 4800 4979 6202 6363 6373 7929 7955
4990 316 334 918 1553 1676 2123 3651 3665 4086 4270 4626 4652 5006 5255 5457 5550 6407 6437 6442 6574 6916 7116 7267 7515 7735
4991 68 96 495 820 1049 2105 2402 3738 3927 4810 4877 7433 7545 7731
4992 320 364 762 3508 3578 3642 3862 3973 4534 4721 5694 5974 7793
4993 358 498 675 903 1255 1280 1584 1766 2205 2478 3962 4156 4324 4571 4684 4755 4848 4915 5041 5198 5854 5959 6519 6604 6870 6900 7044 7237
4994 27 885 890 1194 1583 1714 2541 2718 2797 2863 3398 3599 3878 4339 4635 5149 5262 5465 5870 6215 6334 7626 7628 7693 7774 7869
4995 124 246 726 1487 2854 3529 3714 3752 4927 5086 5995 6060 6407 6828 7006 7279 7574 7764
4996 98 730 1222 1580 1682 2170 2739 3168 3539 3855 4358 4753 4878 4905 5067 6510 6669 7527
4997 276 342 665 1207 1336 1665 1684 2072 2394 2550 2991 3067 3627 4153 5048 5903 6045 7594 7831 7855
4998 75 719 814 1387 2522 2740 4094 4118 4154 4300 4589 4674 5204 5500 5907 6488 7205 7227 7236
4999 190 246 528 673 829 1206 1345 1516 2511 2890 3474 3533 3551 4201 4573 4627 4669 5448 5602 6580 6913 7045 7404 7471 7491 7892 7903
5000 447 1138 2295 2547 3282 3434 3537 4065 4595 5448 5889 7196 7331 7457
5001 174 998 1181 1823 2114 2373 2425 2664 2721 3055 4256 4889 6706
5002 126 226 249 1012 1174 1330 1658 1691 1944 2179 2341 2455 3024 3309 3384 3742 3822 3830 3936 4529 4791 4920 4983 5091 5197 5728 6353 6404 6765 6889
5003 101 1303 1964 2423 2443 3307 3798 3883 4141 4745 5808 5873 5956 5968 6159 6505 6605 7437
5004 271 838 958 2158 5050 5155 5682 6199 6523 6898 7316 7412 7493 7994
5005 146 508 849 1034 1436 1441 1540 2195 2999 3216 4129 4964 5413 6214 6794 7559 7812
5006 453 593 594 1313 1862 2426 2549 2869 3166 3307 3383 4179 4976 4990 5369 5967 7371 7381
5007 454 694 1604 1656 2427 2617 3028 3197 3420 3559 4131 6674
5008 793 836 1723 1741 2537 3133 4209 4327 4520 4550 4582 4935 4974 5251 6003 6651 6851 7445 7570 7680
5009 434 563 1077 1713 2245 2322 2781 2798 2819 4216 4350 4542 4596 4833 5197 5810 6586 6805 6940 7708
5010 8 76 234 646 1094 1227 1383 2134 3358 3386 4562 4670 4967 5436 5671 5914 6399 6527 6683 7197
5011 404 495 778 1847 1888 2200 2839 3403 3487 4435 4943 5101 5716 6354 6466 7304 7501
5012 1206 1451 1886 1893 2247 3388 3744 4137 4654 4833 4961 5071 6230 6373 6448 6625 6789 7324 7466 7724
5013 119 357 721 998 1024 1773 2108 3070 3167 3192 3321 3511 3556 3745 3959 4153 4656 4821 4843 5342 6052 6242 6542 6900 6945 7331 7347 7500 7633 7887 7996
5014 121 1144 1533 1888 2423 2529 2882 3195 4619 5082 5750 6135 6986 7001 7039 7401 7874
5015 48 411 439 664 725 783 833 952 1745 2096 2526 2659 2875 2995 3108 3203 3421 3437 4150 4755 4833 5442 5593 6596 6678 6704 6744 6857 6997 7343 7770
5016 822 841 1105 1255 1819 2204 2371 2805 3018 3049 3232 3990 4000 4049 4117 4279 4384 4550 4630 5250
5017 35 741 1249 1269 1639 3014 3423 3450 4541 4727 5280 5323 5432 5674 6304 7001 7494 7608 7886
5018 155 316 351 362 1172 1358 1471 1519 2452 2981 3137 3708 4168 4418 4530 4593 6178 6325 6600 7461
5019 88 744 785 874 1027 1287 2002 2023 3088 3549 3594 4110 4277 4358 4832 5327 5356 6685 6788 6871 7006 7600 7638
5020 98 204 207 214 513 834 913 1705 1936 2653 5243 5327 5527 5968 6177 6751 6869 7890
5021 56 216 427 1372 1407 2352 3173 3216 3546 4195 4534 4576 5024 5817 6145 6891 7003 7537 7689
5022 57 158 670 737 784 1009 1124 1576 2954 3034 3403 3821 3935 4166 4424 4827 4912 5483 5726 5996 6195 6399 6555 7339 7465
5023 35 407 1539 1887 2292 4620 5368 6650 6829 6875 7155 7491 7958
5024 562 881 1289 2573 3228 3568 4055 4072 4174 4666 4685 5021 5060 5220 5257 5945 6691 6963 7121 7319 7334 7977
5025 799 1175 1287 1413 1822 1982 1998 2420 2648 2952 3840 4118 4699 4827 5392 6679 7126 7431 7433 7754
5026 21 242 291 1169 1313 1814 2192 2589 2690 2948 2986 3055 3665 4346 5095 5274 5699 5797 6373 6389 6657 7898
5027 116 394 403 489 795 2908 3070 3092 3266 3658 4296 4351 4689 4724 4868 5048 5433 5780 5845 6290 6972 7084
5028 464 508 1530 1689 2559 2560 4049 4087 4550 4572 4728 4845 4905 4907 4951 4955 4960 5134 6194 6487 6615 6758 6801 6824 7010 7744
5029 209 257 785 842 953 1698 2037 2287 2405 2703 3368 4557 5805 6073 6850 7497
5030 27 165 508 586 1227 1380 1591 2321 2458 2617 2996 3068 4026 5301 5346 5379 5411 5438 5877 6618 6685 7094 7393 7523
5031 1081 1120 1267 1714 3148 3888 3996 4492 5184 5757 6025 6215 6336 6372 7766
5032 242 591 840 855 893 936 1171 1268 1407 1963 2239 2525 2766 2997 3737 5357 5993 7518 7585
5033 1262 3426 3751 3920 3946 4168 4881 5135 6112 7162 7169 7415 7536
5034 4 206 370 419 520 762 1278 1525 1570 1614 2107 2113 2881 3518 3543 4224 4243 4661 4818 6097 6471 6875 7114 7488 7659 7805
5035 292 779 919 1195 1197 1538 1789 3789 4352 4487 4520 4935 5454 5550 6031 6236 6328 6535 6819 7765
5036 719 899 962 1558 1756 2140 2407 3519 3798 4348 4785 4877 4935 5386
5037 615 805 984 1164 1489 1569 1781 2309 2950 3346 3513 4130 5128 5146 5600 6089 6456 7343 7391
5038 30 44 402 642 1087 1141 1741 2310 2908 3403 3693 3750 4174 4804 4832 5789 6143 6174 6424 6427 6642 6798 7185 7341 7659 7837
5039 198 295 970 1229 1993 3298 3420 4454 4738 5116 5215 5596 6033 6041 6136 6274 6467 6719 6858 6860 7440 7547 7555 7838 7901
5040 1086 1265 2106 2370 2657 2961 2987 4312 4558 5663 5848 5978 6264 6440 7698
5041 249 1646 1693 1861 1878 2518 2615 2685 4139 4533 4895 4993 5241 5656 5933 6106 6180 6453 7516 7781
5042 98 553 925 976 2164 2560 2721 3217 3924 4678 4807 6006 6898 6964 7434 7474 7482 7543 7681
5043 2 203 2675 2818 3877 4011 4512 4526 4896 5375 5393 5473 5500 5832 5993 6884 6954 7012 7755 7957
5044 122 795 1359 1794 2226 2836 2904 3569 3827 4506 5121 5148 5825 6410 6902 7261 7865
5045 160 875 1303 1644 2124 2165 2346 3814 4018 4072 4519 4616 4861 4914 5731 5757 5836 6412 6441 6787 7779 7807 7835
5046 760 1014 1274 2805 2815 3210 3513 4133 4274 4300 4460 4511 5663 5825 6243 7190 7254
5047 591 1073 1409 1523 1842 2597 3154 3451 3809 4444 4869 5635 5881 6764 7495 7585 7632 7987
5048 1170 1638 2146 2308 2613 2726 2989 3231 3488 4061 4318 4485 4491 4910 4997 5027 5366 5809 5842 6062 6501 6613 6916 7049
5049 266 639 822 1073 2352 3385 4461 4629 4729 4901 4919 6089 6151 6535
5050 1302 1783 2055 3652 4153 5004 5318 5712 6444 6547 7239 7766
5051 239 739 1192 2418 2426 2438 2792 2983 3482 3955 4357 4512 5442 5766 6578 6993 7851 7980
5052 256 307 520 533 794 1422 2441 2580 2681 3195 3501 4568 4637 5719 5766 6147 6231 6517 7224 7421
5053 292 556 913 1189 1284 1629 2247 2276 2541 4501 4509 4635 6572 7873
5054 264 363 856 964 1090 1172 1822 1933 1950 3017 3789 3858 4187 4200 4355 5168 5218 6801 7040 7717
5055 737 1101 1111 1586 2361 2493 2622 3083 4032 4089 4569 6059
5056 339 770 1214 3211 3233 5409 5646 5887 7144 7266 7732
5057 1178 3128 3780 3820 4046 4466 4872 4973 5689 6420 6465 6521 6798 6912 7781
5058 18 223 398 549 579 961 1375 1433 1510 2190 2392 3609 4079 4179 4433 5850 6275 6456 6841 6996 7273 7941
5059 354 789 1403 1685 1869 1897 2529 3232 3569 3710 4130 4959 5983 6015 6271 6326 7848
5060 40 350 642 744 819 882 1077 1736 1789 2036 2214 3070 3241 3426 5024 6009 6673 6825 7064 7339 7680
5061 207 542 737 739 966 1272 2024 3292 3653 4487 5133 5366 6181 7180 7344 7481 7883
5062 556 847 1028 2499 2536 2685 3041 4627 4751 5331 5424 5603 5695 5717 5940 6182 6348 6476 6710 7171
5063 104 784 1426 1827 2831 2934 3242 3741 4767 5567 6095 6127 6408 6487 6582 6620 6827 7670 7966
5064 430 633 634 1131 1276 1571 2855 3776 3787 3973 4604 5530 6499 6831 6996 7201 7711 7997
5065 934 1025 1267 1601 2046 2726 3278 3610 4519 4537 4928 4986 5628 5796 5901 6257 7040 7241 7414 7585 7957
5066 946 1157 1444 2067 2295 2491 2565 4241 4309 4375 5340 5686 5734 5866 6136 6415 6569 7046 7710 7754
5067 464 607 806 1013 1296 2647 4046 4128 4533 4767 4996 6203 6356 6436 6692 7044 7253 7740
5068 427 613 806 1688 1883 1948 2043 2051 2529 3319 3866 3992 4619 4928 5694 6394 6586 6723 7144
5069 343 456 1270 2225 2365 3212 4704 5246 5669 5953 6041 6491 6502 6619 6733 7197 7225 7767 7972
5070 799 3040 3050 3337 3765 4420 4441 4443 4592 4617 5154 5515 5970 6193 6742 6794 7891
5071 238 378 810 1206 1317 1425 2821 3087 3132 4175 5012 5661 6797 7051 7647 7828
5072 107 597 835 1761 2170 2355 2584 4179 4209 4241 4251 4530 4689 4737 5688 6052 6470 6965
5073 25 46 203 388 1108 1332 1351 2887 3451 4023 4219 4443 4804 5257 5442 6368 6654 7055
5074 29 78 148 588 1188 1799 1860 2499 2876 4166 4600 5092 5216 5427 5943 6843 7342 7942
5075 18 248 350 357 409 511 724 1903 2459 4794 4839 5135 5451 5640 5950 6029 7051 7188 7446 7585
5076 30 74 256 459 554 613 1397 1648 1915 2225 2405 2652 3526 3545 3550 4578 4953 5865 6523 7313
5077 171 341 721 1003 1400 3420 4060 4181 4242 4775 6922 7235 7437 7589 7737 7740 7888 7905
5078 1060 1761 2856 3360 3379 3474 4088 4300 4364 4733 4818 5354 7054 7146 7298 7368 7901
5079 148 216 271 1295 1668 2852 3116 3787 4683 4784 5768 5769 6244 6420 6503 6654 6965 7112 7230 7653 7665 7723
5080 272 478 536 798 1650 2347 2409 2514 3031 4009 4600 4856 5287 5429 5448 5613 5621 5787 5832 6373 6514 6837 7136 7224 7895
5081 19 169 624 696 738 1113 1624 3935 4048 4081 4142 4938 5120 6311 6716 6809 7028 7754
5082 109 245 457 962 1571 1728 2948 3087 3752 4118 4131 5014 5457 5897 6675 6794 7006 7225 7450
5083 191 1924 2028 3553 4036 4093 4486 4569 5269 5349 5528 5591 5762 6178 6221 6601 6831 6886 7861
5084 657 1319 1978 2301 2585 3234 3626 3973 4945 5943 6340 6657 6846 7014 7461 7848
5085 1282 1505 1714 1991 2326 2517 2991 3187 3411 4251 4773 5272 5348 5501 5780 5857 6558 7381 7691 7932
5086 869 1239 1429 1850 1892 2880 3101 3783 4218 4650 4809 4995 5850 7106 7124 7244 7681 7997
5087 575 588 801 890 1011 1061 1269 1474 2450 2473 2779 2861 2887 3140 3400 3752 5394 5781 5867 6330 6938 7072 7287 7730 7762
5088 713 746 1755 2141 2425 2743 2938 3018 3162 3203 3460 3582 3633 4331 4880 4927 5237 5245 5510 5869 6128 6560 7304 7628
5089 162 258 317 472 1719 2374 2447 3496 4067 4624 5383 5584 5782 6044 6459 6705 7035 7111 7361 7387 7688
5090 308 487 856 2038 2180 2198 2231 2473 2490 2608 2690 3722 4015 4078 4415 5589 5595 5769 5826 5998 6776 6951 7067 7126 7161 7640 7948
5091 971 2403 2534 3263 3440 3960 4038 4054 4452 4598 5002 5228 5510 6219 6508 6649 7321 7744 7890
5092 992 1775 1966 2452 2648 3965 4183 4614 5074 5176 5990 6483 6520 7086 7425
5093 136 530 586 956 1357 1960 2071 2847 3465 3690 3839 3958 4453 5448 5496 6405 7648
5094 8 376 1542 1888 2009 2461 2590 2916 2987 3025 3286 3606 3730 4104 4583 5248 5843 6312 6379 6473 6517
5095 73 367 760 1048 2163 2740 2744 2958 3109 3164 3305 4111 4419 5026 5599 6491 6600 6618 7061 7769
5096 3 370 2217 2792 3507 3557 3674 5218 7303 7978
5097 21 278 1001 1602 2746 3808 3809 4249 4354 4458 4910 5263 5389 5967 6081 6375 6500 6990 7018 7488 7516 7596
5098 296 1829 1968 1981 3055 3081 4037 5540 6322 7304 7478
5099 129 745 1162 2153 2425 2743 2752 2841 3655 3774 5376 5984 6036 6232 7088 7161 7572
5100 631 804 1301 1474 1689 2166 3811 5128 5150 5523 5844 6678 7272 7385 7604 7729
5101 193 461 548 567 1029 1331 1407 1488 1610 3048 3326 3806 3923 4122 4245 4483 4629 4836 4951 5011 5860 6202 6533 7434 7637 7929
5102 111 915 1560 2483 4512 5939 6779 7767 7776 7982
5103 267 295 593 1143 1212 1589 2019 2493 3688 4159 4267 4585 4848 5335 5744 5759 5983 6494 7499
5104 52 208 496 584 742 805 1620 1708 2198 2547 2682 3053 3410 4367 4400 4562 4895 5308 6396 6560 7528 7661
5105 276 320 959 1347 1573 2055 2113 3013 3132 3264 3572 3625 3760 4158 4868 4912 5215 6664 7574 7718 7928
5106 1232 1355 1670 2383 2912 2936 3168 3399 4188 4221 4314 4576 5342 5627 5639 5720 5829 7295
5107 332 632 886 1467 2149 3174 3692 4205 4467 4692 4892 5283 6850 6929 7394
5108 226 326 1205 1492 1633 1693 2398 3192 4179 4289 4734 5218 6499 6620 6650 6698 6752 6927 7279 7679 7721
5109 196 250 414 1274 2230 2431 2484 3210 3240 4215 5593 5763 5903 5932 6244 6577 6645 7026 7866
5110 108 1042 1143 1191 1565 2121 2260 2796 2863 3602 3702 5605 5699 5939 6278 6300 6791 6999 7381 7935
5111 60 654 980 1438 2946 3207 3298 3584 3688 4386 5624 6153 6213 7126 7147 7824 7887
5112 2575 2683 2845 3256 3474 3921 4681 4740 4966 5170 5553 6493 7391 7458 7567 7623 7756 7916
5113 34 465 508 519 551 1221 1929 3314 3749 3867 4100 4185 4477 4913 5554 6272 7589 7668 7760 7979
5114 400 1068 1224 1442 1464 1779 2576 2701 2773 2798 2917 2999 3562 3707 3973 4035 4163 4211 4218 4321 4723 5124 5136 5168 5369 5848 6000 6045 6442 6852 7198 7729
5115 14 125 685 751 894 1388 1596 2640 2800 2952 3268 3343 4232 4372 4455 4914 5207 5394 5751 5772 6076 6561 6632 7100
5116 116 585 736 1114 1851 1967 2311 2315 3443 3582 3598 4114 4186 4759 5039 5536 5781 6392 6505 6572 6670 6723 6911 6990
5117 54 129 562 674 929 1465 1901 2103 2402 2762 3019 3276 3494 3789 4382 4486 4708 5361 5533 5650 6560 7417
5118 371 432 1129 1748 1766 1884 2169 2749 3166 3814 3858 3923 4498 4549 5369 6706 7310 7456 7692
5119 250 1698 2018 2228 2703 3257 4005 4238 4569 5164 5233 5847 6000 6241 6768 6814 7216 7233 7261 7520
5120 147 1697 1920 1943 2190 3477 3782 3942 5081 5502 5535 5602 5791 6501 7108 7927
5121 287 1125 1596 2301 2398 2452 2670 2838 3220 3387 4389 4649 4780 5044 5769 5947 6151 6276 6472 6892 7017 7218 7411 7439 7586 7848
5122 53 645 1962 2040 2291 2406 2580 2856 3432 3665 4252 4719 6082 6151 6185 6459 6913 7205 7766
5123 855 969 1826 2543 2758 3356 3960 4783 4786 5408 6598 6682 7054
5124 242 605 1110 1479 2014 2274 2448 3576 3749 3816 3875 4003 4756 4795 5114 5827 5971 5979 6885 7021 7199 7703
5125 818 832 1051 1295 1553 1601 1877 2311 2412 3057 3377 3393 3694 5132 5472 5832 6014 6111 6777 7412 7651
5126 378 379 419 973 3169 3173 4934 4949 5761 5967 6327 6378 6542 6640 7830 7867
5127 820 1374 1553 2182 2450 2747 2861 3047 3105 3417 4197 4936 5550 5776 6360 6509 6771 7273 7350 7354 7694 7830 7966
5128 415 542 727 836 885 1217 1254 1875 1877 1939 2682 3244 3387 3567 4712 5037 5100 5564 5657 5811 6218 6391 6566 6591 6631 7029 7030 7880 7945 7978
5129 355 1383 1424 2239 2290 3838 4127 5199 5464 6084 6218 6272 6495 6917 7387
5130 126 169 500 506 1061 1276 2752 3042 3492 4154 4372 5612 5803 5880 7059 7513 7985
5131 352 1981 2498 2589 2768 2769 3442 3515 3905 3909 3920 4185 4414 4981 5281 5382 5781 5803 5817 5873 6949 6953 7692 7701
5132 347 415 421 657 1736 1794 2521 2702 2952 3337 3680 4043 4759 5125 6976 7896 7967
5133 395 1149 1228 1600 2220 2468 2675 4399 5061 5668 5972 7595 7690
5134 1195 2143 2411 2599 2700 3076 3214 3613 3655 4055 4444 5028 5215 5355 6154 6217 6346 6791 7438 7498 7575
5135 196 2276 2293 4202 5033 5075 5572 5613 5861 6106 6365 6597 7105
5136 695 1016 1241 1664 1676 2281 2349 3534 3707 3751 4092 4137 4286 4747 5114 5276 5573 7008 7254
5137 506 1148 1183 1367 1518 1593 1630 1930 2157 2670 2741 3284 3500 3550 3679 4047 5199 6053 6365 6448 7015 7535 7688
5138 189 1067 1128 1176 1294 1440 1978 2348 2938 3443 3571 4014 4390 4590 4595 4730 5509 5830 5861 7056 7260 7428 7663 7847
5139 832 1028 1875 2195 2355 2616 2950 3728 3973 4002 4518 4653 4887 5426 5820 5824 5850 5913 6279 6326 6553 6968 7314
5140 397 977 1848 2372 4269 5536 6330 6925 6970 7106 7372 7672 7728 7977
5141 1447 1917 2350 2755 3202 3398 3775 5448 5594 5622 6054 6615 7376 7808
5142 184 665 836 993 2474 2963 3145 3982 4054 4108 4534 4867 4979 5516 5815 7074 7607 7612 7916
5143 357 412 2014 2077 2082 2577 2947 4022 4549 4554 5244 5636 5653 5800 5902 6245 6750 7483 7677 7682 7859 7933 7970
5144 78 156 549 668 872 882 1006 2106 2829 3718 4571 6344 6429 7922
5145 128 249 367 513 1326 1565 2281 2302 2556 2683 2737 2907 2984 3149 3327 4035 5488 6268 6777 7184 7323 7768 7909 7967
5146 587 590 894 919 934 1673 1781 1938 2191 2788 3274 3477 4546 4763 5037 6907 6941
5147 88 472 1466 1637 2028 2135 2164 2314 2412 2484 2817 2974 3813 4158 4375 4831 5265 6113 6228 6442 6697 6801 7013 7477 7628
5148 327 833 1282 2073 2593 2922 3019 3475 4608 5044 5949 5978 6082 6986 7452 7874
5149 101 195 253 1058 1767 3049 3129 3416 3478 4606 4994 5386 6613 6891 7375 7387 7536 7557 7794
5150 194 684 827 1372 1435 1624 2576 2613 3056 3432 4293 4353 4648 5100 5964 6335 7051 7642
5151 244 328 438 497 848 971 1760 2652 3126 3833 4797 5632 6014 6083 6700 7130 7310 7333
5152 189 1359 1867 1874 1911 2809 3096 3451 4421 4460 4532 4920 5444 6203 7136 7190 7362 7928
5153 16 318 1810 2949 3127 3293 3394 3444 3751 3904 4168 4835 5239 5922 6130 6316 6465 7109 7615 7749
5154 139 163 169 875 1146 1608 1927 2563 2972 3098 3239 3762 4229 4288 4869 5070 5533 5749 6173 6332 7378 7632 7711 7932
5155 447 457 1114 1406 1965 2216 2696 3824 4521 5004 5916 6065 7241
5156 33 848 1568 2149 2482 2506 2644 3169 3600 4018 4815 5444 5483 5869 6079 6199 6494
5157 175 435 961 1016 2231 2515 2559 2833 3015 3103 3679 3834 4132 4613 4830 5335 5400 5735 5878 5923 5948 6869 6878 6909 7062 7243 7490 7733
5158 29 420 695 2329 2572 3306 4156 4353 4756 5276 5602 6224 7406 7500 7921
5159 273 578 665 1062 1382 1928 1987 2166 2801 3238 3295 4083 4318 4396 4759 4938 5290 5327 5364 5561 5647 6144 6891 7022 7705 7869 7922 7943
5160 55 284 834 936 992 1184 1679 2336 2353 3306 3708 4657 4756 4837 5343 5454 5593 6020 6288 7076 7232 7370 7389 7845 7985
5161 8 370 816 1046 1196 1197 1219 1262 1999 2427 2661 2750 2943 2950 2991 3400 3483 3542 4475 4544 4764 4981 5351 5409 6019 6091 6318 6540 6628 6844
5162 38 333 451 789 1000 1325 1705 2292 2357 3582 3882 4339 5374 6074 7873
5163 385 950 1591 1993 2604 3137 3345 3635 4449 6428 6653 7284
5164 393 436 1201 1540 2225 2492 2900 2903 3854 5119 5207 5641 5954 6337 6791 6841 6873 7248 7340
5165 508 765 1389 1811 1977 2842 3352 3449 4230 4439 4621 4673 5332 6169 6270 6417 6728 7364 7699
5166 581 605 1473 1554 1910 1940 2124 2235 2286 2418 2599 2692 3179 3344 3549 4030 4211 5173 5796 6410 6512 7795
5167 886 1038 1626 2163 3150 3209 3861 3905 4085 4903 6000 6450 6763 7515 7638
5168 166 342 466 1497 2058 2244 2842 3034 3364 3535 3888 3962 4805 4854 5054 5114 5438 6750 7072 7373
5169 2237 2435 2454 2635 3582 3788 4659 4784 5478 5784 6140 6593 7401 7552
5170 63 210 365 1953 2031 3882 3943 4857 5112 5666 5992 6053 6358 6913 6925 7712
5171 192 194 401 1188 1411 1633 2257 2511 3220 4003 4734 4802 4809 5263 5759 6659 6964 7398 7930
5172 21 185 603 837 2206 2735 3139 3156 3436 3577 3963 4519 5483 5989 6805 7043
5173 627 968 1155 1541 2025 2693 3364 3447 3562 3852 3983 4371 4475 4823 5166 5207 5627 7353 7681 7722
5174 1160 1449 1855 1941 2000 2389 3414 3970 4906 5475 5705 6044 6086 6438 7262 7529 7675 7926
5175 133 1156 1219 1717 1919 2524 2997 3634 3786 4347 4922 5911 6630 6698 7654 7955
5176 25 1330 1464 1543 2009 2213 2411 3025 3544 3564 3871 4037 4103 4277 4320 4586 4623 4638 5092 5639 6837 6969 7469 7946
5177 770 1420 2123 2755 2859 3072 3380 5283 5953 6640 6781 7030 7036 7190
5178 492 705 1077 1366 1858 2214 2343 2737 3214 3629 3764 3889 4223 4676 5260 5570 5728 5762 7327 7535
5179 246 349 459 483 604 788 1023 1033 1151 1211 1656 2008 2095 2775 3205 3309 3425 3532 4135 5717 6251 6554 7390 7574
5180 555 771 1468 2342 2411 2492 2635 2971 3908 4134 4711 5362 5586 5879 6449 6491 7115 7516 7658
5181 465 791 933 1161 1516 1940 2234 2578 2670 2763 3288 3462 3651 5248 5259 5423 6507 7196 7478 7530 7539
5182 13 175 465 1284 1662 1934 2325 2473 2654 2763 2910 2939 3039 3266 3333 3545 3729 3956 3971 3975 4012 5250 5726 5780 5965 6630 6689 6856 7020 7165 7621 7807 7899
5183 568 728 1364 2625 2735 3319 3499 3802 4478 5296 5313 5403 5869 6051 6105 6614 6729
5184 209 653 3135 3196 4195 4309 4543 5031 5237 5551 5975 6643 6696 6842 7957
5185 1 54 714 1354 1747 2703 2751 2875 3161 3917 4296 4493 6002 6068 6694
5186 188 632 671 1493 1650 1894 2029 2293 2598 2860 3223 3698 4002 4118 4661 5193 5272 5302 5501 6001 6349 7716
5187 11 1040 1408 1665 2077 2545 2823 3219 3331 3355 3499 3591 4412 5645 5728 6130 6262 6381 6650 6973 7670 7814 7861
5188 111 590 914 1383 1823 2251 2662 2921 4227 4506 4517 4539 4861 5467 5966 7131 7260 7446 7829 7902
5189 544 690 1696 1775 2771 3595 3702 3775 3838 4763 5420 5536 5659 6820 7775
5190 278 2039 2882 3753 3930 4013 4569 5326 5419 6216 6397 6480 6756
5191 4 41 384 804 1315 1318 1483 1498 1569 2122 2148 2556 2604 2964 2999 3723 3750 3969 4948 5425 5498 5559 6050 6417 6710 7321 7643 7768
5192 137 670 1045 1237 2868 3806 4349 4410 4501 4857 4868 5813 6081 6351 6648
5193 343 381 940 1695 2123 2733 3165 4357 4968 5186 5736 6053 6770 6986 6996 7504
5194 17 131 623 633 1053 1543 1845 1943 2010 2243 2640 2751 3322 3507 4414 4811 4850 5417 5438 5785 5798 5869 6016 6136 6863 6981 7106
5195 228 612 767 1352 2740 3265 3780 4028 4087 4099 4198 4924 4958 5243 5554 6518 6576 6639
5196 150 334 513 691 1316 1772 3096 3233 4312 4481 4569 4696 4800 5420 5991 5999 6055 6262 6484 7023 7077 7563 7874
5197 201 3522 3816 3933 3960 4342 4500 4861 5002 5009 5759 6376 7413 7623 7820
5198 596 1163 1982 2034 2818 3209 3294 3814 3931 3951 4808 4814 4894 4993 5429 5473 5499 5578 5971 6048 7192 7409 7980
5199 173 221 1080 1223 1682 2447 2729 3058 3274 4361 4384 4667 4800 5129 5137 5476 6267 6491 6505 6774 6995 7562 7572 7909 7958
5200 163 784 841 1058 1273 2471 2860 4242 5662 5915 6151 6793 7186 7854
5201 221 346 1005 1179 1528 1640 1851 1935 2033 2712 2721 3014 3114 4324 5226 5343 6370 6786 7087 7178 7649
5202 793 846 928 1694 2010 2896 2944 3457 4151 4700 6181 6341 7032 7439 7993
5203 1132 2037 2646 3640 3884 4928 5961 6163 6291 6750 6998 7536 7712 7980
5204 440 941 1064 1086 2464 3223 3296 4877 4998 5499 6797
5205 357 725 813 917 1681 2143 2145 2836 3498 3953 4525 4740 4785 5592 5795 6779 7250 7784
5206 807 2141 2210 2421 2612 3174 3379 3641 3948 3998 4039 4298 4593 4875 5452 7733
5207 708 1528 1546 1552 1686 2173 2201 2243 2640 2847 3160 3291 3373 3514 3800 4061 4372 4626 4898 5115 5164 5173 5653 5831 5920 6192 7014 7712 7896
5208 255 392 571 580 685 743 820 1199 2159 2432 2537 2900 3451 3609 4356 4364 5264 5511 7430 7473
5209 314 614 954 1132 1344 1643 2078 2135 2389 2813 2931 3751 3813 3904 3951 5522 5656 7362 7835
5210 448 556 577 1392 1445 1502 2810 2812 2997 3307 4597 4728 4834 4952 5334 6217 6542 6939 7566 7618 7860 7872
5211 236 309 1279 1488 1682 2007 2177 2669 3176 3590 4490 4523 4637 5469 6327 6561 6804 7269
5212 321 397 672 1014 2232 2480 2674 3300 3470 3534 3693 3850 4162 4949 5273 5526 5836 6206 6440 6654 6891 6993 7526 7893
5213 42 175 482 661 809 1159 2240 2315 2353 2654 2921 3203 3853 4510 4985 5533
5214 260 324 530 751 774 992 1124 2021 2169 2300 2416 2747 3109 3984 4031 4100 5470 6067 6318 6452 6552 6929 7062 7191 7279 7890
5215 243 280 485 550 1292 2008 2429 2924 3303 3328 3784 4168 4180 4245 4373 5039 5105 5134 5829 6172 6373 6428 6620 7049
5216 426 688 897 1243 1338 1373 1468 1608 1657 1806 1881 2290 2503 2624 2722 2816 3670 3678 5074 5318 5362 5649 5783 6022 6427 6587 7016 7180 7979
5217 1211 1360 1923 2649 2707 2877 3171 3342 3395 3968 4730 5774 5846 6895 7724
5218 58 994 1510 1603 2079 2359 2457 2600 3088 3329 3651 3707 3927 4094 5054 5096 5108 6098 7302 7305 7608
5219 0 63 251 253 547 1324 1738 1873 2491 2634 4161 5322 5647 6068 6111 6599 6602 7073
5220 116 577 625 921 1357 1841 2008 2009 2071 2356 3272 3318 3349 3937 5024 5519 6105 6409 6550
5221 66 300 1629 1662 1981 2417 2596 3208 3926 3980 4451 4590 5506 5739 7543 7570 7607 7815
5222 1554 2557 2776 2979 3421 3428 4256 4538 4753 6267 6671 6828 6944 7129 7695
5223 81 188 448 497 879 1264 1450 1799 1949 2712 2834 3293 4327 4644 5270 5783 6294 6711 7387 7748 7899
5224 408 433 1411 2056 2303 2565 2761 3784 3914 3945 4001 4176 5268 5568 5635 6325 6909 7234 7654 7944
5225 121 290 408 486 930 3697 3707 3801 4274 4642 5597 5996 6333 6367 6642 7167 7828
5226 250 334 335 957 1271 1332 1398 2326 2592 2842 4570 4892 4942 4963 5201 6084 7705
5227 1003 1125 1241 1249 1650 1662 2293 2726 3641 3753 3823 4891 5494 5542 5548 6640 6938 7179 7350 7575
5228 394 3290 3545 3874 3935 3993 4205 5091 5453 5505 5511 6036 6121 6478 7008 7731 7969
5229 770 993 1722 2013 2111 3051 3938 4091 4198 4346 5725 5965 6059 6903 7586 7599 7724 7979
5230 269 427 1303 1405 1455 4092 5901 5950 5962 6329 6501 7551
5231 156 314 1129 1992 2064 3031 3520 3969 4114 4315 4720 5425 5889 6420 6719 7310 7446 7462 7934
5232 1543 1686 1731 2133 2817 2901 3089 3666 3685 3803 4225 4654 4943 5623 5862
5233 37 201 336 1227 1655 1724 2138 2359 2770 3014 3112 3643 4270 4510 4665 5119 5368 6682 7382 7805 7984
5234 71 673 1144 2264 2559 2761 3727 3791 3854 3966 3982 4860 5259 5802 6611 6905 6948 7256 7780 7823 7959
5235 258 801 1396 1962 2026 3158 3189 3953 4483 5370 5818 5947 6311 6433 7315 7679
5236 43 110 570 762 874 1026 1771 1937 1947 2139 2201 2227 2900 3335 3504 3870 4481 4511 5328 6282 6296 6965 7031 7679
5237 1394 1536 1752 1835 1908 2303 2370 3488 3512 3729 4225 4592 4764 5088 5184 5359 5403 6635 7102 7121 7139
5238 159 452 1120 1812 1901 1954 2199 2535 2639 2885 2890 3128 3674 3860 3866 4697 5548 6375 6555 6585 7297 7532 7776 7860
5239 242 666 988 1461 1823 2167 2519 2882 3165 3397 3479 3758 4071 4112 5153 5712 6045 6145 6407 6742 7115 7335 7501 7689 7712 7894
5240 405 578 825 1143 1245 2015 2958 3174 3246 3382 3877 3980 4543 4930 5712 6049 6145 6709 6995 7666
5241 271 733 894 1084 1089 1467 2157 2620 2754 3170 3198 3712 4163 4310 4498 5041 6410 7090 7138 7251 7898
5242 210 288 1377 1431 2204 2255 2367 2524 2697 2791 3296 3365 3787 4208 4449 4542 5632 5800 5958 6174 6176 6509 6933 7134 7896
5243 432 742 1328 1668 2380 3168 3227 3493 4036 4902 4965 5020 5195 5370 5632 5861 6036 6793 6869 7039 7247 7301 7594 7859
5244 263 323 358 432 465 1147 1706 2209 2743 3927 4322 4382 4409 5143 5667 6348 6620 6885 7204 7518 7830
5245 733 797 1023 1314 1839 2037 3369 3391 3414 3440 3828 3917 4559 5088 5508 5929 7581
5246 213 250 266 329 384 732 1379 2182 2901 3006 3007 3032 3092 3783 4441 4675 5069 5658 6372 7576
5247 30 653 708 752 1430 1589 2363 2495 3766 3784 4085 4342 4673 4897 5265 5763 6849 7143
5248 204 352 903 1040 1173 1739 1894 1985 2648 3161 3660 3786 3990 4596 5094 5181 5762 5813 5959 6098 6561 6802 6813 7004 7306 7537
5249 50 456 731 1771 2158 2202 2290 2631 2643 2816 2847 3334 3574 5390 6197 7112 7603 7968
5250 144 183 249 491 557 644 667 807 1539 2899 4573 4648 4901 5016 5182 5929 6047 6129 6512 6689
5251 87 284 450 784 844 1423 1431 1597 1824 2122 2470 2715 2964 3517 3636 3837 4011 4080 4124 4934 5008 5877 6144 6547 6905 7256 7678
5252 485 813 2052 2277 2496 2765 3144 3189 3603 4538 4818 5413 6210 6274 6332 6443 6887 7084 7688 7946
5253 339 343 519 674 2464 2631 3348 3652 4040 4347 4469 4678 4813 6001 6460 6596 7551 7821
5254 412 831 1436 1519 1866 2006 2166 3012 3927 4914 5366 5721 5887 5936 6181 6671 7340 7357 7381 7666
5255 157 265 573 1177 1543 2191 2290 2339 2416 3261 3392 3447 3706 3825 3915 4438 4598 4990 5652 5925 6024 6117 6358 6581 6613 7470 7893
5256 166 498 627 925 1436 1641 3012 3171 3175 4306 4362 4384 4610 4882 4949 5343 7143 7278 7904
5257 257 363 1795 2334 2528 2940 3758 3796 4321 4600 5024 5073 5920 6097 6339 7515 7654
5258 119 387 1014 1667 1829 1845 1903 1914 2024 2221 2545 3090 3502 4172 4246 4426 4865 5331 5363 5613 5708 6922 7948
5259 881 1295 1506 1664 3281 3739 3938 4768 4819 5181 5234 6215 6333 6463 6624 6758 7853
5260 26 1296 2174 2761 2993 3654 4081 4095 4602 4770 5178 5371 5405 6107 7175 7655 7657 7999
5261 702 923 1950 2014 2185 2631 3158 3159 3775 4241 4245 4907 5543 5889 6327 6342 7243 7311 7377 7603 7947
5262 343 350 831 924 1651 1704 1708 2577 2818 3016 4264 4412 4956 4994 5312 5981 6490 7195 7728
5263 144 575 893 1615 1783 2413 2526 2546 3196 3883 4318 4631 5097 5171 5373 5474 5791 6246 7784 7793
5264 2065 2073 2227 3425 3948 4355 4489 4555 4709 4980 5208 5735 6235 6463 6882 7147 7223
5265 312 1186 1596 1642 2460 3479 3848 4405 4411 4682 4714 5147 5247 5769 5870 6001 6243 7055 7454
5266 202 675 1227 1939 2333 2361 2639 2725 2928 3286 3819 3823 3887 4040 4071 4154 4176 4536 4913 6005 6014 7642 7804 7862
5267 432 1345 1403 1856 2696 2741 2867 4983 6171 6852 6911 7444 7769
5268 939 1182 1211 1464 1610 1783 2095 2360 2381 2716 3024 3174 3238 3400 3539 3710 4018 4378 4653 4691 5224 5348 6156 6239 6262 6698
5269 273 481 973 2187 2541 2696 3218 3440 3567 3981 3988 4219 4401 4647 5083 5564 5663 6665 6779 7257 7603 7661 7970
5270 29 224 380 1021 1554 1633 1777 2463 2471 3512 3569 5223 5442 5477 6335 6551 6968
5271 215 800 1104 1238 1239 1374 2219 2625 3091 4137 5429 5761 5834 6034 7062 7213 7954
5272 55 1241 1292 2176 2223 2631 2665 3318 3344 5085 5186 7485 7644 7651
5273 130 445 725 841 1009 1610 1717 2176 2416 3280 3281 3366 4548 4603 5212 5987 6087 6634 6867 6894 7382
5274 757 1150 1697 1894 1952 2274 3250 3503 3806 3972 4021 4162 4253 4508 4693 4869 5026 5674 5841 6245 6761 7708 7745
5275 539 1070 1166 1463 1818 1949 2066 2312 2418 2969 3943 4103 5573 5638 5963 6546 6693 6963 7023 7676
5276 454 830 1167 1924 3330 3880 4004 4024 4392 4407 5136 5158 5655 6076 6421 7527 7625 7799 7851
5277 185 383 826 1044 1270 2899 3362 3462 5355 5709 5830 6002 6151 6523 6705 6998 7080 7417 7597 7903
5278 429 470 795 967 1066 1838 2026 2067 2311 2343 2688 3864 4284 5576 5582 5677 6919 7411
5279 151 191 273 918 2777 2807 2864 3266 3423 4024 4029 4083 5614 6104 6796 7260 7597
5280 436 801 1195 1969 2593 2714 3012 3459 3635 5017 5451 5905 6251 6291 6394 6411 6779
5281 1 233 1073 2234 3621 4452 4654 4733 4874 5131 5543 5892 6513 7007 7298 7475 7565 7842
5282 301 404 426 478 819 945 1363 1616 1914 2596 2757 3078 3085 3517 3738 3775 3952 4281 4775 4922 5535 5922 6129 6476 6898 7300 7399 7507 7512 7567 7905
5283 730 1427 1890 2244 2256 3398 3885 5107 5177 5403 5689 5697 6211 7845
5284 303 1002 1096 1356 1382 2634 2937 2966 3030 3650 4960 5791 5968 6236 7273 7416
5285 329 1308 1473 1955 1959 2446 2598 3445 3538 3713 3899 4978 5323 5338 6090 6122 6393 7504
5286 946 1532 1682 1842 2062 2686 2939 3363 4188 4917 5708 5733 6198 6750 6759 6836 6892 7199 7761
5287 136 678 723 1236 1322 1414 1591 2856 2901 2999 3319 3724 4029 4118 4342 4896 5080 5335 5619 5851 6609 6831 7051 7554 7571 7788 7912 7978
5288 1247 1506 1522 1757 1924 2124 3157 3250 3304 3374 4001 4218 4553 4921 5374 6245 6825 6986 7611
5289 10 251 464 1141 1143 1163 1177 1564 1894 1960 2845 2998 3801 4242 4759 6013 6052 7809 7994
5290 13 953 1149 1628 1837 2755 2804 3051 3418 4632 5159 5379 5940 6664 6972 6976 7890
5291 442 524 1117 1374 1631 2131 2630 3558 3849 4747 6066 6244 6438 6994 7435 7850
5292 16 26 839 1208 1700 2383 3019 3157 3630 4078 4199 5521 5637 6619 7290 7784
5293 116 586 1079 1447 2247 3531 3556 3961 4048 4103 4258 4264 4355 4703 5519 5731 5907 5987 6126 6229 6694 6804 6858 7062 7558 7696
5294 299 392 1743 2394 2959 3083 3126 3290 5423 5594 5691 5816 6081 6621 6822 6913 7185 7374 7687
5295 705 1226 1376 1861 2018 2209 2409 3126 3371 3821 3831 3972 4515 5348 5742 6824 6912 6993 7058
5296 187 1148 1214 1827 2173 2209 3353 3969 4018 4057 4285 4766 5183 5526 5538 5573 5595 6235 6388 7292 7475 7483 7588 7734
5297 38 127 514 553 749 895 896 980 1148 1897 2592 2704 3153 3459 4273 4369 4605 4878 6491 6996 7438 7457 7838 7932
5298 270 867 1911 2742 3225 4007 4062 4090 4168 5593 6246 7577 7833
5299 231 533 2021 2211 2746 2993 3005 3186 3841 5995 6440 6528 7067 7111 7324 7889
5300 564 1542 2643 3449 3477 3582 4012 4312 4684 4846 4921 5405 5424 5883 6026 6901 7309 7555 7905
5301 1 202 545 656 1690 2028 3277 3520 3734 4245 4383 4470 5030 5313 5476 5547 5704 6249 7540
5302 878 1391 1437 2595 3492 3992 4138 4273 4621 4773 5186 6430 7577 7845
5303 442 515 877 1526 1577 1775 1779 2103 2804 2992 3204 3472 3556 3614 4170 4261 4694 4965 5333 5462 6243 6458 6501 7181
5304 47 146 182 245 1090 1249 1276 1697 1921 2017 2281 2522 2557 2602 3480 4537 4647 4905 5662 5666 5830 6364 6391 6621 6672 7472
5305 69 160 400 607 1241 2582 2924 3642 3648 4221 4360 4486 4652 5679 6078 6085 6114 6201 6686 6701 7500 7793
5306 665 670 1453 1536 2250 2506 2631 2649 2666 2879 3273 3846 4232 5522 5733 6185 6698 6768 6823 7141 7579 7978
5307 116 554 1566 2497 3846 4432 4707 5820 5859 6129 6386 6946 7734 7955
5308 626 802 2390 2619 2706 2976 3513 5104 5540 5773 6538 6604 6883
5309 106 158 990 1449 1711 2183 2218 2429 2765 2926 3151 4639 5773 5796 6049 6522 7739
5310 415 788 1085 1919 2405 2751 3194 4207 5523 5672 5699 6345 6466 6858 7165
5311 33 1015 1839 2430 3222 3416 3748 4089 4346 5389
5312 248 539 561 575 2168 3263 4033 4257 4812 4875 5262 5551 5864 6806 7324 7885
5313 598 611 1466 1714 1932 2247 2628 2830 3010 4640 4903 5183 5301 5717 5827 5844 6497 7174 7187 7313 7416
5314 56 468 1289 1502 1676 1927 2086 2139 3347 3468 3749 3755 4008 4800 6021 6186 6817 7088
5315 8 895 987 1158 1752 3351 3410 3421 3488 3708 3851 4016 4371 4474 4493 4821 5912 6197 6764 6800 6975 7644 7939
5316 412 898 964 1024 1349 1806 1924 2577 3041 3104 3313 3641 3642 3681 4383 5324 5636 5932 5938 6455 6785 7173 7868 7870 7965
5317 245 295 316 578 945 1410 1457 1555 1986 2071 3154 3264 3629 3695 3834 3875 3981 4663 4674 4900 4939 5738 5816 6192 6547 6811 7025 7607
5318 316 993 2976 3776 3817 4643 4659 4957 5050 5216 5584 6246 6271 6546 6754 6973 7116 7563 7695 7740
5319 0 263 538 1205 1211 1366 1553 2163 4033 4596 4650 4792 5649 5804 6202 6434 6561 6730 7201
5320 450 975 988 1553 2503 3565 3576 3859 4290 4894 5338 5377 5869 6276 6483 6876 6997 7238 7352 7719
5321 68 597 1436 1739 2071 2249 2416 2497 2901 2912 3378 3500 4596 5428 6009 6265 6340 6375 6960 7446 7765 7825
5322 225 308 616 982 1027 1198 2154 4873 5219 6126 6660 6672 6761 7090 7457 7975
5323 110 128 363 950 1113 1195 1630 2311 2360 3369 4500 5017 5285 5580 7616
5324 188 613 741 1101 1501 2235 2323 2365 2680 3130 3716 3719 4209 4369 4511 5316 5812 6066 6334 6508 6652 6817 7418
5325 88 187 236 485 692 758 1360 1370 1436 1713 3746 4383 4527 5854 5861 6614 6950 6966 7070 7328 7509
5326 121 340 387 1115 1363 1423 1929 3058 3130 3157 3998 4021 4092 4642 4723 4906 5190 5566 6348 6469 6623 6931 7169 7820 7852
5327 17 619 726 1155 1634 1663 1825 3390 3558 3571 3929 3994 4603 4724 5019 5020 5159 6221 6223 6225 6351 6922 7953
5328 664 1260 1741 1787 1875 2634 2713 3060 3323 4956 5236 5726 6230 6797 7374 7517
5329 230 553 990 1548 1554 2202 2633 2768 4017 4470 5993 6217 6230 6330 6436 7075 7083 7084 7166 7323
5330 853 890 1520 1531 1785 1846 1855 2257 2672 2722 3177 4014 4476 4637 4855 4921 5731 5778 6345 6586 7376 7503 7598
5331 25 74 444 1268 2097 2695 2806 3661 5062 5258 5443 5514 7141 7367 7479 7914 7990
5332 82 129 985 994 1249 1446 1585 1632 2090 2243 3131 3408 3483 3741 3858 4737 5165 6279 7497 7581 7636 7761
5333 340 562 1059 1489 1633 1751 1886 1998 2521 3072 3699 3736 4092 4224 4413 4459 5303 5695 6131 6138
5334 131 183 1272 1386 1827 2280 2996 3872 4162 4341 4827 5210 6435 7460 7525 7903
5335 921 997 1172 1188 1383 1783 1794 1980 2124 2485 3330 3449 3506 4179 4616 4747 4820 4926 4951 5103 5157 5287 6304 6884 7004 7029 7538
5336 499 901 1470 1849 1935 2010 2220 2286 2803 2962 3408 3612 3694 3850 4967 5549 5672 5809 6081 6883 7063 7122 7369 7897 7958
5337 35 522 1186 1850 2348 2560 2997 3359 3590 4207 4594 5464 6134 6408 6416 6747 6988 7422 7462 7475 7888 7999
5338 491 1421 1984 2197 2288 2563 2656 3053 3788 3962 5285 5320 5853 6152 6312 6995 7193 7381
5339 120 195 629 1199 1537 1613 2053 2156 2165 2182 2548 3145 3716 3996 4281 5621 6578 6814 6891 7121 7234 7268 7309 7656 7858
5340 600 606 2923 3193 3361 3575 4053 4414 4980 5066 7648 7920 7956
5341 415 513 732 1468 1499 1609 2142 2901 3081 3626 4319 4694 4850 4964 6229 6278 6364
5342 260 378 643 998 1030 1640 1735 1747 2038 2680 3438 3625 3871 4252 4675 5013 5106 5663 5837 5846 5878 6300 6324 6384 6427 7089 7173 7259
5343 309 541 646 780 1046 1262 1741 2566 3347 3403 3606 3812 3825 4732 4909 5160 5201 5256 6541 6966 7808
5344 286 341 512 1554 2679 3359 3987 4345 4435 4816 5643 6832 7111 7227 7344 7387 7900
5345 340 412 419 1952 2343 2956 4132 4279 4295 5871 6125 7007 7292
5346 61 296 1371 1425 2292 3516 3733 3987 4673 5030 5973 6136 6879 7004 7114 7766 7836
5347 2 17 396 2383 3183 3219 3971 3978 4723 5387 5910 6218 6499
5348 75 611 655 1196 1252 1321 2300 2955 2956 3024 3485 3996 4350 5085 5268 5295 5537 6209 6422 6674 6915 6961 6978 7567 7596 7789
5349 116 133 756 1319 1449 1585 1599 1881 3217 3349 3945 4163 4280 5083 5581 6529 6798 7815 7878
5350 2042 2104 2844 2879 3086 3390 3950 4660 5422 5460 6059 6171 6636 6971 7274 7366 7939
5351 191 1044 1873 2088 2180 2961 2995 3020 3663 3672 4190 4648 5161 5617 5734 6125 6365 6824 6859
5352 620 692 1578 1677 1702 2267 2292 2559 2865 3737 5649 5743 6359 6541 7224 7276 7557
5353 344 904 1620 2022 2043 2773 2855 3748 6454 6826 7484 7719 7793 7821
5354 84 239 1090 1146 1261 1263 1439 1596 1652 1818 2306 3846 3938 4293 4800 4842 5078 5827 5897 6568 6643 6767 7169 7745
5355 311 420 590 619 974 1897 2853 3215 3366 3559 4000 4940 5134 5277 5945 6195 6773 6940 7314 7525
5356 235 512 585 835 1142 1345 2400 2644 2769 2801 2824 3365 3655 4431 5019 5849 5997 6478 6614 7694
5357 917 1446 2099 2318 2832 2920 3428 3797 3816 4596 4719 5032 6576 6719 6863 7422 7572 7899
5358 142 2169 2551 2877 3233 3770 3814 4166 4239 4413 4424 4618 4856 5615 6002 6514 6540 6834 6988 7159 7200
5359 1230 1565 2444 2480 2624 2796 2918 3288 3663 3803 3880 5237 6636 6828 6863 7115 7184 7455
5360 158 177 372 931 979 1179 1427 1472 1718 1840 1905 2129 2253 2260 2593 2633 2817 2985 3285 3447 3555 4530 4713 4845 4943 5929 6973 7259 7310
5361 8 155 181 344 1105 1125 1195 1831 1843 2094 2260 2429 3177 3626 3905 3991 5117 6057 6063 6179 6352 6512 6656 6954 7151 7318 7556 7634
5362 14 1628 1805 1905 2053 3260 3505 4111 4286 4367 4507 4851 5180 5216 6833 6977 7174 7225 7379 7541 7844 7846
5363 580 738 774 979 1184 1368 1865 2206 2691 4064 4365 4699 5258 5555 5835 5939 6255 6798 7178 7490 7961
5364 163 943 1200 1602 1786 2637 2832 3319 4327 4861 5159 5628 6769 7279
5365 293 579 1350 1409 2458 2542 2778 3137 3694 3909 4149 4273 4471 4479 4850 6019 6117 7678 7690 7815
5366 647 830 896 1181 1400 2692 3473 3977 4214 4719 4843 4872 5048 5061 5254 5573 6247 6546 6852 7085 7152 7317
5367 113 312 378 663 725 1169 1402 1638 1932 2120 3808 4852 5536 6395 7098 7250 7582 7663 7664 7721
5368 1190 1239 2070 2310 2857 3024 3822 3898 4167 4361 4469 4531 4852 5023 5233 5736 5739 6514 6546 7860
5369 10 134 397 1020 1123 2636 2639 3057 3606 4367 4851 5006 5114 5118 5695 6283 6653 7837
5370 66 99 808 831 1446 1868 2400 2437 2633 3216 3356 3836 4596 5235 5243 5421 5593 6436 6618 6906 7123 7174 7517 7940
5371 692 2318 2370 3114 3555 4597 4788 5260 5507 5596 5859 6579 7121 7169 7475
5372 2325 3108 3262 4251 4501 4515 4682 4819 5545 5814 5977 7193 7589 7607 7889
5373 647 761 1087 1961 2304 2894 3083 3715 3803 4517 4559 4761 4917 5263 5580 6631 6838 6858 6885 7246 7975
5374 257 439 633 805 1096 1176 1238 1601 1762 2766 5162 5288 6135 7410 7522 7751 7771
5375 76 535 1749 1926 2638 2665 2978 3195 3439 3588 3892 4780 5043 5414 6344 6465 7363 7919
5376 552 1021 1240 1355 2249 2330 4865 5099 5516 6705 6718 6732 7164 7439 7795 7988
5377 60 1023 1040 1693 1875 2686 2702 2856 2860 3362 3400 3637 3949 4939 5320 5410 5540 6648 7589 7720 7914
5378 1120 1430 1714 1740 1946 2230 2330 2852 3216 3267 3721 4167 4371 4437 4620 4758 4777 5756 6298 6679 7074 7424 7913 7971
5379 284 296 470 797 1982 2231 2352 2623 3597 3673 4448 4567 5030 5290 5780 6236 6947 7275 7374
5380 414 438 709 712 900 952 993 2024 2057 2872 3839 4265 4405 4719 4958 5400 6116 7154 7737 7835 7847
5381 447 1275 3686 3753 3807 4087 4903 5452 5767 6071 6825 7330 7998
5382 504 658 757 2129 3181 3469 4787 4855 5131 6652 7649
5383 1039 1224 2631 3707 3830 4579 5089 5733 5988 6107 7471
5384 501 1318 2363 2878 3571 4050 4117 4369 5637 5694 5802 6258 6769 6886 7120 7508 7529 7569 7661 7765 7815 7954
5385 77 897 981 1643 2275 3407 3616 4129 4248 4438 4514 5834 6270 6422 6636 6901
5386 382 530 749 2246 2287 2371 2400 3006 3636 4425 4525 4579 5036 5149 6094 6161 6912 7566 7726 7980
5387 332 342 512 1169 1176 1475 1512 1573 1855 3179 3231 3604 3698 3977 3989 4020 4029 4079 4192 4457 4741 5347 5979 6740 6889 7839
5388 1395 2474 3681 4568 5815 6165 6511 6706 7527 7553 7751 7925
5389 123 481 939 986 1013 1246 1436 1522 1927 1964 2178 2650 2951 3071 3150 3163 4437 4457 5097 5311 5742 6351 6921 7043 7078 7138 7338 7946 7971
5390 1317 1606 2622 3314 3342 3394 3564 4342 4928 5249 6535 6888 7108 7885
5391 799 901 1516 1969 2119 2558 2602 2803 3664 3750 3811 4063 4300 4718 4776 4862 5848 5857 6202 6236 6450 7084
5392 34 245 271 308 702 1165 1410 1540 2189 2675 3434 3443 4107 4725 5025 5723 6070 6517 6548 6565 6976 7292 7576
5393 1105 1450 1675 2617 3996 4293 4883 5043 6163 6709 7588
5394 693 759 822 844 996 1836 1895 1928 2422 3207 3796 4270 4607 4662 5087 5115 6400 6402 6492 6630 6634 6869 7320
5395 967 991 1701 1758 2139 2431 2568 2790 2847 3124 4216 4397 4877 4885 5924 6060 6643 6913 7945
5396 673 1095 1369 1987 2672 3002 3149 3344 3433 4032 4636 5576 5618 6486 6615 6913 7276 7813 7952
5397 129 138 706 885 1321 1426 2715 2954 3067 3273 3632 3771 3774 4231 5898 6559 6864 7127 7257 7802 7964
5398 50 1506 1589 2709 5402 5480 5764 6560 6603 6611 6638 7526
5399 132 575 654 1369 1518 2498 2622 3184 4076 4253 4449 5447 5618 5906 6342 6531 6966 7466
5400 643 778 1146 1451 1541 1780 3026 3112 3447 3861 4237 5157 5380 5983 6245 6516 7417
5401 25 141 164 500 579 618 1783 2536 2816 4534 4667 4799 5830 6095 6462 6560
5402 58 87 989 1573 1580 1822 1831 2527 3354 3441 3765 3820 5398 5426 5763 7293 7346
5403 623 841 1895 2153 2485 2870 2921 3039 3235 3451 3463 3775 4651 4675 5183 5237 5283 5586 5715 6548 6804 6995 7517
5404 394 412 1577 1762 2027 2414 2458 2541 2655 2791 3438 4458 4500 4609 6037 7257 7324 7503
5405 117 458 2276 2284 2443 2784 3081 3492 3496 3988 4711 5260 5300 5530 5947 6376 6927 7149
5406 514 566 640 1378 1589 1724 1931 2607 2764 2910 3068 3137 4057 4168 4877 6321 6559 7005 7047 7314 7828
5407 830 1120 1831 2022 2428 3025 4447 4762 4912 5635 5654 5751 5798 5978 6128 6174 6742 7941
5408 528 560 637 1480 1510 1791 1854 2555 2590 4108 4712 5123 5600 5876 5902 6814 7085 7840 7986
5409 905 937 1339 2279 2525 2700 2991 3277 3348 5056 5161 5668 5838 6295 7152 7600
5410 1326 1355 1772 2112 2266 3786 5377 5684 5697 6043 6830 6865 6985 7334 7638
5411 115 201 256 478 559 626 627 869 1075 1852 1969 3350 3809 3943 4341 5030 5470 5882 5996 6701 6732 7155 7452 7487 7811
5412 97 260 743 1301 1582 2618 2627 2838 3342 3619 4079 4403 4642 4759 5535 5650 5916 6481 6634 6706 7305
5413 353 485 639 703 840 916 1988 2276 2348 2574 2806 3324 3372 3770 4485 4939 5005 5252 5696 5732 5743 6151 6491 6739 6987 7688
5414 361 575 591 872 920 1042 1885 1906 2834 3099 3167 3280 4551 4789 4986 5375 6080 6187 6501 7052 7166 7859
5415 305 416 648 738 901 1434 1631 1694 2104 2232 2839 3001 4713 5594 5719 6113 6233 6993 7508 7843
5416 510 730 842 952 1098 1600 1741 1765 2195 2478 3021 3576 3899 4029 4369 5625 6031 6496 6884 7154 7560 7702
5417 284 342 2404 3261 3498 3500 3796 4190 4584 4641 4898 5194 5521 6156 6279 7029 7383 7434 7693 7759 7870
5418 528 962 1496 1603 1809 2318 2373 2507 2565 2661 2767 3331 4008 4184 4698 6038 6289 6588 6977 7438 7896
5419 348 481 704 1306 1378 1484 1765 1892 2603 3124 3429 3875 3924 4327 4652 4784 5190 6555 6637 7038 7302 7779
5420 935 1120 1332 1713 2538 3375 3380 3723 5189 5196 5979 6345 6434 6783 6822 6842 7081 7113 7477 7832
5421 405 411 737 1458 1961 2176 2217 2338 2984 3385 3874 3895 3955 4284 4834 5370 5682 5948 6635 6840 7585 7613
5422 31 822 936 1356 2275 2367 3223 3749 3953 4648 4929 5350 5660 6236 6348 7952
5423 588 1147 1168 1784 3078 3979 4337 5181 5294 5620 5804 5989 6346 6535 7115 7733
5424 819 976 1021 1228 2133 2372 2420 2421 2474 2739 2769 2915 3002 3342 3997 4710 4872 4928 5062 5300 5838 5894 6272 6277 6889 6961 7356
5425 1432 1667 1747 1874 2125 2572 2591 3095 3599 3722 4300 4808 5191 5231 5596 6622 7052 7302 7556 7675
5426 438 618 920 1463 2903 2911 4203 5139 5402 5615 6660 6841 6869 6988
5427 170 679 810 1217 1807 2583 2792 2958 3243 3894 4482 5074 6009 6162 6698 6990 7124 7214 7292 7648
5428 302 601 661 899 1059 1108 1742 2732 3151 3159 3340 5321 5742 6596 6959 7172
5429 371 1619 1632 1691 1824 2019 2771 2890 3033 4316 4497 4753 5080 5198 5271 5919 5988 6219 6331 6578 6702 6789 7417 7728
5430 259 850 1092 1888 1901 2379 4470 7475
5431 703 969 987 1515 2605 2663 3360 3836 4003 4688 5683 6415 7132 7877
5432 38 247 1284 1412 1558 1693 1944 1980 2767 3309 3514 4046 5017 5514 5823 6907 6944 7078 7702 7807
5433 2001 2813 3290 3590 3715 3814 3964 4067 4709 4809 5027 6154 6191
5434 153 194 454 3825 4577 5915 6135 6178 6537 6552 6614 7151 7896
5435 41 920 1177 1644 3552 4438 4791 6241 6270 7345 7818
5436 1175 1567 2528 2913 2959 3427 4158 4325 4686 4906 5010 5879 5964 6199 6398 6937 7100 7266 7390 7532 7579
5437 241 314 377 1231 1714 3141 3410 3593 3598 4136 6239 6750 7644 7761
5438 375 1590 1677 2252 2633 2905 3149 4047 5030 5168 5194 5928 5941 6347 6364 7091 7412 7960
5439 173 812 819 1192 1299 1716 2373 3350 3720 3883 4241 4409 4573 5484 5716 6204 6372 6952 7008 7020 7545 7979
5440 104 990 1303 1400 1414 1416 1526 1657 1679 2065 2412 2764 2950 3318 5458 5811 5848 6028 6698 7465 7505 7670 7699
5441 244 571 980 1001 1247 1260 1759 1922 2100 2855 3750 4066 4106 4625 4883 6658 6673 7108 7265 7755 7833
5442 605 868 1187 1582 1687 1836 2192 2224 2377 3095 3152 4601 4658 4802 5015 5051 5073 5270 6435 7519 7559 7572 7586
5443 237 495 1019 1341 1469 2172 2462 3618 4238 4371 4731 4767 5331 6091 6482 6887 7207
5444 219 510 1000 1325 2072 2970 3642 4055 4071 4177 4299 4305 4978 5152 5156 5524 5716 6731 7484 7724
5445 109 457 671 1038 1118 1130 3287 3323 3356 3974 4066 4958 5902 6114 6449 6848 7231 7742
5446 357 716 1031 1234 1618 2301 2452 2571 2750 3036 3341 3454 3578 3665 3675 4266 4796 4863 5888 6094 6203 6847 7774
5447 669 799 1355 2105 2217 3033 3217 5399 6680 6813 6982 7458 7526 7647 7751 7980
5448 2 103 193 364 718 1974 2393 2533 2929 3095 3634 4102 4629 4999 5000 5080 5093 5141 6875 6942 7284 7607
5449 83 220 497 1884 2971 3123 4179 4220 4918 5548 6389 7019 7327 7760
5450 520 1138 1969 2047 2088 2156 2209 2410 2417 2645 2853 4244 4616 5690 5890 6224 6895 7472 7950
5451 243 2228 2558 4197 4607 4718 4827 5075 5280 7118
5452 65 413 591 1633 1784 1805 2221 2511 2571 3382 4376 4446 4950 5206 5381 6436 6602 6912 7393
5453 208 273 450 931 1092 1313 1358 1677 2901 2922 4057 5228 6069 6083 6783 7129 7725
5454 52 363 465 814 952 1119 1163 1335 1345 1428 1479 1561 1580 1858 1919 2236 3664 4150 4443 4728 5035 5160 5525 5869 6314 6630 7173 7290 7369 7383 7928
5455 96 671 722 1506 2395 3289 3362 3640 3886 3928 3943 4040 4255 4362 4531 4770 4950 4962 5886 6177 6532 6559 6708 7311 7528 7628
5456 291 742 2053 2882 3149 3714 4130 4284 4619 4646 4757 4777 5888 6063 6508 6528 6584 6625 6877 7018 7346 7361 7408
5457 466 927 1707 1784 2252 2841 3267 3303 3403 3557 3642 3940 4786 4787 4990 5082 5548 6357 7414 7554 7792
5458 572 684 1056 1784 2539 3181 3272 3503 4660 4694 4807 4911 4922 5440 6063 6367 6376 6421 7534
5459 776 948 1701 2000 2025 2233 2468 2963 3000 3023 3197 3300 3425 3448 3761 4072 4210 4365 4812 4881 4910 5764 6102 6704 7970
5460 263 815 1216 1291 1676 2006 2456 2698 3497 3739 3790 4036 4089 4774 5350 6286 6657 7188 7592
5461 123 304 1568 2155 2388 3397 3529 3770 4009 4157 5613 6006 6032 6784 7119 7753
5462 1148 1228 1473 1621 1787 2964 3258 5303 5517 5760 6056 6230 6368 6480 6775 6803 7859
5463 594 1674 3339 3639 3697 4028 4354 6592 6669 6786 7046 7800
5464 173 230 478 567 706 974 1007 1749 3421 3751 4211 4626 5129 5337 5665 5796 5932 5964 6512 7056 7134 7186 7370 7471 7513
5465 27 225 533 623 675 1788 2117 2979 3573 4560 4994 5771 5810 6056 6279 6878 7099 7516
5466 138 566 582 642 1517 1994 2024 2340 2372 2641 2962 3033 3814 3916 4681 6289 6448 7054 7672 7855
5467 2927 3020 3490 3497 5188 5636 5709 6951 7337 7489 7691
5468 1197 1424 1471 2611 2920 3310 3581 4181 4318 5473 5697 5759 6045 7385
5469 32 125 831 1152 1232 1913 2112 2396 2543 2671 3741 4060 4769 5211 5744 6254 6681 7281 7573 7761 7771
5470 211 920 1816 3557 5214 5411 5995 6021 6176 6575 6633
5471 254 274 535 669 942 1281 1304 1340 2373 2951 3406 3661 3847 3904 4149 4257 5680 6722 6871 6998 7885
5472 133 359 520 1563 1640 1748 2466 2566 3073 3127 3766 3819 3911 4065 4080 4347 4460 4863 5125 5648 6363 6585 7465
5473 133 235 382 554 589 694 922 1320 1951 2149 2494 2771 2849 2885 3027 3809 3879 5043 5198 5468 5753 6762 7172 7347 7858 7927
5474 692 771 794 1105 1365 1846 2522 3172 3882 4706 5263 5699 6161 6169 6382 6463 6851
5475 555 678 713 1393 1816 1944 2166 3177 3360 3587 4418 4942 5174 5538 5680 5747 6008 6299 7076
5476 481 861 1582 2736 3123 3162 3710 3874 3973 4207 4283 5199 5301 6702 7144 7245 7542 7803
5477 402 754 1039 1448 1775 1837 2636 4321 4803 5270 5895 5988 6586 6968 7617
5478 444 3131 3208 4758 5169 5623 6085
5479 243 504 649 2056 3215 3420 3445 3750 3921 4325 4554 5703 5979 6464
5480 103 342 815 988 1262 1454 1569 2005 2023 2317 2671 2760 2883 2923 3338 3365 3880 4325 4672 5398 5580 5659 6543 6798 7039 7164
5481 524 670 872 936 947 1163 1338 1700 1939 2315 2320 4157 4503 4621 4677 6097 6342 7019 7397 7427
5482 78 85 132 539 804 896 1163 3006 3040 3198 3602 3645 3674 4186 5574 5801 6243 6734 6874 7071 7557 7974
5483 553 572 1412 2262 3040 3293 3963 5022 5156 5172 6841 6987 7356 7642 7912 7966
5484 583 1193 1899 1946 2953 3021 3309 3655 3972 4706 4746 5439 5507 5836 5938 6389 6787 7433
5485 343 453 455 1767 2059 2160 2227 2659 3365 4116 4697 5534 5563 5667 5677 6109 6442 6896 7665
5486 560 791 1862 2407 3444 3482 3541 3864 4214 4472 5753 6214 6229 6288
5487 215 1613 1781 1823 2259 2560 2725 3182 3218 3583 4045 4431 4466 4684 4846 5742
5488 80 337 1032 1046 1267 1281 1796 2578 2900 3949 4490 4977 5145 5924 6120 6370 6557 6766 6905 7506 7614 7710 7961
5489 272 2154 2331 3508 3643 5860 5928 6085 6364 6548 6820 7563 7846
5490 225 871 1204 1401 2020 3108 3822 4222 4398 4449 5506 5722 6358 7347 7584
5491 227 277 1053 1057 1060 1233 1710 2120 2345 2755 3191 3523 4394 4655 6257 7417 7418 7510 7597
5492 69 411 1452 1506 1552 2492 3301 3815 3939 3953 4170 4585 4629 4658 6709 6747 6979 7298 7440
5493 171 455 1569 1863 1945 2001 2710 2765 2772 3133 3165 3228 3274 3337 4037 4221 4689 5597 5749 5802 6893 7100 7246 7511 7843
5494 797 813 1256 1639 2868 3042 3230 5227 5566 5667 5752 6882 6931 7289 7499 7774 7893 7945
5495 166 186 653 3119 3599 3653 4623 5770 6276 7391 7394 7525
5496 19 55 119 215 759 976 1044 1101 1212 1886 2058 2234 2417 3372 4178 4374 4505 4583 4723 4736 4745 5093 5661 7003 7385 7573
5497 27 301 778 1556 1644 1834 2100 2285 3060 4330 4361 4878 6721 7028 7532
5498 161 180 242 495 1285 1416 3042 3267 4095 4416 4736 5191 5544 6512 7372 7520 7763
5499 203 1255 1523 2462 2559 2830 3376 3698 3914 3929 4004 4788 5198 5204 7325 7503
5500 395 533 875 1021 1479 2928 2948 3157 3835 3904 3982 4225 4795 4998 5043 6860 7297 7352 7601 7816 7845
5501 227 332 658 677 825 1823 1833 3015 3075 3396 3410 4011 4100 4273 5085 5186 5735 6149 6160 6406 7763
5502 352 514 743 1475 1928 2070 2192 2375 2498 3287 4023 5120 5966 6201 6698 6811 7270 7549
5503 259 318 587 819 832 1457 1639 1814 1986 2337 2561 2591 3146 3962 3999 4279 4285 4396 5832 5953 6303 7928
5504 60 246 594 733 1096 1919 2399 2530 3196 3491 4381 4443 4677 5827 5865 6042 6645 6939 7466 7617
5505 187 194 640 909 1538 2560 2754 3287 3437 3930 4956 5228 6126 7094 7757 7944
5506 920 1082 1240 1585 2142 2887 3222 3440 3899 3999 4025 4344 5221 5490 6060 6300 6542 6552 7041 7317 7324 7426 7695 7773 7965
5507 548 733 921 2171 2478 2683 2914 3209 3401 3856 4427 5371 5484 5530 5699 6380 6488 6656 7008 7082 7447 7925
5508 166 817 903 1151 1223 1491 2322 2432 2963 3940 4177 5245 5757 5759 6080 6625 7072 7138 7638
5509 235 668 1213 1443 1701 1976 2412 2675 2842 3227 3541 4773 5138 5588 5667 6086 6129 6462 6544 6985 7020 7028 7043 7549 7732 7915
5510 111 181 616 1029 1905 2213 2651 2829 3044 3540 4049 4500 4888 5088 5091 5779 5785 6246 7153 7405
5511 1382 1613 1678 1982 2458 2818 3182 3229 3555 4350 4604 4686 4921 5208 5228 5825 6020 6665 6791 6983 7517 7644 7778 7831 7871 7988
5512 294 1390 2358 2446 2578 2611 2838 3134 3149 3297 3692 4121 4624 4649 4937 5699 6078 6459 7912
5513 1016 1898 2464 2495 2679 3200 3245 3881 4002 4642 4656 4851 5574 7395
5514 539 819 985 1073 1118 1523 2861 2915 3652 4087 5331 5432 5865 6244 6295 7754 7957
5515 234 973 1269 1449 2038 2184 2628 2689 3437 3624 4127 4265 4589 4836 4872 5070 5809 6033 6997 7120 7730 7769 7838
5516 451 514 692 1052 1277 1984 1992 2218 2537 2700 3314 3831 4202 4222 4251 4471 4508 5142 5376 5667 5718 6141 6353 6725 6850 7690 7800
5517 36 253 521 1090 1559 2259 2305 2377 2664 2799 3227 3935 3966 4129 4137 5462 5557 6029 6674 7708 7870
5518 678 707 782 1148 1882 1967 3910 4258 4616 4768 4793 4908 5920 6505 6637 6662 7067 7217 7265 7996
5519 565 944 1843 1863 2305 2408 2409 2723 2867 3065 3161 3340 3546 4592 4688 4952 5220 5293 5751 6085 6237
5520 160 292 916 996 1220 1284 1882 1891 1972 2001 2197 3021 3402 3765 3827 5786 6144 6601 6864 6898 7104 7105 7292 7357 7475 7535 7720
5521 23 76 597 770 989 1004 1091 1092 2922 3069 3854 3940 4291 4493 5292 5417 5629 6116 6155 6544 7270 7897
5522 498 668 717 1232 1433 1440 1909 1916 1963 2232 2375 3057 3602 3888 4403 5209 5306 5948 5989 6181 7057
5523 640 822 836 905 978 1014 1067 1562 1799 2069 2823 2876 3769 4122 4518 4632 5100 5310 5761 6310 6752 7120 7718 7725
5524 734 766 797 1204 1269 1535 1982 1985 2096 2651 2789 3582 3975 4186 5444 5574 5607 5791 5804 6059 6942 7349 7359 7963
5525 259 627 690 746 797 1874 2193 2604 3339 3801 3881 4965 5454 5793 6730 6829 7579 7818
5526 144 289 793 2043 2533 2889 3229 4110 4241 4572 4712 5212 5296 5732 6011 6323 6656 7107 7401
5527 182 251 299 900 912 2596 2754 3150 3226 3598 3755 4425 4716 4717 4919 5020 5878 6213 6683 7750 7957
5528 294 1045 1948 1965 2000 2245 2716 3047 3338 3396 3827 5083 5659 6123 6153 6441 7392 7462 7547 7756 7914
5529 563 648 674 1014 1808 2324 2352 3145 6012 6383 7141
5530 567 892 1750 2112 3054 3153 3576 3618 3953 4566 4716 4727 5064 5405 5507 6698 6760 7389 7877
5531 57 1009 1034 1329 2398 2407 2842 3302 4329 4413 4572 4828 5675 6241 6630 6780 6967 7516 7709
5532 1380 1878 2075 2418 3056 4328 4358 4788 4933 6629
5533 375 405 671 728 949 2028 2244 3593 4486 5117 5154 5213 6021 6174 6944 7203 7395 7811 7854
5534 185 314 467 784 1164 1350 1542 1561 1590 1856 2267 2526 2939 3591 4801 5485 6109 6162 6344 6466 6727 6999
5535 818 1140 1695 2287 2747 2788 4416 4821 5120 5282 5412 5687 5889 5920 6251 6719 6999 7251 7262 7718
5536 349 502 961 1077 1228 1802 1807 2628 4137 4174 4919 5116 5140 5189 5367 5729 7430
5537 150 1428 1630 2129 2645 2761 2802 3035 3513 3670 3700 4202 4206 4655 4919 5348 6425 6624 6823 7639 7693 7756
5538 34 1558 2404 2688 2690 2883 3273 3663 3990 4853 5296 5475 5726 6990 7040 7099
5539 934 1200 1476 2092 2190 2387 2702 2730 3121 3166 3412 3636 4012 4203 4357 4363 4670 4777 5726 6284 6689 6720
5540 516 948 971 1179 1939 2218 2520 2968 3406 3834 4071 4102 4277 4385 4722 4932 5098 5308 5377 6064 6241 6962 7120
5541 144 1191 1504 1772 2670 3013 4651 6471 6898 7099
5542 1 32 249 1921 2025 2345 2759 2921 3186 4329 5227 6612 6737 7076 7257 7952
5543 77 197 782 1802 2236 2245 2270 4092 4094 4339 4364 4384 4452 4868 4903 5261 5281 6019 6501 6722 6737 6839 7170 7859 7970
5544 109 415 877 1375 1421 1620 1951 2378 3249 5498 6187 6706 7412 7552 7589 7717
5545 131 226 613 1241 1320 1721 1943 1980 2248 2356 2504 2628 2964 3050 3326 3524 3659 3753 5372 5738 5891 6839 6932 7047 7124 7733
5546 808 1121 1209 1229 1637 2289 2709 3080 3255 4174 4399 6871 7165 7340 7841 7915
5547 29 740 821 1860 2381 2955 3210 3564 3842 3850 5301 5714 6754 6875 7400 7654 7810 7960
5548 988 1050 1127 2241 2324 2651 2696 2815 2906 4359 4849 4926 5227 5238 5449 5457 6334 6648 6681 7363 7529 7685 7893
5549 542 629 961 1004 1708 2624 2951 3992 3994 4114 4402 4470 4709 4737 4923 5336 6920 7405 7697
5550 601 757 862 1042 1892 2153 2335 2341 2644 3240 3739 4182 4555 4795 4858 4990 5035 5127 5737 6299 6480 6573 6676 6827 7788 7911
5551 65 689 1762 1865 2400 3010 3082 3113 3989 4797 5184 5312 6561 6928 7219 7493 7938
5552 625 809 1353 1407 1896 2347 2602 3530 3551 3724 3765 3892 5590 5774 6111 6165 6253 6779 6866 6887 7974
5553 139 257 272 1034 1408 1455 2164 2262 2682 2693 2697 2831 3096 3175 3289 3317 4333 4345 4664 4857 5112 5934 6498 6706 7351 7847
5554 344 346 520 702 818 835 1095 2153 2426 2687 2911 3251 3863 4207 4251 5113 5195 5745 5762 6587 7136 7184 7521 7591
5555 432 524 1353 1614 1841 2541 3836 5363 5771 6435 6911 7547
5556 740 1662 1751 2004 2567 2641 3291 3467 3907 5715 5818 5831 6067 6465 7977 7982
5557 677 979 1224 2947 3459 3603 4059 4604 4700 4768 5517 6214 6652 7502 7592 7793 7839
5558 7 100 341 525 728 742 1664 2108 2523 2788 2811 3594 4340 4608 4923 6006 6519 7468
5559 81 608 1305 1318 1701 1991 2067 2936 3153 3177 3385 3414 4072 5191 5966 6301 6704 6876 7911
5560 930 1872 1907 2482 3077 3495 3573 3670 3674 3796 4202 4550 4615 4830 5829 5850 6152 6290 6762 6982 7671
5561 352 1023 2890 5159 6817 7350 7526 7809
5562 261 686 1066 1338 1514 1868 2411 2664 2967 3649 3759 3987 4411 4683 4971 6343 6422 6647 6716 7126 7154 7219 7321
5563 144 189 345 1083 1898 4106 5485 6262 6496 7123 7607
5564 270 819 834 951 1248 1527 1937 2088 2435 2962 3353 3424 3647 3922 4939 4965 5128 5269 5566 6300 7256 7604 7996
5565 2678 2714 3020 3505 3995 4399 4654 6422 7092 7159 7632 7649
5566 273 1340 1580 1807 2029 2740 4323 4357 4751 4812 4815 5326 5494 5564 5605 5940 6039 6904 7195 7221 7790
5567 1172 1698 1905 2002 2179 2182 2209 2746 2771 3099 3742 3743 5063 5731 6019 6393 7258 7364 7598 7650 7932
5568 956 1066 1168 1184 1224 1576 1623 1821 1908 2069 2100 2703 2885 2917 2960 3001 3081 3249 3681 3689 3934 3953 3977 4244 4304 4610 4875 5224 5918 6015 6017 6337 6739 6803 6853 7758 7891
5569 111 729 1212 1255 1615 1620 1874 2511 2691 2908 3870 4141 4151 4156 4302 4579 4808 5755 6079 6785 6976 7306 7761
5570 871 1058 1136 1530 1827 3038 3831 4078 4253 4788 5178 5938 7364
5571 207 822 1172 2727 5771 6470 6490 6683 6686 7266 7457 7608
5572 552 595 1184 1469 1587 1838 1882 2104 2270 2875 2910 3244 4323 4345 4667 5135 5774 5877 6089 6140 6747 7312 7706
5573 219 355 432 507 723 1156 1629 2638 3120 4345 5136 5275 5296 5366 5969 6451 6761 6864 7361
5574 572 761 922 1202 1989 2648 3852 4214 4280 4531 4792 4980 5482 5513 5524 5929 7309
5575 267 425 632 1161 1518 2603 3049 3558 3761 4010 4097 4776 4923 5732 5799 5837 6361 6480 7078
5576 549 578 914 947 1213 1553 1739 1835 1929 2387 2512 2698 3176 3215 3260 3366 3462 3596 3840 4249 4557 4650 4817 5278 5396 5826 5942 6077 6584 6870 7884 7898
5577 87 210 503 699 1455 1651 1790 2314 2623 3439 4102 4653 6689 6777 6901 6931 7582
5578 481 484 2039 2250 3893 3995 4131 4145 4263 4825 4834 5198 5797 6371 6550 7355 7410 7631 7706
5579 94 534 690 761 829 1082 1606 1644 1935 1973 2037 2048 2524 2545 2667 2928 3431 3497 4150 4158 4606 5664 5720 6262 6566 6887
5580 1010 1016 1054 1358 1452 1474 2303 2584 2634 3215 3540 3719 3739 4049 4536 5323 5373 5480 5841 5848 6084 7794
5581 1813 2138 2495 3247 4179 4437 5349 5703 7015 7440
5582 1387 1572 1886 1939 1972 2357 2413 2632 3602 3759 3849 4310 4587 4707 5278 5691 5702 5772 5787 6100 6104 6189 6289 6312 6341 6377 6747 6840 7010 7209 7670 7958
5583 41 820 2640 2785 3003 3285 5727 6668 6781 7035 7381 7627
5584 134 215 1331 1709 2506 4496 5089 5318 5950 7544 7755 7837 7846
5585 959 1690 1857 2721 2884 2943 3278 3960 5939 5979 6219 6911 6923 7335 7474 7697
5586 701 815 1085 1256 1448 1562 2459 3524 4154 4207 4777 5180 5403 5931 6326 6427 6516 6697 7168 7217
5587 293 600 678 967 1565 1835 2287 2512 2547 3331 3550 3697 3985 4342 5725 5859 6546
5588 178 697 1087 1304 1358 2037 2458 2978 3853 4510 4973 5509 5771 5883 6123 6254 6738 7090 7226 7256 7524
5589 331 808 878 2301 2982 4039 4752 4911 5090 5864 6470 6889
5590 444 688 1321 1684 2192 2361 2745 2775 3005 3336 3923 5552 5687 6012 6047 6231 6519 7086 7090 7654
5591 687 1663 1767 1857 2188 3607 4528 5083 6081 6312 6625 6632 6713 7901
5592 326 382 668 690 1056 1095 1306 1420 1536 1806 1958 3210 3801 3838 4692 4837 5205 5763 6307 6361 6384 6545 7943
5593 282 1365 1386 1469 2406 2659 2673 2912 2937 3053 4270 5015 5109 5160 5298 5370 5642 5688 5731 5777 6821 6846 7153 7342 7756
5594 360 619 680 909 985 2535 2880 3266 3286 3356 3384 3635 3836 4156 4335 4479 4484 4785 5141 5294 5415 5840 6652 6849 7240 7913
5595 316 605 711 1137 1150 1563 2965 3096 3734 3954 4153 4572 4626 5090 5296 5690 5923 6017 6518 6708 6888 6923 6960 7218 7400 7851 7857
5596 118 248 437 1992 2108 2264 2362 2587 2594 2989 3256 3711 4701 5039 5371 5425 6479 6543 6610 7737 7929 7975
5597 87 503 635 822 1270 1368 1626 1669 2063 2285 2351 2419 2949 3017 3463 3641 4234 4644 4707 5225 5493 5873 6130 6412 6819 7294 7415 7594
5598 273 467 637 657 895 954 1243 1247 1527 1922 2277 2945 3082 3530 3942 6054 6395 7503 7713 7886 7997
5599 132 143 629 805 1242 1949 2054 2698 3180 3625 3704 4506 4841 4899 4906 4942 5095 6027 6163 7477 7771
5600 42 91 419 748 1117 1486 1513 1761 2505 2866 4058 4761 4811 5037 5408 5648 6379 6768 6786 7013 7110 7484
5601 338 380 664 988 1982 2488 2555 2858 3082 3553 4102 4377 4460 4652 5666 5936 6641 6727 7256
5602 39 180 304 536 1018 1056 1171 1260 2023 2149 2185 2687 3233 3350 3481 3729 4493 4999 5120 5158 6245 6289 6319 6801 7109 7661 7893
5603 178 267 651 722 830 1046 1925 2982 3237 3341 3357 3375 3414 3491 3689 3998 4034 4098 5062 6191 6197 6253 7198
5604 70 563 993 1099 1165 1617 2105 2209 2553 2877 3254 3649 4265 4437 6043 6459 6968 7327 7426 7500
5605 108 750 1724 2214 2238 2742 3520 4270 5110 5566 6052 6205 6875 7434
5606 281 690 784 1275 1312 2549 3339 3882 3934 4029 4188 4461 5627 5635 5766 6011 6585 6697 6712 6866 7513 7564 7590 7674
5607 681 793 1135 1246 1279 1775 2001 2398 2470 2909 3771 4648 4715 4941 5524 5620 6007 6101 6361 6571 6998 7243 7555 7749
5608 56 540 965 1077 1474 1626 1788 1925 2031 2642 3211 3656 3849 4058 4297 5865 5922 6131 6258 6468
5609 87 90 514 1092 1207 1242 1337 1563 1714 1962 2475 2504 3461 3595 3844 3965 4633 4772 4895 6726 6729 6807 6825 7499
5610 38 203 1123 1444 2109 2354 3246 3255 3299 3389 4059 4637 5843 6624 6663 7129 7552 7655
5611 204 253 294 1202 1285 1358 1936 2103 2556 3432 3471 3669 4323 4470 4516 4900 4982 7797
5612 173 187 535 698 699 743 936 1172 1524 1614 2058 2792 2969 3253 3487 4371 5130 5855 6029 7070 7249 7273 7369 7742
5613 296 373 383 1084 2375 2761 3854 3912 4265 4797 4844 5080 5135 5258 5461 5710 6106 6137 6702 7269 7409 7673
5614 290 1207 1377 1438 2633 2717 3013 3653 3810 4056 5279 5687 5826 5943 6024 6510 6604 7129 7927
5615 443 578 716 1346 1593 1645 2025 2267 2306 2341 3332 3683 3691 3941 4004 4045 4288 4457 4536 4634 4882 5358 5426 5825 6203 6513 6514
5616 97 357 375 426 567 759 1022 1400 1799 1905 2101 2755 2868 3878 4125 4666 4850 4934 6165 6421 6454
5617 537 1168 1245 1320 1717 1998 2017 2142 2190 2272 2480 2796 3531 3749 4607 4790 5351 5694 5762 5968 6855 7323 7799
5618 704 2069 2783 2916 2937 3139 3378 4141 4639 4982 5396 5399 5847 6305 6398 6502 6849 7008 7019 7798
5619 114 229 255 2044 2455 2505 2764 2868 3038 3106 3348 3680 3851 4033 4417 4510 5287 5950 6200 6254 6261 6836 6840 7596 7610 7646
5620 260 348 1031 1392 1701 1804 2079 2109 2519 3021 4181 4815 5423 5607 5642 5748 6083 6255 6322 6382 7122 7314 7513
5621 134 473 502 1106 1277 1315 1585 2180 2444 3008 3379 3489 4246 4581 5080 5339 6056 6077 6724 6977 7027
5622 371 1250 1274 3286 4197 4517 4724 5141 5827 6210 6342 6728 6735 7125 7546 7669
5623 1335 2515 3396 3936 4429 4553 4571 5232 5478 5972 6654 6676 7091 7275 7608
5624 927 1113 1207 1496 1705 1821 1991 2060 2581 2942 3663 4369 4460 4738 4955 5111 6680 6795 7023
5625 130 239 1680 2052 2361 2941 3385 3786 3806 4105 4276 4649 4666 4670 4927 5416 5759 6865 7229 7617 7718
5626 92 161 480 1421 1698 2625 3109 3427 3469 3964 4017 4268 4301 4317 4398 5743 5833 6122 6129 6819 6989 7343 7541 7888 7979
5627 246 635 1432 2541 2542 2583 3236 3525 3856 3873 4435 4689 5106 5173 5606 5805 6992 7343 7384 7489 7828
5628 856 1120 1420 1441 1553 3124 4227 4582 4777 5065 5364 6020 6118 6386 7256 7367 7922
5629 1192 1291 1401 1913 2091 3228 3256 3270 3460 3500 3509 3728 3794 3870 3994 4256 5521 5788 6068 7354 7867
5630 248 368 639 641 889 1001 1157 1321 1327 1430 1666 2340 2439 3178 3660 3724 3728 4124 5809 6805
5631 406 656 1118 1341 1615 1918 2187 2433 2877 2940 3367 3397 4378 7129 7217 7489 7830
5632 428 493 535 675 963 1104 1337 1850 2992 3804 3988 4006 4397 4501 4798 5151 5242 5243 5672 5976 7496 7994
5633 108 191 437 1012 1134 1357 1585 1655 1685 1736 2625 3756 4252 4660 4886 5736 6193
5634 1087 1766 2403 2772 3429 3827 4135 4445 5684 5987 6195 6895 7338 7484 7626 7903 7935
5635 251 908 937 1781 1823 1935 2699 2956 3430 3431 4055 4831 5047 5224 5407 5606 6380 6477 6490 6721 6998 7162 7428 7613
5636 198 415 439 646 1007 1288 1824 2089 2180 2653 2793 3135 3509 3574 3879 3926 3933 3963 4494 4573 4975 5143 5316 5467 5694 5708 5807 6047 6861 7049 7091
5637 539 584 994 1315 1694 1777 1867 2018 3060 3433 3512 4028 4491 5292 5384 5873 7088 7429 7963
5638 10 1337 1799 2638 3302 3308 3783 4031 4272 4672 4789 5275 5766 5991 6015 6230 6278 6469 6536 7770 7873
5639 64 836 899 1894 2574 2913 3622 3641 3715 3981 4055 4288 4813 5106 5176 6179 6228 6424
5640 732 1426 1839 2090 2167 2347 2398 2507 2742 2913 2982 3671 4333 4388 4686 4924 5075 5767 5902 5938 6505 7087 7163 7302 7478
5641 395 408 1588 1842 1874 1913 2360 3081 3237 3598 4187 5164 5949 6006 7420 7666
5642 66 281 818 931 1420 2414 2536 2590 2645 2996 3334 3451 3603 3714 3734 3852 4023 5593 5620 5647 6242 6376 6634 7012 7398
5643 915 1135 1360 1418 1561 1622 1648 1811 1966 2495 2976 3318 3878 4099 4459 4933 4971 5344 5743 5890 6151 6393 6487 6818 7152 7586 7677
5644 66 535 890 938 1028 1742 1888 2523 2660 2716 3004 3056 3523 4001 4203 4260 4891 6889 7219 7223
5645 240 427 585 727 878 1799 2333 2442 2594 3122 3161 3295 4510 4532 4798 4966 5187 6846 6921 7758 7936
5646 511 1008 1066 1160 1950 2376 2864 3101 3798 4171 4379 4478 4495 4845 5056 5886 6429 6439 6560 7131 7248 7774
5647 384 721 1110 1142 1787 2336 2573 2718 2920 3975 4301 5159 5219 5642 5965 6148 6638 7084 7233 7516 7728
5648 210 451 542 587 823 1213 1471 2739 3916 4380 4513 4572 4842 4986 5472 5600 5737 5759 6272 6406 6568 6678 7495
5649 935 1197 1724 2063 2268 2645 3194 3212 3479 3643 4782 4884 5216 5319 5352 6067 6149 6178 6303 6460 7373 7710 7892
5650 15 268 884 1300 1430 2376 3527 3900 3975 4947 5117 5412 5721 6216 6787 7026 7258 7410 7556
5651 378 1017 1048 1100 1369 1809 2256 2393 2478 2689 2757 2968 3105 3530 3641 3672 3944 3965 4010 4092 4229 4346 4677 4723 4733 4928 5653 6026 6189 6328 6343 6359 6573 6810 6897 7148 7181 7378 7717 7827
5652 439 619 1249 1431 1509 1757 2263 2508 2710 2935 3470 4211 4302 4321 4540 4762 5255 5774 5888 7611
5653 116 133 271 331 959 1176 1487 2068 2557 2567 2637 2740 3033 3311 3516 4586 5143 5207 5651 6226 7343 7597
5654 234 704 1713 1817 1899 2176 2428 4308 4434 4454 4809 5407 5956 7088 7225 7313 7596 7640
5655 312 527 620 1071 2807 3498 4161 4359 4719 5276 7548 7752 7814 7977
5656 204 393 394 503 677 721 1506 2452 2764 2789 2802 2956 3146 3352 3616 4266 4306 5041 5209 5702 5957 6205 7378 7551
5657 342 384 716 797 826 938 1083 1841 1919 1941 2018 2084 3146 3222 3273 3705 4019 4269 5128 6596 6599 6961 7514 7526 7850
5658 176 179 780 1542 1768 2615 2660 2741 2824 3462 3529 3708 3790 3978 4001 4041 4138 4402 4511 4665 5246 5708 6061 6092 6685 6795 6911
5659 648 970 2244 2275 2596 3000 3012 3026 4240 4315 4635 5189 5480 5528 7495 7556 7830 7961
5660 1028 1166 1233 1411 1443 1780 1809 1912 2150 2763 3075 4422 5422 5663 5996 6838
5661 77 715 1501 1726 2344 2396 2406 2671 2943 3355 4622 4866 5071 5496 6165 6656 6734 7101 7738
5662 7 302 307 677 692 751 1550 1659 2139 2187 2973 3119 3318 3339 3543 3678 3715 3853 4200 4479 4834 5200 5304 6335 6370 6520 6529 7015 7316 7515 7539 7853
5663 728 910 1020 1706 1785 1929 1940 2274 2384 2612 2749 3104 4447 5040 5046 5269 5342 5660 5926 6178 6597 6863 7192 7211 7793
5664 355 439 458 486 964 2016 3749 4283 4357 4568 4941 5579 6512 6935 7434 7437
5665 332 1395 1546 2470 2745 3612 3660 3662 3672 3978 5464 6182 6856 7648 7837 7974
5666 964 1241 1414 1920 2226 2704 2754 3485 3785 3815 3883 5170 5304 5601 5892 6435 6513 6751 6941 7297 7810 7834
5667 553 1813 2198 2217 2751 2820 2998 3469 4022 4092 4392 4694 4699 5244 5485 5494 5509 5516 6128 6685 7099 7324 7788 7886
5668 879 1343 1438 1534 1856 2660 3828 3966 3975 4610 4724 4962 5133 5409 5792 6203 6692 7742 7925
5669 810 835 948 2529 2680 4139 5069 6899 7327 7961 7999
5670 576 607 1167 1468 1577 2407 3603 4107 5816 6091 6105 6184 6186 6214 6303 6306 6922 7079 7640 7919
5671 699 1435 1650 1915 1989 2269 2624 2724 3437 4321 4472 4886 4969 5010 5683 5688 5766 7241
5672 423 1071 1520 1703 1803 2679 2919 2932 3344 3433 3604 3672 5310 5336 5632 5707 6014 6816
5673 44 616 1011 1650 1725 2155 2630 2659 2947 4153 6456 6703 6946 7124 7127 7145 7241 7562
5674 742 745 1695 2417 2855 2859 3326 3411 3415 3631 3707 3975 4051 4507 4552 4840 4939 5017 5274 6467 6647 6882 7016 7097 7626
5675 52 193 820 924 1402 1434 1702 1822 2051 2543 2796 3422 3442 3951 4367 4876 5531 5853 6005 6977 7679 7721 7752 7972
5676 364 602 1990 4095 4589 4970 5724 6048 6393 6805 7059
5677 1209 1388 2393 3164 3701 4032 4122 4245 4328 4360 4430 4682 5278 5485 6200 6289 6950 6987 7431
5678 918 1727 1838 1956 2330 2847 3016 3208 3342 3818 4368 4524 4960 6473 6739 7016 7098 7169 7274 7433 7645 7913
5679 1122 1137 1376 1447 1582 1835 2282 2336 3161 3210 3553 3627 3667 3673 4199 4530 4777 5305 5813 6502 7002 7624 7724 7991
5680 260 265 749 1004 1189 1434 1793 2657 3113 3957 4223 4395 4469 4740 4960 5471 5475 5814 6749 7230 7541
5681 1932 2983 3086 3287 3352 4152 4328 4965 6217 6907 7352 7511 7518 7706 7734
5682 23 157 271 842 1217 1343 2208 3701 3879 3988 4987 5004 5421 5711 6338 6772 6888 6990 7395 7423
5683 85 172 277 300 301 410 674 1253 1277 2084 2340 2366 2661 3490 3868 3873 4234 4303 4322 4567 4617 4654 5431 5671 5708 6459 6818 7190 7366
5684 871 1137 1786 1918 1979 2394 3851 4500 5410 5634 5959 6524 7008 7104 7220 7904
5685 45 204 462 562 590 868 1109 1364 1837 1934 2592 2984 3529 4129 4574 6390 6506 6593 6595 6621 6739 6846 7052 7211 7531
5686 679 1183 1797 2530 3877 4894 5066 6107 6180 6300 6359 6693 6729 6790 6830 7057 7534 7802
5687 120 188 209 215 389 454 1412 1665 1930 2140 2742 3664 3874 4661 4746 5535 5590 5614 6028 6030 6931 7198 7597
5688 293 431 859 1778 2329 2346 2708 2824 2843 2968 3060 3227 3587 3598 4533 4908 5072 5593 5671 5856 6098 6340 6414 7108 7625 7706
5689 638 646 783 1443 1760 1943 2122 2396 3386 3727 4963 5057 5283 5779 5936 6114 6344
5690 225 303 568 1292 1959 2207 2653 2902 2954 3522 3627 3849 3997 4172 4182 4518 4825 5450 5595 6893 7087 7245 7889
5691 188 290 741 1432 1973 2612 3446 3732 4610 4885 5294 5582 6707 6975
5692 548 1102 1211 1310 2169 2484 2499 3897 4344 4616 4696 6116 6213 6699 6912 6987 7087 7389 7630 7745
5693 155 503 1042 1444 2060 2139 2703 3301 3607 3958 4058 4599 6120 6429 6450 6726
5694 32 540 604 1276 1530 2094 2916 3753 4282 4963 4992 5068 5384 5617 5636 6148 6747 6993 7399 7416 7869 7877
5695 911 982 1149 3068 3223 3301 3412 3445 3838 3923 5062 5333 5369 6434 6760 6939 6941 7167 7462
5696 276 695 707 791 823 935 1501 2464 2629 3116 3837 3939 4183 4446 5413 6363 6509 6790 7194 7201 7638 7713
5697 361 671 809 928 1128 1368 1529 1957 2254 2365 2943 3119 3279 3476 3574 3972 4633 5283 5410 5468 5906 6633 7584 7722
5698 252 544 584 603 874 1168 1213 1279 1320 1328 1443 1994 2182 2393 2429 2848 4117 5741 5851 5860 6847 7565 7714
5699 224 831 990 1149 1320 2884 3052 3374 4198 4287 5026 5110 5310 5474 5507 5512 5917 6124 6342 7056
5700 845 912 1564 2098 2249 2401 2698 3392 3610 4415 4725 4754 4849 6476 7072 7258 7414 7656 7862
5701 1307 1361 2303 3175 3509 3887 3921 4201 4202 4305 4461 4830 4874 5799 6071 6146 6636 7394 7899 7997
5702 6 239 292 532 629 981 2441 3434 3677 3832 3953 4062 4151 4348 4500 4928 5582 5656 7811
5703 512 742 2356 2467 3175 3329 3788 4288 4375 4920 5479 5581 5883 6542 6898 6956 7284 7494 7498 7798
5704 74 1222 1549 2434 3145 3678 3825 4045 4556 4576 5301 5900 6467 6662 7028 7953
5705 245 455 883 1589 2333 2545 2814 3083 3926 4740 5174 5863 6242 6634 6648 6739 7059
5706 176 227 638 646 739 937 1038 1292 3210 3382 3530 3968 4409 4965 5810 5940 6343 6693 7109 7365 7693 7750 7869
5707 684 1530 1862 3633 4922 5672 5813 5975 6188 6301 6423 6499 6609 6688 6974 7236 7237 7335 7454 7698
5708 1 243 324 382 758 1429 3821 4147 4459 4932 4974 5258 5286 5636 5658 5683 5714 6034 6986 7705 7798 7856
5709 248 627 676 807 852 1053 1724 1998 2007 2018 2913 3475 3821 4013 5277 5467 5760 6956 7205 7971
5710 21 152 209 212 621 944 1082 1464 1904 2167 2226 2751 3261 4549 4840 5613 7362
5711 28 822 877 1469 1993 2543 2568 2662 2901 3248 3863 4204 4303 4848 4919 4969 5682 5771 6300 6357 6580 6735 7252 7867
5712 196 1230 1337 1381 1792 1872 2098 2848 3021 3290 4054 4521 4678 4970 5050 5239 5240 6331 6504 6737 7424
5713 2933 3426 3855 4057 4299 4510 4640 4741 4970 6204 6391 6425 6612 6812 6882 7005 7586
5714 159 637 733 1185 1662 1889 1928 2049 4107 4359 4443 5547 5708 6297 7341 7667 7714
5715 2 35 911 1073 1492 1781 2487 2557 2993 4944 5403 5556 5788 5931 6135 6370 7246 7440 7699
5716 85 137 1453 1617 1994 2993 3231 3342 3953 4350 4641 5011 5439 5444 6124 6838 7573 7894
5717 174 390 717 1842 2330 3170 4376 4427 4616 4914 5062 5179 5313 5933 6271 6370 6546 7759 7838
5718 168 459 1071 1255 1856 2447 2838 2957 3207 3716 4311 4714 4977 5516 5909 6557 7010 7168 7629 7936
5719 18 159 214 2833 2967 3046 4092 4239 5052 5415 5727 5909 6106 6847 7506 7769
5720 66 212 769 1064 1098 1099 1295 1343 1690 1804 2370 2614 2697 2950 3100 3254 3684 3755 4403 5106 5579 5968 6037 7468 7470
5721 7 286 1106 1208 1236 1305 1376 1612 2026 2186 3071 3485 3981 4005 4052 4456 4955 5254 5650 5796 6319 6430 7084 7294 7300 7662 7718
5722 1260 1351 1359 1762 1840 2058 2222 2279 2940 3151 3181 3727 3836 4760 5490 6731 6769 6982 7260 7512 7683
5723 83 399 420 511 705 835 2594 3464 3942 4202 4856 4944 5392 5746 6904 7067
5724 390 818 2637 2649 3295 3499 3769 3904 4920 5676 6083 6355 7990
5725 760 964 1721 2503 2925 3958 4060 4213 4942 5229 5587 6466 7087
5726 15 146 211 305 430 1193 1458 2094 2163 2817 3035 3610 3779 4199 4315 5022 5182 5328 5538 5539 5968 6097 6427 6455 6880 6960
5727 21 894 1296 1643 2816 3844 4377 4732 5583 5719 5755 5778 6574 6910 7227 7506 7820
5728 415 883 2217 2532 3235 3272 3557 3703 4034 4102 4379 4442 5002 5178 5187 5747 5957 6113 6217 6740 7065 7241 7701 7896
5729 668 1310 1740 1912 2163 2410 2701 2728 2967 3274 3709 3949 4036 4814 4849 5536 5953 6096 6475 6873 6985 7253 7344 7350 7383 7542
5730 81 153 164 1410 1521 1642 1664 2136 2490 2635 3310 4440 6451 6748 7286 7614 7970
5731 356 454 545 950 986 1357 1938 2096 2258 2829 3247 3521 3591 3704 4786 4818 5045 5293 5330 5567 5593 5906 6477 7180
5732 215 660 804 2321 2504 2633 3047 3050 3636 3971 4291 4478 5413 5526 5575 6546 6603 6617 6619 6665 7086 7533
5733 185 1133 1225 1465 1770 3552 4263 5286 5306 5383 6038 6125 6137 6363 6636 6886 7205 7414 7542 7601 7638
5734 118 178 310 754 1337 1763 1990 2372 2379 3263 3964 4546 4971 5066 5351 6105 6314 7462 7494
5735 28 505 1243 1457 1741 2090 2448 2688 3170 3396 3815 4420 4516 4817 5157 5264 5501 6388 7155 7260
5736 770 1821 2285 2555 3568 3672 3809 3849 4289 4566 5193 5368 5633 5874 6901 7104 7364 7394 7527 7619
5737 283 389 446 1321 1443 2287 2557 3044 3137 3399 3581 3626 3649 4294 4457 5550 5648 5958 6027 6486 7252 7400 7493 7628
5738 1162 1665 1680 1899 2038 2098 2109 2513 2573 2666 4337 5317 5545 5893 6400 6884 7629
5739 378 2495 2784 2820 3325 3494 3622 4080 4391 5221 5368 5829 6035 6094 6580 7003
5740 39 2095 2568 3289 3543 3837 4142 4760 6049 7279 7831
5741 452 485 1451 3043 4812 4970 5698 5978 6189 6510 6728 6797 7363 7512 7716 7927
5742 274 821 1110 1579 1674 1764 2403 2408 2642 2665 3007 3070 3251 3349 3672 4535 4574 4840 5295 5389 5428 5487 5807 5816 6193 6321 7078 7153 7344
5743 1890 2733 2737 3319 3585 4610 5352 5413 5626 5643 6876 6945 6998 7405 7743
5744 314 326 789 1630 2836 5103 5469 6369 6407 6482 6634 6768 6905 6926
5745 399 417 563 864 894 1307 2109 2242 3457 3563 3785 3866 4012 4735 4769 5554 6002 7033 7225 7426 7520
5746 210 216 624 782 1544 2111 3588 3655 3682 3895 4096 4209 4400 5723 5992 6118 6754 6771 7212 7527 7772
5747 7 357 415 1193 1240 1292 1345 1675 1937 2055 2398 3502 3564 3737 3885 3972 4841 5475 5728 6131 7035 7332 7649 7727 7777 7876 7983
5748 69 98 417 664 1501 1524 1744 2062 3334 4197 5620 5805 5832 5843 6111 6218 6273 6376 6539 7117 7269
5749 388 821 1643 1675 1830 3101 4782 5154 5493 6516 6622 6976 7220 7519 7525 7644
5750 556 1232 1252 1525 1593 1957 2034 2105 2201 2251 2277 2843 2937 3177 3780 3797 3815 4114 4243 4308 5014 6609 7195 7246 7284
5751 454 808 1051 1918 2060 2522 2630 2807 4320 4682 5115 5407 5519 7028 7138
5752 23 106 178 286 363 465 1655 1901 2096 2638 2790 3100 3849 4183 4373 4897 5494 6179 6291 6322 6386 6886 7865
5753 1083 1891 2623 2837 3161 4417 4440 4625 4741 5473 5486 6906
5754 272 787 1278 1794 1812 2345 2447 2806 2875 3767 3848 3852 3894 3906 3918 4130 4446 4538 4675 5898 5925 6211 6238 6366 6650 7817
5755 48 49 264 387 612 1032 1432 1507 1552 1758 2192 2241 2489 3092 3774 3896 4643 5569 5727 6654 6898 7186 7475 7749
5756 109 206 259 369 547 882 931 996 2219 3281 3373 3578 4301 4459 4482 5378 6183 6479 6782 7305 7518 7586 7700 7776 7976
5757 84 332 1821 2337 2912 3285 4865 4971 5031 5045 5508 6657 6764 6865 7616
5758 391 590 891 1003 1488 4917 5971 7006 7129 7548 7887
5759 45 162 1403 1477 1719 1879 2111 2374 2501 3229 3627 5103 5171 5197 5468 5508 5625 5648 6331 6894 7249
5760 88 323 1123 1471 1737 2235 2616 3005 3830 3847 3891 4048 5462 5709 6049 6621 6694 7117 7356 7907
5761 100 950 1028 1222 1876 2037 2609 2866 2898 3107 3530 4087 4140 4216 4254 4341 4361 4766 5126 5271 5523 6122 6142
5762 125 670 1389 1753 2558 2717 2752 3193 3413 5083 5178 5248 5554 5617 6457 6543 6696
5763 203 1212 1238 1489 1589 1731 1974 2298 2391 2472 2759 3062 3304 3943 4139 4422 4797 4900 5109 5247 5402 5592 6030 6062 6191 6460 6466 6516 6526 7198 7577 7750
5764 922 1671 1712 3392 3572 4250 4663 4939 5398 5459 6185 6232 6571 6958 7327
5765 150 314 379 467 1513 1516 1908 2962 2971 3021 3071 3364 3924 4062 4251 4367 4719 4754 4859 4861 4968 7205 7550 7628 7840 7916
5766 285 304 557 683 787 1122 1541 1648 1732 1750 2457 2514 3234 3245 4285 4358 4479 5051 5052 5606 5638 5671 6415 7769 7774 7992
5767 23 206 353 1348 1980 2222 2583 2795 3013 3234 3927 4234 4284 4699 5381 5640 5812 7841
5768 128 656 2763 3124 3130 3861 4280 4424 4900 5079 6376 7115 7176 7597 7609 7707
5769 293 336 422 451 787 821 850 1085 1165 1440 1643 1869 1924 3010 3117 3235 3816 4474 4598 5079 5090 5121 5265 5861 5969 6651 7585 7652
5770 397 1097 1334 1473 1852 1894 2243 2477 2747 2913 4724 4887 5495 7142 7286 7316 7419 7644
5771 323 939 1019 1092 1865 2305 2873 3032 3134 3218 3575 4753 5465 5555 5571 5588 5711 6195 6555 6763 7518 7821 7838
5772 572 1037 1474 1631 1952 2714 4223 5115 5582 5900 6357 6452 6533 7736 7979
5773 2 934 1069 1424 1501 1781 2714 2765 3005 3255 3260 4300 5308 5309 5896 6135 6540 6718 7065 7375 7399 7787
5774 188 271 443 1603 2496 2761 3330 4530 5217 5552 5572 5652 6019 6196 6334 7331 7429 7696
5775 943 1822 1872 2831 3713 4240 4394 4433 4482 4578 4669 4801 4812 6009 6172 6273 6430 6626 7471 7689 7724
5776 313 950 1370 1534 1871 2548 3425 4008 4495 4812 5127 5828 6280 6802 6809 6831 6949 7318 7891
5777 963 1206 1325 1540 2109 3163 3884 4474 4560 5593 6421 6443 6446 6677 6941 7046
5778 27 160 285 336 608 1136 2025 2144 2489 2587 2851 3712 3911 4524 4806 5330 5727 6749 6883 7032
5779 85 128 388 665 1442 2015 2066 2116 2173 2393 2735 3073 4340 4403 4460 4615 4777 5510 5689 6359 6773 6904 7245
5780 169 171 870 1287 1407 1433 1507 1561 2566 2762 2896 3026 3393 4772 5027 5085 5182 5379 6845 7017 7494 7564
5781 819 979 1192 1540 1706 1825 1954 2014 2389 2605 2746 3459 4173 4538 4871 5087 5116 5131 7068 7153 7659 7802
5782 226 810 1957 2086 2128 2883 3675 5089 5891 6496 6694 6715 7003 7590 7676
5783 348 359 380 693 1493 2255 2671 2926 3205 4014 4543 4721 5216 5223 6240 6534 6753 7513 7714
5784 529 754 842 1149 1239 1755 1760 1869 2384 2433 2448 2621 2905 4009 4019 4163 4203 4245 4291 4370 5169 6401 6633 6683 6747 6793 6856 6976 7698
5785 296 397 406 631 645 1180 2656 2672 3169 4005 4297 4758 5194 5510 6134 6259 6271 6358 6587 6835 7164 7277 7353 7509 7718
5786 353 921 1034 1197 1362 1595 2625 2805 3308 3715 3931 5520 6110 6444 7313 7353 7498
5787 176 777 919 961 1223 1609 1862 2039 2256 2356 2414 2784 2876 3173 4222 4984 5080 5582 6271 6309 6751 7315 7638 7795 7966
5788 206 283 1720 1778 1880 2002 2025 2453 2683 2836 3193 3264 3455 3817 4049 4744 5629 5715 7623
5789 76 462 882 903 1017 1652 1905 1919 2850 4117 4299 4360 4867 5038 6019 7061 7237
5790 271 480 851 1471 1922 2537 3123 3309 4484 4519 4524 4768 5821 6298 6558 6653 6776 6957 7143 7868
5791 385 949 1545 1667 1690 2128 2351 2415 2654 3343 3760 3917 3953 3988 5120 5263 5284 5524 6304 6822 6891 6984 7759
5792 1919 2771 2892 3628 4937 5668 6439 6588
5793 42 257 1299 1507 2140 3267 3272 3486 3925 5525 6743 7055 7222 7334 7509 7525
5794 415 448 626 1153 1571 1797 2557 2793 3121 3248 3593 3643 3833 5845 5953 5957 5982 6132 6902 7196 7221 7230 7391 7396
5795 2 214 686 747 963 1168 2188 2772 3079 3651 3759 3873 4027 4916 5205 6529 6784 7391 7410
5796 195 285 1287 1299 2040 2750 3586 3951 4247 5065 5166 5309 5464 5721 6297 6445 6540 6556 6559 6584 6847 6919 7704
5797 132 264 576 943 1639 1657 1691 2558 2704 3293 3560 3857 3860 4893 4949 5026 5578 6025 6049 7055 7392
5798 273 278 414 1003 1008 1223 1443 1774 1791 2610 2675 2849 3776 4134 4273 4528 5194 5407 6120 6936 7187 7610 7681
5799 577 681 1523 1704 2633 2781 3553 4030 4326 4519 5575 5701 6636 6885 7006 7602 7857 7964
5800 120 641 2046 2547 2746 3068 3410 3935 4113 5143 5242 6057 6085 6209 6640 6952 7421
5801 28 148 495 600 1128 1146 1207 1351 1621 1659 1700 2305 2339 3277 3702 4788 4850 5482 5879 5988 6079 6108 6479 6883 7363 7714
5802 96 1231 1333 2954 3190 4375 4394 4977 5234 5384 5493 5901 6413 6469 7161 7178 7313 7631
5803 284 686 1060 1147 1820 2482 2513 2697 3175 3355 3860 5130 5131 6213 6306 6984 7030 7174 7480
5804 130 879 915 2173 2273 2295 2563 2674 3284 3496 3881 4278 5319 5423 5524 5885 6277 6525 7090
5805 210 215 517 1078 1181 2524 2773 3685 4141 4271 5029 5627 5748 5824 5874 5911 6080 6303 6329 6937 7165
5806 109 358 916 1685 1711 1729 2822 2833 3046 3509 4430 4555 4821 5991 6342 6458 6886
5807 111 625 1843 2436 2587 2701 3714 3820 4526 4694 4892 5636 5742 6384 6701 6791 6871 7958
5808 113 781 1041 1105 1684 1809 2102 2165 2226 2356 2572 2654 3234 3481 4521 5003 5856 5894 6411 6995 7225 7306
5809 628 868 1338 1572 1999 2151 2766 2782 3655 3896 4831 4887 5048 5336 5515 5630 6306 6689 6849 7164 7260 7754
5810 443 888 1500 1605 1633 1727 2376 2583 2715 4667 4782 4863 5009 5465 5706 5823 6468 6486 7344 7795
5811 66 365 429 782 1634 1681 1857 2309 3511 3658 4019 4527 4639 5128 5440 5860 5978 5995 6116 6448 6743
5812 105 840 987 2066 2118 2295 2346 2536 3471 3924 3993 4181 4360 4509 4704 4738 5324 5767 6309 6662 6834 7139 7213 7467 7656
5813 85 546 820 869 1665 2914 3202 3414 3506 4202 4811 5192 5248 5679 5707 5976 6136 6252 6618 7351
5814 748 780 1202 2337 2603 3102 4436 4600 5372 5680 6296 6412 6796 6900 7664 7971
5815 1554 1796 1926 2217 2391 2572 2843 3399 3948 4048 4382 4534 5142 5388 5846 6836 7284 7809 7827 7885
5816 300 570 1067 1330 1367 2053 2149 2628 3144 3248 3258 3427 3477 3887 3999 4431 4787 5294 5317 5670 5742 5888 6074 7182 7254 7455
5817 118 170 2109 2214 2224 2546 2578 2894 2976 3345 3354 3802 4134 4215 4305 4307 4453 5021 5131 5890 6691 6794 6908 7039 7496 7635
5818 845 1093 2474 2975 3086 3432 3860 4831 5235 5556 6291 7795 7807
5819 510 814 1005 2342 3229 3233 3824 4302 5826 6580 6590 7796 7867
5820 539 750 944 1161 1458 1541 1825 2008 2076 2098 2663 3019 3779 3832 3901 4105 4213 4424 4481 5139 5307 6850 7242
5821 241 945 1043 2534 2641 3411 3605 3910 3977 4264 4432 4698 5790 5979 7056 7381 7410
5822 141 504 844 1737 2165 2327 3030 4295 4356 4522 4585 4772 4806 6042 6432 6844 7721
5823 21 386 933 1151 1468 2173 2307 2717 2890 5432 5810 6097 6811 7427 7449 7556
5824 54 196 321 572 1059 1149 1463 1489 1539 1682 1690 2538 2563 3169 3220 3863 3971 4327 4805 4885 5139 5805 6667 6828 7557
5825 109 174 396 1015 1362 1395 1565 1608 2143 2279 2349 2459 2648 2803 3061 3070 3133 3250 3657 4893 5044 5046 5511 5615 6689 7218 7459
5826 97 324 722 735 1026 1647 1703 2696 3164 3571 4160 4710 5090 5576 5614 5819 5875 5919 6185 6320 7097 7318 7388 7503 7865 7971
5827 222 704 1474 2286 2376 2399 2627 2761 2766 4123 4266 4509 4815 4898 5124 5313 5354 5504 5622 6170 6294 6304 6417 7414 7638
5828 337 553 821 932 1108 1582 1719 1981 2001 2638 3091 3597 3905 4748 5776 6411 6905 7143 7296 7630
5829 196 309 685 935 1477 1496 2037 3110 3370 3761 4056 4689 5106 5215 5560 5739 6471 7123 7407 7611 7749
5830 293 782 1050 1706 1733 1961 2040 3628 4085 4258 4505 4556 4973 5138 5277 5304 5401 5867 5926 6007 7358 7452 7603
5831 115 225 1027 1681 1807 1930 2291 2606 2877 3076 3255 4137 4470 4807 5207 5556 6111 6235 6800 7056 7344
5832 85 331 1171 1302 1767 2236 2841 2915 3438 3732 4292 5043 5080 5125 5503 5748 6015 7027 7205
5833 465 634 1341 2606 4034 4735 5626 5971 6711 6774 6916
5834 145 596 617 1533 2139 2421 2585 4249 4671 5271 5385 6160 6925 7577
5835 632 1323 2054 2110 2396 2524 3548 3609 3668 3767 3875 5363 6137 6689 6934 7315 7354 7471 7533
5836 281 425 481 1281 1329 1363 1704 2942 3482 3483 3843 5045 5212 5484 5870 6036 6745 7157 7442 7651
5837 219 390 487 519 1848 2404 3518 3917 4125 4173 4257 4472 5342 5575 5839 6474 6582 6688 6943 7431 7983
5838 576 1170 1403 2432 2629 2671 2680 3218 3627 4431 5409 5424 6101 6120 6328 6744 7013 7569
5839 77 999 1902 2314 2872 3191 3268 3615 4336 4443 4524 4697 4765 5837 6211 6574 6817 7723
5840 503 667 733 1019 1134 1736 1913 2260 2655 2739 2989 3253 3305 3389 3772 3844 4639 4941 5594 6915 7210 7475 7680 7795
5841 394 1668 2375 2559 2619 2710 3138 3364 3583 3788 4149 4670 5274 5580 6373 6446 6870 7634 7735
5842 630 672 937 1355 1637 1808 1960 2214 2253 2591 2917 2926 3367 4759 5048 6218 6439 6618 6672 6742 7175 7202 7464
5843 186 592 721 750 1376 2363 2550 2573 2649 2745 3059 3284 3674 4493 5094 5610 5748 6440 7486 7581
5844 829 1238 2166 2320 2336 2561 2753 4345 4852 5100 5313 5908 6111 7032 7560
5845 1418 1666 1678 2326 2658 2874 3555 3832 3833 4028 4083 4887 5027 5794 6338 6770 7297 7385 7454 7818
5846 303 383 740 752 779 1201 1294 1590 2130 2194 2333 2466 3166 3234 3428 5217 5342 5815 5901 5904 6491 7082 7360 7362
5847 349 504 805 960 1199 1532 2075 2303 2331 2562 2693 2932 3221 4776 5119 5618 6289 6768 6876
5848 157 518 1120 1675 2003 2156 3305 3400 3436 3740 4686 5040 5114 5391 5440 5580 5955 6547 6767 6991
5849 1107 1166 1580 1607 3016 3121 3223 3656 3872 3929 4060 4149 4321 4327 4356 5356 6119 6280 6631 7253 7261 7308
5850 18 232 307 660 716 852 987 1345 1547 2308 2976 2988 3900 3967 4148 4861 5058 5086 5139 5560 6201 6256 6439 6956 7047 7773 7822
5851 974 1393 1454 1816 2395 2577 3216 3648 3667 4768 5287 5698 6638 6899 6968 7403 7793 7866
5852 344 1332 1678 2011 2142 2373 3585 4885 6157 6207 7404 7441 7696
5853 435 1194 1896 2795 3383 4249 4678 5338 5675 5894 6351 6519 6939 7424
5854 191 244 296 681 923 1971 2789 3219 3567 4356 4838 4993 5325 6460 6471 7043 7273 7552
5855 617 1624 1883 2127 2170 2182 2714 3568 3948 4816 5612 7272 7632 7964
5856 32 142 790 1179 1376 1414 2174 3015 3642 3677 3939 4218 4222 4234 4685 5688 5808 5882 6801 7091
5857 497 700 803 1755 2104 2124 2668 2752 3957 3988 4049 4155 4349 4438 5085 5391 6238 6464 6685 6894 7214 7564
5858 118 171 189 479 841 875 898 2755 2984 3833 3874 4064 4096 4193 4365 4559 4596 6091 6529 7289 7297 7409 7799 7996
5859 75 1510 1858 2181 2437 3010 3245 3645 3850 3939 4448 4553 4883 4909 5307 5371 5587 6040 6130 6436 6501 7335 7400 7546 7618 7924
5860 404 1000 1148 1178 1212 2042 2168 4621 5101 5489 5698 5811 6012 6176 6241 6544 6692 6737 6758 7359 7375 7564 7576
5861 303 941 1138 1801 2066 2195 2678 3122 3216 3381 4319 5135 5138 5243 5325 5769 5891 5904 6189 6404 6666 6699 6753 7272 7295 7359
5862 680 1357 1455 1547 1858 1945 2536 2561 2596 2635 3701 5232 6865 6902
5863 330 421 538 659 724 927 1095 1196 2044 2090 3099 3181 3565 3670 4762 4890 5705 6024 6368 6407 6599 6912 7479
5864 447 754 1096 1107 1409 1421 1550 2220 3266 3288 3782 3902 4080 4179 4477 4656 4804 5312 5589 6092 6391 6421
5865 5 192 305 672 700 768 881 1023 1534 2101 2153 2247 2425 2620 3731 3964 4366 5076 5504 5514 5608 6488 6707 7121 7185 7387 7460 7500 7699
5866 69 281 449 780 1488 1703 2242 2566 2704 2905 3489 3839 3847 4112 4477 4524 5066 6300 6304 6538 7688 7746
5867 213 693 793 1833 2039 2266 2505 4475 4677 5087 5830 5916 6002 7216 7258 7262
5868 128 377 677 1118 2540 2567 2624 2818 2944 3382 4314 4921 5927 6000 6599 7997
5869 28 245 302 579 950 1155 1299 1787 3347 3583 3673 4168 4380 5088 5156 5183 5194 5320 5454 6721 7349 7371 7693 7694 7948
5870 986 1057 1089 1757 1788 2599 2736 2863 2979 3026 3640 3955 4147 4596 4994 5265 5836 6713 6742
5871 18 3015 3841 4564 5345 7856
5872 276 2098 2151 2462 2800 4518 4787 4835 7577 7870
5873 658 1316 2013 2110 2387 2412 2571 2750 3007 3223 3847 3987 4011 4171 4793 4901 4903 5003 5131 5597 5637 6117 6590 6670 6759 6770 7009 7489 7500 7630 7843
5874 379 474 905 1086 1511 1624 1761 2764 3023 4027 4432 4821 5736 5805 6348 6593 6996
5875 824 1404 2055 2135 2612 2671 2971 3773 3862 5826 6060 7175 7250 7407 7850
5876 263 1083 1528 2063 2122 2447 3325 3364 4943 5408 7173 7480 7846
5877 482 705 909 1100 1319 1910 2132 2522 2795 3242 3835 4281 4556 4826 4852 5030 5251 5572 6381 7533 7981
5878 889 900 1704 1729 1915 2042 3252 3301 3886 4438 4650 5157 5342 5527 5989 6064 6567 7130 7132 7244 7385 7494 7692 7894
5879 1928 1977 3628 3977 4079 4219 5180 5436 5801 5912 5936 6007 6058 6435 6844 7732
5880 462 823 932 2190 2372 2661 3084 3252 3296 3405 3460 3506 4726 5130 6067 6486 6539 6662 6753 6914 7232 7411 7670
5881 5 275 712 860 1133 1349 3209 4805 5047 5939 6205 6914 6981 7551 7773 7996
5882 460 937 1965 2227 3558 3906 4267 4815 4959 5411 5856
5883 355 562 584 924 1438 2624 3004 3272 3293 3548 3971 4001 4040 4270 4299 5300 5588 5703 6175 7920
5884 208 362 712 1209 1966 2050 2685 2913 3245 3306 3493 4040 4064 4176 4582 5932 6254 6534 7606 7876
5885 42 590 616 1007 1085 1843 2331 2390 2553 2848 2875 3724 3856 3908 3924 4060 4185 4294 5804 5982 6822 7050 7089 7244
5886 1170 1315 1464 1904 2290 2375 2842 3011 3235 3371 3434 3542 3824 4035 4313 4427 4713 5455 5646 5970 6751 6871 6889 7626 7946
5887 405 624 1125 1291 1707 1906 1988 2060 3220 3734 3967 4241 4393 4640 5056 5254 5920 6073 6384 6682 6759 6944
5888 1162 1296 1430 1508 1525 2093 2565 2998 3125 3605 3837 4112 4198 4519 4859 5446 5456 5652 5816 6424 6665 6773 7625 7730 7836
5889 1024 2159 2498 3619 3682 3696 3712 4694 4782 4950 5000 5231 5261 5535 6098 6347 6384 6514 6716 7174 7368 7559 7887
5890 385 647 1170 1353 2502 3402 3611 3822 5450 5643 5817 6390 6609 6954 7086 7296 7407 7588 7610 7790
5891 184 1028 1036 1073 1408 1499 2784 3141 3244 3956 4067 4249 4268 4477 4752 5545 5782 5861 6357 6465 6804 7226 7258 7305
5892 12 372 407 515 1274 2355 2614 2813 4005 4437 4817 5281 5666 6229 7605 7639 7655
5893 49 79 414 468 654 739 1892 2716 2929 3153 3370 3668 3705 3769 3864 4158 4174 4329 4754 5738 6712 6838 7555 7623
5894 237 631 701 1108 1975 2524 2633 2968 2988 3911 4625 4874 5424 5808 5853 6070 6157 6223 6601 6933 7230 7634
5895 290 3165 3359 4149 4461 4640 5477 6021 6515 6581 6837 7372 7592 7639
5896 72 963 1291 4316 4471 4578 4608 4691 5773 6334 6511 7047 7232 7251 7380 7399 7452
5897 236 292 1956 2319 2552 2617 4658 4708 4789 5082 5354 6336 6406 6473 6600 6851 7641 7666
5898 3 52 461 673 731 1355 2156 2704 3071 3568 3575 3683 5397 5754 6011
5899 689 890 1562 1995 2088 2873 3272 3372 3435 4341 4829 6227 6675 6710 7707 7758 7856 7899
5900 209 991 1157 1402 1572 2290 3068 3280 4224 4315 4361 5704 5772 5982 6514 7092 7396
5901 477 741 1501 1683 2132 2467 3295 3600 4502 4939 5065 5230 5802 5846 6188 6418 6487 6987 7230 7262 7400 7577 7674 7827 7916
5902 959 1138 1242 1267 1330 1481 1604 2126 2366 3051 3735 3823 4116 5143 5408 5445 5640 5985 6199 6270 6323 6551 6582 6619 7043 7231 7372 7506 7851
5903 0 187 265 2026 2337 2396 3260 3606 4791 4997 5109 5946 6202 6299 6584 6957 7113 7183 7223
5904 162 526 714 1401 1663 2505 2606 2686 3888 4431 4968 5846 5861 6367 6728 6953 7462 7776 7792 7973
5905 56 1355 1365 2022 2238 2916 3003 3555 3571 4310 5280 6244 6808 7150 7228 7307 7769
5906 347 534 663 1288 1356 1474 2072 3045 3294 4584 5399 5697 5731 6780 7920
5907 85 379 2405 2646 3031 3305 3367 4457 4963 4998 5293 6156 6324 7692
5908 667 781 851 1137 1379 1779 2271 2447 2515 3640 3741 3791 4223 4463 4881 5844 6276 7972
5909 202 339 365 613 800 1097 1401 1428 1588 1985 2256 2313 2433 2491 2633 2641 2842 3127 3763 3780 4003 4316 4352 4763 5718 5719 7535
5910 244 1277 1863 2161 3630 3755 4648 4724 4763 5347 6200 6345 6429
5911 64 389 475 969 1310 1426 1514 1895 2857 3630 3667 4405 4429 4807 5175 5805 6653 7104 7299 7309
5912 114 1326 1493 2204 2894 3135 3552 3719 3856 4768 5315 5879 6206 6572 7301 7466 7912 7942
5913 70 144 550 878 2429 2862 3705 3957 4030 4471 4612 5139 6452 7720 7855
5914 140 385 651 1092 1369 1569 1732 3742 3948 4537 4542 4577 5010 6749 6887
5915 431 558 754 784 1275 1337 1592 1730 2559 3291 3862 4720 4891 5200 5434 6189 6505 6884 7590 7910
5916 64 840 907 1206 1836 2066 2102 2145 2165 2915 3058 3421 3743 4479 4821 5155 5412 5867 6323 6793 7016
5917 131 208 329 1293 1397 1426 1872 2131 2881 3878 3999 4801 4848 4852 5699 6959 7069 7432
5918 144 1484 1685 2491 3306 3521 4249 4518 5568 6155 6542 7170
5919 609 784 811 983 1091 1437 2052 2089 2140 2458 2601 3232 3726 3825 4154 4492 5429 5826 5991 6386 6508 6655 7843
5920 132 570 1149 2264 2497 2632 3603 3829 3918 3941 4181 4699 5207 5257 5518 5535 5887 6328 6959 7612 7953
5921 129 469 731 1468 2252 2451 2633 3228 3619 3877 3977 6043 7197 7243 7355 7426 7434 7524 7856
5922 205 384 1410 2042 2150 2477 2796 2819 3498 4199 4725 4851 4870 5153 5282 5608 5925 5994 6113 6230 6238 6871 6926 6970 6971 7130 7238 7623
5923 85 235 386 1381 1550 1721 1867 2004 2331 2486 2500 2778 3241 3388 3722 3843 4057 4218 4972 5157 5595 6600 6610 6907 6939 7366 7637
5924 1911 2459 2515 2827 3222 4015 4545 5395 5488 5961 6090 6952 7067 7200
5925 4 86 1213 2678 2843 2926 3287 3650 3840 4883 5255 5754 5922 5985 6681 6726 6739 6796 6895 7238 7335 7832
5926 801 1546 1925 2182 2296 2330 2649 3174 3647 3783 3816 4093 4535 5663 5830 5974 6376 6747 7025 7225 7525
5927 309 330 1354 2246 2562 2572 3864 4414 4836 5868 6332 6523 6567 6924 7172 7365 7784 7951
5928 939 1068 1481 1483 1574 1641 2476 2599 2865 3564 4040 5438 5489 6045 6995 6997 7607
5929 732 816 969 1115 1137 1634 1904 2467 2639 3031 3201 3347 3536 3774 3993 4093 4237 4255 5245 5250 5360 5574 6927 7889
5930 310 511 796 1006 1314 1522 2051 2280 2885 2890 3107 3307 3434 3772 4014 4241 4634 6298 6503 7154 7880
5931 266 313 1179 2243 3222 3868 4236 4372 5586 5715 6148 6333 6445 7386 7412
5932 459 467 709 1732 1965 2740 3285 5109 5316 5464 5884 6481 7339 7805
5933 165 668 1272 1399 1524 1609 2408 3213 4461 4585 4869 5041 5717 6200 6280 6428 6514 6807 7894
5934 18 829 1089 1206 1633 2282 2947 3276 3820 4110 4247 4618 4886 5553 6609 6685 6960 7512 7625 7799 7831
5935 753 959 1057 1788 1877 1991 2287 2293 3872 4549 4846 4869 6520 7434 7880
5936 204 373 871 1023 1120 1351 2020 2549 3024 3169 3359 3707 4177 4188 4456 4869 5254 5601 5689 5879 6554 7420 7692 7727 7792
5937 746 859 965 1852 1998 2141 2196 2714 2948 3743 4229 4316 4319 6287 6889 7490 7912
5938 35 565 921 1374 1646 2064 2408 3258 3430 4274 4547 5316 5484 5570 5640 7043 7266 7390 7849 7857
5939 680 754 933 1040 1051 1081 1293 1355 1698 2355 2716 3550 3626 3871 3931 4816 5102 5110 5363 5585 5881 6347 6566 6904 6936 7127 7299 7498
5940 49 127 1705 2065 2477 2716 3716 3832 4180 4243 4651 4780 5062 5290 5566 5706 6505 6675 6893 7132 7479 7559 7805
5941 264 621 1806 1813 1923 2153 2752 2860 3049 4198 4242 4295 5438 6223 7502
5942 1566 2410 2940 3106 3797 4507 4589 4855 4912 5576 6055 7115 7653
5943 394 636 1539 1915 2141 2246 3387 3836 4301 4740 4922 5074 5084 5614 6716 6722 6944 7533
5944 5 268 806 3163 3194 3254 3324 3345 3761 4056 4837 5995 6796 7240 7542 7757
5945 295 364 495 1227 1572 1992 2591 2879 3707 4314 4449 4501 5024 5355 6135 6417 6558 6875 7218 7293
5946 792 1232 2001 2571 3467 3956 4039 4590 4819 5903 7039
5947 651 1476 1951 2253 2326 2364 2507 3370 3612 3689 3898 4520 5121 5235 5405 6430 6961 7146 7175 7188 7761 7890
5948 644 979 1108 1442 1475 1598 1737 2247 2364 2523 2805 2844 3088 3779 3849 4554 4846 5157 5421 5522 6637 6667 6791 7308 7636 7758
5949 524 692 744 2088 2437 3213 3366 4833 4880 5148 5641 6313 6503 6583 6669 7028 7481 7561 7768 7802 7817
5950 18 148 323 920 2250 3083 3118 3212 3331 3475 5075 5230 5584 5619 5996 6395 6604 7116 7279 7420 7462 7903
5951 174 1916 2370 2683 3203 4193 5953 6068 6625 6805 6829 6924 7077 7979
5952 113 116 382 1047 1243 1269 1364 1488 1525 1533 2158 2574 2597 3281 3321 3728 3867 4298 4300 4507 4512 4590 6171 6281 6404 7461 7688 7965
5953 1770 2153 3226 3605 3643 3717 4077 4422 4434 5069 5177 5503 5729 5794 5951 6244 7010 7108 7225 7245 7922
5954 96 582 1968 3297 3849 4246 4344 5164 7091 7194 7395 7505
5955 10 355 394 462 563 1381 1550 2341 2545 3117 3633 3695 5848 6010 6649 6811 6837 7699 7850
5956 677 874 1004 1157 1853 2235 2681 3994 5003 5654 5983 6019 6490 6669 6706 7964
5957 19 943 1466 1572 2508 2543 3053 3607 3762 4126 4224 4245 4670 4714 5656 5728 5794 6146 6196 6367 6688 6965 7434 7657
5958 878 1728 1777 1790 2017 2662 3639 4800 5242 5737 6093 7903
5959 357 876 1279 1306 1897 1943 2354 2374 2840 3046 3218 3375 3408 3620 3624 3751 3872 3879 4441 4749 4811 4993 5248 5684 6089 6114 6531 6676
5960 633 1655 1856 1972 2127 3137 3509 3532 3694 3748 3779 4300 4902 6096 6238 6329 7362
5961 314 328 561 1009 1294 1478 2236 2690 3331 3457 3561 3692 3967 4285 4340 4667 4951 5203 5924 6541 7180 7577 7976
5962 8 18 134 549 788 849 987 1273 2114 2315 2768 2868 3064 4697 4926 5230 6189 6326 6327 6560 6565 7366 7714 7725
5963 180 399 877 970 1298 1359 2368 3375 4119 4364 4469 4713 4779 5275 7601 7654
5964 302 1084 1359 2007 2778 2858 4373 4545 4604 4949 4960 5150 5436 5464 6150 6360 6612 7104 7356 7825
5965 614 774 1031 1280 1675 2242 2370 2727 3157 4685 5182 5229 5647
5966 134 137 178 567 679 1032 1126 1144 1251 1399 1817 2471 4294 4372 4932 5188 5502 5559 6118 6246
5967 723 982 1433 1530 2314 2554 4817 5006 5097 5126 6150 6717 7067 7208 7291 7636
5968 637 1660 1789 2337 2342 3803 3849 4186 5003 5020 5284 5617 5720 5726 6028 6313 7450
5969 81 84 428 970 1846 2042 2209 2477 2618 3483 3753 3814 4148 4360 4602 4691 5573 5769 6526 6581 7259
5970 195 424 552 990 1091 1146 1400 1681 3376 3723 5070 5886 6146 6459 7161 7208
5971 745 779 1090 1143 1456 2042 2570 2854 2858 3506 3521 3999 4163 4308 4479 4531 5124 5198 5758 5833 6119 6504 7671
5972 202 272 288 815 897 1015 1095 1621 1653 1832 2235 2531 2682 2734 2992 3268 3270 3449 3719 5133 5623 6861 7765 7847 7969
5973 502 580 1066 1202 1307 1764 2977 3548 3550 4402 4484 4545 4886 4911 5346 6066 6247 6335 6457 6597 6777 6930 7533 7619
5974 242 500 881 1752 1890 1893 2119 2253 2844 3363 3513 3624 3872 3936 3976 4205 4248 4257 4878 4992 5926 6450 6615 6981 7816 7889
5975 249 517 891 1216 1592 2014 2495 3054 3630 4028 4625 4755 5184 5707 7034 7737
5976 658 1940 1953 2109 2551 2722 2865 2984 3729 4457 4810 4876 5632 5813 6533 6663 7454 7626
5977 61 886 1437 1545 2763 2831 3858 4052 4684 4859 4984 5372 6084 6183 6834 7084 7467 7737
5978 1758 2428 2586 2997 3143 3511 3765 4059 5040 5148 5407 5741 5811 5990 6435 6644 7405 7456 7555 7907
5979 569 774 1007 2222 2415 2943 3494 3572 3615 4173 4366 4392 4766 5124 5387 5420 5479 5585 5821 6106 6132 6234 6381 6403 6536 7030 7186 7304 7432
5980 430 577 1317 2233 2268 2339 3879 4133 4168 4535 6256 7053 7236 7448
5981 334 442 509 846 1554 1833 2197 2765 3094 3366 3832 4163 4718 4844 4938 5262 6169 6411 6816 7520 7888
5982 15 50 114 302 437 571 684 765 845 934 1039 1242 1610 2316 2355 2688 3249 4033 4676 5794 5885 5900 6567 7718 7748
5983 96 769 1054 1193 1222 1438 1690 2414 2816 3363 3687 4733 5059 5103 5400 5956 6099 6149 6310 6681 6928 7447
5984 288 322 371 721 922 1661 1690 2004 2248 2268 2356 2441 2541 3164 3211 3703 3894 3961 4281 4491 5099 6173 6301 7490 7753
5985 1400 1519 1824 2196 2697 2967 4886 5902 5925 6208 6370 7384 7939
5986 162 455 985 1208 1223 1409 1431 1737 1784 1859 2355 3248 3488 3705 3714 6056 6929 7046 7291
5987 13 546 1042 1383 3105 3707 3916 4740 4830 5273 5293 5634 6130 6522 6711 7218
5988 312 364 742 914 1601 2560 3136 3770 3931 4279 5383 5429 5477 5801 6497 7621
5989 92 283 443 717 1177 1606 1768 2097 2176 2217 2436 3011 3321 3585 4222 4475 4623 4884 5172 5423 5522 5878 6177 6654 7003 7573 7686
5990 238 449 1287 1321 1590 2317 2696 2927 3309 3401 3830 4836 5092 5978 6691 6732 7520
5991 911 969 1092 1292 1330 1767 1865 2472 3097 3114 3485 3652 3657 4098 4327 5196 5638 5806 5919 6232 6900 7038 7286 7984 7986
5992 2 749 1302 1309 1414 1479 1700 1903 2821 3305 3923 4529 4756 5170 5746 6183 7551
5993 25 35 224 381 710 759 765 1004 1221 1293 1318 2062 2114 2868 3143 3148 3707 4988 5032 5043 5329 6525 6995 7336 7480 7660 7770
5994 838 1084 2247 2385 3369 4157 4213 4260 4634 5922 6791 7486 7568
5995 186 199 1330 1391 2082 2316 3151 3309 3705 3830 4083 4952 4995 5299 5470 5811 5944 5999 6078 7094 7167 7528
5996 191 1933 2163 2186 2970 3830 4448 4647 4859 5022 5225 5411 5660 5950 6277 6387 6621 6830 6840 6998 7012 7150 7690 7713
5997 221 252 315 579 642 1661 2038 2607 4031 5356 6048 6110 6167 6217 6598 6599 7032 7158 7467 7519
5998 65 169 290 619 1223 1895 2728 2754 3294 3788 4047 4288 4501 4564 4565 5090 6220 7193 7621 7654
5999 213 545 609 940 1013 1742 1793 2324 2582 2718 3955 4470 4495 4567 5196 5995 7023 7458
6000 24 449 750 813 820 1263 2606 4301 4526 4891 5114 5119 5167 5868 6054 6161 6225 6322 6427 6791 6961 7136 7291 7884
6001 148 186 253 1223 1460 2688 2755 3112 3212 3935 5186 5253 5265 6054 7554
6002 70 399 1843 2084 2147 2704 2782 2998 3081 3117 3911 5185 5277 5358 5745 5867 6314 7188 7260 7285 7764
6003 445 1512 1708 1783 2539 3326 3370 3764 3871 4415 4531 4774 4988 5008 6152 6420 6936 7931
6004 354 1279 1368 1440 2225 2322 2422 4037 4064 4086 4274 4565 4934 6696 6764 6823 6983
6005 102 139 271 553 568 725 744 1145 2813 3229 3370 3649 3716 4900 4924 4984 5266 5675 7528 7724
6006 741 2422 3545 3734 3929 4130 4685 4731 4970 5042 5461 5558 5641 6167 6511 7376 7999
6007 400 495 1365 1803 1837 1999 2081 2137 2515 2586 3792 3856 4646 4647 5607 5830 5879 6604 6610 6708 7004 7317 7538
6008 37 373 719 968 1386 1541 1738 2168 2856 2900 2979 3269 5475 6096 6844 6924 7244 7465 7688
6009 1761 2021 2200 2877 2992 3060 3362 3456 3837 4781 5060 5321 5427 5775 6094 6353 6473 7046 7528
6010 233 428 665 764 901 1422 2592 2935 2936 3063 3538 3589 4198 4724 4838 5955 6283 6400 6442 6644 7108 7421 7621 7753 7952
6011 275 1725 3204 3390 3867 3960 4416 4569 5526 5606 5898 6393 6628 7113 7498 7852
6012 1395 2619 2873 2942 3123 3509 4215 4356 4425 5529 5590 5860 6296 7298 7778
6013 329 338 363 938 1603 2802 2873 3069 3841 4109 4295 4335 4337 4581 5289 6095 6375
6014 100 147 226 489 502 2198 2271 2914 3171 3179 3992 4010 5125 5151 5266 5672 7174 7453 7560 7569 7789
6015 399 840 1143 1260 1938 2000 2232 2251 2288 2935 2937 3008 3521 3771 4676 5059 5568 5638 5832 6072 6837 7292 7319 7442 7677
6016 427 461 889 1047 1265 1382 2152 2190 2375 2510 2693 2727 4130 4205 4770 5194 6155 7705 7995
6017 210 278 441 788 1458 1509 2303 2810 2855 3619 3830 3945 5568 5595 6279 6374 6588 6599 6713 6736 6850 7093 7212 7947
6018 146 679 906 917 2285 2477 2955 3265 3952 4168 4886 6186 7053 7344 7797 7961
6019 273 522 1879 2876 3651 4050 4673 4742 4751 5161 5365 5543 5567 5774 5789 5956 6446 6580 7850
6020 16 67 98 176 602 778 991 1433 1506 1888 2105 2164 2621 3817 4046 4126 4235 4676 4699 5160 5511 5628 6144 6595 6925 7196 7335 7781
6021 149 229 291 1472 2031 2067 2225 2414 2815 3030 3827 3969 4525 5314 5470 5533 5895 6303 6331 6664 6744 7336 7480 7800 7871
6022 12 840 1012 1132 1587 1739 2913 3796 4008 4251 5216 6210 7078 7174 7541
6023 86 1607 2103 2120 2153 3011 3065 4510 4552 6459 6550 6665 6693 6874 7017 7483 7694
6024 326 585 1046 1509 1888 2738 2828 3111 3667 3727 4098 4672 5255 5614 5863 6750 6864 7733 7760 7868 7947 7960 7993
6025 182 839 1532 1715 1771 1911 1942 1984 2380 2707 3206 3678 4767 5031 5797 6527 7086
6026 1007 1056 1395 1625 2451 3241 4637 4697 5300 5651 6030 6219 6229 6651 7010 7397 7668
6027 330 574 911 1546 1753 1920 2293 3684 4951 5599 5737 6044 6582 6868 7817
6028 949 1054 1701 3257 3734 4404 4407 4666 4885 5440 5687 5968 6313 7355 7547 7753
6029 211 422 1141 1935 2655 2703 3092 3610 3735 3946 4324 4935 5075 5517 5612 6155 7030 7344
6030 74 97 121 743 1033 1258 1835 3354 3577 3753 4285 4755 5687 5763 6026 6423 6827 7155 7368 7622
6031 420 574 1118 1227 1682 1755 2634 3262 3305 3357 3775 3807 5035 5416 6384 7149 7284 7536 7672 7733
6032 668 1175 1353 2483 2975 4003 4497 4533 4589 4893 5461 6269 6809 6960 7247 7278 7799 7853
6033 572 1521 1966 2944 3746 3770 4828 4911 5039 5515 6309 6399
6034 442 607 878 1047 1436 1969 3336 3831 3843 4124 4244 4259 4763 5271 5708 6479 6715 7330 7568
6035 189 473 1993 2599 3014 3349 4260 4300 4958 5739 6091 6201 6590 7530 7647 7815
6036 513 604 787 1487 1846 1894 2493 2564 2709 2892 3057 3507 3608 3738 3746 4173 4290 4316 5099 5228 5243 5836 6674 6716 7658 7716
6037 941 969 1397 2513 3141 3238 4520 5404 5720 6124 6983 7139
6038 65 120 576 675 1650 1884 2454 2672 3427 3537 3747 4130 4271 4658 4761 4883 4978 5418 5733 6947 7395 7601
6039 43 762 908 1228 1421 2016 2235 2486 2644 3942 4017 4040 4453 4741 4786 5566 6148 6815 6819 6903
6040 189 1760 2998 4592 4884 5859 6187 6591 7133 7670
6041 1546 1574 2819 2852 3029 3698 4564 4753 5039 5069 6326 6366 6506 6839 7234 7440 7800 7810
6042 326 388 442 1040 1225 1522 1862 2135 2653 3075 3149 3407 4286 4623 5504 5822 6049 6124 6282 6297 6321 6361 7041 7100 7428 7630 7876
6043 145 518 1049 1789 3512 3603 4042 4548 4629 4839 4950 4971 5410 5604 5921 6587 7159
6044 333 966 1148 1772 1813 2107 2158 2172 2677 2853 2873 2974 3180 3564 4011 4098 4493 4693 4702 4707 5089 5174 6027 6985 7045 7598 7671
6045 405 406 844 1428 1465 1582 2299 2588 2655 2854 3148 3745 4302 4845 4997 5114 5239 5468 5928 6117 6276 6279 6608 7413 7417 7810
6046 446 623 1133 1468 1538 2191 2257 2323 2326 2709 2789 3219 3956 4910 6082 6201 6529 6604 6775 7290 7650
6047 71 487 561 1259 1796 3726 3967 4447 5250 5590 5636 6369 6794 7253 7772
6048 488 1228 1768 2304 2566 2941 2995 3167 3523 3869 3876 4779 5198 5676 5997 6660 6712 6877
6049 645 754 2643 3118 3155 3416 3683 4379 4958 5240 5309 5740 5760 5797 6042 6410 6989 7108 7455 7468 7552 7557
6050 100 215 439 833 2199 2270 2748 3187 3607 3830 4483 4849 4863 5191 6239 6472 6614 6730 6997 6999 7813
6051 470 698 972 999 1030 1126 1348 2047 2076 2085 2290 2496 4003 4830 4965 5183 6137 7224 7460 7639 7701
6052 86 226 429 629 694 819 1324 2247 2491 2523 2792 3138 3266 4039 5013 5072 5289 5605 6493 6521 6819 7207 7366 7583 7618 7697 7881 7927
6053 350 540 1177 1479 1485 1703 2204 2727 2983 3099 3401 3677 4603 4847 4867 5137 5170 5193 6383 6496 7146 7710 7933
6054 43 1196 2805 2859 2943 3216 3394 4127 4255 4455 4526 4873 5141 5598 6000 6001 6250 6940 7154 7424 7594 7790 7913
6055 974 1167 1561 1781 2001 2173 2205 2326 3469 4338 5196 5942 6113 6596 7102 7955
6056 164 286 380 1154 2558 2564 3225 3227 4907 5462 5465 5621 5986 6464 6926 6946 7030 7309 7437
6057 196 323 1633 1959 2578 2967 3392 3838 4579 5361 5800 6412 7635 7669 7733
6058 184 475 1137 1311 1459 1591 1619 1839 2281 3428 3979 4362 5879 6572 6784 7343 7600
6059 42 1778 3385 3624 3857 3969 4703 4794 5055 5229 5350 5524 6259 6644 6733
6060 609 1115 1961 2398 2717 2878 3657 4295 4995 5395 5506 5875 6063 6361 6730 7725 7764
6061 175 467 731 1073 1122 1530 1622 1711 1857 2035 2952 3084 3974 4313 5658 6141 7051 7205 7393 7539 7998
6062 84 652 1145 1268 2580 2639 2901 3801 4469 4926 4939 4979 5048 5763 6786 7334 7487 7488 7615 7732 7792
6063 186 261 345 461 703 772 1107 1370 1498 1962 2459 2896 2962 4137 4144 4519 5361 5456 5458 6060 6321 7013 7318
6064 42 214 1185 1582 2077 2322 2372 2395 2722 2733 2796 2809 2907 2938 2949 3466 3785 4028 4034 4600 4601 5540 5878 6514 6672 7123 7130
6065 78 386 1423 1501 1594 1710 2330 2779 2905 3089 3144 3321 4130 4228 4418 4510 4926 5155 6708 6803
6066 198 1541 1715 2422 2742 3514 3806 3853 4727 5291 5324 5973 6762 7290 7663 7846 7898
6067 280 1227 1770 2338 2721 2752 3367 3490 3582 3689 3998 4473 4595 4622 5214 5556 5649 5880 7019
6068 285 636 3008 5185 5219 5629 5951 6111 6606 6933 7105
6069 1321 1343 2106 2700 2755 2798 2923 3251 3596 3851 4413 5453 6231 6253 6724 7097 7939
6070 515 675 860 969 972 1201 2000 2141 2156 2964 3092 3520 4621 5392 5894 6191 6477 7177 7770 7923
6071 306 431 456 798 1533 2737 3388 3472 3772 3794 3845 4083 4097 4245 4331 4833 5381 5701 6093 6142 7945
6072 109 1503 1733 2081 2382 3301 3340 3547 3822 4423 4799 6015 6179 6282 6418 6503 7016 7138 7718 7965
6073 802 2691 2727 4215 5029 5887 6864 7100 7498 7931
6074 202 667 696 932 1399 1600 2305 2832 3426 4210 4700 4810 4834 5162 5816 6410 6491 6839 6942 7693 7844
6075 0 46 71 85 122 282 422 608 928 2204 2561 2571 3314 3559 4727 4795 6099 7374
6076 36 448 995 1017 1227 1310 1396 1470 2147 2606 3468 4239 4416 4856 5115 5276 6115 6268 6833 6936 7336 7351 7714
6077 226 520 585 613 848 1173 1507 1635 1760 2042 2109 3563 3977 4230 5576 5621 6115 6560 7139 7710 7894 7907
6078 1 55 1160 1707 1898 2045 3409 3918 4083 4203 4252 4625 4640 4757 4980 5305 5512 5995 6098 6228 6826 7266 7876
6079 1308 2406 2436 2446 2795 2880 3115 3442 3598 3816 3935 4690 4954 5156 5569 5801 6548 6914 7222 7587 7672
6080 429 652 1006 1507 1683 2173 2468 3308 4001 4173 4244 4325 4869 5414 5508 5805 6736 7344 7859
6081 685 1206 1445 2683 3110 3788 4262 5097 5192 5294 5336 5591 6226 6395 6739 6795 6935 7276 7707 7714
6082 68 516 1146 1300 1329 1416 1438 1528 1672 1826 2163 2409 2563 2720 3141 3609 4300 4373 4905 5122 5148 6046 6198 6460 6953 7050 7641
6083 438 531 1032 1169 1313 1697 1720 3729 4283 4519 4527 4672 5151 5453 5620 5724 6310 6349 7578 7651 7710 7962
6084 304 392 784 975 1847 2554 3059 3274 3483 4385 5129 5226 5580 5977 6089 6523 6627 7611 7915
6085 251 633 689 1105 1929 2180 2876 3183 3586 5305 5478 5489 5519 5800 6963 7188
6086 220 1149 1443 1455 2520 3476 3694 4174 4879 5174 5509 7178 7879 7987
6087 409 855 896 1721 2245 2486 2782 3737 4006 4095 4246 4796 5273 6139 6493 6524 6780 6874 7170 7749
6088 8 711 732 907 1712 1981 2020 2126 2354 2779 3058 3207 3346 3576 3965 4234 4737 4949 6184 6480 6649 6950 6980 7014 7327 7717
6089 50 557 717 1475 1776 2153 2267 2384 3428 3444 3563 3981 4129 4467 5037 5049 5572 5959 6084 7135 7155 7519
6090 449 900 1056 1258 1288 1901 2158 2183 2272 2347 2606 2886 2977 3190 3196 3700 3960 4128 4368 4732 4918 5285 5924 6137 6622 7001 7769
6091 1164 1460 1813 1933 2442 3586 3603 3630 4163 4466 4556 5161 5443 5670 5858 6035 6504 7144 7246 7441 7984
6092 434 891 1373 1916 1925 2326 2505 2784 2795 3534 3564 3772 3994 4782 5658 5864 7247 7404 7947
6093 400 733 1176 1696 2039 2148 2588 2628 2746 3050 3108 3467 3524 3721 4715 5958 6071 6387 6533 7587
6094 153 638 2110 3024 3225 3343 3643 5386 5446 5739 6009 6456 6891 7296 7892
6095 811 2051 2524 2538 2634 2700 3689 4595 5063 5401 6013 6459 6664 6978 7739 7947
6096 236 308 318 892 1161 1288 1418 1552 1874 2183 2278 3323 3584 3823 3916 4207 4839 5729 5960 6008 6279 6836 7129 7606
6097 1511 3027 3255 3637 4013 4319 4463 5034 5257 5481 5726 5823 6743 6894 7036 7163 7334 7782 7912
6098 851 1122 1264 1471 1562 2470 2499 2599 2818 3130 3428 3432 3574 4892 5218 5248 5688 5889 6078 6218 6221 6223 6499 7456 7541
6099 48 452 711 1898 2280 2400 2920 3266 3599 4070 5983 6075 6204 6349 6351 6419 6984 7263 7403
6100 393 575 1219 1780 1911 1931 2583 2626 2870 2926 3888 3897 4024 5582 6125 7408 7503 7708
6101 944 2354 2522 2548 3372 3700 3909 4558 4941 5607 5838 6276 6302 6887 6924 7071 7100 7596
6102 2 617 824 1226 1539 1646 2249 3090 3350 4038 4157 4617 4904 4944 5459 6414 6875 6958
6103 293 799 1107 1507 1731 3081 3239 3504 3561 4171 4537 4578 7786 7988
6104 54 738 1143 1154 1493 1965 2935 3942 4087 4143 4336 4378 4772 5279 5582 6991 7358 7486 7901
6105 189 236 288 1130 1191 1333 2098 2450 2612 2792 3724 4439 4644 5183 5220 5670 5734 7216 7427
6106 1082 1479 2058 2652 2666 2833 2835 3455 3620 4160 4187 4430 5041 5135 5613 5719 5979 7885
6107 117 337 1067 2762 2889 2961 3226 3646 3969 4078 4234 4373 4699 5260 5383 5686 6396 6539 6622 7044 7175 7894
6108 1434 1988 2227 3781 4022 4370 4533 4623 4704 5801 6195 6679 7037 7047 7255 7327 7715
6109 603 654 1083 1133 1218 1226 1437 2168 2198 2453 3521 3834 4430 4462 4950 4986 5485 5534 6168 6202 6331 6465 7429 7762 7848
6110 81 221 836 955 1094 1589 2876 2945 3665 4013 5786 5997 6547 6670 6938 7189
6111 139 919 1148 2030 2593 2611 2630 2674 3678 4157 4164 4315 4868 5125 5219 5552 5748 5831 5844 6068 6357 6918 7321 7735 7960
6112 297 486 560 646 741 1718 1760 2419 2521 2599 2659 2855 3370 3780 4000 4747 4815 4883 5033 6205 6475 6779 7610 7915
6113 194 219 345 1205 1474 1702 2313 3076 3320 3610 4283 4325 4937 4952 4957 5147 5415 5728 5922 6055 6831 7003 7389 7601 7999
6114 531 899 947 1976 1991 2820 3457 3538 3886 4411 4780 5305 5445 5689 5959 6878
6115 1193 1326 1798 1815 1960 3718 4072 4169 4179 4612 4766 4793 4895 6076 6077 6433 6443 6939 7262 7373 7805
6116 229 580 933 1234 1241 2116 3343 4302 4932 5380 5521 5692 5811 6610 7003 7467 7801 7808 7929 7975
6117 238 687 692 1101 1633 1848 2056 2101 2319 4138 4275 4930 5255 5365 5873 6045 6266 6277 6656 7661
6118 39 574 664 1552 1847 2584 2713 2754 3440 4191 4738 4763 4807 5628 5746 5966 6335 6436 7300 7723 7839
6119 403 890 1126 1291 2017 2305 2644 2661 2809 3022 3140 3539 4498 4559 4918 5849 5971 6205 6301 6865 7343 7664 7806 7858
6120 37 761 888 1412 1638 1859 2118 2778 2823 3097 3128 3277 3834 3919 3941 4101 4259 4541 5488 5693 5798 5838 6379 6415 6500 6623 7196
6121 424 1334 1371 2039 2267 2517 2658 2711 2731 2934 3365 3521 3739 4410 4483 5228 6443 6493
6122 406 857 971 1197 1483 1489 1542 1755 2459 2858 3198 3307 3433 3915 4926 5285 5626 5761
6123 3 579 952 1073 1330 1379 1469 1863 2011 2280 2400 2526 2558 3004 4647 5528 5588 6211 6867 6931 7153 7477 7801
6124 288 421 738 761 1377 1534 1675 2119 2245 2533 2675 2986 3376 4259 4622 4807 5699 5716 6037 6042 7163 7526 7549 7577
6125 238 434 460 929 941 996 1177 1500 1687 1936 2085 2244 2656 5345 5351 5733 6100 6312 6512 7068 7383
6126 31 175 286 402 551 1413 1576 1682 1988 2012 2805 3183 3987 4890 5293 5322 5505 6139 6534 7661
6127 106 1205 1234 1442 1640 2116 2477 2655 2879 3039 3200 3354 3759 3798 4108 4254 4340 4643 5063 6266 6575 6789 7728
6128 21 802 824 1567 1927 2732 4508 4701 5088 5407 5667 6377 7219 7966
6129 499 818 1707 1841 2344 2576 3767 4026 4037 4221 5250 5282 5307 5509 5626 6957 7446 7649 7849
6130 461 1016 1499 1688 1896 3068 3312 3431 3660 3805 3870 4521 4775 4895 4987 5153 5187 5597 5859 5987 6428 7535 7619
6131 48 221 913 1170 1748 1759 2015 2081 2096 2124 2462 2686 3132 4359 4549 4837 5333 5608 5747 6251 6524 6894 6931 7196 7623 7839
6132 219 342 413 574 1166 1277 1549 1689 2342 3300 3639 4061 4067 4318 4460 4588 4703 5794 5979 6643 6817 7159 7224 7766 7968
6133 138 157 751 1113 1393 1717 2137 3724 3740 4119 4120 4266 4417 6471 6533 7685
6134 149 577 1202 1787 1940 1982 2079 2270 3140 3270 3757 3821 4225 4866 5337 5785 6159 6971 7392 7599
6135 137 169 264 1009 2304 2393 2625 2627 2873 3130 3605 3768 4733 5014 5374 5434 5715 5773 5945 6248 6363 7133 7349 7869
6136 539 1035 3043 3811 3834 4975 5039 5066 5194 5346 5813 7763 7959
6137 79 430 2210 2262 3654 4269 4287 4346 4369 4803 5613 5733 5835 6051 6090 6397 6434 6612 6958
6138 886 1027 1694 1723 2331 2757 3074 3322 3438 3500 3641 3993 4033 4108 4419 4728 4753 5333 7252 7599 7975
6139 302 715 1462 1707 1789 2213 2952 3125 3420 3554 4617 4706 6087 6126 6335 7031 7042
6140 454 617 1107 1339 1460 2064 2811 3244 3760 3957 4251 4620 5169 5572 6498 6509 6626 6652 6671 6761 6797 6933 6962 6984 7191 7448
6141 1886 2166 3366 3386 3391 3629 4358 5516 6061 6174 6659 6754 6969 7053 7242 7491
6142 471 491 531 536 1325 1536 1759 1850 2035 2852 2917 3090 3238 4103 4567 4646 5761 6071 7058 7152 7451 7636
6143 610 638 678 832 911 1521 1680 1939 2656 3145 3544 4733 5038 6635 6770 7107 7211 7604
6144 35 69 228 747 1439 2261 2419 3419 3453 3787 4205 4486 5159 5251 5520 6020 6233 6587 6814 7345
6145 498 572 981 1021 1027 1588 2137 2451 2610 2647 2953 3470 3715 3936 3971 4285 4300 4593 4655 4918 5021 5239 5240 6371 7190 7547 7824
6146 371 594 1182 1241 1273 1457 1922 2038 2472 2830 3757 4514 4568 4767 4904 5701 5957 5970 6352 6837
6147 162 170 1457 1569 2162 2233 3300 3404 4871 5052 6520 6627 7796
6148 165 776 1141 1943 2254 2431 2699 3945 4047 4539 5647 5694 5931 6039 6208 6521 6697 6839 6901 7470 7729
6149 301 569 760 1221 1524 2809 2935 3269 3674 3856 5501 5649 5983 6179 6316 6486 6797 6946 7004 7332 7445
6150 109 371 622 628 1058 1548 1657 2140 3330 3566 4317 4544 4681 4817 5964 5967 6777 6939 7876
6151 45 145 267 663 1538 1577 1827 2179 3047 3590 4508 4759 4805 5049 5121 5122 5200 5277 5413 5643 6887 7140 7553 7622 7950
6152 93 389 656 2637 2846 2937 3691 4150 4153 4467 4651 5338 5560 6003 6159 6739 6917 7649
6153 405 1059 2069 2357 2469 2712 3430 3724 4716 5111 5528 6350 6521 6600 6611 7437 7553 7649 7912
6154 399 948 1104 2035 2162 2262 2365 2768 3020 3223 4197 4352 4528 4676 5134 5433 7088 7566 7572 7951
6155 153 1024 1619 1957 2077 2431 2970 2999 3034 3108 3129 3139 3172 3345 5521 5918 6016 6029 6180 7088 7191 7748
6156 852 855 891 1808 1947 2295 2418 2703 2960 3046 3148 3557 3611 3815 4431 4734 4849 5268 5417 5907 6428 6594
6157 184 654 753 828 1859 2079 2336 2926 3047 3574 3762 3807 4331 4647 4742 5852 5894 6356 7023
6158 5 1042 1413 1417 2462 2736 3464 3666 3724 3789 4240 4730 6384 7635
6159 26 1666 3350 3847 4353 4465 4580 5003 6134 6152 6829 6959 7752 7796
6160 75 445 460 899 935 1247 2038 2108 2418 2846 3148 3645 3938 4313 4440 5501 5834 6261 7102 7282 7638
6161 731 1642 1754 1819 2579 2653 3544 3941 3943 4019 4208 4369 4455 4720 5386 5474 6000 6401 6475 6487 7055 7456
6162 60 331 527 725 831 940 988 1090 1544 1738 1953 2229 3484 4103 4695 4986 5427 5534 6530 6893 6945
6163 311 542 1450 2019 2234 2345 2864 2955 3037 4158 5203 5393 5599 6457 6489 7237 7266 7336 7735 7784 7787 7890
6164 279 560 962 1322 1645 1810 2170 2239 2469 2509 2588 3342 3554 3573 3828 3914 4597 6368 6481 6523 6826 6988 7809 7954
6165 483 1079 1108 1316 1948 2936 5388 5552 5616 5661 6703 6952 7153 7738 7791 7961
6166 39 189 758 830 1624 2130 2389 2652 2735 3125 3549 4109 4528 4594 4684 6465 6777 6814 7182
6167 199 550 1058 1176 2210 2775 2792 4422 4778 4801 4908 5997 6006 6433 6558 6610 7064 7584 7957
6168 754 787 1033 1393 1483 2566 2701 2742 2811 3281 3424 6109 6194 6518 6754 6991 7608 7631
6169 555 1244 1338 1354 1750 1999 2258 2422 2587 2723 3094 3820 4497 4638 4908 5165 5474 5981 6332 7264 7475 7509 7624 7882
6170 189 243 417 625 2093 2139 2237 2887 3364 4178 4588 5827 6383 6401 7089 7850
6171 70 430 1454 1512 1680 2207 4753 4924 4983 5267 5350 5952 6244 6708 6755 7635 7801 7837
6172 902 1106 1798 1890 2006 2140 2347 2959 3245 3553 3708 3983 4126 4186 4418 4425 4863 4970 5215 5775 6413 6500 7335 7563 7898
6173 523 812 975 1459 1560 1664 2314 2586 2631 2993 3794 3894 4182 4823 5154 5984 7400 7996
6174 45 259 1913 1924 2252 2781 2783 2902 3139 3557 3886 4865 5038 5242 5407 5533 6141 7303 7584 7788 7883 7926
6175 8 607 1144 1422 1633 1862 2636 2755 2891 2938 3361 3403 3689 4385 4749 5883 7165 7239 7398 7533 7880
6176 49 69 209 383 626 1304 1623 1676 2575 3051 3226 3782 3981 4082 5242 5470 5860 6268 6278 6661 6987 7087 7570 7812
6177 148 195 297 1010 1241 1577 2098 2715 2903 3154 3350 3392 3669 3893 4291 4398 4449 4979 5020 5455 5989 6404 6524 6604 6727 6783 7953
6178 35 347 1026 1214 1900 2191 2341 3115 3154 3428 4220 4339 4600 5018 5083 5434 5649 5663 7717 7748
6179 210 583 983 1140 1698 1722 2585 3050 3248 3367 3862 4037 4720 5361 5639 5752 6072 6149 7011
6180 423 552 705 878 925 1900 1952 2130 2928 3825 4107 4346 4917 5041 5686 6155 6296 6510 6745 6924 7689
6181 391 412 755 768 1009 1396 1855 2175 2227 2256 2980 5061 5202 5254 5522 7446 7529 7537 7823 7999
6182 150 304 339 1193 1566 1675 2559 2916 3896 4588 4604 4834 5062 5665 6797 6901 7022 7091 7151 7406 7664
6183 70 404 650 1128 1402 2125 2433 2820 2825 4270 4407 4451 5756 5977 5992 6464 6489 7947
6184 11 29 34 76 1258 1614 2313 2666 3015 3071 3440 4358 4443 4733 5670 6088 6536 7091 7854 7886
6185 729 2011 2077 2331 2821 2834 3038 3390 3604 3769 4227 4361 4486 5122 5306 5764 5826 6205 6236 6816 7177 7323 7533 7932
6186 169 240 322 1285 1481 1500 1726 1866 2023 2825 3011 3209 3374 3598 3758 4407 5314 5670 6018 6378 6419 6773 7287 7404 7428 7600 7640 7711
6187 136 689 1223 2174 3372 4815 5414 5544 6040 6233 7004 7371 7745 7790 7998
6188 118 231 328 389 1050 1578 1798 1884 2387 3446 3633 4611 4773 5707 5901 6375 6608 6883 6915 7178 7205 7317 7477
6189 134 555 725 1208 1405 2599 3269 3484 3727 4441 4520 5582 5651 5741 5861 5915 5962 6435 6491 6510 7040
6190 114 539 883 1457 1637 2811 2883 3001 3206 3208 3374 3733 3781 4112 4411 4528 6623 7141 7148 7629 7744 7805
6191 1634 2207 2655 3109 4362 4843 5433 5603 5763 6070 6884
6192 280 559 564 1299 1590 1940 2428 3295 3387 3866 4394 4861 5207 5317 6318 6985 7118 7366 7389 7642 7799
6193 679 994 1527 1563 1729 1732 1978 2254 2539 3110 3389 3467 3551 3734 4003 4012 4463 4889 5070 5633 5742 7535 7954
6194 32 466 580 2686 2984 3357 4121 4356 4952 5028 6168 7072 7351 7491 7640
6195 785 951 1006 1039 1526 2408 2507 2730 2902 2946 2952 2982 3368 3751 4449 4555 4569 4951 5022 5355 5634 5771 6108 6285 6451 6575 6974 7292 7356 7904
6196 536 1515 1557 3111 3357 3358 3604 4054 4076 4355 4370 4419 4457 4579 5774 5957 6474 6680 6696 7763
6197 715 825 1492 1524 1599 2021 2072 2171 2376 2405 2456 3710 3735 4367 4381 5249 5315 5603 7016 7568
6198 394 1077 1890 3408 3519 3556 3659 3665 5286 6082 7119 7206 7328
6199 291 1983 2139 2350 2484 5004 5156 5436 5902 6678 7631 7767 7893
6200 7 28 583 598 840 1148 1324 1419 1906 2245 2384 2405 2533 2691 2736 2786 2873 3104 4094 4287 4327 4487 5619 5677 5910 5933 6708 7009 7284 7855
6201 1088 1361 1377 2493 2592 2844 3098 3846 4699 5305 5502 5850 6035 6046 6257 6880 6890 7752 7802
6202 398 555 1507 1688 2873 3342 3917 4694 4989 5101 5319 5391 5903 6109 6562 6791 6870 7035
6203 1187 1627 2080 2853 3052 3655 4124 4544 5067 5152 5446 5615 5668 6238 6359 6422 6543 6632 6921 7279 7433 7876 7911
6204 760 856 879 1165 1417 1478 2316 2624 3425 3629 4095 4302 4603 4874 5439 5713 6099 6322 6454 7444 7914 7944
6205 947 2020 2038 2708 2727 2795 3098 3443 4022 4038 4202 4498 4577 4810 4811 5605 5656 5881 6112 6119 6185 6297 6405 6707 6788 7189 7337 7947
6206 253 1411 1531 1586 1739 2526 2646 3680 4072 4421 5212 5912 6470 7363 7834
6207 47 186 414 470 510 1376 1921 2047 2055 2774 2858 3207 3912 4316 4449 4590 4728 4866 4871 5852 7537
6208 126 919 1076 1174 1175 1617 1964 2681 2790 3017 4266 4344 4521 4742 5985 6148 6420 6624 7381 7893
6209 465 496 668 686 1520 2219 2558 2698 2913 3474 3772 4458 4613 4947 5348 5800 6664 7000 7270 7376 7392 7437 7440 7547 7637 7865
6210 26 167 265 1320 1504 1680 1788 2204 2428 3666 3824 4062 4461 4514 4594 4618 4694 5252 5622 6022 6240 7091 7430 7523 7609
6211 163 296 761 1202 1635 1990 2413 3751 4163 4580 4671 4717 4832 4959 5283 5754 5839 6123 6403 7707
6212 17 371 898 1096 1379 2007 2135 2887 3605 3745 4191 4781 4976 6411 7521
6213 90 562 1099 1259 1452 1601 1874 2587 3087 3385 3713 3800 4150 4152 4409 4569 5111 5527 5692 5803 6247 6417 7080 7976
6214 156 344 487 2304 2474 2568 2748 2772 3556 3775 3821 4353 4463 4584 4981 5005 5486 5557 5670 6277 6394 7317 7724 7753 7868
6215 26 50 2219 2318 2380 2666 3419 3873 3978 4855 4884 4994 5031 5259 6337 6360 6665 6857 7394 7414 7464 7632
6216 301 554 2085 2981 3035 3268 3554 4546 4634 4898 5190 5650 6331 7020 7447 7644 7992
6217 1830 1921 2420 2567 2995 3633 4144 4663 4792 4794 5134 5210 5329 5681 5728 5997 6513 6677 6707 6732 6907 7066 7164 7414 7782 7992
6218 334 1126 1720 1790 1813 2402 2705 3084 3763 4181 4664 4684 5128 5129 5347 5748 5842 6098 6713 7343
6219 912 1185 1228 1502 2985 4069 4246 4370 5091 5429 5585 6026 6316 6359 6429 6514 7029 7095 7674
6220 296 331 547 996 1553 1652 1684 2381 2930 3175 3548 3873 4177 4244 4383 5998 6801 7106 7207
6221 11 373 695 796 1096 1706 1729 1802 1886 1989 2953 3152 3275 3278 3806 3868 4002 5083 5327 6098 6326 6523 6643 6697 7554 7593 7693 7885
6222 525 765 1101 1262 1506 1995 2122 2231 2599 2857 3460 3786 4546 4648 6237 6260 6372 7223 7600
6223 821 1423 2355 2580 2763 3250 3825 3884 4558 4715 5327 5894 5941 6098 6237
6224 146 413 523 636 685 766 944 1076 1116 1361 1493 1508 2048 2270 3170 3189 3891 4205 4305 4327 4725 4818 4830 5158 5450 6258 6317 6909 6923 7247
6225 103 684 1181 1254 1365 1880 1885 2010 2797 2911 3465 3693 3951 4054 4243 4365 4455 4468 4975 5327 6000 6456 7427
6226 37 145 300 712 1018 1086 1619 1840 2020 2271 3702 3792 4577 5653 6081 6325 6329 6350 7220 7479 7781 7883
6227 499 1431 2177 3692 3786 3867 4466 5899 6642 6960 7163 7817 7905 7959
6228 90 672 1838 2535 3048 5147 5639 6078 6952 7023 7141 7827
6229 412 1084 1639 2088 2308 2464 2806 3119 3249 3451 4049 4114 4205 4480 4520 4879 5293 5341 5486 5892 6026 6512 7165
6230 516 1989 2355 2375 2640 3046 3342 3708 3791 4931 5012 5328 5329 5462 5638 5922 6496 6631 7097 7292 7869
6231 291 329 394 557 1035 1510 1852 2818 3410 3626 3707 5052 5590 6069 6503 7303
6232 563 698 778 1733 1873 2279 2766 3192 3527 3619 3721 3875 4352 4947 5099 5764 5991 7034 7829
6233 224 454 1012 1290 1440 1493 1498 1520 1758 2627 3028 3282 3628 4223 4252 5415 6144 6187 6632
6234 315 413 919 1423 2178 3024 3159 3535 3619 3683 4264 4493 4815 5979 6520 6610 6827 6955 6963 7009 7423 7434 7475 7844
6235 281 996 1341 2777 2979 3893 4461 4526 4924 5264 5296 5831 6326 6409 6772 7771 7794
6236 188 271 414 562 679 775 1105 1482 2037 2360 2507 2597 2747 3194 3400 3707 3925 4546 4661 4905 5035 5284 5379 5391 5422 6185 6803 7205
6237 966 1297 1317 1629 2523 3298 3318 3820 4210 4597 5519 6222 6223 7418 7972
6238 790 1514 2311 2467 2519 3628 3673 3807 3990 4465 5754 5857 5922 5960 6203 6445 6521 7001 7280
6239 213 764 1596 1674 1757 2197 2313 2529 2783 4164 4468 4619 4808 5268 5437 6050 6583 7032 7350 7708 7901
6240 7 368 917 1173 1262 2889 3700 4065 4520 4881 4982 5783 6210 6846 6985 7154 7264 7784 7872 7877
6241 456 1993 2366 2883 3737 4123 4304 4364 5119 5435 5531 5540 5860 6352 7150 7717
6242 841 2108 3177 3183 3488 3660 3910 4305 4553 4639 5013 5642 5705 6253 6447 7509 7626
6243 1091 1199 1346 1507 2260 2932 3096 4100 4584 4705 5046 5265 5303 5482 7143
6244 247 628 786 1586 2181 3498 3609 3666 3704 3797 4095 4151 4159 4386 4647 4695 5079 5109 5291 5514 5905 5953 6171 6400 6423 6454 7181 7511
6245 372 890 1310 1357 1610 2046 2232 2928 3499 3576 3726 4008 4321 4441 4804 5143 5274 5288 5400 5602 6761 6901 7241 7346
6246 1215 1249 1387 1752 2385 2434 3908 3946 4001 5263 5298 5318 5510 5966 6716 6975 6978 7256 7394 7454 7572 7625
6247 175 2058 2092 2486 3182 3503 4022 4036 4045 4215 4244 5366 5973 6213 6293 7233 7326 7895 7948
6248 178 631 1232 1244 1986 3021 3189 3423 3797 3884 4511 6135 6419 6803 7012 7024 7234 7711
6249 1146 1361 1905 2063 2310 2383 2762 2856 3064 3639 3722 4593 4676 5301 6418 6574 6653 7352
6250 650 1137 2007 2353 2744 4349 6054 6491 6528 6650 6868 6931 7135 7242 7319 7596 7632
6251 72 461 1468 1939 2683 3420 3725 3904 3989 4183 4217 4490 4635 4939 5179 5280 5535 6131 6356 6717 6880 7537 7621 7917
6252 119 880 1130 2409 2437 2503 2803 3751 4097 4753 4906 5813 6270 7512 7561 7745
6253 80 86 1584 1972 2581 2631 3691 4161 4859 5552 5603 6069 6242 6519 7578 7716 7900
6254 134 989 1545 1706 1865 2083 2226 3460 3467 4056 4342 4478 5469 5588 5619 5884 6827 7048
6255 929 1173 1653 1766 2267 3981 4819 5363 5620 6904 6992 7306 7384 7393 7728 7760
6256 379 1130 1459 1524 1791 1942 1968 2280 2724 3355 3411 4368 4534 4647 4871 5850 5980 6962 7047 7160 7209 7498 7542 7759
6257 122 143 429 472 1068 1148 1642 1790 1899 2276 2420 3050 3798 3866 4409 4445 5065 5491 6201 6842 6982 7194 7621 7845
6258 161 886 1030 1354 1414 1801 1971 2157 2441 2533 3075 3218 3814 4361 4470 4980 5384 5608 6224 6601 6651 7484 7905 7994
6259 311 865 877 1117 1375 1393 2367 3322 3800 3875 4273 5785 6059 6364 6811 6973 6982 7872
6260 2209 2290 2574 2631 2761 2783 3613 3736 3762 3964 6222 6424 7630 7851 7998
6261 588 673 1947 2338 2712 3315 3580 3727 4124 4185 4293 4308 5619 6160 6708 6971 7177 7407
6262 517 654 1145 1505 1845 2107 2129 2657 2962 3116 3326 5187 5196 5268 5563 5579 6392 7251
6263 185 770 1044 1149 1438 2545 2616 2778 3671 3778 4103 4419 6841 6907 7173 7271 7534 7646
6264 559 595 777 926 937 1016 1636 1771 2078 2165 2613 2925 3327 3491 3523 3804 3983 4219 4555 4736 4783 5040 6491 6886 7048
6265 532 991 1057 1921 2338 2852 3034 3943 4285 4628 4645 4647 4762 5321 6577 6711 6897 7131
6266 27 614 736 868 916 1791 2687 2956 2976 3430 3568 3818 3831 4346 4378 4856 4965 4970 6117 6127 6466 6659 6896 7392 7637 7640
6267 280 525 602 1126 1692 2384 3023 3197 3266 3427 3638 3877 3945 4504 4610 4781 5199 5222
6268 545 563 936 997 1286 1389 1818 2084 2373 2814 2834 2867 2881 2904 2987 3051 3157 3168 3203 3331 3748 5145 6076 6176 6742 7017 7296
6269 169 684 1129 1242 1464 1613 1871 2055 2434 3328 4405 4607 4705 4908 6032 7636 7794
6270 184 515 1317 1468 1886 2136 2647 2864 3245 3647 4275 4453 5165 5385 5435 5902 6252 6691 7287 7542 7821
6271 754 769 1133 1376 1508 1534 2249 2265 2690 2750 3081 3561 4158 4840 5059 5318 5717 5785 5787 6792 6983 7523 7675
6272 140 250 312 851 1475 2298 2883 3300 3324 3434 3655 3765 3778 3802 3896 4198 4665 4875 5113 5129 5424 5648 6639 6775 7167
6273 336 692 807 2416 2464 2554 2868 2894 3642 3831 4025 4450 5748 5775 6611 6899 7319 7617 7627 7687
6274 132 179 1334 1624 2485 2638 2924 2974 3415 4254 4489 4827 4944 5039 5252 6596 6705 7220 7709
6275 14 654 741 883 1233 1778 1918 2116 2166 2277 2292 2776 2891 2927 2931 3040 4422 4498 4760 5058 6351 6537 6819 6953
6276 1112 1320 1612 1645 1749 1907 2164 2689 3012 3164 3172 4482 5121 5320 5495 5908 6045 6101 6751 7402 7820 7823
6277 1095 1599 2827 2958 3317 3829 4466 5424 5804 5996 6117 6214 6405 7045 7319
6278 71 683 1408 2000 3079 3212 3565 4312 4369 5110 5341 5638 6176 6909 7456 7488 7589 7861 7917
6279 575 717 1096 1483 1666 2092 2108 2126 2410 2491 3378 4253 4959 5139 5332 5417 5465 6017 6045 6096 6887 7354 7457
6280 69 363 366 1290 1600 1918 2155 3907 4106 4881 5776 5849 5933 6835 6849 7007 7577 7868
6281 38 338 390 698 1147 1325 2531 2737 2864 3680 4541 5952 6398 6524 7148 7408 7538 7809 7825 7995
6282 242 792 1182 1217 1274 1972 2600 2631 3507 3819 4183 4235 4303 4606 5236 6042 6072 6631 6710 6928 7455 7880
6283 156 622 1629 1837 1865 2057 2293 2637 4078 4510 5369 6010 6775 7180 7505
6284 575 1107 1706 2003 2013 2157 2247 2529 2566 2674 3362 3501 4132 4514 5539 6650 6773 7121 7183 7238 7627 7832
6285 2 62 109 147 214 311 1137 1391 1658 1665 3140 3317 3419 6195 6863 7413
6286 344 471 709 1985 2276 2593 3052 3253 3829 4458 4696 4833 4948 5460 6387 6636 7213
6287 363 555 631 974 1137 1198 1439 1686 2045 2643 3543 3617 3834 4089 4176 4708 4921 5937 6686 7206 7338 7850 7874
6288 187 4668 4680 5160 5486 6805 7261
6289 302 398 1150 1388 1638 1786 2140 3145 3196 3743 4014 4500 4586 4854 4873 5418 5466 5582 5602 5677 5847 6422 6871 6926 6985 7045 7823
6290 339 2445 3512 3746 3834 4115 4742 5027 5560 6465 7099 7110
6291 576 735 903 1004 1063 1501 1596 1604 1943 3177 3630 3689 4056 4220 4281 4309 4604 5203 5280 5752 5818 6445 6622 7012 7910
6292 1 1069 1567 2306 2530 2803 3303 4422 4635 4774 6448 6743
6293 941 972 1784 2625 3253 3274 3990 4198 4241 4444 4845 6247 6477 6542 7795 7877
6294 509 872 1569 1596 1846 2085 2090 4151 4336 4482 4756 5223 5827 6742 7291 7399 7581 7869
6295 18 323 366 472 761 1917 2215 2261 3342 3728 4162 4213 4589 4988 5409 5514 6387 6538 6835 6859 6923 7081 7123 7181 7191 7431
6296 634 986 1268 1978 2288 2906 2908 3535 5236 5814 6012 6180 6310
6297 923 1213 1576 1859 1918 2096 2251 3309 3678 3796 3925 3980 3986 4680 4917 5714 5796 6042 6205 6377 6727 6781 6833 7134
6298 85 369 458 1143 1263 4392 4560 4590 4795 4839 5378 5790 5930 6501 7177
6299 542 782 997 1830 1993 2059 2322 3378 3631 4446 5475 5550 5903 6510 6661
6300 1064 1907 1927 2264 2944 3486 3553 4198 4341 4463 4605 5110 5342 5506 5564 5686 5711 5866 6433 6783 6854 7260 7886
6301 364 1154 1229 1330 1599 1876 1912 3671 4007 4125 4441 4757 5559 5707 5984 6119 6432 6771 7297 7420 7905
6302 460 1126 1486 1974 1987 2542 2573 3034 3635 3991 4118 4504 4525 4566 4690 4906 4916 6101 6395 7301 7404 7494 7609 7633 7760 7822
6303 450 453 987 1339 1589 1827 1832 2000 2397 2465 2498 2564 3335 3726 3734 5503 5649 5670 5805 6021 6666 7529 7969
6304 283 316 1072 2336 2425 2866 4891 5017 5335 5791 5827 5866 6458 6526
6305 319 545 786 1221 2298 2667 2904 3206 3735 3946 4164 4837 5618 6524 6994 7422 7561
6306 434 1462 1463 1732 2432 2599 2998 3082 3117 3806 5670 5803 5809 6838
6307 28 178 183 227 293 950 1398 1410 1865 2384 2968 3191 3266 3906 4221 4298 5592
6308 45 105 388 876 958 1509 2315 2471 2557 3001 3031 3577 4027 4028 4482 4608 6364 6524 6714 6763 7093 7262 7715 7785
6309 88 337 1242 1272 1298 1308 1702 1931 3234 3288 3402 4427 4455 4486 5787 5812 6033 6523 7211 7403 7553 7959
6310 818 1413 2873 3129 3260 4180 4276 4701 4709 5523 5983 6083 6296 6902 7470 7489
6311 278 1621 1955 2370 3028 3805 4136 5081 5235 6315 6682 7399 7681 7814 7858
6312 862 1070 1337 1367 2632 3902 4337 4952 5094 5338 5582 5591 6125 6497 6562 6987 7869 7952
6313 240 454 1002 1081 1504 1647 2286 2694 4044 4528 4556 4698 4770 5949 5968 6028 6473 6638 7437 7460
6314 144 202 218 463 877 1820 2472 2473 3087 3794 3828 4082 4503 5454 5734 6002 6437 7453 7667
6315 240 423 614 1452 2185 2252 2361 2453 2546 3011 3409 3420 4051 4383 6311 6335 6431 6581 6772 6883 7221 7914 7921
6316 124 151 700 1007 1363 1466 3701 3835 4004 5153 6149 6219 6542 7053 7628 7684 7701
6317 47 97 958 1631 2085 2238 2352 2464 2887 3701 4291 4319 4479 4655 4879 4920 6224 6354 6366 6479 6819 7292 7386 7424
6318 1443 1683 1709 1762 2169 2523 2674 2762 3133 3519 4386 4705 4718 4733 5161 5214 6192 7021 7034 7064 7129 7725
6319 31 714 1428 1630 1634 1817 2218 2429 2601 2755 2801 2819 4970 5602 5721 7198 7393 7914
6320 438 495 1262 2236 2822 3067 4202 4536 5826 6786 7130 7229
6321 179 296 1063 1560 1672 1924 2265 2484 2881 3786 3832 3836 3940 4727 4769 5406 5742 6042 6063 6995 7362 7728 7884
6322 11 505 671 1519 1701 1778 2712 3034 3449 4402 4569 4634 4882 5098 5620 5752 6000 6204 6781 7172 7927
6323 1099 1193 1259 1542 1567 2212 2451 2617 2642 2944 3587 3969 4382 4591 5526 5902 5916 6550 7157 7221 7395 7529 7610 7823
6324 151 793 1692 2818 2858 3625 3884 4091 4220 4714 4780 5342 5907 6795 6950 7152 7260 7300 7352 7436
6325 63 307 564 2063 2206 2467 2714 3154 3332 3919 4105 4313 4561 4783 5018 5224 6226 6436 6619
6326 1849 1915 2034 2787 2849 3564 4146 4535 5059 5139 5586 5962 6041 6221 6235 6480 7151 7158 7819 7875
6327 1381 1460 1932 1948 2062 2776 2816 3204 4022 4124 4827 4875 5126 5211 5261 5962 6445 6992 7148 7854 7926
6328 61 522 942 1137 1358 1429 1993 2100 2678 2958 3096 3108 3337 3372 3542 3569 3675 3734 3875 4029 4982 5035 5651 5838 5920 6885 7535 7694
6329 475 884 1650 2222 2732 3023 3515 3739 4653 5230 5805 5960 6226 7107 7501
6330 77 130 232 986 1013 1112 2065 2530 2595 3103 3308 4600 5087 5140 5329 7046 7058 7584 7792
6331 249 990 1474 1499 1563 2334 2513 3414 3848 3998 4126 5429 5712 5759 6021 6109 6216 6840 6872 7115
6332 467 1020 1265 2476 2534 3405 3555 3661 3781 5154 5252 5927 6169 6473 6618 6799 6831 7114 7321 7901
6333 2007 2221 2437 2716 2812 2842 3038 3444 4799 4913 5225 5259 5931 6445 6467 6551 6556 6707 6807 7170 7383 7494 7827 7984
6334 176 223 380 912 1957 3125 3760 3768 3812 3981 4040 4569 4718 4969 4994 5324 5548 5774 5896 6670 6799 6818 6919 7071 7080 7713 7748
6335 626 1310 1321 1506 2075 2480 2483 3476 4747 5150 5270 5662 5973 6118 6139 6315 6608 6761 6793 7390 7512
6336 249 941 2743 3163 3751 4225 4416 4511 5031 5897 6560 6618 7121 7209 7834
6337 959 1345 1591 1715 1753 3225 4151 5164 5568 6215 6494 6640 7761 7980
6338 688 1513 1623 1644 1954 2682 2785 3052 3385 4031 4082 4870 5682 5845 7102 7187 7214
6339 340 724 1009 1253 1919 2116 3673 3768 3824 4197 4276 4522 4647 5257 6366 6540 6696 7210 7656
6340 104 556 888 991 1356 2641 2771 2893 2905 3389 4295 4418 4587 5084 5321 5688 6585 6778 6958 7388 7568 7592 7780
6341 15 230 521 691 1071 1076 2982 4146 4268 5202 5582 6371 6599 6773 7098 7468 7691
6342 34 723 788 1000 1723 1804 1840 2921 3151 3334 3485 4131 4153 4261 4842 4851 5261 5399 5481 5622 5699 5806 6742 6783 6830 7061 7325 7531 7577 7633 7814
6343 186 667 1249 1779 2283 2574 2804 3330 3786 4159 4452 4852 5562 5651 5706 6366 7052 7082 7105 7138 7542 7938
6344 929 2286 2930 4813 4942 5144 5375 5534 5689 6549 7086 7294 7865
6345 130 140 1606 1751 1771 1953 3559 3577 4056 4128 4213 4437 4491 4719 4824 4942 5310 5330 5420 5910 6369 6377 7434 7463 7714 7904
6346 894 1160 2193 3203 3295 4911 5134 5423 7693 7793
6347 160 249 331 518 1042 1457 1604 2011 2621 2692 2735 3248 4681 5438 5889 5939 6353 6359 7065 7102 7132 7825
6348 707 1056 1744 1868 1898 2247 2267 3252 3382 3450 3632 4569 4599 4801 5062 5244 5326 5422 5874 6646 7382 7397 7771 7991
6349 66 228 788 1175 1252 1419 2036 2139 2322 2536 2700 2876 3235 3795 3900 3907 3910 4007 4171 5186 6083 6099 6740 7039 7331 7821
6350 159 400 674 1311 1721 1949 2709 2943 3001 3032 3728 4157 6153 6226 6660 7195 7319
6351 4 608 1013 1057 2035 2864 2903 3131 3967 4081 4325 4529 4777 5192 5327 5389 5853 6099 6275 6663
6352 146 185 306 817 898 973 1004 1819 2570 2971 3978 4438 4769 5361 6146 6241 6875 7035 7190 7428 7561
6353 619 704 1535 2308 3462 3721 4502 4646 4756 4812 4975 5002 5516 6009 6347 6518 6584 7502 7516 7691 7910
6354 458 643 1667 2033 2087 2238 2442 2922 3073 3412 3464 3921 3942 4906 5011 6317 6587 7634 7706 7873
6355 1 103 171 1011 1116 1748 1845 2535 2911 2961 3298 5724 7097 7906
6356 379 720 723 729 989 1277 1541 1554 1732 1762 2175 2237 2347 2601 2717 3937 3938 4633 4771 4908 5067 6157 6251 6733 6766 7165 7309 7317 7336 7562 7582 7731 7899
6357 1057 1202 1246 1553 2162 2259 2467 2776 2846 3034 3457 4204 5457 5711 5772 5891 6111 6556 6677
6358 12 615 1981 2309 2464 2639 2645 3451 3982 4069 4180 4355 4559 5170 5255 5490 5785 6841 7380 7497
6359 102 1669 2095 2225 2322 2938 3059 3209 3391 3427 3442 3506 3621 3629 4479 4494 5352 5651 5686 5779 6203 6219 6347 6438 7357 7435 7442 7884
6360 257 807 1302 1634 1683 2367 2679 3313 3652 3966 4376 5127 5964 6215 6430 6829 7378 7681
6361 249 1160 1455 1799 1887 2336 2340 2349 2525 2917 2997 4546 4747 4987 5575 5592 5607 6042 6060 6619 6699 7167 7455
6362 707 1116 3060 3499 3763 4638 4787 6915 7111 7199 7251 7531 7930
6363 774 832 1058 1603 1900 2073 3017 3860 3866 4429 4646 4989 5472 5696 5733 6135 6391 7109
6364 393 571 588 1056 2171 2306 2765 3379 3460 3710 3748 4943 5304 5341 5438 5489 6259 6308 6475 7166 7635
6365 155 824 1078 1593 2237 2327 2730 2742 3695 4119 4301 4857 4872 5135 5137 5351 7560
6366 387 755 1118 1757 2580 3145 3483 3866 3983 4085 4466 4500 4547 4588 4670 4673 5754 6041 6317 6339 6343 6943 7210 7670 7692 7789
6367 247 1098 2113 2442 3019 4020 4810 4932 4982 5225 5458 5904 5957 6665 7968
6368 24 110 318 890 1830 2508 2575 3116 4231 4456 4954 5073 5462 5863 6164 6459 6574 7448 7835 7862 7974
6369 975 1319 1628 1648 1928 2000 2932 3031 3157 3887 3894 4629 4772 5744 6047 6345 6446 7320 7475 7636 7705
6370 723 1190 2385 2675 2813 2991 3045 3747 3911 4973 5201 5488 5662 5715 5717 5985 7829 7869 7888 7892 7924
6371 490 907 1219 1604 1962 2069 2394 2637 2734 2778 2783 3362 3482 3856 3986 4575 4735 5578 6145 6341 6693 7064 7349
6372 29 591 785 988 1501 1544 2025 2056 2278 2466 2835 2891 3059 3363 3886 4060 4560 4825 5031 5246 5439 6222 6703 7044 7049 7813
6373 71 481 1138 1237 2251 2765 2910 2986 3046 3185 3419 3423 3657 3977 3978 4243 4295 4577 4866 4989 5012 5026 5080 5215 5841 6978 7498
6374 291 365 440 496 512 575 827 1082 1142 1308 2330 3745 3903 4197 4206 4568 6017 6684 6840 7295 7506
6375 18 153 214 340 1129 1187 1699 1743 2022 2813 2839 2942 3014 3186 3968 4000 4137 4262 4369 4617 4889 5097 5238 5321 6013 6188 6797 7212 7293 7846 7908
6376 138 867 1150 1160 1533 2716 2904 3376 3418 4535 4624 4662 5197 5405 5458 5642 5748 5768 5926 7070 7848
6377 1228 1550 2042 2214 2499 2589 2667 4907 5582 6128 6297 6345 6515
6378 63 295 522 1392 1857 2283 2452 3068 3521 3978 4096 4322 4715 4853 4883 5126 6186 6563 6639 6774 6970 7048 7109 7323 7436 7781 7820
6379 609 627 756 1771 2031 2101 2269 2633 3203 3507 3541 4319 4705 5094 5600 6120 7120 7602
6380 323 1790 2231 2429 2577 2699 3019 4380 4460 4598 4713 4867 5507 5635 7080 7250
6381 401 417 1035 1810 2073 2150 2231 2571 2850 3992 4315 4549 4729 4857 5187 5877 5979 7018 7118 7661 7998
6382 154 1781 1838 2118 2307 3200 3254 3849 4270 4605 4934 5474 5620 6386 6568 6655 6788 6855 7237 7508
6383 693 797 1917 2217 2371 2757 2869 3010 3095 3979 4769 5529 6053 6170 6477 6885 6980 7190 7409 7961
6384 906 1193 1266 2368 2598 2822 2854 2933 3087 3351 3671 4018 4571 5342 5592 5807 5887 5889 6031 6158 6755 7880 7891 7911
6385 4 847 1065 1084 1449 1889 2252 2532 2693 2843 2924 3191 3298 3327 3615 4122 4152 4637 4937 7750 7943
6386 540 656 716 1878 1966 2076 2187 2490 2985 3828 3968 4208 4271 5307 5628 5752 5919 6382 6431 6761 6966 7085 7156
6387 23 474 1235 1657 1890 2372 2606 2870 2963 3341 3788 3982 4023 4391 4473 4720 5996 6093 6286 6295 7053 7660
6388 287 978 1905 3477 4776 5296 5735 6764 7162 7258
6389 776 1403 2698 3140 3999 4468 4680 5026 5449 5484 6600 6945 7227 7538 7562
6390 202 696 714 1259 1952 2233 2966 3761 3899 4044 4054 4079 4356 5685 5890 6904 7053 7737 7929
6391 1539 2421 3704 3864 5128 5304 5713 5864 6363 6406 6921 7886
6392 461 598 1760 1980 2019 2373 2499 2534 2748 3196 3336 3414 3570 3642 4474 4816 5116 6262 6493 6569 6631 7040 7124
6393 63 404 458 766 972 1480 1492 2002 2439 3477 3497 3718 4659 4844 5285 5567 5643 5676 6011 6495 7037 7469 7922
6394 277 367 494 1902 2101 2189 2297 2662 2886 3008 3009 3558 3635 3665 4022 4091 4848 4951 5068 5280 6214 6481 7700 7787
6395 117 1077 1248 1640 3957 4016 4271 4276 4723 4828 5367 5598 5950 6081 6302 7701 7944
6396 353 665 1125 2313 2653 2783 4500 4596 5104 6107 7802 7854
6397 537 722 1810 1933 2069 2445 2540 2631 2777 2779 3487 3663 3961 4204 5190 6137 6918 7386 7615 7968
6398 1183 1248 1318 2650 2919 2929 3694 4487 4776 5436 5618 6281 6622 6924 7786
6399 14 484 689 1308 2314 2359 3137 3263 3347 3672 3738 3807 3810 4188 4271 4432 4843 5010 5022 6033 6900 6934 7249 7651
6400 295 485 810 1074 3380 3699 3923 4285 4927 5394 5738 6010 6244 6743 7002 7153
6401 304 1311 2703 2771 3283 3625 4178 4289 5784 6161 6170 6416 7243 7311 7377 7841
6402 1219 2051 3619 3737 3852 4489 4615 5394 6704 6869 7588
6403 278 397 433 530 1213 1400 1479 1901 1933 2035 2160 2375 2945 2986 3173 3320 3639 3867 4010 5979 6211 7811
6404 760 969 1955 2364 2721 3028 3247 3584 4261 5002 5861 5952 6177 6930 7157
6405 837 947 1433 1563 2363 2492 2888 3782 4488 5093 6205 6277 6604 6798 7164 7391 7418 7533 7677 7693 7711 7790
6406 127 361 568 817 1734 1982 2061 2446 2470 2502 2670 2753 3011 3679 3837 4309 4483 4490 5501 5648 5897 6391 6550 6650 7188 7827
6407 128 161 558 630 1115 1967 2651 4027 4990 4995 5239 5744 5863 6585 6674 7013 7845 7954
6408 88 120 2288 2300 2792 3491 4099 4617 4707 4851 5063 5337 6615 7364 7407
6409 92 305 688 717 1605 1857 2695 3131 3196 3502 3644 4836 5220 6235 6635 7379 7380 7571
6410 193 794 795 884 1942 2003 2365 2617 2869 3456 3559 3575 3775 4347 4489 5044 5166 5241 6049 6074 6438 6561 7883 7939
6411 228 1040 1082 1293 1499 1803 1943 2113 2210 2228 2452 2856 3162 3399 3454 3512 3584 3903 4137 4956 5280 5808 5828 5981 6212 6912 7129 7974
6412 152 313 374 552 560 705 1148 1537 2014 2304 2493 2893 3177 3635 4263 4282 5045 5597 5814 6057 6665 6945 7049 7340 7412
6413 61 410 731 1036 1655 3425 3593 3601 3830 4618 4784 4959 5802 6172 6856 6900 7132 7777
6414 710 2434 3041 3355 3482 3834 4381 4506 4560 4603 4943 5688 6102 7297 7611
6415 18 1841 1913 2222 2248 2295 2493 2813 2853 3818 4049 4419 4448 4938 5066 5431 5766 6120 6465 6493 7054 7177 7385 7856
6416 439 1994 2390 4894 5337 6401 6479
6417 65 550 763 892 2807 3210 3465 4342 4813 4955 5165 5191 5827 5945 6213 6879 6995 7050 7371 7596
6418 905 980 1048 1090 1158 1389 1755 2635 3240 3764 5901 6072 6249 6890 7247 7606
6419 457 1093 1298 1336 1736 3451 3595 3697 3936 6099 6186 6248 6579 6876 7499
6420 39 356 777 1024 1275 1316 1358 1401 1628 1736 1808 2093 2331 2653 2749 3362 3419 3554 4885 5057 5079 5231 6003 6208 6480 6825 7203 7296 7699 7766 7866 7921
6421 193 475 731 811 851 1083 1401 1887 2332 2501 2580 2994 3766 3906 4063 4391 5276 5458 5616 5777 5864 6604 6718 7478
6422 343 354 716 1048 1169 1269 1548 1687 1886 1899 2085 2251 2774 3369 4041 4449 4495 5348 5385 5562 5565 6203 6289 7746
6423 137 192 609 1646 2548 3089 3179 4176 5707 6030 6244 6498 6501
6424 668 924 1887 2411 2452 2693 4001 4175 4827 5038 5639 5888 6260 6577 6650 6929 7295 7436 7467 7742 7901
6425 175 523 804 842 1215 1489 2072 2179 2199 2218 2222 2935 3592 3606 3793 3932 4335 4336 5537 5713 6562 6994
6426 157 326 803 1014 1109 1209 1682 2143 2319 3550 3944 4167 7409 7412
6427 11 770 1162 1848 2143 2634 2857 3066 3241 3382 4987 5038 5216 5342 5586 5726 6000 6460 6676 6997 7165 7449 7513
6428 82 87 104 297 589 1114 2071 2678 3056 3243 4231 4322 4693 5163 5215 5933 6130 6156 6805 7480 7669 7815
6429 249 773 1082 1358 1426 1538 1844 2022 2082 2356 2499 2510 3535 3808 4212 4880 5144 5646 5693 5910 6219 6573 6981 7196
6430 31 650 987 2659 3030 4219 4515 4773 4814 5302 5721 5775 5947 6360 6472 6643 6715 6764 6770 7601
6431 663 886 1231 1504 2182 2831 3324 3964 4264 4616 6315 6386 6910 7038 7803
6432 403 574 700 1737 1822 1894 2172 2319 2354 2395 3030 3326 3541 3570 3657 4002 4726 5822 6301 7328
6433 500 646 1100 1257 1440 1740 2462 2811 3045 3571 3702 4118 4137 4938 5235 6115 6167 6300 7248 7267 7426 7442 7832
6434 300 1012 1359 1434 1956 2393 2706 3453 4463 4856 4968 5319 5420 5695 6137 7003 7689 7756
6435 89 923 950 969 1075 1087 2257 2305 2777 2870 3321 3412 3798 4470 4634 4777 5334 5442 5555 5666 5879 5978 6189 6762 6995 7121 7159 7847
6436 2 360 579 609 672 1146 1732 3015 3130 3495 4728 4753 4908 5067 5329 5370 5452 5859 6118 6325 6906 6940 7613
6437 21 883 1084 3150 3644 4024 4240 4479 4683 4960 4990 6314 6540 6863 7715
6438 357 428 582 632 833 883 1107 1414 1582 1878 2864 3161 3394 3580 3581 4027 4595 4735 5174 5291 6359 6410 6927 7343 7499
6439 466 975 1162 1868 2249 2494 2923 3080 3237 3786 4878 5646 5792 5842 5850 6524 6982 7252
6440 164 1029 1696 1922 2981 3044 3052 3197 3397 4182 4745 5040 5212 5299 5843 7437 7802 7854
6441 91 1075 1357 1456 1552 1690 1851 2173 2241 3163 4387 4628 5045 5528 6656 7052 7214
6442 995 1240 1471 1555 1756 2514 2590 2614 2913 3075 3251 3462 4303 4675 4990 5114 5147 5485 6010 7070 7173
6443 879 1833 2624 2848 3271 3758 3872 4034 4052 4632 5252 5777 6115 6121 7668
6444 400 2319 4430 4674 5050 5786 6666 6700 6921 7052 7343 7935
6445 80 119 1155 1493 1898 2262 2451 2566 3321 3647 4371 5796 5931 6238 6291 6327 6333 7381
6446 178 220 481 832 864 941 950 955 1667 2920 2955 3135 4672 4864 5777 5841 6019 6369 6730 6750 7481 7901
6447 5 149 434 557 732 1782 2196 2346 2699 3444 3829 4106 4399 6242 6608 6840 6954 7610
6448 267 408 683 840 1817 2283 2617 3056 3178 3224 3387 3876 4535 4805 4918 5012 5137 5466 5811 6292 6646 6878 6920 7458 7644 7826 7997
6449 760 1684 1812 1994 2519 4253 4533 4891 5180 5445 6590 6729 7322 7386 7634
6450 627 1103 2841 3116 3272 3291 3592 3831 4395 5167 5391 5693 5974 7855
6451 1183 1378 1398 2083 2351 2386 2447 3022 3590 3682 4708 5573 5730 6195 6514 6832 6907 7081
6452 447 998 1037 1071 2014 2364 2507 2688 3557 3793 3798 3851 4147 4354 4395 4597 5214 5772 5913 6917 7012 7683 7838
6453 270 376 1261 1318 1838 4066 4118 5041 6923 7207 7459
6454 111 113 225 921 1553 2811 2869 3098 5353 5616 6204 6244 6923 7532 7621
6455 641 688 1463 1757 2770 3061 3335 3392 4102 4249 4821 5316 5726
6456 128 435 618 1192 1337 1868 2025 2519 3373 4060 4135 4618 4934 5037 5058 5673 6094 6225 7511 7803
6457 755 932 953 1576 1697 1721 2593 2888 3698 3819 4146 4487 5762 5973 6163 6849 7223 7288 7311 7379 7726 7860
6458 287 765 1304 1453 1517 2036 2058 2361 2650 2992 3336 3421 3721 4187 4310 4555 4813 5303 5806 6304 6569 6600 6700 6826 7320 7495 7524 7743
6459 1268 1491 1534 1912 2834 3969 4224 4643 4767 5089 5122 5512 5604 5683 5970 6023 6095 6368 6778 6834 6875 7374 7717 7957
6460 561 879 1195 1404 1641 1722 1779 1785 2356 2919 3136 3295 3465 4369 4821 5253 5649 5763 5854 6082 6427 6553 6673 6715 6888 7033 7320
6461 180 358 448 594 1305 2134 2910 3397 3455 3622 3662 3891 4619 6695 6732 6739 6886 7238
6462 1132 1250 1274 1289 1850 1892 2187 2885 2963 3188 3356 3674 3821 3861 4293 4756 5401 5509 6813 6971 7549 7737 7918
6463 940 1084 1317 1704 2084 2127 2185 2212 2293 3820 4056 4214 5259 5264 5474 7334 7730 7761
6464 333 422 774 812 1267 1360 1750 1961 2590 3512 3709 3721 3948 4073 4544 4628 4824 5479 5857 6056 6183 7182 7348 7355 7424
6465 755 1464 2162 2205 2881 3006 3192 3264 3267 3886 3933 3950 4121 4296 4478 4534 4775 5057 5153 5375 5556 5891 6109 6166 6290 6415 6538 7083 7691 7838
6466 369 443 1368 3563 3665 3709 3753 4481 5011 5310 5534 5725 5763 6266 6576 6981 7023
6467 667 725 956 1339 1530 1556 4002 4076 4096 4608 5039 5674 5704 6333 7143 7524
6468 293 1123 1231 1557 1792 1805 2151 2189 2284 2634 2692 2793 3195 3341 3697 3708 4125 5608 5810 6541 6871 6951 7956
6469 806 1001 1478 2224 2366 2673 2806 3218 4037 4127 4511 4836 5326 5638 5802 6760 7387
6470 80 187 1231 1463 1563 1625 2029 2086 2212 2925 3001 3328 4082 4140 5072 5571 5589 6206 6861 7517 7526 7995
6471 121 543 935 1134 1468 1885 1911 2165 2309 2324 2533 2777 3328 3690 4409 4554 4599 4663 4926 5034 5541 5829 5854 6133 6767 7235 7385
6472 5 49 1069 1122 2360 2816 2982 3138 3485 3516 3684 4409 4580 4831 5121 6050 6430 6826 6859 6982 7601
6473 296 624 955 991 1316 1438 1754 1782 2495 2957 3138 3496 3652 3773 3907 4643 5094 5678 5897 6009 6313 6332 6575 7589 7786
6474 66 622 655 930 1697 1911 1991 2151 2381 2654 3408 3432 4069 4292 4425 4774 5837 6196 6596 7255 7658 7961
6475 244 576 1610 2778 3252 3296 4579 4601 4806 5729 6112 6161 6364 7278 7813 7835 7890 7924
6476 190 236 293 1612 1995 2000 2038 2109 2135 2742 2948 3162 4046 4067 5062 5282 5700 6952 7247 7621
6477 197 282 1166 2735 3835 4099 4617 5635 5731 6070 6293 6383 6968 7590
6478 840 1331 1480 1651 2468 2512 3122 4122 4388 4601 4980 5228 5356 6618 6989 7629
6479 458 492 1019 1087 1100 1227 2165 2488 3015 4209 4272 4656 5596 5756 5801 6034 6317 6416 7468 7961
6480 152 381 907 1220 1254 2154 2241 2630 3200 3998 4389 4398 5190 5462 5550 5575 6088 6326 6420 6917 7536 7822
6481 102 1081 1656 1822 2331 2378 2541 2669 2826 3109 3117 3185 4338 4362 4573 4886 4913 4926 4966 5412 5932 6164 6394 6645 6738 7392 7865
6482 657 889 1070 1534 1658 1839 2614 2918 3054 3271 3671 4307 4446 4861 5443 5744 6483 6924 7109 7143 7261 7282 7441 7971
6483 170 859 1135 1375 2081 3000 3004 3073 5092 5320 6482 6508 6519 6570 7139 7218 7527 7532 7736 7823 7975
6484 493 839 1197 1944 2786 3018 3281 3293 3541 4395 5196 6798 6799 7214 7766
6485 182 607 636 799 819 1020 1118 1130 1509 1650 2125 3084 3383 4687 4782 6594 6680 6798 7248 7373 7492
6486 467 812 1058 1062 1360 1403 1612 1620 1884 2112 3102 3512 3724 4212 5396 5737 5810 5880 6149 6530 6686 6971 7486 7703 7786
6487 52 485 1080 1122 1288 1358 2717 2835 3584 3995 4559 4619 5028 5063 5643 5901 6161 6577 6682 6697 6746 7132 7488 7700
6488 260 336 1393 1696 3119 3751 4628 4739 4998 5507 5865 6677 7695 7940 7951
6489 284 561 689 858 1771 2990 3127 4164 4369 6163 6183 6527 7741
6490 1047 1350 1601 2157 2399 2463 2526 3089 3285 3318 3628 3630 3850 3976 4424 4758 4774 5262 5571 5635 5956 6675 6746 7148 7169 7232 7279
6491 436 462 1597 1633 1791 1939 2440 2656 3085 3202 3458 4449 5069 5095 5180 5199 5297 5413 5846 6074 6189 6250 6264 6600 7149 7229 7329
6492 1288 1733 2084 2298 2401 2520 2770 2779 3245 3436 4815 5394 6670 6793 6876 7015 7372 7458
6493 58 290 949 1319 1424 1654 1883 2499 2618 3018 4116 4316 4490 5112 6052 6087 6121 6392 6415 6691 7188 7774 7991
6494 75 476 894 959 1258 1400 1563 1807 2025 2626 2877 3687 4095 4322 4713 4875 5103 5156 6337 6652 7017 7406 7672
6495 440 785 905 1149 1185 1379 1449 2117 2118 2376 2522 2612 4570 4674 4734 4973 5129 6393 6716 6721 7394
6496 98 477 806 1190 2229 2739 3390 3647 3678 4096 4217 4382 4877 5416 5563 5782 6053 6230 6544 6656 6871 7881
6497 55 446 491 712 1128 1620 2085 2087 2733 3124 3661 4333 5313 5988 6312 6692 6949 7224 7634 7789
6498 1309 1659 2289 3045 3612 4649 4695 5553 6140 6423 6617 6814 6887 7218 7486
6499 190 1667 1752 2084 2666 2719 3348 3630 3702 4974 5064 5108 5347 5707 6098 6946 7243 7361
6500 94 938 1202 2368 3912 3981 4165 4462 4597 4817 5097 6120 6172 6773 6798 7803 7851
6501 85 488 489 813 869 1764 2072 2178 2542 4731 5048 5120 5230 5303 5414 5543 5859 6298 6423 6805 6826 6906 7169 7726 7943
6502 707 902 966 1075 1847 1915 2545 2819 3793 4356 4429 5069 5618 5679 7046 7082 7131
6503 1052 1293 1304 1758 1760 2008 2755 2966 3261 4078 4116 5079 5930 5949 6072 6231 6736 7557
6504 301 545 1077 1156 1263 1535 2307 2861 3033 3456 3488 3542 4051 4294 4371 4624 4642 4714 4819 5712 5971 6091 6508 6951 7341 7553
6505 208 351 431 713 1160 2115 3667 4021 4295 4845 4973 5003 5116 5199 5518 5640 5915 5940 7204 7420 7651 7685
6506 1561 1955 2477 2492 3064 3098 3368 3471 3566 4641 4779 4813 5685 6041 6626 6735 7153 7296
6507 487 1217 1628 1864 2243 2286 2751 3474 3480 4310 4347 5181 6545 6671 7677 7719
6508 641 731 1605 1674 2313 2857 2952 3534 4274 4340 5091 5324 5456 5919 6483 6504 6822 7550
6509 653 774 1128 2559 2585 3167 3592 3695 4281 4319 5127 5242 5696 6140 6550 7209 7944
6510 1625 2337 2353 2458 2580 2648 3120 4280 4545 4996 5614 5741 6180 6189 6299 6870 7062 7734
6511 210 812 1013 1062 1212 1422 1971 2070 2133 2268 2312 2846 3099 3695 3888 4106 4710 5388 5896 6006 6772 7385 7655
6512 329 1527 2865 2956 3489 3496 4121 4294 4466 5166 5250 5361 5464 5498 5664 6125 6229 6526 7073 7495
6513 41 737 790 1520 1691 2090 2159 2408 2548 3064 3302 3329 3487 3642 3821 4215 5281 5615 5666 6217 6938 7319 7346 7388 7431 7927
6514 8 136 345 459 540 738 976 1420 1566 1642 1648 2041 2524 3181 3919 4164 4877 5080 5358 5368 5615 5889 5900 5933 6064 6219 6451 6648 7046 7275
6515 42 838 925 1486 1669 2073 2371 3194 3485 4234 5895 6377 7522
6516 383 515 875 1470 1507 1606 1762 1927 2219 2382 2789 2847 2857 3003 3062 3601 3608 3614 3797 4023 5400 5586 5749 5763 7651 7807
6517 506 845 1479 1506 1675 1824 2361 3209 3273 4222 4417 4915 5052 5094 5392 7759 7806 7981
6518 36 328 522 1058 1495 1522 2848 3008 3150 3485 3911 3997 4062 4150 4750 4903 5195 5595 6168 6353 6573 6774 6990 6994
6519 1 6 42 762 1217 1354 2037 2888 4185 4260 4499 4675 4808 4993 5558 5590 5853 6253 6483 6559 6820 7294 7876
6520 166 1010 1123 1525 1541 1616 2123 2350 2405 2417 2605 2621 2637 2667 2756 2862 3116 3181 3947 4786 5092 5662 5935 6147 6234 7398 7814 7854
6521 39 947 1171 1645 2575 3208 3390 3419 3513 4017 4092 4151 4562 4826 4848 5057 6052 6148 6153 6238 6682 7716
6522 290 466 735 765 900 1058 2320 4007 4251 4290 5309 5987 7624 7814
6523 846 1095 1335 1535 3081 3281 4060 4196 4701 5004 5076 5277 5927 6084 6164 6221 6309 7970
6524 501 1145 1163 1332 1697 2107 2317 2888 3158 3342 3439 3860 4003 4031 5684 6087 6131 6177 6281 6305 6308 6439 6823 7320 7368
6525 127 205 477 873 898 965 1016 1249 1715 2455 3096 3098 3199 3820 4736 4978 5804 5993
6526 238 593 662 703 1427 1651 1720 1914 1998 2221 2949 3113 3805 3933 4002 5763 5969 6304 6512 6764 7001 7198
6527 273 292 759 971 1152 1711 2327 2580 2691 3866 4182 4249 4568 4624 5010 6025 6489 7557 7767 7951 7960
6528 707 1570 1717 1751 1883 3186 4731 5299 5456 6250 6829 7525 7645 7856 7863
6529 216 504 1113 1748 1856 2180 2556 2839 3218 3773 4029 5349 5662 5795 5858 6046 6735 7283 7525 7593
6530 518 558 1697 3421 3756 3847 4802 6162 6486 6942 7763 7955
6531 127 717 2735 2797 3358 3611 3806 3857 3925 4006 4503 4831 5399 5959 7160 7360 7456 7500 7632 7843
6532 32 284 488 503 1284 1480 1525 2448 2762 2803 3114 3496 3697 3836 3891 5455 6851
6533 473 757 1265 1316 1765 2151 2334 2441 2718 2920 3574 3681 3682 3800 4940 5101 5772 5976 6093 6133 7214 7526 7683 7778 7877 7964
6534 185 1442 2626 2751 2764 3073 3931 4736 4911 5783 5884 6126 6744
6535 465 554 573 590 753 1152 1329 1644 2495 2589 3131 3138 4340 4746 4847 5035 5049 5390 5423 6697 6755 6782 6996 7049 7269
6536 111 167 403 565 1041 1547 1701 1768 1812 1884 2364 2889 3386 3489 3748 3891 4145 4172 4288 4781 5638 5979 6184 6834 7203 7474 7516 7589 7670
6537 362 2722 3273 3423 4772 5434 6275 6988 7449
6538 1388 2083 3181 3348 4091 4149 4597 5308 5866 6295 6465 6935 7711 7812 7902 7992
6539 281 1148 2550 3143 3177 3232 3466 4199 4770 4927 5748 5880 6107 6756 6757
6540 42 740 1062 1612 1741 2186 3152 3364 3740 3752 4321 5161 5358 5773 5796 6339 6437 7114 7147 7353 7554
6541 931 1642 1677 3170 3685 3744 3826 4260 4881 5343 5352 5961 6468 7338 7664
6542 223 607 1586 1858 2171 3175 3457 3669 3796 4380 4444 4698 5013 5126 5210 5506 5703 5918 6293 6316 7278 7517 7649
6543 176 207 684 921 1155 1767 2242 2362 2379 2442 2453 3361 3650 4637 5480 5596 5762 6203 6659 6767 7118 7658
6544 440 505 1176 1335 1500 1683 1760 2084 2353 2493 2619 3110 3303 4269 4512 4660 5509 5521 5860 6496 6814 6985 7795 7896 7950
6545 1092 1235 1679 1893 2161 2227 4541 4723 5592 6507 6747 6961 7422 7436 7451
6546 602 1155 1530 2103 2159 2366 3602 4077 5275 5318 5366 5368 5587 5717 5732 7017 7145 7633 7853
6547 1085 1097 1235 1314 1591 1820 1899 2470 2717 3095 3531 4108 4455 4841 4886 5050 5251 5317 5848 6110 6714 6881 6968 7334 7411 7982 7989
6548 78 396 602 639 2539 3058 3203 3635 4926 5392 5403 5489 6079 6663 6960 7473
6549 111 1146 1300 2641 2996 3366 3679 3942 4049 4402 4519 4791 4869 6344 6739 6889 7045 7067 7118 7233 7337 7828
6550 126 139 887 1056 1488 1511 1722 3174 3221 4087 4178 4422 5220 5578 6023 6323 6406 6509 6675 7496 7500 7502
6551 1037 1228 1247 1909 1991 2031 2423 2486 2521 3281 3416 3507 4039 4155 4370 4557 4708 4861 5270 5902 6333 7463 7817 7964 7997
6552 105 459 980 1956 2126 2177 2453 2461 5214 5434 5506 6805 7050 7314 7420 7453 7647 7807 7891
6553 527 1606 1676 2108 2851 2914 3175 3196 3287 3493 3518 3636 3717 4097 4148 4248 4471 5139 6460 6760 7623 7698
6554 292 480 1230 1307 1774 1830 1998 2085 2110 2386 2496 2887 3072 3993 4640 5179 5936 6920 7061 7330 7429
6555 5 87 183 229 1068 1125 1656 1908 2001 2262 2634 3179 3310 3673 3977 4330 4553 4710 5022 5238 5419 5771 6931 7647
6556 84 329 1030 1428 3232 3757 3933 4074 4409 4658 5796 6333 6357 6585 6766 6779 6786 7909
6557 26 987 1047 1110 1298 1519 2287 2821 2893 2923 3323 4016 5488 5718 6590 7011 7241 7395 7495
6558 237 276 579 1140 1200 1766 1909 2220 2784 2839 3093 3338 3710 3944 5085 5790 5945 6167 6635 6734 7252 7656 7934 7995
6559 75 178 425 671 710 979 1061 1332 1422 2886 3123 3222 3393 4566 5397 5406 5455 5796 6519 6864 6960 7784
6560 61 162 789 796 814 877 1811 2816 3415 3458 3639 3651 3664 3722 3839 4435 5088 5104 5117 5398 5401 5646 5962 6077 6336 6806 6833 6972 7064 7300 7579 7749
6561 48 435 697 938 1245 2264 2380 2515 2519 5115 5211 5248 5319 5551 6410 6613 6640 6785 7199 7730 7828
6562 191 471 985 1831 1952 3046 3292 3318 4581 4614 6202 6312 6425 6918 7136 7304 7570 7938
6563 678 695 962 1119 1802 2190 2193 2371 2398 3091 3172 3649 4056 6378
6564 186 310 490 590 1496 1528 2075 2100 3086 3953 3981 3988 4809 6799 6898 7040 7090 7141 7518 7783
6565 10 1871 2977 3006 3646 3715 4488 5392 5962 6826 6984 7027 7728 7846
6566 104 359 400 702 897 1243 1757 1785 2002 2099 2261 2347 2562 2686 4201 4736 5128 5579 5939 7461 7485
6567 340 2178 2464 2745 3419 3519 3980 4455 4826 5878 5927 5982 6813 7221 7750 7985
6568 412 593 1511 1849 3761 4186 4311 4542 4620 4783 4847 5354 5648 6382 7030 7653
6569 1608 1616 2518 3034 3328 3886 3954 4252 5066 6392 6458
6570 15 1139 1249 1298 1402 1553 1816 1957 2719 3203 3708 3830 3919 4256 4462 4792 4808 4935 6483 6677 7207
6571 894 981 1103 2184 2441 2908 3325 3390 4927 5607 5764 6841 7036 7370 7396 7625 7954
6572 223 643 693 879 1377 2174 2247 3575 4611 4658 4800 5053 5116 5912 6058 6605 6806 7036 7482 7573
6573 110 404 482 725 783 1304 2450 2695 3078 3161 3428 3967 4129 4223 4787 5550 5651 6429 6518 6855 7028 7201 7376 7823
6574 181 1352 2135 2835 4134 4359 4459 4679 4990 5727 5839 6249 6368 6635 6657 7205 7627
6575 328 1265 2331 2617 2734 2886 3118 4690 5470 6127 6195 6473 7137 7264
6576 557 974 1392 1718 2024 2037 2046 2128 2215 3213 3453 4154 4683 5195 5357 6466 7065 7077 7182 7447 7607 7658
6577 808 911 1110 2251 3128 3639 3640 3730 5109 6265 6424 6487 6625 6711 7182 7511 7860
6578 460 538 1138 1153 1272 1428 1552 2278 2290 2503 2902 2905 3190 4090 4127 4643 5051 5339 5429 6862 6883 6927 7014 7099 7170 7364 7464
6579 40 45 239 322 1014 1134 1999 3482 3542 3584 3704 4123 4983 5371 6419 7317
6580 247 454 476 1042 1142 1371 1379 1663 3969 4106 4839 4999 5711 5739 5819 6019 6621 6991 7902
6581 424 878 1024 1153 1438 1986 2040 2178 2743 3443 3704 4214 5255 5895 5969 6315 6773
6582 116 386 538 707 757 1047 1854 3138 3226 3751 3826 3832 4262 4876 5063 5837 5902 6027 7071 7326 7654 7711 7726 7837 7918
6583 97 453 1071 2185 2983 3255 3759 3869 4128 4283 4407 4704 5949 6239 6707 6819 7923
6584 343 434 725 1343 1923 2024 2966 2968 3118 3393 5456 5576 5796 5903 6353 7720 7846 7916
6585 40 323 1321 1902 2242 2499 2788 3004 5238 5472 5606 6340 6407 6556 6612 6722 6997 7135 7173 7655
6586 1976 2019 2243 2341 3328 3676 4574 4736 4805 5009 5068 5330 5477 6753 7552 7828 7915
6587 168 272 771 785 1448 1985 2715 3556 3665 3765 3793 4199 4436 4605 5216 5554 5785 6043 6144 6354 6704 6780 6922 7058 7089 7429 7667 7692
6588 30 309 612 806 885 1076 1249 1353 1615 2039 2132 2551 2846 2874 3137 3333 3388 3395 3552 3711 3945 4252 4803 4888 5418 5792 6017 7746 7778
6589 9 1245 2167 2416 2572 2951 2995 3809 4034 4290 4741 4841 4868 6674 7118 7505
6590 186 212 262 980 1780 2224 4016 4171 4549 5819 5873 6035 6449 6557 6629 6637 7540 7651 7821 7903
6591 1277 2410 2478 2557 2852 3889 3919 4235 4978 5128 6040 6678 7131 7675
6592 138 236 280 300 391 395 585 1251 1509 1664 1913 3257 5463 7202 7538 7933
6593 46 232 395 579 711 1358 1608 1836 2050 2160 3377 3597 3706 4289 4353 5169 5685 5874 6644 7342
6594 572 1553 1906 2052 2789 3751 4109 6156 6485 6636 7380 7833
6595 806 1609 2242 2606 3502 3662 4278 5685 6020 7364 7888
6596 481 863 1172 1410 2165 2405 2903 3035 3170 3618 3662 3714 3827 4097 4105 5015 5253 5428 5657 6055 6274 6474 7248 7978
6597 203 531 1158 1282 1857 2267 2345 2759 2918 3598 3614 4083 4321 4460 5135 5663 5973 6643 6711 7328 7467 7515 7936
6598 483 1092 1500 1627 2033 2337 2527 2817 2905 3023 3318 3390 3708 3709 4369 4460 4739 5123 5997 6769 6997 7549 7696 7808
6599 13 90 105 234 866 886 1233 1684 2332 2743 3057 3264 3534 4043 5219 5657 5863 5868 5997 6017 6341 7041 7089 7755 7909 7917
6600 45 489 2459 2641 2838 3123 3287 3974 4106 4226 5018 5095 5897 5923 6153 6389 6458 6491 7089 7600
6601 520 606 898 1115 2724 2871 3656 3829 4065 4561 5083 5520 5894 6258 7382
6602 383 1015 2261 2281 4409 4492 4509 4727 5219 5452 6991 7636 7769 7891
6603 329 591 980 1026 1063 1647 1879 2528 2856 3209 3952 4266 4404 4710 5398 5732 7164 7262 7740 7906
6604 392 963 1100 1262 1901 2891 3034 3716 3823 4005 4198 4361 4993 5308 5614 5950 6007 6046 6177 6405 6421 6919 7097 7169 7369
6605 38 84 972 1421 2250 2347 2776 2976 3249 3458 3777 4363 4665 5003 6572 6809 6988 7112 7222 7350 7683
6606 278 363 507 533 1399 1635 1669 2399 2630 3076 3483 3636 4358 4595 6068 7286 7315 7976
6607 59 75 90 105 325 2283 2860 3129 3412 3461 3535 3802 3959 4352 4881 6871
6608 909 974 1234 1809 2414 6045 6188 6335 6447 6639 6775 7031 7084 7373 7941
6609 193 371 745 1532 1656 2081 2113 3151 3651 4093 4582 5287 5707 5750 5890 5934 6616 7220 7350 7756
6610 38 474 1430 2173 2640 4483 5596 5923 6007 6116 6167 6234 7245 7931
6611 1095 2818 3064 4096 4556 4782 5234 5398 6153 6273 7868
6612 388 535 780 1260 1367 1861 1964 2506 2514 2600 2654 3127 3956 4360 4826 5542 5713 5964 6137 6585 6756 7636 7675
6613 1379 2079 2121 2191 3163 3171 3361 3399 3402 3757 4222 4432 4477 4891 4958 5048 5149 5255 6561 7084 7301 7642
6614 361 1011 2047 2162 3172 3230 3273 3295 4271 4345 4412 5183 5325 5356 5434 6050 7148 7236 7299 7564
6615 23 687 959 1203 1417 1896 2017 2594 3016 3193 4501 4693 4713 4852 5028 5141 5396 5974 6408 6632 6762 7111 7441 7511 7822
6616 87 360 472 1540 1717 2007 2546 2576 4280 4799 4845 4867 6609 6816 7589
6617 1124 1241 1895 3467 3891 4426 4737 4750 5732 6498 6769 6772 6838 7565 7840 7967
6618 25 178 475 732 913 968 998 1139 1203 1253 1664 1805 2228 2738 2852 3950 4188 4738 5030 5095 5370 5813 5842 6332 6336 6478 7013 7023 7415 7791 7925 7978
6619 252 439 546 848 1875 2294 2535 3548 4043 5069 5292 5732 5902 6325 6361 6734 7563 7719
6620 548 1099 1142 1170 1535 1594 2304 2457 2592 3464 3994 4559 4794 5063 5108 5215 5244 7196 7504 7522 7937
6621 782 1550 1987 3252 3458 3519 3525 3924 4504 5294 5304 5685 5760 5996 6580 6697 6983 7078 7111 7210 7524 7551
6622 146 1237 1348 1797 2685 3325 3976 4572 4789 4868 5425 5749 6090 6107 6291 6398 6812 6974 7022 7552 7593 7906 7977
6623 171 250 405 641 704 790 1906 3115 3177 3214 3277 4678 5326 6120 6190 6822 7187
6624 76 440 736 1202 1423 2598 2732 3063 3085 3196 3225 3449 3485 4101 4232 4289 4581 5259 5537 5610 6208 6702 7851 7853
6625 63 1154 1181 1469 2993 3386 4380 4385 4837 5012 5456 5508 5591 5951 6577 7244 7605
6626 980 1269 1804 1907 2956 3090 3253 4005 4022 5775 6140 6506 6846 6850 6921 6950 6960 7721 7953
6627 1464 2439 3074 3257 4207 4516 6084 6147 7222 7638 7732
6628 253 1231 1797 2825 3174 3751 3765 3944 4669 4701 4949 4981 5161 6011 6807 7322 7468 7770 7800
6629 399 1043 1127 1493 1720 1889 2285 2832 3384 4121 4688 4962 5532 6590 6866 7074 7485
6630 389 467 1213 1262 1631 1889 2502 4052 4945 5175 5182 5394 5454 5531 6913 6963 7334 7668
6631 408 1554 1826 1908 2764 2920 2933 3144 3699 3781 4301 4532 5128 5373 5849 6230 6282 6392 6900 7362 7429 7550 7609 7715
6632 172 517 636 2138 3841 4118 4506 4539 4746 5115 5591 6203 6233 6615 6780 7377 7817
6633 202 637 1976 2014 2086 2490 5470 5697 5784 7049 7548 7643
6634 495 572 787 863 1198 1219 1283 2432 3356 3533 3928 4431 4935 5273 5394 5412 5642 5705 5744 6849 7604 7769 7798 7818
6635 431 478 739 2329 2331 2403 2498 3596 3679 3802 4363 4479 4758 4970 5237 5421 6143 6409 6558 6574 7601 7625 7659 7678
6636 124 1619 2134 2393 2405 3046 3426 3797 4623 4687 4937 5350 5359 5385 5701 5733 5799 6286 6594 6795 7236 7654 7784
6637 335 1071 1603 1720 2838 3587 4025 4083 4437 5419 5518 5948 6590 6736 7523 7718
6638 7 43 141 378 963 2322 2718 2860 2894 4288 4472 5398 5647 5851 6313 7012 7115 7754
6639 504 586 670 840 2570 4420 5195 6272 6378 6608 6795 6993 7011 7030 7117
6640 223 660 1082 1205 1457 1531 2084 2142 2270 2284 2605 2618 2917 3404 4156 4271 4309 4454 4646 4650 4906 5126 5177 5227 5800 6337 6561 6710 7392 7762 7948
6641 429 595 644 653 1147 2411 2656 3116 3454 4208 4756 5601 6787 6793 7165 7472 7568
6642 323 628 655 1128 1605 1767 2039 2364 2680 2724 2759 2840 2864 3782 3839 4128 4691 4776 5038 5225 6227 7103 7230 7930
6643 7 80 239 1398 1537 2284 3020 3387 3474 3912 4262 4290 4760 5184 5354 5395 6132 6221 6430 6597 6699 6913 7463 7721 7971
6644 880 1099 1314 1672 1934 2525 3510 4761 4909 5978 6010 6059 6593 6666 7243 7642
6645 909 947 1614 2542 3075 3156 3179 3195 3750 4510 5109 5504 6481 6721 6811 7183 7594
6646 314 675 970 1731 2843 2956 3153 3512 4335 6348 6448 6861 7421 7944
6647 176 668 719 1440 2240 2486 2782 3175 3675 4045 4572 4620 5562 5674 6891 7304
6648 610 679 1374 2136 2484 2553 2793 2797 3902 3917 4170 4638 4875 5192 5377 5548 5705 6514 7003 7490 7778
6649 467 746 878 918 961 1229 1396 1814 2060 3140 3778 4064 4193 5091 5955 6088 7067 7121 7191 7600 7673
6650 141 665 1435 1575 1885 2160 2406 2460 2763 3896 4290 4323 4615 4786 5023 5108 5187 5754 6250 6284 6406 6424 6750 6981 7401 7546
6651 5 547 657 748 799 1599 1836 2309 2842 2933 3313 3368 4301 4663 4695 4874 4934 5008 5769 6026 6258 6995 7209
6652 270 875 1330 1653 1780 2205 2239 2309 2375 2473 3669 4364 4367 4633 4690 4767 4900 5324 5382 5557 5594 6140 6494 6754
6653 109 137 376 724 816 870 2577 2600 2735 2789 3186 4415 4787 5163 5369 5790 5911 6249 7866 7949
6654 257 716 1481 1661 2070 2285 2470 2509 2829 2978 4652 4679 4739 4862 4962 5073 5079 5212 5623 5755 5989 7059 7142 7303 7596 7652
6655 53 289 1684 1934 1965 2389 2656 2771 3085 3131 4296 4541 4930 5919 6382 6927 7779 7997
6656 803 816 997 1023 1552 1963 1991 2073 2356 2480 2628 2744 2873 2939 3265 3543 3557 4014 4106 4141 4693 5361 5507 5526 5661 6117 6441 6496 6891 7281 7652 7931 7974
6657 150 206 472 814 822 1114 1157 1173 1601 1677 2476 2553 3335 3430 3568 4662 5026 5084 5460 5757 6574 7180
6658 178 244 279 552 1269 1398 2138 3003 3077 3450 4047 4608 5441 6666 7412 7549 7711
6659 44 118 735 1373 1662 1785 2373 2500 3530 3802 4015 4450 4948 5171 6141 6266 6543 6909 7074 7351 7763 7967
6660 251 1066 1368 2056 2546 2995 3215 3266 4375 4685 5322 5426 6048 6350 7561
6661 403 487 658 1178 1290 2095 2322 2401 2577 2895 3247 3506 3817 4659 6176 6299 6831 6923 7145 7227 7237 7871
6662 16 232 1697 1939 2502 2961 2978 3784 4401 4510 4595 4813 4828 5518 5704 5812 5880 7752
6663 605 1718 1988 2260 2311 2510 2754 2836 3103 3123 3346 4255 4326 4634 5610 5976 6351 6548 6702 7146 7273 7715
6664 95 130 321 589 786 1191 1368 2204 2831 2869 3140 4156 4690 5105 5290 6021 6095 6209 6977 7426
6665 592 630 811 895 1382 1437 1667 1748 1815 1959 2013 2155 2358 3024 3215 3344 3357 4287 4405 4434 4810 4935 5269 5511 5732 5888 6023 6215 6367 6412 6748 6791 7081 7212 7643 7653
6666 143 1098 1125 1209 1397 2411 3050 3663 3693 3754 3756 4110 4175 5861 6303 6444 6644 6658 6923 7085 7590 7602 7732
6667 154 677 756 981 1060 1562 1758 2875 2939 3041 3488 3974 3983 3999 4599 4686 5824 5948 6701 7366 7871
6668 54 195 647 873 931 1182 1281 1804 2015 2132 3482 3553 4754 5583 7428 7839
6669 407 717 1094 1141 1594 2107 2236 2354 2490 2733 2838 3266 3388 4081 4444 4618 4996 5463 5949 5956 7077 7116
6670 7 124 670 1843 2131 2816 2915 3438 3441 3456 3658 4353 4770 5116 5873 6110 6334 6492 6718 6957
6671 84 203 618 1395 1592 1982 2121 2129 3375 3834 4075 4191 4453 4967 5222 5254 6140 6507 7056 7254 7364
6672 401 850 1141 1860 2042 2825 3049 3872 4453 4521 4648 4743 5304 5322 5842 6064 6888 7293 7961
6673 314 412 672 1649 2505 3804 4325 4363 4458 4772 5060 5441 6460 6722 6859 7491 7522
6674 165 687 961 1289 1529 1842 1878 2192 2399 2628 2832 3097 3287 3648 3894 5007 5348 5517 6036 6407 6589 7272 7506
6675 202 337 555 637 1058 1551 1902 1998 2675 2738 2762 2989 3456 3966 4500 4723 5082 5899 5940 6490 6550 7061 7545 7819
6676 705 709 1227 1234 1752 1804 2051 2133 2584 2828 2951 3174 3933 3956 4272 4492 4911 5550 5623 5959 6427 7316 7758
6677 1002 1089 1116 1170 1370 1755 2548 3081 3513 3971 4005 4068 5777 6217 6357 6488 6570 6878 7032 7478 7714 7826
6678 323 592 609 706 904 1035 1123 1197 1264 1565 1598 1599 2083 2285 3157 3250 3360 3792 4631 4744 5015 5100 5648 6199 6591 6909 6949 7193 7196 7573 7716
6679 1050 1063 1354 1377 1441 1704 1705 1864 1871 1989 2135 2299 2367 3343 3440 3545 4054 4246 4498 5025 5378 6108 6845 7033
6680 259 341 387 566 1019 1080 1086 2179 3913 4036 4070 4316 4403 5447 5624 6196 6485 6955 7469 7882
6681 444 888 1492 1656 1737 2075 2771 3136 3265 5469 5548 5925 5983 6905 7874
6682 105 904 1359 1839 2275 2692 3321 3715 3812 3865 4624 5123 5233 5887 6311 6487 6521 6912 7244
6683 136 552 1627 2006 4106 4399 4517 4638 5010 5527 5571 5784 6920 7359 7685
6684 57 206 580 1121 1306 1635 1904 2096 2339 2596 2790 2829 3660 4506 6374 6727 7232 7586 7814
6685 129 292 302 900 1431 1951 2325 3005 4120 4545 4899 5019 5030 5658 5667 5857 5934 7202 7340 7615 7874
6686 1084 1277 1538 1712 1757 2176 2334 3199 3260 3393 3655 4168 4322 4565 4725 4760 5305 5571 6287 6486 7067 7169 7365 7521 7864 7916
6687 92 104 528 978 1649 1956 2256 2800 3335 3632 3866 3996 4165 4373 4583 4821 6862 6927 7099 7139 7548 7650
6688 315 335 336 608 794 952 1003 1340 1439 2360 2546 2573 2668 4525 4764 5707 5837 5957 7567 7751
6689 400 1480 2246 2372 2483 3289 3588 4412 4521 4585 4712 4839 5182 5250 5539 5577 5809 5825 5835 6895 7044
6690 1282 1302 1513 1673 2606 2878 3011 3741 3925 3944 4332 4590 4934 6922 7094 7388 7622 7923 7995
6691 228 765 1025 1080 1186 1501 2031 3348 3592 3742 3871 4068 4158 4300 5024 5817 5990 6270 6493 6725 7448
6692 338 624 846 856 1629 2461 2525 3345 3844 4671 5067 5668 5860 6497 6816 7579
6693 70 734 925 994 1178 1230 1392 2036 2445 2777 3523 3567 3739 3792 3871 3997 4702 4826 4929 5275 5686 5706 6023 6371 7404
6694 254 713 831 1482 2659 3481 3772 4269 4287 5185 5293 5760 5782 7356 7742
6695 88 546 926 1980 2279 3053 3382 4000 4343 4767 4819 4849 6461 6719 6746 7166 7640 7752
6696 47 282 396 517 2072 2354 2806 3197 3225 3476 3622 4221 4472 4522 4952 5184 5762 6004 6196 6339 7654 7744
6697 647 767 817 980 1150 2216 2654 3324 3412 5147 5586 5606 6148 6221 6487 6535 6621 7277
6698 12 418 802 1083 1763 2185 2473 3418 4559 4842 4894 5108 5175 5268 5306 5427 5440 5502 5530 6804 7020 7124 7395 7458
6699 169 632 650 1536 2931 3013 3035 3188 3939 3977 3979 4373 4418 4545 4588 5692 5861 6361 6643 6710 7235 7864
6700 268 423 923 1222 1259 1417 1747 2252 2833 2911 3345 3592 4126 4184 4601 5151 6444 6458 7217
6701 166 187 1038 1208 1578 3872 3886 4725 4756 5305 5411 5807 6667 6872 7209
6702 299 813 1234 1240 1400 1618 3695 3716 3816 4370 4894 5429 5476 5613 6624 6663 6977 6992 7780 7879
6703 136 1268 1427 1430 1871 2071 2208 2424 2480 2531 3061 3266 4044 4163 4309 4531 4744 4921 5673 6165 6372 7300
6704 74 181 1226 3641 3743 4277 4309 4642 5015 5459 5559 6402 6587
6705 223 849 1315 1458 1721 1947 2129 2621 3584 3927 4512 4756 5089 5277 5376 6274 6970 7522 7659
6706 24 167 265 1318 1513 1555 1648 2364 2753 3217 3692 4169 4213 4943 5001 5118 5388 5412 5544 5553 5956 6769 6928
6707 496 1274 1282 1818 3054 3849 3985 4465 4676 5691 5865 6205 6217 6333 6583 7054 7719
6708 70 1550 3113 3221 3690 3939 4076 4866 4886 4933 5455 5595 6007 6065 6171 6200 6261 7132 7782
6709 16 450 795 2160 2203 2232 2463 3310 3948 4346 4631 4803 5240 5393 5492 6800
6710 42 478 1120 1200 1496 1728 1877 2070 2111 3615 3704 5062 5191 5899 6282 6640 6699 6714 7167 7373 7743 7744
6711 155 422 500 1993 2599 2632 3918 3923 4158 4597 5223 5833 5987 6265 6577 6597 7818 7923
6712 279 293 1375 1406 1461 1742 1825 2607 2727 3077 3179 3922 4064 4246 4555 5606 5893 6048 6860 7351 7556 7766 7776 7961 7978
6713 1326 1516 1839 1953 1959 2528 2640 2718 2803 2889 3433 4049 5591 5870 6017 6218 7741 7948
6714 110 1167 1225 1482 1845 3389 3580 3815 4547 4747 4917 4963 6308 6547 6710 7296 7299 7371 7514 7771 7833 7898
6715 93 302 1061 1306 1464 1958 2203 2287 3561 3795 4175 4544 5782 6034 6430 6460 6729 7268 7498 7882
6716 150 1092 1158 1705 2462 2579 2895 3643 3715 4696 4987 5081 5562 5889 5943 6036 6246 6495 7295
6717 292 1513 1763 1856 1934 2042 4316 5967 6251 6725 6968 7072 7535 7558
6718 20 646 739 789 1495 1584 1892 2089 2117 2442 3145 3211 3217 4138 4353 5376 5773 6421 6670 6719 6952 7497 7841 7855
6719 346 648 1562 2473 3198 3551 3749 3917 3944 4307 4392 4634 4910 4950 5039 5231 5357 5535 6695 6718 7306 7326 7336
6720 93 313 467 772 1133 1342 1549 1623 2032 2349 2517 3779 4377 5539
6721 228 311 501 1000 1299 2374 2406 2470 2791 3583 3687 4457 4600 5497 5635 5869 6495 6645 6911 6975 7271
6722 357 764 833 990 2061 2470 2921 3413 3692 3878 5471 5543 5943 6585 6673 6968 7279 7427 7906
6723 590 789 1205 1557 1579 1819 1955 2287 2500 2539 2784 3528 3859 4408 4793 4830 4966 5068 5116
6724 149 412 651 2700 2721 3145 3841 4533 4893 5621 6069 7831 7978
6725 247 621 732 2007 3854 3870 4002 4006 5516 6691 6717 7867 7935
6726 244 1065 1484 1691 1854 1936 2492 2792 2997 3589 4014 4828 5609 5693 5925 7233 7593 7654
6727 412 529 603 632 1661 1874 2120 2174 2694 3806 4821 5534 5601 6177 6297 6684 7385
6728 449 2511 2802 2934 2993 4860 5165 5622 5741 5904 6910 7120 7256 7461 7624
6729 133 856 864 1313 1919 2477 2884 3214 3675 3957 4914 5183 5609 5686 6449 6715 7006 7727
6730 156 330 1470 1631 1740 2195 3301 4161 4267 4947 5319 5525 6050 6060 6446 6823 6869 6932 7494
6731 774 883 1208 1349 1653 1732 1877 2185 2449 3208 4297 4930 5444 5722 6801 7092 7838 7867 7957
6732 101 710 865 1278 1376 1853 2162 2720 2912 3707 3782 4143 4918 5376 5411 5990 6217 6461 6735 6993 7234 7916 7992
6733 224 816 1030 1746 2193 3270 3299 4245 4697 4832 5069 6059 6356 6838 7078 7612 7866 7941
6734 336 1020 1130 1538 1629 1762 2651 2701 2809 3378 3853 4617 4857 5482 5661 6558 6619
6735 9 15 21 431 456 1234 1490 1496 1530 2414 2586 2616 2966 3363 4083 4180 4660 5622 5711 6506 6529 6732 7515 7523
6736 66 341 584 891 1408 1427 1483 1915 2042 2509 2956 3229 3281 3420 3583 4149 4539 4984 6017 6080 6503 6637 7089
6737 49 263 685 1402 1531 1799 1813 1935 2516 3871 4165 4458 4894 4953 5542 5543 5712 5860 6746 7253 7525
6738 177 358 617 840 1110 1416 1479 2211 3554 3796 4156 4164 4396 4491 4962 5588 6481 7073 7704
6739 654 897 1101 1401 1527 1806 2200 2217 2288 2353 2657 2895 3063 3562 4045 4075 4366 4922 5413 5568 5678 5685 5705 5925 6081 6152 6461 6549 6942 7277 7300 7964
6740 19 193 1130 1187 2354 2905 3019 4287 4363 4444 4618 4628 4651 5387 5728 6349 6851 7444 7720 7806
6741 475 824 1118 1185 1367 1558 1690 2152 2237 2562 3313 3435 3668 3894 4170 4477 4491 4967 6743 6900 7121
6742 773 856 1332 1405 1431 1840 2039 2195 2819 2956 3142 3187 3478 3988 4022 4092 4182 4235 5070 5239 5407 5842 5870 6268 6294 6342 7113 7356 7782 7975
6743 209 227 246 496 961 1076 1219 1753 1991 2300 3201 4226 4355 4394 5793 5811 6097 6292 6400 6741 6837 7109
6744 717 1123 2306 2488 2982 3316 3945 5015 5838 6021 6534
6745 187 300 318 859 1506 1721 2710 2791 2838 4458 4464 4700 5836 6180 7228 7244
6746 41 261 403 489 516 1329 2371 2783 2846 2897 3523 3775 4034 4516 4850 6487 6490 6695 6737 6759 7443 7870
6747 142 237 303 560 587 820 1318 2474 3118 3179 3248 3563 3816 3884 3955 4043 4081 4119 4402 4542 4758 5337 5492 5572 5582 5694 5784 5926 6545 7445
6748 115 728 818 939 965 985 1285 1661 1883 2379 2558 2890 2998 3574 3605 4764 4944 5730 6665 7776
6749 108 131 1149 1195 1878 2388 2829 2876 3458 3774 4587 4682 5680 5778 5914 6946 7382 7470
6750 52 1364 1577 1612 1813 2076 2569 2685 3365 4230 4264 4507 4543 5143 5168 5203 5286 5437 6024 6446 6650 7426 7527 7742 7889
6751 377 406 1005 2411 2657 2784 2926 3344 3745 3936 4289 4545 5020 5666 5787 5886 6276 6953 7356 7538
6752 428 502 549 1660 1677 1715 1816 2245 2378 2721 2911 4592 4711 5108 5523 6908 7162 7327 7528
6753 114 875 1372 2230 2381 3452 4302 4412 4785 4814 4864 4884 5783 5861 5880 6586 6970 7261 7553 7745 7836 7958
6754 325 519 755 2010 2094 2317 2750 3853 4299 5318 5547 5746 6141 6168 6652 7014 7026 7084 7513
6755 543 553 1732 1976 2290 2625 3199 3375 3385 3729 4776 6171 6384 6535 7654 7729 7943
6756 436 1624 1642 1829 2434 2772 2825 2863 2983 3007 3320 4251 4669 4753 5190 6539 6612 6966 7796
6757 286 726 751 1148 1328 1946 2367 2801 3083 3203 3653 4190 4333 4775 6539 7176 7271 7339 7370
6758 389 423 813 1808 2159 2334 2462 2513 2792 4338 4666 5028 5259 5860 6860 7015 7323 7866 7901
6759 102 107 197 237 277 375 1741 1929 2103 2623 3286 4013 4049 4091 4326 5286 5873 5887 6746 6912 7015 7292 7533 7563
6760 181 537 652 1154 1190 1242 1546 1667 1779 2526 2940 4206 4669 4859 4863 5530 5695 6469 6553 6905 7067
6761 239 390 1701 2046 2587 3319 3394 3851 3945 4744 5274 5322 5573 6140 6245 6335 6386 7504
6762 1042 1044 2012 2716 2751 2983 3050 3274 3726 3879 3978 4927 4937 5473 5560 6066 6435 6615 7361 7866 7940
6763 183 352 609 1033 1550 2015 2220 2295 2430 2762 2865 2872 3029 3053 3306 3465 3817 4722 5167 5771 6308 6853 7185 7475
6764 225 262 334 975 1491 1648 2362 2391 2482 2942 2973 3236 3333 3652 4122 4552 5047 5315 5757 6004 6388 6430 6526 7022 7838 7931
6765 13 207 842 994 1079 2976 3646 3661 4373 4830 5002 6843 6996 7746 7880
6766 102 131 273 2228 2459 2687 2761 3365 4040 4135 4628 4694 4964 5488 6356 6556 7172 7202 7211 7330 7689 7792
6767 161 468 851 1478 1708 1860 2057 2966 3077 4118 5354 5848 6471 6543
6768 881 1807 2007 2757 3751 3981 4927 5119 5306 5600 5744 5847 7044 7681 7976
6769 84 941 1699 2031 2048 2354 2841 2906 3194 4025 4688 4842 5364 5384 5722 6598 6617 6706 6931 6934 7582
6770 324 482 942 3033 3095 4021 4466 4904 5193 5845 5873 6143 6430 6959 7001 7292 7329 7620 7839 7962
6771 213 257 262 425 780 848 872 894 1150 3760 4255 4592 4650 5127 5746 6301 6956 7614 7723 7818
6772 2237 2395 2691 3177 3491 3515 3688 3713 3782 4164 4190 4523 4569 5682 6235 6315 6511 6617 6889 7236
6773 345 372 436 649 990 1469 2021 2149 2364 3251 3394 3754 4052 5355 5779 5888 6186 6284 6341 6500 6581 7022 7380
6774 49 1876 2258 2475 2730 3259 3979 4590 5199 5833 6378 6518 6793 7001 7332 7760 7954
6775 161 713 897 1137 2135 2751 3021 3183 3188 3865 3870 4131 4784 4851 4914 5462 6046 6272 6283 6608 7369 7778
6776 514 994 1090 1399 1431 1646 2622 3614 4310 4428 5090 5790 7437 7552
6777 291 510 705 1385 1915 1934 2047 2111 2692 3108 3500 5125 5145 5577 5973 6150 6166 6891 7231 7692 7734
6778 14 402 615 1203 1326 1343 1708 2697 2840 2860 3834 4348 4483 6340 6459 7095 7201 7326 7341 7688
6779 391 1918 2030 2665 3421 3514 3869 4388 4831 4977 5102 5205 5269 5280 5552 6112 6556 6813 6957 7549 7756
6780 105 273 1445 1975 2364 3410 3465 3527 4279 4977 5531 5906 6087 6587 6632 7019 7374 7511
6781 1807 2117 2555 3839 4119 4956 5177 5583 6297 6322 7082 7463 7828
6782 442 715 741 961 1076 1296 1305 1324 1372 1500 1723 2169 2395 3808 3972 4720 4726 4765 5756 6535 6787 7026 7531
6783 345 657 950 1976 2227 2354 2503 2834 3269 3491 3743 3931 4068 4800 4817 4822 5420 5453 6177 6300 6342 6867 6980 7386 7802
6784 410 1066 1082 1707 1804 2023 2241 2811 2938 3010 3200 4095 5461 5795 6058 7117 7759
6785 24 135 297 343 1074 1354 1550 2027 2042 2445 3065 3506 5316 5569 6561 7519
6786 1212 1571 2272 2998 3298 4686 5201 5463 5600 6062 6320 6556 7481
6787 273 537 935 2334 2344 2418 2463 2650 2901 3508 3746 3902 4550 4683 5045 5484 5650 6641 6782 7094 7756
6788 975 1199 2114 2384 2390 3831 4102 5019 6205 6382 7195 7392
6789 77 152 839 992 1551 1898 2078 2466 4191 5012 5429 6127 6983 7201 7404 7611
6790 489 625 947 991 1012 2161 2368 3407 3694 3820 3862 4515 4637 4753 4977 5686 5696 6929
6791 408 920 1465 1482 1783 2862 2936 3182 3569 3786 4716 5110 5134 5164 5511 5807 5948 5994 6000 6202 6665 6944 6997 7298 7589 7628
6792 449 494 639 1436 1552 1974 2484 2530 2716 2965 3097 3250 3255 3614 3818 4024 4711 4964 6271 6794 7216 7418
6793 252 446 1391 1575 2163 2396 2828 2874 3156 3964 4977 5200 5243 5784 5916 6335 6492 6641 6774 7451
6794 95 104 343 1558 1744 1855 2319 2674 3844 3922 4088 4342 4489 4684 4734 5005 5070 5082 5817 6047 6792 6841 7617
6795 510 541 613 1018 1095 1334 1335 1414 1520 1947 2957 3115 3706 3836 3949 4441 5624 5658 6081 6324 6636 6639
6796 352 355 654 827 1580 2125 2490 2626 2650 3349 4115 4335 4384 5279 5814 5925 5944 6972 7030 7141 7656
6797 584 1260 1341 2288 2569 2626 2891 3624 3876 5071 5204 5328 5741 6140 6149 6182 6375 6833 7041 7151
6798 1467 1511 2160 2804 3067 3898 4026 4506 4581 4667 5038 5057 5349 5363 5480 6405 6484 6485 6500 6852
6799 194 272 467 540 625 998 1624 2253 3016 3399 3598 4525 4854 6332 6334 6484 6564
6800 366 876 896 957 1178 1327 1811 2393 2394 2861 2996 3039 3156 3634 3727 5315 5831 6709 6866 6923 7369 7376 7680 7893
6801 58 1113 1557 1790 1828 2327 2373 3329 3404 3473 3789 3814 4637 4939 5028 5054 5147 5602 5856 6220 6731
6802 519 761 1647 1917 1926 1968 2141 2551 3603 4097 4332 4570 4695 4756 5248 5776 6805
6803 122 1063 1216 1541 1750 3045 3827 4144 4513 4554 5462 5568 6065 6236 6248 6828
6804 262 1410 2095 2615 2782 4358 4606 5211 5293 5403 5891 6698 7637
6805 58 845 1744 1947 2083 2838 3584 3617 4063 4710 4815 5009 5172 5630 5676 5951 6288 6428 6501 6552 6802 7038 7576 7866
6806 233 370 381 1268 1717 1898 2071 2271 3837 4028 5312 6560 6572 7202 7390
6807 502 1385 2050 2484 3080 3913 4012 4418 5609 5933 6333 6628 7969
6808 392 457 535 797 871 1580 1684 1797 2032 3341 3495 4505 5905 7082 7379 7770
6809 1096 1182 1415 1601 1835 3457 3882 3922 4286 4452 5081 5776 6032 6605 7700 7762 7820
6810 151 571 997 1048 2055 2373 2612 2901 2945 3161 3337 3410 3858 4038 4432 4465 4741 5651 7499 7564 7758 7764 7854
6811 419 642 945 1694 1996 2249 2612 3000 3227 3816 4245 4703 5317 5502 5823 5955 6259 6645 6897 6960 7092 7992
6812 264 492 527 705 1057 1083 1576 1615 1841 2025 2202 2267 3034 5713 6622 6850 7001 7366 7533 7921
6813 1147 1339 1561 1794 1994 2305 2339 3056 3095 3198 3251 3310 3323 3418 3451 3602 3818 4047 4060 4413 4821 4938 4972 5248 5447 6462 6567 6779 7179 7790 7979
6814 401 554 1191 2415 3254 3633 3773 4768 4887 4889 4981 5119 5339 5408 6144 6166 6498 6544 7202 7282 7426 7526
6815 469 699 894 1494 1668 2797 2830 4024 4066 4442 4733 4891 6039 7228 7348 7433 7581
6816 16 201 891 1959 3328 3420 4157 4260 4325 4692 5672 5981 6185 6616 6692 7388 7833
6817 311 400 906 953 2528 2792 2938 2985 4071 4285 4335 4442 5314 5324 5561 5839 6132 7482 7500 7678
6818 264 994 1347 2116 3600 3855 4377 5643 5683 6334 7304 7884
6819 238 252 433 1687 1787 2109 2310 2922 3423 3810 4040 5035 5597 5626 6039 6052 6275 6317 6583 7364 7836 7838
6820 132 280 610 784 1330 2886 3113 3209 3503 4342 4355 4640 4661 5189 5489 6519 7116 7926
6821 532 822 979 1712 2010 2121 2890 2962 3041 3088 4540 5593 7424 7461 7499 7550 7966
6822 83 322 939 1067 1235 1253 1500 2179 2809 2957 3232 3334 3624 3655 4077 4146 4436 4828 4974 5294 5420 5791 5885 6508 6623 6920 6994 7025 7097
6823 316 470 486 500 695 846 1553 1678 1888 2238 2426 2502 2985 3136 3264 3477 3558 5306 5537 6004 6524 6730 7031 7207 7854
6824 802 1987 2262 3320 3527 3813 3909 4086 4862 4949 5028 5295 5351 7112 7593 7869 7984
6825 38 680 813 833 920 985 1719 1736 1893 1953 2188 3787 3949 4055 4403 4961 5060 5288 5381 5609 6420 7459 7895
6826 443 582 714 746 821 1392 1541 1785 2278 2280 2302 2757 3544 3776 4009 4472 5353 6078 6164 6458 6472 6501 6565 7199 7224 7235 7319 7419 7560 7615
6827 143 592 787 1287 2072 2645 2654 2732 3160 3335 4241 4368 5063 5550 6030 6234 6254 7243 7295 7334 7466
6828 103 472 747 837 857 987 1517 1763 1893 2624 3050 3261 3416 3693 4010 4174 4995 5222 5359 5824 6803 7055 7349 7497
6829 439 609 764 1288 1719 2008 2362 2667 2791 3310 3392 3918 4169 4198 4480 5023 5525 5951 6159 6360 6528
6830 109 588 1011 1335 1989 2496 4062 4189 5410 5686 5996 6342 6838 7415
6831 15 343 1666 1732 2428 2534 2737 3201 3267 3353 3715 4026 4751 5064 5083 5287 5776 6113 6332 6661 7410 7415 7436 7705
6832 247 422 854 1545 2097 2473 2548 2870 3727 5344 6451 7395
6833 168 579 620 661 1033 1372 1419 1435 1500 1614 1975 1990 2269 2478 2931 3166 3524 3735 4027 4357 4423 4568 5362 6076 6297 6560 6797 6970 7140 7150
6834 90 2160 2207 2550 2766 3191 3205 3430 3651 3923 4272 5358 5812 5977 6459 6536 6877 7408 7455 7999
6835 174 826 1053 1661 1936 2299 2484 4013 4144 4521 4618 5785 6280 6295 7295
6836 712 1017 1579 1845 1913 2140 2172 2275 3075 3662 3797 3872 3951 4196 5286 5619 5815 6096 7334 7436 7643 7897
6837 111 1373 1767 3129 3195 3413 3506 3619 3736 3752 4022 4156 5080 5176 5895 5955 6015 6146 6743 7074 7410 7705 7709 7912 7932 7950
6838 30 1696 2024 2221 2708 2868 3414 3518 3646 3797 3888 3953 4217 4221 4417 4432 4458 4616 4628 4659 4787 4936 5373 5660 5716 5893 6306 6617 6733 6830
6839 643 856 879 1454 1509 2306 2360 2598 3672 4230 4418 4476 4506 4740 5543 5545 6041 6074 6148 7009 7514
6840 540 801 836 1607 2251 2526 2776 4009 4262 4418 4623 4913 5421 5582 5619 5996 6331 6374 6447 7193 7411 7737
6841 1204 1507 1667 1851 1992 3140 3166 3391 4550 4875 5058 5164 5426 5483 6263 6358 6571 6794 7259 7622
6842 75 184 1484 1486 2342 2987 4114 4122 4286 5184 5420 6257 7168
6843 507 707 786 1022 1044 1374 1805 1863 2239 3290 3428 4064 4163 4579 5074 6765 6904 7169 7176
6844 534 1000 1333 1510 1562 1847 2150 2226 3022 3406 3558 3825 4293 4306 4442 4529 4544 4707 5161 5822 5879 6008 6887 7495 7607
6845 441 503 1120 1490 1981 2400 2609 2738 3369 3790 4361 4428 4725 4834 4861 5780 6679 6922 7724 7827
6846 1017 1485 1721 1854 2568 2835 4120 4309 5084 5593 5645 5685 6240 6626 7211 7246
6847 272 500 761 1098 1563 1965 1986 3284 3498 3898 3953 4363 4449 5446 5698 5719 5796 7152
6848 305 470 1388 1666 2317 2411 2545 2736 3043 3103 4075 4308 5445 7735
6849 479 1399 1447 1838 2026 2122 2126 2660 2932 3028 3961 4444 4553 4777 5247 5594 5618 5809 6280 6457 6634 7119 7298 7318 7573 7849 7957
6850 328 1027 1513 1649 2179 2350 2352 2380 2453 3234 3923 4170 4201 4246 5029 5107 5516 5820 6017 6626 6812 6920 7021 7081 7782 7824
6851 690 1033 1233 1280 1618 1989 2060 2086 2153 2829 2910 3414 3613 3708 3783 4206 4333 5008 5474 5897 6532 6740 7156
6852 308 607 840 1577 2602 2986 2987 3822 4401 4442 4477 4537 5114 5267 5366 6798 7635
6853 27 273 479 636 662 979 1630 1830 2114 2148 3016 3142 3342 3484 3487 4526 5568 6763 6883
6854 230 469 2059 2499 3140 4244 4371 4459 4821 6300 7031 7177 7602 7785 7795 7874
6855 121 196 551 757 777 795 1340 1791 1813 2516 2575 2930 3301 3575 4213 4341 4454 5617 6382 6573 7018 7632 7664 7728
6856 171 187 272 1367 1687 1781 1898 2060 2408 2897 3081 3084 3369 3488 3588 4809 5182 5665 5784 6413 7079 7675 7877
6857 399 2219 2229 2424 2909 3121 3626 3793 3991 4499 4794 4980 5015 6215 7226 7619 7991
6858 194 693 695 1049 1334 1803 2270 2504 3422 5039 5293 5310 5373
6859 132 1495 1798 2946 2965 3195 4981 5351 6295 6472 6673 6956 7246
6860 1039 2494 3928 4601 4789 5039 5500 6712 6758 7046 7918
6861 221 611 740 1043 1405 2679 2799 3474 4408 4578 5636 5972 6470 6646
6862 875 1715 2467 2700 2710 2772 3607 3639 3688 3858 3878 4966 6578 6687 7181
6863 84 418 883 1844 1990 2320 3162 4218 4639 5194 5357 5359 5663 6285 6437 7255
6864 700 747 1303 1779 3387 3554 4180 4749 4976 5397 5520 5573 6024 6073 6559 7711 7973
6865 1446 1755 2077 2082 2125 2857 2892 3447 5410 5625 5757 5862 6119 6919 7208
6866 470 662 995 1248 1548 1768 1779 2161 2465 3224 3525 3554 3729 4034 4156 4204 5552 5606 6629 6800 6968 7068
6867 54 1539 1880 2106 2216 2875 3832 3894 4506 4723 5273 6123 6783
6868 316 2145 2499 2851 2978 2998 3046 3598 3879 4570 4798 4941 6027 6250 7075 7205 7358 7453 7627
6869 331 1775 2573 2754 3832 4173 4615 4981 5020 5157 5243 5394 5426 6402 6730 7868
6870 271 1556 2008 2254 2530 2709 2877 2880 3294 3481 3697 4619 4628 4993 5576 5841 6202 6510 6986 7083 7165 7219 7794
6871 553 575 738 909 1262 1294 1394 1592 2227 3151 3168 3365 4415 4551 5019 5471 5546 5807 5886 5922 6289 6468 6496 6607 7822 7940
6872 375 803 1286 1929 2442 3158 3345 3782 4253 4341 4646 6331 6701 7861
6873 704 1047 1369 2196 2275 2307 2435 3078 3542 3638 4283 5164 5729
6874 353 393 600 1390 2021 2980 3862 4260 4453 5482 6023 6087 7316
6875 329 564 735 1177 1181 1201 1548 1887 1888 2334 2567 2899 3292 3348 3399 3416 3566 3864 4296 4441 4803 5023 5034 5448 5547 5605 5945 6102 6352 6459 6935 7208 7509 7763
6876 163 282 470 534 1662 1709 1942 2675 2680 2967 3452 3505 3580 3934 4158 4926 5320 5559 5743 5847 6419 6492 7738
6877 698 896 1405 2259 2498 2974 3126 3394 5456 6048 6834 7056 7334 7665 7843
6878 221 224 964 1266 1422 1862 2709 2811 3372 3434 3561 3583 3912 4066 4079 5157 5465 6114 6448 6677 7291 7306 7965
6879 49 660 977 1232 1456 1923 2150 2327 2350 3283 3635 3652 4257 4721 4747 4966 5346 6417
6880 156 816 839 847 3036 3218 3298 3580 4142 4523 4611 4645 4667 5726 6201 6251 7227 7245
6881 285 442 839 1042 1205 2068 2214 2220 2738 2925 4171 4250 4523 4538 6547
6882 264 377 1376 1427 1491 1698 2357 2443 2540 2821 3061 3239 3740 5264 5494 5674 5713 6975 7108 7117 7650 7749 7881 7891
6883 128 271 634 946 1516 1999 2654 2957 3028 3908 3941 3960 4690 5308 5336 5778 5801 6188 6315 6578 6853 7250 7273 7820 7943
6884 215 426 1136 1392 1408 1599 1721 1822 2188 2793 3229 3333 3665 3729 3909 5043 5335 5416 5738 5915 6191 7101 7484 7783
6885 286 961 2469 2743 2828 3100 3368 3654 3904 4289 4478 4486 5124 5244 5373 5799 6328 6383 7933
6886 173 214 604 679 800 1065 1261 1431 1682 1700 3851 3860 4370 4673 5083 5384 5733 5752 5806 6264 6461
6887 573 588 838 1262 1501 1975 2325 2634 2926 3440 4935 5252 5443 5552 5579 5914 6101 6151 6279 6498 6844 7228 7261 7325 7401 7705
6888 1104 2253 2297 2619 3742 4246 4435 5390 5595 5682 6460 6672 7023 7116 7458 7621 7991
6889 258 458 508 952 2408 2413 3120 3484 4034 4316 4590 4723 5002 5387 5424 5589 5644 5886 5937 6549 6772 7580 7829 7911
6890 391 556 805 1036 1506 1744 1930 2489 2540 3293 3845 4393 4479 4963 6201 6418 7324 7605 7722
6891 855 860 1025 1542 1660 1668 2240 2474 2611 3043 3642 3693 3774 3925 4905 5021 5149 5159 5212 5339 5791 6094 6647 6656 6777 6987 7944
6892 88 561 938 1043 1195 1930 2330 2442 2653 2744 2862 3616 4430 4763 4778 5121 5286 7591 7644 7651
6893 1247 2729 3040 4387 4937 5493 5690 5940 6162 7039 7069 7858 7969
6894 179 1522 2401 3665 4098 4457 4661 5273 5759 5857 6097 6131 7125 7426 7790
6895 93 878 1147 1811 2017 2398 2707 2968 3797 3810 4520 5217 5450 5634 5925 6689 6900 7242 7482
6896 548 2230 2541 2959 3299 3367 3477 3683 4046 4504 5485 6266 7404
6897 23 305 1232 1910 2090 2667 3171 5651 6265 6811 7129 7630 7880
6898 498 1041 1231 2067 2344 2424 3644 3966 5004 5042 5282 5520 5541 5703 5755 6564 7494 7656
6899 1091 1668 2049 2520 2581 2805 2916 3355 4148 4159 4487 5669 5851 6273 6936 7698 7722 7822
6900 497 566 571 813 2122 2325 2329 2578 2922 3951 4871 4993 5013 5814 5991 6399 6413 6631 6741 6895 7056 7356 7879
6901 922 1199 1530 1573 2080 2640 2728 4239 4252 4417 4889 4917 4920 5300 5385 5577 5736 6148 6182 6245 7009 7259 7282 7286
6902 71 1063 1218 1290 1392 1411 2389 2548 2938 3544 4008 4617 5044 5794 5862 6310 6979 7090 7203 7373 7773
6903 96 388 759 929 1089 2530 2652 2789 3294 3883 4211 5229 6039 7698 7924
6904 328 394 1080 1694 2365 2407 2672 2859 2956 3271 3296 3331 3373 3909 4095 4591 4768 5566 5723 5779 5939 6255 6390 6843 7164
6905 769 1409 1675 1971 2761 3573 3813 5234 5251 5488 5744 5828 6681 6760 7112 7533 7597 7937
6906 210 841 1642 1798 2677 2821 3810 4549 5370 5753 6436 6501 6930 7593 7745
6907 9 657 1488 1515 1698 1970 2380 3110 3443 3872 3873 4122 4152 4415 4520 5146 5432 5681 5923 6217 6263 6451 6908 6994 7027 7061
6908 100 381 1320 1393 2525 2707 2856 3417 3453 3695 3910 4390 4805 4966 5817 6752 6907 7049 7066 7483 7649 7710 7736 7998
6909 229 306 577 924 1311 1876 1919 2059 2507 3236 3491 3616 3860 3877 4462 4491 4494 4549 4655 5157 5224 6224 6278 6659 6678 7260 7277 7415 7816
6910 536 1897 2131 2421 2530 3063 4083 5727 6431 6728 7908
6911 301 317 1127 1569 1591 1897 1907 2777 3053 3626 3729 4093 5116 5267 5555 5585 5658 6721 7367 7645
6912 65 234 1675 1898 2432 2507 3347 3509 4440 5057 5295 5386 5452 5692 5863 6411 6682 6759 6930 7185 7653
6913 110 519 629 690 1317 1377 2618 2675 3659 4370 4603 4784 4836 4999 5122 5170 5294 5395 5396 6630 6643 7485 7496 7578 7770
6914 533 1335 1437 1610 1730 2096 2297 2889 2902 4733 4953 5880 5881 6079 6935 7018 7192 7349 7499 7625
6915 136 783 1924 2122 2210 2599 2664 3069 3705 3805 4073 4214 4581 4966 5348 5840 6188 6362 7200 7920
6916 491 850 951 1407 1597 2844 3006 3032 3176 4009 4990 5048 5833 7228 7257 7355 7697 7735
6917 373 654 723 925 1947 2026 2146 3011 3602 4059 5129 6152 6452 6480 7674
6918 199 559 808 814 849 983 1998 2762 2807 3768 4121 4532 4580 4739 6111 6397 6562 7032 7794
6919 163 513 764 1198 1314 1568 2478 2577 3114 3918 3977 5278 5796 6334 6604 6865 7294 7799 7822
6920 342 644 685 1090 2119 2149 2527 2536 3131 3275 3282 3555 3628 4457 5549 6448 6554 6683 6822 6850 7233 7534 7827
6921 444 473 1570 2158 2393 2860 2997 3516 4518 4728 5389 5645 6203 6391 6444 6626
6922 180 1199 1366 1532 1539 2035 2281 2656 2712 2829 2841 3095 3096 3502 3848 4235 4544 4884 4931 5077 5258 5327 5670 6587 6690 6845 7136 7294 7726 7821 7922
6923 161 175 275 743 1607 1899 2014 2285 2518 2841 2931 3398 4567 4860 5585 5595 6224 6295 6453 6454 6661 6666 6800 7372 7804 7856 7866 7996
6924 337 527 687 1114 1116 1287 1315 2311 2645 2669 2748 2797 4404 4754 4778 5927 5951 6008 6101 6180 6398 6482 7221 7708
6925 7 61 78 103 193 1063 1106 1757 1795 3128 4616 4619 4732 5140 5170 5834 6020 7413 7644
6926 1397 1490 2075 2094 2141 2478 2598 2754 3055 4679 5744 5922 6056 6289 7133 7166 7260 7400
6927 679 835 1661 1682 2078 2097 2772 3003 3023 3221 3381 3487 3784 3802 4532 4605 4610 4631 5108 5405 5929 6438 6578 6655 6687 7258 7389 7765 7867
6928 130 340 454 708 1009 1160 1311 3139 3179 3390 4567 4809 5551 5983 6282 6706 6961 7300 7366 7459 7611
6929 87 288 1132 2178 2194 4351 5107 5214 5986 6424 6790 7039 7133 7457 7860
6930 476 832 959 1442 2327 2644 2705 2801 3717 3809 3888 4690 4751 4818 4820 4821 5973 6404 6906 6912 7169 7295 7500
6931 152 253 262 591 607 719 1391 2217 2457 3085 3346 4132 4201 4217 4651 4824 5326 5494 5577 5687 6123 6131 6250 6555 6769 7468 7546 7825 7833 7987
6932 699 857 1239 1927 2472 2538 2896 3825 4069 5545 6730 7301 7414 7794
6933 105 390 955 1052 3268 3360 4917 5242 5894 6068 6140 7614 7983 7994
6934 109 1545 1580 1844 1922 2083 2631 2948 3186 3268 3367 3657 4003 4215 4823 5835 6399 6769 7620
6935 13 733 1331 2117 2216 2640 2678 3274 3528 3959 4190 4764 5664 6081 6538 6875 6914 7914
6936 638 1240 1327 1535 1770 1775 1889 1896 2129 2646 3499 3771 3954 4430 4583 4720 5798 5939 6003 6076 6899
6937 1383 1533 1574 1729 1853 2069 2139 3555 4350 4811 4927 5436 5805 7456 7960
6938 325 912 1083 1346 2062 2179 2656 3737 4188 5087 5227 6110 6513 7054 7225 7469 7752
6939 49 1027 1110 2119 2336 2977 3334 4259 4377 4899 5210 5504 5695 5853 5923 6115 6150 7775 7893
6940 126 393 467 480 538 552 797 1719 1874 1933 2729 2945 3097 3169 3934 3967 3987 4019 4330 4336 4457 4844 5009 5355 6054 6436 7596 7845
6941 204 416 815 1582 1962 1974 2310 2552 2617 3486 4976 5146 5666 5695 5777 7136 7426 7494
6942 564 668 1173 1760 2209 3506 4186 4496 5448 5524 6074 6530 6739 6984 7193 7238 7436 7524 7570 7697
6943 1361 1802 1900 2169 3189 3310 3352 3521 3796 4030 4143 4446 4727 5837 6366 7477 7563 7814
6944 88 262 1214 1552 2105 2982 3206 3452 3767 4580 4846 5222 5432 5533 5887 5943 6791
6945 155 188 359 974 2763 2815 3211 3751 3838 3921 4120 4426 4548 4820 5013 5743 6162 6389 6412 7224
6946 93 163 188 193 583 928 999 1443 2085 3515 4080 5307 5673 6056 6149 6499 6749 7087 7292 7937 7984
6947 225 306 480 759 764 1590 1597 1752 2421 2816 3193 3827 3966 4042 5379 6038 7035 7543 7566 7655 7786
6948 1342 1964 2331 3453 3762 3932 3960 4921 5234
6949 155 1270 1545 1717 1837 2166 2717 2799 2803 4128 4486 5131 5776 6497 6678 7047
6950 444 1640 2295 3179 3206 3379 3390 3665 5325 5677 6088 6324 6626 7801
6951 399 766 1016 1819 3806 4021 4285 4404 4443 4644 5090 5467 6468 6504 7285 7354
6952 422 517 543 704 1497 2150 2285 2669 2747 2816 2888 3412 3427 3802 3900 3968 4493 5439 5800 5924 6165 6228 6476 6718 7205
6953 5 743 907 1144 1861 2550 2653 3323 3390 3432 3786 4221 4412 4467 4627 4672 5131 5904 6082 6275 6751 7106 7700
6954 120 266 487 765 1398 1561 2306 2535 3093 3880 4865 5043 5361 5890 6447 7682
6955 301 437 691 826 897 948 2213 2513 2743 3189 3530 3928 4186 6234 6680 7561 7675 7943
6956 32 1547 1746 2471 2728 3296 3730 3809 3893 4094 4448 4787 4824 5703 5709 5850 6771 6859 7268 7280 7348 7574
6957 67 485 1085 1318 1611 1650 1741 1793 2065 2130 2187 2454 2631 2770 2858 3481 3895 3898 4578 5790 5903 6129 6670 6779 7684
6958 991 1053 1061 1109 3010 3205 3249 3432 3931 4234 4303 4708 5764 6102 6137 6340 7290 7822 7913
6959 538 583 594 726 857 927 1017 1923 2090 2233 2260 2420 2599 2620 3198 3238 3425 3744 3774 3927 4758 5428 5917 5920 6159 6770 7019 7439 7468 7556 7606 7675
6960 248 1550 1632 2185 2427 2877 2959 3998 4307 4537 5321 5595 5726 5934 6032 6227 6548 6559 6626 6811 7277 7752
6961 10 41 235 525 749 1886 1933 2269 2360 2817 2984 2993 3145 3162 3196 3794 3845 4547 4798 4809 5348 5424 5657 5947 6000 6545 6928 7370
6962 362 617 686 1158 2107 2245 3378 3704 4714 4744 4777 5540 6140 6256 7518 7615 7619
6963 317 412 634 818 2038 2651 3795 4416 4915 5024 5275 6085 6234 6630 7443 7527 7616 7875
6964 166 378 484 1041 1064 1137 1157 1384 1946 1964 2287 2989 4100 4179 4942 4959 5042 5171
6965 341 763 820 1158 1179 2173 3021 3078 3466 3567 3742 4121 4858 5072 5079 5236 5957 7120 7396 7559 7794
6966 867 1191 1361 1377 2039 2822 2832 5325 5343 5399 6386 6756 7230 7392 7920
6967 122 167 1147 1656 1895 1972 2110 2337 2374 2679 2740 3249 3326 3901 4019 4266 4549 4900 4901 4952 5531 7022 7081
6968 1536 1537 2347 3890 4885 5139 5270 5477 5604 5851 6477 6547 6717 6722 6866 7147 7271 7981
6969 58 272 286 517 2429 2687 2995 3824 3870 3884 3905 4798 5176 6141 7140 7332 7806
6970 29 221 1127 1271 2376 2461 3208 3666 4390 4603 4664 4750 4799 5140 5922 6378 6705 6753 6833 6985 7026 7215 7681 7973
6971 96 504 1438 1577 2377 3215 3460 4385 4399 4480 5350 5922 6134 6261 6462 6486 6994 7038
6972 360 710 811 1650 1673 2067 2901 2907 2913 3020 3143 3174 3232 3720 3972 4127 4412 4495 4689 4979 5027 5290 6560 6796 7284 7336 7342
6973 171 258 867 1227 1722 1997 2386 2520 3464 3906 4304 4586 5187 5318 5360 6259 7689
6974 1408 1845 1961 2288 2367 2632 2816 3053 3216 3525 3644 3664 4012 4791 4948 5707 6195 6622 7278
6975 394 681 1079 1323 1499 1531 1829 2067 2070 2567 2697 2901 2986 3399 3555 3585 4073 5315 5691 6246 6721 6882 7104 7381
6976 18 1998 2790 2822 3009 3557 3781 4137 4497 4525 5132 5290 5392 5569 5749 5784 7335 7941
6977 8 266 1258 1390 1529 2137 3489 3937 3984 4213 4322 4368 4448 5362 5418 5621 5675 6664 6702 7138 7166 7574 7835 7885
6978 825 943 1408 2120 2212 2705 2739 2773 3268 3298 3375 3937 4334 4555 4557 4973 5348 6095 6246 6373 6981 7107 7179 7411
6979 33 325 1754 2979 3413 4058 4368 4790 5492 6902 7137 7429 7457 7607 7870
6980 86 374 615 1049 1240 3284 3610 3654 3886 4103 4314 4441 6088 6383 6783 7580 7585
6981 227 381 394 535 615 1071 1407 1484 1721 1905 2095 2168 2226 2410 3370 3666 3865 4261 4370 4403 4441 5194 5881 5974 6429 6466 6650 6978 7583 7899
6982 103 373 638 877 1275 1812 1993 2420 2458 2769 3419 4179 4661 5447 5560 5722 6257 6259 6439 6472 7172 7779 7787
6983 640 676 1229 1295 1627 1697 1775 2756 3364 3702 4039 5511 6004 6037 6271 6621 6789 7269 7839
6984 1165 1276 1516 1644 2528 2694 2920 3232 4139 4263 4315 4417 4550 5791 5803 6099 6140 6565 6942 7428 7988
6985 14 205 1102 1159 1186 1299 2018 2349 2619 2852 2862 3038 3225 3435 3925 4475 4662 4665 5410 5509 5729 6044 6192 6240 6289 6544 6970 7390 7666
6986 1116 1841 2357 2444 2662 2676 2741 3270 4184 4413 4933 5014 5148 5193 5288 5708 6870 7154 7571
6987 554 805 809 1247 1922 2296 4176 4241 5413 5483 5677 5692 5901 6176 6312 6891 7768
6988 215 454 1217 1279 2240 2291 2417 3048 3138 3379 3970 3995 4220 4370 4719 4808 5337 5358 5426 6164 6537 6605
6989 1192 2200 2229 2512 2662 3000 3600 3962 4155 4202 4240 4630 5626 6049 6478 7277
6990 345 636 852 1115 1177 1241 1330 1783 2118 2434 2835 3261 3335 3403 3656 4374 4401 4447 4544 4574 4745 4747 5097 5116 5427 5538 5682 6518
6991 1405 1434 2126 2479 2627 2763 2928 3494 3711 3726 4005 4099 5848 6104 6168 6580 6602
6992 786 1387 1574 1863 1908 2412 2753 2947 3253 4104 4127 4388 4751 5627 6255 6327 6702 7355 7432 7564 7668
6993 950 1628 2208 2383 2692 2862 3256 3316 3369 3390 3594 4106 4890 4903 5051 5212 5295 5415 5694 6639 6732 7610 7724 7939
6994 296 469 1607 2008 2711 2809 3288 3526 4342 4780 4795 5291 6305 6425 6518 6822 6907 6971 7017 7577 7754
6995 362 521 566 603 996 1413 1496 2040 3630 4602 4684 5199 5240 5338 5403 5808 5928 5993 6321 6417 6435 6651 7506 7681
6996 267 643 753 1212 2440 2487 2584 2856 3126 3365 3428 3444 4011 4055 4274 4538 4850 5058 5064 5193 5297 5874 6535 6765 7636
6997 331 1129 1554 1631 2126 2393 2645 2673 3265 4387 5015 5320 5515 5928 6050 6427 6585 6598 6791 7095 7130
6998 12 237 1706 1790 1823 2353 3351 3642 4226 4646 4721 4931 5203 5277 5471 5607 5635 5743 5996 7301 7514 7552 7698 7785
6999 918 1576 2039 2053 2336 2481 2571 2577 2912 3741 3919 4123 4452 5110 5534 5535 6050 7177 7358
7000 361 629 708 929 967 1156 2116 2364 2642 2881 3645 3724 4292 4404 4500 6209 7160 7336 7380 7482 7922
7001 179 1755 2206 3407 3523 3914 4358 4443 4923 5014 5017 6090 6238 6526 6770 6774 6812 7218
7002 304 1240 1614 2276 2315 3389 3463 3687 4243 4370 4569 4743 5679 6400 7491
7003 359 828 999 1197 1550 1825 2018 3114 3708 4395 5021 5496 5739 5782 5989 6113 6116 6434 6648 7303 7474 7581 7990
7004 173 696 1046 1047 1584 1756 2228 2457 2917 3025 3353 3409 4257 4900 5248 5335 5346 6007 6149 6187 7005 7331 7845 7894 7944
7005 293 804 1116 1462 1480 2336 2512 2884 2992 3134 4190 4298 4508 4842 5406 5713 7004
7006 336 434 689 1258 1648 2065 2290 2818 2893 2914 3245 3568 3784 4684 4775 4995 5019 5082 5758 5799 6729 7708 7745
7007 188 896 1163 1702 2051 2123 2215 2259 2377 3588 3828 4017 4157 4255 4642 4861 5281 5345 6280 7493 7902 7990
7008 378 391 588 1349 1559 2606 3898 4591 4938 5136 5228 5439 5507 5618 5684 7096 7321 7448 7581 7618 7653 7803
7009 66 613 1149 3765 4079 4278 4583 4729 4841 5873 6200 6234 6839 6901 7239 7811
7010 39 418 1700 2139 3386 4839 5028 5582 5718 5953 6026 7220 7247 7557 7640
7011 371 653 940 1134 2435 2477 2482 2538 2616 2825 3246 4029 4096 4429 4536 4651 6179 6557 6639 7559
7012 265 1136 1893 2812 2836 2886 4412 4776 4817 4948 5043 5642 5996 6248 6291 6452 6638 7266
7013 299 699 1485 1733 2329 2402 2455 3079 3289 3716 3904 4282 4606 5147 5600 5838 6063 6407 6618 7051 7474
7014 110 208 933 1327 1738 2028 2204 2404 2490 2996 3524 3543 3609 3992 4162 4680 5084 5207 6088 6578 6754 7741 7774 7790 7858
7015 104 631 1372 1377 1564 1589 2025 2368 2431 2554 3102 4792 4837 5137 5581 5662 6492 6758 6759 7429 7453 7877
7016 145 146 340 701 1288 1852 2285 2704 3092 3212 3413 3444 3447 3726 4530 4618 4763 5216 5674 5678 5916 6072 6197 7032 7231 7862
7017 498 2128 3614 3668 3695 4681 4804 5121 5780 6023 6268 6494 6546 6994 7743
7018 1826 1879 2550 2632 2904 3366 3662 4456 4505 5097 5456 6381 6855 6914 7362 7511 7530 7978
7019 386 2747 3117 3924 4040 4041 4446 4467 4521 4542 5449 5481 5618 6067 6780 6959
7020 307 459 576 603 839 1070 1402 1777 2257 2327 2964 3506 3630 3802 4165 4258 4926 4947 5182 5439 5509 6216 6698 7028 7095 7296 7479 7651 7987
7021 464 1139 1205 1350 2269 2780 3457 4786 5124 6318 6850 7449 7650
7022 520 655 700 1182 2306 2920 3376 4251 5159 6182 6622 6764 6773 6967 7331
7023 490 493 593 659 874 1072 1278 2003 2507 3009 3384 3500 3695 3753 4050 4414 4509 5196 5275 5624 5999 6157 6228 6466 6618 6888 7219 7227 7243 7361 7389 7932
7024 40 137 222 393 1164 1210 1463 1691 1736 4476 6248 7070 7114 7130 7154 7279 7378 7721 7852
7025 838 1154 1259 1574 2498 2759 2766 3095 3195 3909 3915 4232 4340 5317 5926 6822 7348 7708 7790 7862
7026 348 853 953 1104 1755 1891 2020 2233 2858 3079 4334 4358 4562 4625 5109 5650 6754 6782 6970 7824
7027 201 378 645 1484 1601 1757 1760 1813 1936 1939 1996 2564 2865 3063 4153 4503 4693 4849 4878 4880 4931 5621 5832 6565 6907
7028 12 127 147 2375 2512 2681 2830 3037 3048 3343 3769 3799 4373 4548 4944 5081 5497 5509 5704 5751 5949 6573 7020 7036
7029 600 751 803 947 1066 2083 4566 4587 5128 5335 5417 6219 7279 7727 7800 7936
7030 1091 1379 2015 2997 3509 4349 4585 4935 5128 5177 5803 5979 6029 6056 6568 6639 6796 7105 7717 7857
7031 342 1208 1841 2395 2797 2861 3054 3172 3659 3675 3676 3706 4151 5236 6139 6608 6823 6854 7617 7797 7882 7988
7032 439 516 750 1481 2867 3073 3087 3605 3656 3681 3957 4244 4250 4437 4512 4843 5202 5778 5844 5997 6239 6677 6918 7016 7610 7852
7033 38 87 526 1232 1235 2710 3564 3569 3738 3997 4487 4862 5745 6460 6679 7388
7034 159 282 774 831 1024 1551 3045 3322 3744 4400 4596 4691 4965 5975 6232 6318 7301 7654 7987
7035 373 440 893 1028 1186 1502 1540 1885 2439 3132 4008 4103 4437 4489 4527 5089 5583 5747 6202 6352 6947
7036 316 1222 4529 4921 5177 6097 6571 6572 7028 7599
7037 100 363 455 587 843 1045 1161 1744 1946 2113 2928 3585 6108 6393 7129 7136 7194 7827
7038 216 733 1030 1313 2805 3167 3197 4272 5419 5991 6431 6805 6971 7107 7188
7039 11 279 473 998 2071 2302 2523 3367 3447 3508 3589 3880 3921 4194 4361 4738 4787 5014 5243 5480 5817 5946 6349 6893 6929 7079 7166 7550 7749 7869
7040 266 1285 1857 1939 2294 2440 2485 3032 3760 3864 4066 4197 4239 4365 4401 5054 5065 5538 6189 6392 6564 7544
7041 173 1216 1756 1832 1875 2416 2772 2924 3224 4713 4905 4924 5506 6042 6599 6797 7535
7042 86 506 842 1082 1104 1281 1778 1954 2200 2472 2502 2658 3692 3862 4254 6139 7701
7043 554 621 1494 1778 1886 1987 3074 3578 3902 3967 3997 4046 4142 4418 4430 4637 4890 5172 5389 5509 5854 5902 5938 7227
7044 458 1234 1551 1860 2142 2713 2878 3131 3173 3481 3602 4715 4862 4993 5067 6107 6372 6689 6768 7436 7852 7931
7045 11 72 451 705 1618 3407 3570 3799 3998 4050 4640 4999 6044 6277 6289 6549 7117 7912 7975
7046 180 318 1602 1902 2195 2832 3010 3561 4296 4585 4627 4812 5066 5463 5777 5986 6009 6330 6502 6514 6860 7731 7821 7822
7047 947 1703 1822 2064 2178 2316 2373 2541 3065 3146 3333 3942 4353 5406 5545 5850 5896 6108 6256 6949 7473 7655 7850
7048 380 445 611 1126 1231 1366 2108 2561 4977 6254 6264 6378 7412 7680
7049 897 1292 1961 2363 3301 4199 4972 5048 5215 5636 6372 6412 6535 6633 6908 7141 7183 7533 7544
7050 86 194 1134 1239 2231 2421 2442 2506 2546 2739 2916 3790 4090 4387 4901 5885 6082 6417 6552
7051 290 392 487 609 1300 1393 1504 1614 2270 2547 2599 2779 2805 2970 5071 5075 5150 5287 6061 7013 7240 7343 7604 7849 7927
7052 294 1171 1282 2103 2297 2692 3226 3532 4227 4300 4524 4739 5414 5425 5685 6343 6441 6444 7466
7053 677 1039 1041 1298 2352 2551 2609 3209 3579 5980 6018 6141 6316 6387 6390 7160 7536 7605 7895
7054 64 334 1387 1393 1623 1828 2183 2668 2893 3368 3534 3674 3759 4977 5078 5123 5466 6415 6707 6938 7656 7857
7055 799 1501 3057 3340 3429 4073 4754 5073 5265 5793 5797 6161 6828 7108 7356 7705
7056 308 593 691 928 1055 1919 2026 2284 2297 2812 2961 3449 3558 3802 3914 4685 5138 5464 5699 5821 5831 6671 6877 6900 7534
7057 596 695 1229 1248 1285 1448 2114 2531 2915 2938 3487 3495 3507 3872 4291 5522 5686 7168 7463 7590 7904
7058 632 890 1663 2127 2367 2395 3301 3561 3637 3899 4113 4551 4929 5295 6142 6330 6587 7061 7102 7307 7815 7962
7059 124 146 213 985 2115 2263 3072 3129 3407 3424 4664 4689 4981 5130 5676 5705 6654 7236 7595 7956
7060 252 1146 1616 1640 2511 2583 3298 3663 3852 4311 4328 4962 7187 7214
7061 82 240 1759 1819 1826 2276 2715 3095 3318 3329 4201 4248 5095 5789 6342 6554 6675 6907 7058 7481 7700
7062 161 219 1649 1794 2764 2833 3086 3237 3370 4582 4694 4937 5157 5214 5271 5293 6510 7070 7556 7641 7748 7803
7063 354 1125 1674 1851 2369 2394 2395 2488 2672 2722 2854 3217 3652 3708 3956 4064 5336 7321
7064 635 694 1343 1641 1996 2116 3185 3395 3683 4002 4197 4323 5060 6167 6318 6371 6560 7633 7728
7065 308 359 606 808 1094 1298 1563 1584 1617 2749 3018 3137 3392 3699 4011 4157 4171 4517 4573 4846 5728 5773 6347 6576 7246 7790 7814
7066 305 470 728 937 1069 1200 1304 1320 1412 3711 3931 4086 4372 4621 4634 4888 6217 6908 7812
7067 488 746 926 1784 1935 2405 2819 3686 3886 3928 4266 4307 4462 4636 4771 4775 5090 5299 5518 5723 5924 5967 6549 6649 6686 6760 7107 7640
7068 445 621 751 1136 1552 1714 1904 2943 3179 3221 4336 4636 4700 5781 6125 6866
7069 901 949 1387 1686 2668 3250 3265 3332 4101 4839 5917 6893 7117 7353 7469 7610
7070 41 1112 1138 1615 1659 2500 2631 3674 4072 4446 4455 4503 4699 4896 5325 5612 6376 6442 7024 7062 7099 7390 7986
7071 558 788 1655 1815 1822 1933 3674 3701 3744 4286 4539 5482 6101 6334 6582 7944
7072 204 411 1202 2468 2833 3139 3529 3670 3959 4092 4400 5087 5168 5508 5700 6194 6717 7111 7322 7497 7924
7073 398 469 540 710 788 844 964 1024 1302 1538 1607 2302 2457 2784 3098 3109 4534 4909 5219 6512 6738
7074 307 468 558 590 754 2483 2491 2712 2870 3421 3504 4084 4212 4318 4522 5142 5378 6629 6659 6837 7202 7500 7909 7970
7075 15 331 360 557 1962 2367 2469 2572 2672 3262 3927 4527 5329 6868 7506 7509 7697
7076 64 293 334 579 875 906 1817 2238 2328 2515 3740 5160 5475 5542 7344 7594 7793 7887
7077 52 159 443 1477 2445 3188 5196 5951 6576 6669 7631 7695
7078 72 598 820 932 1138 1518 1823 2635 2936 3203 3433 4107 5389 5432 5575 5742 6022 6621 6733 7653 7916
7079 1132 1228 1259 1348 2050 2501 3812 4498 5670 6856 7039 7179 7222 7371
7080 732 2262 2565 2739 2854 2972 3384 3541 4324 4924 5277 6213 6334 6380 7134 7184 7936
7081 399 1275 1575 1691 1700 1902 2888 3743 3859 4311 4802 5420 6295 6451 6665 6850 6967 7373 7377 7727
7082 866 1287 1613 1825 2017 2245 2867 3008 3761 4587 5507 5846 6343 6502 6781 6808 7320 7541 7553 7738
7083 798 1047 1063 2318 2914 3172 3445 3670 3975 4079 5329 6465 6870 7189
7084 72 294 617 766 883 905 1084 1406 1428 1729 2044 2505 2631 2682 3274 3378 3974 4367 4501 4834 4869 5027 5252 5329 5391 5647 5721 5977 6608 6613 6754 7085 7369 7502 7640 7671
7085 53 1029 1453 1500 2568 3002 3136 3491 4230 4248 5366 5408 6386 6666 7084 7263 7332 7386 7467
7086 139 447 702 706 1694 1731 1827 1840 2223 2586 2983 3329 3840 4611 5092 5590 5732 5890 6025 6344 7195
7087 288 825 903 924 983 1119 1125 1886 2105 2332 3063 3676 4640 5201 5640 5690 5692 5725 6176 6946 7228 7275 7683 7692
7088 828 1618 1767 1956 2095 2906 3594 3980 4008 4311 4314 5099 5314 5637 5654 6154 6155 7307 7442 7598 7813 7906
7089 292 515 1068 1459 1874 2896 2934 3188 3569 4124 4895 5342 5885 6170 6587 6599 6600 6736 7312 7914 7975
7090 292 481 581 1629 1644 1740 1914 2395 2686 2869 3332 3546 3986 3994 4305 5241 5322 5588 5590 5804 6564 6902 7838
7091 718 761 988 1157 1275 1991 2015 2070 2482 2850 2966 3151 3624 4040 4161 4195 5438 5623 5636 5856 5954 6182 6184 6210 7330 7694 7957
7092 381 509 687 888 1226 1676 1750 1942 2576 3335 3555 3612 4092 4897 5565 5900 6731 6811 7838
7093 298 380 572 1351 1439 2654 3446 4421 6017 6308 7317
7094 221 296 343 403 564 1107 1900 1988 3367 3385 3655 3692 4378 4531 4961 5030 5505 5995 6690 6787 7675 7858
7095 964 1478 1798 2176 2574 2598 2871 2980 3389 3839 3899 4061 6219 6778 6997 7020 7427 7693 7839
7096 469 791 1597 1872 2310 2434 2865 3528 3637 3651 4455 7008 7201
7097 60 62 660 705 760 985 1127 1466 2075 2127 2226 3116 4173 4500 4544 5674 5826 6069 6230 6355 6604 6822 7532 7813
7098 87 376 1014 1682 2481 2620 3698 3976 5367 5678 6341 7251 7470 7473 7985
7099 65 461 738 1287 1887 2171 3381 3884 4325 4414 4583 4823 4899 5465 5538 5541 5667 6290 6578 6687 7070 7435 7514
7100 249 349 971 1009 1491 1581 1802 2085 2277 2663 3174 3676 3689 3985 4120 4247 4875 5115 5436 5493 6042 6073 6101 7317 7590 7669
7101 85 324 354 1535 1549 2378 2525 3061 3093 3804 3987 4027 4080 4636 4703 4900 5661 6884
7102 558 600 634 2644 2665 3973 4130 4572 4882 5237 6055 6160 6338 6347 7058 7168 7189 7375 7435 7711
7103 150 558 597 852 1451 1710 1925 2028 2146 2878 3112 3306 4128 4353 4655 6642 7750
7104 50 464 771 871 992 1311 1796 1911 1966 1983 1987 2651 2830 2941 3073 3701 4000 4751 5520 5684 5736 5911 5964 6975 7121
7105 848 1881 2532 2961 3202 3363 3452 3943 3986 4172 4223 4248 5135 5520 6068 6343 7030 7133 7329 7414 7759 7956
7106 135 251 473 617 711 784 933 1745 2819 2923 3316 3502 4230 4488 4521 5086 5140 5194 6220 6953
7107 42 722 746 1063 1514 2293 3015 3108 3491 3662 4168 4900 5526 6143 6329 6978 7038 7067 7482 7569
7108 208 1700 1869 3051 3430 3668 5120 5390 5441 5688 5953 6010 6049 6882 7055 7883
7109 56 198 757 1213 1337 1980 2446 2659 3134 3580 3898 4058 4306 4348 4506 5153 5602 5706 6363 6378 6482 6743 7879
7110 454 1128 1652 1700 1880 1924 2451 2858 3358 4227 5600 6290 7704
7111 78 673 1141 2024 2111 2772 3777 4167 4577 4908 5089 5299 5344 6362 6615 6621 7072 7332 7711 7955 7962 7994
7112 711 969 1126 1302 1449 2035 2063 2400 2782 2971 2998 3060 3597 3809 4147 5079 5249 6605 6824 6905 7458 7485
7113 995 1651 1917 2337 2619 3206 3620 3805 4566 4606 4759 5420 5903 6011 6742 7395
7114 310 766 921 2714 3139 3256 3578 3648 3717 3829 4237 5034 5346 6332 6540 7024 7118 7417 7472 7633 7785 7879
7115 1248 1869 1900 2257 2351 2357 2649 2760 4657 4866 5180 5239 5359 5423 5768 5942 6331 6638 7605
7116 351 739 1046 1189 1596 1824 1911 1994 2528 2637 3040 3360 3776 3891 3972 4896 4990 5318 5950 6669 6820 6888 7666
7117 44 726 852 871 879 2508 3671 3792 4053 4334 4424 4559 5748 5760 6639 6784 6882 7045 7069
7118 1173 2792 3491 4004 4623 4900 4957 5451 6192 6381 6543 6549 6589 7114 7527 7615
7119 101 179 607 728 829 1317 1642 1690 1693 1711 1792 1930 3446 4135 4360 4438 5461 6198 6849 7617 7873
7120 268 1254 1493 1847 2361 2691 2925 3522 4014 4169 4252 4731 4878 5384 5515 5523 5540 6379 6728 6965 7296 7689
7121 474 984 1120 1145 1628 1675 1926 1957 2108 2809 3022 3221 4611 4827 4972 5024 5237 5339 5371 5865 6284 6336 6435 6649 6741 7104 7144
7122 442 505 511 827 1565 2057 2269 2308 2613 3167 3336 3608 3657 3885 4134 4594 4934 5336 5620
7123 116 218 656 1852 1952 2132 2349 2663 2782 2857 2913 3231 3232 3374 3761 3990 4287 4818 4846 4983 5370 5563 5829 6064 6295 7561 7794
7124 266 763 771 1325 1902 2666 3329 3458 3642 4239 4442 4646 5086 5427 5545 5673 6392 6698 7172 7562 7872 7908
7125 226 544 635 1361 1377 1532 1780 1848 2001 2171 2645 2744 3195 3263 3307 3678 3705 4037 4271 4546 5622 6894 7476 7553 7784 7872
7126 49 192 694 1201 1315 1895 2287 2975 3064 3128 3183 3304 3328 3423 3531 4635 4793 4827 5025 5090 5111 5562
7127 402 1683 1800 2164 3009 4526 5397 5673 5939 7140 7837
7128 512 1758 1795 1866 1929 2554 3166 3312 3403 3527 4118 4298 4502 7337 7772 7786 7908
7129 640 762 1909 2776 3079 3298 3301 3791 4064 4169 4781 4854 5222 5453 5610 5614 5631 5758 6096 6318 6411 6897 7037 7743 7951
7130 388 771 1378 1479 1503 2255 2454 3037 3186 3390 3494 4296 4625 4901 5151 5878 5922 6064 6320 6997 7024
7131 530 825 948 1641 1809 2076 3815 3865 4255 4739 4876 5188 5646 6265 6502 6591
7132 261 905 1311 1925 2662 2759 3367 4015 5431 5878 5940 6347 6413 6487 6708
7133 228 1041 1552 1865 2232 2493 2840 2955 4088 4585 4783 6040 6135 6926 6929 7105 7374 7966
7134 197 665 717 929 1923 2268 2879 2894 3227 3545 3955 3982 4025 4063 4167 4178 4284 4657 4739 4853 5242 5464 6297 7080 7754
7135 989 1679 2068 2389 2620 3855 4289 6089 6250 6585 7181
7136 31 826 1272 1530 1681 1782 2454 2696 2797 3610 3611 4370 5080 5152 5554 6000 6562 6922 6941 7037 7343 7436 7440 7701 7704
7137 266 504 745 863 1333 1771 1828 2272 2774 3072 3109 4358 4931 6575 6979 7141 7410 7895
7138 53 1184 1274 1909 2329 2603 3186 3240 3729 4919 5241 5389 5508 5751 6072 6343 6977 7294 7352 7362 7527
7139 991 1190 1321 1675 2757 2833 2941 2990 3289 3328 3862 3893 4197 4965 5237 5812 6037 6077 6483 6687 7334
7140 77 86 951 1089 1434 2063 2581 2641 3750 4045 4375 4404 6151 6833 6969 7127 7336 7921
7141 936 1647 2266 2643 2818 2884 2918 2980 3636 4002 4140 4891 5306 5331 5529 6190 6228 6564 6796 7049 7137 7191 7705
7142 759 1142 1158 1420 1433 1635 1760 1864 3012 3618 3753 3988 4046 4097 4166 5770 6654 7371 7871
7143 154 396 433 493 1412 1896 2161 2734 2875 3460 4540 4757 5247 5256 5790 5828 6243 6467 6482 7457 7522 7740
7144 15 649 1339 1376 2029 2088 2510 3891 4110 4318 4612 4729 5056 5068 5476 6091 7121 7364
7145 618 1133 1159 1203 1624 2299 2940 3039 3410 3776 3828 4018 5673 6546 6661 7244 7472 7660
7146 204 437 534 620 643 815 1452 1521 1754 1852 2570 2593 2803 2921 3682 4618 5078 5947 6053 6663
7147 123 1057 1114 1188 1300 1668 2132 2545 2982 3937 4892 5111 5264 6540 6968 7233 7255 7685 7841
7148 151 941 2167 2201 2348 2382 3003 3440 3444 3959 4539 4793 4817 5651 6190 6281 6327 6490 6614 7287 7411
7149 211 595 1509 1714 2608 2613 3244 3389 3482 3794 3993 4111 4170 4752 5405 6031 6491 7326 7472
7150 13 89 167 339 950 1797 1835 1961 2596 3738 3803 4331 4834 5905 5996 6241 6833 7287
7151 91 216 900 965 1033 1630 1666 2012 2987 3158 3351 3581 4749 4771 5361 5434 6182 6326 6797 7344 7653 7953
7152 222 1439 2247 2716 3293 3419 3659 4061 4330 4663 5366 5409 5643 6142 6324 6847 7198 7615 7730
7153 292 319 382 429 662 936 1173 1274 1548 1739 1885 1892 3076 4475 4504 4615 4716 4717 4731 4829 4835 5510 5593 5742 5781 6123 6165 6400 6506 7283 7745
7154 681 1027 1114 1175 1189 1304 1788 1884 3031 3784 3915 5380 5416 5562 5930 6054 6240 6986 7024 7638 7724
7155 48 130 393 1375 2278 2316 2467 2829 2975 3222 3273 3782 3948 5023 5411 5735 6030 6089 7519 7635
7156 20 256 299 607 871 1602 1661 1899 1990 2959 3819 4134 4228 4351 4776 4791 4817 4846 6386 6851
7157 1020 1226 1381 1811 2068 2075 2124 2545 2859 2860 3892 5836 6323 6404 7171
7158 1243 3301 3817 4005 4932 5997 6326 7495 7540
7159 745 2426 3004 3786 4230 4288 4442 4870 4927 5358 5565 6043 6132 6435 7344 7826 7963
7160 808 1236 1305 2169 2584 2854 3199 4213 4536 6256 6531 7000 7053 7232 7540
7161 105 142 263 1198 1952 2154 2350 3899 4041 4521 4707 5090 5099 5802 5970
7162 320 897 1237 1298 1453 1789 2587 2950 3015 3212 3341 3721 4738 4934 5033 5635 6388 6752 7209 7657
7163 603 673 789 1223 2470 3420 3814 4431 4767 5640 6097 6124 6227 7689 7980
7164 6 8 108 180 246 781 898 1480 1704 2832 3406 3476 3804 4079 4775 4895 4958 5376 5480 5785 5809 6217 6405 6603 6904 7216 7247
7165 502 705 829 850 1761 1936 2505 2646 4377 4464 5182 5310 5546 5805 6175 6229 6356 6427 6641 6870 7225 7690 7691
7166 324 1493 1915 1957 2273 2840 2901 4394 4851 5329 5414 6364 6695 6926 6977 7039 7176
7167 242 373 742 1131 1643 2405 2809 3513 3637 4754 5225 5695 5995 6272 6361 6710 7301 7345 7908
7168 461 1933 2090 2111 2767 3362 3562 4307 4629 4657 5586 5718 6842 7057 7102 7217
7169 387 680 695 986 1003 1647 2135 2474 2565 2574 2684 3280 3532 4856 5033 5326 5354 5371 5678 6490 6501 6604 6686 6843 6930 7275 7346 7815
7170 182 582 934 1020 1321 1352 1577 2018 2861 3112 3355 3520 3630 4218 4247 4530 4659 4669 4759 5543 5918 6087 6333 6578 7298
7171 456 681 863 1787 1835 1836 2087 2216 2455 2708 2902 3049 3081 3600 3719 3872 4771 5062 7157 7539
7172 178 2212 2227 2576 2589 2850 3527 4280 4974 5428 5473 5927 6322 6766 6982 7124 7210 7558
7173 897 918 1031 1371 2174 2858 3153 3406 3441 3510 3605 3970 3988 4126 4196 4595 5316 5342 5454 5876 6263 6442 6585 7370
7174 171 731 3152 3305 4142 4309 4318 4627 5313 5362 5370 5803 5889 6014 6022 7388
7175 125 1231 2377 2489 2690 3565 3679 3776 4093 4325 4489 4566 4773 4812 4833 4926 5260 5842 5875 5947 6107 7628 7892
7176 152 433 1729 1998 2754 2988 3790 3930 4985 5768 6757 6843 7166 7890
7177 792 1570 2444 2848 3184 3978 4201 4542 6070 6185 6261 6298 6415 6854 6999 7807
7178 733 1045 1095 1864 2201 2449 2625 3188 3441 3876 4258 4261 4370 4757 5201 5363 5802 6086 6188 7411
7179 112 413 924 1246 1728 1801 2204 2920 2952 3296 3435 3830 4479 4898 5227 6813 6978 7079 7427
7180 112 770 1314 2289 2333 2502 3161 3984 4226 4556 5061 5216 5731 5961 6283 6657 7468 7511 7987
7181 223 224 869 1908 2449 2496 2884 3229 3652 4298 5303 5651 6244 6295 6862 7135 7203 7318 7390
7182 335 657 859 1096 1261 1365 1654 1706 1820 2302 2366 2562 3459 4108 4179 4549 4824 5816 6166 6464 6576 6577
7183 282 288 349 2118 3021 3056 3249 3256 3286 3604 4029 4557 4657 4696 4700 5903 6284 6645 7049 7686 7757
7184 112 139 768 827 1682 2141 2354 2560 2720 2862 2951 4049 4351 4435 4587 4677 4687 4736 4748 5145 5359 5554 7080 7287 7369
7185 501 517 711 767 831 901 1474 1974 2249 2598 3197 3440 3474 3692 4440 4602 4745 5038 5294 5865 6763 6912 7419
7186 737 933 1356 1425 1631 1975 1992 2622 3186 3188 3421 3908 4820 5200 5464 5755 5979 7318 7695
7187 707 865 1094 1503 2413 2798 3058 3383 3431 3667 4319 5313 5798 6338 6623 7060 7398 7447 7570
7188 50 434 567 1392 1707 2493 3025 3235 3674 3825 4055 4411 4522 4764 5075 5460 5947 6002 6085 6406 6493 7038
7189 113 309 735 960 1419 1421 1611 2071 2274 3466 3596 3620 3820 3842 4708 6110 6205 7083 7102 7378 7491 7540
7190 200 718 808 1085 1193 1241 1518 1819 2697 3768 4441 4457 4695 5046 5152 5177 5683 6145 6352 6383 7819
7191 991 1729 2098 2583 4042 4465 4610 4775 5214 6140 6155 6295 6649 7141 7303 7720
7192 244 301 522 662 796 1142 2183 4046 4606 4681 5198 5663 6914 7342 7705 7829
7193 739 812 1117 1323 2300 2440 2957 3043 3138 3391 3948 4050 4715 4942 5338 5372 5998 6678 6840 6942
7194 797 1222 1551 1630 2449 2584 2656 3925 4767 4947 5696 5954 6257 7037 7230 7411
7195 62 275 381 594 1661 1779 2171 3338 3913 4121 4667 5262 5566 5750 6350 6788 7086 7575
7196 295 378 913 1378 1940 3286 3545 5000 5181 5794 6020 6120 6131 6429 6620 6678 7813
7197 61 632 872 1002 1028 1624 1631 2239 3395 4213 4361 4482 4661 4936 5010 5069 5921 7487
7198 979 1130 1469 1538 1988 2348 2832 3023 3287 3352 3610 3652 3740 3933 3976 4098 4177 4686 4986 5114 5603 5687 5763 6319 6526 7152 7931
7199 1655 1675 1836 1940 2197 2280 2322 2713 4108 4346 4394 4833 4961 5124 5286 6362 6561 6826 7234 7392 7558 7710 7722
7200 388 417 515 1046 1152 1296 1473 1559 1597 1792 2226 2458 2521 2699 2726 5358 5924 6915 7232
7201 556 606 1019 1146 1962 2342 3025 3259 3325 3453 3616 4357 4496 4520 4576 4935 5064 5319 5696 6573 6778 6789 7096 7363 7571 7775 7919
7202 636 2036 2219 2343 2692 2818 3176 3289 4084 4189 4269 4519 5842 6592 6685 6766 6806 6814 7074 7380 7438 7701 7892
7203 1028 1960 2581 2705 3106 3702 4549 4556 4566 4700 5533 6420 6536 6902 7181 7496
7204 12 641 808 1328 1583 1598 1671 2515 2668 3385 3547 4318 4777 5244 6505 7392 7948
7205 38 81 134 335 1572 2007 2104 2171 2409 2687 2949 3384 3932 4998 5122 5709 5733 5765 5832 6061 6188 6236 6574 6868 6952
7206 187 741 1270 1479 1942 2066 2238 2725 2811 3476 4272 4535 4670 6198 6287
7207 695 1292 2768 3060 3175 3262 3563 4055 4408 5443 6052 6220 6453 6570 6823 7692 7832
7208 32 387 605 1736 2354 2478 2757 2831 2949 3304 3430 3457 4671 5967 5970 6865 6875 7284 7565 7570 7764 7813
7209 151 162 685 1350 1925 2186 2322 3267 3326 4177 4338 4578 5582 6256 6336 6509 6651 6701 7162 7339 7626 7947
7210 636 914 2799 2966 3587 3908 5840 6339 6366 6621 7172 7298 7526 7652
7211 218 610 790 1644 1903 1969 2197 2580 2734 3116 3539 3828 4171 4314 4366 4553 4580 5663 5685 6143 6309 6766 6846 7290 7346 7852
7212 399 1536 2120 2267 3340 3676 3802 4208 4472 4620 4868 5746 6017 6375 6665
7213 929 1111 1323 1406 2177 2932 2996 3187 3769 4033 4581 4930 5271 5812 6286 7271 7681
7214 5 114 1565 1573 1996 2448 3057 3302 3351 3545 3905 4394 5427 5857 6338 6441 6484 6533 7060
7215 240 595 657 898 1125 1822 3008 3919 4585 4877 6970
7216 1037 1095 1900 2400 2413 2458 3115 3163 5119 5867 6105 6792 7164 7997
7217 67 270 1184 1619 2984 3409 3594 3696 3909 4555 4833 5518 5586 5631 6700 7168 7378 7737
7218 214 1625 2241 2255 2891 2892 2905 2913 3258 3792 4623 4795 5121 5595 5825 5945 5987 6483 6498 7001 7674 7759
7219 54 411 835 1081 1183 1594 1707 2081 3540 3788 3812 4045 4233 4342 4725 5551 5562 5644 6128 6870 7023 7732 7774
7220 136 512 661 841 1059 1350 1514 1538 1643 2229 2947 3048 3121 3211 3746 3968 5684 5749 6226 6274 6609 7010 7322 7674
7221 208 1651 1771 1893 2245 2963 3519 3699 4048 4110 4480 5566 5794 6315 6323 6567 6924 7707
7222 431 1115 1128 2164 2196 2261 2531 2847 3255 3473 3849 4191 4747 5793 6079 6605 6627 7079 7642
7223 160 197 505 678 721 1353 2291 2623 2739 3334 3590 4455 5264 5644 5903 6222 6457 7324
7224 49 796 1102 1316 1433 1857 2037 2136 2833 2835 2854 3451 3484 3879 4934 5052 5080 5352 6051 6132 6497 6826 6945 7272
7225 376 722 1036 1075 1153 1274 1285 1788 1952 2113 2136 2618 3130 4508 4738 5069 5082 5362 5654 5745 5808 5926 5953 6938 7165 7426 7697
7226 323 1130 1336 1524 1739 1875 2283 3306 3602 4066 4190 4326 4436 4754 5588 5891 6857 7308 7444 7503 7576 7966
7227 818 1624 4332 4998 5344 5727 6389 6661 6880 7023 7043 7888
7228 15 1051 1679 1732 1906 2312 2643 2825 2983 3125 3777 3898 4307 4897 5905 6745 6815 6887 6916 7087 7889 7951
7229 177 775 2124 2506 2702 2888 4179 4617 4689 4827 5625 6320 6491 7351 7851
7230 16 203 1654 2081 2363 2425 2641 2775 2893 3047 3169 3365 3768 4565 4834 5079 5680 5794 5894 5901 6642 6966 7194 7319 7985
7231 1174 1627 2112 2427 2814 2903 3145 4408 4514 4601 4712 4814 4935 5445 5902 6777 7016 7457
7232 1159 1211 1228 1798 1849 2330 3371 3605 3704 3822 4109 4175 4230 4515 4682 5160 5880 5896 6490 6684 7160 7200 7352 7369
7233 329 436 1059 1480 1913 2297 2816 3454 4171 5119 5647 6247 6549 6726 6920 7147 7423 7760
7234 98 185 797 863 909 1015 1442 1532 1534 2074 2345 2636 2756 2876 3218 3305 4366 4588 5224 5339 6041 6248 6732 7199 7265 7319 7417
7235 735 1283 2254 2266 2377 2610 3507 4120 4349 4456 5077 6471 6699 6826 7331 7905 7960 7998
7236 179 532 794 1058 1069 1431 1566 1686 2320 2618 3044 3418 3431 4096 4920 4998 5707 5980 6614 6636 6772 7059
7237 561 581 3199 4168 4352 4993 5707 5789 6163 6382 6661 7737 7800 7848
7238 249 553 1042 1048 1908 2080 2120 2148 2178 2265 2686 2835 3784 4059 4546 4650 4945 5320 5922 5925 6284 6461 6942 7485 7557 7804 7864
7239 59 189 1667 1711 1802 1849 2207 2712 2851 3027 4734 4820 4964 5050 6175 7009 7373 7997
7240 467 675 883 1076 1457 1524 1662 1856 2021 2534 3293 3515 3792 4787 4962 5594 5944 7051 7271 7576
7241 136 441 877 1970 2092 2106 2205 2858 2949 3581 4523 5065 5155 5671 5673 5728 6245 6557 7853
7242 591 2032 2749 3220 3509 3529 4019 5820 6141 6250 6895 7445 7667 7857 7916
7243 225 920 1225 1277 1305 1582 1846 1848 3025 3084 3187 3308 3805 4009 4061 5157 5261 5607 5921 6401 6499 6644 6827 7023 7839
7244 338 1408 1639 2454 2481 2755 3269 3355 3446 3566 3681 3729 3896 4231 4365 4614 4829 5086 5878 5885 6008 6625 6682 6745 7145 7264 7701 7735
7245 265 744 861 1310 1994 2127 2369 2499 3167 3691 4142 4241 4825 4900 5476 5690 5779 5953 6610 6880 7848
7246 77 490 931 955 1276 1836 1869 2422 2699 2791 3713 3732 4076 5373 5493 5715 5750 6091 6846 6859 7065 7678 7898
7247 143 1623 2025 2071 2410 3093 3141 3215 3254 3777 4063 4544 4941 5243 6032 6092 6224 6418 6476 7010 7164 7297
7248 415 551 769 855 930 1828 3861 3983 5164 5646 6433 6485 6596 7593
7249 112 165 471 694 1313 2280 2342 2375 2790 2813 3015 3535 4584 5612 5759 6399 7319 7742
7250 970 1332 1531 1537 1797 2093 2491 2495 2806 2939 3310 4338 4822 5205 5367 5875 6380 6883 7482
7251 265 760 767 1301 1546 2254 3930 4171 4247 5241 5535 5896 6262 6362 7098
7252 70 651 862 2323 2659 2819 2893 3224 3381 3800 3992 4601 4864 5711 5737 6138 6439 6558
7253 226 1440 1637 1910 2156 2361 2926 3168 3337 3674 3714 3822 4080 4093 5067 5729 5849 6047 6737 7911
7254 660 1266 1475 2030 2382 2559 2598 2748 3241 3507 4046 4426 4519 4638 5046 5136 5816 6671 7312
7255 901 1053 1152 1890 1970 2508 3688 4439 4639 4750 6108 6474 6863 7147 7330 7557 7600 7890
7256 82 436 1469 1898 2381 2786 3183 3347 3393 3411 3797 4067 4311 4836 5234 5251 5564 5588 5601 5628 6246 6728 7984
7257 184 226 491 528 1158 1450 1476 1589 1709 2333 3396 3426 3612 3627 4236 4556 5269 5397 5404 5542 6916
7258 490 1105 1198 1745 2312 2683 3073 4354 5567 5650 5700 5867 5891 6388 6927 7389
7259 687 878 1434 1874 2200 2459 2654 3110 3641 3705 4020 4452 4616 4833 5342 5360 5969 6841 6901 7437 7665 7761
7260 539 1670 2989 3372 3543 3649 5138 5188 5279 5722 5735 5809 6002 6300 6324 6909 6926
7261 101 1046 1238 1272 2343 2589 2906 3406 3604 4503 4768 4943 5044 5119 5849 6288 6482 6753 6887 7398 7404 7587 7710 7922
7262 278 1297 1761 3238 3599 3866 3878 4063 4287 4524 5174 5535 5867 5901 6115 6308 6603 7298 7808
7263 253 627 776 1049 2173 2650 2710 3081 3272 3311 4470 4866 6099 7085 7369
7264 105 845 1692 2012 2702 2964 3221 3588 3768 3892 3898 4717 4818 6169 6240 6575 7244 7445 7685 7888
7265 368 609 919 1054 1636 2241 2314 2430 3622 3945 4046 4359 5441 5518 7234 7420 7508 7665
7266 2 45 334 893 1065 1921 2425 2747 4245 4504 4531 5056 5436 5571 5938 6078 6163 7012 7404 7761
7267 496 580 1322 1436 1877 2103 3088 3493 3699 3770 4990 6433 7418 7850 7870 7890 7907
7268 60 650 661 1368 1596 1718 2144 2203 3308 3830 3895 4597 5339 6715 6956 7306 7841
7269 516 547 557 1487 2008 2628 2750 2975 3405 3757 3988 4525 4539 5211 5613 5748 6535 6983
7270 46 714 773 1146 1530 1629 1645 1710 2254 2385 2538 3159 3837 4277 4296 4522 4589 5502 5521 6209 7644 7727 7760
7271 260 485 1857 2102 2599 2610 2824 3210 3342 3789 4077 4576 4660 6263 6721 6757 6968 7213 7240 7765 7859
7272 329 348 1156 1276 1412 2868 3517 3520 4268 4652 4696 5100 5855 5861 6674 7224 7385 7762 7975 7981
7273 710 2072 2231 2522 2960 3181 3494 3644 4103 4854 4885 4932 5058 5127 5284 5612 5854 6663 6883 7609
7274 193 1731 2413 3832 4459 4699 4858 5350 5678 7500
7275 339 391 524 530 1109 1188 1328 2195 3379 3461 3464 4474 4485 4626 4686 4930 5379 5623 6514 7087 7169 7823 7930
7276 170 393 1583 1893 2031 2740 3246 3644 5352 5396 6081 7798
7277 26 130 433 533 569 944 1211 1356 1402 2247 2307 2392 3166 3555 3724 4023 4053 4215 4283 4305 4908 5785 6697 6739 6909 6960 6989 7682
7278 149 878 1609 1869 2421 2611 3123 3453 3610 4186 4707 4836 5256 6032 6475 6542 6974 7493 7673
7279 309 310 376 872 967 1024 1253 2167 2774 2930 3695 4854 4995 5108 5214 5364 5740 5950 6203 6490 6722 7024 7029 7517 7576
7280 80 523 770 1012 1477 1783 2064 2108 3096 3372 6238 6956 7554
7281 613 1083 1134 2199 2963 3109 3357 3438 3673 3712 3770 4728 4745 5469 6656 7804
7282 79 351 816 1377 1551 1670 1966 2647 3132 3329 3373 6160 6482 6814 6901 7332 7918
7283 144 822 1288 1315 1435 1481 2143 2387 4214 6529 7153
7284 2 713 810 1977 2195 2313 2867 4232 4348 4622 5163 5448 5703 5750 5815 6031 6200 6972 7208 7735 7943
7285 18 159 543 939 971 1263 1874 2076 2360 2550 2735 2932 3702 3804 3821 4151 4218 4587 6002 6951 7675
7286 309 431 448 551 722 1208 1248 1612 1668 2300 2619 3415 3579 4810 4816 5730 5770 5991 6606 6901
7287 457 1267 1500 1575 2584 2754 2756 3867 4370 4486 4536 4791 5087 6186 6270 7148 7150 7184
7288 528 1106 1386 1914 2273 3712 4215 4253 4496 4600 4636 4909 6457 7706
7289 99 120 158 504 748 808 2048 2719 2850 3451 3727 4213 4366 4532 4560 4826 4860 5494 5858 7580 7608
7290 193 238 523 573 1068 1206 2223 2270 2435 2776 4436 4691 5292 5454 6046 6066 6958 7211 7770
7291 55 87 294 622 777 1493 1587 1714 2043 2462 2802 3940 5967 5986 6000 6294 6878 7854 7979
7292 289 641 1446 2290 2714 2954 3465 3722 5296 5345 5392 5427 5520 6015 6195 6230 6317 6759 6770 6946 7994
7293 696 739 832 841 1006 1297 1359 1697 1999 2024 2037 3123 4414 4571 4673 5402 5945 6375 6672 7359
7294 223 820 871 1612 1831 2131 2660 2742 4067 4089 4153 5597 5721 6344 6519 6919 6922 7138
7295 394 1194 1284 2416 2437 3672 3953 4019 4158 4453 5106 5861 6374 6424 6716 6827 6835 6930 7394
7296 499 1422 1849 1851 2054 3022 3138 3381 3653 3775 3882 4285 4801 5828 5890 6094 6268 6420 6506 6714 7020 7120 7328 7398
7297 652 826 2427 2669 3126 3691 4147 4511 5238 5500 5666 5845 5858 6301 6414 7247
7298 36 731 962 1252 1461 1767 2450 3493 3858 4094 4589 4745 4921 5078 5281 5492 6012 6791 6849 7170 7210 7262 7726
7299 47 270 324 483 2046 2308 3004 3942 4582 5911 5939 6614 6714
7300 62 396 846 883 1048 2277 2807 3000 3906 3942 3989 4050 4388 4817 5282 5721 6118 6324 6560 6703 6739 6928
7301 190 595 788 816 1251 1381 1566 2166 5243 5912 6302 6613 6932 6998 7034 7167
7302 602 1261 1304 1460 1634 1636 2045 2229 2804 2868 3008 3313 3630 4618 4759 5218 5419 5425 5640 7320 7394 7512 7875
7303 120 452 1091 1539 2726 2915 3530 3571 3742 3896 4094 4121 4511 5096 6174 6231 6654 7003 7191 7327 7410
7304 760 813 1007 2136 2972 3483 3916 3945 3970 4605 4676 5011 5088 5098 5979 6562 6647 6818 7899
7305 2083 2688 2740 2790 2792 3057 3118 3277 4729 5218 5412 5756 5891 7686 7740
7306 169 273 1481 1602 1874 2295 2750 2888 3032 3784 3975 4684 5248 5569 5808 6255 6719 6878 7268 7674 7914
7307 343 415 634 1606 1617 2218 2517 2720 2797 4264 4836 5905 7058 7088 7330 7708
7308 553 1838 1884 2171 2398 3325 4152 4248 4324 4566 4595 4610 4633 5849 5948 7226 7564 7805
7309 713 1234 1250 1497 2153 2403 2609 3132 3190 4357 4507 4571 4681 5300 5339 5574 5911 6056 6356
7310 200 417 496 1849 2015 2072 2556 3222 3551 4314 4332 4402 5118 5151 5231 5360 7420
7311 246 1658 1872 2389 2736 2759 2787 4233 4439 4733 5261 5455 6401 6457 7683
7312 22 39 641 1043 1337 1421 1483 1663 1870 1876 1893 2154 2918 3428 3659 3879 4385 4790 4931 4961 5572 7089 7254 7694
7313 509 528 1397 2101 2742 3299 3327 3368 3448 3461 3588 3950 5076 5313 5654 5786 5802 7325 7531
7314 140 388 1963 2357 3913 4148 4245 4365 4617 5139 5355 5406 5620 6552 7326
7315 1184 1208 1792 1795 2105 2208 2319 2498 3660 4025 5235 5787 5835 6606
7316 446 757 1198 2296 2748 3003 3308 4640 5004 5662 5770 6676 6874 7431 7450
7317 151 369 1172 1906 2262 2357 2778 3612 4150 4335 4612 4761 5366 5506 6007 6188 6214 6356 6579 7093 7100 7350 7521 7610 7945
7318 129 330 849 1372 1426 1575 1670 1711 5361 5776 5826 6063 6849 7181 7186 7742
7319 1428 2185 2232 3829 4110 4476 5024 6015 6250 6273 6277 6350 6513 6826 7230 7234 7249 7601 7894 7941 7942
7320 149 902 1254 1782 1849 2055 2187 2564 3094 3280 3396 3828 3886 3949 4109 4624 4904 5394 6369 6458 6460 6524 7082 7302 7668 7953
7321 1297 1314 2281 2377 2751 2883 3077 3130 3568 3693 3947 4712 5091 5191 5562 6111 6332 7008 7063 7460 7890
7322 401 679 893 1185 1737 2401 2771 3801 3851 4057 4482 4819 6449 6628 7072 7220 7713
7323 174 380 440 491 1032 1074 1928 2081 2144 2372 2993 3407 3475 3680 4552 4695 4706 5145 5329 5617 6185 6378 6758 7443
7324 461 800 942 1131 1338 1419 1465 1825 2769 3105 4533 4869 4984 5012 5299 5312 5404 5506 5667 6890 7223
7325 284 1978 1993 2236 2429 3235 3280 3358 3433 4060 4187 4744 4745 5499 6342 6887 7313 7362 7638
7326 538 728 982 1169 1706 2079 3042 3261 4059 4550 6247 6582 6719 6778 7149 7314
7327 1563 1813 2445 2711 2944 3184 3633 3768 4137 4258 5178 5449 5604 5669 5764 6088 6108 6752 7303 7442
7328 179 384 1480 1733 2487 2802 3014 3104 3159 4141 4563 5325 6198 6432 6597 7296 7898
7329 179 379 610 773 1511 1610 1970 2110 2902 3008 3786 3926 4080 4584 4789 6491 6770 7105 7673
7330 258 345 1104 1950 2188 2691 2782 2849 3788 4105 4197 5381 6034 6554 6766 7091 7255 7307
7331 138 585 1337 1626 1886 2410 3051 3748 4118 4530 4549 4648 4885 5000 5013 5774 6349 7004 7022 7235 7455
7332 1012 1356 1880 2877 3295 4103 4238 5747 6149 6774 6969 7085 7111 7282
7333 155 236 475 483 761 1043 1140 1623 1651 1908 2070 2071 2085 2528 2682 2938 3416 3754 3978 3985 4473 4671 4786 5151 7368
7334 171 257 481 673 805 869 1427 1544 1722 1771 2098 2463 3088 3285 4271 4302 5024 5410 5793 6062 6097 6463 6547 6630 6827 6836 6877 7139 7500 7501 7927
7335 759 779 928 1085 1578 1604 1624 2370 3242 3448 3469 5239 5585 5707 5859 5925 6020 6172 6976 7818
7336 84 178 317 428 436 457 2525 2570 3024 3231 3486 3504 4083 4627 5993 6021 6076 6163 6356 6719 6972 7000 7140 7408 7664
7337 963 967 1157 1624 1637 1919 2002 2399 2603 2713 3038 3860 4009 4465 4523 4619 4916 5467 6205 6549 7128
7338 9 637 1880 2109 2145 3489 3714 3827 3926 4107 5389 5634 6287 6541 7897
7339 67 100 240 801 1036 1664 2138 2653 2804 3195 3453 3488 3898 4056 4572 5022 5060 5932 6757 7209 7980
7340 38 1134 1700 2387 2700 2820 4392 5164 5254 5546 6412 6685 7597 7950
7341 100 706 1915 2389 2399 3078 3707 4407 5038 5714 6504 6778 7556 7714 7897 7922
7342 404 628 902 1356 1673 1804 1935 2319 4316 4403 5074 5593 6593 6972 7192 7354 7410 7414 7634 7947
7343 88 689 1043 1202 1395 1898 2300 2626 3218 3370 4218 5015 5037 5626 5627 5653 6058 6119 6218 6438 6444 7051 7136 7626 7746 7991
7344 288 387 662 987 1171 1502 2219 2618 2711 2802 3966 4811 5061 5344 5729 5742 5810 5831 6018 6029 6080 7076 7151 7159 7476 7480 7954
7345 101 751 1077 1290 1500 1763 2952 4103 4288 4317 4563 4667 4843 5435 6144 7167 7664 7693 7724 7837
7346 198 723 931 1001 1193 1623 1815 2017 2380 2769 3348 4057 4200 4889 5402 5456 6245 6513 7169 7211 7875 7922
7347 265 606 1398 1495 1885 1996 2067 2759 2948 3037 3784 5013 5473 5490
7348 271 361 848 1822 2893 3077 3086 3513 3538 3983 4524 4611 6464 6815 6956 7025 7771
7349 551 644 783 1267 1422 1828 3236 3407 3428 3577 3838 4662 4925 5524 5869 6135 6371 6828 6914 7555
7350 140 332 1305 1308 2147 3149 3296 3425 3848 3912 4658 5127 5227 5561 5729 6239 6605 6609 7317 7490
7351 364 409 880 1127 2141 2227 2553 3775 3876 4376 5553 5813 6076 6194 6659 6712 7229 7818
7352 385 1254 1549 1627 2312 2751 4050 4253 4691 5320 5500 5681 6249 6324 7138 7232 7416 7818 7841
7353 1648 1745 2148 3023 3046 3195 3592 4706 4747 4762 5173 5785 5786 6540 7069 7772
7354 1157 1877 2958 3163 3642 3694 3722 3843 3976 4011 4088 5127 5629 5835 6279 6951 7342 7882 7993
7355 594 674 755 1394 1986 1995 2141 2193 2523 3083 3753 4004 4528 4572 4716 5578 5921 6028 6464 6916 6992
7356 782 829 1321 1686 2725 3238 3455 3692 4027 4843 5424 5483 5760 5964 6195 6694 6742 6751 6900 7055
7357 1517 1623 1722 1785 1803 2296 2713 4185 5254 5520 6359 7748 7987
7358 162 374 421 479 636 1075 1681 2259 2355 2498 2607 3657 3662 3842 3982 5830 6104 6868 6999
7359 572 863 1140 1156 2530 2555 3336 3440 4226 4872 5524 5860 5861 6683 7293 7526 7699 7778 7976
7360 13 302 334 545 642 802 818 899 1054 1238 2239 2534 3001 3016 3785 3886 4271 5846 6531 7739
7361 250 345 1346 1359 1400 1539 2258 2330 2473 2509 2732 3918 4055 4290 4423 4532 5089 5456 5573 6499 6762 7023 7374 7704
7362 280 392 779 794 1587 2034 3202 3322 3576 4246 4270 4388 4731 5152 5209 5710 5846 5960 6321 6631 7018 7138 7325 7391 7609 7628 7790
7363 306 345 378 981 1198 1298 1487 1557 1590 2437 2543 2862 2922 3222 3709 4185 4680 5375 5548 5741 5801 6206 7201
7364 385 486 514 898 2250 3205 3255 3349 3360 3519 3868 3926 4200 4519 4946 5165 5567 5570 5736 6408 6578 6595 6671 6819 7144 7471
7365 465 2155 2461 2693 2948 3394 3959 4001 4043 4535 5706 5927 6686 7422 7897
7366 580 1044 1297 2381 2452 2834 2868 2872 3266 3758 3880 4049 4349 4867 4898 5350 5683 5923 5962 6052 6192 6667 6812 6928 7452 7694 7947
7367 171 826 877 1109 1634 2381 2548 2978 3176 3733 3942 4288 4654 5331 5628 6911
7368 384 455 458 816 951 1274 2219 3173 3228 3380 4181 4456 5078 5889 6030 6524 7333 7639 7742
7369 599 847 892 3456 3696 3958 4310 4706 4774 5336 5454 5612 6604 6775 6800 7084 7184 7232 7263 7397 7427 7627
7370 9 937 978 1497 1816 2169 2353 2429 3575 3632 3659 4126 4193 4319 4442 4624 5160 5464 6571 6757 6961 7173 7700 7849
7371 463 1319 1352 1354 1545 2012 2734 3288 3341 3617 3631 3875 4058 4088 4289 4772 4935 5006 5869 6187 6417 6714 7079 7142 7418
7372 797 848 900 1133 1610 1997 2233 2947 3027 3364 3671 3749 3865 4108 4213 4810 5140 5498 5895 5902 6492 6923
7373 55 644 942 1182 1231 1363 2639 3366 3615 4954 5168 5649 6115 6485 6608 6710 6902 7081 7239 7951
7374 107 167 299 307 609 1164 1249 2271 2316 2543 2965 3370 3600 4457 4473 4878 5294 5328 5379 6075 6459 6780 7133 7361 7635
7375 163 215 837 2131 2543 3062 3289 4024 4938 5149 5773 5860 7102
7376 500 641 1913 2177 2649 3418 3503 4906 5141 5330 6006 6209 6573 6800
7377 197 408 545 574 1392 1674 1737 1836 1987 2264 2905 2978 3284 3477 3721 4423 4823 5261 6401 6632 7081 7855
7378 137 268 1666 1892 2461 3531 4057 5154 5651 5656 6360 7024 7189 7217 7408 7756
7379 655 669 977 1590 2269 2471 2583 3776 4353 4484 4802 5362 6409 6457 6808 7503
7380 48 949 1342 1560 1858 1883 2666 2792 2796 3344 3488 3601 4527 4639 5896 6358 6409 6594 6773 7000 7202
7381 203 420 754 1198 2110 2251 2275 2847 2872 2879 3291 3651 4023 4345 4648 4882 5006 5085 5110 5254 5338 5583 5821 6208 6445 6975 7553 7802
7382 95 182 235 277 2463 2583 2709 3225 3649 5233 5273 6348 6601 6749 7716 7746 7952
7383 199 522 1468 2486 2491 3195 3252 3639 4066 4154 4241 4477 4543 4679 4810 5417 5454 5729 6125 6333 7851
7384 512 1313 1780 1839 3249 3365 3395 3678 3911 4124 4159 4194 4317 5627 5985 6255 7403
7385 199 393 1273 1357 2270 2508 2680 3447 3723 3868 3953 4863 5100 5468 5496 5845 5878 6415 6471 6511 6727 7272 7669
7386 338 1010 1416 1616 2033 2520 3199 3594 3970 4074 4175 4893 5931 6317 6397 6449 6783 7085 7461 7551 7719
7387 131 145 180 210 930 1304 1333 1640 1869 2328 2595 3406 3487 3821 4057 4289 4784 4817 5089 5129 5149 5223 5344 5865 6469 7954
7388 392 1069 1682 1878 2596 2722 2910 3405 3546 4211 4408 4609 4857 4896 4930 5826 6340 6513 6690 6816 7033 7174 7956
7389 968 2405 2475 3723 3909 4045 4741 5160 5530 5692 6113 6192 6927 7023 7258 7652 7706 7708 7731
7390 502 773 1373 2572 2669 4108 4403 4811 5179 5436 5938 6335 6806 6985 7070 7181 7392 7585 7911 7967
7391 682 864 1229 1658 2054 2133 2212 2632 3919 4154 4892 5037 5112 5495 5794 5795 6405 7362 7535
7392 197 480 590 601 909 1102 2059 2767 2856 3640 3725 4885 5528 5797 6134 6209 6266 6481 6640 6788 6966 7199 7204 7390 7590 7690
7393 185 346 525 679 2031 2432 2491 3424 3584 4068 4070 4579 4739 5030 5452 6061 6255 6319
7394 207 675 712 1217 1768 3524 3629 5107 5495 5701 5736 6215 6246 6495 7295 7302 7426 7939
7395 0 32 2224 2265 2848 3174 3383 3574 4865 5513 5533 5682 5954 6038 6323 6557 6698 6832 7113 7431 7571
7396 585 870 1008 1964 1978 2275 2555 3031 3521 4551 5794 5900 6571 6965 7723
7397 501 1625 1906 2731 2874 3134 3157 3457 4070 4184 4576 4614 5481 6026 6348 7369
7398 127 197 786 1424 1501 1825 1834 2227 2542 2660 2982 2991 3109 3156 3481 3754 4054 4571 4837 5171 5642 6175 6520 7187 7261 7296 7411 7555 7786
7399 169 258 489 963 1132 1144 1855 2236 3060 3613 4088 4867 5282 5694 5773 5896 6294 6311 7843
7400 214 516 695 715 1213 1449 1461 1612 2292 2499 3889 4508 5547 5595 5737 5859 5901 6173 6926
7401 420 780 1006 1008 1131 1373 1550 2982 3806 4416 4979 5014 5169 5526 6650 6887 7670 7917
7402 8 25 194 2591 2741 3618 4131 4148 4367 6276 7474 7711
7403 476 676 1064 1664 1692 1841 2090 2131 2371 2829 2879 3298 3669 3936 4297 4790 5851 6099 6309 7384 7631 7974
7404 497 1147 1806 2128 4157 4249 4414 4999 5852 6092 6186 6302 6693 6789 6896 7261 7266 7870
7405 223 486 814 819 2609 3064 3685 4001 4886 5510 5549 5743 5978 7492 7808
7406 125 208 265 854 875 1227 1332 1734 1900 1948 2680 2837 3470 3573 3981 4327 4529 5158 6182 6494 7506 7851 7880
7407 242 624 1404 1490 1541 2197 2201 2649 2793 2841 3269 3455 3710 4064 4384 4443 5829 5875 5890 6261 6408
7408 306 527 737 749 1255 1284 1292 1595 1954 2334 2893 2918 3055 3350 3626 4092 5456 6100 6281 6834 7336 7378 7775 7917
7409 658 1562 2244 2462 2811 2846 2982 3034 3096 3515 3964 4196 4259 4314 4416 4880 5198 5613 5858 6383 6426 7455 7809
7410 72 338 803 1066 1507 1665 2022 2477 2483 2490 2887 3560 3614 3728 4361 5374 5578 5650 5795 5821 6831 6837 7137 7303 7342 7673
7411 657 725 900 1467 2209 2289 2720 2740 3381 4149 4444 4935 5121 5278 5880 6547 6840 6978 7148 7178 7194 7398 7820
7412 486 1428 1685 2020 2332 2336 3041 3574 4011 4555 5004 5125 5438 5544 5931 6412 6426 6658 7048 7903
7413 53 552 736 1296 1461 1493 2126 3117 3362 3497 4080 4659 5197 6045 6285 6925
7414 257 360 488 1787 1909 2346 2365 2739 4417 4808 5065 5457 5700 5733 5827 6215 6217 6932 7105 7342
7415 1759 1954 1968 2450 3051 3770 3915 5033 5597 6618 6830 6831 6909 7479 7545 7788
7416 874 1720 2855 2953 3955 4550 5284 5313 5694 7352 7732 7871 7937
7417 102 147 353 1432 1863 2007 2155 2772 3087 3849 3989 4128 4683 5117 5277 5400 5429 5491 6045 7114 7234
7418 284 325 363 398 1500 1527 2713 3029 3459 4079 4296 4928 4935 5324 5491 6237 6405 6792 7267 7371 7774
7419 81 279 488 767 967 981 1613 1752 1772 1922 2344 2682 3746 3912 4456 4751 4891 5770 6826 7185 7675
7420 160 1147 1864 1917 2314 2595 2841 2866 4076 5641 5936 5950 6301 6505 6552 7265 7310 7449 7806 7848
7421 87 242 369 1174 1600 1993 2347 2688 3375 3564 4035 4342 4362 4539 4936 5052 5800 6010 6646
7422 159 278 779 1338 1495 1618 1729 2216 4093 4515 4599 4917 5337 5357 6305 6545 7365
7423 544 562 1192 1722 2382 2721 2986 3168 3331 3467 3570 3594 4640 5682 6234 7233
7424 79 223 638 1157 1791 2366 2374 2413 2685 2883 3312 3379 4192 4197 4847 5378 5712 5853 6054 6317 6464 6821 7499
7425 181 397 853 2036 2903 3191 3421 3958 4423 4711 4877 5092 7824
7426 135 501 504 566 1339 3147 3650 3927 3999 4536 4567 5506 5604 5745 5921 6433 6664 6750 6814 6894 6941 7225 7394 7619
7427 1088 1173 1356 1458 1705 1871 1961 2299 3212 4319 4893 5481 5823 6105 6225 6722 7095 7179 7369 7771
7428 258 427 850 1137 2489 2976 3595 3917 4688 4883 4940 5138 5635 6042 6186 6352 6668 6984 7631 7787 7980
7429 220 382 598 1345 1496 1843 2578 2879 3426 3541 3956 4264 4907 5637 5774 6109 6554 6587 6631 6979 7015 7738 7842
7430 45 219 482 772 3125 3376 4366 4925 5208 5536 6210
7431 120 229 1558 1675 1921 2689 2704 3798 4270 4402 4408 4541 4678 4735 4760 4772 5025 5677 5837 6295 6513 7316 7395
7432 164 222 481 1177 3666 3812 4070 4317 4690 4820 4829 5917 5979 6992 7684 7832 7977
7433 156 1003 2690 2908 3083 3878 3998 4005 4141 4233 4310 4475 4520 4604 4991 5025 5484 5678 6203 6815 7984
7434 21 706 878 890 1328 1460 1655 2241 2693 2795 2923 3523 4078 4587 4718 5042 5101 5417 5605 5664 5921 5935 5957 6234 6345 7504 7713
7435 216 721 1423 1694 2086 2212 2473 2559 3173 3513 3836 4788 5291 6359 7099 7102
7436 331 448 747 1088 1420 1574 1930 2354 2830 3092 3273 3919 4828 4879 6324 6378 6424 6545 6831 6836 6942 7044 7136 7513 7679
7437 895 985 1001 1364 2794 2860 3249 3565 3673 4384 4680 4737 4892 5003 5077 5664 6056 6153 6209 6313 6440 6776 7259 7605 7653 7673
7438 559 729 781 854 1066 1582 1584 1663 3151 3930 4247 5134 5297 5418 7202 7634 7847
7439 1603 2154 2241 2257 3022 3110 3545 3999 4182 5121 5202 5376 6959 7545 7696
7440 371 504 1010 1619 1666 1702 1773 1775 2193 2218 2905 3225 4002 4014 4169 5039 5492 5581 5715 6041 6209 7136 7825
7441 418 731 995 1095 1591 2786 3154 3512 4236 5852 6091 6482 6615 7548 7642 7846
7442 267 661 1178 1332 1729 3677 4091 4308 4672 5836 6015 6359 6433 7088 7327 7750
7443 871 1250 2160 2843 3586 3682 3934 4643 6746 6963 7323 7527
7444 263 907 1057 1349 1694 2784 3950 3956 3981 4043 4220 4320 5267 6204 6740 7226 7713
7445 282 305 521 1514 1786 1867 2682 2955 3416 3575 3825 4098 4756 4880 5008 6149 6747 7242 7264
7446 175 1184 1395 1443 1469 1499 1744 1907 2235 3024 3432 3451 3576 3611 4453 4654 4718 5075 5188 5231 5321 6129 6181 7665
7447 922 1967 2189 3991 4327 4544 4640 5507 5983 6216 6576 7187 7740
7448 410 494 648 1027 1072 1560 1774 2006 2158 2213 2387 2404 2866 3001 3535 3621 4442 4513 4800 4871 5980 6140 6368 6691 7008 7687 7877 7970
7449 332 599 959 1157 1492 1610 1620 1718 2729 4186 4338 4831 5823 6427 6537 7021 7420 7627 7667 7691
7450 1250 1321 2132 2157 2302 2688 3938 4336 4935 5082 5968 7316
7451 19 410 2009 2189 2192 2778 6142 6545 6793 7680
7452 53 417 2291 2505 2648 2701 3320 3597 3600 3667 4099 5148 5411 5830 5896 7366 7662
7453 224 269 584 920 1136 1282 1312 1364 1456 2652 3374 3696 3768 3969 6014 6314 6552 6868 7015
7454 935 988 1204 1265 1284 1853 2038 2296 2372 3226 3797 3995 4235 4482 4941 5265 5707 5845 5976 6246
7455 489 602 1041 1125 1724 2093 3127 3159 3443 3497 3781 3902 5359 5816 6049 6282 6361 6834 7331 7409
7456 526 619 1716 1960 1992 2114 2496 2970 3094 3117 3760 3844 4021 5118 5978 6098 6161 6278 6531 6937
7457 149 1292 1379 1448 2064 2095 2345 2461 3569 3595 3686 4720 4822 4846 5000 5297 5322 5571 6279 6929 6979 7143 7231 7459 7546
7458 622 759 2272 2607 2734 3090 4152 4289 5112 5447 5999 6448 6492 6698 6888 7112
7459 0 714 1399 1606 1761 2029 5825 6453 6825 6928 7457 7678
7460 173 355 605 651 1295 1445 1699 3491 3991 4267 4563 4663 5334 5865 6051 6313 7321 7865
7461 381 460 680 1556 2233 2277 2930 3390 4322 4950 5018 5084 5952 6566 6728 6821 7386
7462 958 1075 1349 1720 2063 2371 4126 4135 4429 4533 4881 5231 5337 5528 5695 5734 5904 5950 7802
7463 891 1271 1424 1750 1908 1951 2565 2769 3906 4102 4155 4371 4483 4538 6345 6551 6643 6781 7057 7746 7988
7464 624 891 1071 1226 1288 1598 1966 2179 2201 2850 3001 3230 3325 3329 3382 3550 4407 4960 5842 6215 6578
7465 310 408 1595 1912 1918 2122 2220 2236 2373 2404 2453 2483 2981 3256 3793 4129 4391 4659 5022 5440 5472 6008 7997
7466 101 649 920 1270 1390 1494 2120 2267 2444 2754 3670 3750 4641 4751 4821 5012 5399 5504 5912 6827 7052 7642 7710
7467 1368 1418 1877 2098 2547 3690 4002 4197 4631 4697 5812 5977 5997 6116 6424 6597 7085 7772
7468 282 517 857 1306 1580 2374 2512 2678 2687 3128 3351 3921 3959 4184 4703 5558 5720 6049 6341 6479 6628 6931 6959 7180 7492 7625 7698 7843
7469 1101 1713 2034 2112 2238 2270 2943 2955 2971 3056 3840 4229 4413 5176 6393 6680 6938 7069
7470 234 1110 1695 3372 3547 3901 4297 4810 5255 5720 6148 6310 6749 7098 7579 7611 7964
7471 402 1005 1188 1502 1831 2044 2140 2546 3759 3889 4208 4837 4929 4999 5383 5464 5775 5835 7364 7738 7966
7472 545 1381 2352 2483 2624 2860 3627 4203 5304 5450 6641 7114 7145 7149 7915
7473 96 107 339 1427 1532 1621 1667 1713 1936 2315 3440 3760 3933 3990 4002 4531 4970 5208 6548 7047 7098 7673 7676 7794
7474 499 992 1499 2276 2705 3510 3705 3825 4519 4616 4879 4882 5042 5585 6536 7003 7013 7402
7475 487 1618 1758 2995 3499 3542 3672 3973 4391 4695 5281 5296 5337 5371 5430 5520 5755 5840 6169 6234 6369 6763
7476 160 237 1387 1543 1695 2046 2374 2464 2881 4536 4909 7125 7344 7721 7903
7477 382 1265 1677 1724 2289 2786 3087 3474 4225 4793 5147 5420 5599 6123 6188 6943 7672 7690
7478 596 699 805 1343 1858 2132 2144 2190 2315 3067 3317 3348 3580 3623 3929 3980 4098 4463 4873 5098 5181 5640 6421 6677 7629
7479 184 1967 1999 2027 3106 3362 3506 3905 4601 5331 5863 5940 6226 7020 7415 7737
7480 663 1152 1214 2260 2908 3525 3820 3987 4737 5803 5876 5993 6021 6428 7344 7622
7481 51 506 1344 2087 2980 3471 3942 4117 5061 5949 6446 6786 7061
7482 677 810 1343 1604 1801 1897 1970 2508 2574 2683 2836 2943 3021 4349 4718 5042 6572 6817 6895 7000 7107 7250
7483 318 1131 1583 2153 2296 2791 3064 3812 3867 3946 4466 5143 5296 6023 6908 7516 7919
7484 378 518 850 965 1492 1606 2599 2866 3218 4061 4068 4285 5353 5444 5600 5634 6258 6884 7761
7485 379 782 1084 1265 1553 1671 1716 1818 1855 1867 2444 2671 2883 3477 3754 4154 4202 4650 5272 6566 6629 6913 7112 7238
7486 166 959 1547 1997 2517 2667 2911 3249 3815 3847 3931 4051 4377 4449 4460 4706 5843 5994 6104 6486 6498 7560
7487 398 1230 1480 1639 2057 2269 2645 2744 3972 4245 5411 6062 7197
7488 384 1242 1500 2206 2458 3325 3389 4133 5034 5097 6062 6278 6487 7530 7960
7489 382 508 806 815 1040 1462 1576 1727 2468 2578 2654 3291 3441 4278 4304 4479 4550 4595 5467 5627 5631 5873 6310
7490 291 1699 1730 1974 2524 3661 3878 4673 5157 5363 5937 5984 6648 7350 7671 7792
7491 325 456 702 1513 2798 3540 4913 4999 5023 6141 6194 6673 7002 7189
7492 214 383 779 843 2116 2838 3231 4157 4453 6485 7405 7468 7666
7493 237 561 1330 1817 2567 2953 2981 3024 3240 3615 4100 4198 4320 4468 4635 5004 5551 5737 7007 7278 7886
7494 271 412 436 586 2292 2617 4032 4327 4412 4426 4705 4774 5017 5703 5734 5780 5878 6302 6333 6730 6898 6941 7730
7495 675 828 3027 3287 3815 3976 4431 4540 4561 5047 5648 5659 6458 6512 6557 6844 7158 7892
7496 253 1398 1511 3772 4046 4057 4534 4620 4936 4970 5632 5817 6550 6913 7203 7976
7497 112 920 1063 1232 1279 1548 1834 2339 3011 3346 3844 4173 5029 5332 6358 6718 6828 7072 7540 7636
7498 130 393 497 1154 1832 2233 2319 2407 2451 3492 3653 3856 4264 4535 4591 5134 5703 5786 5939 6011 6073 6256 6373 6715 7794
7499 16 811 1463 1614 2017 2457 2579 3271 3345 3479 3531 5103 5494 5609 6419 6438 6810 6821 6914 7424
7500 127 259 360 473 750 1027 1402 2035 2937 3018 3156 3471 3924 4714 5013 5158 5305 5604 5865 5873 6531 6550 6817 6930 7074 7274 7334 7749 7818
7501 275 1495 1994 2104 2120 2731 3444 3581 3954 4847 5011 5239 6329 7334 7657 7713 7860
7502 610 611 1488 1972 2478 3223 3615 3694 4020 4511 4867 5557 5941 6353 6550 7084
7503 196 2082 2110 2138 2157 2356 2847 3003 3010 3634 4114 4213 4586 5330 5404 5499 5598 5826 6100 7226 7379 7785
7504 501 1671 1922 2072 3667 3766 4261 4499 4516 5193 5285 6620 6761 7434 7732 7755
7505 72 219 822 1304 1597 1788 2279 2377 2494 2767 3476 4335 4675 4802 5440 5954 6283 6589 7700 7803
7506 506 732 1392 1434 1522 1852 2489 3339 3813 4094 4899 4918 5488 5719 5727 5902 6374 6674 6995 7075 7406 7517
7507 857 1360 1932 2739 3586 4877 5282
7508 447 656 662 825 1101 1260 1472 2101 2147 2551 2900 3473 4120 4967 5384 5415 6382 7265 7605 7649
7509 452 1657 1694 3399 3825 4017 4617 4833 5325 5785 5793 6169 6242 6875 7075 7633 7731
7510 63 570 1311 1443 1773 3357 3385 4273 4382 5491 7745
7511 215 1113 1813 2955 3480 3811 4162 4607 5493 5681 6244 6456 6577 6615 6780 7018 7180 7994
7512 573 1056 1301 1616 1843 2338 2355 2853 3154 3161 3667 3902 4228 4646 5282 5722 5741 5934 6252 6335 7302
7513 228 2003 2141 2221 3325 3456 3857 4342 5130 5464 5606 5620 5783 6427 6754 7436 7576 7718 7762
7514 61 513 717 1143 1825 1904 2296 2875 3386 3450 3660 3802 3819 4202 4932 4944 5657 6714 6839 6998 7099 7656 7824
7515 411 487 560 1622 2791 3019 3116 3227 4238 4424 4903 4915 4990 5167 5257 5662 6597 6735
7516 476 572 1286 1782 2280 3739 3785 4589 5041 5097 5180 5465 5531 5647 6353 6536 7483
7517 321 458 628 1151 1271 1656 2464 2802 3472 3836 4718 5328 5370 5403 5511 6470 6542 7279 7506 7599 7626
7518 393 548 614 2568 2586 2734 3555 3561 3613 4076 5032 5244 5681 5756 5771 6564 6962
7519 169 539 1413 1641 2490 2934 3129 3174 3985 4356 4706 4708 4965 5442 5749 5997 6089 6785 7155 7865 7935 7988
7520 374 453 2313 2664 2940 3866 3960 4880 4887 5119 5498 5745 5981 5990 7759 7934 7974
7521 17 930 1227 1735 1909 1965 2427 2638 2791 3912 4589 5554 6212 6686 7317 7892
7522 27 531 1155 1331 1573 1638 1937 1951 2189 2878 3738 3984 4011 4042 4224 4561 4755 5374 6515 6620 6673 6705 7143 7877
7523 1501 1574 3740 4282 4367 5030 6210 6271 6637 6735 7979
7524 343 616 720 1748 1828 2133 2259 2391 2474 3746 3863 5588 5921 6458 6467 6621 6942 7525
7525 526 789 2173 2283 2363 2380 2669 2878 4610 4974 5334 5355 5495 5749 5793 5926 6528 6529 6737 7524 7618 7906 7996
7526 722 1038 1477 1873 2398 2568 2663 3575 4031 4219 4248 4516 4764 5212 5398 5447 5561 5657 6124 6470 6533 6814 7210 7359 7814 7898
7527 478 1329 1548 1999 2924 3643 4107 4325 4648 4728 4996 5276 5388 5736 5746 6483 6750 6963 7118 7138 7443 7620
7528 172 494 1060 1259 1443 1645 1805 2698 3234 3798 3913 3968 4539 4709 4757 4758 5104 5455 5995 6005 6009 6752 7568 7714
7529 320 958 1154 1469 2340 2567 2858 3045 3575 4124 4543 4701 4772 4830 4881 4948 4984 5174 5384 5548 6181 6303 6323 7673
7530 977 1129 1348 1747 1995 2503 2584 2702 2884 3124 3195 3238 3252 3893 5181 6035 7018 7488
7531 691 1045 1468 1902 2581 2657 3005 3838 4023 4957 5685 6342 6362 6782 7313 7795
7532 264 294 991 1205 1265 2673 2768 2769 2897 3729 3993 4292 4590 5238 5436 5497 6454 6483 7097
7533 239 540 1372 2248 2918 3221 3468 4164 4283 4928 5732 5835 5877 5943 5973 6175 6185 6405 6759 6812 6905 7049 7710
7534 189 1928 1979 2141 2239 2330 2385 3235 3432 3442 3602 4237 4720 4861 4908 5458 5686 6263 6920 7056
7535 90 610 1463 2328 2406 3142 3344 3890 4523 5137 5178 5520 5909 6130 6193 6328 6717 7041 7391 7567 7628 7937
7536 1231 1593 1694 1827 2550 2662 2976 3268 3507 4917 5033 5149 5203 6031 6480 7053
7537 89 372 412 1334 1461 1662 1913 2793 2993 4146 5021 5248 6181 6207 6251
7538 67 211 730 736 802 1095 1609 2613 2809 3318 4314 4330 4546 4972 5335 6007 6281 6389 6592 6751 7832
7539 281 300 362 665 768 1105 1596 1869 1957 2928 4625 5181 5662 6061 7171 7580 7803
7540 317 489 1188 1255 2269 3616 4109 5301 6590 7158 7160 7189 7497 7706
7541 29 73 138 943 1831 2113 3294 4106 4174 4704 4974 5362 5626 5680 6022 6098 7082 7668
7542 243 342 876 1370 1425 1440 1875 4831 5476 5729 5733 5944 6256 6270 6343 7695
7543 59 517 732 1993 2031 2072 2669 3168 3285 3542 4250 4281 4705 4958 5042 5221 6947 7662 7780
7544 339 386 797 854 1008 1010 1210 1231 1878 2140 2373 2471 2615 3231 3426 3536 4254 4392 4672 5584 7040 7049 7780
7545 235 624 983 1582 2269 3452 3478 3543 3734 3823 4015 4135 4382 4991 5439 6675 7415 7439 7738
7546 496 1259 1330 2202 4562 4670 4810 5622 5859 6650 6931 7457
7547 664 742 882 3053 3073 3482 3666 3703 4286 4364 4584 5039 5528 5555 6028 6145 6209 7624 7802 7876 7938
7548 737 812 1905 1974 2341 2452 3402 4248 4291 4306 5655 5758 6633 6687 7441 7635
7549 273 782 866 1039 1070 1918 2120 2485 2957 3022 3063 3425 3465 3792 3907 4204 4751 4755 5502 5509 6124 6462 6598 6658 6779 7589 7901 7941 7953
7550 135 419 428 868 1032 1143 1162 1435 2171 2251 2291 2344 2481 2509 2976 3330 3363 3567 3802 3870 3892 3944 4162 4303 4442 4460 4867 5765 6508 6631 6821 7039 7561
7551 343 1089 1492 1576 2366 2606 3086 4918 5230 5253 5656 5881 5992 6621 7386
7552 1231 1440 1670 2075 2106 3752 4247 4966 5169 5544 5610 5854 6049 6586 6622 6776 6998 7657
7553 170 415 517 1052 1344 1595 1609 1703 2149 2159 2280 2388 2430 3070 3394 3498 3802 4464 5388 6151 6153 6309 6504 6753 7082 7125 7381 7665
7554 223 281 962 2460 2741 4373 5287 5457 6001 6221 6540 7280
7555 565 1197 1523 1590 1600 1938 2368 3273 3629 4027 5039 5300 5607 5893 5978 7349 7398
7556 190 564 571 724 1465 2373 2736 2785 2959 3209 3462 4030 4058 4561 5361 5425 5650 5659 5823 6712 6959 7062 7341
7557 604 1138 1580 1642 1744 3038 3443 3558 4620 5149 5352 5482 5824 6049 6503 6527 7010 7238 7255
7558 336 850 1167 1223 1542 1948 2299 3069 3092 3484 3565 4624 4975 5293 6717 7172 7199 7673 7938
7559 362 1026 1066 1178 1251 1459 1915 1959 2159 2900 2996 3486 3535 3663 3861 4108 5005 5442 5889 5940 6965 7011
7560 66 255 368 974 1412 1976 2170 2275 2665 2833 3201 3442 3645 3742 4171 4272 4843 5416 5844 6014 6365 6826 7486 7589 7956
7561 422 753 1022 2390 2664 2752 2829 3148 3410 3949 4409 4582 4807 5949 6252 6305 6352 6660 6955 7123 7550 7712 7799 7845
7562 419 692 987 1429 2232 2233 2387 2502 2575 3001 3471 3503 3705 3715 3832 4362 5199 5673 6356 6389 7124
7563 121 242 639 1071 1400 1662 2652 3351 3941 4823 5196 5318 5489 6172 6619 6759 6943
7564 177 1043 1236 1769 2241 2249 2389 4083 4239 4728 5606 5780 5857 5860 6614 6810 6992 7308 7592
7565 60 759 1541 1588 1649 2150 2470 2518 2793 3309 3320 3486 4921 5281 5698 6617 7208 7787 7833 7873 7903
7566 302 551 891 936 1517 2332 2342 2391 2938 3809 3928 3961 4354 4558 5210 5386 6154 6947 7965
7567 371 712 1152 1227 2126 2882 3233 3431 3733 3789 4098 4343 4442 4498 4716 4791 5112 5282 5348 6688 7535 7997
7568 778 1213 1835 2085 2222 2439 2608 3496 5994 6034 6197 6340 6641 7528 7767 7980
7569 1071 1106 1378 1439 1791 2251 2351 2468 2810 3431 3692 4257 4330 4387 4390 4464 4506 4563 5384 5838 6014 7107
7570 297 530 682 783 902 1018 1106 1180 1731 1992 2328 2536 2937 3073 3087 3382 3757 4542 4902 5008 5221 6176 6562 6942 7187 7208
7571 2 177 181 338 886 1402 1841 2422 2591 2700 2755 2829 3373 3706 4179 4516 4669 5287 6409 6986 7201 7395 7901 7978
7572 691 1043 1370 2391 2723 3090 3154 3459 3488 3806 4101 4145 5099 5199 5357 5442 6154 6246 7982
7573 343 412 1067 1197 1495 2233 2462 3163 3345 3367 3540 3640 3655 4612 4753 5469 5496 5716 5989 6572 6678 6849 7873 7999
7574 1759 1969 1975 2397 2666 3433 3516 3523 3535 3755 3996 4841 4995 5105 5179 6956 6977 7992
7575 192 278 514 1207 1323 1414 1812 1928 2451 3718 3830 3832 3919 4272 4344 4372 4765 5134 5227 7195
7576 83 423 1066 1689 1739 2355 2939 3243 3328 3797 3991 4925 5246 5392 5860 6805 7226 7240 7279 7513
7577 2161 2976 3224 3503 4706 4914 5298 5302 5763 5834 5872 5901 5961 6124 6280 6342 6994 7983
7578 66 133 412 853 1004 1027 1433 1845 2082 2219 3032 3077 3291 3441 4068 6083 6253 6913
7579 224 465 897 1847 1975 2508 2763 2906 3539 4960 5306 5436 5525 6560 6692 7470 7754 7882 7938
7580 319 461 1173 1296 1726 2165 2909 3262 3546 4270 4343 4394 6889 6980 7289 7539 7642 7646 7773
7581 100 514 1293 1405 2391 2919 3939 4122 4273 4662 5245 5332 5843 6294 6815 7003 7008 7655 7932
7582 571 798 1603 1944 2765 3227 3642 4387 4746 4915 5367 5577 6356 6769 7867
7583 261 1036 1072 1377 2117 2911 3444 3944 3989 4124 4615 6052 6981
7584 1166 1364 2269 2496 3283 3320 3486 4181 4280 4489 4611 4896 5490 5697 6167 6174 6330
7585 21 182 189 481 733 782 848 992 2159 2401 2844 2906 3004 5032 5047 5065 5075 5421 5769 6980 7390 7592 7665 7981
7586 203 299 1113 1462 2129 2435 2442 2602 2814 2953 3280 3519 3579 5121 5229 5442 5643 5713 5756 6684 7942
7587 85 306 500 1007 1387 1820 1925 2438 2980 2997 3197 3229 3298 3739 3942 4075 4739 6079 6093 7261 7605 7734
7588 89 568 601 681 2509 3002 3238 3242 3666 4801 5296 5393 5890 6402 7944
7589 177 860 1053 1446 1875 2554 2915 2987 3143 3356 3932 4227 4553 5077 5113 5372 5377 5544 6278 6473 6536 6616 6791 7549 7560 7681
7590 70 1437 2358 2712 2852 2911 3516 4101 4940 5606 5782 5915 6477 6666 7057 7100 7392 7936
7591 302 857 1032 1082 1131 1232 1373 1448 1673 1793 2180 2273 2654 2782 2933 2992 3243 3345 3510 3599 4591 5554 6892 7606 7978
7592 277 2589 2615 2874 2939 3679 4136 4642 5460 5557 5895 6340 7564 7585 7740
7593 469 912 1218 1821 2133 2467 2548 2647 2666 3311 4857 6221 6529 6622 6726 6824 6906 7248
7594 158 163 371 728 1418 1653 1872 1877 1913 2239 2654 3399 3768 3844 4122 4163 4317 4380 4997 5243 5597 6054 6645 7076
7595 13 1095 1385 1636 1910 2100 2230 2595 3648 3953 4483 4625 4697 4711 4851 5133 7059 7949
7596 129 489 1128 1693 3145 3408 3428 3502 3729 3906 4074 4633 4823 5097 5348 5619 5654 6101 6250 6417 6654 6940 7981
7597 264 339 356 2224 2437 2779 2789 2845 2947 2972 2983 3553 4063 4429 5277 5279 5491 5653 5687 5768 6905 7340
7598 149 776 1797 2196 2438 2516 2667 3959 4192 4617 4695 4880 5330 5567 6044 7088 7680
7599 230 782 870 1156 1967 2458 2596 2834 3392 3724 5229 6134 6138 7036 7517 7949
7600 107 164 348 620 1303 1525 1812 1909 2723 2754 2829 2994 3085 3239 3630 5019 5409 6058 6186 6222 6600 6649 7255 7828
7601 34 705 1402 1757 1997 2321 2610 2711 3674 4380 4746 5500 5733 5963 6038 6113 6430 6472 6635 7319
7602 139 367 451 496 499 579 617 945 1293 1679 3000 4269 4435 4519 5799 6379 6666 6854 7604
7603 643 1616 2211 2284 2438 2558 3824 5249 5261 5269 5830
7604 294 592 612 1384 1570 1893 1927 2142 2638 3115 3357 4089 5100 5564 6143 6634 7051 7602 7620 7966
7605 267 474 527 671 760 1035 1402 2314 2517 2548 2553 3312 3512 3931 3940 3963 4060 4652 5892 6625 6890 7053 7115 7437 7508 7587
7606 17 281 461 694 1861 3412 3902 4137 4408 4636 4951 5884 6096 6418 6959 7591 7759 7876
7607 416 798 1073 1633 1865 1994 2375 2684 2908 2981 3110 3636 3770 3889 4940 4986 5142 5221 5317 5372 5448 5563 5928 6576 6844 6979 7876 7932 7949
7608 161 1402 1830 2232 3232 3298 4253 4572 5017 5218 5571 5623 6168 7289 7717 7955
7609 625 978 1220 1777 2175 2257 2314 2751 2968 3113 3657 3865 4289 4703 5768 6210 6302 6631 7273 7362 7922
7610 3 1628 2051 2280 2303 2365 2809 5619 5798 5890 6112 6323 6447 6993 7032 7069 7317 7705
7611 520 639 669 998 1289 2001 2199 2258 2432 3173 3246 3762 3803 4148 4149 4234 4462 4598 5288 5652 5829 6084 6414 6789 6928 7470
7612 696 790 849 1253 1924 2158 3135 3543 3546 4111 4456 4478 4677 5142 5920 6733 7721 7900 7931
7613 41 676 786 857 975 4014 4190 4316 4751 4903 5421 5635 6436 7744
7614 26 584 1245 1712 2539 3082 3166 3801 4668 4886 4933 5488 5730 6771 6933 7721
7615 166 226 639 2452 2879 2954 3089 3690 4183 4415 4524 5153 6062 6397 6685 6826 6962 7118 7152 7778
7616 886 1313 1673 1675 1690 1874 2055 3026 3555 3654 3797 4182 5323 5757 6963
7617 332 732 832 912 944 1533 2595 2799 3095 3801 3902 4498 4549 4568 5477 5504 5625 6273 6794 7031 7119 7698
7618 327 1332 1525 1584 2292 2716 2726 2859 3021 3030 3254 3605 3942 4004 4030 4180 4197 4587 5210 5859 6052 7008 7525 7674 7883
7619 583 1641 2034 2188 2319 3135 3455 3525 4082 4773 4826 5736 5973 6130 6857 6962 7426 7908
7620 738 1066 1143 1162 1797 2834 3200 3367 3798 3922 4261 4281 4672 6770 6934 7527 7604 7935
7621 30 331 377 604 806 1230 1683 2095 2153 2350 2903 3455 3894 4388 4408 4432 5182 5988 5998 6010 6251 6257 6454 6476 6888
7622 247 992 1013 1315 2926 3297 3410 4216 4743 4801 4863 4895 6030 6151 6690 6841 7480 7798
7623 1042 1296 1393 1532 1590 2144 2500 2897 3534 4002 4130 5112 5197 5788 5893 5922 6131 6553
7624 395 537 559 1308 1708 1754 1799 1824 1984 2397 3169 3320 3515 3720 4225 4310 4585 4704 4788 5679 6169 6522 6728 7547
7625 187 599 618 1037 1649 1788 1850 2595 3202 3402 4602 4802 4839 4973 5276 5688 5888 5934 6246 6571 6635 6914 7468 7896
7626 31 1200 1378 1855 2020 2021 2146 3185 3198 4079 4258 4861 4994 5634 5674 5886 5976 6242 7209 7343 7517 7656
7627 274 357 1620 1762 1899 2360 2656 4695 5583 6273 6284 6574 6868 7369 7449 7821
7628 887 1043 1697 2218 2405 2934 3315 3357 3445 3545 3750 4417 4802 4994 5088 5147 5455 5737 5765 6316 6791 7175 7362 7535 7854 7969
7629 698 1444 1549 2242 2256 2280 2711 3384 3504 3594 4262 5718 5738 6190 6478 7478 7996
7630 23 627 1711 1982 2305 2527 2993 3202 4131 4206 4374 4699 5692 5828 5873 6042 6260 6897 7703
7631 242 1000 1122 1275 1543 2455 2464 2893 3645 3788 4070 4507 5578 5802 6168 6199 7077 7403 7428 7962
7632 415 821 959 1278 2169 2241 4452 4458 4780 4923 5047 5154 5565 5855 6215 6250 6531 6855 7821
7633 580 1001 2545 2695 2926 3478 4601 4658 4954 5013 6302 6342 6546 7064 7114 7509 7635
7634 458 637 1129 1268 1359 2196 2227 2427 3522 4550 4888 5361 5841 5894 6354 6449 6497 7342 7438 7849 7982
7635 143 212 287 409 414 543 973 1226 1308 1382 1625 2284 2730 2981 3013 3033 3469 5817 6057 6158 6171 6364 6852 7155 7374 7548 7633 7698 7742 7794
7636 664 1027 2608 2959 5332 5948 5967 6142 6269 6369 6602 6612 6996 7497
7637 704 947 1045 1168 1559 1995 2501 2849 3979 4258 4269 4480 4872 5101 5923 6209 6266 6804 7828
7638 14 398 828 942 986 1136 1510 1803 1867 2141 3258 3442 3700 4237 4278 4837 4962 5019 5167 5410 5508 5696 5733 5787 5827 6160 6627 7154 7325
7639 12 123 244 599 942 1369 2471 2645 2832 3596 3666 4143 4619 4734 5537 5892 5895 6051 7368 7653
7640 669 987 2124 2466 3260 3478 3787 3817 3956 4135 4452 5090 5654 5670 6186 6194 6266 6695 7010 7067 7084
7641 71 95 476 478 1092 1404 1558 2153 2182 2244 2940 3712 4665 4818 4871 5897 6082 7062
7642 9 742 1225 1384 1700 2021 2036 2133 2878 3312 4377 4761 4785 5150 5266 5483 6192 6613 6644 7222 7441 7466 7580 7733
7643 379 446 1081 1126 1464 1773 1817 1851 2521 2676 4855 5191 6633 6665 6836 7875
7644 802 878 973 1491 1885 2533 2944 3068 3900 3985 4054 4933 5272 5315 5437 5511 5749 5770 6216 6448 6892 6925 7270
7645 184 456 546 966 1223 1353 1370 1910 2615 2661 2864 3380 4091 5678 6528 6911 7734
7646 1723 3819 4277 5619 6263 7580 7707 7708 7831
7647 263 419 464 482 617 811 2617 2823 3416 3588 3731 3940 4513 4956 5071 5447 6035 6552 6555 7684 7709
7648 383 681 922 1274 2031 2380 2475 3018 3070 3103 3375 3961 4483 5093 5340 5427 5665 7694 7735 7777 7984
7649 678 1568 2460 3131 3283 3379 3670 3774 5201 5382 5565 5747 6129 6152 6153 6542 6908 7508
7650 12 189 844 883 1205 1572 1591 2038 2900 3013 3033 3444 3739 3973 4188 4638 4734 4828 5567 6046 6687 6882 7021 7711 7798 7934
7651 705 762 1099 1441 1541 2375 2457 2549 3082 3555 3773 4244 5125 5272 5836 6083 6399 6505 6516 6590 6892 7020 7966
7652 330 470 648 930 1285 1795 2164 2304 2638 4233 4300 4485 4535 4618 5769 6654 6656 7210 7389 7901 7928 7971
7653 242 945 1994 2051 2395 2431 3496 3728 4021 4621 4739 4936 5079 5942 6568 6665 6912 7008 7078 7151 7437 7639
7654 1440 2264 2321 3170 3211 3303 3311 4202 4297 4400 4502 5175 5224 5257 5547 5590 5963 5998 6582 6636 6696 6726 6755 7034
7655 555 843 959 1160 1368 1385 1413 1980 3049 3174 3251 3418 3903 3921 4120 4750 5260 5610 5892 6511 6585 6947 7047 7581 7681
7656 116 744 756 1351 2219 2737 3064 3255 4713 4872 5339 5700 5812 6339 6558 6796 6898 7054 7514 7626 7719 7749 7761
7657 561 569 746 1609 1635 3112 3387 4188 5260 5957 7162 7501 7552 7825
7658 257 1114 1717 3306 3313 3554 4220 4402 5180 6036 6474 6543 6576 7695 7784
7659 278 1240 1354 1713 1961 2752 3282 3363 3425 3759 4421 4830 5034 5038 5781 6635 6705 7893 7894
7660 102 408 812 1789 2131 2655 3887 4630 4781 5993 6387 7145
7661 168 811 1676 1926 2129 2348 2642 2783 3158 3516 3944 4395 5104 5269 5384 5602 6117 6126 6381 7848
7662 1160 1422 1878 2182 2904 2927 3093 4085 4343 5721 7452 7543 7907
7663 107 738 1182 1326 1632 2492 2979 3167 3233 3289 4054 5138 5367 6066
7664 497 498 970 1296 1649 1811 2021 2624 2690 2937 3132 3267 3632 3765 3981 4115 4411 4824 5367 5814 6119 6182 6541 6855 7336 7345 7855
7665 16 418 624 1046 1197 1222 1449 1903 2828 3975 4265 4873 4941 5079 5485 6877 7259 7265 7446 7553 7585
7666 104 224 258 435 1743 2239 3390 4007 4742 5240 5254 5641 5897 6985 7116 7492 7689 7708 7909
7667 529 580 1564 2130 2906 4348 5714 6314 6587 7242 7449
7668 260 592 861 1402 1459 1674 1714 4008 4165 4438 5113 6026 6443 6630 6992 7320 7541 7901
7669 111 186 725 1892 2151 2281 2548 2626 4233 4461 4928 5622 6057 6428 7100 7385 7909
7670 152 382 1249 1576 1933 2182 2624 2935 3228 3382 3668 4411 4663 5063 5187 5440 5582 5880 6040 6366 6536 7401
7671 389 1483 1713 3802 4093 4223 4624 5560 5971 6044 7084 7490
7672 360 514 572 666 1161 1387 1590 2029 2193 3868 5140 5466 6031 6079 6494 7477
7673 12 414 703 1008 1899 2803 3463 3648 3875 3950 4936 4962 5613 6649 7278 7329 7410 7437 7473 7529 7558 7850
7674 146 1167 1411 2341 2603 3270 4429 5606 5901 6219 6917 7218 7220 7306 7618
7675 103 134 331 926 977 1091 2091 2742 3317 3751 3867 4188 4380 5174 5425 6271 6591 6612 6856 6955 6959 7094 7285 7419 7710 7982
7676 75 450 586 1566 2175 2312 2459 3400 3735 4825 4857 5275 5782 7473 7785
7677 939 1022 1178 2435 2699 3401 3419 3488 3490 4403 4777 4808 5143 5643 6015 6405 6507 7968
7678 220 246 759 2257 2662 3873 4256 4595 5251 5365 6635 6817 7246 7459
7679 42 44 47 94 430 475 640 2239 2312 2463 2921 3313 3865 4354 4587 4983 5108 5235 5236 5675 7436
7680 673 766 920 1462 1585 1673 1683 2602 2635 2697 2828 3065 3074 3327 3809 4161 4299 4731 4743 4786 5008 5060 5840 6800 7048 7451 7598 7696 7699 7742 7864 7971
7681 449 1401 1420 2118 2176 2673 3290 3560 3793 4140 5042 5086 5173 5798 6311 6360 6768 6970 6995 7213 7589 7655 7725 7845
7682 174 428 1582 2381 2860 2959 3510 3734 3895 4615 4635 4957 5143 6954 7277 7915
7683 128 716 1265 1788 2037 2605 2792 2860 2862 3018 3437 4131 4360 4407 4565 4969 5722 6452 6533 6605 7087 7311 7684
7684 769 1144 1254 2908 3158 3252 3447 3730 3827 4815 4860 6316 6957 7432 7647 7683
7685 191 621 947 1489 1612 2770 3698 3753 4044 4539 4776 4924 5548 6133 6505 6683 7147 7264
7686 673 690 1584 1678 1715 2445 2922 3803 4037 4105 4137 4967 5989 7183 7305 7897 7970
7687 488 681 953 1096 1129 1354 2202 2234 2446 2982 3313 4010 4234 4334 4397 4524 4595 4912 5294 6273 7448 7704 7747
7688 393 819 1160 2407 2682 3443 3977 4151 4185 4190 4353 4645 5089 5137 5252 5413 5866 5952 6008 6778 7716 7722
7689 41 1030 1815 4273 5021 5239 5775 6180 6434 6766 6973 7120 7163 7666 7803
7690 621 1297 1398 1630 1810 1910 3411 3789 4428 4473 4841 4880 5133 5365 5516 5996 7165 7392 7477
7691 15 551 824 1111 1272 1437 1931 1948 2567 2637 2698 3856 3921 3939 4022 4825 5085 5467 6341 6353 6465 7165 7449 7705 7840
7692 234 309 882 1230 1447 1817 2004 2027 2437 2489 2567 3208 3357 5118 5131 5878 5907 5936 6366 6587 6777 7087 7207
7693 972 1024 1148 1313 1733 2186 2251 2792 3095 3166 3702 4017 4250 4653 4758 4994 5417 5537 5706 5869 6074 6221 6346 6405 7095 7345 7698
7694 770 1575 1823 1868 1964 2227 3186 3317 3744 3792 4026 4044 5127 5356 5869 6023 6328 7091 7312 7366 7648
7695 83 907 930 1730 1823 2401 2694 3029 3605 3626 4684 5222 5318 5506 6488 7077 7186 7542 7658
7696 148 821 926 998 1319 1459 1765 2403 2929 3166 4815 5293 5774 5852 6598 7439 7680
7697 206 752 1489 2491 2689 3410 3599 3914 3936 4818 4942 5549 5585 6052 6916 6942 7075 7225
7698 77 78 369 516 1604 1827 1937 2473 3204 3309 3618 4527 4728 5040 5707 5784 6553 6899 6903 6998 7468 7617 7635 7693
7699 461 472 1147 1876 2614 3163 4100 4204 4218 4228 4344 4443 4675 4836 4864 5165 5440 5715 5865 5955 6420 7359 7680 7719
7700 696 1661 1819 1860 2120 2557 3208 3444 3865 3925 4854 5756 6394 6487 6809 6953 7061 7370 7505
7701 765 978 1853 2031 2383 2815 3555 3732 3883 4361 4404 4934 5131 5728 6051 6316 6395 7042 7136 7202 7244
7702 108 1323 2708 3208 3560 3661 3803 5416 5432
7703 1317 1665 1735 2555 3002 3058 3127 3566 4497 4690 4743 5124 6486 7630 7734 7769
7704 206 468 840 1234 2198 3305 3572 3996 4222 4386 5796 6738 7110 7136 7361 7687
7705 269 494 955 1765 2122 2209 2897 3498 3633 3853 4663 4670 4871 5159 5226 5708 6016 6369 6831 6837 6887 7055 7141 7192 7610 7691
7706 742 1267 1368 1680 2003 2188 2262 4006 4511 4702 5572 5578 5681 5688 6354 7288 7389 7540
7707 468 1628 1809 2096 2119 2151 2154 2316 2463 3025 3646 3837 3910 3984 4015 4646 4662 4697 5768 5899 6081 6211 7221 7646
7708 650 685 1160 1483 2638 3126 3730 3830 4162 4216 4492 5009 5274 5517 6100 6239 6924 7006 7025 7307 7389 7646 7666 7830
7709 261 600 632 642 896 960 1109 2084 2346 2428 2601 2774 3133 3171 4780 5531 6274 6837 7647 7741
7710 17 235 416 1330 1354 1862 2028 2047 2661 3157 3434 4276 5066 5488 5649 6053 6077 6083 6908 7199 7261 7466 7533 7675
7711 46 674 1111 1288 1560 2446 2846 3083 3805 3850 3972 4348 4445 4539 4573 4683 4835 5064 5154 6186 6248 6405 6538 6582 6658 6864 7102 7111 7402 7650
7712 241 455 1723 1766 2053 2330 3292 4232 4866 5170 5203 5207 5239 7561
7713 122 724 969 1004 1185 1933 2224 2768 2855 3120 3140 3400 3414 3739 4357 4640 5598 5696 5996 6334 7322 7434 7444 7501 7735
7714 105 153 397 976 2126 2288 2870 3446 3688 3726 4301 4621 5698 5714 5783 5801 5962 6076 6081 6345 6677 7341 7528 7735 7771 7960
7715 353 358 397 820 1322 1954 3221 3295 3375 4370 4976 6108 6308 6437 6631 6663
7716 653 1420 2048 2126 2982 3240 3915 4772 5186 5741 6036 6253 6521 6678 7382 7688 7834
7717 164 299 700 760 814 846 934 1704 2018 2280 2793 3258 3537 3607 3618 3784 4228 4261 4290 4531 4595 4967 5054 5544 5651 6088 6178 6241 6459 7030 7608 7995
7718 181 204 336 567 1367 1382 2121 2129 2531 3906 4320 4484 4843 5105 5523 5535 5625 5721 5785 5982 6072 6637 7513 7728
7719 102 301 310 413 774 933 1296 1299 1666 2047 2466 2467 3895 4034 5320 5353 6507 6619 6707 7386 7656 7699 7953
7720 193 248 987 1192 1295 1462 1585 1687 1746 1952 2118 2566 2677 2754 3040 3271 3276 4076 4232 4329 4620 4920 5377 5520 5913 6584 6740 7191
7721 1668 3211 4121 5108 5367 5675 5822 6626 6643 7024 7476 7612 7614 7832
7722 436 857 1026 1950 2268 2860 2926 3258 3574 3816 4225 4738 4765 5173 5697 6890 6899 7199 7688
7723 84 362 775 854 2297 2570 2643 2720 2892 5079 5839 6118 6771 7396 7761 7779 7929
7724 23 618 625 1380 1621 1991 2219 2466 3289 3293 3835 4291 4311 4363 4562 4636 5012 5217 5229 5444 5679 5775 6005 6214 6845 6993 7154 7345
7725 164 165 173 341 428 465 582 1260 1413 1812 3030 3241 3375 4134 4656 4694 5453 5523 5962 6060 6318 7681
7726 57 102 322 710 1130 1282 1906 2549 3035 3254 3847 4138 5386 6457 6501 6582 6922 7298
7727 429 1076 1690 1842 1859 2104 2318 3113 3397 4185 4599 4747 5747 5936 6729 7029 7081 7270 7783
7728 753 1052 1484 2361 2522 2554 2635 2912 3724 4266 4868 5140 5262 5429 5647 6127 6255 6321 6565 6855 7064 7718 7939 7953
7729 616 946 1477 2724 3138 3209 3323 3428 4182 5100 5114 6148 6755 7955
7730 197 878 915 1229 1302 2057 2837 3398 3401 3825 4403 4607 4786 5087 5515 5888 6463 6561 7152 7494 7776
7731 101 577 1931 3226 3573 4991 5228 6356 7046 7389 7509 7956
7732 501 905 2914 3237 3490 3764 4788 4809 4870 5056 5509 5879 6062 6627 6666 7219 7416 7504 7864
7733 1031 1905 2211 2646 3269 3377 3397 3732 3816 4579 5157 5206 5423 5545 6024 6031 6057 7642 7927
7734 297 917 1602 1603 1785 1989 2009 2493 2716 3901 4084 4820 4926 5296 5307 5681 6510 6777 7587 7645 7703
7735 397 1452 1738 3105 3967 4252 4635 4797 4990 5841 6111 6163 6848 6916 7244 7284 7648 7713 7714
7736 33 488 736 1020 1272 1875 1954 2257 2457 2601 2616 2831 3009 3366 3404 4266 4568 4644 4733 4778 4786 5772 6483 6908 7857
7737 713 1175 1288 1405 1460 1707 2844 3480 4031 4541 4578 4761 5077 5380 5596 5975 5977 6390 6462 6840 7217 7237 7479
7738 318 468 888 964 1402 1488 2466 2476 2613 3517 4987 5661 6165 6876 7082 7429 7471 7545 7994
7739 1487 1753 1883 3008 4014 4150 4191 4257 4294 4349 5309 6095 7360 7803
7740 484 654 1465 1932 1938 2007 2554 2703 2804 2807 2957 3428 4808 4836 4854 5067 5077 5318 6603 7143 7305 7447 7592 7747 7848 7943 7959
7741 850 1900 2295 3206 3252 3295 3439 3474 3709 4196 4214 4654 6489 6713 7014 7709
7742 739 1146 1167 1563 1663 1746 2058 2103 2111 2238 2361 2532 2624 2652 2947 4038 4147 4233 4289 4438 4563 4697 4809 5445 5612 5668 6424 6694 6750 7249 7318 7368 7635 7680
7743 97 632 1178 1584 1765 1828 2235 2488 4300 5743 6458 6710 7017 7129 7856
7744 451 594 1886 1992 2424 2482 3118 3311 3860 3893 3945 4045 4644 4660 4808 5028 5091 6190 6696 6710 7613
7745 429 725 1984 2000 2948 3004 4348 4515 4678 5274 5354 5692 6187 6252 6753 6906 7006 7153 7510 7749 7952 7978
7746 292 424 454 738 1188 1399 1916 1997 2305 3020 3117 3656 5866 6422 6588 6765 7343 7382 7463
7747 230 620 655 721 832 872 1116 1147 1838 2003 2100 2440 3404 3584 4610 4947 7687 7740 7857 7898
7748 528 913 962 1279 1762 2062 2111 2221 2384 3679 3682 4517 5223 5982 6155 6178 6334 7062 7357 7792
7749 78 849 965 2161 2555 2892 3547 3735 4909 5153 5607 5755 5829 6087 6560 6882 7039 7500 7656 7745
7750 1135 1863 2432 2667 2790 2878 3370 3717 3793 3953 4010 4172 4627 5527 5706 5763 6385 6567 7103 7442 7864
7751 9 214 221 222 414 749 1302 2498 2760 4069 4682 4963 5374 5388 5447 6688
7752 188 385 657 1844 1850 1954 2162 2406 2492 2587 3064 3639 4029 4043 4354 4444 4611 5655 5675 6159 6201 6662 6695 6938 6960 7877
7753 265 999 1091 1664 2058 2388 2772 3561 3679 4029 4109 4670 5461 5984 6010 6028 6214
7754 1030 1173 1474 1835 2405 2487 2586 3055 3404 3438 3681 4345 4447 5025 5066 5081 5514 5809 6638 6994 7134 7579
7755 787 1035 1095 1625 1719 2380 2694 3850 3992 4283 4487 5043 5441 5584 6599 7504 7970
7756 115 1446 1971 3441 3665 3785 4581 4890 5112 5528 5537 5593 6434 6609 6779 6787 7378 7809
7757 358 442 618 940 1973 2381 2555 3268 3379 3546 4222 4342 5505 5944 7183
7758 449 679 1129 1254 1290 1647 1671 1683 1967 2573 3435 3693 4015 4414 4686 4966 5568 5645 5899 5948 6676 6810
7759 95 128 269 661 940 1388 1393 2146 2434 2957 3324 3348 3624 5417 5717 5791 6256 6517 6784 7105 7218 7520 7606
7760 727 985 1085 2519 2612 2974 3444 3580 4075 4597 4758 4824 5113 5449 6024 6255 6302 6774 7233 7270
7761 151 339 344 448 785 1043 2025 2083 2463 2560 2686 2689 3583 5286 5332 5437 5469 5569 5947 6337 6463 7259 7266 7484 7656 7723 7854
7762 177 355 442 831 1397 2105 2451 3184 3896 4072 5087 6109 6640 6809 7272 7513 7897 7955
7763 531 794 880 1079 1211 1688 2182 2977 3492 3629 4683 5498 5501 6136 6196 6530 6659 6875
7764 124 667 743 825 839 1095 1738 1912 3291 3614 3824 4995 6002 6060 6810 7208
7765 639 786 958 2712 3229 3278 3576 4692 4911 5035 5321 5384 5972 6927 7271
7766 33 627 930 1461 1584 1639 1699 1996 2318 2373 3494 3886 4172 4198 4252 4473 4559 4690 5031 5050 5122 5346 6132 6420 6484 6712 7769 7777
7767 180 181 296 781 1462 1637 2094 3678 3723 4008 4014 4206 4862 5069 5102 6199 6527 7568 7904 7962
7768 47 601 877 1562 1576 2059 2130 2177 2297 2609 2704 2864 3130 3454 4171 4296 4695 4961 5145 5191 5949 6987 7814
7769 20 89 549 707 749 1026 1057 2243 3155 3175 3428 3776 3858 4153 4244 4554 4892 5095 5267 5515 5719 5766 5905 6090 6602 6634 7703 7766 7832 7958
7770 98 484 670 1032 1202 1262 1734 1855 2456 2612 3063 4188 4210 4251 4620 4667 5015 5638 5993 6070 6628 6808 6913 7290
7771 332 1243 1608 1754 1761 1967 3794 4476 4565 4694 4773 4943 5374 5469 5599 6235 6348 6714 7348 7427 7714
7772 258 559 964 1058 1405 1551 1768 1771 1822 1861 1908 3138 3614 3821 4638 4919 4968 5746 6047 7128 7353 7467
7773 108 182 190 1098 1276 1377 1817 1847 2399 3158 3171 3436 3848 4018 4308 4414 4541 4570 5506 5850 5881 6902 7580
7774 378 688 1262 1592 2149 2477 2803 2910 3089 3591 4063 4544 4858 4994 5446 5494 5646 5766 6493 7014 7219 7418 7827
7775 130 439 913 1124 1267 2096 2381 2726 3329 3560 4136 4229 4412 4837 4869 5189 6939 7201 7408 7862
7776 254 1045 1556 1720 2759 3298 4685 5102 5238 5756 5904 6712 6748 7730
7777 135 327 558 746 1081 1329 1757 1844 2095 3515 3808 4245 5747 6413 7648 7766
7778 553 1569 1850 2109 3090 3092 3560 4173 5511 6012 6533 6588 6648 6775 7359 7615
7779 960 1185 1465 1687 2614 2641 2795 3719 4204 4550 4863 5045 5419 6655 6982 7723
7780 134 833 1169 1266 2671 3659 3728 4396 4743 4849 5234 6340 6702 7543 7544 7938
7781 334 591 787 829 854 1448 1657 2033 2186 2477 3098 3502 3639 4161 4687 5041 5057 6020 6226 6378
7782 494 625 1064 1225 2182 2406 3141 3162 3405 3812 4329 4364 4365 4897 4901 6097 6217 6708 6742 6850
7783 41 461 1051 1153 1240 1477 2224 2244 2317 2418 2649 3288 3462 4196 6564 6884 7727
7784 245 417 481 700 725 786 1389 1886 3242 3369 3567 3856 3866 4261 4314 4577 5205 5263 5292 5927 6163 6240 6559 6636 7125 7658
7785 151 178 282 668 948 1291 1681 2143 2289 2754 2941 2981 3213 3353 4436 4449 6308 6854 6998 7114 7503 7676
7786 136 211 588 661 785 935 1249 1297 1409 2198 2425 2586 3440 4238 4781 6103 6398 6473 6486 6947 7128 7398 7987
7787 460 558 710 963 1018 1583 1597 1606 1749 1802 2424 2529 2897 3332 3557 4202 4731 4802 4862 4892 4949 5773 6163 6394 6982 7428 7565 7843
7788 446 524 708 1194 1234 1944 2618 2917 3190 3481 4500 5287 5550 5667 6174 7415
7789 435 495 646 1159 1307 1324 1508 1827 2462 2506 2507 2625 2807 2962 3046 3148 3230 3908 5348 6014 6366 6497 7822
7790 1178 1398 2811 3588 3838 4489 4707 5566 5890 6054 6187 6405 6813 6894 7014 7025 7065 7362 7825 7923
7791 581 697 746 1486 1577 1843 1953 2219 2734 2767 3427 3776 3898 6165 6618
7792 112 462 1155 1479 2041 2220 2273 2756 3232 3233 3969 4515 5457 5904 5936 6062 6330 6766 7490 7748
7793 47 711 729 766 1068 1262 1411 1497 2157 2599 2623 2917 3103 3426 3528 3637 3753 4047 4074 4188 4250 4264 4375 4894 4992 5263 5305 5353 5557 5663 5851 6346 7076
7794 452 513 549 987 1445 1459 1478 1913 2151 2339 2428 2515 3059 3540 3791 4186 4189 4207 4509 4707 4849 5149 5580 6235 6269 6870 6918 6932 6965 7123 7473 7498 7635 7829
7795 340 705 807 1075 1254 1496 1802 2550 2613 2722 2799 3215 3780 4585 4874 5166 5376 5787 5810 5818 5840 6293 6544 6854 7531
7796 202 626 1791 2268 2575 2762 3092 3427 3571 3723 3911 4946 5819 6147 6159 6756 7864 7893
7797 294 1069 1479 1775 1965 2397 3368 3958 4698 4769 4861 5611 6018 7031
7798 205 1171 2129 2134 2772 3449 3513 3760 3907 3918 5618 5703 5708 6634 7276 7622 7650
7799 271 829 1003 1055 1465 1549 2325 2376 2484 3091 3121 4253 5276 5617 5858 5934 6032 6192 6919 7561
7800 239 269 1764 1816 1934 1942 2682 3851 5463 5516 6021 6041 6628 7029 7237
7801 516 1702 2215 2322 2718 2734 3018 3090 3136 3234 3600 6116 6123 6171 6950
7802 720 961 1495 1973 2125 2943 3461 3486 4317 4357 4509 4621 4631 4847 5397 5686 5781 5949 6201 6396 6440 6783 7381 7462 7547
7803 32 756 1270 1431 1603 1985 2370 2470 2691 3277 3619 5476 6431 6456 6500 7008 7062 7505 7539 7689 7739 7911
7804 120 125 183 616 792 1341 1473 1494 1694 2167 2686 2982 3124 3359 3429 4976 5266 6923 7238 7281
7805 822 1279 1452 2170 2935 4311 4348 4968 5034 5233 5932 5940 6115 6190 7308
7806 960 1624 2083 2172 2380 2972 3193 3673 3989 4018 4281 6119 6517 6740 6969 7420
7807 353 1335 1561 2025 2477 2923 3087 3119 3361 4079 4204 4225 4552 4670 4808 5045 5182 5432 5818 6516 6552 7177
7808 284 1470 2135 2208 2302 3511 3577 3869 4029 4053 4861 5141 5343 6116 6598 7262 7405 7833
7809 997 1235 1960 2751 3952 4199 4243 4621 5289 5561 5815 6164 6281 7409 7756
7810 50 740 1169 1392 1701 1762 1953 2138 2196 2513 3006 3206 3332 3551 3777 5547 5666 6041 6045
7811 301 633 953 2028 2242 3151 3365 3382 4497 4681 5411 5533 5702 6403 7009 7983 7997
7812 130 198 1017 1144 1486 1780 2253 2325 2389 2415 2462 2764 3180 3255 3257 4277 4682 5005 6176 6538 7066
7813 159 396 734 1496 2659 3963 4361 4380 4629 5396 6050 6372 6475 7088 7097 7196 7208 7828
7814 464 1272 1450 1891 1974 2435 2486 3042 3456 4035 4083 5187 5655 6311 6342 6520 6522 6684 6943 7065 7526 7768 7909
7815 613 1097 1311 1816 2494 3274 3409 3857 5221 5349 5365 5384 6035 6428 7058 7169
7816 748 978 3014 3714 3819 4564 4929 5500 5974 6909 7951
7817 1099 1502 2826 2859 3479 3681 4559 4638 4645 4916 5754 5949 6027 6227 6551 6632
7818 27 137 185 2538 3306 3414 3868 5435 5525 5845 6634 6711 6771 7335 7351 7352 7500
7819 378 492 615 848 2037 2680 3364 4566 6326 6675 7190
7820 167 319 468 748 813 869 879 1919 2088 2846 2918 2920 3025 3082 3301 4293 4667 4787 4802 5197 5326 5727 6276 6378 6809 6883 7411 7834
7821 686 710 814 1119 1554 2314 2728 3068 3675 3878 3909 3971 4170 4408 4853 4966 5253 5353 5771 6270 6349 6590 6922 7046 7627 7632 7958
7822 66 545 1001 2177 2187 2195 2286 3250 3588 3748 4316 4725 4942 5850 6302 6480 6615 6871 6899 6919 6958 7046 7789
7823 232 596 828 1082 1605 2021 2377 2742 2916 4124 4193 4453 4581 4718 4918 4970 5234 6181 6276 6289 6323 6483 6573 7275
7824 752 1688 1927 2500 2667 2926 4177 4788 5111 6145 6850 7026 7425 7514
7825 379 511 722 2110 2911 3185 3242 3247 3400 3867 4064 4291 5321 5964 6281 6347 6931 7440 7657 7790 7976
7826 1262 1326 1618 2297 3222 3540 3744 6448 6677 7159 7901
7827 850 1132 1426 2184 2403 2569 2850 2861 2881 3028 3135 3982 4384 4588 4708 5651 5815 5901 6228 6333 6406 6845 6920 7037 7774
7828 133 210 561 568 828 1056 1360 3171 3446 3659 3780 3802 4386 4394 5071 5225 5406 5627 6549 6561 6586 6781 7600 7637 7813
7829 157 1843 1901 2429 2436 2791 3004 3527 4633 4643 4702 5188 6232 6370 6889 7192 7794 7894
7830 345 672 685 1859 2392 3301 4097 4486 5126 5127 5244 5631 5659 7708
7831 411 650 807 1003 1409 2132 2313 2318 2394 2678 3022 3135 3336 3582 3942 4599 4961 4964 4997 5511 5740 5934 6724 7646
7832 1164 1223 1664 2159 2202 2426 2997 3045 3084 3343 3609 4873 5420 5925 6284 6433 7207 7432 7538 7721 7769
7833 29 114 2953 3313 3753 3829 3905 4062 5298 5441 6594 6714 6816 6931 7565 7808 7971
7834 1041 1441 1683 1700 1912 1936 2473 2650 3105 3558 3853 4788 5666 6206 6336 7716 7820 7948 7999
7835 17 208 629 837 1033 1093 1171 1295 1487 1615 1630 1863 2343 3606 3748 4391 5045 5209 5380 6368 6475 6977
7836 197 224 240 440 1359 1681 2339 2940 3651 3654 4411 5346 5888 6753 6819
7837 710 1315 1353 1890 2653 2797 2920 4635 4667 5038 5369 5584 5665 6171 6582 7127 7345
7838 50 939 959 2493 3246 3584 3889 4056 4117 4176 4265 4413 4530 4712 5039 5297 5515 5717 5771 6452 6465 6731 6764 6819 7090 7092
7839 924 1929 2068 2209 2812 3418 3964 5387 5557 6118 6131 6668 6770 6983 7095 7243
7840 1041 1448 1790 1982 2774 3148 3686 4201 4290 4343 4381 4442 4580 5408 5765 6617 7691
7841 934 967 1003 1074 1112 1380 1445 2374 2762 2914 3996 4258 4824 5546 5767 6401 6718 7147 7268 7352 7861 7953
7842 266 471 541 1229 1242 1957 2241 2580 3226 3313 3338 4227 4890 5281 7429
7843 250 509 605 812 1579 1631 2070 2085 2614 2676 3396 3458 3467 3586 3649 4521 5415 5493 5873 5919 6531 6877 7399 7468 7787
7844 155 217 349 595 671 1082 1332 1353 2167 2346 3028 3243 3843 4751 5362 6074 6234
7845 1604 2429 2459 2994 3395 3567 3607 4038 4398 5160 5283 5302 5500 6257 6407 6940 7004 7561 7681
7846 28 157 180 274 513 2130 2298 2759 2857 3301 3308 3498 4690 5362 5489 5584 5876 6066 6375 6565 6584 7441 7855
7847 284 852 947 955 1449 2492 3209 3310 3489 4931 5138 5380 5553 5972 6435 7438 7866
7848 88 486 917 1191 1344 1396 1639 2308 2371 3027 3218 3425 4226 4900 5059 5084 5121 6109 6376 7237 7245 7420 7661 7740 7979 7983
7849 243 337 339 487 591 1066 1476 1885 2204 2414 3740 4147 4308 5938 6129 6849 7051 7370 7634
7850 205 827 1606 2673 2693 3362 3666 4080 4152 4319 5291 5657 5875 5955 6019 6170 6287 7047 7267 7673 7897 7928
7851 325 1002 1747 1821 1956 2719 4219 5051 5276 5595 5902 6260 6500 6624 7229 7383 7406
7852 418 476 502 1140 1962 2379 2409 2429 2538 2584 3138 3921 3953 5326 6011 7024 7032 7044 7211
7853 986 1100 1123 1466 2031 2243 2278 3660 4349 4503 4936 5259 5662 6032 6546 6624 7241
7854 81 557 584 752 881 1434 1869 2159 2206 2506 2537 2879 3382 3853 3887 3903 3967 5200 5533 6184 6327 6396 6440 6520 6810 6823 7291 7628 7761
7855 569 835 1707 2709 2754 4211 4734 4997 5466 5913 6200 6450 6718 7377 7664 7846
7856 637 783 814 886 1076 1223 1858 2472 2504 2857 2991 3190 3226 3233 3311 3976 4514 5708 5871 5899 5921 6415 6528 6923 7743 7875
7857 749 1596 3855 4517 5595 5799 5938 7030 7054 7242 7736 7747
7858 406 539 976 1286 1508 2123 2316 2405 3187 3234 3688 4404 4657 5339 5473 6119 6311 6893 7014 7094 7993
7859 342 648 1551 2035 2113 2298 2697 3163 3565 3625 3824 4319 4981 5143 5243 5414 5462 5543 6080 7271
7860 157 234 665 667 873 1505 1939 2353 2572 2619 2978 3147 3351 3668 3914 4660 5210 5238 5368 6457 6577 6929 7501 7899
7861 71 690 873 875 1767 2652 2973 2992 3164 3697 5083 5187 6278 6872 7841 7921
7862 97 654 845 1476 1529 1606 2327 2329 2334 2503 2544 2595 3059 3242 3814 4118 4259 4347 5266 5700 6368 7016 7025 7775
7863 149 421 796 1387 1487 2368 3871 4191 4246 4788 6528
7864 460 1692 1770 1995 2809 2870 2949 3307 4021 4076 4198 4550 4971 6686 6699 7238 7680 7732 7750 7796
7865 845 984 2304 2526 2548 2698 2763 3395 3713 4399 4956 5044 5752 5826 6209 6344 6481 7460 7519
7866 477 709 751 908 1213 1333 1467 1489 1960 2291 2511 2579 3622 3672 3909 4509 4650 5109 5851 6420 6653 6733 6758 6762 6805 6923 7847 7896
7867 331 1150 1162 1248 1251 1273 1373 1834 2059 2251 2405 3420 3605 3674 3899 3966 4249 5126 5629 5711 5819 6725 6731 6927 7582 7929 7984
7868 503 1440 1783 1940 2113 2602 3388 3711 5316 5790 6024 6214 6280 6611 6869
7869 598 1373 1824 1966 2795 2961 2971 3492 4026 4994 5159 5694 5706 6135 6230 6294 6312 6370 6824 7039
7870 60 1159 1300 1331 1638 2277 2347 2800 2920 3097 3308 4543 4561 4899 4972 5316 5417 5517 5872 6746 6979 7267 7404 7890
7871 234 341 629 1457 1919 1992 2259 2548 2576 3355 3630 3817 4011 4066 4128 4176 4940 5511 6021 6661 6667 7142 7416
7872 265 1788 2929 3062 3509 3589 4214 5210 6240 6259 7124 7125
7873 34 249 420 685 1025 1505 1704 1901 2544 2828 2842 2981 3054 3124 3249 3559 3730 4524 4638 4838 4847 5053 5162 5638 6354 7119 7565 7573
7874 1343 2770 2976 3389 4466 4501 5014 5148 5196 6287 6681 6685 6854 7902 7996
7875 272 1427 1564 1836 2299 2482 2775 3175 3668 3948 3991 4083 4182 6326 6963 7302 7346 7643 7856 7879
7876 714 963 1888 1960 3657 3673 3844 3848 4200 4405 4553 4750 4868 5747 5884 6042 6078 6150 6203 6519 7547 7606 7607 7878
7877 397 682 742 837 1455 1552 2680 2784 3053 3304 3429 3692 4591 5431 5530 5694 6240 6293 6533 6856 7015 7448 7522 7752
7878 552 897 1052 1274 1365 2100 2457 2601 2890 3818 4418 4856 5349 7876 7887
7879 508 873 1357 1873 2191 2237 3117 3608 3813 4070 4282 4286 4412 4419 4759 6086 6702 6900 7109 7114 7875 7940
7880 709 1244 1256 1454 2516 2760 3286 3396 3439 3735 3821 3898 4081 4223 4353 5128 5930 5935 6175 6282 6384 6765 6897 7406 7891 7914
7881 301 471 839 1168 1478 1540 1867 2766 3268 3657 3847 3895 3943 4623 4639 6052 6496 6882
7882 517 664 1484 1670 1756 2436 4365 4379 4447 6169 6680 6715 7031 7354 7579
7883 2434 2506 3736 4119 4865 4903 5061 6174 6226 6410 7108 7618
7884 381 835 1641 1922 1972 2103 2558 2937 3140 3598 3762 4527 4707 5576 6000 6321 6359 6818
7885 1660 2015 2262 2681 2971 3139 3251 3286 3928 4970 5312 5390 5471 5815 6106 6221 6977
7886 175 425 530 636 1474 1687 2355 2539 2894 2898 3299 3302 3943 4254 4452 4704 4920 5017 5598 5667 6184 6300 6391 7493
7887 146 351 1085 1261 1564 1667 1937 2582 3960 4466 5013 5111 5758 5889 7076 7878
7888 442 590 975 1126 1754 1779 2329 2393 2788 2877 2943 3688 3815 4125 4484 5077 5337 5626 5981 6370 6595 7227 7264
7889 93 155 226 249 1015 2133 2566 2603 3462 3471 4038 4647 5299 5372 5690 5929 5974 6750 7228
7890 3 114 939 1619 1627 1722 1821 2490 2622 2965 3892 4142 4951 5020 5091 5214 5290 5947 6163 6475 7176 7255 7267 7321 7870 7976
7891 177 250 1416 1680 1951 3120 4365 4685 5070 5568 5776 6384 6552 6602 6882 7880
7892 331 1344 1754 2442 2868 2904 2973 3312 3473 3482 3554 3586 4196 4287 4511 4999 5649 6094 6370 7175 7202 7495 7521
7893 94 269 672 924 928 1417 1537 1803 2062 2266 2695 3220 3246 3532 3860 4121 4401 4704 4851 5212 5255 5494 5548 5602 6199 6208 6800 6939 7659 7796
7894 499 683 864 1152 1369 1493 1667 1884 3817 4261 4573 4595 4614 4822 4829 4850 5239 5716 5878 5933 6077 6107 7004 7319 7659 7829 7966
7895 50 144 575 577 811 829 1539 2330 3160 3245 3451 3754 4541 4653 4702 5080 6247 6825 7053 7137
7896 204 521 733 786 940 1073 2778 5132 5207 5242 5418 5434 5728 6544 7625 7866
7897 267 593 638 750 774 904 1954 2211 2572 2626 2736 2751 3076 3457 3581 3711 3770 4101 4458 5336 5521 6836 7338 7341 7365 7686 7762 7850
7898 290 1425 1928 2906 3620 3955 3973 4986 5026 5241 5576 6066 6172 6714 7246 7328 7526 7747
7899 437 899 949 1202 1484 1907 2129 2336 2563 2882 3618 3641 4169 4213 4268 4951 5182 5223 5357 5701 5899 6356 6981 7304 7860
7900 68 145 229 261 688 855 986 1002 2445 2546 2738 2833 3043 3348 3351 4192 4240 5344 6253 7612
7901 84 512 938 1202 1358 1983 1999 2376 4102 4412 4846 5039 5078 5591 6104 6239 6332 6424 6446 6758 7549 7571 7652 7668 7826 7990
7902 96 114 124 201 379 460 587 779 1040 1468 1624 1994 2065 2748 3304 3668 3833 4228 4514 5188 6538 6580 7007 7874
7903 211 317 992 2010 2589 2644 2810 3529 3608 3750 4999 5277 5334 5634 5950 5958 6590 7412 7476 7565
7904 51 193 278 479 1205 2084 2436 2580 4211 4943 5256 5684 6195 6345 7057 7767
7905 400 1361 2044 2144 2391 2543 2590 2787 3355 3356 3455 3527 3646 5077 5282 5300 6227 6258 6301 7235
7906 1775 1788 2282 3022 3443 3593 4119 4890 4909 6355 6603 6622 6722 7088 7525
7907 346 799 1714 2246 2389 2411 2807 3168 3901 4550 4904 5760 5978 6077 7267 7662
7908 1005 1293 1442 1502 1547 2136 2280 3065 3573 3643 3702 3928 4514 4581 4644 4769 4864 4948 6375 6910 7124 7128 7167 7619
7909 245 408 1493 1572 1914 2140 2794 2892 3152 3340 3544 3765 4314 4393 4562 4774 5145 5199 6556 6599 7074 7666 7669 7814
7910 1552 1787 1806 1990 2051 2697 2708 2901 3276 3923 4432 4468 5915 6291 6353
7911 689 1548 1574 2723 2733 3342 3463 3587 4476 5550 5559 6203 6384 6889 7253 7390 7803
7912 4 28 212 1093 1303 1568 2295 2506 2550 2632 3425 3795 4495 4766 5287 5483 5512 5912 5937 6097 6153 6837 7045
7913 624 1673 1720 2455 2607 3996 4196 5378 5594 5678 6054 6958
7914 174 1133 1521 1647 1812 1884 2287 2357 2488 2693 2866 3000 3112 3201 3377 3642 3697 4264 4440 5331 5377 5528 6204 6315 6319 6935 7089 7306 7880
7915 118 382 459 474 590 1645 1671 2248 2250 2780 3194 3374 3612 3635 3721 3784 4466 5509 5546 6084 6112 6586 7472 7682
7916 671 1392 1807 2093 2116 2195 3366 3817 3872 4284 4953 4982 5112 5142 5765 5901 6584 6686 6732 7078 7242
7917 731 1951 2136 2473 2810 3062 3220 3619 3696 3873 4177 4311 4762 4782 6251 6278 6599 7401 7408
7918 75 126 890 1133 1134 2028 2063 2389 3532 4017 4196 4272 4631 6462 6582 6860 7282 7968
7919 792 1164 1211 1254 1359 1749 1841 1980 1995 2198 3405 3994 4738 5375 5670 7201 7483
7920 615 917 1218 1224 1598 1841 3404 3406 3660 4010 5340 5883 5906 6915 6966
7921 172 432 613 710 1023 1073 1980 2873 3762 3913 3935 4511 4832 5158 6315 6420 6812 7140 7861
7922 838 1569 2439 2645 2706 3243 3320 3414 4167 4201 4759 4951 4961 5144 5159 5628 5953 6393 6922 7000 7261 7341 7346 7609
7923 816 842 1026 1355 1481 1621 1847 2066 2167 2540 2711 2898 3182 3441 3876 6070 6583 6690 6711 7790
7924 519 624 680 905 2839 3070 3221 3263 3390 3742 3842 4883 5859 6370 6475 6903 7072
7925 126 1601 1846 2193 2239 2383 2652 2997 2998 3451 3647 3716 4025 4040 5388 5507 5668 6618 7937
7926 102 563 566 1046 1812 3005 3026 3854 4037 4386 4649 4933 5174 6174 6327 6820
7927 62 419 532 626 732 916 2481 3222 3585 4122 5120 5473 5614 5741 6052 6322 6513 7051 7334 7733 7947
7928 456 789 902 1342 2480 2686 2798 3172 4118 4525 4591 4773 5105 5152 5454 5503 7652 7850
7929 249 367 436 892 1132 1396 1869 2161 2220 3428 3689 4123 4989 5101 5596 6116 6390 7723 7867
7930 429 870 1231 1898 3125 3565 5171 6362 6642 7275 7962
7931 1170 1201 1512 2144 2808 3590 4026 4123 4782 4924 6003 6073 6610 6656 6764 7044 7198 7612
7932 1427 1765 2517 2582 3340 3683 4734 5085 5154 5297 5567 6185 6837 7023 7581 7607
7933 423 471 714 872 1071 1378 1431 1773 1804 2350 2774 2998 3035 3123 3230 3854 4088 4220 4448 4675 4814 5143 6053 6592 6885
7934 77 502 1194 2161 2202 2281 2285 2291 2313 2596 2746 3373 4226 4378 4579 4926 5231 6558 7520 7650
7935 313 419 995 2596 2967 3493 4432 4876 5110 5634 6444 6725 7519 7620
7936 731 992 1180 1201 1232 1696 1716 2174 2854 3273 3559 3926 4516 5645 5718 6597 7029 7080 7590
7937 268 352 896 2169 2461 2805 2826 3103 6620 6905 6946 7416 7535 7925
7938 301 412 632 892 1041 1237 1733 2117 2277 2340 2518 2623 2822 5551 6343 6562 7547 7558 7579 7780
7939 358 718 1127 1265 1898 1971 3431 4155 4371 4802 5315 5350 5985 6069 6410 6993 7394 7728
7940 393 676 1456 3113 3803 3839 4011 4163 4578 4936 5370 6488 6762 6871 7879
7941 337 655 1008 1456 2302 2350 2908 2927 3710 3848 4253 4258 4656 5058 5407 6608 6733 6976 7319 7549
7942 40 105 157 186 679 722 806 1284 1473 1559 1574 1654 2084 2622 2846 3290 3489 3606 4044 5074 5912 7319 7586 7990
7943 726 1180 1835 1866 2163 2361 2460 2621 3031 3827 4404 4666 5159 5592 6385 6501 6755 6883 6955 7284 7740
7944 685 699 1728 1952 2142 2143 2354 2609 3803 3835 4110 4222 4535 4925 5224 5505 6204 6395 6509 6646 6891 7004 7071 7588
7945 264 1450 1562 1677 1836 4191 4365 4518 4980 5128 5395 5494 6071 7317
7946 424 2437 2544 2799 3074 3111 4631 4871 5176 5252 5389 5886
7947 108 241 445 557 575 734 917 1414 2174 2346 2395 3329 4716 4740 4749 5261 6017 6024 6092 6095 6183 6205 7209 7342 7366 7927
7948 143 915 1368 1886 2175 2493 2863 3542 3843 4074 4313 4753 4782 5090 5258 5869 6247 6640 6713 7204 7834
7949 187 210 1178 1268 1561 1887 2068 2081 2860 3168 3418 4011 4029 4831 6653 7595 7599 7607
7950 410 602 1719 2043 3152 3994 4647 5450 6151 6544 6837 7340
7951 122 1634 2075 2366 2926 3337 4244 4966 5927 6154 6488 6527 7129 7228 7373 7816
7952 327 517 748 1159 2875 2946 3133 3206 3879 3952 4225 4853 4906 5396 5422 5542 6010 6312 7382 7745
7953 258 403 549 1021 1158 1406 1450 1766 1815 1867 2024 2088 2455 2544 2908 3406 3538 3753 4354 5327 5704 5920 6177 6626 7151 7320 7549 7719 7728 7841
7954 265 288 323 401 681 813 2044 2424 2588 2762 3406 3604 3851 4200 4339 4403 4426 5271 5384 6164 6193 6407 6571 6774 7344 7387
7955 138 1062 1443 1870 2013 2416 2454 2890 3746 3773 4328 4989 5175 5307 6055 6530 7111 7608 7729 7762
7956 536 828 1893 2052 2377 2440 2780 3498 4255 4817 5340 6468 7059 7105 7388 7560 7731
7957 44 851 1433 1529 2882 3316 3878 3984 5043 5065 5184 5514 5527 6167 6459 6731 6849 7091
7958 847 995 1244 1872 2812 3254 3287 3975 4204 4445 4829 5023 5199 5336 5582 5807 6753 7769 7821
7959 372 476 1279 1878 2245 2993 3252 3555 3759 4925 5234 6136 6227 6309 7740
7960 245 298 326 352 544 692 1059 1283 1558 1882 2748 2827 2992 3634 3760 3840 4074 4247 4678 5438 5547 6024 6111 6527 6937 7235 7488 7714 7964
7961 150 315 712 1008 1470 1665 1707 2256 2506 2651 2663 2671 3204 3228 3639 4099 4985 5363 5488 5659 5669 6018 6165 6383 6474 6479 6672 6712
7962 205 472 504 592 1272 1632 1805 2540 3254 3626 4945 4952 6083 6770 7058 7111 7631 7767 7930
7963 212 2101 2542 4983 5524 5637 7159
7964 1993 2066 2592 2962 4481 4580 4933 5397 5799 5855 5956 6533 6551 6739 7470 7960
7965 303 744 1577 1825 2215 2649 2953 3862 4430 4441 4489 4652 4718 4846 5316 5506 5952 6072 6878 7566
7966 80 280 284 491 963 1773 1796 2058 3104 3804 4184 4247 5063 5127 5483 5787 6128 6821 7133 7226 7471 7604 7651 7894
7967 807 1139 1889 2005 2124 2852 3024 3745 3889 4278 4549 5132 5145 6617 6659 7390
7968 198 1317 3011 3494 3760 4330 4855 5249 6132 6367 6397 7677 7918
7969 10 284 399 598 1401 1426 1813 3013 3022 3190 3503 4119 4220 4605 5228 5972 6303 6807 6893 7628
7970 1494 2310 3231 3640 4541 4922 5143 5269 5459 5543 5730 6523 7074 7448 7686 7755
7971 91 883 1193 1202 1357 1893 1908 2193 2491 3108 3157 3335 4058 4165 4422 5378 5389 5709 5814 5826 6482 6643 7652 7680 7833
7972 430 1017 1221 1500 1635 2437 3115 3354 3456 3531 3648 3739 3754 3779 3961 4225 5069 5675 5908 6237
7973 967 1212 1264 1407 1415 2718 3346 4612 5904 6864 6970
7974 108 772 1175 1354 1657 2051 2623 2761 3070 3112 3574 4102 4155 4829 4932 5482 5552 5665 6368 6411 6656 7403 7520
7975 381 790 915 1093 1184 1617 1872 2140 2188 2220 2740 3381 3625 4232 4589 4807 4937 5322 5373 5596 6116 6138 6483 6742 7045 7089 7272
7976 656 992 1059 1682 1907 2297 2514 2649 2793 2919 3436 3745 4053 4257 4738 5756 5961 6213 6606 6768 7359 7496 7825 7890
7977 482 688 745 981 1121 1166 1493 2568 2653 2755 3237 3254 3765 5024 5140 5556 5655 6622 7432
7978 401 735 823 2125 2147 2399 2615 2700 2859 3208 3488 3636 4235 4581 5096 5128 5287 5306 6596 6618 6712 6724 7018 7571 7591 7745
7979 137 220 226 408 682 1668 1820 1877 2164 2303 2585 3353 3660 3742 4326 4778 4832 5113 5216 5229 5439 5626 5772 5951 6813 7291 7523 7848
7980 1299 1408 2631 2903 2905 2908 4956 5051 5198 5203 5386 5447 6337 7163 7339 7428 7568
7981 1388 1716 1908 2589 3455 3497 3833 3882 4818 5877 6517 6968 7272 7585 7596
7982 523 1076 3042 3068 3102 3184 3202 3288 4026 4115 4457 5102 5556 6547 7572 7634 7675
7983 108 651 691 715 1459 1468 1469 1554 2127 2373 3015 3017 3857 3990 4425 5747 5837 6933 7577 7811 7848
7984 472 495 1189 1929 2186 2709 2915 4070 4865 5233 5991 6091 6333 6824 6946 7256 7433 7648 7867
7985 323 1109 1363 2239 2535 3128 3672 4651 5130 5160 6567 7098 7230
7986 47 178 319 773 1145 1394 1582 2885 3165 3822 4404 5408 5991 7070
7987 91 172 335 979 992 1211 1726 2312 3128 3257 3609 4069 4512 4765 5047 6086 6931 7020 7034 7180 7357 7786
7988 660 1193 1768 2673 2904 4842 5376 5511 6103 6984 7031 7463 7519
7989 182 223 375 432 1681 1765 2311 2319 2769 3021 3206 3461 3542 3975 4085 4086 4212 4215 4426 4685 6547
7990 1120 1184 1250 1306 1477 2608 3014 3209 3210 4066 4463 4491 4911 5331 5724 7003 7007 7901 7942
7991 321 535 775 979 1844 2398 3240 3741 3754 3778 3803 4383 4729 4876 5679 6348 6493 6857 6888 7343
7992 70 161 944 1521 1579 2938 3675 3683 4029 4187 4279 4604 4811 5766 6216 6217 6538 6732 6811 7574
7993 224 235 682 997 1182 1291 1345 1605 1760 2391 2400 3423 3476 3786 3854 4245 4569 4659 4690 4942 5202 6024 7354 7858
7994 1251 1718 1723 1940 2023 2058 2105 2373 2567 2717 3615 4079 4287 4812 5004 5289 5632 6258 6933 7111 7292 7511 7738
7995 159 465 611 1012 1266 1589 1755 1875 1876 2147 2468 2536 2719 3075 3089 3688 4599 4702 4847 6016 6281 6470 6558 6690 7717
7996 516 655 740 1081 1274 1392 2302 3079 4392 4500 4636 4871 5013 5518 5564 5858 5881 6173 6923 7525 7629 7874
7997 262 828 835 1114 1162 1400 1861 1898 2103 2308 2456 2601 3203 3211 3707 4136 4296 4301 4819 5064 5086 5598 5701 5868 6448 6551 6655 7216 7239 7465 7567 7811
7998 388 475 921 1631 1788 1971 2241 2359 2427 2695 2733 3130 3278 3728 4098 5381 6061 6187 6260 6381 6908 7235
7999 245 386 425 590 1347 1394 1399 1503 1953 2072 2417 2733 3401 3410 4087 4463 4637 4764 5260 5337 5669 6006 6113 6181 6834 7573 7834
