6000 89879
0 51 112 125 734 807 824 971 1217 1280 1474 1476 1500 1506 1665 2147 2471 2622 2731 2773 3703 3775 3925 3927 4138 4142 4414 4835 5219 5319 5903
1 77 148 538 549 675 826 875 978 1057 1061 1159 1397 1461 1598 2167 2446 2493 2771 2954 3043 3240 3361 3389 3532 3535 3676 4217 4516 4541 5045 5046 5442 5532 5901
2 325 386 512 624 757 935 1188 1239 1284 1304 1523 1545 1609 1711 2081 2295 2358 2368 2522 2547 2785 3068 3502 3822 3892 4202 4399 4812 4814 4822 4841 4890 5152 5600 5674 5897 5902 5953 5969 5976
3 12 118 671 733 873 916 1595 1706 2281 2298 2340 2372 2413 2593 2898 2963 3047 3351 3401 3452 3719 3777 3799 3951 3996 4100 4106 4289 4306 4440 4595 4624 5270 5288 5575 5748 5778
4 106 140 388 408 494 724 1027 1348 1679 1789 2234 2405 2465 2558 2980 3103 3207 3439 3694 3762 3888 4206 4290 4534 4620 4897 4989 5101 5888 5903 5934
5 134 319 413 909 1131 1621 1757 1901 2231 2614 2615 3002 3416 3502 3522 3648 3734 4022 4072 4094 4332 4587 4799 5137 5319 5444 5550 5612 5787 5820 5848
6 22 55 225 611 817 1047 1115 1204 1583 1621 1938 1987 2046 2364 2398 2532 2765 2772 2937 3135 3709 3796 3925 3934 4055 4372 4561 4794 4795 5120 5169 5533 5731
7 78 334 516 915 1074 1112 1282 1661 2044 2104 2561 2626 2912 3175 3250 3575 3595 3811 3880 3896 3959 4022 4073 4173 4462 4487 4570 4666 4968 5229 5288 5484 5613 5854
8 26 52 93 255 257 385 924 1026 1138 1167 1589 1620 2123 2329 2787 2985 2998 3463 3544 3701 4152 4166 4181 4346 4501 4708 4851 4956 5270 5719
9 546 1191 1680 1707 2280 2387 2804 2840 3010 3137 3310 3632 3633 4354 4409 4482 4833 5324 5609 5669
10 147 191 350 541 585 893 1000 1132 1539 1550 1588 1692 1751 1777 2200 2230 2244 2270 2668 2673 2700 2955 3294 4123 4271 4304 4609 4870 5005 5395 5786 5916
11 177 292 402 719 1221 1272 1495 1622 1958 2242 2544 2823 2856 3043 3106 3127 3194 3228 3251 3348 3394 3592 3673 3995 4121 4151 4208 4491 4547 4754 4825 5010 5197 5261 5435
12 3 213 978 1012 1188 1262 1560 1864 1928 1932 2138 2147 2164 2296 2344 2518 2777 2966 3301 3713 4016 4362 4590 5123
13 454 628 639 785 957 1388 1420 1692 1801 1951 2063 2069 2121 2325 3225 3327 3382 3473 3504 3525 3611 3871 3887 4056 4319 4364 4718 4898 5123 5190 5841 5878
14 189 358 392 487 730 919 1329 1343 1423 1663 1692 1764 1953 2009 2311 2356 2619 2738 3013 3015 4023 4231 4469 4568 4667 5006 5085 5122 5355 5626 5653 5863
15 367 411 677 789 804 1258 1557 1672 1809 1940 2011 2155 2168 2302 2452 2542 2655 2822 2861 2930 3209 3245 3503 3533 3687 3707 3997 4168 4242 4279 4328 4380 4485 4770 4998 5097 5103 5527 5536 5742
16 258 433 442 870 1085 1131 1335 1579 1587 1619 1638 1840 2138 2249 2565 2645 2753 2819 2863 3133 3339 3396 4259 4486 4765 5954 5958
17 102 438 592 778 1078 1108 1284 1400 1585 1719 1730 1753 1868 2746 2794 3112 3148 3369 3447 3617 4062 4270 4310 4678 4687 4924 5783 5980
18 159 211 1071 1121 1201 1267 1375 1604 1680 2072 2238 2302 2537 2684 2794 2850 3014 3020 3235 3445 3680 3832 4228 4448 4514 4523 4577 5107 5256 5540 5888 5935 5965
19 412 645 716 1398 1502 1701 1750 1963 2165 2223 2291 2623 2860 3044 3124 3205 3452 3955 3971 4365 4489 4868 5075 5180 5212 5322 5390 5728 5741
20 58 74 191 383 589 640 676 1050 1355 1357 1680 2011 2066 2189 2400 2433 2544 3888 4115 4349 4417 4908 4930 5081 5435 5745 5821 5822
21 99 458 559 687 728 852 948 1192 1261 1345 1358 1427 1621 1808 2037 2488 2875 3181 3231 3674 3804 3862 4189 4497 4697 5600 5702 5897 5900
22 6 187 251 267 843 887 989 1276 1415 2143 2785 2832 2939 3353 3622 3668 3788 3817 4644 4725 4824 5281 5474 5536 5654 5696 5871
23 223 818 827 844 1231 1834 1971 2174 2274 2295 2582 2742 3323 3364 3436 3456 3476 3614 3767 3848 4222 4341 4848 4948 5032 5083 5650 5663 5714 5735 5839 5964 5992
24 525 839 988 1358 1362 1547 1863 2310 2797 2943 2994 3265 3448 3981 4032 4104 4205 4480 5007 5015 5130 5193 5210 5779 5832 5854 5985
25 32 95 111 123 317 456 536 576 1007 1137 1152 1446 2054 2210 2257 2398 2446 2892 3151 3330 3597 4099 4286 4585 4636 4901 5033 5380 5691 5797 5852
26 8 359 714 786 836 949 1234 1249 1613 1664 2083 2125 2748 2901 2908 3389 3619 4281 4332 4367 4618 4705 4821 4906 5032 5211 5362 5567 5851
27 82 162 226 830 897 919 946 1714 2024 2393 2563 2831 3075 3169 3200 3621 3753 3852 4180 4893 5331 5412 5419 5855 5944
28 319 350 479 766 774 814 828 974 1151 1327 1355 1410 1561 1706 1754 1990 2254 2404 2441 2466 2545 2639 2703 2952 3007 3043 3170 3595 4119 4309 4707 4905 4949 5029 5066 5097 5208 5279 5353 5354 5390 5892 5909
29 35 150 274 340 649 947 1126 1646 1797 1817 1881 2880 3067 3193 3196 3269 3347 3469 3538 3637 3847 4210 4266 4414 4512 4994 5012 5032 5540 5643 5665
30 229 581 658 904 1128 1139 1685 1803 1845 1857 1910 2245 2287 2613 2880 3156 3253 3324 3532 3670 3803 4259 4483 4639 4659 4674 5008 5298 5921 5945
31 150 160 186 308 620 628 1403 1705 1715 2439 2811 2897 2938 3208 3749 3812 3910 3980 3995 4079 4615 4806 4843 4899 5039 5125 5448 5557 5858 5952 5986
32 25 667 701 941 986 1175 1276 1397 1427 1496 1711 1942 2252 2429 2586 3036 3297 3682 3827 4035 4251 4254 4543 4647 4669 5039 5306 5441 5876 5925 5948
33 270 600 638 807 892 975 976 1055 1460 1491 2379 2394 2449 2670 2721 2725 2762 2847 2887 2957 3458 3560 3716 3828 4017 4130 4228 4513 4594 4821 4833 4847 5338 5529 5563 5567 5785 5820 5885 5982
34 77 96 243 669 1083 1352 1455 1610 1680 2272 2405 2702 2897 3681 3736 3879 4414 4873 4874 5144 5525 5533 5567 5578
35 29 421 721 1100 1253 1616 2289 2305 2422 2868 3126 3383 3548 3580 4019 4084 4447 4498 4503 4547 4632 4845 5183 5565 5572 5902
36 365 479 684 888 998 1095 1158 1304 1448 1605 1737 1897 1944 1947 2035 2104 2313 2402 2447 2563 2654 2835 3284 3377 3466 3562 3770 3898 4291 4479 4482 4555 4819 4837 5214 5291 5301 5327 5762 5794
37 113 601 950 1188 1429 1857 2153 2163 2519 2758 2778 2857 2870 3042 3189 3219 3368 3956 4007 4125 4170 4186 4192 4507 4735 5012 5251 5266 5268 5602 5626 5637
38 90 295 356 409 978 1153 1209 1426 2056 2080 2087 2146 2214 2281 2447 2545 2652 2806 3076 3244 3385 4044 4191 4246 4257 4823 4859 4978 5124 5268 5704
39 303 632 710 950 1122 1240 1380 1530 1551 1630 2403 2599 3197 3429 3476 3513 3625 3902 4081 4133 4539 4727 4866 5152 5274 5325 5457 5588 5783 5866 5896
40 229 688 856 1055 1125 1371 1663 1750 1843 2048 2099 2240 2728 3043 3113 3145 3241 3416 3425 3791 4735 4790 4812 5079 5260 5266 5403 5441 5612 5913
41 224 294 790 995 1119 1245 1314 1881 2028 2226 2455 2516 2608 2764 2839 2882 2980 2991 3169 3562 3984 4387 4557 4690 4833 5195 5407 5566
42 66 84 226 519 720 723 1002 1210 1814 1840 1863 2544 2653 2737 2848 3008 3554 4044 4421 4953 5048 5310 5481 5561 5648 5770 5912
43 135 595 678 698 959 1501 1553 1628 1727 1970 2149 2674 2731 2769 2887 3070 3215 3507 3622 3898 3971 4123 4243 4285 4288 4462 4474 4623 4961 5019 5385 5637 5738 5824 5906
44 114 155 165 277 330 435 557 575 689 1077 1100 1207 1911 1956 1989 2189 2269 2607 2708 2738 2782 2785 2888 3077 3128 3328 4023 4156 4193 4263 4502 4917 5262 5365 5505 5596 5717 5751
45 1199 1465 1575 1807 2222 2252 2713 3156 3267 3335 4257 4316 4418 4427 4970 4979 4994 5013 5554 5713
46 1243 1611 1824 1890 1946 2036 2168 2327 2336 2442 2529 2604 2682 2840 3076 3161 3212 3656 3827 3907 4048 4099 4371 4529 4630 4681 4797 4827 5264 5345 5498 5646
47 863 1262 1310 1343 1614 1683 1857 1870 1895 2031 2628 2804 3049 3065 3241 3272 3273 3527 3533 3550 3847 4225 4448 4503 4579 4654 4688 4936 5273 5505 5812 5814
48 237 597 716 770 1137 1243 1345 1597 1607 1941 2251 3302 3305 3775 3875 4054 4843 5145 5190 5313 5759 5793
49 89 648 703 1090 1099 1562 1838 1870 2078 2110 2581 2644 2724 2965 3236 3254 3340 3412 3556 4461 4686 4854 5287 5582 5591 5886 5981
50 237 279 574 909 1001 1018 1195 1333 1514 1663 1811 1818 2054 2134 2223 2318 2593 2705 2811 2848 3430 3669 3915 4048 4586 4767 5256 5287 5327 5345 5738
51 0 368 393 724 1011 1558 1968 2631 3050 3259 3321 3657 3760 3862 3895 4030 4208 4879 5203 5208 5423 5499 5631 5743 5803 5938
52 8 404 584 594 1250 1330 1470 1587 1744 1867 1973 1996 2343 2582 2921 2955 3001 3112 3131 3602 3702 3966 4745 4769 4959 5230 5234 5287 5383
53 267 405 711 783 831 1085 1149 1186 1675 1688 1919 1977 1990 2787 2872 2973 2992 3070 3151 3193 3324 3531 3597 4120 4543 4616 4637 4663 4912 5157 5282 5283 5694 5807 5848 5877 5970
54 81 146 468 634 770 887 925 1170 1390 1739 1901 2455 2647 2805 3258 3264 3534 3703 4015 4167 4552 4566 4621 4856 4917 5094 5138 5662 5909 5952
55 6 407 437 541 1210 1257 1351 1561 1693 1716 2429 2432 2576 2645 3067 3244 3295 3884 4092 4128 4276 4535 5206 5381 5439 5654 5763
56 363 439 533 1532 2104 2129 2163 2204 2566 2764 2895 3061 3151 3741 4203 4422 4478 5529 5627 5920 5965 5976
57 121 246 259 365 558 650 689 708 824 829 1064 1280 1284 1305 1475 1627 1794 1872 2098 2234 2444 2789 2826 3087 3298 3733 3917 3927 3952 3971 3997 4579 5152 5170 5261 5263 5529 5738 5908
58 20 72 241 265 679 711 809 1190 1255 1645 2016 2260 2819 2834 2903 2952 2983 3203 3263 3418 3761 4530 4819 5233 5425 5442 5838
59 189 228 235 574 1032 1353 1401 1990 2018 2055 2116 2255 2271 2569 3017 3044 3430 3526 3833 3989 4119 4148 4316 4418 4468 4785 5454 5912
60 535 813 1095 1169 1252 1411 1428 1565 1983 2075 2344 2405 2672 3421 3451 3462 4173 4452 4583 4904 4970 5468 5502 5652 5944 5977
61 557 631 1023 1046 1126 1180 1240 1451 1472 1832 2135 2138 2302 2668 2763 3196 3256 3387 3436 3446 3825 4324 4953 5444 5524 5587 5693
62 508 528 1135 1276 1284 1297 1601 1645 1746 1927 1961 2568 2963 2993 3009 3094 3224 3332 3481 3587 3868 4158 4315 4339 4388 4599 4849 4981 4986 5370 5752 5765 5819 5900 5904 5955
63 492 1161 1406 1638 1687 1734 1778 1951 2028 2154 2650 2774 2800 2814 4208 5073 5111 5221 5255 5600 5940
64 74 268 452 648 707 737 762 955 980 1201 1357 1384 1557 1677 1839 2519 2855 2870 3051 3125 3307 3308 3557 3932 3967 4270 4581 4820 5395 5762 5935
65 741 1024 1085 1117 1223 1477 1547 2133 2141 2366 2671 3159 3464 3686 3690 3871 3947 4204 4291 4599 4710 4767 5233 5347 5388 5661 5816 5960
66 42 69 512 741 867 876 1534 1633 1883 2758 2822 2896 2943 2996 3179 3475 3740 3777 3801 3882 3942 4129 4227 5131 5321 5411 5539 5788 5907 5929 5935
67 254 403 807 1068 1099 1694 1722 1935 1940 2223 2281 2386 3586 3601 3859 3977 4007 4155 4269 4418 4921 5002 5109 5235 5262 5743 5928
68 131 193 277 365 788 899 927 984 1092 1155 1158 1348 1570 1724 1729 1850 1856 1861 1889 1910 1990 1992 2044 2129 2408 2908 3189 3769 3946 4134 4210 4962 5092 5120 5175 5283 5463 5578 5668 5844 5946
69 66 125 1247 1386 2300 2588 2706 2967 3011 3818 3864 4349 4504 4704 4721 4738 5208 5754 5869
70 384 587 633 700 713 755 758 1412 1775 1801 1807 1816 1967 2229 2374 2460 2579 2800 3023 3374 3612 3660 3727 3875 4008 4202 4444 5050 5387 5401 5444 5518 5779 5784
71 95 343 388 929 1267 1329 1398 1521 1569 2015 2030 2230 2291 2295 2416 2480 2853 2984 2993 3399 3411 3454 3577 3584 3624 3637 3824 4265 4685 5013 5357 5492 5644 5798
72 58 157 301 354 629 668 1283 1420 1743 1897 2243 3339 3488 3523 3800 3948 3964 4027 4414 4692 4699 4809 4827 4935 5060 5118 5267 5296 5811
73 84 111 121 221 352 420 633 1059 1217 1339 1837 1903 1939 2102 2140 2252 2454 3066 3220 3303 3424 3429 3468 3470 3907 3932 4300 4746 5048 5109 5451 5613 5875 5979
74 20 64 423 556 762 995 1078 1116 1543 2044 2177 2414 2526 2596 2607 2700 2713 2730 2750 2842 2870 2881 2914 2966 3332 3447 3489 3619 3751 3875 4429 4545 4627 4862 5054 5301 5444 5478 5511 5627 5680
75 273 334 556 557 914 949 1385 1470 1659 1959 2225 2301 2366 2622 2751 3129 3262 3549 3728 4103 4294 4300 4587 4881 4947 5082 5178 5418 5546 5667 5687
76 459 1323 1362 1532 2162 2226 2258 2353 2492 2696 2872 2990 3021 3270 3591 3653 4144 4149 4558 4883 4962 5254 5549
77 1 34 308 392 417 901 903 2054 3096 3392 3509 3853 3859 3920 4766 4906 4933 5114 5276 5529 5686 5742
78 7 474 697 1108 1171 1568 1872 1881 2131 2262 2372 2577 2608 2792 3233 3479 3883 3988 4191 4195 4359 4426 4725 5476 5569 5685 5885
79 147 487 592 889 958 1236 1264 1349 1366 1600 2196 2851 2882 3148 3514 4239 4713 5010 5130 5911
80 98 378 730 1034 1532 1653 2346 2612 2956 3114 3203 3279 3947 4225 4273 4344 4474 4571 4788 4942 5544 5635 5851
81 54 461 623 889 925 1016 1090 1240 1674 1876 1928 2254 2609 2780 2863 3077 3382 3564 3733 3954 4015 4048 4188 4251 4756 4911 4914 5259 5314 5546 5685 5765
82 27 97 322 649 770 1049 1175 1861 1999 2124 2193 2212 2251 2291 2879 3003 3510 3861 3946 4093 4458 4730 4820 5047 5658 5691 5711 5729
83 336 426 484 636 1102 1154 1189 1235 1238 1902 1923 1953 2655 2799 3046 3208 3841 3932 3966 4015 4917 5204 5839 5996
84 42 73 736 783 834 939 1566 1588 1691 1840 1844 2109 2560 3239 3277 3283 3596 3847 3960 3972 4108 4174 4315 4518 4532 4728 4730 4874 5480 5650 5652 5817
85 120 209 250 339 831 880 1359 1378 1590 1906 1986 2039 2054 2138 2226 2286 2366 2716 2803 3171 3683 3868 3878 4072 4099 4131 4196 4268 4387 4496 4769 4776 4794 4872 4903 5144 5439 5542 5629 5692
86 90 433 480 537 1032 1425 1513 1795 2437 2602 3097 3312 3322 3466 3546 3594 3599 3693 3921 3987 4360 4727 4737 4759 4810 5057 5255 5677
87 93 168 186 205 297 394 408 487 571 857 917 1083 1260 1305 1391 1514 1878 2561 2576 2763 2836 2924 2947 2972 3378 3452 3495 3742 3773 3880 4145 4552 4565 4622 4667 4891 5157 5256 5703 5743 5974
88 115 211 535 585 706 893 1186 2209 2630 2921 3992 4258 4264 4290 4515 4883 4980 5018 5022 5087 5141 5401 5407 5527 5737 5823 5975
89 49 273 935 1038 1187 1275 1285 1387 1459 1461 1537 1628 2166 2291 2553 2826 2972 3215 3377 3395 3639 3962 4041 4223 4940
90 38 86 95 126 148 444 612 810 953 1201 1509 1646 2080 2094 2266 2278 2380 2423 2656 2895 3397 3860 4615 4726 4730 4791 4797 5057 5179 5191 5378 5509
91 1141 1275 1793 1942 2209 2307 2425 2779 2945 3101 3125 3166 3759 3875 3998 4255 4797 4854 5144 5184 5192 5601 5857 5945
92 139 1295 1411 1856 1997 2063 2092 2237 2505 2518 2902 2979 3056 3111 3288 3459 3490 3912 4028 4055 4183 4544 4820 4926 5056 5242 5520 5529 5590 5770 5789 5798 5829
93 8 87 1285 1322 1398 1472 1475 1588 1606 1728 1846 2124 2156 2260 2876 3262 3928 5165 5421 5532
94 267 339 435 522 538 665 938 1420 1703 1847 1860 1906 1916 1971 2532 2783 2816 2847 3042 3608 3917 4006 4175 4187 4697 4712 4850 5256 5413 5594 5929 5996
95 25 71 90 170 376 427 436 1309 1684 1814 1859 2181 2231 2614 3022 3023 3231 3550 3752 3828 4092 4115 4139 4251 4450 4669 4750 4786 4908 4964 5161 5262 5688 5764
96 34 112 172 200 403 435 464 498 646 708 908 1027 1570 1666 1766 1777 1986 2162 2299 2940 2983 3292 3570 3655 3713 3746 4025 4535 4819 4843 5022 5046 5061 5398 5473 5652 5791
97 82 437 546 754 802 966 1686 1903 2046 2288 2401 2813 3187 3195 3228 3234 3241 3252 3503 3560 3655 4185 4263 4434 4740 4907 4908 4995 5326 5395 5581 5694 5812 5968
98 80 270 452 1037 1461 1621 1649 1705 1802 1830 2066 2155 2208 2273 2461 2615 2838 2875 3120 3270 3596 4974 5002 5278 5545 5614 5716
99 21 418 921 1091 1114 1172 1460 1784 1924 2014 2166 2207 2386 2435 2451 2616 2672 2848 2923 2945 3057 3175 3210 3424 3447 3553 3692 3697 3770 4102 4409 4521 4918 4958 5011 5013 5134 5276 5531 5904
100 331 599 1005 1080 1689 1818 1945 2579 2855 2966 3006 3217 3250 3420 3498 3690 5065 5415 5739 5995
101 273 282 349 752 942 1313 1325 1495 1675 1719 1810 1845 2062 2078 2113 2186 2394 2440 2487 2679 2803 2821 2886 2909 2934 3169 3442 3634 3754 3942 4003 4245 4380 4833 5070 5095 5190 5316 5691 5845 5858
102 17 639 1138 1375 1467 1491 1590 1885 1895 1954 2633 2692 2850 2899 2972 3117 3294 3363 3728 3815 3824 3874 4142 4537 4596 4701 4977 5747
103 560 617 866 1004 1133 1540 1792 1988 2203 2327 2383 2437 2460 2508 3078 3470 3690 3752 4198 4545 5034 5048 5099 5764 5922
104 145 242 323 602 685 814 825 1209 1273 1295 1296 1624 1730 2182 2418 2616 2658 2761 2841 2979 2996 3348 3613 3742 3893 4487 4859 4951 5810
105 123 492 509 871 1303 1585 1594 1655 1993 2576 2664 3059 3122 3436 3503 3622 4209 4260 4296 4700 5214 5543 5582 5945
106 4 404 435 436 812 1304 1352 1515 1543 1876 1937 2148 2157 2397 2874 3022 3136 3243 3275 3340 3394 3443 3925 4027 4090 4295 4356 4431 4675 4892 5209 5321 5820 5962
107 869 1172 1488 1501 1678 1775 1952 2000 2096 2168 2206 2236 2262 2312 2824 2942 3104 3505 3510 3578 3694 3871 3934 3956 4356 4485 4690 4775 4929 5124 5236 5706 5747
108 162 706 927 1119 1144 1293 1317 1697 1729 1901 1954 2176 2370 2640 2835 2890 2992 3068 3183 3386 3405 3432 3466 4147 4184 4247 4482 4537 5105 5311 5770
109 342 380 512 572 845 977 1021 1201 1421 1651 1925 2261 2432 2476 2523 2671 2812 3544 3564 3670 3907 4121 4556 5012 5045 5277 5286 5376 5601
110 229 305 895 1366 1563 1574 1627 1858 1990 2008 2244 2462 2656 2828 2983 3073 3192 3202 3234 3472 3505 3619 3743 3866 4062 4409 5158 5791 5986
111 25 73 1022 1210 1456 1485 1730 1871 1916 2237 2550 2884 2947 3117 3233 3442 3778 3925 3976 4001 4177 4243 4254 4293 4735 4803 4894 5001 5191 5362 5480 5606 5622 5877
112 0 96 320 594 682 1036 1662 1693 1718 1736 1778 2067 2447 2464 2566 2618 2891 2933 3123 3277 3298 3332 3482 3676 3779 4181 4526 4632 4654 4770 4801 4856 4908 5195 5232 5281 5287 5622 5623 5674
113 37 643 694 958 1813 1995 2153 2254 2399 2657 2779 2869 2962 3456 3505 3571 3669 3763 3949 3958 4236 4267 4431 4511 4623 4801 5104 5295 5307
114 44 115 210 329 567 667 687 746 1386 1968 2047 2468 2739 3752 4411 4529 4612 4645 4708 4742 4751 4761 4836 4852 4936 5004 5227 5261 5351 5430
115 88 114 146 369 632 714 1539 1546 1603 2586 2626 2839 2977 3001 4091 4988 5557 5573 5585 5716 5741
116 166 185 236 335 459 1000 1098 1127 1324 1328 1339 1888 2055 2072 2080 2117 2125 2215 2345 2783 3069 3315 3542 3695 3786 3802 4102 4548 4785 4846 5094 5245 5641 5695 5723
117 1114 1851 1906 2145 2186 2356 2507 2682 2702 2714 3009 3533 3660 3721 3811 4034 4138 4203 4396 4466 4526 5078 5293 5426 5503 5730 5837 5977
118 3 461 753 805 1025 1163 1165 1190 1802 1843 1877 1885 2009 2172 2293 2463 2506 2823 3125 3360 3688 3781 4085 4154 4282 4401 4460 4895 5306 5444 5543 5755 5787 5830
119 147 199 598 1103 1425 2031 2177 2370 2376 2393 2616 3430 3516 3702 3743 3835 4307 4558 4731 5649
120 85 651 1721 2436 2703 2823 2874 3055 3444 3529 3605 3735 3854 4052 4533 5140 5156 5503 5521 5613
121 57 73 263 728 1137 1300 1437 1619 2302 2457 2495 2530 2926 3530 3545 3594 3916 3924 3999 4151 4292 4781 4852 4911 5872
122 225 473 511 720 733 781 835 1157 1281 1413 1699 1721 1943 2053 2134 2241 2617 2654 2848 2953 2968 3101 3240 3516 3532 3982 4024 4948 5171 5227 5484 5593 5695 5789 5815 5970
123 25 105 623 1443 1459 1899 2208 2285 2692 2996 3081 3193 3452 3673 3938 4126 4226 4733 4747 4820 4861 5074 5355 5471 5545 5708 5791 5877
124 457 480 549 944 1049 1130 1264 1493 1708 1913 2191 2648 2680 2877 3559 3734 3769 3923 4300 4407 4495 4509 4601 4766 4800 4831 5368 5997
125 0 69 309 363 388 422 516 536 979 990 1092 1495 1896 1928 2012 2669 3217 3567 3674 3688 4098 4251 4256 4431 4482 4671 5307 5425 5854 5907
126 90 146 300 464 573 665 693 943 1027 1184 1702 1892 1966 2364 2491 2578 2943 3388 3926 4059 4148 4398 4780 4807 5075 5147 5174 5317 5653
127 196 485 567 834 883 1375 1589 2025 2079 2222 3205 3548 3607 3793 3895 3976 4436 4535 4806 5040 5098 5123 5129 5454 5718 5796
128 607 835 1026 2104 2393 2523 2573 3111 3308 3370 3488 3574 3778 3981 4014 4286 4392 4444 4636 4719 4732 4815 4839 4956 5123 5222
129 313 670 940 974 1096 1171 1172 1350 1381 1471 1501 1585 1640 1692 1860 1939 1987 2268 2525 2678 2753 2906 3027 3217 3510 3564 3716 3745 4665 4733 4930 4981 5131 5235 5664 5809 5895
130 144 346 399 914 1228 1253 1311 2540 2740 2853 3595 3691 3776 3837 3875 3898 4121 4886 5207 5273 5411 5621 5825 5930
131 68 244 450 510 625 786 1098 1369 1670 1789 1898 2509 2904 3184 4254 4323 4411 4817 5157 5494
132 181 222 253 299 474 632 739 748 779 957 981 1003 1208 1378 1585 1683 1709 1910 1981 2168 2180 2457 2546 2785 3106 3195 3305 3731 3873 3967 4014 4196 4209 4338 4429 4617 4634 4765 4768 4994 5955
133 300 305 523 1106 1318 1521 1793 2194 2501 2717 2980 3365 4858 5270 5284
134 5 394 425 560 680 950 992 1150 1156 1184 1508 2139 2140 2215 2243 2824 3002 3228 3537 3760 3765 3788 3978 3987 4347 4375 4490 4537 4679 4825 4929 5587 5790
135 43 178 179 215 317 539 874 877 1073 1085 1178 1202 1417 1504 1506 1746 2722 2890 2964 2967 3180 3339 3351 3649 3730 4170 4282 4551 4554 4728 5195 5210 5381 5539 5625 5949 5996
136 305 796 1203 1228 1349 1712 1980 2672 2932 3201 3319 3461 3545 3550 3653 3666 3729 3904 3931 4297 4329 4389 4470 4505 4642 4751 4778 5005 5126 5619 5628 5760 5783 5825
137 237 474 748 823 943 1085 1558 1785 2144 2218 2443 2783 2815 2891 2938 2990 3095 3235 4240 4594 4716 4994 5001 5652 5809 5895 5954 5961
138 300 597 965 1314 1468 2718 3086 3165 3234 3256 3568 3643 3835 4116 4466 5695 5718 5750 5903
139 92 432 635 765 1032 1206 1238 1308 1335 1392 1514 2085 2680 2700 3138 3664 3704 3817 3978 4115 4621 4781 5227 5253 5344 5500 5515 5693 5718 5738 5900
140 4 279 493 542 644 808 917 1096 1180 1333 1355 1509 1886 1912 1929 2066 2107 2200 2786 2840 2874 3012 3064 3103 3133 3240 3461 3499 3837 4112 4452 4563 5375 5435 5559 5653
141 148 342 902 903 1015 1100 1464 1645 1886 1968 2026 2209 2270 2879 2948 3041 3233 3435 3563 3624 4015 4294 4336 4577 4716 4790 4813 5034 5081 5089 5164 5262 5415 5643 5746 5938
142 339 567 791 870 1110 1200 1393 1479 1609 1777 2175 2290 2326 2333 2805 3625 3818 3822 4155 4268 4609 4913 5588 5629 5667 5827
143 414 772 789 1061 2688 2710 2952 3421 3429 3884 4101 4167 4226 4367 4634 4694 4804 5807
144 130 315 409 449 764 943 1078 1093 1138 1771 2853 2917 2940 3114 3118 3186 3350 3458 3519 4073 4172 4299 4362 4411 4926 4984 5273 5286 5416 5533 5612
145 104 152 261 344 562 746 840 941 1187 1247 1543 1576 1603 2006 2123 2129 2143 2165 2334 2357 2383 2605 2653 2725 2891 3319 3367 3427 3589 3846 4110 4341 4369 5005 5017 5267 5304 5485 5651 5900
146 54 115 126 585 656 736 830 857 866 934 1147 1268 1339 1566 1892 2079 2081 2190 2706 2858 2889 2934 2985 2990 3471 3683 3850 3950 3974 4087 4253 4428 4435 5281 5400 5409 5522 5565 5838 5855 5941
147 10 79 119 366 465 629 677 727 746 993 1071 1206 1218 1574 1691 1702 1751 1855 1947 1968 2077 2306 2314 2933 2984 3093 3794 4748 4783 5098 5111 5130 5305 5395 5449 5467 5958
148 1 90 141 407 469 707 833 851 866 1043 1536 1704 1729 1879 2195 2282 3327 3532 3673 3723 3872 3973 4064 5015 5353 5419 5426 5518
149 376 437 1140 1182 1185 1228 1360 1558 2088 2212 2246 2292 2305 2661 2760 2801 2891 3543 3552 3576 3614 3931 4099 4185 4507 4566 4600 4804 4911 4988 5432 5451 5533 5546 5834
150 29 31 242 817 1377 1526 1543 1617 1633 1634 1893 2276 2299 2502 2516 2735 2737 2825 2859 2865 2888 3086 3350 3435 4002 4217 4446 4491 4671 4761 5246 5360 5413 5696 5825 5942 5967
151 268 288 588 654 863 885 897 1021 1307 1416 2189 2366 2367 2371 2436 2684 2979 3105 3180 3192 3485 3855 4100 4293 4332 4365 4371 4649 5037 5311 5340 5699 5765 5863 5904 5926
152 145 349 778 1095 1096 1286 1468 1713 1828 1893 1949 2495 2593 2789 2848 3023 3034 3178 3561 3680 3683 3810 4415 4786 5100 5219 5256 5259 5329 5440 5525 5566 5587 5700 5980
153 502 726 797 969 1123 1293 1501 1769 1788 2166 2226 2271 2330 2640 2799 2835 2944 3481 3627 3628 3895 4073 4589 4772 4884 5177 5247 5455 5513 5945 5958
154 173 336 634 1253 1310 1322 1542 1593 1655 1983 2045 2099 2258 2327 2580 2755 2789 3602 3627 3647 4032 4082 4131 4475 4599 5301 5588 5669 5728 5847 5862
155 44 750 871 1195 1291 1811 2208 2386 2437 2590 3216 3250 3571 3660 3741 4559 4713 5154 5435 5823 5859 5898
156 261 338 495 945 1136 1276 1278 1455 1475 2388 2428 2527 2616 2720 2793 2807 2849 2955 3042 3153 3338 3452 3653 4016 4082 4443 4565 4577 4623 5156 5416 5459 5543 5822 5979
157 72 202 458 538 655 778 993 1499 1507 1615 2087 2460 2763 3015 3081 3207 3262 3338 3550 3631 3736 3790 3913 4267 4314 4945 4954 5201 5234 5647 5935
158 970 1730 1927 2792 3076 3212 3261 3385 3434 3485 3692 3863 3879 4118 4442 4525 4586 4779 5149 5227 5340 5401 5416 5503 5531 5598
159 18 198 393 417 487 966 1142 1336 1474 1557 1598 1928 2109 2399 2988 3233 3655 4227 4533 4706 4749 4934 5168 5395 5684 5689 5868 5982
160 31 858 866 932 967 1160 1231 1304 1458 1619 1756 1859 1925 2419 2473 2560 2583 2794 3012 3039 3277 3519 4033 4184 4226 4471 4931 5153 5160 5707
161 579 1139 1403 1588 1741 1850 2053 2271 2340 2351 2470 2719 2789 3041 3553 3639 4366 4468 4635 4655 4678 4687 5092 5161 5278 5429 5449 5509 5622 5816 5860
162 27 108 393 939 1274 1288 1416 1542 1789 2150 2217 2248 2370 2489 2581 2709 2876 3040 3113 3756 4276 4529 5073 5179 5273 5288 5464 5483 5538 5552 5612 5720 5785
163 227 476 1041 1252 1353 1684 1820 2057 2113 2424 2498 2882 3145 3448 3590 3861 4187 4359 4706 4805 5439 5645 5826
164 613 905 918 1126 1220 1264 1627 1700 1886 2054 2148 2153 2273 2293 2515 2702 2946 3098 3113 3363 3837 4144 4326 4872 5036 5782
165 44 186 464 599 778 837 1464 1605 1909 1933 2053 2579 2677 3010 3204 3360 3365 3693 3777 3919 3973 4067 4126 4167 5035 5500 5572
166 116 681 1112 1425 1714 1910 1917 2320 2348 2432 3044 3232 3305 3368 3537 3590 3606 3818 5054 5119 5256 5280 5388 5858 5902
167 312 345 395 443 511 626 700 705 793 1215 1251 1316 1984 2021 2090 2101 2407 2629 2637 2782 2899 2957 2991 3325 3380 4063 4085 4223 4536 4558 4571 4881 4982 5066 5216 5245 5348 5410 5426 5540 5647 5834
168 87 238 432 784 828 1044 1051 1064 1069 1391 1463 1614 1798 1959 2048 2393 2661 2694 3036 3285 3479 3805 3833 4126 4250 4252 4562 4928 5084 5533 5539 5770
169 338 564 588 828 1005 1102 1660 1751 2165 2238 2513 2541 2702 2810 2844 2883 3336 3700 4568 4764 5280 5366 5409 5537 5587 5724
170 95 419 786 819 997 1128 1518 1631 1723 2438 2496 2503 2622 2629 2807 2911 3342 3602 3711 4100 4297 4388 4510 4924 5042 5282 5551 5673 5738
171 309 326 429 636 899 1019 1220 1328 1810 1919 1987 2451 2562 2833 3028 3147 3153 3423 3534 3650 3762 3871 4020 4122 4275 4502 4543 4616 5029 5440 5668 5684
172 96 363 559 702 728 808 1233 1393 1587 1603 1726 1775 1858 2091 2413 2656 2767 2768 2796 3206 3272 3484 3527 3533 3660 3811 3989 4108 4434 4445 4534 5073 5122 5549 5748 5920
173 154 523 599 897 1200 1439 1769 2079 2519 2727 2743 2805 2973 3045 3270 3829 4059 4101 4199 4672 4873 4896 4960 5329 5383 5764 5809 5827 5868
174 217 226 282 426 806 916 944 1374 1570 1772 2185 2203 2234 2481 2764 3251 3546 3743 3836 4009 4041 4059 4139 4298 4472 4850 4892 5004 5492 5860
175 634 675 690 1492 1551 1676 1766 1877 1967 2066 2075 2113 2203 2218 2450 2501 2555 2601 2734 2992 3260 3275 3594 3650 3858 4028 4085 4207 4227 4428 4705 4742 4820 4970 5132
176 434 772 1169 1210 1714 2120 2512 2556 2914 3226 3346 3946 4169 4309 4437 4520 4595 4629 4694 4821 4892 5129 5255 5339 5724 5741 5977
177 11 540 716 1205 1382 1475 1677 1779 2630 2864 2939 3018 3042 3047 3123 3812 3822 3860 3901 3977 4140 4455 4675 4733 4874 5034 5058 5684 5979
178 135 217 482 532 598 681 798 996 1112 1119 1423 1473 1609 2019 2058 2869 3668 3821 3840 4062 4966 5030 5184 5217 5323 5620 5767 5963
179 135 457 468 975 1443 1482 1654 2153 2420 2594 2717 2718 2898 3216 3525 3974 4074 4163 4349 4378 4447 4763 4823 5065 5073 5305 5493 5497
180 261 508 878 910 1016 1220 1415 2154 2657 2775 2897 2960 3131 3277 3375 3799 3817 3900 4186 4201 4255 4315 4475 4605 4660 4875 4912 5253 5257 5376 5443 5480 5545 5800
181 132 469 678 835 1148 1253 1496 1825 1911 2125 2195 2259 2399 2551 2773 2793 2844 2937 2961 3362 3415 3654 3680 3885 3987 3993 4052 4656 4870 4902 5086 5225 5630 5845 5880
182 379 756 1457 1972 2172 2305 2626 2665 2817 2946 3070 3181 3297 3723 3758 3891 4215 4280 4586 4917 4933 4956 5946
183 267 497 523 1108 1308 1362 1466 1655 1684 1844 1859 1910 2101 2238 2305 2378 2505 2605 2660 2854 3754 4081 4250 4270 4482 4749 4787 4803 4808 5012 5353 5576 5644
184 248 436 511 653 831 1996 2381 2603 2673 2712 2882 2964 3513 3596 3617 4332 4806 5330 5509 5580 5701 5711 5749
185 116 223 453 824 1178 1197 1618 1779 1915 2058 2318 2616 2798 3254 4035 4156 4279 4408 4453 4510 4753 4959 5084 5176 5196 5218 5246 5314 5573 5576 5602
186 31 87 165 202 511 718 1195 1245 1261 1314 1398 1981 2097 2224 2440 2453 2603 3098 3179 3285 3389 3803 4192 4575 4874 5096 5098 5517 5759
187 22 190 539 676 1275 1324 1476 1524 1567 1769 1850 2037 2353 2565 2864 3050 3449 3901 4007 4446 4536 4798 4940 4982 5071 5080 5413 5498 5778
188 352 1033 1155 1304 1325 1348 1409 1730 1762 2360 2749 3116 3226 3359 3470 3471 4059 4229 4656 4660 4681 4705 5805 5858
189 14 59 406 479 716 1008 1288 1448 1455 1484 1820 2030 2808 3073 3138 3399 3426 3564 3785 4361 4368 4399 4413 4438 4517 4809 4964 5084 5136 5424 5666 5670 5773 5830 5849
190 187 481 573 843 1351 1449 1584 1770 2005 2418 2499 2821 2833 2877 3949 4339 4428 4512 4648 4848 5336 5906 5917
191 10 20 408 583 672 902 1445 1748 1844 1965 2099 2573 2663 3002 3177 3411 3590 3683 4088 4979 5380 5393 5479 5781 5827 5893
192 426 1331 1563 2038 2079 2093 2110 2199 2210 2812 3061 3088 3448 3467 3478 3536 3577 3934 3980 4013 4540 5011 5178 5192 5880
193 68 549 732 1141 1302 1722 2110 2111 2423 2546 2567 2657 2703 2762 2998 3015 3155 3178 3217 3316 3453 3480 3643 3655 3753 3992 4039 4046 4124 4278 4401 4439 4614 4855 4857 5315 5329 5346 5467 5844
194 666 767 824 930 1223 1602 1775 1788 1996 2051 2066 2088 2089 2184 2389 2438 2443 2839 2939 3120 3493 3622 3808 4168 4420 4680 4796 5214 5252 5847
195 253 446 590 812 1010 1011 1350 1386 1435 1530 1835 1879 1943 2195 2278 2424 2537 2660 2776 2956 3142 3196 3237 3265 3347 3395 3400 3438 3480 3615 3820 4001 4054 4210 4409 4618 4726 4801 5105 5184 5264 5591 5962
196 127 224 402 422 672 718 852 969 1000 1492 1752 1949 1953 2261 2295 2335 2342 2455 2493 3022 3384 3553 3663 3934 3936 4401 4897 5382 5414 5606 5630 5929
197 510 549 572 728 841 1047 1175 1369 1445 1839 1882 2030 2047 2216 2497 2710 3499 3920 4486 4512 4678 4970 5198 5216 5354 5435 5573
198 159 487 496 609 858 994 1068 1300 1496 1513 1609 1846 1994 2479 2782 2874 2888 3159 3397 3534 3902 4017 4092 4291 4529 4533 5925
199 119 286 310 367 486 487 721 879 1143 1182 1323 1444 1452 1717 2098 2203 2292 2388 2488 2766 2781 2947 2995 3039 3066 3223 3407 3433 3510 3580 3963 3999 4004 4620 4726 4783 4789 4875 4926 5102 5488
200 96 238 479 822 1086 1184 1234 1317 1399 1862 2250 2383 2446 3160 3182 3341 3429 3483 3576 3620 3930 4063 4153 4220 4578 4639 4885 4901 5068 5554 5983
201 674 880 1199 1271 1312 1400 1625 1752 1902 1951 2456 2498 2635 2776 2970 3041 3568 3645 3647 3833 3841 4160 4855 5047 5231 5310 5418 5471 5922 5935
202 157 186 1636 1710 2320 2397 2426 2663 2767 2958 2995 3122 3213 3412 3724 3874 3887 3946 4022 4333 4443 4547 4886 5191 5545 5569 5621 5875 5935
203 388 1013 1726 1892 2149 2155 2304 2309 2387 2504 2928 2939 3216 3235 3384 3461 3606 3722 3978 4041 4561 4931 5160 5316 5598 5606 5981
204 297 635 696 804 1248 1272 1535 1962 2333 2547 2663 3484 3487 3505 3671 4199 4270 4472 4477 4605 4629 4710 4810 4829 5156 5188 5791 5868 5911
205 87 216 1250 1704 1771 1952 2020 2329 2471 2716 3178 3210 3541 3990 4588 4663 5249 5361 5374 5552
206 264 635 696 745 1055 1066 1139 1216 1234 1297 1306 1991 2078 2273 2316 2335 2415 2894 3027 3323 3586 3687 3748 3968 4283 4371 5016 5307 5405 5510 5716 5934 5989 5991
207 401 507 1287 2056 2066 2181 2245 2933 3219 3454 3604 3918 4362 4430 4766 5070 5521 5956
208 237 522 998 1316 1377 1826 2024 2039 2088 2278 2710 2813 2837 3187 3228 3445 3452 3572 3751 3948 4352 4828 4944 5076 5087 5134 5236 5324 5328 5448 5537 5927
209 85 456 799 927 1112 1270 1602 1667 1817 1883 2209 2274 2468 2620 2854 2858 3091 3242 3436 3734 3753 3798 4048 4118 4246 4369 4447 4832 5154 5178 5227 5346 5590 5605 5826
210 114 474 572 584 990 1173 1528 1554 1625 1904 1995 2179 2261 2366 2420 2485 2564 2689 2880 3107 3109 3144 3194 3375 3790 3924 4004 4177 4232 4246 4566 4679 4693 4843 4869 5182 5396 5701
211 18 88 216 218 236 489 529 720 776 1318 1594 2014 2094 2350 2403 2543 2588 2590 3036 3064 3075 3143 3515 3644 4207 4314 4500 5018 5044 5272 5458 5581 5699 5713 5818 5865
212 363 656 810 1052 1163 2059 2076 2090 2172 2308 2625 2960 3026 3077 3086 3131 3282 3331 3357 3414 3435 3577 3897 3932 4191 4602 4638 5465 5598 5751
213 12 300 553 578 597 622 734 833 1153 1277 1307 1594 1645 1880 1940 1996 2583 2601 2668 2891 3433 3574 3760 3879 4226 4789 5008 5124 5177 5295 5448 5864
214 431 485 530 1169 1252 1764 2008 2176 2288 2436 2489 3052 3578 3788 3876 4054 4059 4522 4690 5168 5374 5417 5625 5690 5762
215 135 355 369 397 551 1040 1078 1154 1468 1869 2185 2264 2437 2745 2774 2839 3201 3230 3329 3595 3685 3727 4189 4373 4493 4538 4610 5247 5277 5440 5700 5870 5915
216 205 211 311 390 625 959 1379 1835 1864 1926 2032 2088 2990 3068 3352 3435 3471 3476 3739 4163 4175 4421 4441 4483 4886 5093 5264 5344 5515 5631 5679
217 174 178 496 735 862 926 1282 1456 1514 1748 1843 2166 2294 2327 2423 2482 2519 2926 3075 3341 3378 3435 3443 3591 3730 4276 4660 4909 4977 5178 5255 5352 5377 5593
218 211 290 411 483 613 791 1050 1349 1401 1516 1941 2055 2103 2357 2381 2404 2649 2885 3227 3430 3492 3692 3711 3813 4110 4133 4376 4396 4483 4628 4710 4838 4871 5284 5312 5665 5708 5933
219 302 1233 1758 1778 1801 2057 2172 2404 2460 3076 3612 3671 3999 4474 4685 4728 4968 5114 5235 5423 5637 5934 5947 5980
220 365 827 953 1212 1737 1877 1916 1920 1947 2376 2562 2595 3346 3736 4104 4256 4558 4991 5461 5767 5868
221 73 403 450 530 634 699 749 814 833 1055 1135 1436 2459 2618 2735 2788 3077 3114 3498 4338 4490 4509 4658 4732 4775 4783 5152 5519 5711 5729 5884 5891
222 132 550 955 1039 1528 1540 1543 1639 1942 1962 2282 2414 2504 2630 2785 2978 2980 3122 3293 3486 3581 3682 3740 3927 3950 4145 5048 5263 5789
223 23 185 277 588 1064 1254 1782 1988 2253 2905 2918 3415 3524 3591 3613 4062 4235 4259 4854 4968 5310 5648 5793
224 41 196 273 565 649 653 892 905 1553 1917 1946 2098 2332 2361 2585 2777 2883 2945 3012 3417 3566 3577 3797 3867 3908 4173 4208 4318 4427 4814 4844 5027 5208 5299 5490 5689 5851 5901
225 6 122 348 456 510 616 887 1548 1689 1955 2098 2399 2770 3617 3665 3924 3991 4155 4161 4166 4195 4422 4430 4473 4605 4829 4861 5275 5525 5660 5666 5677 5747 5780 5902 5973
226 27 42 174 875 1104 1263 1357 1426 1997 2114 2282 2311 2386 2501 2509 3421 3565 3680 4004 4116 4288 5002 5231 5911 5981
227 163 328 571 574 727 1095 1402 1454 1639 1835 2135 2309 2529 3190 3879 3890 3949 4124 4193 4258 5036 5135 5585 5628 5926
228 59 290 402 881 930 954 1580 1628 1798 1836 1935 1986 2069 2231 2499 2974 3106 3199 3319 3657 3757 3878 4172 4332 4352 4407 4473 4481 4809 4904 5224 5282 5302 5331 5734
229 30 40 110 235 1071 1155 1196 1472 1584 1751 1793 1812 1813 1838 1908 2037 2287 2742 2986 3286 3676 4006 4039 4342 4767 5135 5412
230 253 365 382 560 902 996 1097 1445 1937 1971 2316 2906 3307 3605 3997 4528 4547 4717 4995 5162 5294 5411 5698 5764 5776 5790 5829
231 505 743 773 939 1006 1123 1324 1468 1484 1507 1517 2379 2412 2444 2791 2813 2829 3033 3438 3483 3683 3825 4089 4146 4200 4448 4548 4555 4564 4714 4823 4959 5305 5455 5552
232 702 1051 1069 1089 1465 1499 1893 2100 2276 2432 2591 2734 2842 2915 3375 3738 3832 4131 4197 4309 4749 4751 4863 5123 5337
233 311 597 624 792 906 1002 1630 1904 2236 2268 2330 2655 2720 2760 2762 3064 3469 3489 3709 3734 3882 3959 4132 5156 5274 5311 5730 5995
234 508 1056 1331 1558 1626 1664 2051 2464 2529 3039 3054 3706 3835 3888 4167 4289 4637 5271 5331 5857
235 59 229 283 391 517 841 867 1401 1889 2056 2248 2480 2548 2746 3318 3395 4215 4354 4575 4609 5341 5427 5448 5637 5816
236 116 211 321 389 666 934 1126 1784 1809 1840 1960 2493 2546 2688 2753 2874 3052 3389 3500 3550 4073 4086 4321 4513 4632 4690 4846 5084 5316 5397 5516 5651 5673 5730 5737 5979
237 48 50 137 208 601 1146 1147 1590 1632 1788 2303 2342 2376 2445 3232 3258 3310 3451 3491 3876 4326 4346 4394 4475 4527 4592 4708 5022 5168 5231 5335
238 168 200 269 520 547 786 1058 1217 1322 1488 1996 2778 2972 2986 3014 3291 3360 3371 3375 3391 4150 4283 4569 4598 4613 4637 4649 4675 4853 5209 5373 5393 5402 5684 5691 5696
239 349 614 966 1727 2218 2553 2560 2578 2589 2622 2751 2865 2880 3055 3240 4508 4555 4569 5031 5079 5095 5119 5180 5509 5548 5552 5584 5704 5889
240 358 572 638 656 863 1242 1459 1526 1694 1907 2240 2402 2406 2423 2639 2654 2785 2803 3011 3017 3257 3299 3358 3454 3497 3610 3664 3669 3674 3709 4223 4387 4463 4699 4730 4816 4836 5037 5352
241 58 719 753 920 1189 1200 1626 1750 1786 1969 2284 2609 2626 2689 2876 2945 3020 3062 3212 3291 3483 3505 4071 4771 4883 5246 5387 5434 5783
242 104 150 250 267 349 357 475 592 684 685 1181 1560 1755 2007 2141 2406 2642 2907 3062 3085 3149 3191 3276 3595 3881 3910 4422 4625 4695 4740 4818 4843 5649 5805 5912 5937
243 34 287 917 1021 1352 1382 1713 1880 2341 2465 2493 2525 2583 2766 2806 3186 3265 3607 3613 4021 4053 4468 4520 4523 5185 5383 5522 5821
244 131 269 455 561 593 1112 1227 1302 1541 2139 2261 2262 2284 2843 2992 3147 3672 3850 4056 4186 4239 4242 4907 4990 5053 5054 5200 5249 5388 5666
245 938 1027 1185 1237 1525 2136 2350 2452 2643 2889 3403 3437 3700 3794 4058 4849 5072 5151 5370 5570 5832
246 57 277 618 799 962 1174 1377 1565 1781 1980 2092 2353 2519 2548 2576 2913 2943 3580 3806 3832 3839 4002 4163 4330 4331 4401 4597 4648 4656 4876 5112 5186 5894
247 262 777 1106 1110 1190 1239 1256 1814 2134 2163 2263 2397 2411 2473 2619 2750 3660 3966 4042 4469 5092 5399 5635 5672 5696 5831 5927
248 184 469 1193 1264 1286 1766 2463 2525 3062 3565 3723 3811 3978 4077 4155 4190 4762 5177 5398 5399 5565 5881
249 258 287 377 379 472 632 635 820 859 923 1123 1151 1290 2221 2663 2761 2871 2917 3098 3185 3263 3302 3562 3597 3701 4203 4354 4531 4902 5156 5261 5518 5569 5717
250 85 242 498 587 769 1086 1340 1396 1453 1469 1628 1830 2053 2115 2134 2474 3043 3195 3256 3833 3850 3871 4275 4287 4293 4583 4586 5186 5198 5252 5343 5686 5714 5913 5955
251 22 261 638 652 704 790 846 883 1270 1455 1550 1795 1951 2073 2143 2295 2301 2363 2507 2643 2864 2890 2924 2941 3006 3969 4166 4242 4534 4545 4771 5012 5350 5422 5899
252 357 383 527 789 880 1016 1274 1425 1562 1843 1874 1998 2024 2218 2720 3661 3690 3870 3977 4062 4127 4268 4461 4467 4653 4660 4733 4835 4883 4898 4977 5066 5110 5221 5556 5571 5990
253 132 195 230 568 872 986 1075 1310 1699 1880 2080 2415 2692 2765 2882 3415 3473 3523 3612 3666 3726 3831 3989 4660 4856 5148 5182 5603 5616 5653 5754 5813
254 67 372 376 397 459 921 1162 1630 1631 1692 1805 2212 2437 2509 2737 2775 3141 3551 3865 4005 4197 4226 4786 4797 4952 4963 5079 5119 5158 5804
255 8 264 433 499 683 692 709 719 1526 1766 1889 1903 2021 2300 2313 2314 2609 2786 2791 2856 2917 2921 3119 3275 3329 3691 3711 3858 3970 3990 4285 4336 4401 5052 5053 5225 5405 5490 5711 5734 5945
256 763 1269 1315 1493 1590 1719 1758 1908 1969 2019 2070 2360 2556 2825 3023 3056 3816 4161 4594 4638 4709 5293 5316
257 8 376 631 848 1415 1640 2276 2304 2307 2526 2571 3133 3142 3260 3267 3439 3699 3770 3786 3830 4675 4721 4733 4979 5018 5390 5723 5773 5786 5966
258 16 249 421 493 658 775 996 1138 1704 1774 1789 1906 2176 2485 2827 2926 2999 3185 4062 4103 4140 4178 4483 4696 5007 5522 5942
259 57 366 403 597 1021 1043 1127 1278 1297 1363 1419 1485 1532 1980 2006 2051 2380 2386 2484 3074 3541 3632 4014 4248 4335 4476 4598 4784 5423 5750
260 394 464 466 544 609 636 648 708 768 1105 1109 1305 1315 1359 1864 2026 2102 2426 2701 2807 2891 3424 3472 3507 4205 4280 4377 4724 4951 5302 5647 5686 5697 5826 5885
261 145 156 180 251 278 463 484 812 828 997 1258 1417 1442 1641 1646 1689 1998 2054 2300 2996 3182 3388 3559 3614 3618 3734 3746 3813 4001 4323 4451 4530 4602 4643 5093 5114 5303 5418 5422 5704
262 247 551 756 760 777 786 890 1040 1104 1111 1719 1866 1956 2125 2405 2464 2656 2728 2879 2903 3008 3638 3774 3909 4305 4344 4521 5197 5348 5403 5694 5698 5719 5930
263 121 524 1119 1170 1207 1278 1414 1632 2823 2978 3013 3237 3470 3477 3478 3644 3851 4105 4110 4342 4894 5691 5961 5998
264 206 255 445 584 616 686 848 898 1098 1355 1387 1556 1615 1769 1792 1884 2116 2739 2766 2782 2970 3220 3522 3632 3815 4233 4818 4851 4877 5454 5566 5571 5763 5799 5876
265 58 863 1278 1511 2018 2136 2160 2200 2550 2697 2750 2913 3004 3195 3590 3731 3894 4228 4298 4696 5006 5217 5219 5366 5710 5900 5920
266 357 495 611 1460 1519 1620 1809 2155 2325 2554 2836 3211 3300 3454 3469 3475 3791 3807 3913 4338 4440 4653 4811 5650 5974
267 22 53 94 183 242 616 671 715 1084 1099 1451 1553 1665 1764 1789 2033 2062 2770 3073 3185 3740 3762 3782 4212 4364 4948 5166 5255 5492 5573 5642 5958
268 64 151 383 796 1156 1336 1431 1544 1555 1869 1976 2420 2733 2946 3190 3198 3413 3678 4383 4496 4628 4754 4773 4976 5011 5137 5997
269 238 244 480 652 1403 1818 1868 1870 2656 2685 2704 2726 2782 2997 3180 3309 3773 3960 4030 4524 4555 4673 4677 5064 5214 5267 5368 5740 5942
270 33 98 621 653 876 1576 1948 2766 3508 3745 3865 4185 4275 4329 4475 4937 5014 5181 5417 5446 5677 5922
271 376 865 879 997 1482 2367 2643 2983 3002 3321 3822 3858 4036 4151 4600 4934 5060 5441 5652 5715
272 554 785 800 907 938 971 1080 1131 1179 1238 1260 1887 1938 2206 2279 2744 2747 2922 3053 3114 3207 3269 3649 3673 3716 3872 3955 4051 4058 4119 4126 4478 4617 4665 4718 4846 5149 5229 5482 5961 5996
273 75 89 101 224 878 941 997 1043 1283 1359 1387 1457 1602 1644 1842 2267 2765 3062 3874 4028 4082 4100 4527 4592 4752 5233 5338 5455 5820
274 29 944 1005 1139 1390 1422 1601 1611 2083 2113 2539 2553 2650 2803 2986 3402 3575 3637 3639 3711 4270 4378 4421 4626 4654 4739 5194 5234 5349 5716 5939
275 364 380 799 1451 1513 1700 1742 2067 2116 2267 2344 3320 3453 3562 3765 3870 3926 3995 4017 4131 4140 4359 4689 4722 4767 4796 5047 5089 5373 5809
276 305 329 460 483 534 1106 1284 1397 1723 1737 1792 1844 2069 2169 2328 2446 2978 3254 3307 3479 3592 3682 3727 3935 4131 4953 4963 4991 5367 5502 5804
277 44 68 223 246 629 656 724 1382 1952 1985 2251 2254 2445 3233 3258 3310 3422 3537 3626 3996 4179 4216 4283 4434 4591 5150 5227 5519 5560 5852
278 261 349 864 973 1086 1346 1389 1620 1755 1770 2317 2566 2827 3000 3008 3288 3299 3320 3468 3480 4189 4216 4261 4555 4563 4630 4723 4821 5097 5229 5236 5613 5657 5932
279 50 140 704 861 872 954 1126 1468 1526 1582 2801 3016 3134 3425 3535 3864 4001 4101 4333 4452 4624 4640 4665 5105 5175 5561
280 428 650 1279 1383 1690 2054 2349 2384 2476 2985 3655 4134 4161 4688 4784 4975 5048 5253 5477 5490 5534 5670 5955
281 702 894 1062 1127 1222 1411 1842 1875 2463 2498 2705 2972 3066 3179 3364 3793 3891 4422 4802 4852 5207 5472
282 101 174 566 846 1042 1093 1125 1133 1226 1530 1606 1769 1979 2178 2228 2240 2626 2715 2867 3060 3215 3441 3718 3741 3874 3931 4052 4207 4774 4791 5010 5247
283 235 568 607 652 847 1074 1093 1232 1346 1539 2026 2046 2328 2356 2498 2882 3382 4425 4447 4511 4720 4745 4815 4821 4912 4922 5274 5346 5642 5681 5752 5817 5850 5909
284 395 406 568 680 830 900 1295 1418 1524 1776 1974 2217 2338 2547 3858 4007 4346 4367 4553 4783 4826 4901 4917 5075 5397 5680 5694 5823 5828
285 305 366 387 706 730 1038 1524 1821 1933 2189 2492 3393 3589 3612 3813 3905 4001 4101 4149 4249 4366 4829 4854 5001 5222 5542 5547 5695 5716 5842 5854 5946 5947
286 199 687 902 1217 1346 1505 1565 1601 1616 2485 2616 2650 2707 2805 2825 3288 3305 3425 3709 4040 4247 4257 4574 4610 4965 5091 5127 5246 5352 5549
287 243 249 349 460 482 732 737 788 1090 1155 1359 1668 1924 2022 2231 2443 2596 2834 3096 3462 3490 3607 3662 3686 3879 4145 4213 4223 4278 4383 4481 4505 4626 4938 5737 5857
288 151 615 767 899 1060 1139 1671 1959 2946 3291 4275 4293 4982 5013 5612 5733 5735 5853
289 394 458 909 918 920 1340 1591 1995 2680 2694 2770 3039 3260 3350 3861 4193 4375 4430 4467 4726 5199 5444 5457 5852
290 218 228 617 629 1115 1155 1186 1436 1497 1701 2003 2103 2150 2235 2287 2480 2483 2686 2759 3019 3276 3413 3461 3542 3697 3847 4222 4321 4537 4546 4550 4634 4737 4782 4855 4956 5100 5474 5795 5934
291 308 330 448 717 853 1280 1404 1640 1659 1695 1805 1813 2211 2305 2550 2994 3304 3440 3523 4124 4493 4512 4563 4996 5039 5096 5536
292 11 412 439 497 846 1164 1184 1366 1947 2456 2524 2569 2803 2853 3327 3386 3428 3441 4010 4485 4562 4660 4885 4900 5177 5183 5210 5328 5691 5722 5841 5872
293 311 885 1027 1351 1366 1446 1508 1712 2146 2228 2351 2426 3687 3995 4145 4363 4912 4977 4996 5338 5396 5591 5773 5823
294 41 331 358 445 446 535 671 715 1062 1601 1687 2005 2487 2563 2624 3758 3893 4028 4332 4774 5072 5076 5339 5591 5884
295 38 989 1026 1077 1840 1850 2324 2479 2951 3327 3354 3829 3968 4076 4592 4841 4915 4997 5022 5109 5141 5856
296 408 695 925 1180 1387 1516 1780 1803 2056 2075 2460 2608 2647 3005 3373 3448 3463 3893 4178 4283 4344 4433 4567 4641 4678 5158 5318 5409 5593 5924
297 87 204 335 392 866 1151 1543 1705 1964 2088 2098 2465 2481 3469 3720 3986 4106 4466 4883 5449 5698 5794 5818 5999
298 398 659 741 911 1082 1734 2532 3295 3338 3394 3791 3843 4289 4298 4302 4330 4384 4749 4791 4795 4807 4850 4864 4927 5068 5296 5298 5408 5595
299 132 394 507 528 1258 1275 1367 1491 2049 2148 2276 2313 2393 2933 3290 3433 3884 4041 4396 4601 4754 4784 5205 5277 5283 5612
300 126 133 138 213 640 694 1007 1498 2198 2222 2302 2366 3331 3483 3499 3530 3627 3907 4226 5195 5632
301 72 536 588 777 835 1671 2012 2050 2058 2376 2684 2715 2904 3083 3611 4585 4684 4715 4736 4887 4923 5095 5125 5193 5258 5442 5575 5708 5734 5847 5922 5958 5977
302 219 329 410 593 845 920 1126 1522 1692 2077 2080 2144 2740 2808 3280 3807 3989 4157 4323 4489 4834 5413 5446 5500 5588 5763 5901
303 39 634 928 1168 1398 1668 1813 2116 2179 2388 2514 2601 2771 2928 3212 3408 3591 3903 3933 5420 5572 5975
304 411 415 525 818 1045 1132 1267 1506 1658 1795 1925 1929 2216 2316 2336 2456 2479 2504 2704 2845 3468 3573 3643 3778 3795 3841 3961 3995 4257 4322 4469 4669 5072 5202 5231 5299 5496 5887 5996 5999
305 110 133 136 276 285 645 684 730 770 1221 1391 1504 1590 2150 2307 2933 3234 3356 3367 3729 3963 4095 4201 4475 4591 4638 4875 5107 5145 5170 5326 5398 5653 5685
306 525 653 657 854 1015 1289 1379 1411 1461 1672 2020 2124 2249 2373 2383 2606 2766 2847 2904 3180 3195 3210 3499 3756 4010 4422 4717 4881 4969 5169 5320 5668 5762 5981
307 971 981 1186 1787 1899 2001 2114 2223 2461 2617 3317 3331 3417 3748 3786 4082 4144 4166 4665 4728 5247 5481 5550 5702 5809
308 31 77 291 538 641 664 735 1187 1397 1499 1582 1597 1655 1666 1818 1938 2755 3475 3704 3851 3909 3971 3972 4196 4251 4281 4320 4553 4693 5073 5534
309 125 171 518 778 968 1257 1324 1520 1522 1543 1798 1879 2052 2428 2564 2602 2674 3177 3713 3785 4027 4122 4458 4776 4962 5259 5444 5661 5706 5756
310 199 506 581 605 860 875 1325 1382 1504 1851 1943 2361 2429 2514 2584 2829 3075 3407 3513 3520 3725 3784 3823 3888 3950 4144 4302 4418 4451 4667 5029 5204 5385 5471 5929
311 216 233 293 343 652 854 913 1130 1159 1361 1481 1496 1724 1939 2373 2791 2886 3462 3631 3653 3694 3779 3958 4034 4139 4212 4281 4475 4516 4532 5371
312 167 1141 1296 1389 1755 1958 2154 2208 2209 2497 2598 2854 3303 3412 3508 3878 4301
313 129 512 518 556 622 665 963 1280 1328 1530 1651 1680 2190 2247 2376 2680 2706 2723 2766 2816 2990 3077 3222 3233 3617 3634 3720 3808 4198 4309 4711 4935 5377 5930
314 359 599 839 1102 1171 1469 1569 1907 2109 2332 2381 2907 3113 3155 3942 4523 4659 5135 5267 5588 5668 5728
315 144 425 707 768 790 861 1043 1189 1264 1304 1347 1872 2434 2601 2636 2787 3101 3397 3466 3773 4046 4644 4767 4904 5109 5226 5353 5480 5512
316 530 579 745 1102 1148 1303 1830 2055 2066 2397 2700 2775 2848 2983 3056 3103 3126 3222 3683 3937 4059 4188 4232 4327 4762 5049 5272 5585 5825
317 25 135 461 683 794 851 862 1296 1664 1781 1817 1917 1932 1971 1995 2203 2477 2487 2513 2588 2705 2880 2968 3186 3217 3417 3502 3957 3994 4103 4686 4755 4822 5169 5614 5698
318 394 430 547 583 802 835 860 995 997 1238 1386 1530 1538 2035 2456 2619 2784 2890 3067 3423 3958 4035 4553 4595 4801 4976 5018 5094 5117 5451 5579 5674
319 5 28 369 1001 1180 1602 1683 2081 2368 2372 2482 2732 2848 2935 3054 3253 3262 3501 3633 3744 3749 3760 3933 4490 4721 5257 5343 5385 5672 5836
320 112 419 515 633 680 996 1022 1040 1593 1873 2162 2181 2186 2377 2422 2643 2820 2889 2984 3064 3124 3149 3582 3818 3925 3928 3957 4058 4250 4370 4421 4683 5091 5134 5798 5987 5999
321 236 435 560 1038 1055 1749 2097 2125 2713 2991 3291 3488 3505 3700 4004 4413 4446 4669 4682 4773 4844 4964 5042 5130 5357 5360 5397 5774 5869
322 82 335 717 1131 1593 1636 1763 1771 2172 2465 2714 2789 2936 3832 3981 4131 4285 4372 4449 4463 4763 5349 5369 5527 5596 5889
323 104 587 612 613 834 1172 1306 1342 1353 1607 1837 2361 2474 2662 2686 2781 2955 3084 3355 3432 3953 4061 4309 4373 4491 4701 4792 5027 5263 5530 5939 5964
324 383 539 552 561 650 1049 1394 1803 2272 2421 2464 2688 2921 3087 3686 3747 3966 4140 4212 4359 4396 4426 4692 4826 4893 5459 5983
325 2 326 453 455 1201 1355 1405 1479 1603 1627 1862 1890 1976 2096 2198 3095 3226 3726 3848 3877 4339 4813 4931 5005 5242 5360 5431 5449 5469 5485 5637 5691 5796 5831 5959
326 171 325 455 471 478 821 857 871 1175 1662 1971 2046 2098 2327 2528 3158 3160 3412 3833 3937 4072 4114 4172 4288 4360 5132 5180 5193 5342 5612 5656
327 497 1303 1848 2454 2616 2720 2961 2962 3121 3126 3276 3336 3342 3434 3549 3808 4204 4241 4284 4301 4592 4629 4929 5160 5477 5687 5717 5731 5873 5884 5941 5963
328 227 673 748 946 985 996 1470 1519 1763 1924 2067 2094 2425 2486 3041 3275 3436 3570 4024 4236 4303 5040 5243 5610 5846 5874 5893
329 114 276 302 433 527 528 895 2267 2442 2574 2862 2997 3136 3138 3227 3291 3372 3373 3597 3989 4032 4034 4168 4602 5427 5762 5793 5799 5828 5869 5936
330 44 291 866 877 981 1386 1863 1962 1984 2252 2469 2480 2665 2721 2904 3286 3469 3537 3604 3649 4003 4080 4450 4631 4786 4824 4829 5085 5239 5420 5515
331 100 294 526 731 1023 1192 1204 1707 2218 2222 2300 2364 2453 2756 2853 2982 3024 3149 3383 3422 3979 4201 4214 4289 4583 4602 4766 4781
332 646 958 1014 1139 1190 1229 1242 1253 1298 1342 1535 1869 2269 2632 2732 2827 2992 3049 3359 3415 3811 3822 4224 5089 5113 5172 5283 5450 5633 5959 5978 5982
333 496 545 568 821 944 1207 1414 1594 1617 1667 2060 2061 2481 2628 2995 3602 3689 3802 3995 4098 4185 4325 4802 5157 5172 5335 5498 5604 5659 5672 5733 5832 5969
334 7 75 408 660 1069 1305 1368 1594 1797 1917 2686 2836 3478 3648 3771 3908 3984 4065 4129 4236 4309 4652 4654 4715 5026 5502 5566 5594
335 116 297 322 462 923 1292 1962 2485 2539 2578 3022 3549 3784 4155 4566 4686 4735 4803 4990 5087 5121 5200 5291 5740
336 83 154 380 452 788 841 1114 1393 1548 2154 2277 2429 2644 2788 2932 3053 3138 3421 3534 3552 3566 3645 3942 4140 4352 5287 5526 5831
337 591 681 688 727 780 918 957 1061 1166 1355 1458 1505 1614 1891 2247 2252 2263 2277 2345 2914 3016 3154 3718 3724 3789 3805 3845 3896 4109 4138 4307 4548 4823 4882 4883 5104 5286 5348 5378 5759 5813
338 156 169 500 606 683 765 825 1009 1042 1075 1692 2394 2480 2509 2529 2580 2632 2928 3113 3123 3156 3223 3230 3250 3941 4058 4130 4251 4276 4508 4627 4787 4927 5365 5377 5471 5847 5895
339 85 94 142 451 597 757 1026 1255 1300 1326 1660 2072 2159 2340 2578 2717 3172 3181 3307 3313 3386 3415 3419 3537 3645 3751 3978 3984 4054 4289 4370 4540 4568 4734 4746 4940 4997 5311 5381 5619 5727 5897
340 29 345 518 538 934 946 1093 1248 1421 1487 1539 1680 1865 1867 2874 2951 3014 3039 3221 3372 3418 3491 3903 3934 4093 4164 4193 4447 4786 5237 5388 5465 5503 5577 5791 5921
341 624 672 928 1099 1412 2220 2519 2625 2654 3001 3141 3315 3341 3582 4623 5181 5545 5700 5924 5982
342 109 141 391 618 875 898 1028 1342 1608 1715 2223 2800 2869 2945 3142 3576 3673 3760 3820 3826 3830 4128 4171 4222 4545 4612 4662 4817 5239 5542 5635 5676 5874 5901 5977
343 71 311 451 757 872 1008 1018 1104 1730 2057 2065 2172 2191 2361 2395 2485 3198 3663 3757 4327 4360 4400 4506 4814 4988 5200 5326 5351 5495 5754
344 145 380 465 516 900 1739 1944 2821 3129 3209 3269 3403 3434 3465 3509 3600 4217 4795 5413 5518 5742
345 167 340 604 1053 1106 1175 1254 1474 1780 1794 1952 2141 2343 2754 3014 3044 3116 3625 3627 4197 4695 5072 5255
346 130 350 369 435 527 538 995 1063 1615 2171 2426 3023 3115 3298 3309 3596 3757 3781 3975 3988 4277 4301 4421 4458 4553 4636 4685 5038 5574 5967 5979
347 458 606 729 1582 1763 1765 2045 2549 2733 2820 3308 3332 3727 4153 4506 4857 5009 5027 5204 5218 5371 5563 5759
348 225 368 382 487 633 693 762 856 921 1038 1217 1457 1590 1720 1765 2024 2318 2435 2588 2781 2998 3078 3278 3322 3794 4185 4200 4543 4585 4631 4812 4988 5239 5490 5662
349 101 152 239 242 278 287 505 530 539 953 954 1178 1538 1725 1754 1966 2100 2298 2308 2352 2729 2844 2990 3282 3576 3736 4524 4644 4728 4730 5085 5112 5154 5183 5289 5421 5527 5708
350 10 28 346 490 699 929 1250 1385 1399 1692 1834 2164 2559 2839 2874 2884 2940 3059 3124 3227 3412 3559 3845 4026 4066 4250 4280 4437 4663 4708 5149 5276 5279 5349 5371 5602 5754
351 372 400 878 1569 1625 1698 1923 2344 2632 3134 3193 3195 3669 3896 4789 4809 5739 5835 5959
352 73 188 589 721 910 953 1114 1176 1177 1246 1298 1504 1555 1632 1702 1766 1910 1960 1970 2006 2018 2326 2662 2679 2718 2778 3561 3851 3958 4474 4682 5316 5361 5544
353 614 707 799 833 846 872 953 1204 1925 2112 2126 2308 2410 2438 2469 2561 2623 3108 3363 3413 3479 3777 3933 3944 3960 4058 4096 4385 4404 4445 5128 5338 5514 5965
354 72 446 599 637 831 891 950 1013 1150 1221 2074 2925 3357 3695 3768 3904 3959 4000 4135 4137 4312 4370 4379 4649 4659 5053 5150 5204 5427 5474 5487 5564
355 215 733 1379 1420 1480 1594 1601 1634 1761 1774 2520 2827 3253 3415 3495 4046 4068 4115 4383 5137 5189 5320 5866 5981
356 38 497 752 1054 1302 2042 2130 2167 2242 2383 2450 2799 3179 3564 3660 4084 4182 4367 4570 5023 5252 5295 5405 5543 5717 5993
357 242 252 266 514 877 953 1852 2018 2394 2472 2667 2932 2966 3165 3226 3423 3537 3725 3806 4070 4078 4771 4813 4957 5151 5201 5251 5614 5828 5834 5898
358 14 240 294 907 972 1320 1358 1779 1908 1945 2015 2196 2646 2749 4014 4124 4203 4433 4780 4890 4988 5056 5237 5843 5908
359 26 314 418 465 532 724 1149 1347 1372 1679 1891 2075 2175 2481 2579 2714 2720 2816 2861 2875 3143 3222 3341 3423 3525 3773 3809 3820 4133 4422 4430 4597 4914 4995 5171 5619 5869
360 500 623 675 900 1112 1301 1469 1664 1781 1795 2510 2541 2612 2809 3494 4057 4517 4540 4603 4687 4700 4827 4864 5405 5920 5929 5993
361 840 1726 1896 1927 2072 2105 2196 2256 2285 2492 2882 3028 3290 3413 3607 3781 3848 3909 4333 4470 4601 4760 5232 5260 5301 5655 5758 5808
362 468 724 1016 1090 1462 1625 1757 1917 2102 2278 2427 2503 2509 2666 2718 2872 2935 3175 3536 4355 4502 4587 5119 5514 5884
363 56 125 172 212 395 790 874 966 970 1348 1765 2059 2109 2187 2238 2815 3235 3449 3493 4052 4160 4333 4593 4594 4654 4823 5118 5329 5467 5468 5554 5652 5789 5921
364 275 575 1303 1520 1869 1990 2081 2084 2096 2163 2344 3440 3465 3788 3822 3858 5633 5663 5915 5969
365 36 57 68 220 230 376 469 553 631 657 768 1040 1163 1492 1689 1819 2286 3241 3437 3611 3842 3852 4161 4163 4187 4369 4426 4477 4701 4808 5114 5477 5603 5665 5869 5872
366 147 259 285 892 1038 1125 1324 1889 1971 2477 2701 2779 2935 2951 3190 3542 3767 3798 4010 4056 4093 4474 4648 4678 4714 4981 5198 5674 5698 5845 5874
367 15 199 532 594 823 896 1266 1514 1521 1772 1847 1991 2009 2137 2160 2421 2450 2542 2558 2773 3004 3530 3598 3638 3651 3739 4116 4136 4210 4262 4415 4439 4567 4951 5145 5172 5592
368 51 348 450 458 559 674 907 1395 1829 2026 2034 2035 2288 2371 2833 3059 3340 3448 3554 3671 3944 4353 4417 4618 4836 5147 5309 5338 5410 5451 5663 5711 5720 5833
369 115 215 319 346 1063 1109 1135 1393 2112 2308 2356 2496 2736 3061 3097 3128 3232 3711 4090 4254 4415 4495 4754 4819 4932 4940 5083 5200 5507 5663 5672 5848 5852
370 490 600 610 766 784 897 929 1129 1350 1602 1723 1735 1826 1846 1858 2097 2111 2118 2184 2479 2637 2880 3358 3361 3566 3637 3752 4095 4278 4351 4904 5478 5585 5712
371 384 417 787 1327 1446 2215 2257 2410 2726 2899 2951 3170 3904 4136 4716 4946 5055 5274 5431 5445 5632 5646
372 254 351 1084 1140 1166 1269 1360 1572 1606 1740 1962 2152 2458 2642 3413 3417 3479 3634 3735 3879 4112 4435 4796 4842 5200 5202 5406 5536
373 733 822 1094 1400 1512 1580 1644 1899 2130 2236 2500 2575 2798 2856 2897 2985 3603 3724 3739 3887 3950 4520 4550 4739 4897 4968 5281 5530 5970
374 434 525 568 634 723 779 924 994 1102 1168 1646 1691 1693 1869 1996 2483 2555 2590 2714 2929 3852 4777 4911 5099 5381 5391 5543 5727 5740
375 400 640 876 885 963 1193 1257 1492 2013 2110 2214 2507 2611 2864 3193 3586 3750 3778 4143 4330 4489 4524 4710 4854 5477 5687 5863
376 95 149 254 257 271 365 382 508 838 1541 1667 1733 1895 1930 1988 2056 2292 2316 2360 2641 2921 2933 3196 3400 3461 3517 3595 3807 3826 3941 3949 4447 4856 4980 5290 5383 5991
377 249 588 882 905 974 1085 1177 1833 1878 1993 2146 2230 2303 2475 2986 3065 3403 4575 4863 5223 5489 5569 5593 5869
378 80 386 463 817 938 967 1079 1125 1237 1307 2309 2834 3020 3169 3215 3239 3328 3382 3709 3960 4089 4362 4414 4464 4841 5028 5174 5222
379 182 249 469 721 783 810 835 993 1041 1188 1811 1826 1853 2071 2331 2883 3097 3463 3618 3873 3984 4546 4778 4836 4850 4882 4921 4961 5036 5078 5140 5361 5467 5564 5589 5645 5673 5795
380 109 275 336 344 398 512 527 704 1116 1177 1361 1515 1757 1837 2033 2258 2372 2601 2616 2772 2780 2824 2976 3020 3551 3571 3601 3668 3869 3874 3960 4398 4504 5215 5776
381 443 856 892 1086 1116 1138 1485 1533 1789 2024 2207 2302 2789 2804 2856 3014 3054 3122 3173 3320 3574 3800 3900 4205 4430 4969 5404 5609 5914 5970
382 230 348 376 539 774 1056 1242 1369 1823 1978 2067 2265 2292 2300 2626 2648 2882 2899 2943 2990 3425 3683 3827 4046 4226 4384 4533 4795 4818 5135 5665 5802 5882
383 20 252 268 324 386 966 1069 1193 1258 1456 1490 1681 1684 1721 2137 2574 2695 2864 3052 3137 3178 3454 3478 3490 3573 3628 3696 3823 3976 4046 4260 4264 4286 4871 5187 5238 5370 5439 5471 5731 5754 5774
384 70 371 920 1131 1290 1957 2137 2201 3044 3234 3632 3791 4069 4426 4542 4937 5117 5249 5366 5511 5743 5798 5807 5842 5966
385 8 833 1096 1187 1210 1315 1353 1404 1537 1739 1889 2425 2468 3034 3261 3354 3744 3783 3902 3905 4150 4204 4230 4656 4841 5015 5126 5449 5792 5827
386 2 378 383 454 538 603 658 1004 1032 1154 1569 2258 2592 2959 3306 3803 3815 3833 3850 3870 3962 4105 4375 4553 4806 4918 5003 5940
387 285 436 1286 1478 1574 1578 1607 1770 1983 2142 2249 2705 2712 2967 2970 3016 3230 3777 3965 4083 4359 4451 4578 4583 4666 4696 4709 4735 5482 5731 5767 5859 5890
388 4 71 125 203 583 653 677 1284 1412 1496 1923 2169 2171 2271 2398 2645 2666 2790 2974 4049 4177 4334 4591 4717 4729 5620 5824 5877 5921 5945 5970
389 236 431 434 1107 1265 1297 1750 2067 2586 2644 3017 3019 3087 3241 3396 3622 3747 4264 4394 4752 4799 4917 4978 5274 5332
390 216 484 660 947 968 1611 1664 1718 1828 1924 2126 2216 2418 2603 2681 2818 2852 2856 2947 3052 3316 3372 3474 3636 3941 3973 4051 4424 4703 4715 4836 4855 4935 5196 5602 5660 5670 5818 5914
391 235 342 467 753 909 1004 1066 1077 1375 1461 1595 1829 1832 1912 2219 2503 2672 2998 3252 3382 3552 3640 3656 3701 4079 4354 4364 4476 4481 4551 4556 5327 5784
392 14 77 297 752 1783 1881 2518 2715 3402 3774 4827 4893 5012 5014 5037 5469 5492 5638 5732 5774
393 51 159 162 682 749 1213 1238 1239 1724 1780 1810 2036 2216 2554 2934 2943 3020 3224 3327 3339 3604 3822 3851 4185 4380 4409 4527 5227 5683 5705
394 87 134 260 289 299 318 541 627 703 1036 1078 1407 1840 1978 2347 2562 2575 2643 2933 3035 3063 3104 3697 3717 3787 3831 3913 4458 4494 4888 4967 4994 5345 5453 5631 5663 5765 5806 5823
395 167 284 363 605 951 1092 1256 1318 1744 1807 1851 2145 2435 2570 3022 3123 3328 3657 3785 3790 4032 4146 4202 4337 4353 4369 4622 4860 5353 5746 5770 5881
396 700 967 985 1081 1294 1452 1573 1634 1829 2459 2486 2617 2649 2657 2749 3021 3022 3085 3678 4118 4669 4717 4739 4741 4781 5204 5605 5911
397 215 254 758 1142 1320 1409 1448 1526 1716 1794 1831 2273 2308 2684 3091 3401 3623 3724 3805 3866 3978 4139 4332 4343 4498 4504 4512 4748 4782 5041 5112 5330 5402 5418
398 298 380 487 711 1847 2107 2333 2408 2457 2854 2898 3687 4060 4144 4162 4187 4268 4300 4520 4853 4880 4890 5240 5627 5652 5659 5668 5697 5738 5751 5991
399 130 1014 1136 1313 1592 1624 1660 1831 1971 2072 2144 2146 2337 2837 3172 3476 3913 4001 4304 4416 4780 5312 5622 5659 5872
400 351 375 569 641 920 1171 1418 1684 1748 1962 2540 2568 2590 2807 2866 3023 3045 3130 3431 3550 3841 4101 4195 4236 4405 4421 4803 4825 5219 5287 5938
401 207 465 876 1183 1194 1304 1525 1821 2103 2107 2165 2482 2524 3018 3044 3317 3346 3509 3848 4096 4129 4363 4409 4527 4535 4604 4961 4970 5071 5102 5197 5223 5442 5631 5744 5844 5991
402 11 196 228 424 920 1178 1196 1543 1667 2339 2407 2651 2667 2856 2932 3580 3894 3905 4255 4560 4680 4684 4783 4885 5045 5079 5232 5299 5348
403 67 96 221 259 858 1192 1357 1363 1371 1436 1687 1770 1929 2044 2358 2818 2829 2993 3510 3669 3839 3941 4146 4444 5158 5611
404 52 106 1095 1147 1489 1595 1778 1886 1933 2236 2471 2641 2863 3052 3242 3318 3438 3797 4458 4655 4862 4890 5160 5325 5399 5406 5995
405 53 437 676 970 1439 1656 1758 2062 2150 2185 2295 2440 2469 2821 2960 3178 3433 3606 3717 3749 3806 4399 4765 4998 5527 5587
406 189 284 580 682 891 1034 1252 1464 1595 1661 1903 2295 2300 2492 2822 2858 2947 2976 3167 3441 3829 3903 3979 4002 4005 4407 4877 5058 5158 5163 5252 5501
407 55 148 467 468 704 847 883 926 1206 1316 1668 1801 2211 2233 2360 2419 2577 2631 2730 3327 3524 4127 4555 4621 5019 5131 5190 5227 5258 5282 5287 5811 5945
408 4 87 191 296 334 522 528 593 625 640 754 828 1415 1530 1543 1689 1725 1750 1811 1813 1963 1981 2301 2930 3036 3374 3411 3460 3589 3775 3797 3955 4241 4308 4514 4596 4883 5003 5047 5194 5284 5645 5811 5903 5973
409 38 144 430 440 597 662 686 1092 1235 1415 1513 1545 1828 1952 1969 1992 2112 2147 2192 2216 2340 2395 2862 2918 3217 3580 4172 4184 4223 4261 5043 5417 5438 5627 5861 5893
410 302 479 574 592 716 749 812 899 966 1295 1325 1451 1760 1970 2176 2201 2669 2698 2702 2728 2733 2749 2954 3381 3587 3811 4134 4287 4419 4428 4543 4774 4919 5124 5349 5520 5586 5907
411 15 218 304 414 768 885 1045 1428 1621 2002 2217 2408 2564 2579 2877 3124 3203 3378 3465 3615 4683 4702 4891 4934 5261 5363 5417 5733
412 19 292 424 669 782 840 1085 1446 1628 1647 1667 1685 2197 2264 2375 2389 2438 2608 2791 3138 3212 3261 3381 3559 4287 4428 4592 4603 4910 4980 5008 5227 5319 5501 5528 5553 5641 5828
413 5 657 1029 1132 1379 1384 1643 1722 1826 1978 2154 2579 2725 2751 3220 3502 3839 4267 4335 4487 4495 4564 4587 4685 4816 4888 5627 5854
414 143 411 764 1075 1214 1216 1381 1516 1758 1849 1964 2078 2197 2246 2265 2317 2415 2765 2794 2996 3360 3516 3655 3719 4218 4238 4364 4951 4958 5020 5308 5502 5617 5809 5949
415 304 592 1509 1556 1800 1936 2074 2092 2402 3529 3535 3810 4367 4405 4635 4723 4821 4866 4961 5045 5338 5479 5652 5866 5999
416 486 779 789 861 868 992 1014 1016 1087 1152 1449 1491 2325 2439 2473 2723 2900 2932 3182 3569 3634 3835 3874 3973 4457 4463 4506 4619 4796 4897 4932 5229 5343 5417 5470 5497 5747 5887 5892
417 77 159 371 735 1005 1059 1359 1371 1651 2030 2103 2127 2822 3652 3768 3819 3852 4062 4084 4315 4500 4524 4580 4668 4824 5127 5146 5571 5683 5869 5881
418 99 359 539 745 791 831 1185 1300 1417 1487 1946 2191 2947 3151 3160 3364 3469 3785 4099 5140 5173 5629 5649
419 170 320 1002 1097 1168 1225 1307 1310 1315 1403 1459 1478 2024 2094 2150 2292 2661 2736 2754 2790 3084 3149 3166 3287 3292 3416 3548 3834 4034 4097 4132 4302 4485 4487 4793 4869 5224 5394 5484 5491 5828 5897 5924
420 73 672 709 852 933 1790 1894 2157 2755 2854 2911 3122 3215 3343 3551 3643 3774 3837 4020 4120 4473 4588 4840 4892 5337 5517
421 35 258 471 667 710 1301 1509 1636 1851 1868 2016 2046 2178 2202 2267 2321 2456 2960 3002 3168 3656 3686 3786 3897 3992 4010 4805 5197 5512 5776 5875 5876
422 125 196 638 665 739 871 1092 1158 2203 2388 2835 3011 3107 3133 3178 3262 3569 3665 4209 4598 5004 5224 5620 5676 5860 5903 5913
423 74 527 547 727 1186 1604 1796 1820 2180 2217 2352 2511 2643 2729 2894 2918 2939 2976 3116 3121 3351 3390 3462 3838 4224 4326 4357 4614 4947 5021 5085 5231 5547
424 402 412 662 670 798 990 1269 1271 1469 1735 1772 2055 2218 2275 2360 2828 2957 3193 3283 3529 3611 3644 3646 3750 3917 4476 4533 4601 4718 4749 4794 5286 5329 5442 5466 5586 5628 5818
425 134 315 642 1272 1427 1908 2209 2216 2289 2325 3431 4217 4600 4615 4913 4999 5760
426 83 174 192 932 950 1018 1614 1757 1792 1851 1961 2020 2063 2171 2405 2659 2817 2839 3014 3029 3045 3142 3352 3373 3569 3918 3941 4254 4255 4257 4281 4367 4537 4984 5316 5355 5709 5815 5831
427 95 715 1020 1236 1300 1750 1846 1879 1956 2115 2149 2621 2670 2759 2932 3014 3103 3793 3940 4936 5193 5681 5717 5954
428 280 837 857 2110 2565 2616 2743 2761 2903 2982 2984 2994 3158 4002 4179 4191 4243 4334 4557 4592 4714 4962 4995 5746 5817 5905
429 171 676 758 762 1114 1134 1252 1280 1579 1580 1748 1857 2523 2566 2755 3050 3085 3130 3142 3298 4386 4611 4866 4959 5102 5634
430 318 409 474 943 1270 1322 1327 1353 1527 1642 2336 2368 2761 3464 3494 3842 4336 5286 5338 5711 5817 5843 5915
431 214 389 710 1129 1200 1322 1358 1536 1578 1762 1831 1890 1934 2222 2255 2331 2462 2489 2585 2592 2786 2810 2884 3038 3057 3283 3433 4805 4904 5406 5619 5641 5642 5991
432 139 168 1017 1289 1666 1967 2032 2404 2659 3074 3422 3843 4147 4219 4419 4515 4754 4813 4928 4929 5022 5054 5462 5701 5807 5972
433 16 86 255 329 461 922 925 1035 1233 1328 1447 1680 1817 2278 2347 3340 3658 3856 3988 4188 4575 4615 4623 4855 5021 5166 5253 5628
434 176 374 389 840 907 1084 1102 1303 1361 2189 2451 2585 3081 3179 3613 4141 4254 4360 4961 5016 5036 5045 5255 5270 5345 5349 5417 5526 5960
435 44 94 96 106 321 346 688 747 818 1114 1910 2275 2313 2366 2373 2599 2839 2841 2896 3587 3702 4341 4402 4491 4918 4922 4957 5043 5607 5631 5704
436 95 106 184 387 726 912 966 1502 1524 1804 2081 2272 2364 2710 2731 2801 3204 3217 3691 3901 4231 4482 4697 4946 5161 5339 5379 5415 5438 5551 5592 5704 5744
437 55 97 149 405 505 510 549 804 1536 1927 2053 2127 2380 2537 2700 3359 3695 3799 3811 4001 4394 4637 4668 4815 4971 5541 5857 5873
438 17 487 762 798 998 1009 1215 1280 1683 1888 1918 2167 2253 2260 2263 2275 2374 2451 2478 2502 2620 3266 3366 3517 3780 4058 4304 4321 4426 4654 4787 4869 4959 5028 5081 5174 5265 5690 5701 5880 5987
439 56 292 665 703 750 955 1012 1048 1278 1311 1596 1653 2238 2302 2324 2355 2380 2874 3076 3212 3471 3478 3967 4305 5044 5255 5562 5804 5812
440 409 696 721 1026 1700 2194 2299 2312 2600 2907 3256 3414 3587 3652 3667 3714 3745 3785 4628 4630 5288 5320 5357 5461 5504 5545 5764 5882
441 652 863 1125 1720 1867 2099 2133 2427 2925 2941 2955 3050 3079 3099 3169 3264 3361 3431 3517 4950 5036 5189 5209 5212 5356 5540 5581 5851
442 16 463 492 536 896 1240 1493 1573 1651 1818 1829 2126 2990 3126 3289 3296 3470 3578 3783 3882 4054 4203 4733 4778 4899 4942 5109 5562 5573 5826
443 167 381 754 894 906 1042 1186 1204 1588 1749 2064 2358 3122 3164 3166 3302 3441 3588 4572 4689 4992 5092 5613 5708 5711 5877
444 90 629 692 1118 1123 1517 1626 1673 1758 1852 1862 1898 1942 2209 2427 2513 4369 4798 4897 5056 5231 5287 5629 5661
445 264 294 519 660 917 1029 1141 1544 1578 1751 1874 1889 1975 2496 3697 4074 4282 4547 4906 5066 5357 5584 5914 5971
446 195 294 354 693 747 818 1151 1506 1883 2308 3079 3250 3444 3669 3757 3835 4126 4372 4544 4929 5247 5410 5429 5468 5658 5797 5867
447 658 862 892 1207 1246 1580 1686 1740 1843 1878 1974 2123 2192 2193 2323 2473 2517 2555 2564 2795 2836 3004 3194 3233 3597 3753 3883 4350 4463 4721 4800 5065 5112 5272 5835
448 291 838 868 1414 1823 1868 2227 2387 2464 2538 2556 2626 2755 2802 3234 3942 4006 4106 4375 4544 4809 5161 5173 5397 5722 5731 5850 5912
449 144 741 857 899 1282 1528 1980 2167 2222 2687 2871 2892 3102 3781 4093 4569 4869 5011 5285 5668 5786 5850 5906
450 131 221 368 480 703 810 847 868 956 995 1361 1517 1645 1723 2084 2269 2323 2515 2540 2570 2671 2855 2945 2966 4011 4194 4248 4514 4538 4700 4837 5070 5095 5229 5337 5342 5581 5779 5977
451 339 343 474 547 569 985 1262 1749 1780 1804 1874 1887 2024 2154 2268 2432 2524 3151 4117 4216 4228 4375 4384 4538 4775 4803 5129 5273 5366 5659 5687 5706 5734 5786
452 64 98 336 837 881 1025 1043 1854 1976 2013 2158 2242 2253 2881 3149 3212 3253 3413 3541 3561 3635 3659 3722 4048 4280 4366 4459 4930 4975 5350 5387 5839
453 185 325 478 716 751 1596 1792 2146 2295 2461 2518 3136 3282 4198 4703 4851 4987 5218 5703 5995
454 13 386 481 656 686 795 1246 1260 1307 1441 1444 1467 1617 1678 2224 2514 2536 2726 2779 2793 2820 3241 3450 3461 3709 3802 4040 4060 4306 4480 4493 4581 4628 4674 4852 4865 5119 5174 5464 5787
455 244 325 326 500 943 1021 1308 1316 1906 2483 2806 3529 4217 4268 4762 4785 5561 5567 5616 5743
456 25 209 225 749 1497 1690 1933 2298 2446 2460 2656 2865 3470 4077 4256 4267 4539 4933 5269 5469 5478 5613 5973
457 124 179 646 770 828 846 868 887 892 1164 1432 1716 1876 1934 2006 2518 2554 2862 3094 3136 3166 3231 3454 3628 3817 4671 4730 4925 5268 5469 5586 5624 5755 5946
458 21 157 289 347 368 488 635 641 646 851 917 989 1313 1478 1563 1767 2107 2169 2295 2331 2386 2588 2615 2719 2954 3203 3385 3401 3601 3681 3721 4128 4201 4220 4309 4476 4577 4991 5017 5028 5305 5439 5463 5470 5586 5594 5964
459 76 116 254 644 1042 1072 1228 1267 1355 1627 1946 1973 1985 2182 2354 2652 2849 3106 3198 3372 3550 3959 4001 4017 4413 4681 5092 5644 5786 5810 5971
460 276 287 557 1814 1909 2483 2739 2801 2908 3299 3504 3749 3816 4030 4329 4666 4701 4804 4856 5028 5055 5397 5559 5577 5774
461 81 118 317 433 534 631 892 975 1165 1268 1273 1810 2133 2258 2456 2527 2580 2744 2799 2832 3255 3320 3342 3728 3810 3853 3931 4052 4390 4535 4732 4742 5267 5916 5936
462 335 924 1281 1694 1923 2431 2438 2450 2506 2885 3444 3480 3672 3924 4033 4121 4900 5552 5862
463 261 378 442 628 807 887 1135 1302 1304 1390 1415 1962 2590 2627 2664 2728 2732 2742 3270 4028 4136 4260 4304 4326 4571 4785 4803 5475 5907 5963
464 96 126 165 260 527 657 666 1043 1049 1417 1563 1620 1909 2177 2229 2463 2471 3013 3171 3310 3329 3412 3878 3954 4135 4226 4491 5005 5141 5177 5429 5828 5832
465 147 344 359 401 812 983 1021 1122 1202 1229 1232 1274 1295 1464 1472 1947 2707 2735 2846 3136 3357 3641 3674 3690 3733 3967 4057 4157 4438 4995 5339 5555 5561 5827 5910
466 260 641 1233 1471 1717 1955 2002 2424 2455 2484 2639 2657 2710 2891 2986 3007 3131 3176 3191 3200 3423 3790 3859 3862 4360 4522 4723 4732 4733 4769 5032 5103 5245 5280 5462 5489 5511 5663
467 391 407 931 995 1017 1186 1578 1748 2271 2972 3788 3791 4011 4583 4708 4798 5414 5422 5532 5615 5725 5913
468 54 179 362 407 744 816 986 1568 1629 1812 1932 2222 2291 2380 2454 2534 2570 2735 3013 3084 3103 3169 3298 3780 3782 4300 4689 4911 5041 5137 5165 5488 5615 5703 5971
469 148 181 248 365 379 1358 1460 2217 2700 2717 2767 3168 3427 3437 3644 3714 3810 3984 4015 4017 4283 4484 4671 4992 5174 5180 5485
470 508 1329 1479 1610 1830 2369 2671 2768 2816 3036 3738 3763 3927 3979 4332 4558 4703 4944 5497 5909
471 326 421 550 643 773 920 1157 1402 1443 1446 1544 1645 1688 1755 1839 1894 1974 2071 2114 2270 2347 2624 2798 2826 2920 3072 3230 3268 3543 3606 4230 4569 4615 4624 4958 5457 5458 5886
472 249 507 571 1105 1205 1276 1281 1549 1553 1587 2122 2152 3272 3416 3585 3816 4241 4684 5408 5576 5954
473 122 678 685 745 821 983 996 1389 2018 2867 2919 3120 3190 3206 3283 3516 3839 4070 4526 4763 4772 5100 5698 5717 5765 5775 5823
474 78 132 137 210 430 451 533 680 848 2145 2170 2536 2640 3160 3370 3448 3488 3574 3631 3713 3908 4334 4804 4838 5026 5039 5161 5363 5472 5646
475 242 497 1096 1145 1169 1195 1201 1207 1284 1364 1703 1724 1865 1933 1945 2016 2816 3186 3314 3329 3345 3567 3852 3884 4133 4248 4404 4576 4891 4911 5127 5189 5210 5360 5638
476 163 687 727 1287 1302 1489 1872 1898 2100 2280 3008 3388 3405 3522 4260 4334 4486 4995 5543 5758 5852
477 534 857 1148 1248 1433 1723 2048 2231 2269 2428 2520 2698 2853 2957 3127 3371 3811 3821 4858 4883 5241 5388 5469 5635 5788
478 326 453 719 884 950 1020 1365 1439 1630 1669 1710 1838 2059 2203 2294 2480 2630 2677 2747 2750 2768 3079 3350 3519 3580 3912 4098 4213 4344 4598 4719 4738 5016 5272 5387 5610 5633 5671 5727 5830 5981
479 28 36 189 200 410 520 645 1176 1293 1722 1755 2196 2387 2473 2498 2896 2919 3077 3096 3254 3920 4000 4050 4064 4396 4464 4637 4798 4867 4877 4962 4995 5079 5082 5515 5588 5759
480 86 124 269 450 528 884 948 1120 1379 1391 1427 1599 1680 2220 2499 2582 2813 2853 2872 3482 3796 3813 3959 3960 4064 4282 4503 4801 4893 5700 5825 5960
481 190 454 484 798 926 951 992 1252 1861 2074 2265 2572 2711 3001 3222 3343 3538 3568 3885 3926 4132 4272 4321 4323 4651 4676 4992 5217 5635 5646
482 178 287 599 759 797 891 1240 1482 1866 1999 2112 2175 2465 2564 2749 2907 3266 3375 3440 3715 3984 3987 4083 4432 4595 4616 4637 4873 4951 5143 5268 5990
483 218 276 502 597 953 1397 1488 1680 1707 1762 1779 2620 3284 3586 4222 4462 4766 5296 5591
484 83 261 390 481 1649 1725 1778 1975 1995 2042 2125 2465 2466 2744 2942 3299 3683 4372 4827 5145 5361 5450 5549 5555
485 127 214 718 1285 1313 1520 1562 1615 1754 1767 1784 1921 2208 2343 2439 2939 3251 3587 3740 4498 5093 5149 5155 5223 5285 5473 5526 5696 5827 5864
486 199 416 526 784 894 962 965 1005 1289 1390 1479 1619 1656 2186 2194 2450 2460 2570 2828 2938 3032 3045 3185 3212 3502 3515 3608 3691 3807 3824 4252 4358 5555 5575 5963
487 14 79 87 159 198 199 348 398 438 717 1479 1540 1689 1870 1940 2251 2502 2793 2804 3157 3434 3769 3791 4411 4453 4612 4635 5006 5444 5691 5988
488 458 626 1892 2146 2165 2221 2486 3562 3622 4297 4344 4552 4608 4791 5391 5770 5828 5890 5995
489 211 595 765 1495 1671 2146 2338 2369 2467 2617 2709 2863 2916 3216 3271 3371 3462 3558 3639 4069 4736 5437 5581
490 350 370 534 599 1039 1509 1712 1881 2061 2233 2417 2520 2859 2945 3117 3485 3540 3917 4031 4165 4301 5132 5135 5206 5339 5660 5667 5988
491 559 791 838 1064 1521 1570 1859 1923 2155 2246 2422 2655 2868 2989 3047 3247 3272 3825 3981 4159 4189 4575 4889 4923 5294 5581 5878
492 63 105 442 519 685 877 955 1081 1082 1249 1313 2429 2501 2603 2644 2824 2886 2971 3133 3202 3254 3278 3396 3404 3492 3683 3830 3946 4067 4304 4723 4779 4989 5429 5589 5909
493 140 258 736 1161 1194 1420 1694 1738 1758 1834 1922 3130 3132 3275 3357 3562 3568 3891 4004 4254 4358 4487 4531 4947 5012 5140 5667 5865 5880 5923
494 4 545 625 758 859 946 947 1069 1197 1216 1244 1384 1587 1653 1663 1782 1784 2082 2211 2343 2610 2617 2738 2936 2947 2984 3367 3485 3748 3882 4013 4154 4274 4404 4829 4847 4892 5078 5134 5283 5537 5676 5816
495 156 266 671 780 840 1345 1438 1809 1958 2322 2489 2614 2736 2967 3005 3453 3492 3909 3970 4137 4321 4406 4449 4651 4762 5258 5812 5854
496 198 217 333 786 1295 1413 1426 1764 1805 2169 2441 2818 3043 3333 3354 3414 3498 3527 3727 3863 3917 4046 4120 4137 4250 4396 4564 4642 4725 4844 5136 5178 5255 5524 5762
497 183 292 327 356 475 901 953 999 1464 1684 2120 2173 2369 2571 2967 3096 3182 3440 3687 3699 3940 4011 4508 4919 5511 5523 5837 5901 5960
498 96 250 619 1088 1344 1377 1587 1688 2155 2301 2440 3502 3517 4022 4313 4792 4859 5590 5593 5756 5899 5966
499 255 1202 1834 1950 2256 2373 2406 2757 2819 2831 2908 2980 3464 3574 4316 4404 4449 4499 4569 4679 4682 4761 4823 4975 5281 5357 5551 5730 5748 5797
500 338 360 455 1297 1457 1468 1784 2015 2181 2779 3706 4066 4349 4536 4911 5007 5125 5148 5406 5701 5769
501 759 798 969 1370 1618 2010 2046 2228 2282 2441 3253 3516 3548 3648 3702 3706 4136 4267 4364 4366 4427 4483 4578 4642 4882 4948 5065 5662 5916
502 153 483 695 789 816 1027 1093 1303 1391 1587 1853 1891 1949 2204 2415 2604 3206 3267 3654 3877 4142 4388 4419 4587 5438 5542 5751 5819
503 764 824 1009 1463 1579 1857 2015 2249 2670 2806 2933 3534 3689 3897 4048 4090 4602 4694 5288 5294 5350 5415
504 637 1287 1565 2283 2531 2721 2920 3028 3318 3511 3584 3960 3970 4004 4164 4181 4214 4547 4641 4829 4830 5122 5641 5721 5981
505 231 349 437 961 1136 1150 1242 1243 1463 1520 1531 1727 1731 1749 1819 1954 2011 2060 2322 2515 2687 2709 2877 3039 3043 3105 3171 3502 3680 3723 3835 3904 4139 4333 4460 4462 4487 4501 5397 5416 5457 5704 5817 5938
506 310 542 649 731 853 1586 1953 2163 2816 3862 3896 3995 4230 4387 4396 4864 4919 5272 5346 5435 5793 5800
507 207 299 472 763 1072 1140 1208 1241 1494 1850 2259 2480 2525 2701 2780 3025 3096 3119 3199 3216 3479 3877 3939 4064 4695 4842 5286 5523 5658 5879
508 62 180 234 376 470 629 1261 1283 1286 1606 1678 1850 1891 2197 2587 2652 2705 2785 2790 2837 3130 3240 3242 3526 3781 4741 4962 5221 5881 5915
509 105 547 648 1012 1186 1508 1751 1886 2018 2176 2255 2515 2584 2655 3133 3560 4217 4322 4785 4800 5090 5140 5163 5325 5351 5494 5580 5853
510 131 197 225 437 1053 1092 1109 1402 1497 1523 1712 1820 1857 1889 2188 2445 2501 2548 3628 4437 4572 4585 4616 5136 5378 5473 5556 5777 5865 5976
511 122 167 184 186 677 757 816 1211 1234 1324 1343 2441 2475 2489 2709 2884 3086 3554 3782 3874 4120 4132 4135 4412 4813 4836 4891 4989 5050 5266 5461 5698 5715
512 2 66 109 313 380 521 828 1682 1896 2486 3041 3241 3605 3686 3716 3813 3848 3867 4765 5079 5389 5438 5663 5749 5834
513 604 639 723 774 874 1137 1449 1845 1882 1941 1973 2055 2100 2167 2241 2394 2589 3294 3348 3485 3542 4161 4592 4741 4953 5427 5475 5606
514 357 860 1380 1875 1920 1942 2033 2146 2349 2481 2680 2684 2966 3371 3758 3891 4081 4202 4296 4328 4368 4372 4385 4507 4921 5536 5678 5833 5842 5931 5986
515 320 647 718 743 1027 1115 2014 2313 2340 2376 2384 2403 2407 2572 2739 2860 3027 3150 3195 3524 3780 3830 3987 4035 4146 4174 4190 4225 4332 4455 4746 4894 4939 5113 5178 5274 5398 5668
516 7 125 344 1024 1330 1405 1492 1639 1812 1861 1919 1953 1955 2025 2346 2471 2513 2639 2826 3014 3278 3387 3420 3769 3869 4696 4842 4998 5156 5338 5348 5415 5642 5794
517 235 647 701 879 1092 1210 1276 1507 1867 2097 2183 2262 2381 2399 2412 2632 2836 2978 3302 3362 3745 3822 3955 4009 4315 4503 4661 4725 4920 5251 5388 5433 5706 5905 5984
518 309 313 340 537 800 823 1217 1262 1465 1492 2204 2242 2426 2626 2995 3166 3181 3563 4210 4447 4518 4611 4750 5006 5030 5048 5169 5237 5485 5612 5812
519 42 445 492 938 1129 1318 1500 1650 2300 2787 2832 3113 3215 3288 3399 3502 3768 4191 4237 4282 4803 4863 5300 5539 5643 5946
520 238 479 658 832 1927 2030 2206 2302 2451 2669 2843 2935 3384 3831 3918 3953 4037 4153 4397 4420 4575 4822 4905 5332 5598 5874 5922 5934
521 512 637 882 931 1150 1206 1273 1664 1748 1766 2014 2138 2146 2410 2684 2907 2959 2960 3071 3246 3385 3701 4827 4839 5157 5823 5826 5860
522 94 208 408 596 719 952 1156 1282 1494 1622 1708 2096 2598 2636 2688 2696 2754 2814 3012 3117 3553 4213 4256 4277 4467 4526 4884 4972 5035 5371 5860 5909
523 133 173 183 825 893 1493 1504 1582 1656 1776 1955 2079 2436 2491 2712 2800 2892 2902 3167 3389 3719 4525 4573 4598 4613 4733 4777 5009 5302 5520 5592 5841 5986
524 263 562 673 750 957 1210 1270 1789 1859 2125 2455 2757 3285 3520 3739 3952 3984 3990 4045 4253 4326 4337 4503 4547 4964 5175 5274 5298 5548
525 24 304 306 374 560 1262 1274 1470 1662 1817 2476 2845 3091 3310 3714 3887 3990 4040 4325 4736 5123 5278 5353 5540 5629 5652 5935
526 331 486 870 932 1188 1349 1873 1973 2115 2596 2632 3069 3380 3386 3594 4049 4099 4149 4696 4882 5622 5980
527 252 329 346 380 423 464 672 777 897 1354 1840 2214 2368 2815 3034 3448 3459 3511 3516 3793 3945 4120 4272 4474 4556 4639 4870 5359 5398 5534 5805 5809
528 62 299 329 408 480 742 755 1006 1225 1404 1437 1544 1764 2117 2219 2522 2893 2948 2986 3191 3295 3875 4000 4112 4166 4193 4502 4816 5403 5674
529 211 609 639 902 961 1004 1168 1390 1472 1763 1990 2060 2174 2858 3364 3728 3944 4247 4433 4530 4876 5331 5453 5523 5813 5848
530 214 221 316 349 606 928 1072 1219 1500 1578 1593 1615 1747 1756 2068 2414 2688 2738 2912 3153 3189 3407 3631 3759 4392 4672 5208 5321 5647 5814
531 564 1280 1739 1949 2006 2042 2132 2593 2688 3023 3305 3433 3580 3857 3916 3997 4086 4292 4324 4536 4859 4866 4979 5136 5423 5812 5903 5979
532 178 359 367 608 1148 1187 1583 1721 1935 2090 2843 3027 3080 3096 3300 3466 3561 3911 4354 4467 4515 5175 5546 5589
533 56 474 630 656 1575 1665 1820 1940 1992 1998 2400 2409 2596 2707 2825 3092 3387 3527 3590 3854 3885 4553 4664 4980 5577 5746
534 276 461 477 490 559 753 1282 1756 1820 1901 1999 2287 2305 2674 2764 2951 3110 3167 3253 4043 4073 4563 4580 4723 4767 5010 5321 5347 5766
535 60 88 294 557 563 685 702 705 817 1243 1353 2267 2295 2426 3027 3050 3831 3888 4274 4438 4481 4730 4992 5009 5265 5583 5757 5888
536 25 125 301 442 731 738 1002 1512 1578 1662 1747 1793 1914 1957 2020 2023 2062 2136 2156 2188 2326 2578 2678 2826 2907 3133 3383 3682 3751 3823 3854 4127 4208 4615 4843 5072 5248 5696 5744 5828
537 86 518 665 685 707 714 1698 1808 1991 2009 2184 2185 2437 2622 2724 2736 2979 3012 3118 3184 3685 3756 3762 4004 4076 4326 4586 4886 5032 5257 5510
538 1 94 157 308 340 346 386 1005 1103 1236 1587 1791 2308 2702 3184 3253 3629 3745 3785 4057 4424 4565 4955 5516 5517
539 135 187 324 349 382 418 1047 1088 1546 1624 1665 1721 2122 2195 2229 2382 2514 2620 2711 2738 2783 2806 2835 2943 3374 3524 3677 3678 3718 3764 4335 4551 4593 4635 4727 4810 4982 5226 5433 5818
540 177 951 955 1168 1387 1433 1512 1550 1645 1687 1842 2156 2304 2751 2809 2908 3043 3120 3312 3421 3513 3941 4490 4759 4978 5258 5963
541 10 55 394 544 842 1355 1491 1644 1760 1953 1987 2055 2083 2263 2591 2729 2892 2952 2964 3121 3365 3457 3522 3537 3916 4052 4155 4227 4500 4744 5177 5466 5467 5487 5629 5952
542 140 506 612 782 1035 1226 1257 1391 1468 1676 1832 2179 2180 2825 2989 3128 3825 3962 4037 4096 4113 4335 4400 4681 4735 4954 5440 5481 5791
543 642 728 729 1237 1513 1858 1927 2078 2451 2601 2673 3258 3370 3430 3493 3583 3683 3949 5044 5164 5458 5800 5938
544 260 541 702 739 963 995 1094 1276 1401 1523 1653 1665 1738 1878 2308 2330 2539 2548 2550 2587 2600 2739 3173 3214 3442 3536 3614 3646 3666 3694 3797 4053 4554 4588 4951 5182 5304 5425 5432 5824
545 333 494 616 657 1067 1280 1324 1371 1514 1525 1804 2156 2216 2248 2519 2627 2814 2883 2961 3121 3308 3644 3844 3855 3968 4035 4282 4344 4468 4655 4737 4823 4918 5080 5174 5240 5296 5419 5547 5840
546 9 97 875 1104 1182 1731 2029 2107 2235 2267 2771 2937 2967 3089 3752 3920 3990 4155 4249 4325 4553 4655 4718 4726 4960 5345 5466 5498 5902
547 238 318 423 451 509 594 1198 1368 1440 1735 1804 2058 2095 2237 2575 2685 2745 2754 2759 2865 3192 3211 3377 3401 3474 3552 3605 3716 4441 4744 4814 4914 4959 5212 5435 5530 5827 5898 5952
548 649 739 934 935 1010 1052 1299 1480 1840 2422 2530 2607 3029 3046 3695 3705 4198 4211 4347 4696 5040 5572 5601 5810
549 1 124 193 197 437 712 723 768 933 1169 1211 1256 1849 1870 2231 2363 2470 2630 2698 2874 3282 3303 3364 3444 3711 4335 4742 4982 5046 5322 5834
550 222 471 698 713 802 927 1012 1212 1360 1657 1691 1883 2219 2822 3856 4158 4226 4576 4742 5075 5293 5386 5617 5800 5946 5950
551 215 262 597 857 1295 1302 1424 1695 1711 1915 2273 2277 2596 2806 2986 3040 3091 3130 3160 3174 3755 3887 4031 4234 4347 4551 4659 4829 4973 5060 5577 5792 5942
552 324 573 602 980 1001 1028 1102 1171 1261 1294 1740 1817 2372 2555 3217 3290 3800 3981 4093 4185 4447 4570 4605 4619 4694 4713 5183
553 213 365 1095 1286 1432 1455 1928 1993 2015 2046 2559 3418 3489 3566 3876 4109 4263 4407 4595 4607 4954 5083 5148 5306
554 272 830 893 923 1047 1307 1384 1549 1962 2013 2486 2793 3099 3120 3122 3260 3379 3906 3985 4106 4312 4568 4694 5218 5242 5298 5523 5551 5773 5874 5905
555 611 641 677 994 1188 1648 1690 1990 2061 2070 2104 2132 2295 2381 2433 2518 3060 3302 4079 5236 5538 5999
556 74 75 313 608 628 663 688 841 856 1401 1524 1643 1662 1677 1821 2009 2395 2673 2908 2914 3435 3990 4255 4782 4783 5199
557 44 61 75 460 535 564 747 798 907 941 1493 1581 1776 1918 2025 2095 2123 2296 2425 2523 3119 3182 3645 3700 3911 4851 5032 5035 5182 5254 5582 5724 5879 5980
558 57 693 707 1158 1340 1916 1923 2352 3054 3064 3093 3606 3616 3621 3900 4180 4629 5120 5287 5820 5943
559 21 172 368 491 534 730 945 1032 1192 1219 1268 1412 1483 1619 2114 2222 2257 2261 2874 3039 3109 3263 3275 3403 3534 3887 3955 4091 4097 4322 4438 4617 4827 5198 5455 5766 5826 5862 5865
560 103 134 230 321 525 925 1401 1544 1577 1743 1898 2143 2151 2462 2537 2823 2942 3095 3163 3249 3255 3463 3557 3601 3657 3817 3944 4427 4474 4783 4812 4889 5081 5085 5578 5984
561 244 324 617 1099 1281 1288 2016 2099 2157 2197 2344 2640 2730 2757 2956 3011 3182 3622 3796 3919 4077 4148 5351 5894 5914
562 145 524 599 958 1081 1115 1136 1339 1351 1547 1609 1695 1923 2157 2226 2265 2418 2529 2591 2620 2679 2829 3456 3504 3843 3948 3999 4002 4238 4536 4769 4812 4848 4853 5072 5213 5237 5645 5745 5755 5816 5924 5938
563 535 627 721 894 1154 2398 2633 2683 2944 2973 3002 3230 3374 3404 3572 3765 3997 4046 4205 4288 4407 4877 5456 5557 5649 5659 5870
564 169 531 557 671 696 902 998 1169 1200 1709 2226 2311 2652 2685 2797 2926 2978 3016 3229 3382 3471 3509 3941 4501 4652 4913 5018 5042 5165 5281 5403 5754
565 224 633 979 1176 1250 1320 1521 1579 1939 1947 2034 2275 2348 2377 3013 3143 3713 3776 3814 3892 4116 4211 4374 4629 4857 5107 5334 5964
566 282 752 794 873 1207 1322 1353 1434 1466 2051 2795 3420 3424 3602 3633 3764 3836 3928 4020 4039 4086 5540 5599 5845 5924 5992
567 114 127 142 1054 1198 1659 1701 1714 1899 2186 2265 2374 2446 2927 2984 3409 3839 3964 3972 4097 4186 4460 4525 4545 4575 4728 4934 5784 5858
568 253 283 284 333 374 1135 1171 1490 1953 2217 2367 2619 2722 3146 3388 3558 3735 3810 3969 4952 5068 5100 5142 5580 5923
569 400 451 1158 1402 1607 1746 1942 2006 2412 2820 2831 2909 2912 3135 3334 3477 3545 3700 3818 3865 4364 4474 4616 4948 5740 5744 5835 5848 5903
570 763 916 1246 1367 1464 1937 2103 2182 2438 2922 3206 3281 3295 3339 3705 3884 4012 4013 4073 4225 4659 5037 5419 5497 5734 5843
571 87 227 472 586 660 751 898 1021 1124 1329 1398 1553 1589 1740 1901 2046 2315 2683 2894 3215 3624 3726 4199 4336 4866 5268 5270 5310 5519 5834
572 109 197 210 240 667 845 987 1075 1167 1311 1317 1386 1563 1641 2043 2094 2180 2685 2776 2852 2927 3441 3591 3603 3680 3688 3738 3968 3976 4220 4339 4433 4758 4799 4825 4944 5389 5618 5984
573 126 190 552 679 864 998 1141 1441 1617 1620 1750 1999 2323 2374 2404 2538 2692 3212 3246 3352 3549 3552 3629 3917 4090 4199 4225 5575 5595
574 50 59 227 410 642 779 1110 1209 1515 1635 1652 1815 2067 2173 2265 2568 2680 2720 2960 3221 3269 3374 3415 3600 3926 3975 4009 4097 4207 4559 4642 5401 5479 5798 5862
575 44 364 637 786 1047 1169 1560 1607 1879 2208 2281 2572 2637 2786 2919 3138 3146 3369 3413 3506 3548 3878 3946 3950 4121 4135 4225 4409 4762 5149 5529 5629 5910 5940
576 25 581 729 763 775 1971 2150 2274 2846 3106 3152 3196 3541 3570 3788 3909 3910 4029 4110 4638 5149 5402 5452 5492 5724 5789 5913
577 816 1167 1254 1652 1807 2036 2056 2570 3226 3394 3550 3578 4859 4903 5323 5411 5447 5546 5931 5989
578 213 733 797 1009 1375 1386 1743 1886 2055 2103 2125 2884 2992 3331 3338 3455 3466 3907 4071 4087 4173 4263 4380 4462 4562 4623 4886 4935 5303 5449 5582 5895
579 161 316 744 888 1056 1162 1334 1678 1916 1935 2086 2546 2981 3544 3596 3711 3911 3975 4153 4278 4791 4930 5654 5775 5860 5882 5887
580 406 767 876 1418 1613 1660 1843 1868 1873 1944 1954 2299 2440 2538 2639 2958 3695 3821 3837 3956 4392 4679 4719 4871 4891 5217 5835
581 30 310 576 584 588 639 701 753 936 962 1050 1475 1690 1992 2232 2430 3035 3174 3360 3620 3832 4083 4101 4142 4516 4682 4699 5033 5053 5214 5491 5557 5891
582 844 1279 1426 1535 1742 2417 2664 3026 3027 3661 3738 4187 4468 4527 4817 4824 4990 5258 5762 5783 5884
583 191 318 388 728 880 888 1218 1291 1422 1665 2035 2082 2244 2563 2659 2941 3030 3038 3627 3871 4074 4115 4442 5250 5367 5445 5627 5738
584 52 210 264 581 770 1027 1051 1306 1422 1616 1856 2249 2252 2441 2502 2622 3023 3462 3538 3609 3704 4121 4771 4802 5139 5180 5199 5608 5694 5922
585 10 88 146 719 1092 1306 1438 1481 1879 2353 2357 2365 2982 3251 3434 3544 3602 3781 4337 4456 4793 4833 5246 5818 5949
586 571 769 839 1061 1191 1592 1724 1852 1933 1965 1993 2147 2170 2350 2527 2554 3066 3268 3640 3658 3843 3885 4038 4051 4227 4404 4577 4770 5624 5783
587 70 250 323 607 1406 1735 1826 1851 1865 2464 2559 2921 3134 3796 4050 4207 4241 4284 4309 4694 4726 5103 5153 5749
588 151 169 223 301 377 581 631 930 970 1151 1220 1445 1493 1755 1859 2123 2361 2930 3531 4393 4412 5495 5915
589 20 352 657 732 811 888 1151 1322 1452 1552 1978 2039 2103 2395 2609 2845 3126 3238 3371 3655 3741 4395 4535 4684 4699 4803 4855 5339 5417 5667 5962
590 195 642 907 960 1052 1343 1695 1719 1921 2093 2218 2219 2242 2530 2548 3167 3346 3389 4122 4262 4312 4896 4964 5283 5479 5914
591 337 773 797 1432 1585 1709 1789 2011 2228 2271 2520 2635 2926 2954 3022 3098 3353 3453 3466 3632 3821 4068 4091 4093 4357 4424 5536 5644 5714 5952
592 17 79 242 410 415 869 902 909 1003 1650 2016 2342 2373 2717 2814 2862 2955 3242 3940 3956 3988 3990 4111 4307 4511 5060 5201
593 244 302 408 851 894 992 1587 1606 1977 2010 2030 2191 2332 2469 2625 2805 2891 3073 3755 4582 4604 4634 4686 4825 4892 5527 5933
594 52 112 367 547 1254 1265 1671 1954 2102 2349 2525 2602 3158 3201 3227 3439 3476 3477 3897 4117 4500 4605 4666 4727 4958 5006 5150 5345 5710 5718 5833
595 43 489 762 1170 1230 1283 1434 1803 1857 1906 2696 3004 3164 3267 3555 3658 4028 4423 4541 5367 5483
596 522 711 1291 1449 1556 1573 1700 1877 2033 2056 2136 2294 2500 2522 2729 2844 3164 3380 3502 3697 3792 4033 4201 4221 4618 4870 4938 4976 5270 5604 5835 5918
597 48 138 213 233 259 339 409 483 551 1089 1324 1618 1637 1772 1988 2126 2241 2556 2593 2942 3155 3165 3189 3337 3568 3595 3915 4061 4106 4229 4244 4284 4859 4979 5097 5353 5531 5650 5747 5868 5886 5973
598 119 178 633 693 822 897 1213 1416 1560 1700 1778 1889 2432 2512 2528 2682 2787 2796 2804 2882 3074 3679 4043 4271 4323 4500 4546 4559 4606 4879 5161 5203 5260 5440
599 100 165 173 314 354 482 490 562 608 1090 1939 2481 2715 2863 3047 3139 3664 3816 4097 4405 4737 5092 5315 5330 5820
600 33 370 896 957 1104 1255 1517 1522 1533 1541 1545 1618 1902 1931 2032 2293 2297 2410 2500 2652 2710 2913 3151 3339 3656 3949 4113 4647 4712 4799 5116 5244 5278 5296 5377 5506 5524 5787
601 37 237 935 957 1182 1193 1308 1347 1753 1838 2348 2482 2923 3130 3246 4355 4416 4537 4580 4586 4666 4980 5077 5365 5690 5878
602 104 552 1336 1359 1401 1627 1800 1804 1902 2245 2416 2827 3157 3172 3180 3647 3808 3881 3955 4019 4038 4328 5072 5244 5906 5939
603 386 791 824 1652 2048 2105 2361 2688 2854 3053 3145 3395 3720 4219 4734 4830 5107 5698
604 345 513 710 782 1334 1537 1667 1690 1847 2260 2272 2950 3003 3011 3400 3690 3751 3850 4091 4268 4334 4640 4680 4726 4731 4831 4857 5213 5541
605 310 395 613 973 1002 1008 1025 1170 1326 1671 1940 2082 2414 3062 3167 3438 3585 3739 4033 4111 4331 4554 4643 4724 4746 4905 4941 5120 5431 5487 5597 5857 5957
606 338 347 530 815 1821 2172 2505 2591 2825 2977 3005 3103 3492 3557 4401 5113 5159 5567 5718
607 128 283 587 1232 1344 1379 1491 1506 1699 1703 2582 2630 2822 2851 2947 3129 3281 3452 3849 3911 4175 4254 4509 4576 4615 5006 5106 5613
608 532 556 599 707 936 965 1122 1155 1536 1807 2091 2269 2477 3210 3337 3431 3536 3784 4067 4224 4749 5112 5132 5140 5405 5439 5793 5835 5841
609 198 260 529 621 820 872 879 1055 2213 2245 2486 2568 2591 2594 2600 2654 2958 3068 3244 3530 3589 3717 4438 4482 4671 4765 4842 4889 4927 4940 4955 5052 5160 5340 5877 5964
610 370 884 1085 1175 1335 1406 1631 2154 2481 2538 2573 2626 2694 3077 3275 3329 3461 3556 3734 3793 3871 3907 4043 4055 4609 4686 5010 5423 5446 5501 5625 5650 5687 5795
611 6 266 555 1079 1281 1313 1425 1825 2002 2157 2383 2866 2974 3051 3230 3423 3454 3736 3910 4050 4088 4161 4396 4510 4910 5043 5162 5263 5758 5760
612 90 323 542 743 786 1007 1288 1710 1939 2011 2127 2148 2277 2359 2398 2637 2742 2827 2875 3541 3713 3745 3931 4050 4376 4389 4658 4785 4847 4960 5238 5242 5607 5627 5957
613 164 218 323 605 621 1066 1099 1216 1254 1541 1590 1727 2443 3113 3184 3414 3454 3665 3704 4156 4402 4412 4589 4779 4975 5077 5094
614 239 353 641 664 675 763 801 1737 1811 1935 1945 2035 2487 2523 2673 2737 2789 2971 3626 3703 3819 4534 4782 4939 5056 5252 5762 5790
615 288 619 743 767 819 1468 1573 1592 1683 2091 2817 2854 2937 3253 3361 3430 3441 3563 3615 3795 3960 4413 4579 4819 4926 5747 5786 5858
616 225 264 267 545 696 873 1019 1096 1305 1411 1573 1806 2210 2292 2584 2660 2905 3074 3552 3624 3749 3780 3879 3952 4220 4366 4583 5143 5437 5475 5791 5911 5923
617 103 290 561 662 1074 1693 1938 2495 2637 3076 3081 3146 3214 3227 3972 4079 4382 4564 4671 4929 5679 5780 5972
618 246 342 780 809 885 1444 1462 1632 1652 1661 1706 2108 2297 2439 2800 3054 3158 3561 3563 3735 3817 3821 3824 4122 4362 4568 4853 5010 5254 5540 5619
619 498 615 651 733 821 831 844 858 1102 1166 1442 1657 1856 1941 1955 2469 2470 2604 3012 3077 3348 4099 4231 4305 4556 4581 4710 4871 5147 5528 5802 5808
620 31 978 1165 1366 1446 1546 1901 2103 3097 3173 3265 3328 3344 3448 3781 4272 4560 4567 4835 5282 5440 5485 5768 5951 5966 5979
621 270 609 613 712 854 858 890 1020 1289 1447 1514 1611 1700 1744 1764 2153 2246 2249 2288 2326 2355 2491 2593 2655 2829 2936 2941 3001 3039 3123 3610 3759 4114 4135 4690 4840 4841 4884 4931 5355 5644 5766
622 213 313 645 929 1341 1434 1474 1579 1614 1634 1740 2548 2681 2872 2934 3342 3665 3673 3816 3885 4036 4166 5217 5516 5548 5686 5892
623 81 123 360 1316 1325 1661 1822 2586 2647 2734 3261 3435 3541 3548 3661 3665 3770 3801 3873 4058 4060 4311 4692 4694 4707 5205 5398 5416 5596
624 2 233 341 635 790 950 1043 1213 1707 1976 2143 2345 2463 2617 2698 2835 2900 3198 3434 3764 3976 4002 4385 4630 4675 4698 4765 5283 5402 5790
625 131 216 408 494 749 1181 1210 1260 1336 1513 1955 2222 2295 2585 2595 2704 2949 3559 3641 3948 4427 4462 4476 5182 5768 5794 5831 5921 5988
626 167 488 657 760 975 1205 1246 1343 1424 1435 2014 2198 2286 2464 2515 2658 2818 2930 3107 3213 3261 3435 3680 3716 4054 4486 4616 4713 4717 4772 4926 4972 5122 5606 5662 5689 5701 5764 5787 5968
627 394 563 825 980 1304 1453 1570 2875 3047 3067 3101 3112 3226 3271 3365 3639 3714 3732 3930 4015 4087 4377 4481 4837 5213 5373 5391 5586 5608 5904
628 13 31 463 556 803 859 1077 1181 1284 1823 2037 2619 2633 2657 2866 2926 3125 3609 4020 4219 4319 4443 4480 4650 4883 4931 5141 5193 5289 5320 5413 5796 5827 5918
629 72 147 277 290 444 508 1154 1252 1597 1609 2146 2551 2628 2858 3593 3874 4156 4176 4251 4399 4434 4464 4576 4852 4948 5622 5627 5735
630 533 692 711 769 807 1254 1515 1529 1776 2041 2209 2351 2484 2521 2575 2737 2940 2961 3371 3628 3675 3700 3741 3864 4195 4712 4834 4897 5227 5256 5544 5935
631 61 257 365 461 588 973 1091 1138 1205 1253 1326 1453 1467 1539 1723 2174 2243 2399 2631 2655 2681 2774 2815 2858 3029 3493 3495 3589 3615 3931 4314 4353 4579 4627 4677 4767 4815 4827 5260 5313 5999
632 39 115 132 249 909 1013 1399 1493 1851 2006 2930 3034 3043 3107 3125 3200 3701 3736 4505 5008 5037 5289 5546 5780 5824 5864 5955
633 70 73 320 348 565 598 671 679 877 1161 1174 1392 1795 2169 2218 2546 2695 2954 3339 3424 3577 3760 3880 3951 4074 5083 5282 5462 5561 5729
634 54 154 175 221 303 374 1314 1394 1421 1840 2313 2467 2526 2632 2643 2815 3118 3666 4135 4300 4524 4565 4567 5027 5087 5245 5596 5690
635 139 204 206 249 458 624 761 926 1011 1019 1249 1288 1510 2357 2497 3242 3325 3868 4035 4187 4349 4350 4412 4475 4555 4756 5200 5402
636 83 171 260 870 871 887 907 968 1052 1088 1219 1708 1711 2019 2307 2469 2736 2790 2814 2897 3194 3505 3573 3574 3636 3846 4144 4225 4601 4927 5291 5757 5971
637 354 504 521 575 755 1025 1186 1217 1345 1347 1487 1611 1721 2052 2387 2614 2962 3004 3320 3492 3720 3953 4414 4430 4440 4546 5048 5120 5221 5477 5489 5522 5534 5587 5731
638 33 240 251 422 659 810 903 1396 1641 1724 1919 2324 2733 3042 3161 3282 3481 3662 3829 3969 4232 4278 4561 4895 5146 5732 5811
639 13 102 513 529 581 875 922 1055 1284 1314 1612 1814 1974 2908 2972 3139 3209 3306 3334 3435 3553 3706 3860 4004 4023 4086 4094 4173 4191 4314 4394 4614 4989 5220 5224 5880
640 20 300 375 408 960 986 1025 1336 1495 1597 1846 1870 2415 2569 2633 2641 2666 2803 3089 4006 4464 4860 5331 5439 5781
641 308 400 458 466 555 614 878 955 1262 1477 1756 1892 1895 1926 2002 2008 2195 2350 2625 2732 3128 3701 3730 4094 4368 4538 4553 4608 4694 4775 5424 5467 5469 5514
642 425 543 574 590 700 1258 1281 2282 2555 3176 3215 3355 3434 3457 3653 3954 4140 4390 4484 4794 4978 5004 5032 5191 5246 5390
643 113 471 732 1004 1086 1148 1355 1609 1684 1799 2026 2081 2139 2141 2195 2392 2394 2503 2529 2593 2730 2917 3172 3812 3913 4131 4189 4359 4585 4741 4903 5357 5382 5400 5410 5600
644 140 459 671 831 930 1504 1518 1541 1681 1720 1756 1866 1888 1950 2099 2913 3565 3746 3848 3873 3975 3989 4432 4694 5242 5459
645 19 305 479 622 948 1495 1639 1915 1945 2602 2924 2986 3195 3234 3286 3830 3847 3918 4192 4514 4690 4759 5013 5115 5188 5394 5898
646 96 332 457 458 820 937 1456 1511 1529 1957 2016 2292 2366 2616 2674 3221 3784 3822 4143 4184 4234 4355 4641 4764 4986 5089 5101 5226 5390 5489 5511 5621 5658 5949
647 515 517 704 1019 1076 1240 1418 1645 2002 2085 2512 2544 2897 2910 3200 4236 4260 4622 5322 5338 5413 5676 5736
648 49 64 260 509 883 1197 1271 1389 1456 1796 1850 2962 3363 3478 3896 3924 4135 4198 4392 4606 4693 5164 5195 5464 5742
649 29 82 224 506 548 1012 2397 2399 2642 2912 3135 3278 3646 4130 4440 4560 4663 4856 4985 5735 5876 5976
650 57 280 324 669 687 868 887 1124 1268 1850 2107 2139 2436 2668 2798 2971 2980 3002 3515 3537 3606 4100 4401 4611 4758 4765 5029 5121 5187 5318 5441
651 120 619 657 685 982 1031 1350 1505 1736 1852 2585 2600 2687 2979 3039 4006 4071 4798 5202 5258 5397 5563 5714 5739 5766
652 251 269 283 311 441 898 968 1153 1344 1724 2022 2108 2458 2560 2615 2931 3044 3169 3380 3487 3540 3691 4252 4392 4670 4850 5024 5099 5242 5343 5425 5846
653 184 224 270 306 388 827 1357 1674 2381 2435 3605 4200 4229 4717 4744 5017 5019 5570 5737
654 151 844 884 910 1093 1192 1220 1325 1393 1797 1900 2345 2433 2512 2955 2962 3010 3526 4061 4530 4960 5072 5085 5162 5291 5344
655 157 1171 1246 2032 2063 2177 2635 2681 2934 3027 3219 3251 3274 3957 4768 4843 4848 5697
656 146 212 240 277 454 533 934 1006 1016 1345 1410 2571 2592 2663 3562 3566 3642 3738 4071 4211 4587 4617 4694 4695 4792 4922 5146 5385 5553 5853 5956
657 306 365 413 464 545 589 626 651 895 927 1149 1293 1324 1549 2083 2161 2782 2800 2905 2910 3560 3574 4142 4197 4409 4499 4516 4680 5135 5338 5444 5580 5830 5837 5997
658 30 258 386 447 520 941 1290 1722 1740 1926 2096 2157 2183 2235 2343 2404 2526 2601 2774 2775 3659 3759 4021 4054 4234 4666 4991 5178 5197 5360 5382 5490 5515 5608 5709 5719 5876
659 298 638 686 996 1041 1064 1116 1146 1203 1305 1563 1657 1954 2100 2173 2323 2784 2817 2832 2987 3061 3092 3159 3312 3511 3673 4177 4405 4412 4703 4829 5142 5180 5188 5673 5860 5934 5972
660 334 390 445 571 782 1093 1148 1272 1402 1982 2254 2458 2558 2600 3118 3481 3782 4478 4675 4932 4936 5335 5552 5604 5831 5882 5922 5960 5996
661 836 1072 1152 1292 1426 1652 2261 2555 2600 2874 2995 3073 3362 3464 3678 3893 3901 3974 4013 4321 4881 4974 5236 5262 5830
662 409 424 617 911 1120 1210 1344 1811 2003 2045 2079 2444 2565 2934 3091 3367 3432 3580 3736 3876 3937 3958 3997 4675 4679 4777 5461 5485 5500
663 556 671 907 968 1761 1821 2121 2424 2503 2575 3324 3513 3889 3928 4275 4487 4665 4695 5073 5242 5400 5969
664 308 614 1253 1447 1468 1999 2172 2379 2532 2726 3212 3516 4001 4319 4356 4377 4429 4515 4517 4651 4845 4935 5084 5182 5351 5471 5504 5591 5955
665 94 126 313 422 439 537 727 788 1041 1217 1631 2318 2584 3001 3315 3778 3889 4047 4250 4429 4442 4443 4455 4574 4591 4972 5083 5185 5234 5340 5515 5598 5705 5855 5892 5975
666 194 236 464 1131 1175 1269 1345 1548 1604 1614 2062 2314 2498 2773 2815 3311 3314 3355 3362 3635 3757 3798 4109 4285 4515 4674 4777 4818 4834 5066 5407 5499
667 32 114 421 572 692 818 1141 1190 1464 1639 1747 1859 1886 2111 2286 2307 2404 3037 3098 3120 3220 3737 3967 4177 4344 4637 4791 4803 5084 5099 5181 5605 5645 5979
668 72 861 1125 1569 1710 1799 1965 2374 2390 2432 2455 2793 2875 3072 3654 4059 4099 4405 4778 4870 4887 4963 5178 5211 5332 5513 5843 5868
669 34 412 650 1028 1240 1436 1481 1512 1518 1980 2047 2174 2372 2394 2399 2667 2716 2747 2842 3011 3303 3611 3639 3702 3709 3850 4328 4699 4888 4992 5204 5724 5774
670 129 424 834 859 1441 1635 2005 2011 2188 2262 2696 2748 3175 3652 3662 3761 3907 3951 4240 4560 4616 4701 4757 4979 5571 5788
671 3 267 294 495 564 633 644 663 786 836 995 1042 1352 1725 1902 1964 2134 2398 2697 2820 2889 3156 3323 3538 3556 3815 4288 4487 4751 4775 4951 5051 5416 5713 5906
672 191 196 341 420 527 942 1038 1050 1261 1273 1324 1510 2309 2672 2964 3294 3354 3392 3891 4024 4301 4469 4505 4593 4710 4767 4935 4991 5187 5423 5765
673 328 524 1164 1447 1468 1535 1959 2278 2339 2479 2542 2694 2827 3113 3378 3454 3520 3703 4163 4329 4346 4767 4862 5261 5453 5570 5878 5945
674 201 368 1202 1455 1957 2042 2142 2143 2367 2518 2556 2723 2785 2787 3016 3029 3156 3295 3557 3656 3782 4407 4689 4782 4858 5191 5834 5972
675 1 175 360 614 874 1141 1217 1849 1942 2033 2310 2346 2642 2654 2729 2730 3080 3302 3491 3498 3669 3834 3883 4009 4070 4277 4691 4890 4921 5096 5165 5398 5469 5724
676 20 187 405 429 752 870 1206 1722 2252 2261 2381 2477 3424 3774 3853 4436 4469 4685 4753 4820 5022 5106 5518
677 15 147 388 511 555 685 833 978 990 1142 1308 1424 1514 1665 1755 1812 2357 2393 2408 2615 2831 3512 3718 3815 4168 4213 4479 4869 4949 5126 5203 5297 5692
678 43 181 473 986 1138 1284 1353 1673 1848 2009 2151 2518 2873 2891 3134 3324 3600 4399 4595 4615 5047 5102 5405 5511 5549 5611 5614 5924
679 58 573 633 918 1273 1402 1518 1565 1572 2068 2073 2268 2277 2385 2877 2984 2992 3662 3828 4035 4148 4271 4438 4553 4990 5151 5398 5436 5528 5618 5920 5987
680 134 284 320 474 779 855 911 1016 1226 1572 1803 2024 2327 2596 2677 2842 2909 3175 3211 3311 3735 3778 4014 4070 4286 4383 4556 4583 5194 5427 5673
681 166 178 337 803 1024 1111 1120 1647 1712 1726 2518 2674 2726 2889 3016 3250 3287 3305 3555 3803 3875 4101 4152 4235 4277 4289 4509 4600 5277 5324 5552
682 112 393 406 694 739 833 999 1353 1501 1547 1831 2476 2486 3023 3045 3380 3628 4061 4258 4259 4381 4446 4588 4657 4795 5047 5080 5302 5508 5829
683 255 317 338 776 1037 1042 1079 1198 1513 1534 1591 1665 2418 2537 2619 3184 3494 3961 4706 4913 5152 5168 5267 5274 5411 5599 5809
684 36 242 305 1182 1204 1298 1379 1585 2154 2239 2413 3041 3552 3619 3635 3709 3834 3932 5001 5179 5307 5599
685 104 242 473 492 535 537 651 677 812 1185 1323 2325 2593 2608 2637 2860 2993 3374 4350 4494 4528 4686 4688 5020 5291 5520 5554 5864
686 264 409 454 659 1010 1288 1400 1424 1648 1674 1953 1960 2164 2596 3383 3486 3505 3931 4055 4174 4491 4569 4782 5169 5651 5654 5713
687 21 114 286 476 650 853 1307 1639 1669 2147 2150 2157 2298 2624 2816 2966 3287 3484 3517 3948 4160 4189 4267 4431 4495 4562 5170 5281 5467 5602 5630 5872
688 40 337 435 556 835 1075 1293 1428 1549 1796 2059 2296 2488 2826 2996 3003 3037 3141 3453 3855 4142 4485 4570 4726 4922 4963 5701 5756 5825 5959
689 44 57 804 974 1029 1310 1491 1573 1745 1921 2061 2179 2296 2868 2927 3442 3903 3963 3996 4056 4118 4239 4391 4396 4511 4515 4534 4997 5068 5538 5813 5917
690 175 1137 1363 1403 1423 1482 1519 1666 1800 2309 2358 2671 3107 3206 3282 3379 3694 3701 3831 4284 4327 4401 4486 4969 5163 5313 5772 5784 5901
691 1174 1586 1679 2130 2344 2598 2978 3151 3382 3395 3492 3808 3835 3860 4144 4296 4542 4652 4957 4984 5142 5150 5302 5411 5439 5453 5582 5975
692 255 444 630 667 930 1030 1177 1178 1441 1797 2084 2144 2246 2379 2395 2418 2508 2689 2753 2786 3028 3086 3396 3690 3759 3847 3907 4102 4179 4228 4333 4425 4436 4572 4694 4719 4801 5063 5139 5161 5164 5639 5901 5935
693 126 348 446 558 598 1153 1216 1426 1438 1745 1769 1860 2016 2117 2171 2270 2615 2619 2801 3030 3188 3193 3195 3206 3319 3432 3579 3816 4162 4202 4596 4605 4686 4771 5031 5206
694 113 300 682 860 1101 1174 1443 1767 1999 2212 2219 2625 2682 3140 3512 3562 3581 3599 3828 4010 4124 4461 4563 4588 4666 4772 4841 5115 5279 5507 5514 5563 5769
695 296 502 845 1420 1496 1586 1865 1905 1996 2054 2107 2109 2159 2319 2850 2949 3768 3875 3878 4014 4225 4281 4347 4713 4769 4843 5876
696 204 206 440 564 616 810 951 976 1125 1404 1695 1717 1871 2017 2036 2226 2262 3143 3461 3719 3755 3801 3928 4127 4270 4355 4524 4662 4744 4841 5034 5050 5276 5357 5743
697 78 757 1161 1184 1186 1189 1269 1321 1465 1784 1848 2177 2263 3045 3645 3719 4035 4190 4206 4222 4289 4770 4814 4827 5003 5046 5507 5605 5672 5748 5800 5901
698 43 550 857 871 960 1196 1262 1543 1566 1722 1786 1851 2050 2099 2376 2499 2678 3503 3516 4326 4639 5437 5565 5658
699 221 350 888 894 1466 1566 2016 2060 2146 2409 2644 3330 3344 3547 3563 3570 3702 3786 3794 3930 3934 4193 4257 4306 4567 4596 4670 4769 4772 5132 5309 5406 5429 5507 5950 5978
700 70 167 396 642 1054 1243 1442 1824 1973 2012 2030 2724 3450 3968 4058 4660 4701 4732 5179 5399 5600 5747 5985
701 32 517 581 807 902 1042 1158 1438 1816 2087 2500 3071 3093 3148 3355 3443 3467 4547 4723 4941 5250 5444 5445 5632 5911
702 172 232 281 535 544 1131 1715 1960 2161 2261 2459 3036 3402 3738 3787 3958 4126 4207 4371 4534 4959 4971 5002 5318 5355 5523 5748 5806 5989
703 49 394 439 450 1447 1498 1539 1703 1984 2137 2220 2404 2466 2629 2655 2724 2814 3492 3576 3585 3690 3762 3882 3895 4296 4301 4395 4537 4552 4619 5008 5052 5377 5402 5703
704 251 279 380 407 647 1023 1067 1285 1387 1490 1530 1655 1706 1851 2226 2473 2506 2546 3429 4024 4304 4356 4705 4774 4804 4823 4876 4947 5701 5977
705 167 535 1150 1803 2223 2438 2989 3084 3144 3179 3998 4107 4203 4217 4310 4999 5477 5835
706 88 108 285 772 983 989 1080 1506 1725 1843 1942 2058 2331 2807 2857 3639 3707 4294 4339 4539 4920 5069 5137 5776 5779
707 64 148 315 353 537 558 608 903 1074 1492 1670 1709 1798 1870 1980 2116 2605 2641 2689 2800 3115 3279 3888 3985 4037 4221 4252 4325 4330 4405 4414 4736 4754 5055 5417 5775 5892
708 57 96 260 784 881 884 1120 1498 1603 1670 2115 2181 2414 2630 2777 3332 3431 3874 3926 4022 4292 4538 4686 4824 5061 5192 5490 5593 5679 5788 5795
709 255 420 1012 1049 1318 1343 1564 1697 1836 2025 2126 2136 2428 2483 2729 2806 3534 3944 4388 4607 4707 4993 5789 5834 5959
710 39 421 431 604 739 957 967 1262 1327 1370 1391 1647 1664 1880 2159 2163 2238 2248 2577 2647 2694 3028 3093 3273 4350 4791 4882 4913 4927 4956 5014 5198 5229 5367 5602
711 53 58 398 596 630 824 832 846 1093 1130 1150 1668 2041 2230 2527 2577 2736 2931 3235 3418 4372 4824 5096 5098 5305 5318 5420 5586 5610 5722 5825 5900
712 549 621 1284 1550 1725 1894 1914 1970 2691 2731 2930 3047 3381 3417 3484 4124 4194 4334 4918 5251 5305 5465 5550 5664 5835 5883 5920 5994
713 70 550 1006 1201 1719 1869 1871 2152 2293 2510 3075 3374 4274 4288 4415 4624 4984 5004 5045 5079 5648 5689 5705 5730 5769 5896 5971
714 26 115 537 818 959 1023 1041 1054 1060 1439 1461 1511 1543 1670 1918 2066 2108 2525 2590 3011 3600 3899 4054 4055 4285 4735 4771 4798 4878 4986 5017 5028 5109 5190 5766 5895
715 267 294 427 731 826 939 1044 1304 1465 1633 1701 2250 2418 2672 2786 3020 3071 3700 3914 4056 4311 4464 4524 4852 5178 5628
716 19 48 177 189 410 453 796 1996 2230 2261 2280 2323 2346 3317 3571 3744 3756 4149 4176 4251 4378 4400 4443 4551 4702 4804 5150 5177 5508 5713 5714 5832 5935
717 291 322 487 876 1114 1423 1473 1613 1693 1755 1999 2286 2287 2342 2478 2510 2583 2637 3276 3412 3446 3775 3811 4572 5616 5804
718 186 196 485 515 754 783 990 1021 1520 1554 1799 1929 2172 2932 3091 3298 3463 3514 3715 3802 4059 4570 4580 5272 5629 5985
719 11 241 255 478 522 585 908 1068 1086 1220 1300 1441 1458 1685 1912 2527 2590 2678 2854 3030 3590 3811 3880 4654 4776 4966 5040 5099 5434 5457 5521
720 42 122 211 728 740 1481 1558 1847 1994 2084 2109 2241 2779 2829 2931 3156 3180 3769 3967 4192 4273 4290 4364 4540 4889 4962 5304 5655 5780 5819
721 35 199 352 379 440 563 945 1716 1960 2624 2669 2769 3078 3363 3517 3783 3795 4496 4499 4674 4716 4978 5299 5361
722 966 1304 1342 1476 1541 1580 1736 1953 1995 2750 2804 2926 3545 4037 4192 4279 4288 4502 4548 4552 4780 5631 5926 5937
723 42 374 513 549 778 812 847 898 915 1402 1404 1691 1694 2423 2474 2499 2672 2712 2862 2880 2978 3354 4198 4595 4755 5059 5503 5658 5823
724 4 51 277 359 362 734 1036 1174 1374 1443 1681 1784 2072 2331 2443 2472 2927 3065 3124 3675 4353 4448 4542 4586 4893 5528 5582
725 758 826 827 865 951 957 2496 2625 2695 2715 2873 3124 3134 3613 3837 4183 4236 4403 4973 4978 5004 5029 5250 5366 5459 5464 5843
726 153 436 738 846 862 932 967 1122 1160 1222 1642 1672 1765 1839 1918 1920 2051 2271 2430 2673 3299 3424 3476 3894 4194 4463 4498 4819 5033 5085 5549 5697 5720 5951
727 147 227 337 423 476 665 820 1368 2308 2602 2825 3033 3247 3564 3954 4017 4166 4352 4432 4670 5199 5442 5460 5649 5650 5869 5900 5947
728 21 121 172 197 543 583 720 861 901 944 1050 1167 1295 1381 1521 1573 1857 1932 2053 2059 2120 2225 2440 2967 3242 3795 3970 4011 4114 4409 4450 4725 4938 5538 5561
729 347 543 576 1269 1298 1331 1720 1721 1808 1920 2175 2183 2185 2334 2610 2766 2868 2923 3118 3246 3371 3629 3695 4231 4414 5120 5123 5151 5179 5203 5634 5696
730 14 80 285 305 559 1033 1235 1290 1512 1531 1665 2103 2119 2625 3158 3246 3300 4180 4230 4266 4390 4810 4936 4973 5255 5864 5923 5967
731 331 506 536 715 733 852 929 1176 1669 1890 2116 2207 2232 2731 2788 3064 3111 3203 3277 3413 3717 3837 3894 4082 4258 4371 4450 4591 4912 5250 5339 5707 5934
732 193 287 589 643 757 776 927 1009 1090 1334 1723 2138 2146 2494 2743 2825 2840 2893 3218 3465 3631 3666 3879 3941 4625 4772 5080 5443 5670 5879
733 3 122 355 373 578 619 731 748 998 1040 1471 1792 1828 2023 2193 2290 2295 2517 2526 2528 2646 2868 2953 2973 2975 3031 3115 3163 3248 3541 3665 4114 4350 4509 4649 4743 4799 4924 5093 5768 5944
734 0 213 724 802 1006 1250 1297 1340 1495 1511 1659 1921 1944 1976 2246 2584 2602 2959 3381 3515 3900 3951 3984 4084 4292 4325 4329 4605 5139 5244 5585 5688 5863 5892
735 217 308 417 825 888 965 1008 1353 1464 1600 1795 1943 1967 2109 2190 2659 2675 2771 2853 2912 2932 2944 3032 3120 3250 3332 3618 3906 3912 4108 4281 4655 4688 4790 5116 5291 5503 5590 5870
736 84 146 493 815 1525 1602 1858 2324 2712 3224 3481 3881 4004 4179 4208 4488 4580 4800 4879 5102 5250 5269 5313 5425 5642 5696
737 64 287 1148 1182 1371 2125 2194 2338 3303 4082 4288 4309 4520 4963 5033 5115 5325 5375 5635 5718
738 536 726 781 1074 1160 2056 2389 2616 2836 2935 2971 3199 3226 3287 3381 3436 3658 3950 4035 4063 4313 4478 5103 5650 5794 5966
739 132 422 544 548 682 710 879 1049 1569 1740 1770 1967 2061 2089 2211 2309 2893 3424 3528 3959 4164 4503 4791 5218 5222 5580 5599 5966
740 720 761 1316 1559 1878 1959 1978 2024 2247 2297 3901 3975 4060 4123 4636 4772 4782 4900 4940 4962 5309
741 65 66 298 449 808 858 895 1065 1097 1220 1403 1475 1719 1773 1889 2279 2410 2843 3102 3199 3281 3441 4162 4700 4711 4785 4796 4903 5074 5204 5669 5686 5750 5757 5846 5876
742 528 1026 1078 1230 1249 1268 1336 1431 2435 2677 2917 3192 3230 3292 3393 3479 3617 3838 4171 4299 4584 4613 4625 4735 4858 5011 5272 5318 5353 5365 5488 5782 5812 5981
743 231 515 612 615 977 1442 1450 1587 1656 2209 2338 2517 2600 2840 2887 3314 3329 3355 3460 3833 4154 4161 4450 4505 4765 5118 5236 5330 5663 5963
744 468 579 1472 1504 1527 1863 2290 2318 2574 2957 3227 3236 3391 3461 3869 4098 5040 5397 5753
745 206 316 418 473 975 1481 1847 1888 1996 2063 2224 2484 2583 2738 3098 3158 3234 3663 3811 4050 4512 4727 4843 4857 4892 4930 5213 5594
746 114 145 147 865 1093 1097 1146 1235 1302 1746 1771 1796 1842 1957 1995 2248 2361 2506 2517 2908 3026 3523 3904 4131 4186 4349 4398 4480 4549 4721 5553 5609 5749 5893 5897
747 435 446 557 779 838 903 1085 1171 1521 2409 2415 2819 2994 3003 3360 3464 3721 3905 4031 4422 4691 4894 4911 5358 5646 5833 5925
748 132 137 328 733 750 804 838 839 1178 1279 1478 1788 1874 2327 2407 3177 3215 3493 3513 3580 3869 3954 4019 4050 4092 4393 4444 4454 4493 4936 4943 5411 5445
749 221 393 410 456 625 875 1040 1140 1382 1574 2834 3339 3374 3595 3765 3927 4025 4048 4293 4562 4599 4798 5201 5654 5671 5766
750 155 439 524 748 867 1059 1370 1590 1876 1931 1986 2437 2648 2677 2767 2926 2982 3030 3330 3455 3734 3819 3960 3991 4101 4185 4234 4528 4608 4846 4913 5032 5137 5219 5421 5690
751 453 571 1063 1237 1671 1869 1945 2666 2713 2758 2857 2895 4089 4244 4558 4849 4856 4919 5250 5296 5330 5373
752 101 356 392 566 676 764 1041 1117 1506 1717 1721 1945 2351 2618 2674 2687 2707 3019 3211 3675 3802 4005 4106 4361 4724 4927 5508 5571 5747 5765
753 118 241 391 534 581 810 823 846 904 1070 1735 1747 1924 1929 1931 1997 2334 2404 2538 2878 3078 3165 3381 3535 3701 3771 3836 3867 4136 4432 4542 4572 4761 5167 5352 5386
754 97 408 443 718 1035 1311 1653 1676 1729 1933 2290 2533 2584 2713 2874 3147 3365 3462 3608 3648 3795 3803 3908 3956 4099 4132 4232 4678 4758 4940 5050 5641 5855 5921
755 70 528 637 844 877 959 970 1256 1420 1679 1719 1765 2197 2583 2589 2691 2765 3131 3373 3719 4390 4415 4574 5226 5337 5338 5582 5597 5635 5843 5902 5939
756 182 262 931 1054 1247 1563 1706 1800 2159 2312 2515 2819 2902 3369 4042 4164 4740 4883 4994 5244 5406 5438 5613
757 2 339 343 511 697 732 1467 2046 2353 2800 3082 3158 3709 3779 3804 3953 4135 4208 4432 4534 4537 4618 4626 4712 5402 5625 5633 5865
758 70 397 429 494 725 905 958 1165 1336 1499 1504 1918 2647 2940 3040 3078 3141 3292 3358 3387 3483 4030 4256 4312 4352 4429 4623 4668 5105 5192 5765
759 482 501 1398 1685 1733 1991 2007 2258 2347 2420 2606 3375 3571 3642 3969 4179 4411 4657 4682 4939 5331 5336 5412 5721 5877
760 262 626 854 875 877 1112 1327 1501 1524 1832 1841 2053 2305 2463 2487 2501 2531 3098 3241 3335 3598 4070 4526 4584 4688 5119 5122 5248 5464 5503 5535 5620 5689 5873 5932
761 635 740 796 973 1172 1199 1480 1723 1839 2206 2276 2333 2659 2746 3122 3135 3178 3225 3360 3398 3644 3879 4246 4650 4693 4836 5739 5809
762 64 74 348 429 438 595 867 1014 1778 1871 1883 1990 2133 2251 2252 2483 2529 2649 3140 3392 3394 3669 3711 3990 4135 4163 4219 4536 4940 5656 5718
763 256 507 570 576 614 927 1135 1183 1483 1539 1646 1651 1855 1967 2259 2721 2844 3285 3355 3489 3664 3713 3826 3977 4142 4494 4564 4617 4820 4859 4926 5553 5573 5586 5671
764 144 414 503 752 773 798 824 946 974 975 1207 1482 1514 1804 2154 2473 2569 2615 2625 2667 2731 2966 3709 4107 4500 4773 4843 5015 5221 5354 5936
765 139 338 489 973 1209 1403 1411 1420 1568 1584 1774 2108 2528 2658 2678 2698 3141 3223 3248 3559 3590 5244 5339 5408 5475
766 28 370 898 2277 2339 2652 2904 2975 3296 3429 3448 3462 3782 3817 3929 4171 4333 4656 4744 4762 4798 5014 5143 5178 5567 5642 5681 5836
767 194 288 580 615 944 979 1189 1216 1282 1587 1814 2118 2234 2316 2396 2712 3032 3184 3243 3318 3371 3434 4146 4204 4441 4503 4848 4861 5103 5194 5230 5458 5753
768 260 315 365 411 549 833 1311 1460 1724 1952 2075 2560 2616 2619 2647 2648 2956 3118 3322 3332 3515 3593 3611 3622 3656 3858 3960 4054 4211 4266 4404 4446 4559 4579 4651 4775 4784 4841 4994 5440 5701
769 250 586 630 849 869 1351 1816 1826 1847 1878 1974 2151 2455 3166 3190 3205 3633 3947 4019 4049 4068 4193 4673 5193 5216 5281 5379 5494 5509 5527 5821 5991
770 48 54 82 305 457 584 780 1148 1305 1314 2143 2422 3204 3300 3475 3616 4055 4102 4108 4181 4354 4688 4712 4909 5068 5373 5451 5669
771 849 901 1003 1029 1077 1149 1350 1484 1554 1582 1800 1827 2093 2252 2843 2862 2970 3203 3260 3378 3451 3471 3579 3801 3855 4348 4459 4568 4746 5186 5816 5863
772 143 176 706 850 1074 1350 1428 1570 1645 1830 1861 2106 2260 2386 2909 2995 3408 3437 3840 3855 4185 4441 4583 4605 4776 4841 4954 5153 5196 5330 5711 5735 5750
773 231 471 591 764 927 937 950 1032 1167 1204 1257 1385 1539 1540 2240 2317 2600 2626 2675 2761 2858 2977 3218 3331 3529 3646 3982 4019 4183 4276 4492 4844 5042 5372 5395 5832 5980
774 28 382 513 1180 1357 1921 1978 2216 3084 3415 3509 3886 4184 4225 4368 4595 4766 5129 5237 5626
775 258 576 893 1041 1155 1410 1675 1750 1891 2101 2304 2378 2414 2829 2982 3197 3335 4072 4286 4551 4598 5324 5418 5423 5614 5886
776 211 683 732 1055 2071 2645 2654 3073 3490 3658 3662 3921 4010 4550 4657 4683 4746 4997 5233 5300 5452 5463 5520 5914
777 247 262 301 527 829 1233 1299 1342 1468 1712 2104 2432 2806 2951 3295 3527 3536 3653 4013 4150 4789 5011 5297 5482 5752 5908
778 17 152 157 165 309 723 868 944 1057 1092 1287 1885 1972 1973 2038 2237 2267 2341 2697 2793 2904 3675 4071 4205 4360 4365 4547 4696 4820 5703 5714 5862 5869 5934
779 132 374 416 574 680 747 1187 1249 1296 1642 1934 1944 2040 2096 2403 2440 2968 3028 3232 3382 3402 3735 4073 4234 4242 4394 4462 4529 4557 4988 5170 5488 5537
780 337 495 618 770 806 873 918 1023 1406 1576 1783 1795 1916 2010 2287 2535 2641 2654 2796 2838 2862 2960 3211 3281 3348 3401 3568 3606 3758 4005 4175 4190 4215 4409 4449 4550 4723 4876 4936 5112 5239 5305 5366 5391 5409 5575 5741
781 122 738 809 1277 1418 1745 2039 2275 2454 2901 3051 3154 3231 3338 3369 3439 3595 4129 4551 4733 4771 4845 4881 5143 5190 5277 5329 5866 5876
782 412 542 604 660 800 1001 1054 1451 1472 1498 1621 1954 2394 2461 2466 2514 2776 3177 3386 3387 3637 3655 3847 4359 4599 4755 5129 5319 5463 5810 5913 5925
783 53 84 379 718 975 1257 1514 1833 1981 2111 2128 2276 2599 2987 3091 3281 3554 3588 3670 3795 3868 4688 4690 4829 4964 4982 5134 5275 5747
784 168 370 486 708 1047 1427 1625 1926 1945 2144 2562 2601 2890 2918 3268 3750 3994 4234 4242 4415 4422 4440 4469 4502 4514 4661 4798 4848 4914 5334 5397 5687 5968
785 13 272 802 1221 1262 1747 1801 1875 1905 1987 3173 3495 3600 4064 4449 4500 4523 4588 4949 4951 5233
786 26 131 170 238 262 496 575 612 671 1135 1136 1434 1638 1787 2087 2446 2532 2584 2596 2653 2914 2947 3050 3055 3355 3383 3408 3641 3693 4182 4396 4544 4564 4716 5010 5100 5111 5146 5617 5756 5782
787 371 1003 1393 1403 1405 1528 1641 1864 1875 2171 2348 2360 2695 2737 2761 2930 2945 2980 3126 3141 3512 3737 4098 4245 4279 4687 4878 5050 5289 5772 5873 5898 5989
788 68 287 336 665 976 1028 1237 1349 1798 1838 1842 2030 2224 2297 2563 2720 2873 2876 2984 3125 3244 3471 4020 4052 4066 4455 4921 5325 5384 5420 5576 5739 5751 5947 5948
789 15 143 252 416 502 1190 1415 1487 1825 2007 2613 2675 2688 2690 3316 3422 3775 3955 4218 4307 4710 4728 4932 5134 5184 5259 5470 5490 5711 5858 5895 5929
790 41 251 315 363 624 835 1187 1220 1448 1636 1799 1803 2248 2281 2404 2444 2720 3214 3265 3314 3398 3514 3877 4020 4170 4268 4298 4452 4522 4526 5589 5663 5667 5754 5768 5930
791 142 218 418 491 603 860 980 1313 1432 1470 1805 1953 2096 2476 2581 2860 3121 3580 3836 4262 4484 4485 4522 4574 4924 5317 5623 5985
792 233 949 963 1152 1198 1732 1842 1908 1957 2044 2059 2448 2565 2745 2924 2929 3019 3197 3405 3463 3516 3876 3969 4211 4540 4592 4898 5287 5770 5795 5843 5895
793 167 926 1009 1168 1203 1253 1556 1889 2121 2503 3027 3347 3392 3730 4532 4659 4700 4900 5153 5264 5337 5686 5860 5882 5957
794 317 566 808 903 919 1859 1971 2952 3170 3294 3456 3673 4068 4171 4185 4646 5512 5588 5688 5722 5873
795 454 992 1085 1095 1650 1674 1855 1894 2009 2028 2285 2704 2784 2797 2982 3606 3770 3940 4191 4279 4546 4747 4941 5111 5341 5518 5666
796 136 268 716 761 844 885 1055 1195 1387 1617 2114 2349 2499 2588 2631 2786 2817 3142 3252 3333 3410 3669 3708 3937 4319 4497 4546 4589 4619 5251 5596 5859
797 153 482 578 591 864 938 1029 1056 1147 1469 1533 1681 1798 1817 1884 2059 2411 2627 2741 3196 3233 3480 3754 3998 4435 4437 4581 5214 5253 5336 5369 5468 5676 5712
798 178 424 438 481 501 557 764 979 1107 1233 1297 1546 1668 1703 1943 2048 2186 2297 2418 2596 2712 2827 3007 3177 3360 3724 4081 4137 4143 4276 4313 4336 4440 4450 4820 5006 5084 5360 5379 5563 5791 5900 5951 5972
799 209 246 275 353 852 943 960 963 1331 1566 1598 1774 1899 1957 2189 2295 2537 2692 3163 3302 3445 3523 3877 4013 4069 4596 4695 4856 4962 4996 5312 5418 5614
800 272 518 782 1042 1326 1383 1404 1465 1646 2046 2062 2105 2225 2303 2812 2956 3085 3153 3165 3447 3587 3934 4095 4303 4351 4714 5569 5658 5730 5899 5958
801 614 945 1169 1351 1392 1440 1587 1961 2017 2141 2462 3073 3679 3719 3888 3958 3984 4221 4227 4295 4301 4314 4382 4695 4833 4975 5139 5202 5213 5327 5407 5593 5863 5912 5953
802 97 318 550 734 785 1023 1113 1309 1352 2036 2178 2182 2524 2571 2741 3008 3396 3713 3740 4176 4295 4339 4622 4888 5223 5369 5579 5633 5818
803 628 681 1024 1029 1192 1354 1363 1370 1426 1588 1646 1734 1784 1921 2088 2457 2816 2914 3171 3301 3418 3469 3726 4274 4579 4969 4990 5201 5307 5401 5736 5749
804 15 204 437 689 748 1214 1496 1587 1781 1828 1886 1908 2468 2471 2622 2805 2957 3234 3463 3854 3986 4037 4203 4407 4475 4516 4833 5053 5269 5475 5868
805 118 920 1050 1258 1453 1514 1699 1856 2366 2479 2552 2613 2659 2861 3269 3430 3670 3753 4153 4278 4347 4683 4832 4843 4848 4862 4968 5290 5466 5556 5860 5966
806 174 780 952 1213 1378 1608 1796 2139 2992 3153 3393 3543 3682 4021 4061 4114 4280 4629 5158 5275 5289 5368 5433 5919
807 0 33 67 463 630 701 869 1349 1445 1578 1708 1721 1882 2054 2553 2594 2609 2659 2784 3012 3073 3654 3746 3859 3954 4018 4186 4331 4408 5087 5211 5288 5351 5449 5494 5551
808 140 172 741 794 1466 1706 1793 2137 2313 2531 2561 2743 2890 3225 3308 3381 3383 3499 3715 4187 4588 4604 4650 4893 5392 5422 5483 5732 5914
809 58 618 781 861 1073 1122 1237 1444 2030 2435 2792 2813 2937 3262 3778 3868 3915 3997 4036 4039 4194 4326 4675 4813 4957 5191 5394 5606 5661 5688 5691 5849
810 90 212 379 450 638 696 753 1289 1921 2301 2586 3445 3857 4214 4371 4585 4598 4934 4941 4982 5482 5573 5651 5772 5837 5875
811 589 1153 1210 1331 2109 2432 2535 3072 3566 3758 3928 4003 4156 4337 4583 4633 4664 5060 5126 5141 5269
812 106 195 261 410 465 685 723 830 1470 2019 2129 2685 2974 3210 3596 5321 5550 5556 5733 5735 5880
813 60 941 989 1043 1424 1557 2182 2415 2522 2870 3192 3572 3597 3622 3719 3915 3957 4124 4454 4527 4654 4990 5057 5108 5304 5333 5492 5688 5843
814 28 104 221 976 989 1472 1499 1583 1718 1769 1941 2034 2246 2617 2966 3197 3486 4472 4684 4904 5418 5735 5965
815 606 736 819 840 855 1011 1173 1222 1260 1490 2180 2411 2739 2962 3050 3373 3438 3589 3657 3813 3909 4061 4572 4880 5398 5764
816 468 502 511 577 890 912 957 1100 1188 1342 1412 1838 1864 1905 2030 2216 3053 3068 3083 3380 3875 4129 4135 4697 4710 4859 5094 5636 5700 5994
817 6 150 378 535 997 1532 1890 1915 2238 2242 2333 2433 2971 2974 3278 3546 3597 3706 3757 4687 4770 4831 5262 5285 5359
818 23 304 435 446 667 714 953 1147 1601 1643 2098 2131 2972 3002 3412 3574 3854 3982 4012 4257 4342 4856 4983 5063
819 170 615 815 835 868 972 1007 1379 1426 1922 2055 2089 2245 2272 2306 2468 2528 2763 2804 2904 3258 3300 3446 3761 3843 3889 3997 4259 4479 4495 4497 4536 4655 4913 4962 5005 5044 5328 5375 5523 5642 5766 5773 5782 5894
820 249 609 646 727 1124 1155 1330 1479 1488 1541 1637 1708 1999 2062 2079 2362 2712 2811 3420 3601 4086 4275 4495 4508 4804 5097 5321 5470 5538 5789
821 326 333 473 619 927 988 1496 1562 1648 1750 1893 2191 2482 2757 2870 2983 3101 3391 3833 4146 4413 4529 4924 4956 5145 5277 5517 5665 5701 5897
822 200 373 598 937 1129 1242 1387 1570 1771 1802 2085 2407 2649 2758 2842 2874 3005 3385 3459 3535 3626 3630 3781 4051 4329 4396 4570 4972 5622 5658 5782
823 137 367 518 753 1075 1291 1942 2232 2312 2390 2435 2847 2848 2931 3201 3546 3871 3967 4120 4320 4644 5229 5313 5511 5653 5902
824 0 57 185 194 503 603 711 764 1409 2023 2386 2617 2665 2727 2757 2870 3125 3240 4098 4161 4418 4450 4476 4496 4514 4684 4741 4776 4827 5498 5681 5743
825 104 338 523 627 735 1164 2051 2243 2662 2825 2929 2931 2999 3112 3280 3610 3720 3820 3841 3929 4147 4462 4768 5208 5369 5490 5580
826 1 715 725 1265 1501 1558 1559 2634 2762 3035 4224 5447 5527 5703 5717 5873
827 23 220 653 725 1004 1032 1124 1134 1157 1237 1798 1875 2070 2140 2148 2718 3525 4274 4693 5192 5296 5521 5645 5892
828 28 168 169 261 408 457 512 935 1049 1180 1765 2008 2019 2071 2163 2236 2596 2843 3014 3273 3511 3774 3851 4167 4235 4305 4512 4768 4985 5263 5312 5422 5598 5669 5802 5843 5904
829 57 777 1003 1289 1393 1882 1999 2130 2326 2790 2804 2912 3190 4525 4754 4909 4949 4950 5130 5179 5402 5524 5761
830 27 146 284 554 812 1008 1056 1249 1387 2054 2512 2536 2992 2997 3191 3344 3416 3422 3451 3466 3844 3859 4076 4188 4240 4334 4556 4791 5079 5110 5262 5266 5610 5857
831 53 85 184 354 418 619 644 968 970 1035 1128 1724 1740 1770 1877 2024 2372 2551 3030 3188 3321 3492 4025 4031 4125 4177 4326 4418 4629 4639 4771 4901 5151 5214 5230 5379
832 520 711 1123 1200 1547 1783 1823 2063 2349 2403 2673 2757 2760 3145 3378 3451 3646 3671 3772 3814 4800 5202 5416 5521 5696 5755 5886
833 148 213 221 353 385 677 682 768 889 1388 1501 2121 2271 2298 2508 2708 3249 3370 3547 4059 4524 4574 4916 5364 5568 5759 5766 5915
834 84 127 323 670 1118 1144 1272 1336 1641 1947 2020 2538 2620 2656 3388 3893 4118 4431 4470 4710 4712 4835 4928 4955 5094 5126 5347 5457 5634 5953
835 122 128 181 301 318 379 688 790 819 1069 1111 1187 1377 1387 1540 1652 2168 2196 2222 2236 2272 2604 2608 2653 2752 3153 3291 3405 3519 3683 3788 4037 4111 4434 4515 4637 5055 5088 5225 5569
836 26 661 671 1001 1249 1625 1869 1976 2094 2168 2308 2319 2550 2577 2802 2951 3515 3756 4464 4485 4614 4728 4776 4815 4901 5240 5376 5521 5522 5624 5865 5951
837 165 428 452 923 1137 1332 2061 2078 2277 2528 2640 2683 2849 2883 3160 3270 3322 3590 3696 3748 3774 3829 3859 3913 4141 4194 4277 4288 4551 4594 4706 4960 5094 5149 5346 5472 5710 5905
838 376 448 491 747 748 914 1278 1419 1729 1786 1865 2018 2096 2128 2175 2363 2400 2652 2747 3090 3545 3587 3664 3722 4436 4446 4552 4834 5067 5321 5330 5578 5915 5954 5965
839 24 314 586 748 1133 1280 1314 1394 1653 1893 2023 2244 2261 3034 3094 3193 3253 3333 3550 3826 4163 4203 4336 5254 5461 5465 5620 5652
840 145 361 412 434 495 815 971 1003 1145 1465 1579 1849 1862 1912 2016 2450 2512 3080 3232 3376 4185 4367 4572 4682 4799 5153 5625 5705 5766
841 197 235 336 556 927 934 971 984 1226 1311 1377 1481 1599 1813 1922 2110 2480 2777 2786 2942 2956 3491 3515 3653 3897 3974 4204 4600 4912 5214 5498
842 541 937 966 1335 1553 1766 1909 1937 2225 2374 2531 2923 2945 3310 3428 3600 3726 3991 3995 4045 4109 4282 4315 4811 5274 5581
843 22 190 1657 2204 2364 2430 2636 2643 2837 3033 3138 3624 3639 3716 4325 4360 4373 4565 5390 5873
844 23 582 619 654 755 796 905 1163 1359 1411 1773 1852 2025 2206 2846 3734 3748 3897 4111 4255 4279 4385 4886 4956 5303 5344 5345 5783
845 109 302 572 695 1285 1526 1845 1933 2450 2495 2678 2966 3327 3341 3606 3694 3809 4181 4235 4468 4497 4585 4635 4861 4906 4935 5134 5514 5630 5848 5946
846 251 282 292 353 457 711 726 753 950 1003 1188 1264 1502 1829 1924 2447 2656 2722 2875 3016 3044 3391 3399 3647 3868 4232 4400 4562 4739 4875 5118 5291 5332 5523 5604 5807
847 283 407 450 723 986 1092 1241 1606 1747 1900 1995 2033 2644 3126 3256 3539 3656 3814 3821 4255 4588 4626 4734 4808 5025 5061 5388 5765
848 257 264 474 877 941 1256 1308 1370 1671 1720 1787 2535 2923 3166 3501 3728 3957 3965 3989 4111 4181 4349 4427 4789 4864 4870 5176 5340 5814 5936 5979 5997
849 769 771 950 969 1048 1104 1206 1368 1440 1585 1777 1842 1856 2190 2200 2238 2270 2341 2388 2587 2676 3997 4417 4619 4620 4701 5335 5458 5559 5814
850 772 1262 1709 1888 1931 1981 2078 2265 2272 2390 2419 2512 2656 2929 3156 3250 3289 3784 3787 3829 4134 4404 4655 4889 4972 5148 5195 5383 5546 5758
851 148 317 458 593 1093 1189 1542 1653 1680 1750 2249 2330 2339 2454 2529 2842 3717 3961 3962 4125 4377 4625 4774 5490 5602 5727 5756 5785
852 21 196 420 731 799 870 1001 1353 1409 2200 2451 2794 2815 3062 3100 3698 3707 3922 4044 4066 4562 4607 4771 4794 5020 5063 5220 5261 5396 5485 5652
853 291 506 687 1148 1208 1505 1669 2193 2381 2535 2569 2754 3140 4231 4368 4446 4596 4621 5097 5131 5194 5651 5680 5866
854 306 311 621 760 1195 1675 1774 1807 1885 1941 2001 2240 2548 2659 2710 3007 3013 3314 3362 3667 3837 3844 4026 4251 4299 4479 4560
855 680 815 989 1613 1641 1880 1938 2284 2639 2999 3521 3742 3945 3972 4100 4425 4465 4604 4669 5798
856 40 348 381 556 937 1026 1088 1261 1408 1470 1570 1721 1903 1972 2389 2454 3373 3447 3874 4177 4323 4514 4591 5355 5483 5668
857 87 146 326 428 449 477 551 698 980 1127 1296 1366 1518 1612 1703 1863 2042 2236 2305 2491 2537 2724 2732 2747 3054 3144 3319 3601 4401 4434 4879 4938 5002 5080 5087 5265 5323 5547 5758 5810
858 160 198 403 619 621 741 1238 1327 1443 1558 2342 2660 2685 3302 3307 3618 3632 3720 3977 4226 4258 4446 4689 5129 5320 5576 5605 5623 5699 5992
859 249 494 628 670 1348 1825 2292 2369 2697 2857 3049 3292 3611 3654 4004 4137 4328 4378 4390 4595 4762 4979 5145 5312 5591
860 310 318 514 694 791 924 1567 2349 2377 2514 3282 3589 3759 3804 3928 4258 4329 4361 4420 4621 4698 4853 4871 4929 5285 5494 5556 5743 5758 5894
861 279 315 416 668 728 809 924 999 1758 2044 2115 2351 2688 3074 3166 3199 3823 4641 4719 5061 5063 5557 5659
862 217 317 447 726 947 1175 1204 1287 1446 1452 1587 2180 2272 2463 2937 3078 3413 3664 3726 3733 3883 3937 4042 4598 4655 4736 4856 4868 5104 5115 5177 5239 5252 5561 5681 5757 5853
863 47 151 240 265 441 947 1011 1143 1442 1477 1512 1545 1599 1653 1660 1682 1692 1697 1710 2071 2185 2307 2923 2959 3039 3660 3727 4021 4143 4184 4328 4606 4649 4814 4981 4990 5146 5236 5293 5599 5632
864 278 573 797 921 1084 1093 1119 1431 1605 1903 2018 2076 2931 3020 3027 3593 3669 3862 4129 4252 4342 4366 4515 4584 4953 5758 5880
865 271 725 746 981 1108 1274 1286 1492 1497 1841 1944 2023 2199 2226 2251 2303 2327 2709 2868 3534 3632 3692 3801 3910 3964 4329 4421 4460 4581 4987 5288 5362 5903 5988
866 103 146 148 160 297 330 938 1087 1134 1136 1303 1337 2007 2123 2136 2439 2640 2808 3038 3838 3945 4028 4183 4297 4379 4481 5151 5156 5199 5201 5222 5583 5856
867 66 235 750 762 903 927 1212 1270 1397 1406 1646 1687 1822 2002 2236 2314 2568 2589 2603 2976 3327 3356 3533 3563 3625 3679 3684 3715 3853 4077 4205 4355 4847 5126 5407 5540 5854
868 416 448 450 457 650 778 819 968 1403 1648 1689 1780 1938 2030 2078 2120 2124 2249 2504 2522 2718 3087 3222 3397 4125 4139 4157 4439 4473 4694 4733 4766 4814 5034 5085 5293 5507 5614 5636 5855
869 107 592 769 807 930 1023 1215 1455 1746 1875 1953 2029 2060 2437 2616 2815 2865 2909 2937 3282 3459 3568 3669 3719 3822 4172 5033 5120 5505 5701 5955 5991
870 16 142 526 636 676 852 893 1016 1087 1141 1158 1303 1342 1490 1637 1772 2015 2455 2483 2710 2935 3127 3401 3641 3973 3974 4271 4372 4437 4597 4683 5152 5235 5374 5396 5984
871 105 155 326 422 636 698 1074 1206 1523 1639 1721 1897 2206 2384 3588 3609 3625 3642 3828 4188 4446 4627 5300 5403 5438 5540 5541 5851 5873 5985
872 253 279 343 353 609 928 1275 1389 1430 1845 2281 2573 2813 2838 2917 2980 3258 3367 3401 3612 3721 3760 3894 3918 4488 4542 4644 4859 5622 5724 5856
873 3 566 616 780 922 978 1048 1500 1625 1743 1849 1968 2113 2225 2294 2366 2591 2670 3345 3477 3526 4052 4573 4668 4821 4900 5085 5114 5289 5549
874 135 363 513 675 1011 1018 1027 1288 1316 1434 1647 1786 2134 2298 2332 2371 2458 2527 2579 2628 2840 3060 3522 3673 3793 4160 4821 4884 5017 5075 5610 5788
875 1 226 310 342 546 639 749 760 1136 1148 1247 1522 1895 2025 2205 2556 2624 2715 2791 2916 3045 3360 3389 3519 4642 5054 5393 5413
876 66 270 375 401 580 717 1066 1187 1561 2693 2709 2715 2731 3166 3384 3429 3549 3702 3711 3853 3977 4137 4202 4641 4659 4713 4847 4906 4995 5369 5670 5942 5956
877 135 330 357 492 633 755 760 848 914 958 1053 1258 1756 2359 2742 3086 3229 3605 3617 3817 3949 4025 4764 5020 5188 5233 5429 5765 5947
878 180 273 351 641 1106 1290 1335 1791 1821 1994 2225 2567 3243 3258 3319 3880 4248 4806 5207 5860 5986
879 199 271 517 609 739 911 1178 1268 1499 1691 1718 1758 2090 2188 2318 2460 2850 3211 3231 3237 4020 4028 4380 4505 4661 4884 4922 5069 5290 5427 5639 5640 5647 5795 5844 5994
880 85 201 252 583 1204 1804 2186 2199 2217 2801 2846 2942 3064 3222 3235 3261 3331 3682 3992 4778 4908 4949 5322 5627 5844
881 228 452 708 970 1160 1168 1276 1530 2057 2153 2195 2237 2332 2375 2879 2900 3196 3418 4857 5082 5354 5432 5642 5766 5975
882 377 521 1681 1768 1795 2151 2274 2521 3331 3355 3456 3495 3512 3900 3949 4742 4788 5012 5131 5230 5703 5856 5959
883 127 251 407 648 904 947 1315 1453 1665 1755 1952 1984 2112 2182 2386 2823 3075 3183 3248 3322 3494 3636 3722 3787 3950 4066 4262 4265 4322 4733 4859 5099 5463 5680
884 478 480 610 654 708 1295 1483 1727 1871 2219 2372 2498 2512 2546 2550 2700 3173 3441 3452 3615 3731 4216 4359 4415 4521 4677 4728 4818 4952 5213 5220 5286 5424 5434 5565 5980
885 151 293 375 411 618 796 1039 1352 1777 1801 2013 2354 2447 2586 2685 2703 2724 2857 2864 4163 4225 4309 4578 4859 5050 5356 5580 5648
886 1058 1179 1332 2119 2332 2417 2469 2591 2804 2882 3028 3119 3487 3897 4060 4695 5055 5225 5716 5880 5933
887 22 54 225 457 463 636 650 936 1024 1517 1605 1625 1689 2373 2605 2737 2968 3030 3160 3203 3657 3802 3837 3864 3993 4491 4545 4565 4629 4832 5002 5155 5229 5285 5384 5423 5673
888 36 579 583 589 699 735 902 931 990 994 1135 1597 1619 1648 2025 2205 2556 2840 2948 3019 3079 3239 3370 3577 3723 3919 4268 4423 4450 4726 4780 5123 5163 5443 5456 5815
889 79 81 833 930 943 1599 1718 2011 2110 2436 2563 2591 3039 3430 3543 3562 3594 3610 4147 4205 4824 4860 5159 5377 5644 5801 5951
890 262 621 816 1299 1724 1824 2119 2372 2386 2576 2795 2821 3022 3052 3124 3139 3653 3832 4315 4344 4382 4402 4600 4651 4771 5072 5552 5569 5741 5982
891 354 406 482 1193 1722 1891 2036 2181 2242 2526 2584 2812 2863 2913 3153 3292 3316 3527 4119 4256 4637 4701 4972 5138 5181 5407
892 33 224 366 381 447 457 461 1186 1448 1668 1887 2022 2050 2160 2504 2541 3312 3392 3516 3549 3975 4239 4557 4629 5217 5360 5507 5726 5857
893 10 88 523 554 775 870 927 1390 1465 1581 1668 2096 2509 2596 2671 2676 3456 3561 3735 3984 4296 5226 5364 5447 5780
894 281 443 486 563 593 699 968 976 1021 1038 1316 1444 1497 1765 2050 3121 3254 3257 3504 4216 4384 4505 4525 4549 4603 4676 4830 5006 5474 5660 5853
895 110 329 657 741 1077 1194 1229 1275 1326 1374 1435 1494 1736 1881 1936 2071 2147 2467 2520 2946 2953 2965 3300 3328 3470 4205 4248 4277 5269 5828 5839
896 367 442 600 936 1019 1226 1233 1236 1421 1475 1497 1772 1960 2112 2221 2640 2859 3230 3756 3810 4251 4475 4752 4902 5243 5357 5487 5579 5784
897 27 151 173 370 527 598 1264 1437 1445 1947 2174 2186 2378 2585 2799 3131 3143 3476 3680 3695 3819 4064 4170 4186 4382 4666 4796 4890 5117 5156 5170 5177 5253 5326 5539 5694
898 264 342 571 652 723 766 945 1177 1320 1680 1700 1949 2015 2454 2480 2524 3036 3260 3733 3748 4119 4349 4441 5019 5104 5211 5243 5263 5545 5859
899 68 171 288 410 449 936 982 999 1046 2290 2454 2485 2743 2995 3140 3272 3439 3735 4064 5407 5474 5654 5923
900 284 344 360 1289 1387 1393 1668 1831 1833 1956 2189 2322 2796 2798 2924 3167 3383 3770 3846 4403 4721 4901 5064 5362 5553 5566 5585 5754
901 77 497 728 771 971 1071 1115 1159 1220 1257 1448 1480 1524 1901 1978 2033 2142 2289 2322 2690 2739 3001 3099 3591 3627 3835 4172 4358 4460 4632 4769 4946 5320 5611 5707
902 141 191 230 286 529 564 592 701 888 1089 1170 1344 1465 1996 2027 2207 2931 2934 2983 3198 3415 3481 3528 3603 3699 4243 4264 4307 4357 4620 4687 4705 5060 5385 5530 5922
903 77 141 638 707 747 794 867 1676 2248 2288 2314 2700 2714 2790 3077 3100 3321 3534 4124 4235 4816 4914 5104 5490 5648 5653 5821
904 30 753 883 964 1027 1275 2097 2158 2289 2421 2672 2791 3496 3556 4116 4258 4756 5303 5316 5503
905 164 224 377 758 844 1030 1407 1482 1575 1680 1755 1805 2316 2489 2674 3142 3430 3758 3924 4140 4182 4188 4293 4306 4770 4827 4945 4948 5100 5306 5654 5726 5770 5771 5893
906 233 443 1221 1620 1784 1856 1881 1986 2022 2047 2493 2841 3274 3283 3310 3354 3769 3775 4054 4541 4599 5129 5382 5630 5713
907 272 358 368 434 557 590 636 663 1450 1664 1810 1832 2212 2506 2569 2719 2937 3131 3186 3203 3449 3486 3617 3684 4323 4523 4591 4606 5013 5236 5454 5494 5567 5589 5590
908 96 719 2102 2579 2743 3073 3210 3594 3828 3915 3977 4082 4565 4950 5286 5418 5826
909 5 50 289 391 592 632 960 1018 1034 1287 1318 1488 1507 1844 2324 2662 2748 3002 3048 3136 3321 3435 4033 4165 4437 4490 4551 4579 4778 4826 5023 5078 5292 5838
910 180 352 654 1074 1087 1256 1388 1512 1787 1820 1829 2016 2357 3136 3560 3609 3761 3840 4150 4172 4233 4365 4583 4798 4853 4897 5007 5045 5061 5159 5248 5569 5582 5681 5780 5871
911 298 662 680 879 1260 1638 1825 1847 2240 2359 2731 2834 3508 3519 3767 4239 4267 4321 4584 4706 5108 5124 5366 5592
912 436 816 929 1105 1161 1293 1392 1423 1535 1832 1987 2557 2799 2874 3117 3747 3919 4002 4316 4827 4974 5056 5588
913 311 1048 1536 1640 2034 2226 2289 2441 2811 2971 3353 3463 3908 3917 3932 3988 4422 4486 4946 5115 5933
914 75 130 838 877 944 1024 1377 1384 1873 1881 1902 2011 2129 2311 2339 2864 2919 3158 3306 3376 3533 3851 3934 4267 4574 4620 4952 5092 5371 5879
915 7 723 1625 1766 1915 1979 2335 2563 2591 2849 3069 3140 3147 3255 3631 3746 3961 4556 4748 4873 4975 5012 5049 5366 5712 5753 5801 5975
916 3 174 570 1209 1236 1773 1865 2042 2285 2321 2743 3161 3325 3382 3416 3675 3984 4175 4213 4532 4565 4668 4705 5162 5425
917 87 140 243 445 458 1408 1880 1942 2104 2231 2558 2571 2858 2897 2973 3049 3213 3400 3754 3968 4037 4111 4148 4300 4635 4910 4966 5339 5803
918 164 289 337 679 780 1012 1241 1385 1409 1554 1751 1808 1829 1980 2076 2145 2437 2658 2784 3327 3519 3845 3866 4111 4343 4391 4504 4686 5288 5440 5808
919 14 27 794 989 1632 1770 2259 2534 2828 3549 3612 3718 3808 3848 4049 4102 4130 4302 4443 4513 4682 4795 5009 5092 5230 5379 5500 5543 5740 5816 5963
920 241 289 302 384 400 402 471 805 1254 1439 1498 1535 1589 2683 2772 3018 3129 3186 3345 3348 3596 3824 3901 3995 4053 4200 4689 4826 4882 5827 5829
921 99 254 348 864 1096 1187 1235 1267 1446 1545 1584 1857 2031 2389 2505 2534 2551 2698 2897 3026 3171 3402 3529 3697 3773 3788 3970 4042 4101 4288 4420 4526 4677 4931 5225 5252 5936
922 433 639 873 1344 1471 2318 2490 2503 2839 3110 3251 3462 3503 3691 3822 3831 4022 4135 4147 4280 4887 4889 5097 5337 5998
923 249 335 554 837 1724 1753 1912 2082 2225 2244 2613 2800 3049 3051 3194 3223 3260 3385 3441 3556 3700 4020 4143 4478 4658 5127 5248 5516 5641
924 8 374 462 860 861 999 1083 1330 1343 1363 1423 1528 1551 1730 1931 2015 2079 2081 2197 2669 2737 2903 3084 3172 3296 3347 4076 4185 4593 4689 4907 4972 5497 5523 5964
925 54 81 296 433 560 1211 1374 1477 1765 1936 2311 2372 2761 2805 2874 3024 3221 3226 3428 3457 3484 3488 3584 3856 3987 4230 4439 4595 4608 4678 4728 4815 5019 5118 5192 5295 5481 5510 5711 5733 5997
926 217 407 481 635 793 955 1211 1680 1798 1995 2059 2093 2198 2287 2393 2483 2505 2531 2953 2968 3248 3332 3920 4076 5141 5604
927 68 108 209 550 657 732 763 773 821 841 867 893 980 984 1057 1169 1429 1504 1674 1718 1742 1869 2503 2596 3006 3167 3184 3258 3319 3392 3650 3830 3882 3911 4434 4806 5214 5369 5658
928 303 341 530 872 1017 1052 1067 1168 1339 1497 1574 1657 1990 2391 2730 2940 2974 3495 3551 3721 3835 3839 4010 4247 4291 4777 5168 5181 5199 5505 5734
929 71 350 370 622 731 912 1229 1259 1599 1821 2091 2210 2605 2877 2994 3003 3021 3089 3421 3597 3634 3654 4090 4117 4205 4375 4841 4936 5234 5359 5474 5575 5726 5973
930 194 228 588 644 692 869 889 1086 1163 1173 1251 1390 1415 1915 2040 2277 3323 3562 3634 3942 3956 3987 4395 4602 4786 4883 4937 4942 5164 5274 5491 5863
931 467 521 756 888 1206 1251 1794 2355 2466 3189 3819 3842 3844 4205 4413 4650 5104 5540 5603 5682 5696 5755 5807 5870
932 160 426 526 726 1290 1320 1432 1582 2137 2334 2375 2625 2698 2737 3384 3576 3819 3839 3997 4099 4244 4317 4406 4612 4664 4747 4793 5022 5235 5470 5632 5837 5915 5937
933 420 549 1068 1079 1164 1170 1408 1431 1523 1684 1985 2281 2333 2352 2504 2850 2856 3317 3773 3837 4020 4091 4159 4481 4587 4803 5024 5140 5630 5924 5966
934 146 236 340 548 656 841 1619 1670 1776 1985 2547 2683 2959 3113 3296 3711 3780 4033 4188 4337 4785 5036 5141 5386 5502 5562 5813
935 2 89 548 601 828 984 999 1036 1103 1184 1288 1378 1386 1593 1675 1934 2139 2236 2741 2956 3098 3316 3352 3732 3766 3944 3998 4319 4389 4683 4924 4956 5115 5155 5322 5512 5728 5741 5760 5770
936 581 608 887 896 899 1052 1273 1511 1579 1867 1927 2021 2122 2260 2456 2594 2675 3023 3034 3104 3191 3276 3436 3547 3828 4056 4335 4426 4466 4610 5018 5032 5626 5688 5772 5906 5951 5976
937 646 773 822 842 856 966 1209 1393 1451 1968 2544 2597 2684 3871 4014 4138 4291 4501 4828 5640 5899
938 94 245 272 378 519 797 866 1044 1133 1136 1191 1494 1822 2060 2188 2201 2366 2926 3399 3784 4154 4389 4650 4706 4805 4811 4939 5017 5105 5281 5440 5717 5812 5816
939 84 162 231 715 1110 1142 1369 1392 1402 1571 1612 1848 1907 1921 2217 2280 2421 2517 2625 2868 2875 2918 2926 3018 3214 3253 3486 3565 3585 4032 4305 4507 4680 4731 4859 4982 5229 5345 5622 5882 5906
940 129 987 1136 1198 1276 1441 1638 1826 1869 1938 1939 2073 2486 2489 2494 2628 2692 2914 3352 3574 3579 4000 4601 4669 4714 4763 5125
941 32 145 273 557 658 813 848 952 1214 1619 1826 1837 2101 2238 2568 3587 4040 4299 4579 4631 4681 4806 4849 5229 5261 5499 5540 5679 5784 5935
942 101 672 949 1198 1314 1498 1835 1890 2084 2347 2593 2785 2893 2959 3340 3507 3885 4162 4357 4391 4545 4556 4789 4851 4870 4935 5024 5123 5145 5207 5374 5435
943 126 137 144 430 455 799 889 1159 1216 1413 1681 1758 1975 2392 2644 2805 2988 3018 3223 3266 3280 3321 3364 3743 4095 4187 4262 4408 4816 5215 5432 5470 5532 5784
944 124 174 274 333 728 767 778 914 1392 1701 2107 2232 2395 2399 3295 3570 3689 3881 3936 4712 5057 5094 5222 5236 5253 5273 5345 5599 5670 5730 5764 5769 5994
945 156 559 721 801 898 982 1034 1098 1140 1811 1835 1863 2012 2428 2435 3028 3415 3659 4251 4325 4366 4826 4847 4852 5628 5638
946 27 328 340 494 764 953 1127 1557 1732 2453 2683 2862 2943 3169 3200 3271 3273 3285 3458 3685 3738 3996 4251 4384 4589 4616 4856 5183 5452 5705 5856 5985
947 29 390 494 862 863 883 1007 1138 1148 1336 1387 1543 1914 1975 2226 2251 2317 3089 3152 3322 3530 3592 3596 3727 3834 3973 3979 4004 4613 4746 4859 5450
948 21 480 645 1074 1476 1535 1697 1845 1847 1967 2095 2306 2324 2454 2499 2536 2673 2841 2852 2973 3183 3253 3479 3964 4170 4254 4313 4353 4769 4970 5110 5259 5278 5527 5689 5798 5802 5921 5955
949 26 75 792 942 995 1039 1313 1397 1565 1920 1936 2142 2468 2867 2966 3046 3065 3414 3638 3918 4257 4348 4447 4504 4678 5167 5967
950 37 39 134 354 426 478 624 773 846 849 1018 1091 1178 1283 1995 2150 2243 2450 2717 2767 2864 3065 3116 3259 3772 3786 3955 3956 4199 4244 4342 4743 4784 4865 4898 4908 4979 5238 5475 5498 5558 5580 5591 5661 5705 5752 5773 5898
951 395 481 540 696 725 1370 1812 1914 2008 2142 2256 2434 2553 2941 3514 3626 3723 3923 4583 4758 4770 4862 5095 5103 5509 5760 5844
952 522 806 941 1213 1215 2044 2074 2260 2295 2361 2404 2664 3004 3115 3188 3407 3415 3440 3608 3802 4568 4633 4649 4941 5513 5669 5916
953 90 220 349 352 353 357 483 497 818 946 992 1421 1588 2110 2165 2335 2402 2466 2636 2709 2794 2977 3134 3193 3443 3611 3723 3729 3778 3864 3954 4177 4576 4643 4908 5362 5494 5509
954 228 279 349 1180 1361 1438 2031 2229 2641 2911 3044 3553 4001 4375 4856 5123 5194 5240 5534
955 64 222 439 492 540 641 926 1081 1515 1641 1718 2154 2185 2784 3158 3217 3584 3742 3872 4058 4165 4205 4425 4467 5464 5949
956 450 1559 1764 1907 2093 2195 2257 2407 2497 2640 3014 3351 3546 3570 3823 3919 4153 4410 4610 4612 4755 4835 5083 5231 5391 5456 5638 5729 5913 5978
957 13 132 337 524 600 601 710 725 816 1388 1421 1842 1869 1885 2449 2670 2724 3024 3176 3254 3277 3464 3800 3854 3867 3881 4144 4683 4769 4788 5126 5188 5216 5961
958 79 113 332 562 758 877 969 1095 1118 1573 1910 2107 2304 2550 2901 3001 3030 3069 3080 3520 3735 4333 4499 4618 4744 4830 4894 5654 5687 5738 5756
959 43 216 714 755 966 1344 1843 2211 2457 2470 2558 2946 3033 3074 3199 3485 3648 3840 3890 4030 4031 4313 4329 4670 4833 5076 5258 5542 5751 5989
960 590 640 698 799 909 1251 1634 1659 1747 1813 1876 1965 2032 2260 2427 2526 2604 2767 2866 3095 3122 3141 3244 3286 3322 3432 3436 3719 3887 4043 4342 5332 5593 5730 5905
961 505 529 1253 1576 1821 2067 2111 2126 2129 2183 2271 2343 2615 2804 3060 3674 3933 4038 4100 4159 5079 5304 5416 5432 5821 5905 5960
962 246 486 581 1172 1384 1562 1573 1675 1730 1859 2584 2779 3235 3237 3349 3525 3615 3844 4276 4374 4424 4498 4569 4637 4771 4831 5138 5457 5806
963 313 375 544 792 799 1001 1495 1817 2012 2071 2277 2538 2660 2743 3168 3243 3322 3875 4334 4396 4519 4751 4876 5070 5133 5250 5462 5476 5929
964 904 1267 1770 1898 2206 2431 3161 3542 3551 3555 3585 3648 3939 4052 4483 4675 4697 5005 5235 5724 5760
965 138 486 608 735 1068 1247 1328 1363 1401 1562 1674 1712 1905 1993 2218 2938 3047 3059 3333 3496 3497 3586 3626 3919 4049 4097 4334 4586 4717 4745 4819 4926 4958 5177 5295 5602 5614 5872 5920 5949
966 97 159 239 363 383 410 436 722 842 937 959 1856 1966 2307 2715 2849 3165 3228 3377 3779 4057 4068 4202 4323 4349 4387 4475 4492 4816 4907 4916 5055 5079 5478 5583 5595 5797
967 160 378 396 710 726 1252 1258 1278 1343 1620 1632 1765 2575 2770 2807 2984 3036 3147 3261 3430 3567 3655 3834 4633 4811 4865 5029 5343 5520 5585 5606 5829 5953
968 309 390 636 652 663 831 868 894 1341 1366 1679 1805 1823 1994 2804 2809 2907 3008 3279 3341 3820 3827 3832 4176 4202 4480 4615 4639 4765 4913 4933 5001 5004 5293 5420 5722 5896 5960
969 153 196 501 849 958 987 1054 1297 1321 1724 1897 2157 2336 2517 2566 3162 3914 3958 4988 4990 5033 5214 5557 5589 5699
970 158 363 405 588 755 831 881 1295 1460 1613 2168 2443 2490 2576 2684 2693 2724 2773 3020 3030 3119 3157 3218 3962 4133 4168 4227 4464 4778 5059 5371 5488 5505 5569
971 0 272 307 840 841 901 1006 1193 1412 1472 1558 1815 1826 2018 2125 2382 2391 2493 3212 3213 3390 3836 3948 4127 4460 4690 4775 5112 5356 5488 5573
972 358 819 1185 1203 1657 1665 1710 2116 2211 2232 2327 2624 2631 2664 2822 3517 3584 3818 4174 4423 4498 4864 5080 5091 5243 5373 5510 5764 5848
973 278 605 631 761 765 1046 1216 1390 1490 1704 1759 1789 2079 2138 2139 2202 2359 2779 2990 3276 3382 3641 3658 3966 4014 4236 4393 5088 5926
974 28 129 377 689 764 1583 1698 1766 1779 1783 1870 2625 2800 3249 3335 3547 3741 3806 3882 4334 4370 4812 4892 5045 5179 5247 5327 5476 5591 5605 5736 5898 5909
975 33 179 461 626 745 764 783 1367 1886 1901 1913 2406 2758 2811 3438 3454 3607 3661 3771 4075 4161 4390 4632 5055 5092 5187 5276 5309 5728
976 33 696 788 814 894 1129 1236 1459 1825 2043 2069 2087 2143 2348 3006 3024 3331 3656 4058 4119 4836 5013 5061 5266 5427
977 109 743 1184 1195 1959 2056 2096 2364 2554 2771 2972 3176 3643 3862 4085 4374 4490 4642 5144 5285 5484 5520 5621 5675 5693
978 1 12 38 620 677 873 1198 1330 1468 1718 1797 2006 2482 3429 3639 3712 3717 3752 3918 4177 4405 4411 4549 4690 5035 5216 5256 5500 5724
979 125 565 767 798 1043 1073 1186 1573 1729 1814 1874 1999 2297 2414 2842 2953 2996 3244 3299 3531 3795 3896 3931 4020 4164 4216 4284 4455 4637 4657 4720 4770 4914 5087 5349 5884 5931
980 64 552 627 791 857 927 995 1062 1325 1395 1521 1607 1670 1972 2055 2898 3033 3050 3576 3670 3866 4322 4413 4790 4857 5453 5501 5735
981 132 307 330 865 1053 1461 1535 1716 1809 2117 2315 2492 2713 3049 3061 3163 3300 3884 3891 4111 4142 4342 4451 4471 5423 5533 5699 5767
982 651 899 945 1290 1409 1653 1890 2168 2346 2690 2720 2998 3012 3137 3152 3178 3232 3408 3493 3548 3577 3837 3871 3918 4047 4090 4419 4492 4596 4864 5019 5535 5552 5725 5777 5826
983 465 473 706 1065 1069 1298 1498 1590 1618 1992 2511 2683 2802 3193 3301 3440 3479 3787 4132 4172 4173 4287 4316 4469 4852 5061 5632 5792 5809 5853 5925
984 68 841 927 935 1275 1314 1698 1982 2256 2428 2509 2861 3700 3701 3742 3804 3988 4038 4171 4409 4490 4603 4870 5439 5493 5522 5650
985 328 396 451 1566 2118 2163 2472 2862 3471 4052 4066 4071 4254 4475 4618 4711 4781 5226 5710 5758
986 32 253 468 640 678 847 1185 1258 1471 1537 1603 2015 2083 2117 2146 2163 2221 2239 2258 2447 2594 2659 2690 2703 2940 3129 3202 3394 3487 3836 3900 4030 4455 4804 4844 4852 4876 4998 5021 5194 5211 5434 5535 5735
987 572 940 969 1176 1237 1271 1287 1371 1382 2255 2414 2518 2545 2610 2699 3086 3098 3134 3509 3717 3972 4338 4349 4381 4677 4767 5001 5055 5168 5191 5197 5355 5659 5717 5792
988 24 821 995 1221 1243 1322 1815 1826 1890 1978 2050 2320 2409 2707 2833 2839 2872 2874 2912 2976 3414 3520 4079 4233 5242 5484 5801
989 22 295 458 706 813 814 855 919 1512 1899 1913 2330 2785 3384 3445 3790 3841 3885 3888 4108 4119 4230 4501 4840 5160 5334 5398 5571 5633 5965
990 125 210 424 677 718 888 1009 1254 1524 1568 1775 1789 1799 2056 2158 2223 2526 2554 2928 3022 3276 3580 3847 3878 3987 4066 4101 4150 4368 4418 5127 5369 5756
991 996 1022 1185 1259 1778 1967 2048 2091 2557 2582 2583 2945 3010 3270 3352 3452 3469 3559 3836 3900 4086 4352 4673 4675 4827 5072 5216 5220 5225 5452 5682 5756 5924 5941
992 134 416 481 593 795 953 1205 1217 1619 1897 1938 2132 2736 3029 3419 3455 3732 3870 3941 3994 4219 4377 4700 4810 4821 5010 5336 5366 5427 5431 5484 5567 5679 5808
993 147 157 379 1207 1217 2042 2273 2451 2768 2922 2999 3403 3415 4235 4265 4570 4810 5164 5490 5578 5917 5968
994 198 374 555 888 1021 1283 1341 1549 1606 1783 2054 2224 2807 3334 3755 3776 4134 4335 4483 4591 4746 5220 5366 5457 5838
995 41 74 318 346 450 467 544 671 949 980 988 1396 1619 1680 2067 2549 2718 2760 2953 3489 3525 3757 4517 4565 4745 4786 5006 5121 5435 5445 5750 5853
996 178 230 258 320 328 473 659 991 1450 1623 1800 1803 1931 2094 3486 3796 3821 3999 4286 4316 4904 5000 5099 5211 5371 5471 5527 5661 5725 5791 5913
997 170 261 271 273 318 817 1049 1124 1446 1514 1581 1600 1753 1829 1894 2014 2439 2505 2817 3259 3502 3555 3789 3839 3889 3917 4078 4447 5033 5191 5508 5693 5711 5751 5785 5806
998 36 208 438 564 573 733 1516 2108 2535 2618 3295 3751 3840 3850 3975 4214 4599 4700 5165 5270 5279 5343 5472 5689 5776
999 497 682 861 899 924 935 1041 1173 1539 1540 1558 1763 1904 1975 2106 2305 2363 2705 2842 2870 2903 2940 2958 3364 3583 3612 3730 3759 3938 3976 4159 4543 4748 4866 4948 5406 5587 5699 5871 5943
1000 10 116 196 1157 2033 2232 2271 2703 2832 3084 3406 3705 3732 3955 4107 4275 4870 5633 5800
1001 50 319 552 782 836 852 963 1193 1235 1610 1740 1810 2326 2578 3556 3746 4024 4029 4659 5275 5328 5374 5406 5480 5728 5767
1002 42 233 419 536 605 1295 1343 1366 1446 1792 1802 2304 2333 2566 3289 3516 3580 3630 3979 4034 4150 4159 4346 4487 4709 4920 5726 5819 5938
1003 132 592 771 787 829 840 846 1254 2217 2563 2625 2647 3133 3288 3317 3519 3936 3973 4021 4669 4998 5127 5542 5581 5753
1004 103 386 391 529 643 827 1084 1244 1392 1414 1587 1615 1853 1904 2186 2678 2896 3014 3075 3238 3285 3315 3599 3614 3731 4055 4074 4170 4407 4412 5009 5048 5276 5465 5717
1005 100 169 274 417 486 538 1155 1162 1220 1379 1387 2065 2457 2544 3001 3358 3644 3743 3957 3960 4038 4413 4427 4441 4988 5417 5565 5662
1006 231 528 656 713 734 971 1093 1200 1414 1424 1539 1734 1921 1957 2220 2406 2437 2548 2648 2687 2888 2906 3469 3772 4053 4131 4179 4423 4759 5001 5073 5428 5821 5857
1007 25 300 612 819 947 1224 1651 1700 1724 2014 2553 2769 2917 3070 3074 3157 3327 3386 3624 4318 4691 5086 5241 5410 5420 5482 5861
1008 189 343 605 735 830 1486 1594 1613 2094 2571 2659 2849 2917 3011 3237 3391 3473 3649 3678 3772 3806 3833 4077 4111 4217 4228 4335 4486 5055 5313 5389 5397 5428 5625 5854 5872 5912
1009 338 438 503 578 732 793 990 1025 1347 1361 2022 2871 3250 3643 3657 3747 3749 4021 4215 4269 4493 4645 4922 5083 5254 5331 5722 5953 5959
1010 195 548 686 1290 1415 1590 1678 1695 1897 2055 2737 2781 2881 3179 3531 3573 3897 4402 4447 4501 4515 4770 5046 5197 5664
1011 51 195 635 815 863 874 1211 1269 1390 1709 1945 2350 2867 2928 3019 3817 3995 4384 4475 4794 4982 5261 5546 5645 5780 5837 5943
1012 12 439 509 550 649 709 918 1569 1618 1644 1689 2177 2368 2420 2663 3425 3457 3700 3739 3844 4027 4136 4689 4806 4877 5039 5064 5169 5543
1013 203 354 632 1268 1586 1639 1846 2038 2114 2356 2470 2681 2858 2908 3450 3771 3859 4013 4210 4268 4464 4587 4900 4997 5144 5286 5293 5558 5602
1014 332 399 416 762 1398 1523 1669 2083 2374 2420 2484 2990 3025 3161 3323 4073 4243 4598 4827 5469 5473
1015 141 306 1053 1403 1662 1694 1715 1743 1771 1798 1913 2053 2133 2527 2588 2782 3018 3259 3307 3316 3390 3473 3618 3766 3867 4086 4096 4282 4373 4506 5087
1016 81 180 252 362 416 656 680 870 1561 1645 2320 2598 3398 3640 3876 3970 4389 4424 4666 4731 4998 5054 5058 5080 5363 5662
1017 432 467 928 1086 1237 1642 2291 2314 2454 2554 2578 2731 2806 2814 2901 2923 3320 3535 3567 3691 3762 3834 3897 4011 4310 4329 4550 4773 5218 5564
1018 50 343 426 874 909 950 1261 1373 1477 1629 1706 1721 1768 1822 1931 2121 2238 2259 2384 2422 2530 2605 2944 3097 3296 3477 3491 3925 3985 4020 4319 4608 4767 4852 5115 5126 5297 5404 5502 5759 5808
1019 171 616 635 647 896 1205 1242 1300 1316 1407 1528 1620 1625 1626 1880 1987 2424 3023 3032 3048 3242 3816 3852 3919 4163 4279 4305 4404 4425 4444 4559 4816 5133 5262 5592 5620 5627 5683 5701
1020 427 478 621 1198 1227 1231 1484 1490 1493 1700 1826 2025 2055 2079 2496 2921 2937 2966 3024 3164 3571 3612 3638 3882 4118 4126 4178 4366 4636 4673 4739 4919 5370 5828 5863
1021 109 151 243 259 455 465 571 718 894 994 1226 1575 1676 1701 1915 1969 2024 2081 2284 2383 2472 2702 2835 2930 3097 3797 3916 4638 4966 4970 5128 5166 5257 5361 5915
1022 111 320 991 1109 1201 1243 1408 1578 1756 2086 2088 2238 2440 2479 2690 3335 3507 3635 3831 3908 4469 4551 4583 4645 4762 4976 5017 5403 5417 5860
1023 61 331 704 714 780 802 869 1085 1410 1668 1875 2106 2243 2459 2517 2643 2663 2773 2819 3562 3753 3913 4153 4637 5292 5360 5693 5781
1024 65 516 681 803 887 914 1333 1390 1596 2317 2521 2988 3595 4088 4138 4329 4496 4584 5257 5285 5410 5608
1025 118 452 605 637 640 1009 1240 1283 2159 2169 2446 2658 2752 2883 2971 3144 3279 3540 4145 4202 4493 4728 4857 5046 5148 5182 5201 5215 5221 5315 5581 5836
1026 8 128 295 339 440 742 856 1201 1664 1700 1733 2373 2540 2595 2735 2762 2819 3230 3236 3262 3300 3485 3537 3727 3893 4151 4301 4507 4594 4974 5171 5504 5610
1027 4 96 126 245 293 502 515 584 874 904 1162 1210 1218 2002 2233 2290 2557 2839 2891 3164 3521 3580 3600 3990 3992 4177 4347 4530 4575 4835 4854 5096 5139 5194 5222 5239 5651 5842
1028 342 552 669 788 1168 1254 1520 1723 2278 2393 2476 3029 3463 3664 3751 3960 3962 4315 4431 4593 4816 4826 5186 5371 5471 5596 5658
1029 413 445 689 771 797 803 1116 1274 1430 1481 1513 1885 1894 1911 1988 2061 2088 2379 2537 3364 3437 3732 3759 3777 3795 3842 3912 4046 4122 4439 4646 5056 5186 5291 5625 5874 5945
1030 692 905 1177 1279 1938 2015 2121 2212 2492 2632 2641 2854 2931 3288 3382 3547 3625 3946 4746 4895 4990 5081 5229 5313 5598 5611 5657 5978
1031 651 1494 1563 1683 1818 2190 2225 2237 2387 2485 2779 2809 3067 3161 3221 3891 4002 4035 4179 4242 4392 4464 4699 4931 5066 5168 5276 5350 5381 5487 5576 5650
1032 59 86 139 386 559 773 827 1190 1220 1614 1878 1928 1979 1989 2802 2909 3228 3231 3350 3511 3542 3650 3980 4115 4594 4728 4915 5058 5573 5724
1033 188 730 1069 1665 1716 1803 1873 1942 2155 2213 2255 2257 2373 2402 2458 2687 2908 3520 3866 4059 4246 4341 4405 4505 4576 4708 4773 4851 5052 5163 5231 5252 5491 5764 5779
1034 80 406 909 945 1236 1253 1558 1567 1713 1980 2456 2763 2829 3056 3116 3673 4006 4052 4065 4171 4198 4265 4319 4402 4492 4556 4602 4879 5020 5062 5687 5913 5943
1035 433 542 754 831 1303 1775 1790 2697 3108 3236 3643 4290 4441 4467 4623 4989 5366 5660
1036 112 394 724 935 1068 1257 1337 1378 1921 2267 2323 2651 3457 3472 3563 3974 4283 4296 4362 5012 5050 5370 5561 5611 5936
1037 98 683 1165 1312 1403 1527 1558 1677 1973 2436 2606 2649 2989 3032 3098 3140 3468 3709 3774 4037 4284 4581 4842 5219 5269 5747 5769 5791 5828 5853
1038 89 285 321 348 366 672 894 1451 1562 1604 1626 1683 1723 1781 1795 1986 1997 2473 2982 3180 3323 3378 3513 3936 4855 4967 5130 5365 5455 5788 5847 5990
1039 222 490 885 949 1077 1467 1693 1879 2221 2521 2591 2768 2844 3009 3049 3215 3302 3554 3557 3599 3719 3733 3886 4122 4177 4226 4258 4266 4411 4430 4433 4805 4855 5009 5148 5184 5306 5855
1040 215 262 320 365 733 749 1348 1368 1423 1723 1860 2011 2485 2663 2868 2958 3285 3633 4030 4379 4793 5014 5063 5099 5568 5671 5736
1041 163 379 659 665 714 752 775 999 1271 1603 1914 2080 2259 2405 2620 2911 3162 3164 3441 3728 3833 3906 4228 4278 4307 4309 4441 4483 4669 4840 4896 5461 5517
1042 282 338 443 459 671 683 701 800 1171 1272 1385 1869 2222 2766 2860 3387 3391 3523 3573 3676 3789 4324 4599 4701 4832 4954 4975 5171 5560
1043 148 259 273 315 452 464 624 813 979 1176 1281 1435 1616 1946 1959 2295 2614 2682 3162 3251 3495 3545 3555 3663 3857 4363 4449 4625 4826 5088 5145 5273 5616 5632 5634 5712 5722 5842 5990
1044 168 715 938 1292 1450 1649 2068 2197 2522 2975 3243 3346 3492 3604 4010 4225 4466 4605 4842 4848 4997 5049 5141 5270 5463 5764 5979
1045 304 411 1048 1078 1133 1205 2237 2705 3102 3260 4070 4435 4560 4696 4960 5348 5416 5444 5808
1046 61 899 973 1150 1386 1505 1527 1812 2165 2415 2470 2615 2714 3090 3162 3633 4257 4529 4568 4845 4976 5134 5356 5366 5429 5535 5746 5755 5811 5889 5923
1047 6 197 539 554 575 784 1085 1157 1942 2170 2666 2900 2921 3056 3129 3175 3270 3437 3945 4001 4086 4157 4169 4667 4779 5042 5368 5641
1048 439 849 873 913 1045 1289 1392 1575 2126 2157 2541 2668 2698 3172 3768 5157 5165 5271 5325 5572 5775 5801 5963
1049 82 124 324 464 709 739 828 997 1164 1345 1420 2240 2252 2409 2473 2643 3062 3075 3099 3297 3569 3609 3660 3675 4001 4136 4545 4701 4772 4868 5241 5275 5491 5764
1050 20 218 581 672 728 805 1390 2033 2051 2058 2132 2179 2873 3190 3237 3282 3436 3578 3713 3746 4913 5170 5208 5220 5300 5351 5375 5485 5499 5604 5707 5845
1051 168 232 584 1417 1526 1562 1664 1690 1869 1915 2131 2415 2432 2480 2660 2771 2798 2840 3143 3752 3816 3953 3992 4047 4354 4386 4880 4906 5364 5433 5623 5944
1052 212 548 590 636 928 936 1356 2031 2167 2455 2580 2627 2966 3151 3242 3250 3433 3472 3539 4140 4204 4231 4821 5275 5478 5800 5858 5868
1053 345 510 877 981 1015 1062 1481 1555 1592 1647 1692 1853 2454 2503 2847 2861 3234 3409 3416 3781 3843 4346 4431 5193 5461 5749 5851
1054 356 567 700 714 756 782 969 1597 1793 1940 1968 2152 2897 3230 3279 3329 3367 3396 3460 3732 3798 3864 3959 3962 3983 4108 4136 4287 4524 4741 5290 5478 5523 5706 5717
1055 33 40 206 221 321 609 639 776 796 1105 1597 1709 1817 1985 2080 2262 2450 2473 2496 2794 2874 2968 3017 3262 3267 3290 3544 3659 3751 4527 5251 5594 5612 5942 5964
1056 234 382 579 797 830 1385 1552 1631 2006 2188 2541 2542 2610 2671 2713 3022 3049 3354 3386 3496 3836 4020 4058 4247 4441 4707 4762 4892 4899 5577
1057 1 778 927 1800 1922 2075 2120 2167 2195 2402 2499 2607 2803 2811 2817 3046 3080 3298 3443 3898 4022 4131 4780 4810 5384 5505 5914 5987
1058 238 886 1096 1137 1451 1484 1586 1636 1706 1782 1965 2083 2093 2210 2514 2617 2787 2993 3008 3037 3113 3232 3297 3425 3548 3655 3768 4539 4660 4673 4952 5216 5468 5569 5701 5878 5911 5928
1059 73 417 750 1225 1294 1731 1916 1922 1951 2863 3435 3484 3523 4114 4538 4593 4793 4838 5486 5640 5693 5780 5994
1060 288 714 1167 1516 1665 1786 2189 2438 2549 2662 3084 3635 3875 3936 4396 4555 5138 5291 5508
1061 1 143 337 586 1123 1238 1324 1329 1870 1874 1961 2045 2390 2552 2597 2800 2841 2952 3083 3202 3951 4139 4247 4649 4717 4885 5063 5097 5140 5301 5475 5653
1062 281 294 980 1053 1152 1177 1243 1313 1596 2310 2647 2673 3042 3084 3129 3184 3255 3286 3551 3608 3900 4089 4314 4569 4889 5039 5179 5412 5701 5857
1063 346 369 751 1221 1410 1538 1568 1597 1607 1726 1833 1880 1920 2009 2221 2349 2687 2991 3127 3185 3263 3574 3606 3620 3703 3709 3721 3881 4125 4384 4395 4465 4502 4951 5219 5786 5991
1064 57 168 223 491 659 1832 2317 2380 2539 3265 3533 3675 3841 3989 4101 4544 4935 5362 5544 5866 5982
1065 741 983 1087 1277 1584 1729 1759 1777 1812 2168 2321 2505 2750 2922 3160 3284 3317 3383 3726 3955 4438 4545 4635 4663 4854 4904 5360 5389 5534 5903
1066 206 391 613 876 1365 1647 1938 2542 2551 2960 2980 3025 3535 3821 3909 4068 4214 4558 4617 4987 5182 5999
1067 545 704 928 1078 1307 1543 1607 1776 1922 2039 2205 2786 3255 3447 3601 4059 4090 4091 4254 4316 4803 4936 4989 5251 5313 5503 5569 5771 5969
1068 67 198 719 933 965 1036 1094 1408 1438 1488 2083 2866 2911 3026 3137 3611 3780 4142 4338 4471 4501 4567 5067 5180
1069 168 232 334 383 494 835 983 1033 1222 1251 1918 1920 2363 2703 2876 2906 3069 3127 3406 3533 3774 3836 4124 4260 4381 4634 4884 4888 4920 5578
1070 753 1352 1457 1838 1945 2011 2179 2547 2697 2906 2922 2965 3056 3201 3415 3628 3654 3778 4031 4261 4327 4452 4546 4794 5069 5407 5478 5536 5738
1071 18 147 229 901 1368 1544 1949 1953 2218 2738 2928 3182 3244 3569 4247 4602 5281 5439 5450 5505 5761 5998
1072 459 507 530 661 1131 1343 1385 1448 1982 2194 2611 2615 3181 3425 3566 3577 3601 3759 4180 4495 5086 5320 5349 5637 5855
1073 135 809 979 1345 1688 2124 2763 2847 3196 3239 3273 3280 3339 3346 3410 3540 3545 3603 3871 4022 4623 5546
1074 7 283 617 707 738 772 871 910 948 1183 1438 1692 1800 1921 1973 2063 2265 2480 2711 2981 3007 3171 3255 3491 3610 3924 4024 4029 4438 4668 5049 5160 5420 5532 5734 5775 5828 5906
1075 253 338 414 572 688 823 1215 1638 1794 1943 1975 2029 2106 2492 2537 3146 3298 3522 3666 3693 3970 4228 4522 4757 4821 5614 5635
1076 647 1229 1249 1255 1645 2217 2275 2461 2488 2569 2655 2673 2767 2790 3033 3064 3243 3549 3836 3872 4161 4297 4423 4506 4600 4652 5245 5479 5486 5668 5692 5736 5826
1077 44 295 391 628 771 895 1039 1227 2130 2433 2493 3120 3150 3860 4404 4503 4701 4929 5913
1078 17 74 144 215 394 742 1045 1067 1138 1309 1770 2247 2356 2573 2598 3312 3477 3490 3559 3915 4946 5058 5164 5477 5947
1079 378 611 683 933 1085 1144 1187 1205 1324 1462 1801 1836 1858 1888 2097 2098 2227 2452 2475 3121 3146 3353 3416 3680 3821 3851 3948 4062 4104 4121 4360 4368 4470 4543 5210 5393 5781 5793
1080 100 272 706 1335 1484 1519 1728 2086 2100 2484 2498 2501 2507 2585 2630 2852 2922 3155 3840 4018 4077 4166 4167 4245 4440 4820 4870 4874 4962 5425 5554 5656 5805 5944
1081 396 492 562 955 1258 1461 1682 1710 2331 2426 2977 3063 3623 3848 4036 4634 4663 4665 4716 4752 5076 5354 5515 5656 5845 5931
1082 298 492 1233 1238 1297 1501 1587 1704 2612 2631 2808 2895 3526 3685 4451 4871 4941 5185 5221 5340 5343 5869
1083 34 87 924 1276 1431 1638 1666 1746 1798 1965 2206 3080 3415 3764 3998 4037 4753 4854 5459 5620 5675 5879
1084 267 372 434 864 1004 1278 1398 1513 1794 1866 2034 2345 2785 3031 3169 3219 3911 4255 4309 4344 4388 4544 4979 5415 5699
1085 16 53 65 135 137 377 412 610 747 795 1023 1047 1079 2144 2440 2652 3117 3233 3332 3391 3521 3681 3694 3727 3832 4314 4324 4368 4862 5288 5442 5682 5831 5928 5980 5995
1086 200 250 278 381 643 719 930 1017 1164 1538 1750 1789 2118 2577 2738 2810 3086 3158 3525 4056 4397 4529 4905 5301 5517 5706 5845
1087 416 866 870 910 1065 1350 1706 1838 2480 2649 2715 2861 3097 3580 3607 3635 3672 3797 4401 5161 5188 5248 5318 5728 5786
1088 498 539 636 856 1371 1390 1596 1745 1876 2115 2182 2277 2638 3037 4150 4164 4437 4563 4649 4826 4841 4854 4864 5095 5477 5792 5948
1089 232 597 902 1090 1099 1309 1684 1836 1916 1995 2227 2625 4168 4493 4541 4610 4662 4977 4985 5018 5187 5443 5558 5734
1090 49 81 287 362 599 732 1089 1807 2379 3094 3341 3441 3487 3659 3934 3993 4467 4697 4971 5300 5820
1091 99 631 950 1197 1464 1609 1701 1771 1870 2047 2110 2151 2475 2552 2569 2589 2663 3085 3397 3514 3530 3682 4038 4191 4516 4579 5140 5360 5385 5588 5653 5672 5750 5939
1092 68 125 395 409 422 510 517 585 778 847 1165 1234 1510 1556 2291 2420 2484 2520 2534 2561 2642 2860 3215 3281 3328 3357 3475 3550 3694 4038 4063 5041 5064 5069 5087 5113 5356 5427 5570 5893
1093 144 282 283 340 502 654 660 711 746 851 864 1006 1127 1169 1327 2260 2295 2366 2934 3174 3182 3359 3697 3721 3818 3849 4043 4160 4191 4594 4808 4815 5101 5567 5581 5857 5979
1094 373 544 1068 1201 1255 1714 2291 2437 2502 2793 2919 3371 3461 3517 4299 4385 4528 4577 4618 4755 4806 5089 5161 5470 5474 5639 5909
1095 36 60 152 227 404 553 795 958 1132 1471 1547 1757 2249 2430 2520 2789 2811 2954 3023 3172 3219 3394 3805 3860 4284 4633 4857 4921 4930 5067 5622 5954
1096 129 140 152 385 475 616 921 1058 1121 1178 1497 1502 1529 1902 1981 1991 1993 2595 3157 3234 3334 3457 3467 3498 3538 3549 4019 4723 4748 5076 5148 5179 5522
1097 230 419 741 746 1159 1280 1349 1381 1553 1958 1975 2181 2466 2698 2900 2985 3244 3516 3676 3781 4276 4423 4460 5037 5517 5520 5578 5937
1098 116 131 264 945 1215 1364 1770 1847 1985 2049 2137 2156 2268 2433 2600 2727 2822 2974 3077 3221 3303 3305 3323 3769 3928 4360 4532 4689 4790 4937 5031 5046 5237 5804 5968
1099 49 67 267 341 561 613 1089 1532 1641 2438 2450 2453 2720 2852 2866 2976 3105 3318 3511 3551 3693 3803 4439 4441 4465 4698 5268 5475 5876 5980
1100 35 44 141 816 1248 1332 1669 1795 2112 2168 2341 2355 2592 3073 3187 3419 3441 3470 3492 3623 3794 3876 3923 4175 4306 4500 4940 4958 5013 5230 5338 5345
1101 694 1169 1171 1399 1434 1850 2105 2299 2519 2598 2722 2797 2908 2951 3407 3630 3658 3728 4208 4571 4610 4679 4915 5083 5437 5610
1102 83 169 314 316 374 434 552 619 1120 1133 1192 1470 1573 1637 1804 2155 2188 2387 2626 2971 3111 3129 3134 3335 3436 3574 3936 4339 4427 4561 4634 4795 4930 5017 5530 5844 5982
1103 119 538 935 1211 1764 1841 1843 2103 2623 2828 2859 3134 3170 3306 3318 3648 3907 4339 4435 4580 4765 4867 4884 4962 5237 5347 5889 5935
1104 226 262 343 546 600 849 1186 1319 1441 1804 2045 2186 2453 2961 3396 3787 3992 4119 4260 4646 4802 4834 5179 5239 5852 5958
1105 260 472 912 1055 1125 1265 1324 1629 1705 1765 1839 1913 2105 2176 2644 2690 2760 3239 3822 3939 4074 4217 5377 5750 5874
1106 133 247 276 345 878 1136 1159 1179 1216 1516 1754 2016 2211 2827 3391 3425 3851 4180 4182 4260 4403 4739 5076 5634 5660 5949
1107 389 798 1197 1343 1369 1484 2455 2636 2702 3005 3087 3389 3625 4009 4020 4280 4722 4816 4987 5010 5173 5757 5779 5795 5860 5973
1108 17 78 183 865 1148 1406 1487 1621 1747 2204 2670 2713 2912 2953 3012 3195 3761 3770 4204 4444 4591 4891 5083 5337 5684 5982
1109 260 369 510 1022 1111 1220 1350 1645 1973 2061 2328 2992 3106 3211 3247 3669 3753 4023 4596 4605 4883 5088 5420 5424 5431 5557 5958
1110 142 247 574 939 1311 1445 1588 1860 2269 2401 2751 2942 2959 2990 3216 3315 3513 3670 4364 4620 4970 4985 5083 5278 5351 5395 5453 5537 5554 5788 5890
1111 262 681 835 1109 1401 1746 2032 2331 2477 2552 3095 3099 3716 4089 4433 4445 4544 4701 4710 4805 4854 5338 5842
1112 7 166 178 209 244 360 760 1384 1435 1474 1899 2414 2515 2759 2919 3339 3352 3443 3446 3868 4030 4159 4498 4945 5130 5162 5301 5522 5801
1113 802 1231 1713 1950 1981 1989 2018 2062 2121 2370 2992 3022 3049 3079 3134 3297 3378 3658 3853 3927 3934 4334 4370 4451 4503 4571 5188 5296 5499 5633 5748 5778 5779 5911
1114 99 117 336 352 429 435 717 1421 1557 1584 1752 2177 2309 2343 2414 2540 2563 2603 2722 2741 2913 2916 3208 3785 3905 4010 4187 4747 4886 5074 5571
1115 6 290 515 562 901 1128 1653 1725 1813 1994 2017 2275 2284 2558 2576 2766 3218 3589 3757 4176 4769 5128 5147 5268 5293 5698
1116 74 380 381 659 1029 1117 1282 1528 1873 2000 2097 2637 3152 3218 3528 3638 4118 4287 4473 4495 5028 5073 5394 5450 5783 5997
1117 65 752 1116 1224 1460 1488 1606 1704 1772 2137 2176 2251 2446 2768 2951 3028 3296 3326 3704 3825 3906 4689 4796 5009 5090 5408 5681 5729
1118 444 834 958 1157 1240 1300 1684 2130 2284 2421 2710 3348 4042 4127 4325 4355 4763 5557 5800 5864
1119 41 108 178 263 864 1303 1467 1591 1904 2012 2090 2205 2377 2479 2526 3171 3451 3520 3570 4283 4310 4420 4844 4880 4992 5037 5120 5217 5520 5602 5683
1120 480 662 681 708 1102 1255 1341 1554 1718 2217 2294 2434 2878 3290 3301 3335 3821 4205 4328 4399 4423 4625 4747 5095 5645
1121 18 1096 1340 1756 1863 2027 2044 2087 2105 2426 2505 3270 3325 3362 3712 3895 3949 4021 4146 4248 4557 4589 4735 4841 4989 5274
1122 39 465 608 726 809 1368 1547 1709 1742 1827 1840 2041 2070 2109 2142 2447 2667 2686 3128 3242 3472 3583 3597 3616 3694 4096 4218 4380 4467 4622 5373 5564 5942
1123 153 231 249 444 832 1061 1296 1512 1669 1712 1936 2050 2155 2716 2865 3040 3206 3255 3414 4271 4296 4418 4821 5185 5612 5955
1124 571 650 820 827 997 1154 1314 1363 1713 1823 1944 2060 2151 2161 2442 2587 2692 3214 3385 3543 3965 4013 4106 4274 4513 4979 5746 5905 5915
1125 40 282 366 378 441 668 696 1105 1213 1261 1501 1823 1968 1981 2001 2259 2287 2762 2949 3407 3796 4186 4271 4317 4384 4654 4811 4879 4944 5057 5127
1126 29 61 164 236 279 302 1176 1297 1394 1502 1731 1741 1806 1885 2472 2535 3343 3506 3696 3750 4468 4562 4970 5038 5350 5351 5462 5860 5917
1127 116 259 281 857 946 1093 1238 1458 1558 1631 1707 1795 1796 2672 3005 3197 3224 3316 3323 4035 4217 4349 4461 4670 4843 5298 5414 5488 5589 5915
1128 30 170 831 1115 1987 2351 2367 2585 2862 3008 3217 3508 3652 3759 4255 4299 4758 4883 4995 5322 5389 5409
1129 370 431 519 822 976 1157 1165 1974 2010 2146 2577 2750 3106 3401 3602 3645 3859 4211 4241 4285 4322 4615 4700 5024 5169 5427 5881
1130 124 311 711 1793 1871 2047 2090 2175 2252 2465 3078 3236 3419 3504 3566 3610 3661 3691 3705 3790 3970 4116 4643 4726 4925 5525 5627 5816 5899
1131 5 16 272 322 384 666 702 1072 1190 1206 1495 1640 1671 2181 2456 2688 3334 3419 3736 3757 4036 4172 4277 4375 4395 4520 4586 4623 5324 5810
1132 10 304 413 1095 2115 2332 2447 2776 2798 2998 3133 3235 3459 3481 3656 4092 4275 4381 4638 4747 5059 5714 5927 5937
1133 103 282 839 938 1045 1102 1233 1307 1350 1458 1706 1948 2061 2443 2679 2949 3444 3563 3761 4350 4568 4637 4988 5287 5322 5333 5461 5583 5984
1134 429 827 866 1238 1360 1395 1728 2293 2493 2756 3045 3085 3112 3205 3317 3384 4098 4166 4204 4476 4521 4643 4679 4697 4892 5023 5090 5267 5574 5981
1135 62 221 369 463 568 763 786 888 1237 1385 1399 1421 1633 2223 2354 2578 2677 3020 3260 3274 3305 3696 3742 4143 4372 4604 4653 5019 5047 5358 5667 5920
1136 156 399 505 562 786 866 875 938 940 1106 1170 1501 1844 2235 2526 2548 2573 3206 3255 3610 3620 3722 3825 3905 4208 4253 4716 4732 4953 5289 5431
1137 25 48 121 513 690 837 1058 1279 1633 1713 1756 1912 2311 3147 3183 3301 3375 3377 3591 3638 3880 3945 4298 4386 4887 5088 5144 5211 5257 5286 5401 5690
1138 8 102 144 258 381 631 678 947 1078 1345 1424 1479 1771 1772 1893 1913 1930 2061 2321 2325 3047 3301 3390 3756 3825 3987 4153 4309 4697 4747 4833 4852 5458 5462 5466 5555 5644 5708 5858 5937
1139 30 161 206 274 288 332 1293 1304 1401 1418 1669 2039 2168 2410 2507 2568 2703 2768 3255 3348 3567 3671 3706 4319 4456 4491 4765 4788 4804 4874 5007 5246 5420 5762 5783 5973
1140 149 372 507 749 945 1289 1534 1946 2171 2931 3635 3655 3750 3761 3812 3902 4147 5116 5321 5566 5664 5734 5820 5911 5918
1141 91 193 312 445 573 667 675 870 1156 1176 1363 1503 1604 1652 1821 1868 2160 2258 2499 2509 2914 3216 3256 3393 3460 3483 3609 3790 3796 4220 4282 4797 4875 4912 4917 5016 5095 5161 5284 5645 5661 5668 5842 5848 5942 5984
1142 159 397 677 939 1572 2296 2299 2376 2467 2523 2925 2944 2956 3011 3361 3566 3827 3858 3993 4040 4322 4324 4585 4594 4815 4974 5021 5125 5208 5300 5754 5793
1143 199 863 1260 1279 1354 1365 1526 2011 2329 2419 2752 2837 3477 3774 3829 4321 4375 4436 4666 4874 5021 5091 5250 5272 5408 5991
1144 108 834 1079 1148 1472 1474 1515 1701 1739 1746 1805 1863 2186 2718 2776 2894 2914 3436 3481 3719 3805 3808 3842 3867 3917 4007 4054 4763 5013 5420 5830 5849 5937
1145 475 840 1165 1220 1266 1410 1532 1570 1654 1706 1751 1930 2189 2365 2404 2668 2801 3224 3288 3553 3574 3605 3654 3838 3898 3954 4198 4527 4752 4789 4923 4979 5068 5363 5866 5957
1146 237 659 746 1444 1495 1656 1865 2303 2479 2484 2741 2828 3050 3192 3196 3207 3271 3282 3332 3389 3549 3776 3820 3965 4253 4319 5173 5394 5456 5494 5691 5997
1147 146 237 404 797 818 1152 1287 1312 1479 1582 1659 2160 2512 2723 3221 3491 3997 4116 4199 4461 4475 4508 4804 5040 5086 5222 5303 5571 5678 5770 5908
1148 181 316 477 532 643 660 737 770 853 875 947 1108 1144 1244 1258 1433 1549 1782 1955 1991 2164 2209 2322 2530 2538 2959 3581 3587 4100 4103 4237 4266 4555 4678 4787 4851 4891 5341 5517 5760
1149 53 359 657 771 1569 1626 2167 2205 2254 2313 2515 2885 3119 3261 3314 3321 3341 3400 3542 3795 4387 4398 4908 5204 5268 5860 5966
1150 134 354 505 521 705 711 1046 1238 1265 1588 1612 1624 1719 1729 1750 2257 2359 2455 2734 2984 3742 4227 4319 4644 4806 4916 4949 5235 5252 5294 5322 5423 5471 5497 5611 5877
1151 28 249 297 446 588 589 1169 1709 1735 1873 1955 2335 2455 2557 2857 2865 3075 3271 4166 4294 4893 4933
1152 25 416 661 792 1062 1147 1192 1340 2009 2180 2431 2862 2945 3014 3029 3077 3121 3261 3669 3810 3942 4341 4500 4704 5039 5323 5359 5487 5488 5748
1153 38 213 652 693 811 1407 1477 1490 1610 1862 1886 1951 2138 2654 2665 3264 3596 4113 4314 4578 4670 5374 5585 5660 5812 5838
1154 83 215 386 563 629 1124 1230 1397 1606 1784 2556 2816 3011 3236 3320 3493 3846 4239 4489 4655 4670 4683 4922 5135 5201 5383 5519 5613 5983
1155 68 188 229 287 290 608 775 820 1005 1160 1295 1317 1562 1641 2103 2370 2435 2696 2872 3121 3189 3392 3459 3659 3784 3985 4173 4282 4326 4703 4959 5062 5230 5247 5372 5396 5406 5708 5840
1156 134 268 522 1141 1186 1374 1515 1604 2293 2366 2376 2772 2819 2929 2931 2954 3155 3201 3302 3442 3541 3622 4048 4770 4802 4892 5126 5182
1157 122 471 827 1000 1047 1118 1129 1202 1518 1563 1638 1819 1869 1980 2050 2323 2615 2768 3044 3066 3302 3508 3736 3848 3955 4009 4351 4421 4706 4707 5530 5763 5792
1158 36 68 422 558 569 701 870 2022 2090 2164 2752 3164 3352 3388 3400 3624 3703 3810 4136 4198 4621 4675 4864 4904 5052 5278 5542
1159 1 311 901 943 1097 1106 1771 1775 1790 2775 2902 3013 3106 3149 3154 3532 4350 5242 5349 5502
1160 160 726 738 881 1155 1357 1509 1594 1695 1737 1780 1860 1970 2001 2144 2204 2329 2334 2389 2462 2472 2503 2720 3151 3730 3925 4341 4431 4456 4619 4747 4792 4853 5006 5097 5233 5505 5665 5881
1161 63 493 633 697 912 1532 1543 1637 1644 1662 1711 1764 1778 1810 1837 1846 1862 2324 2417 2682 2745 2772 2985 3813 3957 4003 4194 4320 4502 4619 4637 4679 4693 4733 4885 5162 5416 5429 5475 5665 5712 5755 5992
1162 254 579 1005 1027 1417 1705 2196 2476 2667 2980 3259 3313 3415 3509 4070 4102 4274 4365 4446 4536 4539 4577 4773 5015 5084 5291 5324 5336 5576 5941 5955
1163 118 212 365 844 930 1633 2439 2483 2633 2804 2806 2955 2977 3124 3185 3449 3690 4100 4200 4364 4397 4613 4771 5152 5195 5317 5657 5705 5806 5981
1164 292 457 673 825 933 1049 1086 1450 1848 1921 1929 1971 2037 2082 2136 2366 2829 3011 3074 3361 3378 3701 3852 4325 4429 5297 5378 5409 5723
1165 118 461 620 758 1037 1092 1129 1145 1433 1643 1739 2190 2552 2745 2836 3941 4125 4139 4486 4503 4959 5143 5158 5363 5446 5865 5930
1166 337 372 619 1272 1460 1710 1784 1914 2180 2418 2659 2841 3151 3223 3268 3844 4124 4185 4503 4535 4639 5102 5183 5499 5656 5661 5832
1167 8 572 577 728 773 1060 1187 1516 1578 1631 1649 1722 2551 2577 2939 3223 3326 3777 4179 4281 5306 5442 5495 5545 5740
1168 303 374 419 529 540 793 881 928 1028 1267 1580 1668 1753 2278 2309 2600 3239 3245 3459 3855 3987 3995 3996 4022 4399 4626 4663 4718 5132 5633
1169 60 176 214 475 549 564 575 801 927 1093 1101 1151 2038 2068 2560 2602 3450 3586 3626 3695 4271 4687 4975 5065 5447
1170 54 263 595 605 902 933 1136 1234 1412 1696 1894 2009 2063 2263 2722 2931 2943 3127 3267 3559 4195 4224 4337 4384 4598 5243 5342 5481 5521 5529 5792
1171 78 129 314 400 552 568 655 747 1042 1101 1210 1316 1459 2107 2143 2328 2355 2455 2497 2585 2607 3045 3206 3404 3532 3570 3683 3803 3817 4137 4180 4198 4247 4314 4472 4686 4759 4785 4915 4975 5094 5126 5515 5529 5698
1172 99 107 129 323 761 962 1353 2015 2196 2286 2481 2744 2965 3190 3280 3347 3954 4194 4523 4573 4637 4650 4884 4980 5021 5035 5133 5172 5828 5853
1173 210 815 930 999 1356 1840 2065 2447 2469 2589 3012 3110 3559 3832 4019 4061 4481 4922 5084 5200 5226 5356 5392 5782 5834 5889
1174 246 633 691 694 724 1282 1494 1583 1742 1949 2058 2123 2327 2356 2599 2710 3081 3524 3656 4514 4945 5035 5407 5475 5545 5641
1175 32 82 197 326 345 610 666 862 1447 1459 1618 1953 2280 2409 2716 2975 3101 3165 3505 3586 3826 4049 4162 4380 4748 4813 4825 4914 5060 5528 5607 5977
1176 352 479 565 731 987 1043 1126 1141 1262 1325 1448 1800 2058 2428 2517 2822 2893 2913 2914 3020 3053 3401 3797 3875 3914 4190 4405 4583 5627 5978
1177 352 377 380 692 898 1030 1062 1453 1650 1920 2079 2124 2305 2489 2577 2678 2831 3141 3402 3783 3833 4182 4286 4385 4392 4480 4570 4602 4818 4848 5009 5108 5222 5279 5514 5663
1178 135 185 349 402 692 748 879 950 1096 1253 1361 1418 1853 1935 1953 1998 2239 2259 2872 2885 2943 3306 3436 3558 3836 4112 4887 5206 5723 5907 5980
1179 272 886 1106 1277 1290 1491 1644 1745 2129 2249 2353 2793 2942 3107 3180 3763 3938 4196 4444 4473 4713 4913 5032 5287 5385 5497 5594 5711 5861 5879 5983 5998
1180 61 140 296 319 774 828 954 1337 1626 2098 2572 2673 2700 2856 2920 3171 3254 3641 3648 3821 3907 4009 4019 4143 4328 4380 4650 4826 4853 4986 4990 5036 5125 5267 5417 5891
1181 242 625 628 1245 1330 1465 1733 1883 2221 2438 2450 2472 2516 2525 3056 3250 3549 3865 3985 4063 4234 4303 4348 4671 4884 4967 5127 5304 5714 5840
1182 149 199 546 601 684 737 1745 2014 2403 2693 2783 2968 3004 3238 3401 3419 3689 3770 3930 3972 4076 4142 4158 4169 4612 4738 4969 5385 5426 5437 5579 5632
1183 401 763 1074 1394 1740 1902 2266 2350 2714 2828 3336 3479 3907 4130 4208 5158 5735
1184 126 134 200 292 697 935 977 1554 1658 2248 2256 2265 2283 2319 2661 2748 2820 3293 3321 3517 3956 4003 4174 4183 4804 4974 5089 5117 5232 5281 5373
1185 149 245 418 685 972 986 991 1310 1352 1428 1592 1997 2127 2176 2415 2783 2874 3033 3235 3445 3472 3475 3614 3842 4141 4325 4506 4529 4625 4798 5243 5363 5571
1186 53 88 290 307 423 443 467 509 637 697 892 979 1104 1156 1195 1209 1365 1524 1569 1843 2487 2601 2909 2936 3081 3142 3143 3152 3168 3861 3931 3982 4240 4473 4546 4642 4773 5033 5250 5667
1187 89 145 308 385 532 779 790 835 876 921 1079 1167 1828 2082 2111 2129 3291 3304 3315 3405 3528 3805 3949 4106 4236 4749 4773 4776 4807 4864 5059 5246 5352 5402 5413 5418 5669 5762 5787
1188 2 12 37 379 526 555 816 846 1864 2101 2333 2359 2649 2848 2920 3138 3213 3437 3533 3918 3997 4203 4411 4754 4755 4919 5349 5389 5423 5787 5836 5892
1189 83 241 315 697 767 851 1206 1316 1828 1963 2325 2610 2742 2928 2960 2971 2976 3297 3410 3897 4261 4439 4591 4925 5021 5168 5192 5392 5405 5407 5639 5883 5958
1190 58 118 247 332 667 789 1032 1131 1559 1563 1608 1684 1715 2277 2291 2485 2549 2714 2758 3429 3444 3985 4086 4217 4403 4430 4526 4688 4724 5166
1191 9 586 938 1306 1315 1393 1913 2019 2058 2234 2271 2671 2965 3102 3453 3504 3783 4115 4226 4499 4501 4529 4603 4676 4820 5217 5231 5267 5316 5345 5802 5930 5964
1192 21 331 403 559 654 803 1102 1152 1402 1663 1723 2461 2522 2771 2957 3113 3125 3372 3441 3464 3473 3975 4314 4345 4367 4611 4648 4860 5001 5123 5179 5253 5436 5522 5777 5879
1193 248 375 383 601 891 971 1001 1344 1536 2125 2408 3150 3348 3504 3559 3737 3853 4033 4394 4459 4460 5223 5661 5827 5945
1194 401 493 895 1330 1456 1504 1573 1653 1999 2187 2274 2632 3189 3234 3335 3376 3897 4058 5441 5478 5746 5748 5793 5867 5979
1195 50 155 186 475 796 854 977 1186 1275 1291 1772 2212 2301 2351 2389 2452 2720 3284 3425 3502 3679 3731 3909 4565 4678 4692 5422 5547
1196 229 402 698 1222 1828 1874 2014 2063 2170 2417 2670 2746 3403 3615 3870 4286 4740 4866 4914 5032 5248 5310
1197 185 494 648 1091 1107 1266 1337 2119 2142 2228 2447 2518 2541 2621 2694 2702 3114 3120 3150 3615 3905 4171 4195 4312 4727 4741 4749 4826 5208 5312 5493 5516 5603 5623 5726 5749 5845 5857
1198 547 567 683 792 940 942 978 1020 1203 1361 1846 1869 2123 2248 2907 3155 3500 4144 4292 4355 4733 4866 4898 5004 5091 5183 5241 5773
1199 45 201 761 1305 1407 1580 1894 2228 2330 2379 2383 2403 2685 3081 3710 3874 4136 4464 4606 4754 4816 4836 4927 4944 5165 5891 5960 5975
1200 142 173 241 431 564 832 1006 1323 1659 1896 2253 2675 2700 2905 3220 3413 3461 3505 3724 4058 4382 4598 4670 5185 5436 5677 5782 5966
1201 18 64 90 109 325 475 713 1022 1026 1094 1244 1262 1374 1455 1635 1711 1781 1915 1928 1956 2404 2440 2623 2978 3060 3062 3370 3554 4042 4079 4092 4172 4189 4748 4890 4933 5112 5119 5589 5645 5713 5764 5824
1202 135 465 499 674 1157 1307 1408 1437 1487 1614 1820 2124 2200 2238 2377 2974 3200 3796 3819 3837 4149 4216 4629 4859 5518 5624 5740 5817
1203 136 659 793 972 1198 1727 1831 1858 2367 2406 2490 2512 2621 2914 3427 3544 3650 3671 3989 4022 4025 4068 4193 4469 4693 5507 5664 5695
1204 6 331 353 443 684 773 862 880 1344 1719 1780 2240 2295 2614 3473 3734 3959 4572 5563 5709 5761 5786
1205 177 472 626 631 992 1019 1045 1079 1331 1370 1468 1611 1765 2070 2091 2534 2927 3064 3190 3954 4022 4195 5279 5369 5528
1206 139 147 407 521 676 849 871 931 1131 1189 1281 1316 1543 1634 1980 2071 2101 2501 2901 2911 2918 3116 3202 3839 3913 4104 4188 4191 4475 4556 4679 4862 5091 5243 5476 5596 5762 5836 5983
1207 44 263 333 447 475 566 764 993 1262 1331 1753 2415 2808 3023 3026 3215 4036 4712 4734 5393 5737 5847 5952 5983
1208 132 507 853 1290 1479 1644 2058 2477 2652 2969 3080 3401 3546 4086 4090 4461 4968 5270 5331 5675 5896
1209 38 104 574 765 916 937 1186 1397 1458 1947 2370 2388 2504 2751 3057 3678 3839 3902 4097 4135 4661 4912 4968 5006 5503 5544 5615 5650 5658
1210 42 55 111 176 385 517 524 625 662 811 1027 1171 1278 1400 1575 1780 2259 2473 2600 3282 3362 3511 4142 4302 4477 4964 5151 5172 5806 5870
1211 511 549 925 926 1011 1103 1213 1262 1616 1755 1886 1921 1981 2074 2173 2353 2414 2705 2778 3067 3125 3152 3195 3225 3541 3641 3662 3663 3716 3740 3948 4313 4622 5850 5994
1212 220 550 867 1245 1748 1767 1782 1845 1970 2251 2411 2620 2749 2960 3050 3504 4472 5019 5049 5078 5133 5562 5859 5946
1213 393 598 624 806 952 1125 1211 1699 1725 1789 1824 2107 2617 2705 3406 3689 3869 4082 4351 4613 4678 4854 4943 4988 5103 5617 5992
1214 414 804 941 1761 1823 1877 2120 2173 2203 2526 2588 2591 3394 3847 4126 5074 5568
1215 167 438 869 952 1075 1098 1257 1712 1910 2076 2387 2727 2751 3354 3389 3540 4097 4230 4263 4350 4491 4553 4725 4767 4860 5013 5096 5245 5247 5412 5436 5575 5820
1216 206 414 494 613 693 767 943 973 1106 1269 1580 1717 1772 2370 2541 3165 3256 3335 3406 3462 3474 3957 4256 4424 5207 5362 5409 5519 5823
1217 0 73 238 286 348 518 637 665 675 992 993 1460 1804 1817 1883 2090 2136 2185 2266 2679 2725 3453 3685 4189 4206 4210 4421 4523 4997 5601 5618 5662
1218 147 583 1027 1410 1417 2104 2495 2684 2827 3081 3231 3463 3520 3746 4026 4096 4304 4324 4377 4688 4720 4774 4797 4839 4869 4955 5213 5272 5607 5708 5865
1219 530 559 636 1248 2237 2454 2480 2604 2607 2808 2992 3061 3189 3913 4345 4805 4979 5647 5864 5979
1220 164 171 180 588 654 719 741 790 901 1005 1032 1109 1145 1481 1526 1722 1774 1963 2006 2333 2524 2657 2724 2769 3161 3252 3557 3637 4129 4132 4232 4557 4581 4959 5417 5501 5647 5986
1221 11 305 354 785 906 988 1063 1549 1702 1787 2177 2188 2883 3126 3127 3144 3151 3217 3361 3483 3758 3948 4422 4464 4518 4890 5130 5154 5308 5450 5453 5502 5806
1222 281 726 815 1069 1196 1312 1381 1411 1807 2323 2500 3135 3342 3373 3577 4116 4319 4650 5165 5203 5477 5762 5975
1223 65 194 1287 1364 1396 1843 1943 1967 2231 2782 2861 2904 3164 3361 3511 3843 3980 4009 4175 4325 4562 4642 4756 4886 5008 5880
1224 1007 1117 1283 1401 1414 1453 1591 1633 1740 2398 2796 2893 2927 3222 3732 3796 4014 4159 4178 4457 4721 4787 4822 4935 5306 5351 5562 5649 5973
1225 419 528 1059 1322 1794 2064 2131 2270 2614 2679 2892 2944 3421 3427 3847 3929 4147 4397 4407 4583 4790 5252 5267 5456 5547 5915 5967
1226 282 542 680 841 896 1021 1459 1525 1582 1638 2040 2089 2243 2270 2312 2429 2453 2735 2748 2790 3006 3155 3349 3386 3653 3845 3987 4018 4133 5119 5232 5528 5671
1227 244 1020 1077 1473 1808 1849 1857 2091 2092 2110 2256 2506 2886 2999 3075 3153 3538 3671 3681 3843 3908 3970 4351 4485 4629 5260 5449 5505
1228 130 136 149 459 1253 1284 1560 1604 1609 1759 1821 1945 2283 2329 2541 3470 3569 3584 3608 4001 4115 4355 4616 4799 4882 4936 4939 5048 5334 5527 5739 5970
1229 332 465 895 929 1076 1273 1645 1737 1932 2043 2085 2118 2229 2365 2422 2638 2805 2872 2957 3043 3321 3458 3689 3952 3984 4093 4207 4439 4624 4633 4797 4977 4978 5100 5120 5455 5513 5589 5591 5681 5692 5801 5899
1230 595 742 1154 1246 1576 2031 2034 2234 2267 2408 3008 3036 3061 3402 3587 3948 4135 4519 4529 5054 5218 5335 5553 5918 5931
1231 23 160 1020 1113 1272 1343 1375 1455 1818 1900 2484 2833 3006 3229 3267 3292 3303 3325 3503 3890 3973 4067 4177 4209 4333 4569 4693 4835 5316 5569 5785 5892 5938
1232 283 465 607 1529 1667 1721 1776 2067 2095 2242 2793 2796 2910 2936 3193 3335 3425 3466 3739 4183 4309 4334 4424 4582 4591 4689 4727 4825 4843 5139 5194 5440 5700 5862 5973
1233 172 219 433 466 777 798 896 1082 1133 1355 1481 1882 2042 2479 2594 3008 3056 3254 3500 3679 4056 4074 4219 4280 4316 4394 4404 4407 4507 4669 5484 5588 5819 5934 5991
1234 26 200 206 511 1092 1170 1359 1404 1687 1772 2059 2115 2383 2428 2504 2626 2650 3051 3119 3365 3705 3729 3748 3904 4066 4097 4114 4200 5010 5012 5046 5178 5571 5939 5984
1235 83 409 730 746 921 1001 1492 1685 1839 2279 2500 3223 4011 4049 4472 4476 4494 4630 5030 5269 5286 5398 5665 5943
1236 79 427 538 896 916 976 1034 1547 1883 2219 2495 2693 2782 2794 3036 3243 3438 3790 3875 4008 4160 4231 4237 4250 4361 4699 4801 4965 5014 5022 5345 5748 5980
1237 245 378 543 751 788 809 827 987 1017 1135 1337 1380 1513 1543 1734 1899 2027 2298 2672 2888 3064 3408 3467 3655 3771 3833 4183 4206 4453 4534 5279 5336 5383 5515 5562 5648
1238 83 139 272 318 393 858 1061 1082 1127 1134 1150 1274 1914 2378 2601 2808 2972 3302 3362 3801 4036 4642 4751 5012 5545 5555 5593 5984
1239 2 247 393 1269 1486 1600 1619 1781 1871 2172 3035 3461 3516 3928 4023 4090 4306 4752 5034 5316 5505 5536 5784 5925
1240 39 61 81 442 482 647 669 1025 1118 1435 1456 1519 1564 1588 2025 2131 2164 2613 2835 3098 3364 3401 3805 3922 3945 4067 4412 4471 4575 4900 5167 5213 5230 5855 5975
1241 507 847 918 1446 1535 1906 1908 2093 2725 2923 2980 3155 3210 3280 3359 3452 3491 3713 3765 4294 4438 4461 4576 4762 4923 5008 5170 5171 5464 5596 5817 5973
1242 240 332 382 505 822 1019 1276 1617 1626 1855 1947 2495 2637 2793 3132 3533 3774 4128 4139 4182 4320 4606 4762 5250 5376 5389 5400 5466 5635 5700 5723 5835
1243 46 48 505 535 700 988 1022 1062 1503 1850 1985 2006 2258 2664 2745 2799 3420 4615
1244 494 1004 1148 1201 1482 1655 1730 1956 1975 1989 2134 2188 2191 3301 3338 3536 3682 3688 3822 3854 4091 4560 5052 5282 5503 5841
1245 41 186 1181 1212 1533 1940 1947 2351 2418 2465 2669 3344 3367 3732 3917 4083 4103 4572 4642 4870 5053 5152 5201 5312 5365 5465 5470 5605 5734 5960
1246 352 447 454 570 626 655 1230 1384 1407 1467 1948 2277 2438 2558 2632 2731 2899 3005 3288 3439 3448 3600 3871 3916 4156 4429 4715 5009 5080 5112 5671 5706
1247 69 145 756 875 965 1278 1389 1924 1985 2331 2337 2409 2494 2597 3074 3233 4706 4956 5210 5418
1248 204 340 477 1100 1219 1319 1537 1664 2115 2171 2373 2450 2524 2716 3017 3080 3271 3302 3346 3535 3780 4105 4137 4179 4417 4813 4837 4847 4867 4901 5088 5187 5246 5266 5419 5489 5558
1249 26 492 635 742 779 830 836 1076 1341 2080 2390 2512 2610 2840 2951 3362 3684 4008 4010 4488 4555 4926 5015 5030 5292 5611 5704 5997
1250 52 205 350 565 734 1755 1964 1975 2345 2349 2465 2659 2981 3198 3261 3363 3623 3647 4261 4276 4318 4467 4509 4647 4676 4841 5113 5798 5924
1251 167 930 931 960 1069 2005 2314 2648 3010 3082 3106 3353 3407 3529 3539 3639 3758 3921 3987 4249 4335 4822 5275 5384 5525 5713 5986
1252 60 163 214 406 429 481 629 967 1332 1575 1810 1889 2144 2218 2364 2490 2613 3303 3408 3603 3679 4163 4164 4636 4642 4725 4763 4854 5027 5251 5279 5362
1253 35 130 154 181 332 631 664 793 961 1034 1178 1228 1661 1787 1831 1983 2172 2236 2346 2487 2498 2556 2608 2644 2949 3121 3255 3326 3933 3982 4365 4582 4699 4763 4927 5343 5423 5943 5948
1254 223 345 577 594 613 630 920 990 1003 1028 1325 1326 1428 1476 1559 1944 1985 2051 2086 2243 2277 2315 2425 2496 2717 2789 2874 3092 3118 3450 3556 3835 4355 4536 4705 4806 4852 4868 5123 5238 5255 5395
1255 58 339 600 1076 1094 1120 1510 1755 1864 2035 2321 2642 2780 3264 3594 3919 4154 4163 4481 4750 4973 5381 5412 5433 5538 5943
1256 247 395 549 755 848 910 1340 1401 1768 1862 2048 2063 2072 2397 3006 3078 3290 3312 3537 3620 3767 3851 4462 4815 5269 5502 5529 5623 5854 5910
1257 55 309 375 542 773 783 901 1036 1215 1492 1785 1797 2437 2489 2658 2753 3164 3559 3675 4078 4206 4243 4336 4418 4839 4907 5132 5519 5576 5899
1258 15 261 299 383 642 805 877 967 986 1081 1148 1325 1356 1451 1810 1937 1955 2364 2556 2665 2668 2704 2781 2981 3025 4296 4359 4440 4456 4807 5162 5500 5506 5684 5867
1259 929 991 1292 1598 1708 1781 2140 2536 2696 2945 2953 3267 3388 3771 3871 3889 4172 4514 4521 5042 5109 5151 5239 5241 5513
1260 87 272 454 625 815 911 1143 1272 1918 2163 2238 2258 2930 3418 3571 3665 3709 3819 3938 4094 4117 4407 4475 4599 4692 4976 5295 5322 5328 5430 5553 5715 5810 5886 5889
1261 21 186 508 552 672 856 1018 1125 1497 1566 1597 1682 2287 3000 3077 3189 3207 3403 3488 3756 3909 4075 4137 4143 4213 4245 4591 4727 5312 5565 5610
1262 12 47 451 518 525 641 698 710 785 850 1176 1201 1207 1211 1430 1477 1569 1617 1762 2027 2256 2338 2403 2574 2714 2968 2999 3508 3530 3665 3781 3950 4281 4320 4377 4537 4859 5131 5304 5340 5417 5520 5614 5678 5727 5738
1263 226 1408 1453 1464 1707 1936 2002 2032 2163 2179 2202 2227 2253 2824 3160 3177 3181 3789 3954 3965 4144 4375 4581 4658 5018 5238 5269 5314 5534 5882
1264 79 124 164 248 315 846 897 1327 1511 1944 2053 2216 2407 2547 2720 2796 2862 3122 3359 3410 3559 3775 4094 4410 4640 4855 4899 4930 5315 5402 5679 5685 5744 5840
1265 389 594 826 1105 1150 1284 1497 1540 1656 2167 2443 2720 3057 3385 3597 3785 3989 4200 4248 4675 4721 4872 5385 5841 5921 5992
1266 367 1145 1197 1724 1727 2179 2228 2394 3059 3405 3524 3644 3772 4129 4182 4191 4198 4319 4564 4959 5031 5275 5334 5811 5828 5876
1267 18 71 304 459 921 964 1168 1402 1448 1543 1575 1722 2073 2285 2694 2717 2880 2924 3346 3567 3606 3850 4687 4765 4783 5056 5135 5154 5375 5974
1268 146 461 559 650 742 879 1013 1316 1695 1975 1988 2542 2795 2932 2960 3089 3210 3332 3339 3406 3414 3898 3953 3977 4572 4648 5631 5747 5817
1269 256 372 424 666 697 729 1011 1216 1239 1486 2299 2578 2826 2829 2904 3114 3223 3440 3572 3659 3800 3814 3825 4239 4345 4427 4732 4996 5241 5514 5525 5628 5848 5856 5931
1270 209 251 430 524 867 2372 2702 3074 3480 3520 3542 3770 4001 4128 4717 4745 4944 5317 5386 5530 5978
1271 201 424 648 987 1041 1296 1301 1321 1477 1568 1587 1728 1880 2220 2320 2612 3084 3330 3479 3513 3561 3816 3844 4075 4076 4357 4666 4859 5051 5655 5939
1272 11 204 425 660 834 1042 1166 1231 1260 1618 2030 2091 2280 2769 3247 3462 3464 3527 3596 3759 3775 4015 4281 4432 5018 5081 5112 5124 5278 5292 5743 5822 5842
1273 104 461 521 672 679 936 1229 1563 2314 2497 2575 2784 2888 2892 3027 3926 3969 4062 4107 4109 4217 4244 4401 4509 4668 4961 5165 5320 5404 5506 5627
1274 162 252 465 525 865 1029 1238 1459 1689 2088 2109 2232 2585 2917 3058 3988 4082 4102 4189 4453 4716 4756 4997 5074 5663 5711 5830
1275 89 91 187 299 872 895 904 984 1195 1587 1626 1779 2353 2389 2403 2556 2703 2872 3092 3180 3648 3809 4049 4127 4134 4311 4747 5052 5106 5359 5394 5493 5889 5991
1276 22 32 62 156 472 517 544 881 940 1083 1242 2106 2243 2336 2609 3034 3042 3269 3301 3741 4156 4433 4720 4886 5698
1277 213 781 1065 1179 1592 1605 1634 1741 1834 2488 2652 2766 2840 2899 3483 3563 3574 4306 4511 4683 4966 5075 5120 5247 5318 5548
1278 156 259 263 265 439 838 967 1084 1210 1247 1318 1386 1569 1807 2082 2123 2158 2300 2523 2624 2821 2913 3030 3433 3449 3596 4096 4222 4296 4873 5148 5182 5497
1279 280 582 748 1030 1137 1143 1396 1750 1880 2024 2194 2229 2284 2291 2329 3343 3593 3758 4111 4271 4344 4467 4894 5324 5480 5669 5789 5838
1280 0 57 291 313 429 438 531 545 839 1097 2278 2510 2716 2732 2760 2919 2933 3015 3666 4072 4121 4210 4308 4493 4798 5107 5224 5261 5487 5850
1281 122 462 472 561 611 642 1043 1206 1290 1828 1850 2260 2265 2623 2790 2797 2809 3067 3189 3334 3359 3603 3765 3798 3896 4145 4346 4478 4578 4685 4697 4872 4997 5014 5382 5481 5725
1282 7 217 449 522 534 767 1116 1174 1515 1933 2159 2258 2722 2846 3243 3755 4299 4358 4586 4725 4763 5141 5208 5426 5770 5956
1283 72 273 508 595 950 994 1025 1224 1770 1927 2035 2359 2465 2528 2541 3094 3336 3461 3524 4337 4357 4402 4633 4669 4785 4865 5177 5219 5485 5561
1284 2 17 57 62 276 388 475 628 639 678 712 1228 1265 1786 2088 2150 2206 2462 2466 2766 3014 3129 3398 3626 3712 4379 4624 4629 5182 5226 5825 5848 5865
1285 89 93 485 704 845 1454 1586 1827 2000 2099 2519 2634 3067 3238 3301 3893 3917 4324 4522 4929 4934 4965 5357 5499 5764 5830
1286 152 248 387 508 553 865 1327 1366 1450 1646 2145 2347 3176 3224 3308 3693 3726 4726 4804 4928 4946 5291 5303 5743 5869
1287 207 476 504 778 862 909 987 1147 1223 1497 1709 1718 1736 2559 2572 2600 2781 3175 3300 3401 3624 3837 4336 4589 4626 5708 5928
1288 162 189 561 612 635 686 874 935 1494 1523 1576 1864 1911 2323 2348 2785 3308 3545 4079 4201 4559 4682 4732 4801 4862 4930 4986 5172 5226 5610
1289 306 432 486 621 810 829 900 1048 1140 1647 1699 1757 1877 1959 2247 2270 2605 2883 3074 3167 3426 3430 3556 3616 3662 3811 4352 4483 4513 4760 5566 5768
1290 249 384 658 730 878 932 982 1010 1179 1208 1281 1413 1503 1730 1791 1948 1975 2110 2130 2559 2627 2644 2645 2699 2799 2928 3613 3677 4010 4216 4460 4559 4569 4761 4963 5545 5613 5690 5865 5990
1291 155 583 596 823 1195 1788 1895 2181 2437 2641 3638 3894 3972 4208 4230 4302 4519 4593 4623 4781 5119 5294 5476 5523 5567 5886 5910
1292 335 661 1044 1259 1296 1504 1787 1853 2131 2268 2319 2425 2766 2922 2942 2992 3041 3365 3419 3592 3682 3955 4107 4114 4214 4511 4595 4768 4990 5007 5175
1293 108 153 479 657 688 912 1139 1300 1678 1778 1831 1892 1964 1991 2096 2306 3005 3224 3476 3553 3743 3785 4318 4396 4407 4879 5032 5557 5652 5856 5901
1294 396 552 1059 1307 1365 1410 1520 1605 1695 1699 2088 2098 2375 2683 2866 2977 3069 3329 3419 3593 4021 4050 4361 4554 5127 5558 5756
1295 92 104 284 410 465 496 551 728 884 970 1002 1155 1569 2193 2343 2604 2846 2894 3248 3419 3476 3509 3649 3831 3942 4333 4495 4583 4706 4907 5004 5030 5440 5946
1296 104 312 317 779 857 1123 1271 1292 1358 1673 2090 2220 2584 2678 2777 3142 3328 3639 3702 4278 4417 4952 5220 5252 5909
1297 62 206 259 389 500 734 798 969 1082 1126 1332 1569 1722 1884 1896 1905 1940 1976 2420 2950 3261 3295 3361 3713 3728 3923 3936 3967 4150 4191 4346 4785 4866 4877 4943 5245 5394 5598 5673
1298 332 352 684 729 983 1432 1598 2120 2392 2399 2438 2948 3029 3142 3521 4067 4182 4354 4633 4674 4785 4849 5285 5289 5301 5390 5961
1299 548 777 890 1930 2145 2180 2413 2553 2681 3392 3585 3894 4987 5390 5629 5644 5875 5916
1300 121 198 339 418 427 719 1019 1118 1293 1361 1368 1412 1602 1998 2099 2289 2326 2509 2845 3426 3882 3972 4173 4355 4574 4689 4902 4978 5417 5467 5662 5718
1301 360 421 1271 1462 2529 2764 2934 3391 3482 3658 3734 4122 4164 4223 4409 4757 5200 5217 5224 5338 5552 5603 5608
1302 193 244 356 463 476 551 746 1708 2642 2924 3001 3081 3116 3274 3400 3426 3612 3724 3887 3970 4163 4551 4664 4735 4782 4896 4995 5269 5324 5457 5960 5977
1303 105 316 327 364 434 502 866 870 1035 1119 1663 1780 1847 2015 2260 2343 2468 2808 2855 3009 3494 3672 3677 3764 3916 4424 4478 4746 4954 4986 5002 5007 5206 5616 5621 5851 5915 5919 5941
1304 2 36 106 160 188 315 401 463 627 715 722 1139 1413 2262 2279 2287 2450 2474 2768 2910 3357 3506 3568 3789 4006 4220 4237 4269 4284 4328 4495 5144 5479 5657 5721 5881
1305 57 87 260 334 616 659 770 1199 1638 1774 2726 3661 3686 4296 4357 4366 4691 4745 4885 4901 4974 4978 5068 5463 5492 5528 5677 5700 5851
1306 206 323 584 585 1191 1422 1534 1720 2317 2632 2841 2914 3267 3345 3717 4076 4203 4325 4346 4567 4687 5070 5249 5334 5684
1307 151 213 378 419 454 554 687 1067 1133 1202 1294 1598 2079 2232 2617 3053 3276 3615 4069 4487 4654 4807 4893 4918 4922 5893 5989
1308 139 183 455 601 677 848 1414 1526 1556 2053 2099 2157 2474 2563 3123 3247 4018 4679 5252 5546 5865
1309 95 802 1078 1089 1922 2417 2795 3024 3059 3132 3666 3776 4055 4208 4486 4613 4662 4682 5139 5181 5302 5348 5496 5854 5983 5984
1310 47 154 253 419 689 1185 1521 1580 1656 1698 1892 2342 3449 3810 3891 3997 4218 4293 5067 5158 5226 5356 5445 5449
1311 130 439 572 754 768 841 1110 1316 1413 1547 1626 1763 2645 2787 3362 3580 3865 3923 4111 4544 4749 4797 4806 4946 5429 5439 5597 5605 5636
1312 201 1037 1147 1222 1521 2020 2323 2355 2821 2934 3269 3599 3930 4043 4182 4316 4447 4490 4561 4666 4677 4685 5535 5552 5680 5767 5877 5951 5966
1313 101 399 458 485 492 611 791 949 1062 1415 1605 1785 1935 2181 2516 2825 2884 3034 3450 3452 3706 3949 4023 4103 4537 4630 4819 4856 4904 4933 5415 5718 5845 5851
1314 41 138 186 634 639 770 839 942 984 1124 1356 1567 1738 1838 1853 1926 2519 2611 2694 2772 2837 2950 2973 2998 3178 3296 3596 3761 4038 4289 4415 4454 4877 4968 5242 5282 5517 5621 5896 5987
1315 256 260 385 419 883 1191 1524 1549 2325 2703 2755 2917 2949 3136 3159 3332 3872 3953 4605 5343 5457 5883
1316 167 208 407 455 623 740 874 894 1019 1171 1189 1206 1268 1311 1401 1584 1774 1805 2147 2395 2419 3283 3332 3445 3848 3856 4066 4165 4173 4439 4486 5081 5116 5197 5280 5374 5495 5731
1317 108 200 572 1155 1472 1487 1590 1646 1682 1762 1808 2256 2295 2300 2635 2852 2964 3081 3100 3246 3490 3690 4154 4361 4413 4457 5063 5106 5193 5285 5348 5576 5589 5595 5635 5830 5953
1318 133 211 395 519 709 909 1278 1474 1505 1506 1509 2025 2106 2311 2499 2733 2942 3452 3607 4130 4412 4425 4667 4677 4801 4974 5001 5102 5301 5406 5760
1319 1104 1248 1381 1500 1699 2415 2723 2815 2996 3069 3412 3628 3716 3898 3931 4268 4437 4544 4764 4850 4993 5040 5173 5443 5504 5666 5815
1320 358 397 565 898 932 1452 1807 2119 2451 2859 2994 3012 3364 3420 3442 3633 3857 4056 4621 4656 4982 5104 5206 5392
1321 697 969 1271 1520 1889 2082 2210 2472 2497 2531 2557 2662 2697 2715 3280 3318 3507 3729 4191 4203 4515 4528 4616 4640 5211 5446 5633 5730
1322 93 154 238 430 431 566 589 988 1225 1325 1727 1956 2170 2173 2639 2696 2729 2966 2996 3032 3064 3194 3218 4007 4264 4456 4457 4844 5070 5141 5151 5277 5317 5699 5988
1323 76 199 685 1200 1825 2129 3160 3577 3788 3815 3877 3902 4244 4446 4647 4666 4682 4709 4767 4772 4810 4816 4822 4981
1324 116 187 231 309 366 511 545 597 657 672 1061 1079 1105 1555 1699 1732 1953 2789 2802 3016 3158 3562 3585 3616 3645 3706 3796 4037 4370 4933 5046 5092 5452 5600 5828 5926 5983
1325 101 188 310 410 623 654 980 1176 1254 1258 1322 1354 1398 1428 1775 1881 1896 2209 2229 2261 2372 2462 3713 3749 3991 4106 4499 4517 4799 4920 5302 5459
1326 339 605 631 800 895 1254 1352 1606 1680 1797 1812 2025 2056 2143 2535 2696 2748 3028 3107 3372 3743 3775 3964 4038 4513 4716 4866 5055 5182 5397 5510 5722 5769 5770 5901
1327 28 371 430 710 760 858 1093 1264 1286 1432 1443 2077 2438 2703 3067 3244 3367 3389 3407 3478 3605 3708 3713 4256 5002 5004 5044 5141 5583 5790 5793 5838
1328 116 171 313 433 965 1665 1677 2267 2641 2700 2917 3014 3222 3226 3303 3308 3349 3367 3683 3844 4194 4451 4836 5072 5493 5669 5757 5925 5968
1329 14 71 470 571 1061 1408 1731 1997 2110 2671 3142 3519 3528 3852 4008 4135 4270 4403 4811 4925 5024 5093 5094 5603 5640
1330 52 516 820 924 978 1181 1194 1371 1455 2047 2075 2124 2305 2561 2821 3101 3678 4120 4674 4723 4792 4988 4989 5365 5397 5529 5584 5611 5773
1331 192 234 729 799 811 1205 1207 1633 1705 1771 2211 2422 2513 2547 2715 3002 3043 3166 3190 3366 3374 3427 3438 4268 4301 4405 4553 4557 4940 5102 5306 5513 5535 5695
1332 837 886 1100 1252 1297 1796 2026 2049 2219 2492 2612 3056 3569 3732 3986 4009 4194 4670 5231 5429 5584 5588 5687
1333 50 140 1024 1429 1471 1659 1676 1840 1922 1976 2559 2854 2979 3170 3280 3453 3561 3684 4121 4441 4477 4737 5077 5142 5313 5452 5534 5549 5696 5774 5783 5993
1334 579 604 732 1450 1506 1553 1598 1757 1827 1875 1904 2198 2216 2509 2775 2851 3030 3220 3246 3512 3532 3665 4067 4160 4204 4237 4320 4609 4731 4782 5131 5166 5507 5577 5581 5670
1335 16 139 610 842 878 1080 1415 1996 2147 2653 2688 2787 2838 3056 3395 3569 3655 3752 4156 4186 4773 4799 4858 4916 5035 5186 5240 5377 5547 5757 5896 5948 5974
1336 159 268 602 625 640 742 758 834 947 1366 1457 1519 1809 2324 2360 2405 2496 2537 2640 2641 2861 3033 3177 3255 3287 3288 3634 4155 4176 4291 4371 4458 5304 5905
1337 866 1036 1180 1197 1237 1463 1555 1712 1896 1964 2056 2101 2227 2744 2908 3063 3214 3522 3611 3677 3679 3816 4005 4118 4222 4586 4709 5365 5446 5541 5901
1338 1418 1509 1709 1825 1949 2094 2333 2351 2470 2572 2710 2941 2989 3114 3151 3425 3676 3703 4042 4127 4237 4477 4850 4917 4919 4954 5358 5835
1339 73 116 146 562 928 1469 1515 1524 1621 1765 1820 1843 2395 2641 3154 3202 3235 3275 3364 3849 4044 4237 4312 4650 4809 4826 4914 5440 5480 5880 5961
1340 250 289 558 734 1121 1152 1256 1413 1530 1700 2138 2362 2620 2646 2657 2811 3026 3173 3514 3584 3731 3960 4011 4049 4179 4305 4848 4900 4967 5376 5619 5877
1341 622 968 994 1120 1249 1456 1921 2440 2497 2808 2851 3061 3168 3327 3617 3830 4095 4098 4114 4116 4184 4299 4640 4726 4954 5028 5365 5397 5402 5901
1342 323 332 342 722 777 816 870 1474 2138 2347 2557 2983 3143 3166 3360 3551 3581 3596 3613 3689 3986 4116 4127 4255 4259 4266 4603 4813 4933 4970 5316 5709 5992
1343 14 47 511 590 626 709 924 967 1002 1072 1107 1231 1654 1835 2073 2075 2121 2335 2857 3237 3264 3770 3846 3852 3974 3999 4019 4369 4922 4998 5056 5183 5343 5556 5575 5776
1344 498 607 652 662 902 922 959 1193 1204 1571 1732 1752 1769 1782 1901 2128 2352 2473 2640 2697 2802 2925 3714 3948 4022 4190 4476 4596 4915 5274 5360 5778 5826 5898 5941
1345 21 48 495 637 656 666 1049 1073 1138 1779 1869 2019 2091 2145 2205 2209 2310 2476 2610 2719 2901 2965 2997 3330 3366 3404 3435 3529 3970 4003 4073 4162 4638 4839 5263 5276 5616 5960
1346 278 283 286 1424 1556 1741 1880 1922 2107 2280 2492 2564 2784 2959 3380 4051 4109 4169 4624 4884 5061 5280 5372 5426 5440 5573 5633
1347 315 359 601 637 1009 1405 1755 1865 2135 2148 2508 2571 2599 2717 2858 3273 3279 3378 3502 3885 4426 4865 4942 5276 5357 5725 5841 5884 5985
1348 4 68 188 363 859 1040 2074 2180 2346 2720 2745 2768 2785 3016 3294 3529 3683 3742 4276 4840 5521 5598
1349 79 136 218 526 788 807 1097 1392 1412 1567 1778 1834 1908 1983 2007 2191 2800 2831 2941 2958 3027 3038 3224 3247 3257 3522 3717 4226 4243 4389 4600 4703 4995 5312 5359 5433 5552 5897
1350 129 195 370 651 771 772 1087 1109 1133 1578 1740 1940 2149 2276 2303 2479 2763 2930 2932 3076 3276 3290 3535 3677 4013 4077 4402 4489 4674 4700 4701 4799 4935 5069 5283 5339 5517 5876
1351 55 190 293 562 769 801 1674 1820 1850 2175 2290 3176 3318 3381 3679 3793 3934 4251 4692 4703 4838 4875 5159 5341 5652 5751 5778
1352 34 106 243 671 802 885 1070 1185 1326 1895 1925 2195 2296 2449 2690 3024 3360 3544 3594 3823 3973 4937 5118 5318 5846
1353 59 163 323 385 430 535 566 678 682 735 852 1172 2339 2368 2385 2470 2639 2774 2866 2964 4134 4196 4258 4442 4457 4505 4716 4907 5201 5316 5516 5584
1354 527 803 1143 1325 1477 1937 2164 2857 2869 3176 3296 3348 3374 3407 4177 4235 4296 4390 4668 4678 4687 4898 4935 5519 5686 5821 5832 5899
1355 20 28 140 264 325 337 459 541 643 1233 1491 1634 1804 1833 1872 2208 2248 2262 2289 2601 2978 3032 3459 4072 4201 4280 4486 4539 4574 4627 4692 4867 4910 5671 5702 5752 5762 5869 5871
1356 1052 1173 1258 1314 1708 1776 1950 2025 2058 2460 2617 2738 2773 3053 3113 3191 3572 3609 3755 3778 3961 3963 4138 4429 4700 4844 4988 5631
1357 20 64 226 403 653 774 1160 1446 1520 1850 1923 2205 2338 2742 3073 3132 3782 4367 5709
1358 21 24 358 431 469 1296 1576 1588 1658 1685 1917 2239 2397 2640 2725 3044 3260 3326 3446 3510 4067 4169 4379 4715 4802 4882 5200 5240 5365 5804 5975
1359 85 260 273 287 417 602 844 1234 1434 1627 1813 1826 1906 2064 2381 2848 2926 2951 2955 3020 3059 3162 3610 3624 3650 3816 3861 4079 4446 4492 4593 4700 5247 5367 5489 5823 5957
1360 149 372 550 1134 1382 1505 1654 1749 1905 1919 1932 2129 2350 2403 2485 2849 3099 3351 3377 3466 3484 3520 3711 3743 3757 3766 4093 4189 4839 4956 5238 5272 5576 5709 5973 5992
1361 311 380 434 450 954 1009 1178 1198 1300 1577 1591 1613 1713 1785 2538 2558 3187 3430 3431 3745 3811 3828 3840 4030 4301 4359 4489 4902 4928 5944 5983
1362 24 76 183 2068 2144 2213 2231 2332 2415 2478 2488 2764 3040 3074 3182 3455 3773 3835 3902 4047 4223 4312 4402 4727 5023 5169 5210 5550 5568
1363 259 403 690 803 924 965 1124 1141 1573 1684 1737 1924 2091 2263 2335 2501 2582 2650 2678 3083 3140 3221 3311 3380 3448 3544 3828 3889 3905 4151 4448 4499 4501 4560 5255 5336 5630 5713 5908 5930
1364 475 1098 1223 1390 1938 1972 2448 2717 2732 2831 3893 3915 4066 4401 4507 4561 5395 5450 5538 5568 5791 5933
1365 478 1066 1143 1186 1294 1575 1677 2031 2208 2362 2537 2612 3021 3125 3165 3348 3580 3751 4082 4084 4349 4516 4547 4769 4826 4835 5413 5515 5695 5717
1366 79 110 292 293 620 857 968 1002 1286 1336 1377 1501 1512 1996 3168 3252 3317 3330 4061 4180 4270 4556 4866 5044 5198 5237 5502
1367 299 570 975 1527 1680 2013 2703 2914 2975 3140 3196 3314 3556 3633 3733 3748 3848 3891 3913 4082 4158 5053 5233 5489 5584
1368 334 547 727 849 1040 1071 1122 1300 1435 1612 1633 2047 2164 2356 2486 2798 3038 3524 3561 3592 3769 4048 4106 4188 4503 4610 4742 4915 5369 5739 5878
1369 131 197 382 939 1107 1402 1543 1704 1812 2033 2696 3072 3190 3333 3687 4184 4343 5017 5178 5251 5498 5646 5788
1370 501 710 750 803 848 951 1205 1406 1560 1930 1959 2238 2248 2328 2829 3157 3330 3355 3479 3655 4241 4529 4566 4683 4705 4835 5402 5511 5574 5600 5918
1371 40 403 417 545 737 987 1088 1330 1707 1787 2066 2374 2837 2854 2872 2934 2975 2980 3013 3050 3139 3347 3378 3454 4055 4570 4656 5088 5212 5670 5673 5686 5967 5989 5999
1372 359 1942 2048 2406 2636 2912 3136 3391 3725 3830 3987 4082 4384 4457 4520 4628 4964 5004 5217 5308 5314 5991
1373 1018 1901 1969 2062 2184 2248 2383 2454 2466 2583 2832 3162 3348 3355 3368 3926 4092 4119 4224 4334 4542 4814 4886 5325 5690
1374 174 724 895 925 1156 1201 1655 1710 1859 1922 2213 2273 2385 2540 2662 2747 3047 3244 3649 3690 4222 4407 4442 5149 5276 5727 5817 5929
1375 18 102 127 391 578 1231 1384 1525 1699 1925 2269 2402 2593 2796 2933 3295 3307 3841 4190 4226 5504 5510 5512 5539 5576 5595 5818 5887 5918
1376 1507 2595 2915 3210 3220 4498 4661 4688 4692 4759 4889 5270 5332 5918 5989
1377 150 208 246 498 835 841 914 1366 1535 1551 1887 2051 2256 2432 2575 2821 3658 3763 4023 4440 4639 4661 4879 4941 4950 5598 5677 5684 5767 5927
1378 85 132 806 935 1036 1601 1620 1656 1696 1788 1820 1844 2723 3988 4255 4607 4674 4680 4729 4921 5065 5174 5508 5561 5765 5773 5794 5997
1379 216 306 355 413 480 607 684 819 1005 1666 1698 1960 2035 2112 2358 2650 2753 3319 3574 3624 3877 4083 4481 4795 4833 4937 4944 4981 5081 5790 5891
1380 39 514 1237 1618 2815 3323 3572 3579 3668 3790 3864 3934 3972 4259 4270 4271 4283 4317 4374 4846 4857 5108 5383 5616 5766 5972
1381 129 414 728 1097 1222 1319 1598 1636 1997 2294 2413 2496 2528 3011 3370 3585 3659 3679 3989 4046 4184 4288 4551 4681 4866 4901 4942 5210 5324 5396 5766
1382 177 243 277 310 749 987 1360 1797 2295 2839 2997 3111 3141 3242 3488 3514 3603 3685 3718 3793 3954 4464 4483 4508 5036 5331 5392 5555 5715 5828 5895
1383 280 800 1440 1616 1946 2249 2307 2477 2515 2578 2829 3264 3403 3690 3913 4084 4568 5002 5068 5115 5219 5364 5969 5970
1384 64 413 494 554 914 962 1112 1246 1375 1530 1545 1624 2018 2760 2762 2765 2971 2974 3051 3185 3290 3602 3825 4307 5038 5157 5404 5606 5618
1385 75 350 773 918 1042 1056 1072 1135 1596 1869 1929 2018 2105 2168 2574 2784 2851 3090 3182 3297 3502 3735 3888 3929 4006 4230 4518 4695 4925 5064 5296 5391 5583
1386 69 114 195 318 330 572 578 935 1046 1278 1445 2266 2535 2633 3154 3236 3248 3251 3445 3669 3836 3869 4172 4447 4510 4709 4741 4793 5086 5216 5637 5801 5875 5879
1387 89 264 273 296 540 704 796 822 830 835 900 947 1005 1639 1667 1726 2014 2089 2322 2598 2691 2693 2871 2872 2903 2998 3611 3799 4017 4144 4385 4529 5023 5254 5406 5539 5592 5736 5935
1388 13 833 910 957 2102 2236 2274 2287 2310 2354 2381 2916 3960 3961 4123 4132 4215 4400 4803 5293 5392 5477 5494 5505 5577 5641 5719 5807 5851
1389 278 312 473 648 872 1247 1453 1593 1645 1665 1872 2181 2360 2401 2443 2615 2685 2850 3080 3128 3477 3767 3794 4099 4237 4458 4567 4663 4759 5424 5455 5511 5592 5756 5916
1390 54 274 463 486 529 893 930 973 1011 1024 1050 1088 1364 1460 1779 2089 2117 2310 2430 2536 2565 2726 2740 2867 3233 3285 3327 3450 3570 3598 3639 3779 3866 3958 4166 4177 4551 4818 5155 5302 5478 5822
1391 87 168 305 480 502 542 710 1528 1587 1591 1601 1694 1859 1900 2175 2278 2855 2892 3063 3130 3158 3218 3393 4188 4233 4490 4787 4943 5040 5249 5648 5885
1392 139 633 801 912 939 944 1004 1048 1349 1780 1834 1956 2040 2092 2128 2485 2534 2573 2676 3031 3097 3722 3794 4156 4220 4397 4480 5007 5219 5388 5679 5846
1393 142 172 336 369 654 787 829 900 937 1191 1740 2122 2157 2247 2383 2630 2978 3168 3275 4067 4070 4335 4555 4924 5020 5309 5410 5688 5689 5691 5694 5747
1394 324 634 839 1126 1183 2268 2876 3226 3545 3965 3970 4119 4255 4563 4696 4960 4988 5400 5659 5733 5767
1395 368 980 1134 1481 1786 1836 1942 2046 2812 2862 3107 3412 3843 3847 4029 4069 4109 4221 4501 4844 5077 5263 5340 5574 5612 5952
1396 250 638 995 1223 1279 1672 1934 2556 2705 2898 3197 3231 3325 3434 3443 3650 3708 3747 3929 3969 4101 4174 4227 4563 4881 5073 5337 5463
1397 1 32 276 308 483 867 949 1154 1209 1608 1624 1625 1712 2054 2193 2313 2441 2443 2619 2653 3163 3492 3961 4176 4223 4269 4516 4544 4655 5055 5247 5813 5850
1398 19 71 93 186 303 571 759 1014 1084 1325 1707 2267 2896 3033 3170 3652 4049 4158 4165 4546 4584 4696 5037 5044 5082 5164 5291 5318 5553 5562
1399 200 350 632 1101 1135 1478 1498 1696 1774 1854 1921 1928 2091 2290 2332 2401 2519 2584 2629 3211 3672 3868 3967 4224 4545 4686 4910 5006 5074 5335 5480 5708 5780 5818
1400 17 201 373 686 1210 1769 1785 1866 2026 2094 2147 2598 2708 2819 2918 3175 3637 4000 4139 4783 4791 4904 4931 5174 5402 5413 5420 5704 5724 5958
1401 59 218 235 544 556 560 602 965 1111 1139 1224 1256 1316 1523 1799 2068 2170 2215 2599 2900 3347 3382 3845 4213 4360 4479 5212 5301 5314 5730
1402 227 471 510 569 660 679 723 939 1192 1267 1369 1496 2228 2251 2662 2822 2891 3178 3347 3523 3859 3903 3941 4023 4052 4283 4633 4925 5268
1403 31 161 269 419 690 741 765 787 868 1015 1037 1989 1993 2083 2103 2214 2473 2507 2664 2744 2809 2881 3105 3140 3200 3496 3547 3750 3906 3917 3974 4153 4431 4496 5566 5838
1404 291 385 528 696 723 800 1234 1642 2045 2419 2761 3074 3143 3249 3362 3770 3798 3814 3866 4086 4376 4556 4582 4981 5087 5207 5452 5490 5527 5576 5650 5660 5977
1405 325 516 787 1347 1446 1551 1630 1732 1771 1784 2125 2173 2650 2769 2813 2938 2969 3018 3207 3565 3594 3950 4155 4660 4683 4768 4829 5127 5265 5385 5394 5931
1406 63 587 610 780 867 1108 1370 1426 1443 1645 1797 1880 2084 2099 2167 2221 2264 2349 2434 2508 2776 3388 3438 3622 3796 3908 4111 4401 4481 4543 4592 4629 4650 4910 4943 4983 4994 5328 5928
1407 394 905 1019 1153 1199 1246 1460 1510 1516 1692 1725 2247 2705 2805 3021 3064 3081 3238 3305 3352 4118 4563 4650 4739 4801 5025 5431
1408 856 917 933 1022 1068 1202 1263 1329 1608 1955 1971 2738 2872 3258 3425 3537 3971 3976 3994 4136 4151 4244 4264 4972 4995 5298 5769
1409 188 397 824 852 918 982 1437 1567 1940 2014 2219 2463 2521 2577 2611 2826 2878 2882 3438 3572 3578 3888 3938 4010 4021 4063 4144 4274 4280 4476 4649 5493 5528
1410 28 656 775 1023 1063 1145 1218 1294 1456 1475 1585 1671 1928 2132 2531 2993 3226 3279 3361 3492 3846 3865 3963 4104 4297 4467 4494 4751 5153 5288 5622 5736
1411 60 92 281 306 616 765 844 1222 1514 1892 1938 2181 2185 2200 2345 2513 3007 3030 3284 3417 3460 3523 3532 3777 3791 3951 4149 4165 4359 4589 5130 5214 5400 5534 5741 5999
1412 70 341 388 559 816 971 1170 1300 1349 1842 2039 2210 2385 2405 2750 2882 3008 3042 3244 3573 3605 3613 3708 3723 4187 4198 4302 4483 5525 5702 5713 5789
1413 122 496 943 1290 1304 1311 1340 1419 1700 2117 2148 2398 2660 2808 3229 3329 3882 4020 4268 4279 4312 4479 4617 4702 4891 5239 5252 5386
1414 263 333 448 1004 1006 1224 1308 1533 1587 1618 1975 2129 2426 2849 3128 3311 3312 3682 4032 4291 4324 4359 4753 4924 5271 5437 5465 5476 5560 5604 5688
1415 22 180 257 408 409 463 789 930 1010 1313 1335 1588 1742 1846 2144 2176 2432 2438 2476 2737 2749 2982 3004 3078 3605 3609 3883 4136 4138 4188 4354 4535 4775 5121 5160 5347 5432 5481 5658 5763 5930
1416 151 162 598 1577 1669 1757 1774 2314 2397 2431 2481 2506 2508 3057 3391 3647 3737 3773 3879 4263 4350 4454 4594 4956 4959 5383 5391 5992
1417 135 261 418 464 1051 1162 1218 1615 1622 2517 2574 2986 3324 3827 3911 3968 4187 4694 4714 4939 5421
1418 284 400 580 647 781 1139 1178 1338 2059 2067 2078 2093 2117 2193 2339 2497 2593 2925 3132 3151 3433 3538 3764 3849 4187 4331 4710 4833 4878 5201 5620
1419 259 838 1413 1452 1612 1712 1716 1818 1870 1881 1961 2167 2760 2856 2925 2980 3152 3244 3583 3687 3788 3864 4004 4288 4416 4429 4444 4469 4584 4884 5218 5371 5414 5504 5848
1420 13 72 94 355 493 695 755 765 1049 1458 1725 1778 2297 2497 2885 3174 3265 3291 3461 3650 4052 4091 4244 4548 4854 4870 5230 5383 5478 5718 5778 5810 5947
1421 109 340 634 896 953 957 1114 1135 1555 1853 2036 2044 2097 2232 2509 2759 2943 3363 3382 3531 4560 4874 4924 4963 5444 5671 5730
1422 274 583 584 1306 1521 1570 1833 1835 2019 2028 2442 3083 3336 3445 3504 3890 3956 3983 4180 4244 4306 4614 4782 4785 4800 4981 5456 5494 5603 5743 5893
1423 14 178 690 717 912 924 1040 1497 1717 1848 1888 2150 2478 2663 2778 3259 3523 3657 3791 3844 3889 3921 3931 4072 4262 4325 4436 4772 5358 5437 5508 5722 5742 5953
1424 551 626 677 686 813 1006 1138 1346 1695 1718 1852 2054 2078 2273 2446 2507 2573 2674 3073 3253 3335 3689 3709 3845 4031 4059 4190 4303 4466 4503 4725 4801 4862 5419 5485
1425 86 119 166 252 611 1514 1649 1804 1868 2165 2261 2458 3019 3297 3593 4268 4275 4569 4587 4712 4785 4874 5329 5726 5960
1426 38 226 496 582 661 693 803 819 1406 1558 2176 3108 3114 3325 3482 3828 3932 4075 4265 4391 4418 4422 4561 4632 4710 4918 4940 5471 5475 5582 5759 5979
1427 21 32 425 480 784 1440 1441 2021 2114 2542 3045 3105 3215 3361 3433 3593 3786 3922 4251 4413 4453 4635 4672 4708 4858 4973 5174 5659
1428 60 411 688 772 1185 1254 1325 1500 1608 2242 2501 2549 2623 2776 2911 2921 3149 3683 4014 4076 4098 4154 4654 5017 5420 5491 5528 5629 5723 5804 5862 5951
1429 37 927 1333 1589 1638 1831 2093 2265 2413 2514 2608 2655 2945 3161 3213 3365 3636 3668 3933 4014 4216 4558 5092 5163 5339
1430 872 1029 1262 1525 1791 2058 2076 2101 2123 2509 2931 3130 3182 3386 3600 3761 3783 4207 4284 4557 4697 4849 4952 5018 5958
1431 268 742 864 933 1083 1690 1879 1884 2027 2156 2338 2424 2444 2610 2617 2789 2801 2894 2904 2914 3016 3238 3723 3738 3965 4156 4263 4291 4377 4674 4707 4741 4981 5027 5483 5508 5554 5566 5720
1432 457 553 591 791 932 1298 1327 1928 2179 2388 2437 2597 2634 2857 2867 3041 3087 3245 3252 3378 3481 3482 3622 3780 3834 3944 4006 5011 5125 5131 5232 5415 5642 5898
1433 477 540 1148 1165 1572 1609 2108 2470 2477 2509 2687 2707 3331 3419 3458 3545 3560 4056 4218 4309 4518 4694 4740 4909 5252 5506 5849
1434 566 595 622 786 874 1101 1359 1444 2062 2150 2185 2204 2308 2584 3276 3499 3550 3663 4342 4425 4504 4664 4676 4700 4819 4820 4933 5010 5232 5238 5403 5612 5702 5811 5839
1435 195 626 895 1043 1112 1240 1368 1627 1796 2275 2628 2861 3039 3185 3543 3557 3581 3802 4018 4176 4656 5313 5578
1436 221 290 403 669 1461 1492 2127 2180 2276 2386 2451 2533 2541 2880 3063 3122 3276 3303 3979 4131 4614 4891 5245 5634 5782 5833 5845
1437 121 528 897 1202 1409 1484 1600 1765 1840 2330 2382 2626 2909 2990 3018 3045 3081 3110 3801 3985 4021 4027 4422 4649 4714 4857 5037 5070 5295 5319 5342 5764 5824 5860 5926 5957
1438 495 585 693 701 954 1068 1074 1549 1632 1662 1752 1771 1805 1968 1976 2017 2212 2272 2542 2864 3047 3121 3474 3604 3805 3826 3938 3986 4246 4406 4444 4722 5097 5162 5353 5527 5700 5720 5886 5940
1439 173 405 478 714 920 2154 2297 2436 2712 2797 2971 3074 3621 3633 3687 3835 4106 4279 4412 4430 4686 4760 4859 4946 5112 5158 5423 5429 5503
1440 547 801 849 1383 1427 1642 1767 1920 2439 2449 2877 3683 3873 4041 4234 4366 4687 4720 4861 4993 5430 5523 5633 5785
1441 454 573 670 692 719 940 1104 1427 1856 2058 2282 2293 2400 3078 3204 3409 3592 3612 3707 3739 4369 4382 5001 5329 5656
1442 261 619 700 743 863 1646 1755 1986 2025 2108 2324 2565 2795 2901 3157 3238 3497 3689 3969 3984 4052 4124 4301 4464 4546 4705 4790 5003 5079 5084 5122 5145 5217 5225 5308 5329 5350 5391 5690 5706 5773
1443 123 179 471 694 724 858 1327 1406 1519 1767 1901 2035 2162 2409 2414 2445 2557 2588 3279 3688 4149 4518 4545 4567 4796 4853 4906 5311 5651 5746
1444 199 454 618 809 894 1146 1434 1699 1932 2610 3157 3503 3715 3853 4140 4601 4900 4910 5023 5246 5554 5595 5876
1445 191 197 230 588 807 897 1110 1386 1482 1489 1571 1643 1676 2013 2018 2285 2380 2648 2916 3116 3119 3172 3421 3752 4213 4517 4593 4702 4799 5025 5118 5125 5335
1446 25 293 371 412 471 620 862 921 997 1002 1241 1357 1405 1540 1650 2164 2733 2863 2915 3040 3508 3577 3725 3828 4286 4318 4468 4564 4585 5385 5724 5890 5939
1447 433 621 664 673 703 1175 1959 1975 2146 2184 2451 2967 2991 3071 3284 3606 3809 4137 4206 4845 4875 4909 4938 5046 5121 5567
1448 36 189 397 790 892 901 1072 1176 1267 1577 1687 1740 1876 2025 2102 2188 2286 2306 2393 2767 2978 3295 3302 3390 3702 3741 3912 4174 4655 5103 5135 5538 5696
1449 190 416 513 596 1613 1678 1907 2225 2261 2327 2576 2729 2745 2795 2850 2978 3205 3401 3414 3494 3537 3805 3980 4007 4067 4094 4275 4322 4369 4684 4736 4739 4918 4992 5085 5109 5252 5559 5657
1450 743 907 996 1044 1164 1286 1334 2122 2258 2746 3351 3398 3516 3528 3653 3943 4049 4097 4163 4173 4423 4818 5029 5726
1451 61 267 275 410 782 937 1038 1058 1258 2033 2078 2360 2415 2476 2496 2574 2621 2677 3477 3754 4058 4381 4488 4543 4930 5177 5318 5573 5673 5970
1452 199 396 589 862 1320 1419 2171 2762 2889 2981 3151 3294 3398 3454 3547 3640 4020 4116 4232 4434 4814 4815 4940 5204 5314 5521 5589 5849 5992
1453 250 627 631 805 883 1177 1224 1263 1389 1476 1569 2108 2969 3147 3498 3644 3814 3843 3874 3974 4164 4230 4362 4546 4850 4921 5369 5507 5595 5641 5863
1454 227 1285 1777 1833 1977 2289 2361 2429 3338 3442 4122 4138 4267 4438 5171 5202 5216 5219 5417
1455 34 156 189 251 553 674 869 1201 1231 1330 1884 2086 2187 2689 2760 3026 3078 3084 3291 3302 3327 3452 3905 3944 4150 4450 4564 5051 5425 5620 5756 5968 5985
1456 111 217 383 646 648 1194 1240 1341 1410 1991 2242 2529 2638 2947 2956 3078 3655 4107 4120 4250 4367 5402 5752 5817 5843 5993
1457 182 273 348 500 1070 1336 1582 1651 1696 2137 2560 2633 2636 2761 3170 3472 3671 4426 4775 4976 5013 5021 5062 5342 5392 5520 5765 5996
1458 160 337 719 1127 1133 1209 1420 1618 1646 1915 2428 2721 2861 3018 3370 3775 3795 4361 4468 4751 4914 4936 4961 5110 5115 5401 5433 5557 5703 5784 5810
1459 89 123 240 419 976 1171 1175 1226 1274 1531 1779 2127 2279 2360 2556 3052 3179 3329 3336 3561 3696 3727 3838 3951 4047 4173 4254 4500 4569 4643 4946 5455 5762 5769 5790
1460 33 99 266 469 768 970 1117 1166 1217 1390 1407 1929 1935 2024 2025 2233 2239 2350 2499 2533 2585 2599 2663 2721 2777 3128 3343 3485 3500 3508 3693 3931 4057 4443 4758 4818 4866 5085 5422 5463 5662 5665
1461 1 89 98 306 391 714 981 1081 1436 1605 1626 1727 2182 2261 2441 2580 2657 3162 3178 3279 3409 3611 4553 4715 4721 4812 4993 5093 5256 5603 5731 5934 5981
1462 362 618 1079 1301 1682 1918 2070 2656 2742 2933 3196 3273 3339 3434 3587 3624 3736 4192 4444 4608 4634 4679 4691 4918 5026 5052 5189 5284 5315 5440 5461 5544 5570 5680
1463 168 503 505 1337 1651 1659 1855 2217 2256 2500 2635 3284 3498 3790 4522 4587 4614 4854 5206 5244 5347 5444 5485 5707 5866 5879 5919 5941
1464 141 165 406 465 497 570 667 735 1091 1263 1756 2233 2510 2564 3177 3191 3383 3900 4057 4087 4089 4107 4405 4469 4582 4887 5129 5522 5538 5556 5603 5843
1465 45 232 518 697 715 800 840 893 902 1181 1574 2314 2556 2658 2820 3542 3640 3684 4194 4423 4473 4572 4590 4775 5197 5235 5729 5839 5903
1466 183 566 699 808 1715 2491 2668 2697 2873 2923 3483 3614 3749 3773 4048 4446 4499 5462 5511
1467 102 454 631 757 1039 1119 1246 1598 1955 2753 2815 3059 3448 3519 3673 3788 3940 4008 4151 4162 4181 4268 5219 5508 5735 5776 5955
1468 138 152 215 231 279 500 542 615 664 673 777 978 1205 1679 1758 2412 2709 3029 3125 3718 3817 3847 4131 4290 4467 4599 5390 5799
1469 250 314 360 424 797 1339 1615 2120 2258 2427 2442 2466 2853 2923 2941 3095 3161 3241 3723 3925 3994 4347 4655 4800 4937 4965 4975 5225 5900
1470 52 75 328 525 791 812 856 1102 1616 1683 2064 2323 2579 2591 2841 2932 2951 3257 3371 3440 3527 3531 4057 4079 4162 4312 4362 4501 5274
1471 129 466 733 922 986 1095 1333 1520 2169 2211 2257 2834 2935 2990 3130 3297 3522 4961 5327 5351 5442 5468 5480 5485 5590 5642 5891
1472 61 93 229 465 529 744 782 814 971 1144 1317 1862 1917 2151 2571 2666 2816 2834 2873 3113 3428 3663 3818 4040 4190 4243 4803 4913 5082 5185 5459 5928
1473 178 717 1227 1586 1894 2305 2847 2908 3052 3184 3240 3262 3325 3417 3472 4763 5285 5734 5762
1474 0 159 345 622 1112 1144 1318 1342 1572 1686 1930 2357 2369 2464 2537 3520 3582 3758 4083 4209 4319 4404 4470 4667 4719 4747 4853 4989 5194 5368
1475 57 93 156 177 581 741 896 1410 2557 2812 2833 3237 3241 3336 3674 4001 4410 4492 4957 5070 5221 5289 5476 5872 5905
1476 0 187 722 948 1254 1453 1818 1909 2019 2064 2074 2105 2173 2377 2477 2589 2643 2846 3062 3168 3264 3310 3359 3399 3670 4117 4261 4303 4390 4559 4635 4668 4772 4929 5154 5348 5441 5520 5924
1477 65 641 863 925 1018 1153 1262 1271 1354 1579 2227 2575 2768 2875 2968 2973 3033 3090 3291 3320 3366 3970 5182 5633 5879 5941
1478 387 419 458 748 1399 1636 1733 2523 2617 2677 2752 3122 3335 3571 3762 4000 4193 4471 4689 4854 4859 5203 5260 5528 5816
1479 142 325 470 486 487 820 1138 1147 1208 2205 2433 2591 2681 3141 3396 3653 3950 4048 4140 4409 4766 4823 4827 4956 5274 5321 5423 5518 5607 5621 5990
1480 355 548 761 901 1809 2549 2625 2842 2848 2962 3106 3690 3862 3943 4255 4346 4547 4632 4678 5436 5670 5761
1481 311 585 669 720 745 841 1029 1053 1220 1233 1395 2183 2945 3308 4036 4194 4398 4464 4553 4633 4955 5064 5321 5334 5340 5377 5438 5564 5655
1482 179 271 482 690 764 905 1244 1445 1657 1672 1687 1858 1883 1894 1942 2088 2137 2266 2400 2418 2463 2610 2752 3025 3140 3556 3714 3825 3998 4424 4544 4869 5050 5354 5490 5633 5927
1483 559 763 884 1582 1668 1771 2004 2083 2186 2305 2662 2671 3047 3132 3825 4159 4218 4219 4422 4578 5328 5411 5966
1484 189 231 771 1020 1058 1080 1107 1437 1509 1704 1960 2011 2104 2459 2806 3059 3061 3602 3686 3723 4418 4494 4726 4757 4872 5003 5058 5080 5177 5198 5208 5338 5429 5437 5493 5509 5626 5807
1485 111 259 381 1903 1938 2100 2133 2693 2988 3591 3744 4257 4377 4742 5109 5199 5330 5583 5657 5802 5839
1486 1008 1239 1269 1933 2056 2555 2636 2677 3159 3161 3376 3384 3640 3905 3909 4179 4395 4410 4438 4445 4566 4849 4952 5418 5693 5784 5839
1487 340 418 637 789 1108 1202 1317 2038 2156 2177 2401 2597 2693 2711 3103 3427 3763 4056 4140 4423 5091 5272 5413 5455 5766 5872
1488 107 238 483 820 909 1068 1117 1500 1854 2294 2618 2642 2738 2757 2795 2929 3268 3412 3522 3892 3987 4307 4360 4771 5012 5499 5838
1489 404 476 1445 1510 1655 1725 1770 2063 2191 3017 3171 3283 3367 3428 3629 3812 3832 3945 4046 4093 4174 4313 4456 4557 4631 4720 4993 5122 5155 5188 5336 5346 5421 5460 5730
1490 383 568 704 815 870 973 1020 1153 1544 1996 2199 2642 2848 2923 3097 3141 3166 3198 3273 3353 3676 4242 4562 4626 4632 4644 4774 5100 5167 5192 5195 5483 5614 5693 5908
1491 33 102 299 416 541 607 689 1179 1355 1934 2088 2210 2412 2500 2831 2963 3005 3735 3887 3916 4370 4834 4873 5020 5057 5303 5633
1492 175 196 365 375 516 518 707 865 1235 1257 1436 1641 2197 2696 2964 2968 3122 3263 3333 3356 3688 3784 3846 4007 4145 4232 4435 4921 4971 5009 5062 5141 5437 5634
1493 124 256 442 523 557 588 632 1020 1835 2067 2521 2602 2820 2923 3418 3559 3591 3670 3918 3969 3981 4714 4748 5033 5066 5291 5680 5848 5970
1494 507 522 895 938 1031 1174 1288 1520 1748 1946 2173 2556 2568 2609 2816 2920 3078 4547 4675 4938 5428 5489 5532 5630 5805 5984
1495 11 101 125 489 640 645 734 963 1131 1146 1589 1596 1740 2478 2717 2728 2760 3105 3113 3118 3292 3609 3908 4066 4756 4834 5085 5604 5607 5620 5728
1496 32 181 198 311 388 695 804 821 1402 1622 1735 1858 2012 2101 2296 2430 2545 2878 2983 3029 3128 3174 3387 3484 3655 3693 3799 4179 4296 4447 4500 4793 4983 5126 5314
1497 290 456 510 865 894 896 928 1096 1261 1265 1287 1423 1572 1856 2009 2101 2237 2656 2855 3029 3095 3692 3707 3927 3943 4303 5232 5537 5825 5896
1498 300 703 708 782 920 942 983 1399 1533 1651 1666 1709 1753 2018 2112 2231 2835 3493 3691 3822 4252 4266 4818 4872 4896 5047 5197 5294 5904
1499 157 232 308 758 814 879 1856 2055 2326 2334 2451 2498 2782 2854 3027 3382 3482 4365 4485 4664 4747 4959 5108 5122 5256 5474
1500 0 519 530 873 1319 1428 1488 1673 1753 1780 2101 2224 2473 2521 2612 2855 3606 4324 4729 4763 4824 4853 4881 4896 5248 5519 5530 5677 5768
1501 43 107 129 153 682 760 826 833 1082 1125 1136 1366 1893 2059 2460 3030 3293 3502 3696 3741 3968 4978 5073 5337 5961
1502 19 436 846 1096 1126 1544 1674 1746 1879 1975 2090 2337 2602 2665 3516 4129 4204 4494 4691 4724 4739 4758 4857 5747
1503 1141 1243 1290 1557 2007 2389 2720 3108 3360 3463 3751 4217 4229 4464 4480 4679 4730 4889 5013 5046 5523 5971
1504 135 305 310 352 523 644 744 758 927 1194 1292 1987 2273 2324 2896 3570 3704 3714 3885 4138 4202 4214 4411 4438 4460 4476 4662 4673 4682 5435 5624 5940
1505 286 337 651 853 1046 1318 1360 1934 2043 2077 2346 2600 2617 2754 3181 3267 3831 4123 4154 4297 4594 4830 4879 5219 5301 5487 5637 5813
1506 0 135 304 446 607 706 752 1318 1334 1558 1937 2002 2332 2418 2424 2506 2753 2803 2879 3131 3214 3511 3836 4005 4136 4654 4819 4831 4962 5114 5208 5608 5802 5880 5969
1507 157 231 517 909 1376 2328 2534 2546 2552 2585 3038 3293 3629 3665 3716 3773 4086 4593 4662 4666 4683 4879 5002 5034 5038 5191 5568 5630 5752
1508 134 293 509 1534 1761 1797 2120 2476 2723 2925 2997 3123 3151 3661 4482 4766 5009 5207 5403 5965
1509 90 140 415 421 490 1160 1318 1338 1484 1565 1621 1808 1903 2108 2183 2299 2506 2628 2937 3093 3199 3367 3583 3695 3708 3918 4255 4435 4451 4471 4507 4514 5384 5583 5603 5608 5706 5761 5857 5922
1510 635 672 1092 1255 1407 1489 1722 2099 2139 2295 2966 3070 3598 4003 4416 4728 5467 5592
1511 265 646 714 734 936 1264 1965 1980 2700 2746 2868 2903 3338 3521 4439
1512 373 536 540 669 730 863 910 989 1123 1366 1519 1689 1975 2018 2290 3092 3447 3603 3846 3953 4007 4291 4368 4907 4925 4990 5009 5107 5984
1513 86 198 275 409 543 625 683 1029 1084 1237 1525 1693 1933 2022 2028 2358 2430 2515 2805 2816 3103 3448 3524 3958 4498 4660 4986 5342 5766 5825 5850 5879
1514 50 87 139 217 367 545 621 677 764 783 805 997 1411 1425 1707 2022 2627 2809 3127 3317 3335 3383 3396 3677 3899 4041 4165 4168 4317 4480 4511 4618 5233 5235 5819 5860
1515 106 380 574 630 955 1144 1156 1282 1339 1805 2150 2482 2545 2749 2905 2995 3344 3463 3577 3597 3627 3909 3985 4109 4208 4231 4389 4413 4438 4724 4803 4885 5221 5695 5801
1516 218 296 414 998 1060 1106 1167 1407 1694 1706 1752 2172 2191 2653 2935 3102 3254 3500 3541 3871 3906 4123 4307 4312 4467 4672 4955 4962 5201 5348 5478 5745
1517 231 444 450 600 887 1576 2240 2429 2475 2517 2679 3058 3538 4397 4410 4507 5898
1518 170 644 669 679 857 1157 2193 2228 2276 2374 2704 2802 3073 3352 3564 4114 4311 4455 4486 4615 4725 4743 4933 4995
1519 266 328 690 1080 1240 1336 1443 1512 1905 2072 2787 2792 2944 3408 3486 3504 3656 3876 4016 4353 4549 4712 5460 5744 5750 5828
1520 309 364 485 505 718 1028 1294 1321 1357 1471 1494 1676 2240 2363 2405 2487 2732 3004 3113 3141 3262 3279 3323 3482 3552 3718 3791 3831 4063 4067 4261 4380 4492 4662 5066 5142 5516 5656 5898 5918 5962
1521 71 133 367 491 565 728 747 980 1310 1312 1422 1740 1916 1995 2372 2606 2865 2948 3032 3073 3096 3295 3664 3680 3805 3973 4264 4626 4979 5730
1522 302 309 600 875 1777 1831 2116 2149 2346 2515 2532 2898 2999 3012 3382 3415 3425 3564 3833 3987 4096 4104 4245 4319 4361 4429 4575 4849 4867 4958 4969 5364 5519 5725
1523 2 510 544 871 933 1014 1288 1401 1682 2063 2247 2392 2690 2752 2974 3224 3273 3425 3557 3881 3928 4171 4218 4478 4944 5164 5292 5457 5530 5811 5848
1524 187 284 285 436 556 760 901 990 1186 1315 1339 1765 1769 1772 1911 1955 1965 2067 2441 2929 2947 3109 3166 3201 3560 4030 4363 4458 4882 5062 5391 5642 5656 5826 5978
1525 245 401 545 736 1226 1375 1430 1513 1802 1913 2028 2406 2467 2972 3007 3258 3320 3649 3750 3841 4234 4446 4529 4856 4909 5310 5425 5462 5817 5824 5989
1526 150 240 255 279 397 845 1051 1143 1220 1308 1678 1847 2256 2703 2884 2961 3042 3054 3483 3592 3774 4121 4217 4224 4825 5193 5197 5252 5626 5684 5795
1527 430 744 1037 1046 1367 1612 1640 1707 1765 1983 2015 2417 2531 3162 3393 3539 3658 3695 3770 4253 4374 4521 4683 4700 4746 4872 4954 5209 5369 5480 5485 5611 5665
1528 210 222 449 787 924 1019 1116 1391 1538 2021 2120 2126 2314 2490 2631 2846 3114 3133 3155 3456 3576 3846 4134 4418 4539 4750 4857 5843 5979
1529 630 646 1096 1232 1643 2209 2361 2528 2612 2697 2915 3318 3456 4037 4462 4566 4597 4608 4995 5848 5940 5991
1530 39 195 282 313 318 408 704 881 1340 1384 1764 1817 1955 1968 2011 2819 3009 3041 3145 3284 3366 3850 4152 4248 4284 4347 4352 4518 4520 4682 4752 4774 4865 4985 5186 5362 5532 5594
1531 505 730 1459 1613 2057 2403 2509 2535 2610 2663 2899 2924 3026 3075 3240 3808 3892 4368 4740 5021 5023 5213 5344 5597 5630 5835 5962
1532 56 76 80 259 817 1099 1145 1161 1794 1949 2161 2217 2374 2408 2420 2425 2441 2539 3642 3861 3876 3939 4051 4246 4591 4784 5302 5404 5557 5721 5792 5829 5843 5939 5980
1533 381 600 797 1245 1414 1498 1671 2313 2761 2984 3115 3188 3377 3391 3818 3838 3915 4338 4575 4681 5330 5820
1534 66 683 1140 1306 1508 1585 1761 1850 1889 1895 1956 2589 2679 2812 2916 3249 3290 3585 3697 4237 4354 5118 5129 5170 5339 5390 5397 5489 5644 5777 5826
1535 204 332 582 673 912 920 948 981 1241 1377 1685 1724 1845 2106 2403 2433 2532 2698 2816 2880 4121 4137 4254 4277 4501 4600 4656 4695 4881 4883 5153 5180 5618 5640 5769 5895 5942
1536 148 431 437 608 913 1193 1626 1660 1743 1781 2218 2572 3031 3840 3841 4083 4346 4349 4380 4582 4761 4783 4787 5103 5252 5314 5381 5432 5550 5611 5908 5980
1537 89 385 604 986 1248 1620 2086 2108 2305 2414 2791 3211 3255 3547 4461 5027 5429 5465 5475 5512 5596 5607 5834 5955
1538 318 349 1063 1086 1528 1699 1939 2102 2441 2661 2784 3602 4175 4680 4735 5647 5805
1539 10 115 283 340 631 703 763 773 999 1006 1762 2002 2354 2369 2495 2843 3060 3337 3586 3939 4497 4755 4815 4834 5004 5023 5171 5421 5528 5808
1540 103 222 487 773 835 999 1265 1446 1664 1768 2346 2379 2475 2536 3098 3136 3188 3346 3586 4063 4134 4387 4469 5014 5042 5255 5442 5888
1541 244 376 600 613 644 722 820 1546 1733 1763 1817 2184 2335 2611 2854 2925 2938 3204 3522 3943 4031 4523 4785 4853 5319 5512 5523 5547 5736
1542 154 162 851 1638 1721 3813 3895 4259 4339 4803 4996 5032 5111 5206 5240 5279 5286 5297 5599 5740
1543 74 106 145 150 222 297 309 402 408 698 714 947 1067 1161 1206 1237 1267 1369 1757 1868 2048 2703 2776 2871 3143 3150 3318 3707 3818 3846 4056 4480 4614 4833 4907 5051 5470 5512 5664
1544 268 445 471 528 560 1071 1490 1502 2017 2341 2590 2621 2750 2852 3005 3443 3698 4031 4805 4878 5009 5051 5269 5354 5386 5405 5416 5673 5710 5728 5939
1545 2 409 600 863 921 1384 1629 1887 1995 2357 2407 2436 2668 2689 2876 3007 3092 3105 3170 3401 3536 3623 4004 4226 4286 4299 4719 4913 4995 5052 5239 5297 5337 5914 5957
1546 115 539 620 798 1541 1795 2067 2154 2218 2220 2231 2241 2855 2871 2943 2955 2965 3061 3070 3184 3273 3417 3729 4006 4092 4120 4246 4303 4579 4589 4794 4807 5810 5902 5998
1547 24 65 562 682 832 1095 1122 1236 1311 1873 1950 1978 2071 2123 2297 2715 2723 2894 2944 2990 3015 3230 3334 3443 3539 3577 3620 3697 3776 4119 4608 5012 5384 5417 5539 5735 5765
1548 225 336 666 1549 1705 1757 1783 1869 2006 2404 2730 2805 3820 3841 3859 4137 4269 4650 4958 5117 5156 5364 5431 5901 5920
1549 472 554 657 688 994 1148 1221 1315 1438 1548 1691 1874 1923 2089 2568 2693 2826 3094 3370 3553 3669 3707 4331 4741 4974 5119 5228 5544 5644 5671 5957 5963
1550 10 251 540 712 1583 1615 1631 1703 1706 1783 1895 2113 2181 2233 2602 2662 2732 3288 3395 3489 3690 3730 3800 3898 4107 4159 4484 4721 4726 5288 5452 5681
1551 39 175 924 1377 1405 1570 1674 2012 2026 2125 2352 2480 2538 2669 3920 3957 4256 4526 5142 5391 5637 5689
1552 589 1056 2139 2293 2447 2495 2720 2919 3132 3230 3303 3605 3638 3853 3899 3941 4700 4744 4758 4926 4993 5015 5062
1553 43 224 267 472 571 842 1097 1334 1593 2117 2376 2400 2964 3080 3574 3861 4236 4351 4813 5270 5549 5808
1554 210 718 771 918 1120 1184 1760 1955 2156 2211 2240 2398 2486 2600 2700 2897 3430 3702 3712 3721 4150 4604 4728 4756 4858 4939 5302 5538 5556 5639
1555 268 352 1053 1324 1337 1421 1763 1847 2152 2769 2881 3126 3246 3432 3992 4621 4685 5082 5428 5654 5891
1556 264 415 596 793 1092 1308 1346 1859 1981 2460 3133 3137 3475 3544 4056 4086 4248 4522 4862 4879 5370 5474 5550 5551
1557 15 64 159 813 946 1114 1503 1733 1829 2079 2129 2292 2576 2746 2937 3089 3193 3551 3695 5181 5310 5405 5488 5524 5951
1558 51 137 149 234 720 826 858 971 999 1034 1037 1127 1426 1506 1666 1988 2046 2129 2658 2754 2954 3415 3670 4108 4749 4763 4893 4965 4971 5161 5212 5245 5275 5485
1559 740 826 956 1190 1254 1701 1721 1770 1832 1876 2045 2105 2477 2555 2920 3171 3242 3356 3816 3935 4765 4859 5022 5154 5182 5376 5632 5683 5757
1560 12 242 575 598 1228 1370 1721 1829 1981 2203 2314 2655 2700 2723 2791 2879 3041 3184 3261 3366 3815 3868 3986 3990 4052 4305 4487 4873 4911 5581
1561 28 55 876 1016 1691 2000 2239 2564 2620 2918 3207 3615 3916 4361 4397 4428 4632 5556 5628 5764 5803 5919
1562 49 252 485 821 962 965 1038 1051 1155 1720 1906 2630 2821 3136 3213 3276 3715 3889 4016 4135 4591 4844 4936 5053 5162 5886 5942
1563 110 192 458 464 572 659 756 1031 1157 1190 1273 1877 1995 2365 2545 2780 3634 3791 3880 4087 4111 4439 4618 4826 4835 4930 4957 5279 5464 5804 5819 5989
1564 709 1240 1674 1704 1741 2080 2197 2232 2317 2926 3113 3320 3395 3736 3861 3992 4046 4406 4466 4827 4974 5128 5589 5635 5793 5831
1565 60 246 286 504 679 949 1509 1668 1777 2082 2328 2416 2600 2983 3021 3246 3343 3400 3560 3569 3601 3897 3911 4320 4489 4635 5088 5296 5500 5512 5856 5893
1566 84 146 698 699 799 985 1261 2688 2938 3388 3559 3649 3667 3779 4139 4418 4487 4496 4554 4820 5084 5203 5457 5536 5737 5833 5962
1567 187 860 1034 1314 1349 1409 1988 2019 2117 2333 2399 2528 2538 2679 2954 3738 4251 4691 5326 5465 5487 5794
1568 78 468 765 990 1063 1271 1704 2084 2156 2223 2313 2376 2696 2861 2888 3289 4129 4386 4838 4949 5095 5860 5994
1569 71 314 351 386 668 739 1012 1149 1186 1262 1278 1295 1297 1453 1796 1989 2021 2041 2078 2235 2608 2744 2895 3138 3222 3419 3439 3529 3593 3665 3899 4201 4505 4884 5118 5152 5451 5632 5699 5973
1570 68 96 174 491 627 772 822 856 1145 1422 1551 1681 1791 1860 2129 2445 2854 2960 3198 3206 3350 3496 3532 3812 3825 3902 4030 4141 4470 4655 4802 5332 5390 5573 5846
1571 939 1344 1445 1649 1663 1726 1797 2432 2548 2699 3041 3151 3448 3472 3703 3759 4129 4209 4322 4479 4645 4871 5155 5809 5946
1572 372 679 680 1142 1433 1474 1497 1779 1794 1905 2392 2637 2771 2843 3101 3234 3265 3486 3646 3844 3977 4066 4761 4951 5177 5341 5733 5779 5904
1573 396 442 596 615 616 689 728 958 962 979 1102 1194 1363 2264 2720 2727 3005 3438 3558 3869 4387 4436 4450 4798 4990 5234 5761 5920 5986
1574 110 147 387 749 928 1465 2035 2236 2402 2465 2671 2843 2984 3025 3133 3464 3569 3702 4086 4816 4855 5350 5633 5748
1575 45 533 905 1021 1048 1210 1252 1267 1365 1586 1799 1824 2039 2134 2158 2196 2346 2347 2390 2732 2980 3407 3434 3523 3860 3946 3958 4042 4285 4444 4451 4794 5353 5386 5412 5512 5566 5876
1576 145 270 780 961 1230 1288 1358 1517 2382 2454 2621 2789 2826 3614 3990 4011 4071 4261 4283 4605 4684 5068 5154 5156 5276 5366 5452 5750 5870 5911
1577 560 1361 1416 1448 1861 1881 1906 1978 2116 2164 2175 2233 2452 2669 3982 3999 4321 4442 4770 4800 4845 4907 5719 5946
1578 387 431 445 467 530 536 807 1022 1167 1350 1600 1602 2082 2662 2817 2989 3141 3388 4315 4342 4853 4874 5616 5749 5977
1579 16 429 503 565 622 840 936 1477 1892 2079 2576 2583 2813 2951 2967 3093 3255 3368 3670 3940 3945 4243 4354 4403 4421 4844 4853 4879 4949 5033 5225 5226 5297 5305 5392 5549 5558 5859
1580 228 373 429 447 722 1168 1199 1216 1310 1789 1800 1951 2110 2395 2823 2865 3205 3278 3416 3708 3725 3761 3793 3874 4116 4208 4211 4485 4636 4716 4823 4837 4994 5102 5658 5939
1581 557 893 997 1647 2032 2159 2205 2601 2767 3083 3391 3460 3611 3659 3739 3946 4116 4403 4635 5103 5179 5463 5595 5768 5951
1582 279 308 347 523 771 932 1147 1226 1457 1483 1728 2079 2107 2179 2630 3352 3383 3746 3832 4027 4028 4427 5128 5252 5370 5516 5522 5797 5936 5994
1583 6 532 814 974 1174 1550 1748 1767 1846 1935 1987 2233 2462 2768 2841 3113 3300 3323 3334 3337 3355 3918 4079 4765 4783 4798 4830 4997 5037 5074 5218 5372 5693
1584 190 229 765 921 1065 1114 1316 1613 1776 1786 3304 3438 3608 3618 4026 4244 4329 4560 4639 4694 4730 4737 4911 5001 5456
1585 17 105 129 132 591 684 849 1410 1534 1680 1939 2069 2099 2424 2442 2724 2742 2824 2890 2942 2944 3099 3153 3161 4248 4454 5017 5085 5666 5848
1586 506 691 695 1013 1058 1285 1473 1575 1595 2183 2246 2265 2932 3010 3942 3954 4040 4172 4217 4221 4259 5158 5166 5899 5995
1587 16 52 172 472 494 498 502 538 593 743 767 801 804 862 1004 1082 1271 1275 1391 1414 1932 2007 2019 2062 2126 2237 2336 2428 2763 2770 2862 2949 3046 3235 3302 3307 3426 3437 3534 3606 3609 3836 3936 3974 4375 4448 4476 4734 4823 4870 5021 5087 5126 5449 5458 5948 5989
1588 10 84 93 161 443 803 953 1110 1150 1240 1358 1415 1602 2275 2297 2414 2522 2630 2663 3186 3281 3655 3736 4003 4096 4116 4277 4478 4506 4702 5009 5473 5623
1589 8 127 571 920 1429 1495 1688 2006 2468 2483 2731 2790 3666 4207 4368 4586 5027 5072 5370 5522
1590 85 102 237 256 305 348 613 750 983 1010 1317 2399 2808 2821 3299 3319 3432 3829 4168 4390 4931 5141 5186 5325 5683 5688 5791
1591 289 683 1119 1224 1361 1391 2003 2054 2743 2950 3037 3294 3610 4363 4417 4556 4960 4995 5068 5157 5445 5928
1592 399 586 615 1053 1185 1277 1654 1681 1924 2053 2444 2487 2728 2745 2906 2925 3048 3149 3505 3906 3917 5105 5181 5226 5266 5373 5647 5732 5889 5931
1593 154 320 322 530 935 1389 1553 1781 1784 2033 2080 2293 2476 2644 2661 2689 2961 3218 3247 3671 3746 4628 4822 4837 4886 4887 4978 5691
1594 105 211 213 333 334 355 1008 1160 1719 1944 2091 2209 2295 2430 2622 2644 2806 3006 3378 3756 3795 3970 5068 5072 5297 5564 5787 5794
1595 3 391 404 406 1586 1894 2123 2170 2233 2292 2599 2616 2754 2758 4395 4415 4456 4557 4805 5005 5041 5294 5476 5639
1596 439 453 1024 1062 1088 1385 1495 1824 2043 2111 2423 2465 2646 2777 3124 3176 3318 3707 3939 4033 4536 5108 5450 5572 5586
1597 48 308 629 640 888 1054 1055 1063 1261 1610 1978 2171 2502 2614 2692 2728 2770 2825 2927 3104 3421 3527 3602 3675 3911 3922 4605 5422 5553 5560 5875
1598 1 159 799 1259 1298 1307 1334 1381 1467 1721 1783 1802 2070 2298 2544 2684 2875 3003 3129 3390 3414 3582 3769 3771 3880 4010 4627 4788 5151 5721 5894 5932
1599 480 841 863 889 929 1676 1772 1933 2166 2570 2659 2879 2978 3034 3163 3430 3538 4004 4026 4472 5331 5514
1600 79 735 997 1239 1437 1578 1677 1721 1925 2405 2464 2496 2565 2715 2855 2869 2967 3189 3595 3870 4494 4541 5206 5229 5275 5392 5565 5629 5647 5792 5918
1601 62 274 286 294 355 818 1378 1391 1661 1729 1848 2104 2183 2363 2818 3559 3689 3759 4130 4140 4239 4402 4464 4608 4635 4705 4868 5162 5210 5276 5325 5458 5967
1602 194 209 273 319 370 736 1300 1578 1588 2394 2640 2660 3049 3300 3704 3741 4409 4504 4818 4933 5154 5642 5667 5907 5958 5994
1603 115 145 172 325 708 986 1041 1648 1808 1942 2017 2239 2278 2331 2461 2721 3448 3762 3805 3926 3985 4019 4048 4129 4144 4841 5010 5172 5360 5421 5567 5701 5707 5736 5749 5957
1604 18 423 666 1038 1141 1156 1228 1782 1790 1832 1870 2107 2311 2363 2365 2644 2779 3055 3061 3500 3504 3508 3525 3700 3884 3924 4112 4981 5103 5312 5415 5855 5874 5921 5970 5985
1605 36 165 864 887 1277 1294 1313 1461 1652 1945 2145 2259 2742 2816 3348 3410 3595 3754 3964 4756 5102 5612 5855
1606 93 282 372 508 593 847 994 1117 1154 1326 2002 2126 2993 3091 3115 3373 3419 3424 3892 4083 4392 4705 4734 5089 5177 5750
1607 48 323 387 569 575 980 1063 1067 1763 1946 2036 2189 2276 2571 2608 2721 2982 2997 3897 4141 4563 4772 5242 5279 5282 5391 5478 5560 5621 5714 5854
1608 342 806 1190 1397 1408 1428 1644 1805 2241 2456 2694 2911 3119 3344 3468 3640 3752 3767 3911 3913 4329 4364 4478 4605 4733 4755 4797 5034 5046 5060 5109 5359 5463 5515 5673 5739 5887
1609 2 142 178 198 562 629 643 1091 1228 1433 2458 2859 2867 2917 3174 3329 3890 4114 4582 4586 4745 4892 5243 5264 5311 5398 5908 5991
1610 34 470 1001 1153 1597 1698 2113 2305 2818 3058 3211 3517 3586 3708 4409 4866 5140 5185 5262 5517 5586
1611 46 274 390 621 637 1205 2169 2452 2486 2497 2608 2725 2831 2967 3069 3162 3387 3452 3466 3549 3774 3827 3907 3931 4440 4698 4804 4938 5464 5567 5973
1612 639 857 939 1150 1368 1419 1527 1745 1856 1938 2253 2277 2405 2419 2645 2786 3208 3536 3578 3605 3672 4145 4196 4219 4284 4443 4672 4769 4876 4923 5011 5248 5492 5504 5511 5637 5905
1613 26 580 717 855 970 1008 1361 1449 1531 1584 1866 2156 2397 2445 3613 3643 3728 3796 3868 3895 3944 3979 4368 4725 4789 4845 5320 5565 5766 5839 5849 5888
1614 47 168 337 426 622 666 1032 1202 1833 2367 2389 2607 2822 2864 3158 3193 3203 3244 3563 3687 3855 4194 4280 4338 4574 4628 4750 5207 5274 5712
1615 157 264 346 485 530 1004 1417 1469 1550 2409 2640 2691 2750 2877 2972 3036 3051 3087 3131 3674 3719 3902 4099 4287 4377 4817 5076 5081 5139 5238 5562 5666 5694 5843
1616 35 286 584 1043 1211 1383 1470 1632 1921 1972 2068 2127 2221 2229 2314 2508 2541 2648 2911 2985 3101 3133 3406 3466 3531 3779 3795 3965 4069 4451 4765 4777 4910 4917 5378 5490 5864 5882
1617 150 333 454 573 796 1242 1262 1756 2281 2336 2576 2888 3360 4488 4533 4631 4689 4792 4853 4899 4926 5183 5199 5712 5874 5987
1618 185 501 597 600 983 1012 1175 1272 1380 1414 1458 1812 2052 2106 2644 2750 3372 3905 4009 4062 4133 4201 4659 4770 4808 4845 5152 5467 5561 5647
1619 16 121 160 486 559 888 934 941 992 995 1239 1634 2025 2050 2086 2121 2766 2811 3035 3040 3179 3186 3502 4309 4330 4720 4969 5116 5120 5349 5424 5598 5604 5873
1620 8 266 278 464 573 906 967 1019 1378 1537 1683 1705 1711 1853 1908 1969 2211 2356 2487 2555 2861 2890 3077 3080 3214 3864 4019 4072 4230 4253 4960 5237 5544 5611 5642
1621 5 6 21 98 411 782 1108 1339 1509 1718 2039 2717 2966 3070 3601 3655 3691 4142 4299 4376 4458 4548 4566 4925 5170 5198 5738 5821 5937
1622 11 522 1417 1496 1728 1865 2130 2319 2514 2629 2694 2937 3235 3280 3376 3873 3876 3950 3998 4023 4153 4196 4232 4539 4585 4668 4674 5143 5357 5487 5648 5927
1623 996 2018 2168 2203 2465 2488 2916 3018 3134 3306 3503 3756 3795 3798 3837 3905 4883 4936 5244 5750 5763 5998
1624 104 399 539 1150 1384 1397 1726 1946 1960 2099 2128 2290 3313 3461 3505 3593 3626 3689 3851 4009 4203 4300 4509 4674 4725 4859 4952 5383 5494 5498 5710 5972
1625 201 210 351 362 784 836 873 887 915 1019 1397 1648 1916 2225 2320 2338 2435 2469 2481 3372 3569 3703 3717 3894 4452 4462 4806 5041 5245 5664 5704 5911
1626 234 241 444 1019 1038 1149 1180 1242 1275 1311 1461 1536 1709 1966 2131 2164 2169 2277 2709 2748 2795 2916 2979 3038 3616 3914 3956 4001 4124 4297 4661 4939 5014 5027 5366 5472 5662 5790
1627 57 110 164 325 459 602 1359 1435 1677 1831 2081 2253 2432 3052 3077 3797 3833 4673 5074 5606 5698 5940
1628 43 89 228 250 412 1939 1954 2111 2169 2241 2334 2382 2650 2674 2748 2832 2880 2882 3162 3178 3252 3592 3942 4036 4138 4407 4863 4883 4998 5146 5393 5604 5653 5684 5910
1629 468 1018 1105 1545 1882 2090 2339 2643 2995 3196 3324 3380 3765 3912 3950 4317 4616 4774 5245 5582 5720 5746
1630 39 233 254 478 1405 1985 2036 2148 2392 2637 2949 3197 3278 3378 3611 3666 3756 3803 3827 4213 4297 4400 4484 4489 4713 4734 4744 4863 5055 5090 5092 5133 5264 5436 5497 5580 5612 5769 5887
1631 170 254 610 665 1056 1127 1167 1550 1865 2210 2880 3178 4097 4318 4702 4736 5000 5348 5583 5690 5921 5935 5958 5963
1632 237 263 352 618 919 967 1438 1616 1931 2381 2660 2792 2833 2865 3304 3509 3881 4001 4009 4258 4341 4442 4488 4812 5359 5505 5620
1633 66 150 715 1135 1137 1163 1224 1331 1368 1863 2007 2059 2195 2585 2729 3075 4222 4224 5280 5486 5995
1634 150 355 396 622 960 1206 1277 1355 1619 1678 1910 2081 2118 2384 2869 3027 3427 3428 3979 4183 4201 4367 4427 4467 4668 4796 4853 5268 5481 5519 5926 5929
1635 574 670 1201 1671 1850 1938 2010 2048 2465 3090 3734 3793 3956 4113 4445 4694 4888 4914 5277 5407 5541 5595 5702 5942 5950
1636 202 322 421 790 1058 1381 1478 1641 1652 1984 2284 2302 2336 2407 2421 2440 2570 2733 3249 3388 3952 4020 4093 4345 4531 4745 4988 5088 5330 5339 5505
1637 597 820 870 1102 1161 1717 1808 1836 2357 2360 2707 2732 2799 3078 3224 3567 4327 4773 4801 4808 4854 4863 4906 5019 5067 5275 5286 5471 5740 5745 5819 5925
1638 16 63 786 911 940 1075 1083 1157 1226 1305 1429 1542 1895 2417 2430 2808 3381 3509 3540 3831 4558 4764 4804 5024 5053 5326 5376 5535
1639 222 227 516 645 667 687 871 1013 1387 1720 1983 2587 3392 3791 3844 4853 4969 5294 5298 5334 5361 5482 5583 5783 5784 5790 5920 5969
1640 129 257 291 913 1131 1527 1922 2261 2292 2336 2425 2536 2619 2902 3588 3610 3712 3835 3871 3941 4013 4207 4749 4762 5256 5270 5289 5386 5429 5665 5757
1641 261 572 638 787 834 855 955 1099 1155 1492 1636 1719 2154 2621 3225 3663 3832 4052 4123 4784 4824 4993 5057 5284 5630 5694 5771
1642 430 726 779 1017 1404 1440 1860 2114 2145 2273 2753 2773 3181 3571 3873 3911 4012 4013 4146 4600 5191 5373 5433 5596 5789 5953 5964
1643 413 556 818 1165 1445 1529 1712 1795 1798 2276 2629 2964 3021 3221 3483 3766 4080 4296 4694 4835 4945 5147 5219 5817
1644 273 373 541 1012 1161 1179 1208 1608 1972 2255 2470 2819 2878 3313 3739 3842 4038 4109 4235 4352 4611 4811 4857 5186 5258 5267 5427 5539 5706 5893
1645 58 62 141 213 450 471 540 647 772 1016 1076 1109 1229 1389 1406 1652 2163 2304 2373 2845 3464 3492 3520 3554 3721 3751 3876 3922 3949 4032 4339 4359 4602 4662 4882 5205 5596
1646 29 90 261 374 763 800 803 867 1286 1317 1442 1458 1651 1666 2100 2552 2805 2846 3025 3405 3844 3883 4007 4243 4415 4417 4497 4569 5006 5022 5237 5301 5349 5701 5737 5955
1647 412 681 710 874 1053 1066 1289 1581 1832 1865 1878 2081 2192 2842 2884 3096 3421 3503 3534 3656 3730 3744 3852 4189 4296 4560 4840 4860 5196 5238 5397 5398 5563 5619 5961
1648 555 686 821 868 888 1603 1625 1794 1861 1950 2007 2162 2289 2338 2507 2981 3148 3370 3443 3730 3816 4148 4195 4370 4777 4895 4904 5124 5151 5294 5332 5785 5816 5900 5993
1649 98 484 1044 1167 1425 1571 1863 1999 2181 2202 2686 3013 3126 3383 3540 3945 3949 4034 4074 4170 4336 4513 4745 4999 5259 5657 5663 5711 5994
1650 519 592 795 1177 1446 2043 2165 2415 2630 2837 2891 3037 3141 3182 3953 4269 4491 4585 4787 4843 5049 5168 5367 5418 5442
1651 109 313 417 442 763 1007 1457 1463 1498 1646 1676 1975 1997 2179 2691 2778 2829 3099 3173 3217 3481 3849 4101 4269 4497 4577 4692 4780 4815 4868 4992 5053 5203 5322 5989
1652 574 577 603 618 661 835 1141 1605 1636 1645 1696 1873 1899 2073 2549 2865 3192 3503 4082 4293 4411 4502 4538 4726 4783 5396 5497
1653 80 439 494 544 754 839 851 863 982 1115 1194 2074 2127 2234 2622 2663 2707 2739 2925 3147 3622 3889 4185 4799 5092 5441
1654 179 1145 1343 1360 1592 1824 1840 1858 1869 1892 1976 2428 2528 2578 3114 3305 3307 3450 3586 3594 3647 3792 3826 4130 4259 4314 4539 4626 4953 5177 5186 5495 5717
1655 105 154 183 308 704 1244 1374 1489 1727 1820 1987 2260 2320 2347 2402 2448 2558 2918 3202 3403 3756 3844 3977 4001 4385 5010 5355
1656 405 486 523 743 1146 1265 1310 1378 1796 1799 2443 2837 3001 3201 3781 4005 5041 5432 5513 5888 5938
1657 550 619 659 843 928 972 1482 2222 2384 2701 2837 2847 3191 3777 3825 4022 4070 4079 4270 4346 4481 4483 4746 4920 5078 5219 5250 5405
1658 304 1184 1358 1685 1754 1970 2167 2227 2411 2714 2764 3130 3481 3668 3713 3799 3860 3989 4021 4421 4544 4568 4640 4990 5025 5045 5397 5551
1659 75 291 567 734 960 1147 1200 1333 1463 1753 2202 2279 2329 2427 2430 2469 2736 3406 3471 3478 3676 4051 4292 4522 4963 4969 5024 5127 5170 5341 5521
1660 169 339 399 580 863 1536 1709 1800 2081 2102 2129 2455 3216 3334 3465 3563 3617 3828 3961 4892 5170 5229 5312 5388 5504 5544 5660 5747 5987
1661 7 406 618 623 1253 1601 1966 1971 2205 2207 2534 2546 2655 2827 2957 3593 3971 4056 4202 4249 4348 5275 5448 5551 5958
1662 112 326 525 536 556 1015 1161 1438 2185 2455 2457 2511 3212 3519 3639 3646 3892 3909 3979 4004 4090 4472 4895 5011 5161 5358 5445 5744 5814 5883 5928
1663 14 40 50 494 1192 1303 1571 2039 2694 2899 3203 3230 3806 4375 4687 4914 5478 5657 5776 5941 5947
1664 26 234 317 360 390 521 710 907 1026 1051 1248 1540 1687 1690 1867 1982 2060 2619 2678 3052 3198 3257 3346 3840 3999 4458 4567 4753 5245 5355 5557 5724 5806 5995
1665 0 267 533 539 544 583 677 683 730 883 972 1033 1060 1328 1389 1771 1864 2444 2608 3932 4216 4376 4463 5020 5101 5183 5247 5293 5395
1666 96 308 432 690 1083 1379 1498 1558 1646 1758 2383 2514 2635 2658 2865 3010 3220 3654 3768 3874 3986 4911 5218 5295 5383 5686 5815 5952
1667 209 333 376 402 412 604 1232 1387 1751 1766 1781 1833 1910 2026 2042 2333 2973 3060 3067 3093 3113 3144 3501 3683 3780 4468 4612 4709 4815 4864 4891 5167 5249 5286 5310 5396 5433 5644 5771 5803 5839 5929
1668 287 303 407 711 798 892 893 900 1023 1168 1483 1565 1676 1988 2249 3093 3217 3487 3498 3526 3732 4008 4057 4086 4121 4474 4576 4949 5045 5584 5591 5931
1669 478 687 731 853 1014 1100 1123 1139 1416 1675 1963 2094 2297 2330 2853 3007 3331 3640 3946 4450 4502 4506 4824 4963 5072 5166 5232 5240 5371 5518 5621 5673 5735 5801
1670 131 707 708 714 934 980 1828 1978 2517 2529 2956 2973 3002 3640 3710 3957 4087 4306 4382 4566 4651 4675 4951 5209 5262 5410 5596 5945
1671 288 301 489 594 605 751 848 1131 1410 1533 1635 1707 1741 2308 2335 2813 3224 3387 3398 3487 3585 3796 3887 4052 4079 4080 4212 4371 5122 5367 5592 5605
1672 15 306 726 1396 1482 1893 2002 2090 2285 2312 2339 2750 2894 2952 2970 3091 3256 3544 3623 4260 4491 4707 4752 4907 4933 4985 5018 5536 5551 5590 5621 5748 5783 5804 5949
1673 444 678 1296 1500 1817 2074 2314 2871 2959 3096 3804 4067 4154 4377 4612 4699 5344
1674 81 653 686 795 927 965 1351 1502 1551 1564 1939 2082 2103 2172 2176 2219 2324 2419 2486 2704 2823 3582 3661 3764 4030 4180 4312 4681 4893 5058 5493 5603 5840 5996
1675 53 101 775 854 935 962 1669 1949 2115 2260 2780 3041 3365 3456 4038 4324 4601 4836 5075 5752 5814
1676 175 542 754 903 1021 1333 1445 1520 1599 1651 1668 1697 1702 1832 2179 2397 2415 2434 2522 2548 2750 3135 3324 3607 3952 4847 4914 4958 5059 5124 5452 5608 5975
1677 64 177 556 1037 1328 1365 1600 1627 1762 1773 1918 2252 2463 2563 2748 2808 2809 2846 2942 3077 3160 3573 3600 3791 4221 4419 4479 4809 4819 5261 5300 5655 5805 5957
1678 107 454 508 579 1010 1293 1449 1526 1634 1719 1821 2378 2774 3222 3338 3406 3870 4266 4369 4563 4582 4602 4659 4739 4863 5171 5505 5527 5894 5970
1679 4 359 691 755 968 1468 2003 2026 2090 2167 2245 2513 2583 2702 2966 3198 3303 3412 3598 3618 3743 3792 3812 3873 3896 3926 3970 4179 4235 4593 4811 5381 5611 5812
1680 9 18 20 34 313 340 433 480 483 851 898 905 926 995 1326 1367 1585 1737 2206 2245 2265 2443 3087 3182 3193 3308 3365 3381 3405 3438 3610 3658 4650 4842 5262 5380 5600 5712 5753
1681 383 644 724 797 882 943 1570 1592 1735 1755 2451 2716 2757 2790 3164 3694 3751 3926 4148 4178 4548 4556 4705 4773 4802 4847 4929 5023 5307 5663 5691 5877
1682 512 863 1081 1261 1317 1462 1523 2224 2253 2263 2401 2576 2887 2949 2984 3147 3324 3330 3367 3554 3604 3865 3928 4256 4718 4766 4770 4890 4947 5011 5128 5500 5557
1683 47 132 319 438 615 1031 1038 1470 1620 2161 2495 3120 3266 3597 3780 4540 4835 5524 5561 5649 5710
1684 95 163 183 383 400 497 643 933 1089 1118 1190 1363 1753 1820 2096 2109 2518 2532 2679 2862 2909 2995 3595 3598 4129 4421 4599 4752 4875 4912 5356 5591
1685 30 412 719 759 1235 1358 1535 1658 1753 1799 2237 2260 2303 2496 2967 3396 3492 3944 4525 4608 4644 4801 4925 5157 5161 5202 5314 5809
1686 97 447 1474 1873 2293 2533 2594 3516 3557 3641 3768 3857 4061 4361 4513 4535 4852 5011 5031 5048 5121 5176 5290 5413 5483 5957 5981
1687 63 294 403 540 867 1234 1448 1482 1664 1935 2059 2074 2336 2745 2893 3039 3279 3868 3916 4031 4046 4448 4649 4733 4890 4903 4909 4944 5218 5371 5545 5880
1688 53 471 498 1073 1589 2340 2388 2585 2686 3132 3134 3289 3503 3872 3932 4121 4191 4267 4320 4459 4812 4948 5307 5652
1689 100 225 261 365 408 487 868 887 1012 1274 1512 1761 1816 2199 2203 2307 2981 3226 3416 3983 4878 4935 4993 5163 5333 5379 5526 5595 5754 5766 5810 5860
1690 280 456 555 581 604 1051 1431 1664 2511 2680 2722 2758 2768 2800 2946 3036 3375 3535 3787 3946 4366 4440 4497 4542 4718 4853 4859 4932 5305 5664 5905
1691 84 147 374 550 723 879 1549 1561 1939 2176 2268 2418 2567 2616 3035 3196 3287 3410 3575 3813 3874 3877 3888 3919 4138 4452 4459 4541 4577 4812 5005 5590 5774
1692 10 13 14 129 254 302 338 350 863 1053 1074 1407 1856 1874 2092 2105 2371 2772 2811 2885 3104 3262 3450 3520 5125 5158 5199 5651 5720
1693 55 112 374 617 717 1039 1513 2118 2313 2352 2553 2737 2922 3281 3559 3638 4489 4523 4532 4610 4669 5223 5287 5343 5359 5417 5555
1694 67 240 462 493 723 1015 1391 1516 1788 1804 1919 2361 3284 3354 3412 3705 3733 3882 3897 4141 4233 4543 4724 4959 5026 5298 5658 5922 5928 5958
1695 291 551 562 590 696 1010 1160 1268 1294 1424 1914 2171 2207 2423 2503 2975 3050 3306 3378 3401 3710 4051 4107 4139 4197 4246 4888 5005 5123 5189 5236 5251 5395 5698 5852
1696 1170 1378 1399 1457 1652 1907 2050 2114 2315 2772 3012 3066 3220 3277 3334 3501 3664 3688 3693 3732 3932 3956 4305 4623 4902 4937 5102 5107 5164 5323 5503 5757 5819 5867 5894
1697 108 709 863 948 1676 2175 2547 2626 2893 2973 3109 3752 4060 4161 4286 4411 4539 4553 5487 5798 5906
1698 351 537 974 984 1310 1379 1610 2622 2635 2770 3045 3153 3299 3417 3496 3964 4093 4107 4401 4994 5539 5749
1699 122 253 607 805 1213 1289 1294 1319 1324 1375 1444 1538 1815 1822 2053 2225 2287 2957 2970 3065 3835 3920 4028 4049 4052 4321 4462 4750 4806 4862 4872 4981 5041 5581 5698 5960
1700 164 275 440 596 598 621 898 1007 1020 1026 1340 1413 1764 2203 2431 2612 2623 2801 3023 3043 3273 3279 4283 4717 4732 4871 5050 5080 5092 5178 5246 5297 5447 5548 5562
1701 19 290 567 715 944 1021 1091 1144 1559 2762 2921 2958 3567 3628 3636 3866 4035 4185 4252 4491 4622 4841 5063 5199 5275 5583 5585 5726 5939
1702 126 147 352 1221 1676 1751 1993 2283 2613 2641 2759 2812 2864 3328 3586 3832 4037 4040 4157 4249 4482 4607 4898 4908 5551 5749
1703 94 475 607 703 798 857 1550 1827 2277 2375 2826 3256 3538 3591 3672 3962 4050 4341 4359 5162 5366 5450 5829 5919 5942
1704 148 205 258 973 1082 1117 1369 1484 1564 1568 1999 2077 2084 2438 2467 2509 2677 2985 3023 3126 3146 3257 3283 3340 3489 3500 3509 4167 4262 4528 4814 4820 5023 5173 5228 5232
1705 31 98 297 1105 1162 1331 1548 1620 1824 2504 2583 2681 2812 2817 3047 3341 3356 3381 3412 3569 3680 3718 3828 4193 4660 4833 4846 4915 5116 5163 5168 5282 5297 5508 5579 5586 5802 5843 5925
1706 3 28 618 704 756 808 1018 1058 1087 1133 1145 1516 1550 1777 1792 1900 2254 2578 2635 2704 3131 3301 3359 3601 3710 3951 4106 4382 4553 4628 5209 5600 5666 5846
1707 9 331 483 624 1127 1263 1371 1398 1514 1527 1671 1794 1836 2165 2389 2926 3201 3255 3355 3648 4409 4492 4493 4654 5231 5673 5745
1708 124 522 636 807 820 1259 1302 1356 1955 2808 3102 3135 3152 3302 3458 3998 4136 4517 4537 4544 4698 5193 5242 5309 5563 5729
1709 132 564 591 707 850 1011 1055 1122 1151 1287 1338 1498 1626 1660 1729 1887 2330 2348 2537 2543 2781 3057 3637 4081 4182 4345 4842 4969 5014 5111 5379 5419 5845
1710 202 478 612 668 863 972 1081 1166 1374 2105 2392 2447 2584 2672 2679 2952 3001 3298 3581 3756 3920 4283 4456 4501 4552 4557 4732 4788 4938 5108 5217 5643
1711 2 32 551 636 1161 1201 1620 1748 1947 2044 2208 3615 4020 4148 4344 4413 4619 4866 4954 4991 5786 5961
1712 136 293 490 510 681 777 965 1123 1215 1337 1397 1419 1643 1971 2178 2249 2687 2719 2788 2811 2856 3248 3265 3309 3626 3716 3835 4231 4402 4449 4506 4647 4824 4975 4978 4988 5076 5163 5165 5177 5347 5416
1713 152 243 1034 1113 1124 1137 1361 1837 2212 2226 2264 2745 2860 3094 3237 3418 3485 3886 4136 4242 4277 4364 4731 5186 5207 5378 5437 5487 5658 5739 5861
1714 27 166 176 567 1094 2335 2423 2568 2948 3002 3124 3317 3459 3747 3816 3924 4004 4130 4394 4773 4860 4930 4958 5979
1715 31 342 702 1015 1190 1466 2611 2702 2729 2861 2994 3138 3565 3648 3880 3935 4127 4222 4287 4291 4328 4415 4661 4977 5034 5186 5222 5268 5540 5699 5768
1716 55 397 457 721 981 1033 1419 1980 2406 2539 2689 2841 3052 3361 3723 4429 4506 4614 4981 5221 5945
1717 199 466 696 752 1216 1423 1637 1932 2579 2728 2788 2832 2877 2920 2953 3306 3451 3541 3839 4029 4181 4856 5389 5402 5823
1718 112 390 814 879 889 927 955 978 1120 1287 1424 1621 1766 1839 2123 2211 2434 2569 2758 2923 3504 3594 3870 4175 4190 4296 4398 4614 4659 4743 4996 5061 5111 5355 5418
1719 17 101 256 262 590 713 741 755 1150 1204 1594 1641 1678 2129 2371 2392 2628 2760 2827 2920 2968 3029 3197 3835 3991 4243 4506 4616 4633 4938 4997 5023 5549 5903
1720 348 441 644 729 848 1306 1562 1639 1858 2157 2173 2339 2372 2418 2489 2729 3097 3161 3264 3653 4038 4165 4370 4372 5024 5037 5120
1721 120 122 383 532 539 637 729 752 807 856 871 1018 1232 1542 1559 1560 1598 1600 2150 2188 2461 2487 2613 2681 2827 2991 3490 3623 3779 4027 4067 4286 4417 4748 5831 5848
1722 67 193 413 479 658 676 698 891 1167 1220 1267 1297 1510 1884 2061 2322 2334 2455 2554 2700 2734 2743 2781 2906 3329 3335 3880 4169 4312 4918 5147 5228 5258 5357 5561 5647 5935 5942
1723 170 276 370 450 477 631 732 761 1028 1038 1040 1192 2048 2214 2846 2940 3134 3143 3357 3374 3376 3612 3628 3900 3976 4244 4342 4372 4435 4709 4836 4910 4914 5108 5295 5810
1724 68 311 393 475 586 638 652 768 831 890 923 969 1007 1266 1535 1726 1732 1900 1960 2204 3059 3296 3900 4279 4429 4530 4656 5324 5372 5385 5463 5632 5832
1725 349 408 484 671 706 712 1115 1213 1407 1420 1489 2113 2264 2306 2364 2392 2559 2814 2875 2980 3007 3014 3074 3142 3168 3178 3235 3326 3327 3361 3668 3849 3922 3935 3986 4139 4322 4339 4456 4684 4804 4878 4962 5146 5203 5755 5773 5865
1726 172 203 361 681 1063 1387 1571 1624 1724 2101 2595 2906 3136 3160 3353 3674 3761 4141 4569 4704 4735 4754 4889 5184
1727 43 239 505 613 884 1203 1266 1322 1461 1655 1778 1836 2525 2743 3090 3375 3617 3714 3772 3819 3837 3996 4136 4717 4769 5149 5334 5439 5539 5843 5910
1728 93 1080 1134 1271 1582 1622 2035 2050 2493 2507 2521 2795 2875 3236 3462 3566 4042 4193 4324 4475 4832 4878 5228 5773 5886 5907
1729 68 108 148 754 838 979 1065 1150 1601 1709 1932 2650 2900 3004 3276 3335 3473 3590 3699 3876 4298 4362 4511 4543 4546 4590 4619 4740 4749 5086 5249 5418 5486 5618 5727 5769 5802 5869 5966 5972
1730 17 104 111 158 188 343 924 962 1244 1290 2306 2443 2609 2644 2719 2784 2829 3207 3769 3803 3955 4311 4871 4887 4960 5195 5309 5452 5456 5734 5971
1731 505 546 1059 1126 1329 1912 2015 2219 2391 2473 2489 2588 2728 3691 3821 4039 4580 4939 5029 5289 5621 5655 5657 5660 5845
1732 792 946 1324 1344 1405 1724 2383 2444 2559 2634 2912 2988 3103 3280 3439 3444 3539 3908 4064 4102 4511 4665 4775 4852 5009 5153 5239 5438 5499 5926
1733 376 759 1026 1181 1478 1541 1557 1820 1877 2052 3291 3369 3491 3613 3650 3853 4012 4148 4173 4250 4316 4396 4449 4539 4663 5111 5382 5499 5528 5773 5809 5827 5898 5938 5940
1734 63 298 803 1006 1237 1745 1874 2009 2263 2330 2515 2536 2557 2710 2860 2939 3221 3287 3332 3804 3827 3941 4142 4160 4245 4539 4804 4908 5290
1735 370 424 547 587 753 1151 1496 1681 1955 2817 2921 2924 2965 3084 3451 3584 3798 3988 4212 4426 4549 4675 5090 5240 5650 5796 5818 5905
1736 112 651 722 895 1287 1847 2067 2226 2285 2449 2640 2731 3082 3094 3377 3678 3812 3971 4328 4354 4362 4759 5679 5932 5936
1737 36 220 276 614 1160 1229 1363 1680 1740 2003 2011 2030 2278 2536 3339 3717 4085 4092 4231 4358 4598 4903 5098 5156 5173
1738 493 544 1314 1904 2065 2217 2305 2340 2428 2751 2925 3178 3222 3236 3522 3749 3775 3832 3990 4130 4641 4759 5013 5096 5479 5920
1739 54 344 385 531 1144 1165 1791 2134 2347 2357 2637 2978 3107 3268 3668 4006 4098 4525 4641 4654 4713 5419 5558 5576 5708 5723 5820
1740 372 447 552 571 622 658 739 831 1001 1183 1224 1350 1393 1448 1495 1521 1737 2124 2660 2673 2716 3486 3625 3865 3963 4263 4659 5310 5765 5816 5928
1741 161 1126 1277 1346 1564 1671 2423 2586 2867 2873 2914 2956 3124 3201 3526 3531 3541 3718 4123 5422 5492 5754 5945
1742 275 582 927 1122 1174 1415 1781 1797 1807 1808 1878 2285 2391 2468 2581 2850 3197 3543 4215 4547 5008 5205 5350 5365 5587 5743
1743 72 560 578 873 1015 1536 1885 1916 2181 2384 2896 2926 3226 3481 3510 3883 4874 4889 4967 5022 5556 5887
1744 52 395 621 2015 2042 2062 2135 2180 2246 2286 2298 2436 2505 2563 2843 2967 3425 4077 4276 4407 4614 4856 4948 5010 5156 5396 5609 5744
1745 689 693 781 1088 1179 1182 1612 1734 2522 2741 2778 2780 2977 3100 3424 3655 3790 3907 4012 4919 5065 5219 5272 5339
1746 62 135 569 746 869 1083 1111 1144 1502 2062 2771 2915 2920 3240 3427 3482 3760 4036 4556 4951 5018 5265 5481 5695 5914 5953
1747 530 536 667 753 785 847 960 1108 1903 2036 2953 2962 3209 3439 3508 3591 3619 3765 3865 4046 4182 4185 4727 4765 4816 4867 5145 5240 5495
1748 191 217 400 429 467 521 1212 1494 1583 1711 1885 1929 2146 2174 2256 2529 2574 3060 3134 3216 3284 3548 3734 3743 4805 4852 4856 5095 5551 5671 5689 5784
1749 321 443 451 505 1360 1902 2558 2937 3011 3169 3330 3334 3382 3403 3411 3597 3694 4070 4197 4345 4435 4620 4830 4905 5698 5807 5833
1750 19 40 241 389 408 427 573 775 821 851 1086 1150 1279 1790 2154 2333 2498 2559 2817 2961 3043 3236 3473 3614 3674 3739 4229 4432 4899 5541 5880 5947
1751 10 147 169 229 445 509 918 1145 1667 1702 1771 1821 2048 2151 2420 2526 2753 3232 3462 3523 3591 3691 3989 4312 4533 4689 4901 5063 5240 5290 5543 5626 5764 5984
1752 196 201 1114 1344 1438 1516 1866 1957 1997 2065 2294 2551 2795 2892 2902 3398 3717 3957 3963 4347 4363 4521 4839 5126 5293 5409 5595 5605 5754 5875 5912 5921
1753 17 601 923 997 1168 1207 1498 1500 1659 1684 1685 1895 2198 2341 2403 2758 2781 2878 3085 3286 3475 3652 3762 3915 3926 4654 4682 5245 5369 5556 5735 5992
1754 28 349 485 1106 1658 1806 2016 2274 2906 3200 3379 3602 3711 4862 5053 5321 5392
1755 242 278 312 471 479 588 677 717 883 905 1211 1250 1255 1347 1442 1681 2209 2453 2480 2582 2596 3143 3713 3762 3769 3860 3971 4326 4413 4478 4953 5043 5220 5468 5560 5823 5879
1756 160 530 534 641 644 877 1022 1121 1137 1464 1617 2053 2291 3653 3766 3961 3999 4341 4369 4893 5282 5463 5517 5619 5657 5881 5887 5940
1757 5 362 380 426 1095 1289 1334 1416 1543 1548 2521 2770 2918 3171 3190 3217 3472 3511 3520 4072 4231 4284 4297 4309 4731 4778 4962 5184 5338
1758 219 256 405 414 444 493 861 879 943 1468 1666 1791 2070 2130 2178 2456 2643 2665 2825 3854 4001 4028 4181 4327 4330 4920 5527
1759 973 1065 1228 2199 2992 3388 3439 3683 3703 3768 3828 3912 4010 4762 4771 4790 4890 5968
1760 410 541 1554 1949 2654 2733 2882 3792 3806 4316 4398 4676 4731 4849 5002 5033 5167 5265 5374
1761 355 663 1214 1508 1534 1689 2141 2338 2378 2540 2646 2801 2842 2860 2899 3876 3919 4085 4182 4748 4796 4885 4926 5056 5248 5722 5875 5915 5952
1762 188 431 483 1262 1317 1539 1677 1963 2252 2455 2942 3237 3415 3569 4544 4689 4795 4852 5011 5223 5501 5731
1763 322 328 347 529 999 1311 1541 1555 1607 2164 2279 2357 2498 2674 2735 2940 3146 3541 3682 3733 3959 3982 4132 4422 4590 4886 5470 5626 5782 5848
1764 14 214 267 496 528 621 956 1103 1161 1530 1700 1802 2611 3191 3214 3337 3447 3538 3798 3852 3944 3981 4017 4592 4812 4958 5123 5204 5226 5352 5361 5545 5693 5858 5904
1765 347 348 363 726 755 828 894 925 967 1105 1205 1339 1437 1524 1527 2004 2328 2669 2728 2781 2920 3072 3489 3501 3546 3768 4199 4485 4557 4821 4952 4979 5132 5402 5450 5476 5600 5702 5857 5970
1766 96 175 248 255 352 521 842 915 974 1667 1718 1795 2110 2436 2639 2816 2850 3311 3594 3716 3935 4025 4577 4630 4634 4706 4870 4946 4977 5007 5261 5349 5527 5671 5836
1767 458 485 694 1212 1440 1443 1583 1883 1889 1894 2078 2082 2094 2097 2283 3259 3428 3537 3654 3741 3928 3936 3952 4282 4286 4637 4662 5132 5703
1768 882 1018 1256 1540 1876 1881 2094 2151 2376 2382 3232 3243 3298 3510 3754 4023 4158 4197 4208 4237 4280 4409 5325 5346 5385 5549 5749
1769 153 173 187 264 282 693 814 1344 1400 1524 2330 3209 3651 3938 4155 4562 4789 4877 5192 5195 5546 5562 5618 5745 5837 5930
1770 190 278 387 403 739 831 919 964 1078 1098 1283 1489 1559 2040 2409 2444 2486 2680 2688 2997 3005 3669 4198 4488 4597 4702 4737 4794 4943 5073 5429 5716 5737
1771 144 205 322 746 822 1015 1091 1138 1159 1331 1405 1438 1483 1665 1751 1799 1940 2052 2195 2305 2814 3016 3191 3385 3393 4460 4486 4795 4809 5153 5602 5609 5632
1772 174 367 424 597 870 896 1117 1138 1195 1216 1234 1524 1599 1977 2365 2430 2564 2737 2908 3387 3461 3745 3853 3990 4000 4913 5471 5664 5726 5830 5933 5988
1773 741 844 916 1677 2006 2170 2436 2829 2849 3052 3085 3232 3276 3764 3850 3886 3895 4198 4298 4458 4495 4792 5196 5225 5301 5340 5386 5531 5937 5949 5979
1774 258 355 765 799 854 1220 1305 1316 1399 1416 2175 2202 2609 2621 2682 2716 3048 3134 3347 3460 3763 3769 3802 3936 4403 4761 5148 5498 5606 5789 5794 5827 5869 5901
1775 70 107 172 194 990 1035 1159 1325 2180 2189 2360 2419 2518 2692 2855 2989 3066 3220 3373 4162 4416 4527 4821 5177
1776 284 523 557 630 934 1067 1232 1356 1584 2045 2153 2181 2278 2378 2514 2612 2924 3254 3321 3354 3396 3727 4234 4262 4324 4662 4989 5110 5337 5509 5601 5609 5631 5671 5745
1777 10 96 142 849 885 1065 1454 1522 1565 1706 1857 1925 2196 2308 2841 3021 3203 3842 3852 4060 4098 4162 4296 5298 5862 5917
1778 63 112 219 404 484 598 762 991 1161 1293 1349 1420 1727 1895 2156 2320 2373 2726 2786 2860 3333 3568 3707 4501 4635 4706 5028 5393 5654 5942
1779 177 185 358 483 974 1275 1345 1390 1459 1572 2119 2216 2325 2341 2497 2704 2924 3329 3354 3537 3657 3711 3721 3801 3994 4304 4340 4411 4518 4999 5364 5993
1780 296 345 393 451 868 1160 1204 1210 1303 1392 1500 1811 1813 1971 2241 2391 2518 2716 2879 2887 2895 3273 3746 3915 3933 4483 4752 4760 4798 5061 5080 5352 5552
1781 246 317 360 804 1038 1201 1239 1259 1536 1593 1667 1742 1915 2264 2665 2998 3021 3361 3414 3642 3838 4134 4140 4270 4380 4771 4789 4846 4925 4985 5389 5399 5483 5828
1782 223 494 1058 1148 1212 1344 1604 2023 2297 2574 2735 3178 3262 3765 3835 4843 5047 5107 5177 5203 5283 5296 5867 5895 5932
1783 392 780 832 974 994 1548 1550 1598 1885 2500 2525 2541 2597 2824 3076 3131 4256 4454 4490 4561 4687 4742 4930 5292 5455 5700
1784 99 236 485 494 500 697 724 803 906 1154 1166 1405 1593 1819 1965 2008 2403 2540 2741 3025 3089 3211 3378 4077 4117 4206 4221 4309 4891 4902 5114 5383 5400 5451 5477 5510 5694 5819
1785 137 1257 1313 1361 1400 1870 2134 2265 2277 2308 2349 2872 3021 3136 3149 3376 3466 3514 3581 3654 3715 3943 3984 4098 4128 4323 4573 4693 4740 4751 5088 5276 5447 5467 5529 5664 5823 5973
1786 241 698 838 874 1060 1284 1395 1584 2034 2073 2920 3049 3174 3499 3583 3657 3659 3743 3934 4145 4239 4584 4921 5203 5253 5428 5489 5699 5746
1787 307 786 848 910 1221 1253 1292 1371 1800 1806 1810 1965 1976 2491 2538 3519 3696 4143 4950 5087 5147 5194 5384 5573
1788 153 194 237 748 1291 1378 1694 1852 1958 2612 3016 3159 3283 3288 3634 4603 4993 5404 5732 5741
1789 4 131 162 258 267 381 524 591 973 990 1086 1213 1580 2192 2449 2720 2805 3115 3196 3415 3637 4148 4242 4377 4402 4626 5166 5176 5942
1790 420 1035 1159 1604 1750 1836 2754 3020 3163 3251 3287 3295 3353 3666 3754 4075 4205 4310 4632 4786 5149 5667 5827 5889 5930
1791 538 878 1290 1430 1570 1739 1758 2049 2111 2192 2693 2952 3036 3225 3316 3342 3609 3708 4360 4403 4715 4761 4915 5543 5629 5748 5771 5951
1792 103 264 276 426 453 733 1002 1706 1830 2018 2153 2414 2940 3004 3188 3364 3365 3640 3783 3987 4172 4244 4269 4685 5227 5444 5733 5833 5951
1793 91 133 229 536 808 1054 1130 2144 2179 2788 2826 2838 2933 3217 3287 3686 3714 3794 4438 4493 4541 4660 4696 4717 5201 5290 5541 5645 5730 5750 5997
1794 57 345 397 931 1075 1084 1225 1532 1572 1648 1707 1897 1937 1966 1975 2237 2484 2625 2745 2755 2996 3291 3691 3942 3951 4127 4185 4229 4251 4290 4447 4908 5032 5420 5641 5841 5866 5959
1795 86 251 304 360 633 735 780 882 1038 1100 1127 1546 1643 1766 1888 2034 2471 2492 3197 3384 3473 3645 3755 4208 4467 4773 4939 5030 5075 5108 5348 5469 5919 5949 5980
1796 423 648 688 746 806 1127 1332 1435 1569 1656 1916 2019 2217 2590 2790 3620 3625 4507 4586 4717 5098 5268 5765 5902 5945
1797 29 334 654 692 978 1257 1326 1382 1406 1508 1571 1742 1820 1898 2023 2423 2649 2676 2900 2915 3297 3754 3764 4057 4070 4137 4424 4464 4492 4915 5153 5643 5997
1798 168 228 309 707 788 797 827 926 1015 1083 1643 2231 2242 2559 2757 3229 3249 3358 3663 3776 3785 4081 5304 5497 5926 5970 5987
1799 643 668 718 790 990 1401 1575 1656 1685 1771 1938 2108 2245 2462 2690 3076 3156 3397 3481 3668 3721 4223 4281 4456 4534 4626 4961 5460 5492 5588 5607 5626
1800 415 602 690 756 771 996 1057 1074 1176 1580 1660 1787 1834 1857 1911 2612 2637 2777 2887 2900 3570 3626 3702 3703 3781 3983 4323 4698 5235 5236 5314 5521
1801 13 70 219 407 785 885 1079 2748 2826 2885 2897 3082 3138 3151 3391 3650 4171 4202 4244 4312 4407 4475 5110 5359 5424 5426 5546 5855
1802 98 118 822 1002 1525 1598 1764 1965 2665 3042 3986 4014 4040 4481 4570 4884 5039 5294 5751 5775 5911
1803 30 296 324 595 680 705 790 996 1033 1929 1974 2023 2145 2235 2579 2619 2658 2906 3019 3288 3460 3496 3988 4035 4042 4088 4111 4298 4310 4368 4546 4552 4791 4878 5005 5138 5225 5337 5371 5589 5716 5801
1804 436 451 545 547 602 764 880 1102 1104 1217 1355 1425 1694 1920 2144 2476 2636 2900 2966 3150 3397 3989 4583 4595 4614 4869 5074 5161 5216 5260 5270 5311 5365 5439 5555 5792 5810
1805 254 291 496 791 905 968 1144 1316 1438 1515 1608 2132 2272 2276 2364 2456 2658 3278 3633 3650 3786 3805 3868 3943 4505 4800 4896 5238 5332 5865 5900
1806 616 1126 1754 1787 2203 2253 2314 2366 2512 3172 3336 3418 3935 4182 4224 4295 4374 4376 4420 4491 4544 4560 4719 4753 4831 4921 5258 5472 5522 5778 5814 5973
1807 45 70 395 577 608 854 1090 1222 1278 1320 1742 2275 2462 2542 2570 3106 3109 3191 3577 3585 3667 3768 3775 3826 3997 4118 4243 4281 4578 4880 4908 5593 5648 5778 5939
1808 21 537 729 918 1227 1317 1509 1603 1637 1742 2370 2478 2581 2687 3055 3409 3839 3845 4019 4052 4070 4210 4262 4287 4497 4540 4574 4600 4602 4873 4922 5161 5303 5516 5613 5795 5817 5840 5858
1809 15 236 266 495 981 1336 1480 1810 1862 2361 2454 2570 2705 2750 2866 2996 3248 3466 3505 3622 3756 3952 4376 4437 4789 5013 5482 5556 5834 5948
1810 101 171 393 461 907 1001 1161 1252 1258 1787 1809 1867 2116 2665 2705 2797 3177 3262 3295 3516 3743 4102 4143 4280 4526 4752 4856 4909 4949 5083 5090 5630 5640 5794 5955
1811 50 155 379 408 614 662 945 1780 1872 2264 2509 2561 2801 3143 3731 4092 4150 4389 4586 4706 4798 4891
1812 229 468 516 677 951 1046 1065 1326 1369 1618 1979 2605 2681 3314 3572 3771 3880 3942 3992 4007 4236 4273 4642 5145 5565 5671 5906
1813 113 229 291 303 408 841 960 1115 1359 1780 2364 2393 2402 2463 2845 3631 3922 4324 4923 4959 5233 5264 5288 5598 5707 5872
1814 42 95 247 460 639 767 979 1883 2128 2278 2296 2472 2574 2711 2849 3094 3107 3339 3367 3459 3537 3567 3659 4187 4342 4390 4504 4526 4609 4696 4709 4777 4792 4826 4979 5100 5115 5337 5573 5614 5796 5850 5935 5948
1815 574 971 988 1699 2027 2422 2454 2634 2639 3290 3554 3569 3773 4230 4274 4280 4563 4632 4746 4773 5163 5253 5458 5917 5924 5962
1816 70 701 769 1689 1870 1968 2091 2181 2198 2457 2541 2823 2898 3140 3298 3325 3379 3388 3714 3870 3892 4008 4027 4170 4641 4700 5130 5156 5246 5530 5581 5738 5932 5993
1817 29 209 317 433 525 552 797 963 1055 1217 1530 1541 1673 1869 1892 2139 2347 2451 2508 2651 2683 2859 3015 3089 3126 3250 3343 3493 3544 3669 3871 3881 4198 4528 4563 4771 4834 4953 5308 5468 5693
1818 50 100 269 308 442 1031 1231 1419 1476 2186 2389 2586 2627 2771 2887 2910 3185 3393 3463 3603 3612 3716 4615 4846 5087 5302 5434 5683
1819 365 505 1157 1784 1862 1905 1920 2008 2616 2753 2835 2885 2988 3529 3608 3616 3673 3729 3795 3948 4172 4226 4415 5410 5564 5951
1820 163 189 423 510 533 534 910 1202 1339 1351 1378 1655 1684 1733 1797 1864 2667 2831 2844 3229 3825 4092 4158 4214 4482 4605 4626 4691 4753 5251 5962
1821 285 401 556 606 663 878 929 961 1141 1228 1678 1751 1929 2103 2192 2396 2426 2742 2743 2993 3573 3634 3796 4194 4371 4876 4932 5275 5350
1822 623 867 938 1018 1699 2471 2592 2971 3034 3141 3236 3282 3326 3443 3751 3780 3849 4038 4039 4245 4302 4307 4348 4672 4940 5021 5046 5891
1823 382 448 628 832 968 1124 1125 1214 2218 2410 3102 3260 3320 3414 3724 4136 4153 4207 4236 4392 4477 4818 4937
1824 46 700 890 1213 1575 1596 1654 1705 1913 1986 2388 2390 2460 2529 2597 3224 3307 3981 4022 4054 4345 4416 4557 4661 4755 5310 5340 5842
1825 181 611 789 859 911 976 1323 1338 1834 1944 2011 2321 2646 2700 2804 3141 3149 3167 3564 3901 3917 4171 4280 5236 5347 5545 5893
1826 208 370 379 413 587 769 940 941 971 988 1020 1359 1902 1918 2039 2059 2064 2434 2674 2700 2882 3055 3118 3144 3326 3515 3628 3789 3909 3967 4202 4323 4348 4799 4984 5067 5388 5695 5912
1827 771 1122 1285 1334 1703 2000 2030 2215 2468 2476 2527 2659 2713 3802 3828 4057 4421 4568 5387
1828 152 390 409 733 804 1187 1189 1196 1281 1670 1936 2161 2431 2510 3035 3468 3764 3884 4038 4241 4469 4752 4807 4939 5492 5532 5629 5688 5797 5813
1829 368 391 396 442 846 910 918 997 1557 1560 1983 2003 2355 2500 2518 2538 2805 3123 3173 3237 3564 3745 4120 4182 4310 4479 4492 4579 4629 5161 5256 5371 5389 5436 5469 5619 5753 5779
1830 98 250 316 470 772 1792 1851 1867 2655 2750 2754 2773 2806 3247 3305 3484 3750 3893 3924 4197 4339 4527 4544 4563 4932 4969 5012 5098 5195 5261 5541 5632 5863 5968
1831 397 399 431 682 900 1203 1253 1293 1429 1522 1627 2233 2536 2783 2902 3337 3548 3594 3846 4052 4102 4833 5380
1832 61 391 542 760 907 912 1064 1559 1604 1647 1676 1961 2957 2988 3081 3336 3676 3854 3859 4049 4091 4107 4249 4320 4432 4451 4992 5054 5339 5792 5831 5865 5907
1833 377 783 900 1063 1355 1422 1454 1614 1667 2048 2628 2681 2861 3308 3446 3923 4089 4128 4169 4248 4341 4351 4470 4902 5187 5216 5229 5456 5836
1834 23 350 493 499 1277 1349 1392 1800 1825 1852 2431 2439 2573 2678 3398 3481 3559 4535 4851 5052 5094 5973 5996
1835 195 216 227 942 945 1343 1422 1493 1840 1870 1887 2038 2294 2301 2506 2521 2751 2769 2813 3190 3482 3603 3655 3707 4253 5291 5518 5700 5854
1836 228 709 1079 1089 1395 1637 1707 1727 1790 2015 2067 3196 3309 3453 3779 3803 3920 4017 4179 4228 4272 4342 4478 4705 4920 5135 5339 5666 5788 5884 5954 5991
1837 73 323 380 941 1161 1713 1886 2003 2432 2883 2979 3060 3104 3199 3647 3716 3770 4461 4526 4560 4951 4983 5221 5397 5596 5649 5959
1838 49 229 478 601 788 816 1070 1087 1314 1849 1933 2621 2659 2683 3040 3109 3434 3715 3870 3883 3899 3916 3956 3990 4237 4473 4617 4670 4969 4978 5060 5210 5370 5952
1839 64 197 471 726 761 1105 1235 1718 1848 1922 1973 1988 2041 2279 2573 2937 3013 3020 3236 3340 3967 4201 4364 4393 4608 4711 4841 5259 5539 5702 5854 5909 5951
1840 16 42 84 236 295 394 527 548 634 1122 1173 1333 1437 1654 1835 2461 2499 2730 3104 3277 3532 3808 4127 4716 4855 4925 4988 5493 5563 5687 5968 5991
1841 760 865 1103 1842 2152 2270 2740 2944 2976 3274 3487 4088 4116 4331 4625 5003 5076 5179 5219 5658 5758 5902
1842 273 281 540 746 788 792 849 957 1412 1841 2342 2350 2515 2554 2752 3030 3165 3268 3349 3401 3467 3513 3617 3703 3789 3867 3959 3974 4167 4257 4487 4765 4847 5042 5334 5510 5839
1843 40 118 217 252 447 580 706 959 1103 1186 1223 1339 1917 1940 2200 2386 2476 2537 2706 2757 2843 3151 3292 3325 3614 3629 3686 3696 3728 3761 3827 3850 4673 5226 5601 5969
1844 84 183 191 276 909 1136 1378 1997 2110 2136 2431 2533 2585 2815 3133 3345 3471 3511 3767 4000 4174 4277 4753 4770 4824 5148 5364 5399 5578 5638 5639 5722
1845 30 101 513 845 872 948 1212 1535 2181 2226 2379 2387 2566 3170 3258 4243 4553 4684 4754 4817 4941 5109 5165 5214 5751 5798 5813 5974
1846 93 198 370 427 640 1013 1161 1198 1415 1583 2036 2268 2305 2735 2863 2988 3334 3418 3463 3541 3689 3766 3834 3970 4316 4647 4739 5646
1847 94 367 398 604 720 745 769 911 948 1098 1303 1526 1555 1736 1946 1978 2178 2207 2330 2446 2547 2580 2678 2718 2775 2993 3048 3078 3426 3501 4134 4263 4447 4655 4726 4805 5686
1848 327 678 697 939 1164 1423 1601 1839 1956 2017 2206 2770 2858 3323 3420 3436 3444 3761 4077 4125 4624 5047 5100 5772 5785 5807 5863 5895 5921 5984
1849 414 549 675 840 873 1227 1838 2347 2488 2617 2652 2931 3007 3072 3187 3250 3432 3471 3472 3863 3878 3950 4093 4125 4373 4603 4721 4810 4850 4877 4924 5674 5752 5811 5828
1850 68 161 187 295 507 508 648 650 1101 1243 1281 1351 1357 1534 1635 1872 2555 2661 3384 3668 4681 4906 5215 5282 5421 5511 5602 5720 5819
1851 117 310 395 421 426 587 632 698 704 1830 2134 2141 2233 2243 2783 3323 3381 3482 3601 4488 4546 4600 4702 4837 4858 4890 5110 5457 5907
1852 357 444 586 651 844 1424 1788 1834 1942 2077 2246 2792 2858 2877 3032 3358 3422 3683 3796 4060 4231 4648 4712 4974 5000 5474 5501 5989
1853 379 502 1004 1053 1178 1292 1314 1421 1620 2104 2199 2475 2542 2640 2680 2766 2778 3021 3365 3438 3596 3799 4090 4398 4669 4849 5106 5303 5820 5925 5987
1854 452 1399 1488 2069 2291 2515 2750 2845 2859 3037 3402 3640 3687 4298 4470 4489 4557 4586 4680 4907 4986 5246 5534 5605
1855 147 763 795 1242 1463 1869 1920 1947 2121 2288 2590 2897 3004 3096 3510 3593 3608 3770 3810 3960 4062 4137 4289 4490 4602 5468 5675 5759
1856 68 92 584 619 805 849 906 966 1441 1497 1499 1612 1692 1936 2225 2577 2928 2955 2985 2995 3128 3337 3566 3585 3623 3814 4268 4993 5315 5415
1857 30 37 47 429 503 510 595 728 921 1227 1777 1800 2068 2125 2382 2778 2869 2986 3130 3175 4159 4605 4608 4668 4727 4919 4976 5107 5130 5387 5531 5762
1858 110 172 370 543 736 1079 1203 1482 1496 1654 1720 1887 2122 2189 2453 2468 2471 2533 2979 3544 3732 3869 3928 4128 4153 4341 4529 4742 4832 5595 5714
1859 95 160 183 491 524 588 667 794 962 1374 1391 1556 2228 2460 3403 3605 3793 4046 4208 4225 4506 5175 5211 5476 5544 5673 5903
1860 94 129 693 1040 1110 1160 1570 1642 2297 2835 2908 2917 3139 3313 3440 3659 3676 4024 4091 4171 4172 4362 4533 4586 4713 4856 4864 5021 5230 5236 5334 5447
1861 68 82 481 516 772 1577 1648 1971 2168 2399 2668 2902 2957 3334 3534 3619 3966 4078 4198 4390 4503 4507 4526 4547 4570 4638 4788 5045 5132 5388 5391 5443 5852 5915
1862 200 325 444 840 1153 1161 1256 1472 1809 1819 2323 2359 2507 3011 3227 3320 3337 3415 3682 4036 4052 4083 4356 4535 5359 5596 5895 5922
1863 24 42 330 744 857 945 1121 1144 1633 1649 1952 2252 2288 2558 2697 2913 2916 3035 3190 3266 3325 3468 3904 3918 3923 3928 4919 4957 5844 5869
1864 12 216 260 787 816 1188 1255 1288 1665 1820 2045 2107 2310 2721 2993 3035 3201 3404 3467 3718 3806 3850 3940 4094 4321 4554 5371 5951
1865 340 475 587 695 838 916 1146 1347 1622 1631 1647 2221 2320 2709 2838 2866 3088 3105 3176 3350 4188 4790 4951 5064 5110 5407 5598 5660 5730 5976
1866 262 482 644 1084 1400 1613 1752 2464 2568 2765 2840 2874 3121 3435 4456 4894 5194 5622 5735 5848 5894 5954 5974
1867 52 340 441 517 936 1664 1810 1830 2139 2291 2682 2853 3145 3161 3162 3295 3330 3757 4197 4354 4619 4991 5427 5532
1868 17 269 421 448 580 1141 1425 1543 2216 2510 2558 2910 3139 3310 3517 3584 3921 4088 4135 4312 4683 4741 4955 5252 5441 5513 5559
1869 215 268 332 364 374 713 751 836 927 940 957 1042 1051 1157 1198 1345 1385 1548 1654 1817 1855 2073 2415 2965 2993 3079 3775 3923 4074 4380 4395 4402 4726 4737 4814 5082 5155 5390 5472 5484 5717
1870 47 49 269 487 549 640 707 974 1061 1091 1419 1604 1785 1816 1835 1963 2159 2165 2440 2898 2920 2936 3031 3130 3207 3231 3967 3993 4053 4064 4108 4222 4239 4954 5146 5150 5160 5356 5368 5629 5850 5920
1871 111 696 713 762 884 1130 1239 1892 1987 2122 2462 3327 3370 4261 4427 4470 4552 4580 5181 5359 5629 5813 5819
1872 57 78 315 476 1355 1389 1811 1850 2083 2088 2425 2612 2879 3060 3307 3333 3961 4471 4644 5045 5270 5739
1873 320 526 580 914 1033 1116 1151 1547 1652 1686 2097 2238 2526 2543 2637 2853 3093 3204 3366 3494 3496 4266 4642 4832 4854 5791 5923
1874 252 445 451 748 979 1061 1196 1549 1692 1734 2114 2390 3357 3376 3465 3620 3641 3932 4018 4397 4527 5105 5112 5210 5545 5683 5687 5919
1875 281 514 785 787 827 869 1023 1334 2055 2796 2873 2920 3261 3301 3542 3663 3775 3985 4398 4831 4970 5020 5061 5132 5215 5230 5285 5573 5811
1876 81 106 457 750 960 1088 1448 1559 1768 1957 2088 2400 2611 2697 3153 4362 4678 4685 4854 4860 5070 5079 5112 5121 5344 5980
1877 118 175 220 596 831 1214 1289 1563 1733 2290 2617 2888 3016 3096 3775 3801 3866 4028 4165 4411 4696 4820 4932 5064 5136 5472 5590 5616 5675 5694 5903
1878 87 377 447 544 740 769 1032 1647 1742 2814 2904 2961 3379 3395 3429 3436 3680 3883 4184 4738 4896 4989 5097 5146 5168 5468 5530 5699 5928 5993
1879 148 195 309 427 575 585 1039 1431 1502 2003 2066 2769 3168 3295 3514 4365 4993 5676
1880 213 243 253 710 855 917 1019 1063 1271 1279 1346 1406 2054 2073 2095 2149 2258 2539 2567 2659 3064 3090 3178 3416 3487 3737 3758 4064 4322 4375 4760 4817 5160 5464 5601 5632 5964
1881 29 41 78 392 490 895 906 914 1325 1419 1577 1768 1981 2021 2068 2473 3486 3625 3708 3789 3881 4136 4318 4589 4704 5206 5606 5614 5665
1882 197 513 807 829 1233 1629 2290 2457 2643 2879 3289 3785 4608 4618 5059 5151 5534 5598 5614 5739
1883 66 209 446 550 762 1181 1217 1236 1482 1767 1814 2094 2293 2338 2339 2473 2611 2713 2905 2934 3566 4197 4674 4934 5049 5382 5695 5722 5814 5851
1884 264 797 1297 1431 1455 1722 2102 2221 2238 2344 3178 3189 3274 3405 3445 3504 3722 3893 4302 4311 4411 4470 4698 4782 4869 5062 5232 5495 5529 5690
1885 102 118 778 854 957 1029 1126 1743 1748 1783 2470 2696 2888 3101 3268 3311 3352 3407 3768 4144 4264 4278 4349 4580 4781 4820 5077 5208 5314 5503 5782 5811 5864
1886 140 141 164 404 509 578 667 804 975 1153 1211 1837 1898 2122 2145 2341 2678 2728 3027 3118 3787 3792 4004 4514 4857 4954 5294 5463 5539 5570 5598 5643 5912 5967
1887 272 451 892 1377 1545 1709 1835 1858 1951 2044 2219 2368 2511 2556 2741 3156 3278 3421 4211 4219 4354 4377 4498 4573 4914 5069 5536 5564 5852
1888 116 438 644 745 850 1079 1423 1795 2100 2282 2718 3064 3174 3312 3325 3618 3808 3820 3917 4118 4464 4595 4997 5046 5328 5330 5378 5518 5869
1889 68 235 255 366 385 445 510 598 741 793 1252 1321 1534 1767 1987 2097 2263 2351 3057 3155 3211 3316 3439 3496 3735 4784 5138 5141 5194 5198 5214 5537 5922
1890 46 325 431 731 817 942 982 988 1951 1957 2221 2375 2569 2626 2952 2955 3216 3804 4057 4095 4779 4947 5030 5097 5398 5596 5726 5848
1891 337 359 502 508 775 891 2118 2292 2515 2536 2586 2768 2770 2858 2990 2991 3105 3384 3477 3620 3909 4047 4376 4396 4878 4923 4974 5131 5292 5301 5307 5507 5691 5697 5871
1892 126 146 203 488 641 1293 1310 1411 1579 1654 1817 1871 1905 2094 2350 2537 2971 3249 3274 3721 4061 4152 4290 4459 4463 4508 4616 4942 5518 5830 5845
1893 150 152 232 821 839 1138 1501 1672 2239 2870 3008 3171 3563 3595 3617 3686 3824 4211 4344 4996 5133 5282 5393 5400 5518 5569 5587 5988
1894 420 471 712 795 997 1029 1170 1199 1473 1482 1595 1767 1927 2125 2268 2299 2535 2586 2685 3142 3144 3313 3362 3424 3885 3937 3954 4010 4292 4458 4608 4736 4844 4896 5264 5491 5594 5651 5675 5690 5927 5977
1895 47 102 376 641 875 1291 1352 1534 1550 1638 1753 1778 1912 2049 2530 2551 2659 2878 2951 3191 3373 3393 3973 4084 4201 4465 5147 5220 5228 5372 5472 5547 5698
1896 125 361 512 1200 1297 1325 1337 1999 2396 2417 2438 2623 2833 3265 3638 3688 3726 3855 4257 4328 4510 4811 4952 4993 5305 5535 5797
1897 36 72 871 969 992 1010 1794 2026 2155 2552 3248 3388 3410 3467 3912 4258 4454 4848 5040 5457 5574 5587 5786 5820
1898 131 444 476 560 964 1797 1886 2061 2343 2388 2458 2568 2951 3039 3187 3222 3272 3390 3843 3956 4905 5200 5433 5461 5758 5901
1899 123 307 373 567 799 989 1112 1237 1652 2114 2473 2862 2873 3187 3200 3312 3361 3363 3405 4038 4200 4878 4940 5261 5377 5384 5639 5722 5829
1900 654 847 1231 1391 1706 1724 2215 2230 2315 2413 2573 3050 3484 3562 3582 3601 3684 3780 3810 4042 4098 4334 4402 4577 4803 4933 5700
1901 5 54 108 534 571 620 901 975 1344 1373 1443 1962 2394 2413 2567 2934 3407 3540 3610 3659 3690 4443 4754 4965 4995 5681
1902 83 201 600 602 671 914 1096 1183 1749 1826 2420 2702 2925 3080 3091 3176 3190 3220 3660 3674 3810 4081 4234 5094 5119 5173 5205 5271 5315 5543 5641 5797
1903 73 97 255 406 856 864 1485 1509 1747 2028 2040 2388 3190 3263 3358 3375 3548 3602 3660 3708 3860 4605 4868 4932 5107 5254 5335 5408 5418 5498 5705
1904 210 233 999 1004 1119 1334 1738 1960 2248 2293 2354 2752 3122 3355 4149 4379 4444 4469 5024 5420 5584 5625 5694 5705 5983
1905 695 785 816 965 1297 1360 1519 1572 1819 1892 2138 2316 2713 2876 2913 3027 4117 4154 4162 4205 4232 4323 4754 5239 5348 5507 5565
1906 85 94 117 258 455 595 1241 1359 1562 1577 1909 2203 2371 2565 2806 2935 3071 3177 3318 3733 5090 5147 5202 5212 5803 5981 5985
1907 240 314 939 956 1449 1696 2031 2183 2196 2222 2275 2414 2438 2553 2574 2692 2696 2775 2787 2945 3201 3345 3373 3477 3540 3583 4184 4208 4676 4699 4781 4862 4899 4950 5081 5246 5381 5415 5505 5707 5767
1908 229 256 358 425 792 804 1241 1349 1620 2322 2324 2338 2493 2577 2751 3576 3905 4282 4497 4733 4822 5027 5060 5134 5241 5612 5800 5892
1909 165 460 464 842 1476 1906 2190 2606 2736 3369 3735 3799 3879 4019 4027 4078 4079 4091 4384 4393 4503 4586 4605 4664 4781 4809 5005 5187 5444 5492 5855 5949
1910 30 68 132 166 183 352 435 958 1215 1634 1667 2004 2044 2317 2397 2506 2599 2826 2889 3175 3180 3414 3448 3530 4114 4132 4186 4772 4902 5085 5691 5863 5881 5920
1911 44 181 1029 1288 1524 1800 1916 2255 2833 2976 3640 3959 4209 4268 4351 4481 4670 4902 5172 5248 5401 5669
1912 140 391 719 840 923 1137 1731 1895 1917 2139 2150 2385 2422 2537 2607 2697 2768 2808 2928 2955 3080 3358 3380 3612 3792 3812 4003 4098 4239 4340 4575 4590 4609 4687 4869 5058 5223 5515 5824
1913 124 975 989 1015 1105 1138 1191 1525 1824 1949 2084 2124 2189 2316 2393 2591 2765 2913 3222 3264 4191 4489 4664 4781 4847 4941 4995 5313 5784 5885 5898
1914 536 712 947 951 1041 1166 1238 1695 2216 2301 2545 3230 3847 3944 4219 4480 4618 4621 4911 4956 5142 5450 5495 5606 5646 5666
1915 185 551 645 817 915 930 1021 1051 1201 1458 1781 2002 2107 2153 2323 2542 2546 2668 3045 3206 3227 3249 3355 3494 3548 3612 3890 4127 4359 4898 5091 5411 5521 5537 5786
1916 94 111 220 558 579 780 1059 1089 1521 1625 1743 1796 1911 1936 1952 2453 2522 2589 2649 2741 2943 3100 3290 3439 3654 4068 4559 4777 5003 5110 5197
1917 166 224 317 334 362 1358 1472 1843 1912 2001 2227 2391 2401 2458 2621 2646 2649 2751 3289 3322 3614 3734 4232 4291 4301 4583 4657 4689 4838 4845 4891 4951 5445 5642 5956
1918 438 557 714 726 758 1069 1260 1462 1677 1826 2016 2247 2404 2497 2675 2862 2878 3243 3426 3457 3886 4176 4462 4588 4600 4823 4841 5109 5164 5234 5588 5635 5734 5867 5869
1919 53 171 516 638 1360 1694 2010 2023 2329 2919 3176 3198 3209 3402 3522 3852 4058 4642 4907 5498 5945
1920 220 514 726 729 949 1063 1069 1177 1440 1804 1819 1855 2641 2912 3006 3086 3174 3495 3850 4160 4162 4448 4518 4732 4790 4925 5049 5100 5334 5534 5939 5994
1921 485 590 689 734 774 803 810 939 1006 1036 1074 1164 1211 1341 1399 1616 2169 2180 2210 2420 3264 3297 3613 4455 4513 5311 5775 5842 5846
1922 493 819 841 1057 1059 1067 1309 1333 1346 1374 1640 1839 2162 2850 2861 2985 2986 3117 3150 3415 3630 3701 3757 3774 3916 3943 4175 4228 4435 4488 4559 5347 5437 5556 5762 5774
1923 83 351 388 462 491 558 562 1357 1549 1932 2172 2621 3457 3567 3568 4283 4432 4671 4687 4747 4759 4901 5175 5281 5712
1924 99 287 328 390 753 846 1247 1363 1592 1925 1985 2067 2139 2211 2292 2293 2509 2624 2804 2870 3100 3320 3350 3355 3502 3660 3710 4762 4898 5010 5128
1925 109 160 304 353 1352 1375 1600 1777 1924 2186 2240 2376 2658 2677 2849 3048 3216 3379 3650 3729 3824 3992 4122 4367 4546 4595 4788 4828 4935 5147 5162 5188 5267 5533 5783 5900 5979
1926 216 641 658 784 1314 2103 2264 2295 2400 2481 2575 2581 2863 3052 3138 3182 3195 3478 3880 4294 4481 4869 5097 5404 5990
1927 62 158 361 437 520 543 936 1283 1894 2033 2161 2395 2796 2867 3017 3580 3621 3727 3791 3894 3922 4173 4304 4577 4876 4997 5445 5740 5866 5914
1928 12 81 125 159 553 1032 1201 1399 1410 1432 2009 2018 2273 2800 3150 3427 3501 3606 4065 4523 4557 4721 5311 5945
1929 140 304 403 718 753 1164 1385 1460 1748 1803 1821 2100 2489 2700 2955 3182 3240 3298 3458 3478 3840 3967 4481 5009 5719 5770 5848 5938
1930 376 1138 1145 1299 1370 1474 1958 2008 2021 2523 2897 3006 3014 3048 3274 3452 3554 3776 3916 4090 4091 4420 4464 4923 4985 5071 5653 5852 5856
1931 600 750 753 850 924 996 1018 1632 1996 2457 2592 3334 3395 3893 3975 4399 4537 4602 4605 4669 4685 4827 5188 5204 5497 5628 5655 5707 5795 5906
1932 12 317 468 728 1229 1360 1444 1587 1717 1729 1923 2000 2026 2572 2854 3187 3552 3630 3691 3744 4392 4534 4554 4998 5279 5685
1933 165 285 404 456 475 586 754 845 1282 1486 1513 1599 1838 2023 2603 3341 3387 3544 3789 4075 4566 4568 4789 4947 5162 5427 5609 5929
1934 431 457 779 935 1396 1491 1505 2067 2321 2665 2703 2730 2961 3156 3615 3778 3869 4455 4505 4600 4684 4851 5226 5241 5340 5368 5586 5666 5770
1935 67 228 532 579 614 1178 1313 1460 1583 1687 2243 2406 2479 2862 3132 3485 3974 4002 4129 4190 4300 4805 5360 5424 5437 5496 5574 5778
1936 415 895 925 949 1123 1263 1828 1856 1916 2399 2709 2754 2777 2833 3303 3915 4053 4158 4529 4755 5544 5770 5793
1937 106 230 570 842 1258 1354 1506 1794 2349 2450 2804 3178 3249 3863 3879 4014 4310 4381 4540 4982 5092 5280 5826 5925 5957
1938 6 272 308 617 855 868 940 992 1030 1066 1364 1411 1485 1612 1635 1799 1975 2257 2309 2344 2450 2500 2720 3068 3276 3367 3455 3562 3984 4114 4163 4276 4355 4505 4713 4910 5246 5380 5385 5551 5797
1939 73 129 311 565 599 612 940 1538 1585 1628 1674 1691 2190 2401 2579 3140 3182 3432 3617 3724 3788 3980 4155 4250 4613 4925 5072 5143 5311 5581 5817
1940 15 67 213 487 533 605 1054 1245 1297 1350 1409 1771 1843 2334 2838 3088 3267 3441 3466 3671 3713 3887 3904 4069 4081 4167 4256 4260 4369 4388 4566 4671 4719 4917 5085 5255 5536 5758 5811 5867 5907 5975
1941 48 218 513 619 814 854 1949 2176 2385 2410 2794 2845 3584 3623 3696 3882 4429 4511 4573 4612 4870 5575 5619 5630 5976
1942 32 91 222 444 514 569 675 706 823 917 1033 1047 1372 1395 1482 1603 1852 1953 2368 2402 3255 3296 3753 3919 4231 4340 4396 4600 4688 4793 4960 5079 5157 5594
1943 122 195 310 735 798 1075 1223 3023 3042 3210 3227 3792 4180 4348 4454 4476 4502 4655 4849 5060 5131 5281 5719 5801 5953 5988
1944 36 344 580 734 779 865 1124 1254 1264 1594 1825 2062 2083 2116 2624 2760 2780 2816 2992 3218 3438 3523 4036 4124 4389 4677 4863 4912 4939 5392 5757
1945 100 358 475 614 645 751 752 784 1011 1070 1228 1605 1958 2082 2225 2351 2365 2895 2915 2916 2952 3752 3788 4091 4137 4583 4671 4830 5073 5123 5373 5578 5700 5852
1946 46 224 418 459 1043 1140 1383 1494 1607 1624 1847 2066 2140 2275 2349 2522 2621 2784 2792 2859 2961 3058 3217 3414 3541 3754 4048 4131 4352 4493 4693 4985 5021 5092 5497 5722
1947 36 147 220 292 465 565 834 897 1209 1242 1245 1711 1855 2033 2229 2316 2317 2361 2365 2667 2820 3341 3404 3811 3879 4083 4141 4193 4363 4585 4609 5001 5119 5175 5187 5260 5656 5851
1948 270 1133 1246 1290 2132 2329 2433 2483 2645 2654 2848 2928 2937 2940 3078 3422 3439 3535 3642 3939 4613 4765 4782 4914 4942 5095 5275 5682 5703 5899 5954 5989
1949 152 196 502 531 898 1071 1174 1338 1532 1675 1760 1913 1941 2023 2059 2704 2916 3056 3214 3230 3355 3507 3921 3964 4002 4227 4328 4424 4450 4537 4551 5028 5046 5074 5085 5116 5596 5657 5837 5918 5926
1950 499 644 1113 1356 1547 1648 2065 2339 2720 3473 3622 3895 4071 4117 4142 4361 4403 4693 4949 5173 5372 5665 5674 5746
1951 13 63 201 251 1059 1153 1580 1887 1890 1982 2066 2121 2911 3002 3122 3188 3353 3431 3448 3466 3566 3633 3734 3936 4099 4230 4539 4871 5158 5600 5631 5946 5969 5975
1952 107 205 277 345 409 768 883 1863 1916 2002 2024 2205 2544 2602 2746 3266 3399 3464 3593 3602 3621 3962 4341 4432 4637 4663 5559 5995
1953 14 83 196 506 516 541 568 686 722 791 869 1071 1175 1178 1324 1942 2961 2975 3054 3459 3575 3835 4021 4121 4386 4467 4714 4719 5074 5313 5628 5779
1954 102 108 505 580 594 659 782 1628 2184 2282 2587 2599 2789 3168 3181 3533 3569 4913 4993 5082 5269 5339 5613 5614 5685 5724 5842 5944 5978
1955 225 466 516 523 619 625 1148 1151 1258 1408 1467 1524 1530 1554 1708 1735 2885 2994 3082 3159 3616 3779 3943 4289 4403 4552 4620 4902 4949 5170 5200 5521 5621 5853 5980
1956 44 262 427 900 1201 1244 1322 1392 1534 1848 2005 2191 2308 2311 2509 2780 2877 3296 3398 3437 3846 4003 4204 4467 4514 4916 5075 5563 5658 5713
1957 384 536 646 674 746 792 799 1006 1752 1876 1890 2308 2408 2616 2738 2817 2905 3012 3191 4326 4402 4479 4965 4981 5081 5150 5310 5330 5342 5535 5569 5590 5864
1958 11 312 495 1097 1788 1930 1945 2364 2442 2443 2469 2577 2768 2897 3119 3183 3232 4110 4226 4298 4302 4358 4500 4575 4902 5464
1959 75 168 288 673 740 977 1043 1289 1370 1447 2023 2066 2240 2431 2682 2911 3321 3464 3489 4130 4455 5013 5468 5599 5846 5887 5961 5996
1960 236 352 686 702 721 896 1379 1484 1624 1724 1904 2144 2955 3415 3441 3505 3557 3965 3992 4193 4219 4625 5173 5438 5632 5764 5793 5968
1961 62 426 801 1061 1419 1832 3166 3284 3647 3723 4132 4477 4905 5531 5545 5576 5583 5826 5932
1962 204 222 330 335 372 400 463 554 1901 2017 2231 2315 2410 2604 2890 2987 3041 3140 3304 3308 3415 3700 4084 4132 4161 4491 4514 4812 5289 5402 5508
1963 19 408 1189 1220 1669 1762 1870 2051 2190 2254 2565 2834 2888 3654 4033 4242 4588 4784 5078 5893 5926 5998
1964 297 414 671 1250 1293 1337 2258 2302 2478 2517 2721 3015 3168 3499 3550 3866 4025 4480 4554 4645 4810 5042 5515
1965 191 586 668 960 1058 1083 1511 1524 1784 1787 1802 2029 2297 2386 2484 2561 2618 2777 2880 3367 3678 3885 3910 4459 5023 5109 5615 5697 5985
1966 126 349 966 1626 1661 1794 2192 2309 2394 2789 2856 2923 3437 3462 3976 4018 4077 4411 4415 4469 4587 4634 5045 5222 5265 5632 5665 5801 5893
1967 70 175 432 735 739 763 948 991 1223 2279 2419 2506 2556 2680 2826 2979 2980 3288 3382 3511 3625 3684 3877 3967 4743 5156 5285 5536 5872 5960 5992
1968 51 114 141 147 873 937 1054 1125 1438 1530 1816 2185 2283 2483 2692 2817 3052 3109 3344 3426 3815 4060 4507 4749 4763 4967 4995 5057 5269 5813
1969 241 256 409 1021 1373 1620 2208 2377 2795 2866 2971 3088 3551 3831 4048 4094 4343 4360 5388 5517
1970 43 352 410 712 1160 1212 1658 1979 2015 2308 2598 2610 2882 2974 3297 3453 3547 3910 4052 4324 4361 4406 4568 4791 4831 4873 5483 5485 5505 5785
1971 23 94 230 317 326 366 399 576 794 1164 1408 1661 1712 1780 1861 2156 2193 2220 2540 2856 3020 3052 3135 3173 3204 3256 3336 3816 3838 4163 4344 4760 4769 5334 5433
1972 182 778 856 980 1364 1616 1644 2157 2434 2705 2869 2870 2888 3573 3715 4203 4352 4365 4384 4433 4539 4790 5004 5175 5266 5333 5406 5868
1973 52 459 513 526 700 778 1037 1074 1109 1839 2326 2328 2333 2341 2420 2499 2554 3414 3472 3583 3838 4539 4713 5070 5258 5269 5318 5655
1974 284 447 471 639 769 1129 1803 2453 2530 3204 3327 3510 3890 3983 4148 4173 4244 4356 4434 4726 4766 4887 5270 5655 5690 5745
1975 445 484 943 947 999 1075 1097 1244 1250 1268 1290 1414 1447 1502 1512 1651 1794 1938 2024 2089 2097 2113 2370 2449 2584 3452 3468 3741 4304 4557 5108 5487 5655 5919 5938
1976 268 325 452 624 734 836 1297 1333 1438 1654 1787 2698 2821 3192 4049 4058 4112 4386 4467 4478 4816 5034 5846 5875
1977 53 593 1454 1772 2420 2621 3605 3811 4137 4291 4482 4752 4773 4823 4835 5066 5625 5647 5799
1978 382 394 413 589 740 774 901 988 1547 1577 1597 1670 1847 2068 2238 3110 3427 3430 3765 3907 4254 4283 4463 4501 5098 5520 5712 5719
1979 282 915 1032 1812 1970 2051 2065 2070 2071 2251 2442 2980 3037 3401 3429 3594 3679 3710 3827 3852 3857 4190 4361 4486 4587 4604 4779 4890 5109 5305 5447 5488 5685 5745 5811 5993
1980 136 246 259 449 669 707 918 1034 1157 1206 1511 1716 2168 2285 2408 2650 2739 3000 3137 3160 3266 3322 3731 3852 3978 4140 4168 4191 4455 4753 4887 4961 4962 5074 5319 5449 5546 5768 5812
1981 132 186 408 783 850 1096 1113 1125 1211 1556 1560 1881 2318 2480 2833 3370 3442 3513 3653 3658 4003 4027 4213 4360 4483 4517 4554 4949 5005 5012 5018 5046 5387 5637 5711 5896
1982 660 984 1072 1664 1951 2357 2539 2757 2829 3013 3035 3262 3383 3660 3837 4034 4535 5449 5793 5959
1983 60 154 387 1253 1349 1527 1639 1829 2006 2199 2222 2285 2473 2594 3001 3139 3371 3391 3610 3623 3642 3821 3938 4051 4057 4093 4301 4553 4721 4903 4994 5027 5049 5059 5144 5218 5346
1984 167 330 703 883 1636 2349 2421 2795 2996 3041 3258 3347 3544 4227 4476 4491 4605 4763 4827 4872 4914 5275 5437 5564 5855 5933 5977
1985 277 459 933 934 1055 1098 1243 1247 1254 1630 1924 2061 2192 2405 2550 2575 2771 3080 3100 3171 3490 3715 3950 4101 4209 4301 4426 4473 4619 4758 5010 5012 5033 5349 5461 5761
1986 85 96 228 750 906 1038 1442 1824 2583 2862 2928 3099 3113 3659 3826 3842 3875 3945 3976 4411 4538 4546 4569 5203 5286 5289 5378 5383 5387 5416 5445 5475 5551
1987 6 129 171 541 785 912 1019 1128 1504 1583 1655 1871 1889 2270 2847 3041 3067 3223 3225 3326 3399 3424 3459 3748 4113 4139 4946 5097
1988 103 223 376 597 1029 1268 1558 1567 1668 1839 2004 2023 2035 2196 2260 2405 2524 2619 2727 3043 3297 3538 3539 4009 4124 4257 4279 4761 4868 4926 4936 5209 5399 5411 5494 5544 5656 5935
1989 44 1032 1113 1244 1403 1569 2382 2544 2589 2886 3130 3429 3456 3579 3918 4053 4406 4579 4689 4733 4894 4967 5421 5529 5584 5660 5847
1990 28 53 59 68 110 364 529 555 762 928 2358 2659 2665 2681 3702 3973 4009 4023 4247 4297 4367 4482 4815 4852 4952 4993 5068 5238 5275 5511 5656 5830 5926
1991 206 367 537 759 1096 1148 1293 1456 2286 2766 2793 2876 3096 3206 4028 4526 5026 5049 5074 5234 5658 5768 5791 5950
1992 68 409 533 581 983 2723 3043 3476 3623 4005 4238 4392 4507 4960 5068 5401 5420
1993 105 377 553 586 965 1096 1403 1702 2140 2381 2885 3235 3274 4353 4465 4723 4840 5008 5154 5701 5723
1994 198 720 878 968 1115 2329 2501 2532 2819 2913 3119 3219 3317 3347 3519 4100 4121 4207 4388 5362 5406 5500 5577 5718 5916
1995 113 210 289 317 484 722 746 847 926 950 1089 1521 1545 1563 2146 2314 2392 3157 3206 3449 3918 4061 4114 4280 4364 4452 5147 5274 5610 5888
1996 52 184 194 213 238 374 695 716 745 902 1335 1366 1490 1931 2096 2154 2378 3103 3147 3160 3367 3534 3700 3891 4086 4170 4393 4660 4928 5046 5208 5342 5371 5458
1997 92 226 753 1038 1185 1329 1381 1651 1752 1844 2143 2159 2265 2290 2415 2604 3100 3210 3342 3741 3819 4042 4411 4805 4883 5167 5845 5851
1998 252 261 533 1178 1300 2254 2410 2565 2810 2813 2895 2932 2933 3158 3244 3311 3346 3564 4369 4521 4712 5217 5832
1999 82 482 534 573 664 694 717 820 829 979 1194 1649 1704 1896 2022 2049 2266 2428 2452 2674 2783 3142 3174 3279 3399 4224 4411 4750 5130 5150 5291
2000 107 1116 1285 1561 1827 1932 2322 2376 2895 3021 3063 3274 3431 4420 4549 4639 4853 4948 5091 5102 5223 5710 5736 5852 5938
2001 307 854 1125 1160 1917 2596 2870 2904 3063 3188 3389 3703 3744 4109 4184 4423 4919 5211 5219 5348 5366 5456 5463
2002 411 466 611 641 647 867 1027 1263 1506 1539 1606 1672 1915 1952 2328 2910 2918 3191 3313 3447 3612 3824 4945 5006 5080 5433 5698 5810
2003 290 662 1591 1679 1737 1829 1837 1879 2055 2127 2489 2608 2842 2942 3057 3249 3442 3711 3905 3909 4513 4712 4900 4951 5193 5580 5593 5759 5776 5978
2004 1483 1765 1910 1988 2045 2051 2154 2706 2825 2915 2964 3219 3259 3419 3460 3865 4142 4210 4282 4377 4696 4728 4745 4801 5058 5133 5146 5276 5279 5531 5794
2005 190 294 670 1251 1956 2759 3163 3525 3780 4201 4384 4412 4687 5255 5641 5783
2006 145 259 352 457 531 569 632 978 1056 1220 1243 1548 1589 1773 1983 2130 2266 2559 2812 2839 3049 3053 3075 3223 3495 3847 4298 4585 4677 4843 5160 5199 5362 5393 5860
2007 242 759 789 866 1349 1503 1587 1633 1648 2072 2102 2175 2220 2688 2782 2856 2865 2896 2911 2951 3040 3334 3464 3664 4190 4297 4351 4603 4738 4831 4834 5230 5413 5714 5755 5863 5870 5881 5933 5934
2008 110 214 641 828 951 1784 1819 1930 2211 2235 2287 2465 2499 2513 2704 3127 3229 3288 3379 3603 3747 3790 4095 4340 4653 4769 5303 5812 5994
2009 14 118 367 537 556 678 795 1063 1152 1170 1497 1734 1928 2028 2426 3051 3079 3115 3226 3393 3663 3670 3941 4013 4130 4512 4543 4725 4825 4919 4954 5220 5301 5842
2010 501 593 780 1129 1635 1919 2471 2568 2597 2648 2830 2891 3133 3348 3411 3928 4050 4151 4436 4820 4985 5094 5127 5173 5288 5639 5691
2011 15 20 505 591 612 670 889 914 1040 1070 1143 1484 1530 1737 1825 2067 2114 2143 2260 2408 2421 2505 2916 3051 3132 3669 4052 4380 4545 5112 5290 5777 5843 5854
2012 125 301 700 945 963 1119 1496 1551 2057 2333 2335 2554 3151 3239 3276 3757 4068 4143 4602 4718 4889 4993 5180 5194 5287 5338 5453 5672 5729 5887 5953
2013 375 452 554 885 1367 1445 2232 2376 2396 2734 2745 3043 3753 3942 3948 4124 4281 4802 5495 5549 5571 5877
2014 99 211 515 521 626 997 1007 1182 1196 1387 1409 2101 2455 2516 2642 3016 3218 3815 4105 4153 4497 4536 4802 4875 5288 5642 5791
2015 71 358 500 503 553 870 898 924 986 1030 1172 1303 1527 1731 1744 1836 1970 2019 2243 2472 2505 2828 2915 3011 3613 3706 4052 4069 4226 4312 4904 5386
2016 58 421 475 561 592 646 693 699 840 910 1106 1754 1918 2121 2206 2291 2687 2990 3208 3695 3708 3711 3808 4079 4090 4121 4165 4243 4256 4381 4454 4476 4607 4671 4862 4982 5132 5282 5544
2017 696 801 1115 1438 1544 1603 1848 1962 2604 2824 2896 2924 3254 3264 3462 3826 3975 4075 4650 4818 5421 5882
2018 59 265 352 357 473 509 838 864 971 1113 1384 1385 1445 1498 1512 1623 1792 1928 2030 2301 2491 2655 2673 3183 3260 3631 3738 3972 4025 4074 4184 4341 4478 4619 4642 4832 5163 5186 5263 5595
2019 178 256 636 812 828 1191 1345 1422 1476 1567 1587 1796 2015 2212 2522 2629 2908 3170 3208 3370 3441 3515 3581 3972 4052 4467 4489 5106 5109 5119 5310 5990
2020 205 306 426 536 834 1312 2172 2254 2851 2895 2917 2951 2957 3289 3290 3347 3654 3745 3769 3826 3850 4037 4052 4179 4705 4710 4906 4974 5299 5302 5414 5556 5774
2021 167 255 936 1427 1528 1569 1881 1930 2167 2195 2523 2821 3609 3791 4271 4486 4575 4858 4943 4976 5352 5393 5660 5801 5820
2022 287 652 892 906 1009 1158 1513 1514 1999 2452 2899 3018 3271 3393 3513 3719 3993 4109 4439 4456 4787 5219 5702 5732
2023 536 733 824 839 865 1782 1797 1803 1919 1933 1949 1959 1988 2059 2561 2991 3563 3935 4568 4683 4753 4870 5039 5109 5343 5500 5848
2024 27 208 252 348 381 419 451 680 740 831 1021 1279 1460 1952 1975 2127 2185 2220 2249 2592 2699 2876 3087 3194 3497 3752 3912 3980 4195 4279 4516 4561 5384 5571 5595 5627 5746 5999
2025 127 516 557 709 844 875 888 1020 1240 1318 1326 1356 1442 1448 1460 1619 2200 2417 2465 2526 2801 2855 2999 3170 3223 3266 3442 3521 3883 3898 4096 4127 4335 4369 4492 4509 4514 4851 4855 4935 5002 5031 5085 5362 5373 5452 5502 5572 5669 5711 5831
2026 141 260 283 368 643 1332 1400 1551 1667 1679 1897 1932 2280 2663 2969 3501 3626 3847 3853 3971 4133 4358 5007 5017 5113 5656 5977 5996
2027 902 1121 1237 1262 1431 1815 2088 2327 2539 2955 3028 3186 3259 3545 3657 3670 3721 3772 4068 4952 4959 5159 5188 5521 5831 5980 5996
2028 41 63 795 1422 1513 1525 1903 2009 2144 2203 2232 2268 2350 2457 2769 3002 3952 4014 4334 4369 4556 4802 5196 5439 5560 5937
2029 546 869 1075 1965 2229 2482 2519 2739 2780 2896 2933 2978 3199 3295 3430 3661 3833 4146 4427 4761 4857 4863 4874 5552 5575 5815
2030 71 189 197 417 520 593 700 788 809 816 868 1272 1737 1827 2018 2345 2553 2655 3295 3333 3411 3745 3791 4366 4369 4884 5371 5513 5539 5697
2031 47 119 921 954 1052 1230 1365 1907 2069 2079 2094 2309 2311 2513 2706 2749 2796 4063 4436 4460 4680 5114 5144 5467 5932 5992
2032 216 432 600 655 960 1111 1263 1581 2386 2558 2795 2881 2998 3211 3230 3426 3658 3662 3758 3801 3803 3818 3863 3870 3902 4040 4109 4260 4487 4672 4962 4972 5018 5130 5897 5920
2033 267 380 514 596 675 847 901 1000 1050 1369 1451 1593 1927 1947 2205 2351 2610 2845 3025 3198 3234 3392 3471 3525 3846 4203 4305 4430 4480 4826 5293 5307 5354 5362 5562 5893 5920 5949
2034 368 565 814 913 1084 1230 1786 1795 2530 2818 2819 2941 3559 3572 3691 3756 3961 4017 4304 4551 4570 4662 5246 5588 5910
2035 36 318 368 583 614 1255 1283 1379 1443 1574 1728 1988 2285 2692 2754 2769 3005 3068 3176 3199 3287 3372 3563 3683 3962 4223 4413 4467 4632 4648 4708 5207 5647 5740 5756 5893 5900
2036 46 393 577 696 802 891 1421 1607 1630 1747 1846 2075 2228 2400 2504 2554 2949 3022 3383 3463 3736 3912 4025 4430 4513 4637 4886 5196
2037 21 187 229 628 1164 2145 2367 2426 2450 2606 2825 3061 3167 3707 3714 3754 4022 4181 4366 4385 4629 4746 4832 4954 5141 5287 5354 5598 5766 5817 5864 5974
2038 192 778 1013 1169 1487 1835 2200 2797 3086 3303 3387 3453 3771 4254 4275 4819 4879 5219 5256 5415 5479 5515 5564 5859
2039 85 208 589 781 1067 1139 1412 1575 1621 1663 1826 2110 2448 2607 2734 2912 3241 4261 4353 4590 4716 5196 5268 5916
2040 779 930 1226 1392 1770 1903 2088 2395 2459 2520 2535 2599 2702 3191 3427 3484 3558 3759 3797 4060 4248 4344 4494 4805 5076
2041 630 711 1122 1569 1839 2121 2404 2500 2859 3214 3238 3665 3677 3702 3785 4370 4660 5168 5265 5306
2042 356 484 531 674 857 916 993 1233 1667 1744 2141 2185 2265 2287 2425 2963 3000 3011 3070 4108 4433 4506 4703 4997 5324 5425 5568 5844 5852
2043 572 976 1229 1505 1596 1650 2279 2689 2754 2863 3447 3487 3645 3742 3762 3787 3839 3895 3953 3954 3971 4063 4257 4446 4575 4765 4879 4985 5065 5226 5302 5660 5687 5700 5791
2044 7 68 74 403 792 861 952 1121 1421 1711 1887 1910 2058 2097 2257 2444 2501 2727 2782 2849 2864 3014 3048 3149 3185 3720 3740 3761 3873 4067 4184 4398 4421 4422 4505 5195 5508 5571 5853 5888 5979
2045 154 347 662 1061 1104 1404 1559 1776 1864 2004 2231 2254 2674 2806 2817 2820 2921 3039 3389 3430 3525 4112 4197 4248 4405 4428 4450 4772 4821 4851 4941 4975 5617 5933
2046 6 97 283 326 421 501 553 571 757 800 1395 1558 2135 2138 2221 2367 2465 2630 2794 3157 3462 3655 4008 4052 4520 5289 5295 5407 5688 5773
2047 114 197 669 906 1091 1130 1330 1368 2384 2452 2465 2918 3078 3232 3450 3574 4000 4054 4090 4247 4373 4829 4916 5252 5317 5346 5718
2048 40 168 477 603 798 991 1256 1372 1543 1635 1723 1751 1833 2329 2507 2784 2944 3016 3025 3131 3145 3290 3790 4462 4565 5063 5282 5523
2049 299 1098 1332 1791 1895 1999 2223 2294 2418 2490 2736 2978 3032 3310 3731 3793 4153 4215 4711 4930 4973 5002 5007 5054 5058 5687 5848 5953
2050 301 698 892 894 988 1123 1157 1619 1696 1728 2175 2472 2536 2660 2872 3671 3752 4080 4229 4459 4460 4522 4563 4574 4801 5098 5221 5814
2051 194 234 259 566 726 825 1050 1254 1377 1963 1979 2004 2060 2394 2644 2850 3119 3553 3714 4292 4394 4514 4786 5143 5403 5522 5790 5959
2052 309 637 1618 1733 1771 2292 2461 2531 2844 3110 3162 3234 3637 3753 4283 4373 4584 4585 5519 5542 5689 5862
2053 122 161 165 250 437 728 760 1015 1264 1308 1592 1699 1756 2411 2423 3105 3492 3550 3629 3636 3828 3843 4139 4388 4532 4566 4620 4681 4875 4975 5431 5436 5849
2054 25 50 77 85 164 261 280 695 807 830 994 1397 1424 1591 1880 2325 2600 2958 3073 3100 3114 3185 3385 3555 4357 5119 5334 5377 5486 5561 5773 5787 5806 5914
2055 59 116 218 316 424 513 541 578 819 980 1010 1020 1499 1875 2003 2185 2502 2672 2716 2745 3355 3642 3654 3895 4132 4330 4440 4529 5302 5773 5982
2056 38 207 235 296 376 577 596 738 977 990 1326 1337 1486 2472 2562 2652 3000 3088 3120 3152 3284 3289 3467 3629 3918 3932 3936 3992 4089 4168 4522 4537 4955 5046 5071 5254 5318 5913
2057 163 219 343 881 1531 2012 2173 2311 2607 2636 2823 2990 3472 3530 3630 3954 4004 4553 4695 4859 5469 5654 5747 5890 5987
2058 178 185 301 547 706 1050 1174 1176 1191 1208 1356 1430 1441 2044 2082 2608 2757 2896 3171 3176 3222 3488 3687 3688 4006 4020 4948 5105 5119 5236 5632 5779
2059 212 363 478 688 728 792 797 926 1234 1418 1501 1633 1687 1826 1949 2023 2697 2773 2950 3171 3172 3357 3642 3678 3995 4788 4887 4949 4964 5047 5124 5291 5356 5599 5824
2060 333 505 529 699 869 938 1124 1664 2051 2075 2168 2353 2555 2722 3005 3262 3485 3556 3586 3590 3593 3653 3660 3723 4243 4260 4455 4693 5555 5972
2061 333 490 555 689 739 837 1029 1109 1133 1138 1722 1898 1985 2236 2355 2635 3087 3462 3702 3910 4244 4402 4481 4502 4526 4561 5032 5129 5135 5639 5711 5948
2062 101 267 405 536 666 800 820 1113 1373 1434 1587 1744 1746 1944 2145 2230 2616 3514 3597 3867 4023 4240 4358 4913 4957 4960 5070 5104 5606 5748 5849 5996
2063 13 92 426 655 745 832 1074 1170 1196 1256 1489 1523 2079 2159 2227 2315 2538 2586 3240 3495 3825 3826 4331 4369 4738 4772 5006 5077 5156 5500 5737 5775
2064 443 1225 1359 1470 1476 1826 2099 2151 2337 2469 2478 2871 3062 3076 3136 3300 3364 3704 4468 4718 4722 4829 4870 4954 4957 4968 5213 5254 5710
2065 343 1005 1173 1738 1752 1950 1979 2279 2435 2832 2951 2967 3004 3081 3227 3246 3404 3418 3671 3827 3862 4105 4324 4570 4730 4983 5065 5073 5106 5109 5276 5334 5477 5619 5877
2066 20 98 140 175 194 207 316 714 1371 1879 1946 1951 1959 2923 3058 3596 3905 4366 5111 5245 5441 5462 5821 5834 5963
2067 112 275 328 382 389 574 961 995 1232 1418 1493 1524 1546 1736 1836 1924 1934 2011 2154 2366 2543 2771 3115 3359 3516 3560 3710 4230 4508 4548 4617 4681 4967 5225 5267 5493 5560 5635 5721 5734
2068 530 679 1044 1169 1362 1401 1616 1857 1881 1978 2217 2251 2500 2511 2580 2984 3024 3031 3258 3259 3542 3676 3780 3792 3883 4395 4460 4844 4922 5452 5593 5677 5702 5970
2069 13 228 276 976 1585 1854 2031 2409 2438 2726 2805 3408 3504 3805 3987 3992 4308 4414 4610 5043 5327 5693
2070 256 555 827 1122 1205 1462 1598 1758 1979 2102 2428 2489 2782 2947 3066 3095 3173 3184 3185 3189 3455 4191 4447 4808 4940 5023 5093 5459 5798 5844 5907 5936
2071 379 471 776 828 863 895 963 1206 1547 1979 2888 2941 3495 3920 4238 4649 4737 4791 4859 5429 5547 5618 5637 5778 5952
2072 18 116 339 361 399 724 1256 1519 2007 2732 2777 2989 3410 3504 3694 4234 4385 4651 5096 5464 5700 5765 5821 5926
2073 251 679 940 1267 1343 1652 1786 1869 1880 2291 2415 2460 2596 2662 2737 2926 2929 3001 3253 3339 3531 3916 4205 4413 5318 5527 5610 5653 5785 5926 5950
2074 354 415 481 952 1211 1348 1476 1653 1673 1687 2668 2704 2807 2913 2998 3113 3195 3350 3420 3606 3699 3897 4630 5125 5142 5159 5265 5443 5496 5614 5620 5932
2075 60 175 296 359 768 1057 1330 1343 2036 2060 2308 2554 2939 3250 3385 3684 3770 4022 4141 4682 4767 4962 5724 5936
2076 212 864 918 1215 1430 2299 2413 2575 2731 2906 3073 3770 3888 4291 4333 4444 4495 4681 4699 5132 5362 5748
2077 147 302 1327 1505 1704 1852 2095 2156 2233 2362 2516 2650 2732 2916 3192 3781 4102 4169 4376 4379 4707 4959 5153 5790 5930
2078 49 101 206 414 543 837 850 868 1418 1424 1451 1569 1767 2162 2282 2523 2613 2705 2780 2948 3604 3739 3881 3913 3946 4065 4264 4487 4750 4783 5083 5219 5274 5410 5480 5798 5934 5976
2079 127 146 173 192 523 662 820 924 973 1020 1177 1307 1557 1579 1582 2031 2063 2523 2566 2577 2644 3458 3576 3581 3648 3791 4304 4663 4850 4948 5033 5185 5311 5480 5494 5707 5839 5860 5943
2080 38 90 116 253 302 1041 1055 1249 1564 1593 2167 2357 2434 2493 2759 2939 3296 3526 3837 4076 4388 4448 4741 4753 5248 5268 5664 5667 5710 5789
2081 2 146 319 364 436 643 924 1021 1627 1634 1647 1660 2808 3142 3365 3681 3959 3974 4653 4713 4764 4997 5976
2082 494 583 605 923 1164 1187 1278 1321 1565 1578 1674 1767 1945 2058 2199 3009 3104 3149 3223 3853 4006 4033 4158 4381 4927 5023 5691 5888 5939
2083 26 274 541 657 986 1014 1058 1068 1403 1483 1872 1944 2098 2304 2671 2874 3059 3298 3357 3415 3716 3999 4187 4644 4655 4705 5303 5646 5808 5877
2084 364 450 692 720 942 1406 1568 1704 1913 2283 2540 2688 2898 3214 3445 4253 4638 4814 5077 5260
2085 139 647 822 1229 2099 2285 2828 2874 2954 3013 3042 3164 3285 3370 3692 4043 4299 4383 4434 4563 4734 4868 5494 5734
2086 579 1022 1080 1254 1455 1537 1619 2091 2204 2225 2489 2499 2605 2661 3103 3130 3149 3151 3400 3573 3892 4030 4857 4981 5183 5434
2087 38 157 701 786 976 1121 2789 2893 2971 3020 3119 3639 3729 3958 4065 5008 5026 5055 5097 5449 5603 5794
2088 149 194 208 216 297 803 1022 1029 1274 1284 1294 1482 1491 1872 1876 2027 2040 2230 2640 2674 2767 2907 3100 3250 3252 3330 3503 4295 4444 4490 4544 4902 4928 5284 5419 5492 5704
2089 194 739 819 1226 1387 1390 1549 1975 2186 2347 2762 2956 3016 3133 3528 3563 3940 4116 4187 4202 4399 4693 4773 5891 5940 5941
2090 167 212 532 879 1119 1130 1158 1217 1296 1502 1629 1672 1679 2447 2483 2497 2765 2882 2896 3013 3369 3621 3893 3997 4240 4291 4536 4571 4843 4935 5236 5364 5602 5778
2091 172 608 615 929 991 1205 1227 1272 1345 1363 1399 1594 1816 2086 2136 2215 2294 2648 2739 2850 2856 2875 3936 4204 4863 5069 5151 5389 5564 5702
2092 92 246 415 1227 1392 1692 2223 2539 2807 2930 3070 3344 3451 3696 3903 3935 3991 4020 4092 4145 4164 4449 5274 5390 5449 5542 5645 5899
2093 192 590 771 926 956 1058 1241 1418 1429 2267 2684 2902 3341 3574 4021 4299 4464 4800 4848 5167 5194 5417 5497 5585 5638 5781 5822 5951
2094 90 211 328 419 572 836 996 1008 1338 1400 1669 1767 1768 1883 1892 2031 2408 2579 2672 2833 2835 3206 3302 3330 3470 3808 3848 3877 4004 4253 4377 4422 4771 4789 4976 5553 5569 5846
2095 547 557 948 1232 1880 2077 2307 2382 2389 2741 3121 3279 3290 3353 3673 3680 4012 4491 4949 5104 5281
2096 107 325 364 522 658 779 791 838 893 977 1293 1684 1996 2691 2934 3339 3438 3476 3592 3596 3659 4284 4349 4375 4827 4857 4938 5014 5189 5196 5501
2097 186 321 370 517 904 1079 1116 1421 1767 1873 1889 1975 2044 2261 2319 2432 2688 2732 2838 2877 3224 3289 3518 3612 3955 4257 4289 4500 4584 4605 4861 5858 5935 5983
2098 57 199 224 225 297 326 818 1079 1180 1294 2083 2354 2516 2576 2652 3570 3845 3989 4029 4099 4109 4554 4672 4840 4861 5685 5694 5841
2099 40 154 191 441 561 644 698 1285 1300 1308 1406 1510 1585 1624 2064 2085 2141 2475 2497 2863 2903 3639 3648 3770 3886 4469 4767 4814 4828 5113 5124 5129 5348 5362 5468 5546 5574 5612
2100 232 349 476 513 659 1080 1485 1646 1888 1929 2336 2358 2419 2670 2913 3184 3190 3518 3702 3710 3898 4591 4691 4909 4984 5100 5242 5490 5690 5802 5869 5910
2101 167 183 775 941 1188 1206 1337 1430 1496 1497 1500 1726 2014 2173 2444 2484 2731 2776 3099 3414 3506 3514 3535 3570 3906 4182 5004 5078 5136 5162 5230 5307 5337 5669 5800 5832
2102 73 260 362 594 908 1388 1448 1538 1660 1884 2007 2070 2576 2619 2753 2786 2932 3303 3384 3523 3639 3925 3982 4057 4329 4351 4378 4926 5025 5257 5284 5539 5783
2103 218 290 401 417 570 578 589 620 730 1103 1155 1403 1674 1821 1926 2222 2398 2495 2880 3118 3346 3656 4160 4179 4262 4404 4592 4634 4770 5044 5259 5281 5303 5336 5809
2104 7 36 56 128 555 777 917 1218 1484 1601 1853 2149 2242 2262 2931 3014 3832 4061 4189 4210 4660 4978 5018 5379 5760 5820
2105 361 603 800 1101 1105 1121 1385 1476 1559 1692 1710 2164 2424 2592 3214 3791 3834 4075 4198 4548 4769 4801 5068 5121 5784
2106 772 999 1023 1075 1276 1318 1535 1618 2131 2338 2350 2651 2788 2961 2999 3336 3489 3781 4110 4191 4403 4653 5018 5305 5429 5501 5560 5563 5671 5741 5812 5832 5836
2107 140 398 401 458 546 650 695 944 958 1171 1213 1346 1582 1604 1864 1915 2178 2900 2993 3171 3974 4219 4563 4582 4763 4810 4813 4824 5133 5311 5337 5729 5920
2108 618 652 714 765 998 1433 1442 1453 1509 1537 1799 2276 2365 2505 2524 2576 2818 2989 3257 3264 3378 3611 3775 3779 3880 4209 4218 4619 4728 4953 4980 5086 5170 5194 5322 5652 5709 5743 5853
2109 84 159 314 363 695 720 735 811 1122 1274 1684 2313 2839 2880 3010 3137 3163 3170 3178 3734 3776 4061 4080 4204 4617 4868 5341 5600 5757 5773
2110 49 192 193 375 428 841 889 953 1091 1227 1290 1329 1580 1766 1844 2039 2670 2688 2703 3104 3180 3307 3368 3382 3411 3446 3510 3622 3701 3951 4567 4621 5165 5172 5196
2111 193 370 667 783 961 1187 1596 1628 1791 2129 2195 2343 2551 3017 3029 3280 3484 3580 3697 3724 3769 3790 3822 4081 4154 4201 4651 4724 5116 5204 5241 5250 5491 5955
2112 353 369 409 482 883 896 1100 1379 1498 2326 2497 2513 2566 2747 2951 3688 3770 4124 4503 4835 5031 5589 5760 5817 5823 5958
2113 101 163 175 274 873 1550 1610 1725 1975 2776 2918 2958 3136 3623 3859 4164 4457 4640 4900 4905 5333 5659 5822
2114 226 307 471 559 796 1013 1427 1642 1696 1874 1899 2011 2331 2356 2385 2386 2480 2599 2846 3194 3442 3678 3934 4140 4204 4509 4611 4738 4758 4779 4870 4910 4999 5217 5375 5917
2115 250 427 526 708 861 1088 1132 1234 1248 1675 2116 2625 2790 2792 2898 2942 3170 3506 3680 3691 3879 4492 4670 4853 5303 5442 5570 5746
2116 59 264 275 303 707 731 972 1522 1577 1810 1944 2115 2242 2305 2341 2410 3064 3489 3706 3918 4229 4527 4934 4990 5501 5581 5705 5877 5942 5954 5956
2117 116 528 693 981 986 1390 1413 1418 1553 1567 2139 2143 2207 2264 2289 2375 2852 3433 3610 4085 4257 4499 4852 4955 5097 5635 5642 5671 5773
2118 370 767 985 1086 1229 1634 1693 1891 2554 2565 2691 3005 3098 3186 3328 3393 3700 3767 3775 3883 4424 4789 4801 5407 5418 5476 5567 5608
2119 730 886 890 1197 1320 1779 2284 2341 2410 2533 2610 2763 2921 3024 3209 3310 3376 3466 3529 3548 3831 3851 4410 4416 4489 4496 4536 4591 4654 4788 4960 5081 5097 5101 5492 5699 5752 5793 5812 5879
2120 176 497 728 868 1057 1214 1298 1469 1508 1528 2127 2563 2673 2745 3289 3320 3412 3915 3969 4184 4284 4319 4362 4376 4383 4564 4774 4882 5113 5272 5640 5695 5933
2121 13 663 793 833 1018 1030 1113 1343 1619 1855 1951 2016 2041 2413 2751 3083 3373 3834 4215 4243 4330 4442 4786 5065 5464 5645 5830 5847 5888
2122 472 539 936 1393 1450 1858 1871 1886 2460 2683 3250 3393 3794 4199 4258 4675 4911 5036 5355 5494 5686 5759 5871 5962 5977
2123 8 145 447 557 588 866 1174 1198 1278 1430 1547 1595 1718 2399 2568 3105 3761 3783 3907 3912 3926 3937 3946 4034 4075 4126 4228 4927 5311 5558 5793
2124 82 93 306 868 1073 1177 1202 1330 1740 1913 2147 2347 2561 2653 2762 3167 3305 3436 3456 3466 3568 3782 4183 4362 4543 4664 4841 4906 4925 4950 5006 5158 5273 5971
2125 26 116 181 262 321 484 524 578 737 971 1193 1405 1551 1857 1894 2143 2199 2377 2379 2451 3012 3104 3280 3340 3528 3544 3603 4226 4513 4602 4837 5082 5277 5532 5547
2126 353 390 442 597 709 961 1048 1528 1587 1606 2376 2559 3464 3563 3599 4153 4376 4388 4392 4496 4556 4726 4807 4808 5207 5501 5743 5769
2127 417 437 612 1185 1436 1459 1616 1653 2003 2024 2120 2364 2398 2524 2915 3189 3358 3537 3944 4015 4340 4486 4644 4888 5055 5318 5359 5428 5783 5829
2128 783 838 1344 1392 1624 1814 2165 2192 2540 2606 2768 2891 2985 3138 3209 3318 3330 3346 3986 4046 4065 4238 5066 5464 5490 5604 5755 5784 5793 5832 5893
2129 56 68 145 812 914 961 1179 1187 1323 1360 1414 1557 1558 1570 1660 1719 2111 2311 2543 2763 2912 3171 3227 3671 3735 3753 3932 4180 4543 4696 4771 5088 5483 5702
2130 356 373 691 829 1077 1118 1290 1622 1758 2006 2311 2319 2445 2670 2690 2735 2826 2925 2996 3064 3303 3351 3444 3762 3843 3977 4305 4521 4552 4604 4831 5056 5069 5236 5655
2131 78 818 1051 1225 1240 1292 1626 2106 2245 2522 2672 2673 2752 2767 2778 2806 2907 3067 3312 3334 3402 3467 4339 4371 4415 4448 5151 5288 5687
2132 531 555 992 1050 1410 1805 1948 2297 2456 2480 2624 2940 3273 3397 3811 4007 4131 4151 4342 4510 4692 4724 5182 5190 5422 5524 5571 5778 5783 5911
2133 65 441 461 762 1015 1485 2427 2533 2710 2977 3106 3152 3761 4106 4165 4812 5101 5132 5424 5436 5749 5774 5787
2134 50 122 247 250 671 874 1244 1575 1739 1785 1851 3232 3417 3661 3721 3844 4141 4308 4681 5054 5120 5226 5557 5633 5980
2135 61 227 1347 1744 2046 2483 2775 2935 4074 4381 4533 4542 4919
2136 245 265 536 596 709 866 1164 1217 1844 2091 2226 2405 2559 2687 2775 3069 3397 3406 3849 3996 4003 4320 4826 4956 4989 5375 5488 5661 5711 5786 5943 5989
2137 367 383 384 703 808 932 1098 1117 1457 1482 2538 2786 2993 3543 3652 3700 4105 4653 5123 5523 5657 5847 5906
2138 12 16 61 85 521 732 973 1153 1340 1342 1905 2046 2450 2607 2613 2686 2792 3062 3071 3130 3491 3594 3612 3640 4226 4889 5420 5677 5929
2139 134 244 643 650 806 935 973 1510 1552 1817 1867 1912 1924 2117 2204 2244 2260 2410 3280 3390 3486 4007 4295 4560 4742 5039 5174 5230 5342 5522 5684 5852 5912 5923
2140 73 134 827 1259 1946 1993 2303 2320 2420 2508 2622 2673 3022 3192 3573 3672 4114 4144 4284 4317 4808 4978 4981 5270 5686 5748 5854
2141 65 242 345 643 801 1761 1851 2042 2099 2157 2420 2542 2984 3059 3148 3541 3555 3672 3680 3988 3999 4072 4079 4249 4266 4520 4673 4725 5113 5283 5359 5386 5456 5531 5862
2142 387 674 901 949 951 1122 1197 2165 2377 2657 2818 3234 3292 3430 3521 3795 3818 4064 4159 4949 5281 5521 5907 5945
2143 22 145 251 560 624 674 770 976 1171 1326 1997 2011 2117 2125 2592 2682 2887 3319 3495 3557 3601 4107 4125 4268 4385 4569 4621 4757 5147 5677
2144 137 302 399 692 784 1085 1160 1252 1362 1415 1793 1804 1960 2028 2222 2239 2527 2746 2834 2962 3037 3467 3569 3587 4204 4263 4400 4526 4989 5028 5051 5059 5569 5683 5699
2145 117 395 474 918 1286 1299 1345 1605 1642 1803 1886 2037 2062 2471 2827 2865 3213 3621 3696 3717 3824 3931 4048 4087 4131 4468 4779 5252 5331 5393 5516 5662
2146 38 293 377 399 453 488 489 514 521 629 699 732 986 1129 1447 1748 1995 2478 2551 3178 3255 3272 4138 4157 4183 4405 4915 4946 5314 5429 5554 5566 5583 5638 5705 5735
2147 0 12 409 586 687 895 1316 1335 1400 2124 2350 2676 2697 2871 3118 3431 3551 3605 3724 3731 3928 4266 4637 4957 5625
2148 106 164 299 612 827 1347 1413 1630 2815 2975 3091 3521 3606 3608 4031 4136 4148 4309 4333 5315 5384 5444 5739 5928 5933
2149 43 203 427 1350 1522 1880 2104 2212 2859 2894 3182 3206 3330 3491 3715 3990 4493 4606 4873 5281 5303 5506 5532 5853 5976
2150 162 290 305 405 419 576 687 950 1284 1423 1434 1515 1721 1912 2307 2504 2773 2803 2856 3465 3832 4138 4220 4329 4678 4878 5452 5492 5893 5967
2151 560 678 769 882 1091 1124 1472 1751 1768 2064 2446 2471 2635 2829 2916 3354 3928 4011 4415 4416 4482 4880 5020 5022 5049 5174 5204 5226 5230 5425 5462 5618 5621 5836 5892 5979
2152 372 472 713 1054 1555 1841 2218 2266 2403 2421 2459 2834 3006 3198 3244 3380 3547 3790 4003 4031 4035 4182 4487 4523 4630 4673 4905 5316 5317 5360 5517 5724 5810 5972
2153 37 113 164 179 621 881 1776 1792 1915 2218 2432 2564 2874 3195 3220 3331 3372 3606 3743 3796 3946 4003 4140 4425 4468 4986 5013 5253 5265 5633
2154 63 180 312 336 413 451 610 684 764 955 1439 1546 1641 1750 1996 2004 2067 2403 2492 2529 2537 2574 2766 2800 2904 3262 3441 3654 3746 3840 4037 4182 4446 4725 4843 4884 4947 5158 5447 5741
2155 15 98 203 266 491 498 1033 1102 1123 1897 2305 2635 2765 2840 2912 2925 2979 3218 3318 4052 4336 4742 4816 4873 5073 5711 5995
2156 93 536 540 545 1098 1431 1487 1554 1568 1613 1778 1971 2077 2489 2931 2975 2988 3046 3129 3296 3962 4366 4371 4432 4541 4569 4667 4856 4933 4940 5138 5608 5726 5995
2157 106 420 561 562 611 658 687 969 1048 1308 1393 1720 1972 2141 2247 2259 2278 2526 2555 3700 3811 3872 3985 3996 4121 4436 5104 5571 5661 5710 5897 5998
2158 452 904 990 1278 1575 2557 2617 2786 3031 3163 3466 4951 5368 5439 5625
2159 339 695 710 756 1025 1282 1581 1870 1997 2063 2488 2936 3195 3666 3873 3944 4089 4297 4502 4837 4997 5132 5139 5725 5827 5840 5964
2160 265 367 892 1141 1147 2354 2821 2931 3325 3667 3767 3805 3838 3897 4259 4305 4388 4413 4501 4695 5205 5253 5760 5902
2161 657 702 1124 1532 1683 1828 1927 2798 3094 3426 3593 3736 4292 4614 4776 4873 4967 5007 5054 5738
2162 76 96 320 1443 1648 1922 2078 2275 2369 2487 3334 3637 3927 3941 4160 4216 4256 4632 4704 4725 4757 4759 4880 5096 5180 5261 5366 5412 5810 5870 5928
2163 37 56 247 364 506 710 828 985 986 1260 1263 1645 2456 2567 2605 2620 2738 3174 3236 3436 3584 3649 3685 3846 4259 4338 4589 4653 4683 4726 4874 5446 5853 5897 5935
2164 12 350 686 1148 1158 1240 1354 1368 1446 1577 1626 1763 2105 2187 2210 2409 2490 2574 2727 2763 2984 3024 3239 3440 3583 3753 3964 4026 4118 4207 4360 4395 4427 4560 4584 4624 4736 5119 5315 5338 5477 5565 5640 5952
2165 19 145 169 401 488 953 1046 1425 1650 1707 1870 2128 2142 2242 2475 2659 3018 3078 3186 3523 3795 3897 4270 4332 4447 4559 4646 4745 4755 4782 5356 5467 5930 5939
2166 89 99 153 217 1599 2191 2292 2356 2374 2470 2703 2834 3317 3450 3502 3600 3762 4329 4386 4508 4606 5041 5273 5389 5457 5496 5502 5516 5624 5751 5948
2167 1 356 438 449 513 1052 1057 1149 1265 1406 1419 1658 1679 2021 2080 2353 2802 3215 3358 3438 3632 3652 3869 4052 4062 4141 4544 4565 4623 4681 4807 4829 5447 5565 5731
2168 15 46 107 132 835 836 970 982 1065 1100 1139 1385 1623 1861 1980 2060 2388 2544 2849 2903 3170 3329 3684 4413 4440 4806 4851 5039 5287 5380 5390 5659 5885 5904
2169 276 388 458 496 633 1025 1471 1611 1626 1628 1921 2435 2688 2989 2992 3368 3384 3472 3622 4250 4396 4530 4655 4947 4982
2170 474 586 1047 1196 1322 1401 1595 1773 2258 2314 2742 2871 3326 3348 3376 3389 3575 3711 4184 4527 4530 4700 4869 5086 5306 5872 5893
2171 346 388 426 693 787 1140 1248 1452 1597 1695 2521 2537 3087 3343 3379 3504 3833 3986 4084 4209 4352 4397 4414 4433 4634 5076 5530 5546 5672 5694 5925
2172 118 182 212 219 322 343 606 664 718 1239 1253 1516 1674 1923 2020 2238 2319 2458 2832 2833 2866 3096 3221 3255 3345 3424 3762 3792 3890 4358 4684 5189 5211 5278 5358 5819
2173 497 574 659 1211 1214 1322 1405 1476 1494 1720 2057 2101 2483 2612 2633 2751 3163 3501 3665 3684 3813 3885 4155 4238 4296 4486 4569 4580 4785 5023 5041 5134 5307 5472 5637 5844
2174 23 529 631 669 897 1748 2560 2607 2613 2759 2903 2960 3073 3074 3758 3920 3932 3945 4064 4113 4127 4396 4470 4496 4591 4604 4769 5080 5186 5820
2175 142 359 482 729 838 1130 1351 1391 1577 1697 1774 2007 2050 2436 2614 2650 2977 3345 3561 3623 3728 3881 3954 5052 5206 5236 5507 5677 5686 5742
2176 108 214 258 410 509 1105 1117 1185 1415 1426 1674 1691 1941 2187 2410 2505 2563 2768 2799 2881 2931 3262 3309 3643 3833 3897 3965 4012 4093 4273 4385 4415 4508 4723 5067 5245 5598 5765
2177 74 119 464 655 697 1012 1114 1221 1487 2294 2368 3050 3179 3365 3497 3777 4018 4039 4545 4584 4745 4814 5098 5104 5349 5536 5901 5913
2178 282 421 802 1712 1758 1847 2107 2498 2791 2858 2869 3267 3530 4065 4514 5017 5613 5690 5869
2179 210 303 542 689 1050 1070 1263 1266 1432 1582 1651 1676 1793 2228 2400 2667 3030 3234 3279 3382 3720 4070 4252 4905 5062 5381 5500 5677 5840 5985
2180 132 423 542 572 815 862 1152 1166 1299 1348 1436 1744 1775 1921 2668 2816 3085 3596 3653 4200 4338 5012 5425 5872 5956
2181 95 207 320 500 708 891 1097 1131 1291 1313 1389 1411 1550 1649 1743 1776 1816 1845 2264 2330 2696 3300 3366 3601 3855 3886 4070 4090 4190 4203 4601 4663 4683 4711 4808 4875 4930 4963 5009 5097 5216 5434 5920
2182 104 459 570 802 813 883 1088 1461 2471 2790 3040 3172 3778 4245 4271 4438 4466 4577 5343 5437 5610 5717 5767 5801 5856 5889
2183 517 658 729 961 1481 1509 1586 1601 1907 2244 2267 2561 2630 2745 2966 3381 3496 3626 3942 4083 4094 4149 4266 5242 5248 5374 5926
2184 194 370 537 1373 1447 1541 1954 2364 2772 2860 3188 3295 3364 3391 3909 4203 4953 4960 5077 5714 5882
2185 174 215 405 537 729 863 955 1217 1411 1434 1662 1968 2024 2042 2055 2427 2609 2835 3091 3657 4145 4737 4750 5102 5174 5298 5314 5483 5550 5580 5620 5675 5744 5936
2186 101 117 320 486 567 798 880 897 1004 1104 1144 1483 1818 1925 2089 2813 2929 2931 3081 3982 3989 4231 4283 4487 4561 4803 5356 5426 5594
2187 363 1194 1455 2164 2176 2524 2839 2862 3048 3065 3311 3514 3568 3775 3857 3925 4027 4033 4076 4108 4483 4684 4764 4963 5193 5384
2188 510 536 670 879 938 1056 1102 1221 1244 1448 1721 2362 3340 3449 3473 4456 4699 4964 5179 5262 5296 5590 5958
2189 20 44 151 285 434 799 900 1060 1145 1607 1775 1858 1913 2479 2518 2566 2739 2939 2991 3255 3628 3973 4266 4419 4553 4556 4604 4620 4876 5102 5256 5288 5989
2190 146 313 735 849 1031 1165 1909 1939 1963 2378 2520 2850 2896 3283 3388 3449 3502 3677 3799 3913 4134 4197 4363 4407 4526 4602 4724 4769 4920 5188 5193 5259 5451
2191 124 343 418 593 821 1244 1349 1489 1516 1956 2166 2201 2296 2324 2336 2786 3305 3970 4057 4237 4429 4688 4786 5289 5515 5704 5723
2192 409 447 1647 1789 1791 1821 1966 1985 2128 2342 2639 2693 2731 2778 2832 2989 3096 3184 3305 3464 3533 3628 3787 3911 4330 4333 4883 5019 5049 5104 5261 5368 5607 5882 5890
2193 82 447 733 853 1295 1397 1418 1518 1971 2304 2920 3045 3338 3646 3756 4808 4914 4940 5198 5492 5549 5666 5981
2194 133 440 486 737 1072 1279 2239 2490 2513 2981 3130 3170 3210 3337 3470 3485 3525 3652 3691 4000 4051 4182 4228 4254 4292 4424 4467 4515 4545 4578 4584 4848 5159 5229 5240 5541 5745 5829 5870
2195 148 181 195 539 641 643 881 956 1057 1352 1633 1771 2021 2111 2364 2526 2616 3242 3442 3458 4156 4384 4614 4634 4711 5080 5084 5358 5636 5853 5944
2196 79 358 361 479 835 1162 1172 1575 1777 1907 1988 2312 2862 2912 2970 3380 3503 3760 3967 4255 5057 5247 5824
2197 412 414 508 561 755 924 1044 1492 1564 2759 2953 2999 3104 3110 3383 3465 3567 3980 4143 4502 4539 4903 5027 5140 5288 5383 5415 5475 5619 5664
2198 300 325 626 926 1334 1753 1816 2221 2261 2519 2611 2773 3067 3419 3707 4023 4061 4537 4964 5463
2199 192 865 880 1490 1689 1759 1853 1983 2082 2125 2471 2587 2726 2772 2821 2951 3229 3473 3627 3644 3908 4180 4190 4627 5148 5225 5390 5569 5603
2200 10 140 265 849 852 1202 1411 1843 2025 2038 2463 2665 2997 3951 4364 4367 4513 5306 5400 5466 5473 5758 5768
2201 384 410 938 2191 2412 2736 3229 3664 4100 4974 5674 5827 5849 5853 5882
2202 421 973 1263 1649 1659 1774 2282 2295 2978 3076 3680 3735 3893 4001 4220 4264 4304 5169 5190 5313 5330 5391 5429
2203 103 174 175 199 317 422 478 1214 1560 1623 1689 1700 1806 1906 2028 2237 2526 2599 2609 2707 2816 3099 3824 3915 3924 4218 4406 4433 4465 4502 4602 4634 5089 5556 5747 5761
2204 56 502 518 843 1108 1160 1434 1724 2086 2139 2335 2530 2796 3568 3662 3863 4038 4075 4134 4162 4509 5148 5223 5788
2205 875 888 1067 1119 1149 1345 1357 1479 1581 1661 1952 2033 2311 2336 2359 2538 2711 2878 3404 3465 3501 3624 3804 3886 4117 4227 4338 4447 4774 4882 4968 5566 5923
2206 107 272 520 761 844 871 964 1083 1284 1680 1848 2016 2254 2334 2536 2725 2961 3041 3665 3675 3696 3715 3939 5270 5329 5341 5354 5461
2207 99 381 731 902 1661 1695 1847 2117 2470 2529 2978 3274 3338 3377 3704 3712 3765 4063 4366 4385 5419 5626 5638 5807 5811 5952
2208 98 123 155 312 485 575 1355 1365 1711 1969 2353 2413 3330 3501 3611 3794 3995 4080 4611 4814 4910 5018 5319 5340 5615
2209 88 91 141 209 312 425 444 630 743 1148 1325 1345 1529 1594 1755 2321 2752 3227 3384 3495 3604 3615 3714 3795 4084 4276 4700 4896 4980 4993 5130 5272 5290 5596 5735 5787 5839
2210 25 192 616 929 1058 1321 1412 1491 1631 1921 2164 2311 2387 2475 2608 2831 3072 3262 3378 3490 3515 3704 3851 4085 4126 4230 4310 4342 4749 4975 5096 5213 5744
2211 291 407 494 739 959 972 1106 1331 1471 1554 1620 1718 1924 2008 2259 2465 2564 2682 2900 3223 3422 3444 3855 3978 4044 4162 4243 4457 5054 5142 5256 5281 5500 5834 5985
2212 82 149 254 694 907 1030 1195 1438 1713 2019 2149 3101 3494 3573 3615 3628 3747 4235 4393 4717 4791 4884 4913 5201 5571 5867 5969 5978
2213 609 1033 1362 1374 2218 2267 2285 2694 2701 3077 3206 3286 3340 3345 3659 3916 4116 4622 4685 4930 5764 5779 5869
2214 38 375 527 1403 1723 2217 2422 2623 2641 3050 3238 3334 3367 3559 3679 3688 3900 3975 4084 4575 4589 4621 4746 4868 4994 5349 5364 5432 5760 5841 5925 5947
2215 116 134 371 1401 1827 1900 2091 2377 2457 2770 2793 3006 3167 3498 3644 3798 4173 4279 4284 4355 4462 4484 4506 4754 4979
2216 197 304 390 393 409 425 545 774 816 1264 1334 1779 1868 1914 2581 2727 2844 3142 3203 3208 3436 3596 3859 4098 4197 4363 4566 4732 4896 4933 5193 5222 5603 5607 5822 5965
2217 162 284 411 423 469 568 880 939 1003 1076 1120 1463 1532 1738 1796 2068 2214 2453 2810 3213 3233 3285 3432 3460 3793 3838 4007 4245 4657 5004 5085 5133 5409 5633 5833 5974
2218 137 175 239 252 331 424 590 633 965 1071 1252 1536 1546 1823 2152 2153 2213 2681 2756 2768 2835 2907 3136 3549 3561 3837 4059 4063 4134 4244 4297 4598 4631 5022 5348 5701 5732 5951
2219 391 528 550 590 694 884 1236 1332 1409 1674 1731 1887 2389 2561 2802 3003 3475 3681 3776 3802 3886 4621 4767 4792 5052 5374 5486 5802 5852 5870
2220 341 480 703 1006 1271 1296 1546 1971 2007 2024 2390 2436 2663 2722 2841 2945 3331 4039 4053 4732 4745 4764 5094 5145 5822 5948
2221 249 488 896 986 1039 1063 1181 1406 1616 1865 1884 1890 2046 2198 2480 2840 3202 3410 3954 3984 4303 4305 4311 4372 4376 4627 4795 4798 4873 4882 5440 5614 5839 5918
2222 45 127 300 331 431 449 468 559 625 835 1042 1657 1907 1983 2103 2144 2423 2476 2743 2918 2987 3020 3081 3411 3469 3839 3990 4001 4029 4045 4159 4917 4981 5606 5789 5959 5995
2223 19 50 67 307 342 705 990 1135 1568 2049 2092 2265 2503 2669 2837 3423 3754 4185 4481 4633 4700 5245 5304 5322 5557 5784 5869 5889 5962
2224 186 454 745 788 994 1500 1682 2319 2427 2575 3439 3504 4016 4347 4393 4445 4566 4574 4585 4634 4805 5006 5086 5108 5200 5650 5738
2225 75 728 800 842 873 878 923 1031 1449 1625 1699 1856 1945 2086 2347 2375 2846 2954 3036 3069 3085 3125 3157 3373 3379 4036 4066 4067 4077 4481 4541 4845 5261 5534 5669 5727 5795
2226 41 76 85 153 562 564 696 704 865 913 947 1713 1736 1845 2136 2262 2305 2595 2928 3015 3437 3695 3752 3813 3972 4171 4225 4278 4300 4409 4449 4460 4671 4712 4914 4972 5045 5115 5145 5221 5470 5599 5710 5716 5754 5955
2227 448 1079 1089 1263 1337 1477 1658 1917 2063 2310 2438 2619 2818 3470 3702 3900 4034 4411 4591 4904 5669 5677
2228 282 293 501 591 1197 1199 1266 1402 1518 1859 2036 2179 2235 2243 2278 2330 2355 2483 2512 2533 2647 2873 2954 3273 3378 3469 3637 3980 3988 4105 4624 4782 4910 5200 5558 5711 5975
2229 70 464 539 954 1229 1279 1325 1616 1947 2029 2624 2922 3471 3485 3518 3717 4240 4270 4519 4549 4623 4721 5511 5528 5542 5739
2230 10 71 377 711 716 1900 2062 2088 2575 2635 2758 2811 2884 3011 3238 3357 3448 3658 3740 3819 3908 4065 4248 4315 4585 4604 4674 4680 5267 5402 5803 5822 5920
2231 5 95 228 287 477 549 917 1223 1362 1498 1546 1798 1962 2045 2265 2528 3226 3236 3812 4029 4340 4497 4954 5161 5250 5398 5455 5759
2232 581 731 823 944 972 1000 1274 1307 1421 1564 2013 2028 2500 2605 2901 3151 3363 3795 4073 4671 4768 5090 5889
2233 407 490 1027 1460 1464 1550 1577 1583 1595 1831 1851 2077 2771 2833 3218 3440 3543 3597 3661 4048 4281 5343 5744 5760
2234 4 57 174 767 1191 1230 1653 2336 2522 2690 2801 2810 3621 3750 4355 4502 4614 4642 4662 5044 5111
2235 290 546 658 1136 1569 1803 2008 2228 2457 2500 2508 3273 3371 3617 3843 4055 4068 4139 4310 4866 4887 5072 5261 5395 5419 5486 5729 5749
2236 107 233 373 404 828 835 857 867 935 1253 1388 1574 2061 2277 2457 2517 2559 2908 3131 3177 4108 4184 4213 4323 4380 4417 4429 4581 4823 4945 5147 5260 5271 5442 5548 5581 5670 5692 5815 5864
2237 92 111 547 778 881 1031 1045 1219 1497 1587 1685 1794 2203 2276 3125 3219 3990 4037 4148 4155 4389 4820 5468
2238 18 169 183 363 439 710 817 849 941 1018 1022 1202 1260 1370 1873 1884 1978 2172 2372 2617 3287 3429 3649 3674 3687 3971 3974 3997 4096 4137 4191 4410 4735 5304 5318 5360
2239 684 986 1178 1358 1460 1561 1603 1893 2144 2194 2253 2365 2421 2545 2623 2925 3026 3250 3410 3961 3977 4215 4540 4609 4611 4762 4771 5390 5778
2240 40 240 282 773 854 911 1049 1204 1517 1520 1554 1925 1959 2298 2754 3090 3137 3214 3249 3580 4655 4724 4927 5262 5314 5456 5615 5772 5808 5884
2241 122 513 597 720 1546 1608 1628 1780 2294 2297 2411 2418 2652 3031 3134 3222 3301 3345 3646 3678 4132 4403 4450 4492 4590 4657 5250 5615 5617 5622 5906 5933
2242 11 356 452 518 590 817 891 1232 1428 1456 1798 2104 2116 2165 2326 2433 2633 2680 2990 3081 3130 3921 4115 4174 4274 4407 4520 4656 4903 5097 5754
2243 72 134 631 825 950 1023 1226 1254 1276 1851 1935 2015 2228 2289 2584 2844 3083 3463 3632 3792 3982 4365 4433 4710 4781 4805 5418
2244 10 110 583 839 923 2139 2183 2457 2952 2999 3015 3087 3307 3460 3548 3566 3699 3825 4172 4378 5538 5570 5588 5733 5968
2245 30 207 602 609 819 1679 1680 1799 2131 2401 2456 2992 3427 3650 3994 4103 4121 4351 4398 4882 5049 5861 5892 5965 5970
2246 149 414 491 621 692 734 814 1586 1744 1852 2316 2426 2501 3226 3242 3638 3801 4068 4202 4350 4377 4741 4760 4985 5203 5323 5674 5942
2247 313 337 740 1078 1289 1393 1407 1523 1918 2157 2538 2688 2706 3791 4048 4466 4828 4951 4961 5013 5039 5633 5975
2248 162 235 545 710 746 790 903 1184 1198 1355 1370 1373 1904 2597 2758 3071 3085 3097 3110 3711 3927 4006 4676 4865 4870 5035 5287 5595 5608 5960 5976 5987
2249 16 306 387 503 584 621 851 868 1095 1179 1383 1668 1712 2024 2370 2584 2617 2857 3011 3077 3565 3584 3995 4169 4372 4394 4418 4427 4559 4607 4660 4741 4792 4810 4970 5516 5605 5659 5884 5950 5960
2250 200 715 2458 2674 3006 3054 3125 3136 3147 3818 4059 4167 4296 4379 4494 4586 4672 5052 5363 5476 5525 5563 5701 5709
2251 48 82 277 487 762 865 947 1117 1212 1402 1979 2068 2278 2783 3092 3110 3276 3335 3367 3634 3685 3766 3815 4092 4361 4395 4482 4590 5716 5845
2252 32 45 73 330 337 584 676 762 771 1049 1130 1677 1762 1863 2575 2622 2652 2676 2730 2805 2905 3441 3889 4081 4152 5313 5575 5850 5938
2253 223 438 452 1200 1263 1612 1627 1682 1806 2239 2624 3093 3222 3287 3288 3603 3616 4191 4297 4446 4524 4779 4981 5163 5373 5620 5747 5965 5999
2254 28 81 113 277 660 1149 1706 1963 1998 2020 2045 2206 2706 2793 2910 2950 3063 3120 3221 3329 3381 4483 4754 4879 5606 5781 5871 5902 5979 5995
2255 59 431 509 987 1033 1644 1911 2644 2656 2836 3281 3604 3642 3724 4441 4955 5056 5197 5389 5433 5486 5774 5803
2256 361 499 951 984 1184 1227 1262 1317 1377 1463 1526 1748 2589 2715 2798 3471 3472 3827 3834 4132 4221 4403 4496 4657 4668 4911 4956 5126 5209 5259 5399 5671 5776 5951
2257 25 371 559 956 1033 1150 1471 1938 2044 2305 2364 2600 3108 3370 3546 4022 4650 5049 5091 5161 5860 5894
2258 76 154 380 386 461 759 986 1141 1243 1260 1282 1450 1469 1880 1964 2170 2315 2625 3248 3302 3898 4002 4059 4536 4550 4908 5111 5323 5527 5569 5641 5728 5964
2259 181 507 763 919 1018 1041 1125 1178 1210 1605 2157 2211 2481 2568 2704 2955 3292 3527 4446 4724 4974 5110 5426 5543 5553 5717 5735
2260 58 93 438 604 772 936 952 960 1093 1281 1303 1655 1675 1685 1988 2011 2139 2296 2536 2613 2964 3116 3643 3756 3799 3917 3966 4082 4283 4716 5040 5359 5382 5669 5919 5943
2261 109 196 210 244 559 661 676 702 716 839 1325 1425 1449 1461 1640 2097 2198 2273 2485 2767 3247 3780 3953 4237 4566 4840 5082 5228 5260 5332 5498 5771 5882
2262 78 107 244 517 670 696 1055 1304 1355 2104 2226 2367 2698 2874 2909 3210 3234 3422 3590 3669 3738 4443 4746 4856 5144 5853 5859 5975
2263 247 337 438 541 697 1170 1363 1682 1734 1889 2397 2432 2891 2969 3193 3361 3547 3561 3675 3713 4240 4549 4688 4779 4781 4806 4833 4837 4877 4974 5050 5084 5517 5521 5543 5648 5739
2264 215 412 1406 1573 1713 1725 1781 1811 1926 2117 2181 2476 2546 2662 2905 3007 3075 3108 3346 3649 3761 4237 4570 4613 4774 4831 5122 5225 5704 5805
2265 382 414 481 562 567 574 850 1074 1184 1281 1429 1586 1680 1785 1997 2042 2223 2231 2326 2479 3022 3161 3218 3246 3395 3469 3754 3932 4326 4445 4626 4634 4715 4848 4918 5004 5184 5502 5508 5960 5975
2266 90 1183 1217 1386 1482 1999 2006 2152 2299 2527 3445 3507 3773 3970 4283 4947 5048 5313 5515 5573 5766 5904
2267 273 275 329 421 535 546 778 1036 1230 1328 1398 2093 2183 2213 2371 2607 2678 2724 3369 3551 3678 4218 4406 4653 5083 5189 5219 5404 5620 5668 5727
2268 129 233 451 679 1098 1292 1394 1691 1846 1894 2028 2299 2851 2966 2980 3993 4078 4354 4762 5328 5371 5576
2269 44 332 450 477 608 1110 1375 2586 3017 3049 3460 3464 3518 3626 3995 4234 4372 4436 4596 4651 4934 5004 5016 5182 5532
2270 10 141 471 693 849 1225 1226 1289 1841 1987 2355 2373 2619 2834 3193 3350 3496 3730 3785 4030 4133 4311 4373 4397 4552 4952 5312 5596 5785 5842 5956
2271 59 153 161 388 467 591 726 833 961 1000 1191 2323 2558 2803 2940 3364 3695 4015 5468 5744 5823
2272 34 324 436 604 819 835 850 862 1438 1805 2599 2726 2869 3240 3507 3801 4005 4170 4214 4276 4356 4363 4412 4422 4657 5215 5401 5809 5843
2273 98 164 206 397 551 993 1374 1424 1504 1642 1928 2261 2301 2422 2712 2968 3031 3258 3285 3890 3937 4120 4311 4765 4865 5013 5047 5138 5202 5450 5616 5764
2274 23 209 576 882 1194 1388 1754 2526 2781 3769 4084 4466 4472 4949 5141 5166 5347 5829
2275 424 435 438 565 781 1076 1115 1435 1588 1807 1907 1946 2162 2333 2607 2938 3388 3964 4714 5224 5569 5659
2276 150 232 257 299 761 783 1350 1436 1518 1607 1643 1805 2108 2237 2305 2444 2492 2535 2710 2882 3205 3706 3985 4475 4568 4962 5007 5109 5176 5265 5644 5844
2277 336 337 551 612 679 766 837 930 963 1088 1190 1246 1254 1612 1626 1703 1785 2236 2428 2523 3185 3191 3278 3495 3722 4042 4055 4446 4566 4570 4632 4887 4995 5086 5127 5225 5731 5914 5949
2278 90 195 208 362 433 673 1028 1168 1280 1391 1603 1737 1776 1814 2157 2228 2251 2280 2301 2342 2884 3008 3021 3153 3254 3281 3375 3781 3860 4049 4215 4303 4450 4584 4762 4782 4906 5065 5218 5479 5607 5611 5612 5651 5734 5741 5940 5999
2279 272 741 1235 1304 1459 1659 1763 1839 1967 2043 2065 2280 2367 2970 2998 2999 3168 4318 5392
2280 9 476 716 939 1175 1272 1346 2026 2278 2279 2549 2563 2983 3080 3318 3466 3593 3725 3728 4617 4853 5503 5738 5891 5937
2281 3 38 67 575 790 872 933 1617 2379 2645 2775 2880 2963 3033 3231 3266 3325 3423 3577 3696 3865 3877 4378 4500 4939 5117 5170 5428 5701
2282 148 222 226 501 642 1441 1888 1954 2078 2202 2297 2500 2609 2848 2998 3300 3421 3605 3941 4071 4799 4823 4945 5337 5598 5622 5823 5928
2283 504 1184 1228 1702 1767 1968 2084 2346 2422 2452 2652 2673 2738 2779 2784 2983 3139 3959 4077 4135 4196 4377 4417 4501 5062 5309 5419 5742
2284 241 244 855 1021 1115 1118 1279 1636 2119 2521 2575 2578 2666 2691 2750 2824 3004 3046 3865 4294 4441 4491 4554 4585 4710 4814 4881 4945 5077 5089 5116 5292 5324 5353 5502 5529 5609
2285 123 361 795 916 1267 1445 1672 1736 1742 1980 1983 2035 2085 2213 2720 2829 2908 2937 3026 3285 3432 3583 3620 3643 4395 4464 4623 4838 4893 5127
2286 85 365 626 667 717 1172 1448 1744 1991 2423 2590 2735 2762 2771 3067 3185 3236 3705 3736 3762 3873 3979 4256 4399 4572 4875 5436 5458 5519
2287 30 229 290 534 717 780 926 1125 1261 1304 1388 1699 2008 2042 2553 2704 2723 2820 3057 3136 3171 3192 3301 3687 4161 4309 4347 4401 4581 4951 4952 5308 5804
2288 97 214 368 621 903 1855 1863 2328 2489 2644 2648 3048 3207 3454 3722 4189 4201 4258 4544 4581 5094 5371 5651 5793 5920
2289 35 425 901 904 913 1300 1355 1454 1648 2117 2243 2454 3399 3466 3585 3923 4448 4477 4479 4816 4920 4934 5169 5620 5994
2290 142 733 744 754 899 1027 1351 1399 1512 1624 1877 1882 1997 2346 2615 2837 3334 3378 3879 4407 4638 4963 5245 5888 5958
2291 19 71 82 89 468 1017 1092 1094 1190 1279 1756 1854 1867 2016 2073 2540 2795 3008 3147 3581 3617 3951 4258 4289 4339 4462 4737 5294 5372 5783
2292 149 199 376 382 419 616 646 859 1557 1595 1640 1891 1924 2052 2166 2369 2498 2546 2603 2724 2780 2839 2975 3087 3116 3169 3192 3351 3470 3727 3775 4099 4114 4180 4239 4261 5245 5284 5287 5415 5558 5589 5921
2293 118 164 600 713 1134 1156 1441 1552 1593 1686 1883 1904 1924 2437 2522 2628 2633 2680 2787 2979 3024 3052 3267 3319 3385 3968 4194 4312 4477 4571 4631 4806 4818 5015 5045 5220 5303 5619 5738 5897
2294 217 478 596 873 1120 1381 1488 1752 1835 2049 2091 2177 2241 2481 2957 3012 3393 3451 3794 3841 3985 4168 4382 5068 5359
2295 2 23 71 196 251 405 406 453 458 535 555 625 733 799 952 1043 1093 1204 1317 1382 1510 1594 1926 2202 2313 2976 3275 3583 3598 3762 3763 3850 3976 4009 4128 4237 4483 4622 4626 4769 5269 5461 5618 5800 5880
2296 12 557 688 689 1142 1352 1496 1814 2191 2260 3023 3298 3375 3376 3791 3936 4077 4205 4258 4298 4327 4751 4761 4874 5050 5202 5451
2297 600 618 740 788 798 979 1420 1439 1547 1588 1669 1782 1860 1965 2132 2241 2282 2303 2541 2607 2609 2813 2904 3071 3298 3301 3366 3458 3506 3510 3664 3718 3906 3939 3964 4254 4418 4701 4724 5305 5463 5549 5823 5973
2298 3 349 456 687 833 874 1237 1598 1744 2240 2828 3502 3705 3771 3875 4107 4257 4305 4457 5396 5635 5748 5954
2299 96 150 440 580 1101 1142 1269 1509 1894 2076 2266 2268 2488 2612 2819 2821 2920 3076 3277 3281 3845 4453 4512 4576 5397 5467
2300 69 255 261 331 382 406 519 1278 1317 2412 2462 2870 2889 3366 3573 3931 3940 4150 4216 4485 4527 4853 4887 4905 4943 4953 4966 5971
2301 75 251 408 498 810 1195 1835 1914 2018 2273 2278 2445 2622 2683 3010 3201 3261 3489 3644 3848 4032 4054 4174 4190 4912 4970 5128 5711 5791 5981
2302 15 18 61 121 300 381 439 520 1636 1964 2458 2567 2651 2656 2722 2729 2779 2871 2981 3109 3240 3310 3581 3609 3722 3990 4021 4517 4933 5010 5143 5203 5236 5481 5896
2303 237 377 800 865 1146 1350 1685 2140 2297 2409 2419 2438 2514 2939 2984 3197 3459 4291 4680 4853 5046 5407 5742 5839 5989
2304 203 257 540 775 958 1002 1645 2083 2193 2332 2812 3136 3174 3295 3625 3646 3811 4088 4596 4666 4768 4783 4876 4952 5205 5238 5933
2305 35 149 182 183 291 534 760 857 999 1177 1330 1473 1483 1537 1610 1738 1771 1846 2116 2155 2226 2257 2276 2394 2567 2922 3057 3123 3288 3556 3630 3935 4133 4144 4368 4462 4464 4645 5181 5800
2306 147 819 948 1293 1448 1725 1730 2565 2826 2927 2941 3028 3660 4151 5232 5416 5495 5509 5820 5829 5882 5989
2307 91 257 305 636 667 863 966 1383 1689 2095 2150 2600 2671 2819 2888 2912 2927 3359 3400 3566 3764 3798 3822 3896 4153 4267 4354 4373 4495 5227 5468 5510 5522 5744 5909
2308 212 349 353 369 397 446 538 544 727 836 1434 1671 1777 1785 1956 1957 1970 2075 2505 2874 2925 3352 3424 3455 3611 3877 4230 4274 4576 4612 4742 4823 4906 4983 4991 5247 5550 5836 5982
2309 203 227 378 672 690 739 1114 1168 1938 1966 2031 2577 2870 3472 3496 4059 4880 5152 5596 5605 5636 5883 5953
2310 24 675 1062 1345 1388 1390 1864 2227 2538 2568 2952 3324 3579 3610 3894 4088 4231 4250 4266 4276 4402 4482 4575 4770 4862 5091 5541 5595 5752
2311 14 226 564 914 925 1137 1318 1604 1956 2031 2057 2129 2130 2205 2210 2314 2370 2391 2783 3271 3507 3548 3935 4179 4523 4904 4957 5155 5432 5539 5602 5791 5956
2312 107 440 756 823 1226 1672 2196 2961 2986 3222 3306 3349 3398 3577 3636 3761 4051 4144 4301 4356 4711 4814 5152 5234
2313 36 255 299 435 515 634 808 1149 1397 1533 1568 1693 2109 2295 2406 2541 2647 2657 2743 2802 2834 3256 3500 3587 3642 3664 3839 3882 4175 4280 5146 5215 5441 5909
2314 147 255 666 867 903 1017 1251 1273 1416 1465 1528 1560 1616 1673 1806 1995 2170 2311 2321 2953 3144 3190 3227 3315 3630 3730 4025 4620 4721 4845 4868 5432
2315 571 981 1254 1696 1900 1962 2063 2258 2601 2633 2747 2992 3002 3152 3240 3730 3817 4230 4422 4435 4491 4726 4743 4851 5166 5318 5397 5500 5703
2316 206 230 304 376 767 905 1905 1913 1947 2246 2659 2743 2982 3197 3362 3452 3579 3742 3787 3929 3981 4214 4477 4818 4840 5163 5300 5378 5514 5666 5790 5823 5855
2317 278 414 773 947 1024 1064 1306 1564 1910 1947 2489 2671 2917 2950 3886 4486 4869 4926 5040 5043 5068 5127 5203 5422 5590 5597 5728 5764 5900
2318 50 185 348 665 744 879 922 1981 2700 2795 2820 2930 2932 3124 3125 3215 3381 3433 3810 3840 4025 4162 4259 4375 4399 4459 4628 4924 5083 5290 5442 5950
2319 695 836 1184 1292 1622 2097 2130 2172 2224 2380 2390 2431 2667 2679 2722 3064 3106 3121 3284 3352 3426 3653 4430 4629 4861 5119 5140 5208 5209 5280 5318 5736 5792 5840 5899 5914
2320 166 202 988 1016 1271 1625 1655 1778 1865 2140 2371 2393 2531 2706 2872 2927 3247 3522 3613 3888 3995 4712 4743 4874 5056 5314 5568 5604
2321 421 916 1065 1138 1255 1825 1934 2209 2314 2653 2818 3154 3553 3885 3941 3970 4057 4166 4393 4833 4974 5018
2322 495 505 900 901 1148 1387 1722 1908 2000 2422 2686 3528 4018 4029 4093 4217 4337 4374 4680 4846 5039 5081 5334 5440 5584 5707 5841 5909
2323 447 450 573 659 716 1036 1157 1222 1288 1312 1470 1862 1915 2271 2372 3528 4244 4941 5137 5214 5617 5627 5724 5800
2324 295 439 638 736 909 948 1161 1336 1442 1504 1674 1908 2191 2497 2533 2796 2848 2862 3288 3343 3358 3418 3530 3564 3637 3740 3884 3930 4122 4128 5646 5668 5709
2325 13 266 416 425 685 1138 1189 1315 1779 2054 2608 2742 2767 2913 3007 3157 4036 4308 4563 4641 4689 4785 4935 5138 5203 5326 5704 5736 5824
2326 142 352 536 621 829 1001 1300 1499 1973 2112 2242 2265 2444 3256 3421 3470 3839 3874 4009 4035 4539 4565 5009 5077 5644 5736
2327 46 103 154 217 326 680 748 865 972 1174 1449 2027 2368 2474 2712 3008 3123 3145 3677 3730 3791 4233 4321 4367 4577 4802 4896 5148
2328 276 283 1109 1171 1370 1507 1565 1765 1973 2002 2288 2605 2822 2847 3349 3491 3730 3905 3998 4197 4308 4518 4784 5222 5615 5971 5996
2329 8 205 1143 1160 1228 1279 1659 1919 1948 1994 2048 2866 3043 3235 3457 3672 3731 3758 3977 4112 5212 5213 5264 5329 5800 5958
2330 153 233 544 851 989 1199 1437 1669 1709 1734 1769 1847 2181 2228 2432 2433 2540 3454 3763 3907 3959 3980 4466 4596 4870 4978 5126 5191
2331 379 431 458 706 724 1081 1111 1247 1603 2114 2403 2517 2585 2848 3202 3245 3410 3573 4346 4364 4383 4539 4654 4778 4818 5011 5056 5256 5273 5444
2332 224 314 593 874 881 886 1132 1362 1399 1506 2304 2765 2775 3362 3442 3537 3551 3671 3688 3963 4141 4414 4632 4707 4721 4862 5250 5715 5857 5932 5956
2333 142 204 398 761 817 933 1002 1188 1220 1338 1567 1667 1750 1973 2012 2275 2416 2525 2677 2727 2778 2897 2942 3111 3617 3823 3983 4174 4337 4703 5665 5728 5735
2334 145 729 753 932 1160 1499 1628 1722 1940 2206 2355 2537 2600 2743 2913 3112 3681 3733 3858 4423 4681 4782 4802 4959 5156 5236 5613
2335 196 206 915 953 1151 1343 1363 1541 1671 1714 2012 2204 2363 2384 2561 2595 2872 3015 3040 3109 3129 3232 3800 4082 4128 4448 5258 5371 5381 5395 5565 5847 5897 5979
2336 46 304 430 969 1276 1587 1617 1636 1640 1687 2100 2191 2205 2234 2454 2528 2593 2617 2920 2970 3188 3450 3709 3865 3964 4181 4397 4497 4625 4673 4741 4757 4779 5009 5175 5250 5283 5397 5493 5909
2337 399 1247 1502 2064 2349 2751 3677 4043 4185 4222 4596 4948 5064 5457 5634 5676 5911 5945
2338 284 489 737 743 1262 1357 1431 1625 1648 1761 1883 1908 2106 2659 2707 2827 2902 2939 3110 3122 3205 3302 3639 3704 3787 3805 3834 3964 4102 4815 4819 4986 5072 5307 5312 5433 5469 5640 5743 5993
2339 402 673 766 851 914 1353 1418 1629 1672 1720 1883 1950 2471 2600 2713 3119 3154 3368 3540 3596 3834 3940 4069 4533 4545 4687 4787 4969 5131 5213 5223 5518 5671
2340 3 161 339 409 515 1688 1738 2696 3101 3452 3603 3682 4599 4672 5046 5489 5873
2341 243 778 849 1100 1544 1753 1779 1886 1973 2116 2119 2395 2432 2503 3067 3307 3451 3639 3690 4361 4426 4569 4801 5042 5512 5913 5975
2342 196 237 592 717 858 1310 1842 2192 2278 2517 2559 2607 2789 3252 3298 3420 3424 3952 4081 4125 4156 4190 4754 4863 5336 5745
2343 52 345 485 494 658 961 1114 1295 1303 1898 2111 2372 2536 2567 3660 4086 4213 4273 4367 4689 4899 5087 5111 5229 5239 5628 5730
2344 12 60 275 351 364 561 691 1884 1938 2766 2806 2913 3145 3246 3334 3372 3537 3721 3874 4176 4481 5174 5284 5758 5939
2345 116 337 624 654 1084 1250 1411 2030 2532 2666 3015 3278 4040 4074 4172 4697 4734 4786 4882 5022 5155 5612
2346 80 516 675 716 982 1253 1348 1505 1522 1540 1575 2283 2290 2426 2432 2446 2618 2699 2853 2994 3025 3180 3334 3573 3581 3623 3636 3724 4057 4290 4324 4437 4837 5054 5085 5921 5956
2347 394 433 471 759 942 1286 1342 1575 1655 1739 1817 1849 2089 2124 2225 2413 2634 2708 2960 3057 3121 3273 3706 4137 4294 4540 4567 4667 4748 5013 5404 5869 5946 5954
2348 166 565 601 787 976 1288 1709 2778 2855 3047 3797 4170 4190 4313 4446 4485 4656 4675 4704 4751 4869 4873 5015 5461 5653 5701 5853
2349 280 514 594 796 832 860 1063 1250 1406 1785 1937 1946 1984 2337 2402 2529 2695 2782 3257 3349 3363 3963 3980 4015 4066 4092 4398 4407 4548 4891 4942 4993 5014 5051 5111 5129 5226 5461 5841
2350 211 245 586 641 1011 1183 1360 1460 1842 1892 2028 2106 2147 2856 3148 3184 3211 3840 4202 4289 4398 4511 4714 4855 5028 5407 5597 5615 5894
2351 161 293 630 752 861 1128 1195 1245 1338 1889 1945 2033 2440 2476 2648 2963 3517 3564 3869 3937 4005 4113 4148 4413 4456 4529 4584 4759 4986 4995 5077 5122 5134 5274 5728 5914 5920
2352 349 423 558 933 1344 1551 1693 2735 3159 3180 3439 3535 3730 3855 4313 4729 5148 5366 5558 5920
2353 76 187 246 585 757 1179 1211 1275 2060 2167 2208 2584 2861 2988 3029 3111 3132 3206 3217 3415 3697 3712 4169 4315 4624 4741 5037 5211 5459 5524 5574 5752 5832
2354 459 885 1135 1388 1539 1904 2098 2160 2811 3237 3452 3480 3670 4098 4274 4277 4475 4751 4986 5077 5371 5778 5816
2355 439 621 931 1100 1171 1312 1829 2061 2228 2270 2334 2369 2722 3315 3374 3487 3873 4055 4383 4438 4471 4882 4969 5040 5242 5357 5388 5473 5643 5762 5947
2356 14 117 283 369 1013 1078 1174 1368 1620 2114 2166 2464 2494 2501 2646 2873 2945 3022 3127 3447 3529 3566 3636 3763 4314 4642 4765 5018 5047 5191 5732 5950
2357 145 218 585 635 677 910 1474 1545 1637 1739 1763 1982 2080 2668 2730 2825 3235 3378 3611 3666 3872 3903 3933 4126 4279 4642 4740 4766 5124 5457 5820 5886
2358 2 403 443 690 1379 1513 1990 2100 2442 2520 2718 2919 3264 3315 3719 4177 4241 4389 4609 4935 4962 5238 5388 5468 5493 5664 5824
2359 612 877 911 973 1150 1188 1283 1862 2205 2363 2539 2726 3086 3216 3278 3336 3349 3397 3495 3752 4076 4647 4671 4727 5011 5047 5192 5694
2360 188 256 376 407 424 787 1336 1389 1451 1459 1637 1775 2700 2710 2847 2940 3104 3813 3914 4180 4661 4687 4954 4979 5260 5362 5481 5600 5659 5680
2361 224 310 323 343 588 603 746 952 1454 1529 1694 1809 1947 2663 2837 2844 3065 3732 3821 4372 4426 4931 5080 5272 5330 5382 5536 5858 5945 5976
2362 820 1340 1365 2077 2188 2469 3008 3540 3844 4186 4357 4858 4991 5397 5905 5922 5936
2363 251 549 838 999 1069 1520 1601 1604 2335 2359 2620 3149 3281 3287 3516 3539 3564 3621 3856 3875 3953 4218 4345 4834 4952 5949
2364 6 126 331 436 843 977 1252 1258 1725 1805 1813 1958 2127 2184 2195 2257 2408 2456 2547 3149 3528 3641 4028 4140 4263 4648 4797 5056 5220 5275 5338 5489 5685 5734 5805 5845
2365 585 1145 1229 1563 1604 1772 1945 1947 2108 2239 2676 2766 2874 3032 3349 3540 3764 4093 4195 4260 4283 4485 4586 4657 4719 4992 5025 5044 5156 5439 5511 5993
2366 65 75 85 151 210 300 435 646 805 873 938 1093 1156 1164 1806 2067 2641 2753 2765 2891 2924 3425 3514 4025 4043 4122 4142 4703 4805 5018 5027 5950
2367 151 271 568 674 1128 1203 1614 2037 2046 2262 2279 2487 2741 2806 2888 2995 3297 3525 3648 3764 4240 4750 4810 5236 5843 5864
2368 2 319 430 527 1012 1353 1887 1942 2177 2327 2865 3020 3763 3914 4385 4657 4673 5055 5198 5680 5748 5757 5883 5988
2369 470 489 497 859 1474 1539 2162 2292 2355 2579 2717 2809 2986 3058 3311 3341 3373 3375 3385 3439 3578 3727 3931 3944 3963 4337 4680 4840 4972 5142 5337 5444 5581 5885 5956
2370 108 119 162 1113 1155 1209 1216 1808 1975 2249 2311 2627 2636 2867 2888 3008 3083 4110 4372 4614 4711 4825 4940 5096 5109 5248 5278 5352 5680 5914
2371 151 368 874 1692 1719 1906 2267 2320 2453 2477 2484 2938 3282 3307 3503 4069 4262 4334 4481 4541 4687 4711 4845 5023 5297 5461 5647 5908
2372 3 78 319 380 552 669 831 884 890 925 1270 1325 1521 1720 2238 2323 2343 2779 2868 3010 3398 4033 4052 4335 4653 4705 4798 4839 5032 5097 5318 5597 5677
2373 306 311 435 499 592 887 1026 1033 1248 1645 1778 2270 2473 2933 2938 3224 3285 3658 3838 3906 3951 3963 3986 4402 4791 4981 5045 5141 5332 5607 5642 5878
2374 70 438 567 573 668 842 1014 1371 1518 1532 2166 2444 2493 2648 3771 4011 4269 4340 4341 4358 4515 4629 4630 4642 4792 5673
2375 412 881 932 1294 1703 1890 2117 2225 3065 3105 3312 3539 3970 4320 5113 5148 5251 5460 5553 5620
2376 119 220 237 301 313 515 698 1142 1156 1553 1568 1768 1925 2000 2013 2126 3118 3230 3623 3826 3910 3912 4381 4419 4500 4717 5364 5395 5969
2377 320 565 860 1119 1202 1476 1969 2125 2142 2215 2796 2817 2843 2873 3091 3841 4018 4365 4802 4851 5148 5313 5700 5708 5868 5964
2378 183 775 897 1238 1678 1761 1776 1996 2190 2571 2804 2871 2916 2970 3324 3366 4320 4483 4635 4706 4834 5090 5379 5825
2379 33 231 664 692 1029 1090 1199 1540 1845 2125 2281 2464 2683 2692 2949 2959 3081 3115 3442 3802 3969 4049 4061 4181 4360 4395 4422 4492 4743 4841 5776
2380 90 259 437 439 468 1064 1445 2319 2425 2489 2661 2999 3545 3620 3798 3851 4081 4235 4394 4496 4500 4748 4780 4930 5075 5725 5817 5913 5961
2381 184 218 314 517 555 653 676 853 1359 1388 1632 1993 2714 2775 2839 2863 2880 2943 3345 3823 3830 3958 4053 4158 4281 4411 4555 4706 4714 5013 5051 5071 5418 5611 5922
2382 539 971 1437 1576 1628 1768 1857 1989 2095 2706 2799 2948 3112 3264 3286 3646 3686 3823 3856 4046 4061 4101 4215 4230 4505 4560 5054 5135 5147 5949
2383 103 145 200 306 356 611 1021 1199 1234 1373 1393 1666 1732 2389 2748 2965 3228 3244 3922 4018 4081 4182 4330 4415 4474 4676 5431 5514 5534 5765 5771 5847 5863
2384 280 515 871 1018 1634 1657 1743 2047 2335 2424 2492 2541 2809 3111 3463 3791 4123 4558 4605 4790 5004 5575
2385 679 1353 1374 1412 1912 1941 2114 2693 2826 2950 3044 3181 3325 3721 4000 4067 4068 4210 4319 4438 4574 5104 5313
2386 67 99 155 226 259 458 772 824 883 890 1436 1843 1965 2032 2114 2567 3339 3382 3467 3526 3703 3900 4112 4138 4322 4907 4974 5068 5351
2387 9 203 448 479 637 1031 1102 1215 1845 2210 2418 2704 2760 2820 3309 3516 3643 3716 3749 3983 4619 4648 4913 4957 5018 5236 5351 5479 5529 5550 5820 5983
2388 156 199 303 422 849 1209 1432 1688 1824 1898 1903 2168 2470 2726 2754 2795 2820 2859 3217 3677 3783 3835 3908 3939 4039 4147 4777 5255 5390 5497 5537 5596
2389 194 412 738 856 921 1160 1195 1275 1503 1614 1707 1818 2095 2219 2383 2395 2662 3313 3360 3566 3850 4064 4352 4414 4872 5138 5186 5747 5982
2390 668 823 850 1061 1249 1575 1824 1874 2220 2319 2807 2818 2820 3049 3068 3262 3367 3451 3698 3729 3813 4750 4891 5047 5144 5446 5495 5652
2391 928 971 1731 1742 1780 1917 2311 2437 2726 2892 3044 3316 3416 3684 3971 4028 4054 4321 5460 5478 5589 5666 5885 5924
2392 643 943 1298 1523 1572 1630 1710 1719 1725 1995 2593 2759 2763 2839 2962 3234 3801 4229 4240 4323 4376 4809 4862 5148 5206 5423 5460 5480 5568 5661 5846 5870
2393 27 119 128 168 299 677 926 1028 1448 1813 1913 2320 2853 2892 2980 3066 3289 3365 3386 3659 3941 4531 4579 4776 4859 4973 5013 5285 5334 5347 5927 5933
2394 33 101 338 357 513 643 669 782 1266 1602 1901 1966 2051 2305 2472 2561 3446 3498 3501 3599 3662 4057 4267 4320 4323 4461 4475 4672 4710 4746 5064 5162 5262 5468 5489 5510 5642
2395 343 409 556 589 692 944 1316 1339 1580 1927 2040 2341 2389 2461 2464 2837 2848 3049 3078 3128 3325 3982 4284 4956 5256 5768 5777
2396 767 1821 1896 2013 2594 2746 2772 2893 3168 3318 3349 3498 3602 3907 4189 4581 4887 4967 5054 5488 5721
2397 106 202 247 316 649 1256 1358 1416 1613 1676 1910 2263 2567 2739 3070 3121 3178 3283 3778 3882 4022 4163 4776 4822 5127 5149 5161 5303 5580 5626 5855 5879
2398 6 25 388 563 612 671 1224 1413 1554 2103 2127 2795 2804 2914 3011 3064 3480 3520 3684 3693 3780 3864 4027 4046 4165 4322 4338 4519 4701 5089 5108 5203 5859 5909 5974
2399 113 159 181 225 517 631 649 669 944 1298 1567 1590 1861 1936 2123 2474 2908 3436 3455 3749 4162 4407 4597 4677 4701 4953 5051 5078 5284 5436 5985
2400 20 533 838 1441 1482 1553 1876 1926 2036 2179 2716 3215 3336 3423 3446 3505 3738 3872 3875 4332 4497 4615 4629 4873 5171 5196 5220 5419 5628
2401 97 1110 1389 1399 1487 1682 1917 1939 2245 2735 2961 3018 3143 3353 3676 3882 3941 4114 4538 4782 5023 5157 5353 5462 5539 5656 5822 5935
2402 36 240 415 953 1033 1057 1375 1574 1655 1813 1942 2349 2754 3280 3495 3524 3835 4239 4345 4369 4397 4627 4799 5334 5439 5468 5528 5777 5816 5855 5866 5884
2403 39 211 515 779 832 1182 1199 1262 1275 1360 1531 1535 1753 1784 2152 2154 2331 2435 2795 3020 3057 3297 3322 3464 3616 3633 3756 3834 3876 4732 5120
2404 28 218 219 432 573 658 667 703 753 790 952 1145 1201 1548 1918 2041 2721 2726 2844 2888 2898 3093 3318 3486 3778 3815 3953 4297 4404 4585 4706 4973 5177
2405 4 34 60 262 426 1041 1336 1412 1520 1600 1612 1985 1988 2136 2979 3061 3171 3175 3321 3554 3749 4078 4097 5149 5174 5188 5368 5659
2406 240 242 499 975 1006 1203 1372 1525 1716 1935 2313 2626 2633 2753 3060 3529 3582 3904 4036 4236 4362 4592 4688 4831 5181 5256 5382 5455 5981
2407 167 402 515 748 822 956 1264 1545 1636 2665 2808 2960 3029 3206 3304 3469 3586 3652 3880 3931 4121 4131 4133 4262 4384 4395 4617 4760 5104 5569 5864 5882 5891
2408 68 398 411 677 1193 1230 1532 1957 1980 2011 2094 2364 2413 2552 3006 3037 3683 3932 4093 4285 4321 4377 4401 5004 5227 5365 5405 5512 5728 5834 5875
2409 533 699 747 988 1049 1175 1247 1443 1615 1770 2069 2164 2303 2445 3106 3317 3439 3502 3621 3657 4040 4094 4106 4237 4294 4301 4317 4357 4372 4490 4696 4902 5140 5459 5555 5637 5938 5983
2410 353 371 521 600 741 1139 1823 1941 1962 1998 2116 2119 2139 2176 2654 2936 3055 3549 3654 3753 3887 4926 5068 5238
2411 247 797 815 1212 1658 2053 2241 2726 3376 3499 3636 3709 3712 3918 3923 4010 4025 4107 4537 4612 4669 5354 5440 5629
2412 231 517 569 1468 1491 2201 2300 2452 2650 2808 2979 2988 3016 3306 3704 3730 3770 3922 3947 4250 4313 4325 4813 5002 5238 5660 5738 5844
2413 3 172 684 1299 1381 1429 1900 1901 2076 2121 2208 2347 2408 2771 3490 3698 3774 4203 4275 4722 4783 4943 5118 5292
2414 74 222 530 605 708 775 979 987 1112 1114 1211 1443 1537 1588 1792 1907 2524 2607 2678 2757 2867 3416 3803 4580 4926 5041 5248 5262 5365 5892
2415 206 253 414 502 640 747 813 1046 1051 1185 1207 1319 1362 1451 1650 1676 1869 1997 2073 3407 3410 3506 3640 3645 3707 4110 4316 4557 4599 4623 5060 5084 5738
2416 71 602 1565 2333 2484 2679 2996 3147 3212 3349 3634 3721 3891 4454 4703 4856 5130 5173 5268 5344 5373 5544 5693 5711 5867
2417 490 582 886 1161 1196 1309 1527 1638 1896 2025 3057 3310 3399 3491 3503 3649 3815 4045 4311 4361 4690 4978 4994 5219 5254 5269 5373 5517 5848
2418 104 190 390 562 683 692 715 798 1166 1245 1482 1506 1691 1720 2049 2241 2387 2431 2585 2610 2730 3001 3465 3514 3560 3667 3803 3814 3946 4124 4170 4267 4275 4384 4743 5017 5293 5470 5511 5602 5625 5792 5797
2419 160 407 850 1143 1316 1404 1612 1674 1775 1967 2100 2303 2471 2667 2926 2964 3189 3419 3858 4093 4273 4316 4390 4393 4549 4999 5021 5035 5623
2420 179 210 268 759 1012 1014 1092 1297 1532 1751 1902 1921 1973 1977 2140 2141 3184 3779 4185 4332 4403 4554 4856 5415 5493 5728 5988
2421 324 367 904 939 1118 1636 1984 2011 2152 2239 2882 2983 3132 3364 3810 3920 3929 4137 4267 4516 4565 4685 4871 5144 5254 5326 5404 5410 5577 5639
2422 35 320 491 548 770 1018 1229 1331 1815 1912 2214 2273 2283 2322 2462 2534 2864 2889 3929 4056 4363 4451 4582 4706 5140 5261 5461 5471 5525 5585 5735 5807 5870
2423 90 193 217 240 723 1596 1695 1714 1741 1797 2053 2222 2286 2690 2695 2703 2743 2809 3094 3129 3392 3982 4171 4206 4342 4749 4906 5150 5281 5287 5502 5873
2424 163 195 466 663 1019 1431 1506 1585 2105 2384 2476 2635 2767 2938 3101 3347 3426 3559 3575 3700 3707 3731 3757 3779 4276 4489 4538 5302 5639
2425 91 328 385 557 1254 1292 1532 1640 1872 2042 2380 2886 2979 3004 3152 3347 3942 4237 4253 4322 4370 4707 4805 4862 4973 5094 5340 5575 5788 5934
2426 202 260 293 346 518 535 1081 1121 1414 1821 2009 2037 2246 2346 2492 3013 3070 3642 4103 4205 4289 4291 4460 4509 4957 5268 5348 5981
2427 362 441 444 960 1469 1659 2133 2185 2224 3507 3543 3548 3554 4109 4281 4545 4773 4778 4961 5082 5320 5348 5533 5694 5818 5839 5901
2428 156 309 477 709 945 984 1176 1234 1458 1587 1654 1738 1999 2070 2277 2938 3051 3287 3383 3511 3769 4534 4801 4970 5634 5654 5688 5707
2429 32 55 310 336 492 1226 1454 1517 2432 2472 2490 2716 3332 3350 3382 3831 3953 3969 4512 4616 4657 4794 4928 5055
2430 581 726 843 1095 1390 1496 1513 1594 1638 1659 1772 2463 2512 2719 2821 3003 3164 3329 3455 3546 3645 3848 4033 4489 4542 4546 4887 5098 5309 5365 5610 5647
2431 462 964 1152 1416 1700 1828 1834 1844 1959 2319 2418 2535 2768 2850 2948 3109 3464 3666 3682 3867 3966 4274 4361 4382 4473 4524 4659 4772 4965 5006 5822
2432 55 109 166 232 451 598 668 777 811 1051 1377 1415 1571 1627 1837 2097 2153 2263 2330 2341 2346 2429 2497 2814 2895 2955 3023 3165 3271 3425 3523 3719 3858 3973 4023 4100 4620 4643 4666 4863 4950 5507 5539 5891
2433 20 555 654 817 1077 1098 1479 1535 1948 2242 2330 2458 2715 2840 3294 3299 3451 3991 4635 4707 4799 4856 4865 4918 5050 5093 5427 5480 5831
2434 315 951 1120 1406 1676 1718 1826 1972 2080 2692 2722 2777 3267 3449 3969 4046 4111 4338 4417 4691 4983 5149 5228 5235 5261 5588 5709
2435 99 348 395 653 742 809 823 945 1155 1625 2065 2169 2403 2489 2681 2685 2698 3171 3314 3411 3482 3608 3633 3758 3774 3892 4473 4696 4921 5146 5496 5502 5735 5770 5783
2436 120 151 214 523 650 889 1037 1439 1545 1744 1766 1773 2175 2220 2478 2716 3633 3667 3743 3827 3901 4006 4365 4556 4651 4716 4957 5025 5139 5176 5425 5433 5534 5616 5641 5884
2437 86 103 155 215 254 537 750 869 918 1006 1094 1257 1291 1432 2293 2391 2996 3007 3013 3355 3441 3959 4137 4543 4642 5465 5678 5789 5941 5995
2438 170 194 353 412 462 570 705 1060 1099 1181 1246 1298 1327 1415 1704 1896 1907 2069 2227 2303 2816 2884 2988 3131 3175 3934 4299 4375 4789 4849 4908 5128 5299 5497 5638 5981
2439 31 416 485 618 866 997 1163 1440 1834 2744 2835 3162 3240 3428 3491 3690 4490 4524 5577 5610 5630 5717 5881 5904
2440 101 186 405 498 580 728 779 1022 1085 1201 1341 1636 1870 2351 2542 2627 2817 2958 3016 3277 3630 4228 4277 4466 4646 4730 5040 5207 5356 5498 5598 5767
2441 28 496 501 511 584 913 1397 1461 1524 1532 1538 2542 2674 2760 2832 3150 3235 3290 3358 3389 3524 3530 4513 4608 4775 4924 5052 5254 5331 5734
2442 46 329 1124 1422 1469 1585 1958 1979 2358 2458 2632 3414 3769 4022 4161 4184 4193 4266 4566 4613 4900 5093 5179 5192 5203 5354 5986
2443 137 194 287 613 724 970 1133 1265 1389 1397 1656 1680 1730 1958 2528 2771 3405 3744 3917 3997 4761 5030 5289 5504 5671 5746 5815
2444 57 231 662 790 1431 1592 1665 1732 1770 2044 2101 2276 2326 2374 2463 2723 2951 2965 2984 3276 3384 3522 3668 3731 3765 3866 3909 3996 4255 4307 4337 4339 4445 4447 4629 4916 5012 5290 5308 5501 5757 5800 5892
2445 237 277 510 1443 1570 1613 2130 2301 2409 2840 2848 2873 2876 3363 3750 3858 4059 4524 4589 4644 4691 5472 5684 5705 5956
2446 1 25 200 276 456 567 786 1025 1117 1424 1847 2151 2346 2455 2847 2887 3123 3552 3595 3603 3774 3823 4012 4132 4198 4788 4921 5247 5423 5464 5503 5610 5657 5689 5851 5980
2447 36 38 112 846 885 986 1122 1132 1173 1197 1552 1710 2090 2645 2768 2970 3152 3487 3937 4021 4365 4795 4806 4868
2448 792 1364 1655 2039 2978 3357 3422 3789 4361 4488 4501 4778 5178 5364 5868 5943
2449 33 957 1352 1440 1736 1789 1975 2485 2487 2812 2931 2957 2967 2972 2994 3183 3694 4176 4672 4782 4901 5067 5152 5452 5700 5821
2450 175 356 367 462 486 840 845 950 1055 1099 1181 1248 1304 1937 1938 2037 2138 2810 2848 2996 3423 3453 4136 4407 4541 4668 4680 4908 5003 5122 5199 5250 5356 5669 5780 5834 5936
2451 99 171 434 438 520 543 852 993 1320 1436 1447 1499 1681 1817 2125 2662 3024 3033 3105 4097 4112 4163 4250 4665 4736 4789 4864 5247 5353 5410 5450 5643 5803
2452 15 245 1079 1195 1577 1611 1999 2022 2047 2283 2412 2895 2992 3499 3512 3547 3748 3930 4022 4069 4113 4301 4691 5071 5162 5211 5282 5330 5619 5787 5802 5991
2453 186 331 946 1099 1104 1226 1755 1858 1916 1974 2217 2371 2593 2902 3020 3257 3303 3712 3754 4110 4290 4488 4863 5256 5275 5302 5985
2454 73 327 468 781 851 856 898 899 948 1017 1053 1219 1373 1576 1809 1815 2289 2336 2465 2718 2752 2762 2781 2964 2980 2993 3088 3095 3329 3605 4139 4145 4662 4746 4981 5167 5209 5343 5368 5381 5588 5787
2455 41 54 196 466 524 668 769 870 1052 1107 1150 1151 1171 1660 1662 1722 1762 2014 2446 2619 3153 3195 3451 3494 3520 3626 3990 4135 4305 5202 5353 5427 5621 5650 5856
2456 201 292 304 318 421 461 936 1034 1131 1608 1758 1805 2132 2163 2245 2364 2720 2798 3187 3671 3750 4265 4305 4416 4540 4897 4901 5442 5581 5706 5755 5855
2457 121 132 398 803 959 1005 1662 1816 1882 1931 2028 2215 2235 2236 2244 2580 2648 2769 2780 2837 2916 3426 3581 3735 3839 3910 3984 4042 4100 4240 4487 4648 4736 5014 5495 5620 5753 5774
2458 372 652 660 874 1033 1425 1609 1898 1917 2172 2250 2302 2433 2442 2516 2731 3090 3227 3382 3741 3838 3926 4214 4455 4655 5369 5649 5912
2459 221 396 702 1023 1484 2040 2152 2532 2831 3024 3148 3348 3448 3528 3816 3918 4033 4569 4741 5217 5346 5501 5643 5860 5949
2460 70 103 157 219 296 456 486 879 1356 1501 1556 1824 1859 2073 2122 2560 2577 2804 2867 2966 3029 3148 3394 3506 3630 3753 3813 3871 4187 4552 5303 5754 5855
2461 98 307 453 782 1076 1192 1603 1721 1840 2052 2395 2998 3027 3316 3422 3539 3658 3759 3866 4209 4262 4650 4708 4738 4759 5331 5480 5687 5850 5934
2462 110 431 560 801 1160 1284 1325 1583 1799 1807 1871 2300 2422 2797 2915 2937 3153 3177 3284 3305 3346 3838 3984 4288 4353 4937 5500 5610 5846
2463 118 248 281 464 624 760 862 1409 1482 1677 1813 2200 2430 2444 2843 3016 3406 3657 3672 3847 4295 5443 5612 5891
2464 112 234 262 324 448 587 626 1474 1600 1866 2356 2379 2395 2490 2885 2963 3421 3470 3697 3936 4251 4284 4291 4401 4455 4526 4529 4831 4865 4867 5209 5260 5771
2465 4 243 297 322 482 484 1130 1245 1250 1283 1574 1596 1623 1635 2008 2025 2046 2047 2211 2454 2787 2839 3121 3317 3810 5270 5372 5474 5560 5880
2466 28 484 703 782 931 953 1097 1284 1373 1469 2678 2710 2764 2840 2877 3170 3484 3818 4162 4194 4480 5105 5151 5218 5261 5339 5392 5413 5498 5510 5523 5646 5731
2467 489 634 895 1142 1525 1704 2999 3036 3525 3552 3951 4247 4595 5135 5200 5216 5658 5734 5742 5800
2468 114 209 385 804 819 949 1303 1589 1742 1827 1858 2641 3000 3044 3081 3254 3266 3389 3661 3682 3712 3776 3868 3874 4094 4275 4838 4845 5351 5845 5955
2469 330 353 405 593 619 636 886 1173 1625 1659 1958 2064 2362 2753 2776 2880 3072 3126 3500 3699 3825 3994 4141 5163 5227 5575 5711 5886 5914
2470 161 549 619 959 1013 1046 1338 1353 1433 1644 1885 2166 2207 2388 2752 2983 3065 3234 3393 3504 3915 3944 4163 4283 4318 4547 4716 4773 4828 5169 5319 5446 5553
2471 0 205 404 464 516 804 1795 1822 1858 2010 2145 2151 2182 2199 2339 2419 2502 2511 2645 2805 3237 3409 3504 4252 4495 4596 4774 4823 4856 5112 5151 5271 5523 5526 5658 5683 5696 5919
2472 357 724 985 1021 1126 1160 1181 1321 1814 2015 2050 2056 2394 2429 2520 2754 2771 2772 2863 3378 3580 3617 3666 4081 4240 4427 4504 5032 5041 5182 5312 5348 5381 5489 5967
2473 160 247 416 447 479 704 764 1038 1049 1055 1210 1344 1403 1500 1731 1881 1883 1899 1983 2373 2624 2638 2709 3198 3264 3374 3620 3701 4356 4627 4643 4887 5017 5025 5240 5480 5982
2474 250 323 723 1304 1308 2327 2399 2745 2976 3094 3208 3211 3240 3424 3502 3522 3628 3676 3868 3891 4107 4403 4530 4637 4772 5016 5073 5075 5177 5320 5607 5766
2475 377 511 1079 1091 1517 1540 1853 2099 2165 2210 2526 2564 2687 2754 3142 3242 3507 3850 4044 4475 4521 4988 5014 5282 5460 5506 5658 5986
2476 109 280 525 682 791 1028 1162 1345 1415 1451 1508 1593 1804 1827 1843 2222 2264 2351 2424 2740 3037 3153 3280 3379 3658 3722 3943 4121 4187 4618 4714 4761 4971 4998 5213 5363 5576 5793 5834
2477 317 366 608 676 1111 1208 1383 1433 1476 1559 2371 2492 3202 3570 3860 4087 4169 4385 4518 4549 4616 5041 5053
2478 438 717 1362 1423 1495 1808 1964 2064 2146 2436 2979 3155 3497 3519 3539 3715 4247 4392 4451 4729 4849 4937 4990 5125 5445 5715
2479 198 295 304 370 673 805 1022 1119 1146 1233 1350 1935 2189 2265 2603 3200 3272 3620 3738 4602 4714 4991 5064 5068 5297 5432 5464 5650
2480 71 235 290 330 338 478 507 841 898 1051 1074 1087 1219 1551 1755 1981 2114 2132 2221 2521 2583 2594 2665 3141 3424 3621 3770 4070 4176 4196 4297 4665 4704 5589 5658 5759 5971
2481 174 297 333 359 514 599 610 1172 1416 1625 1926 2259 2294 2831 2911 2916 3017 3095 3496 3533 4566 4656 5535 5537 5732 5901
2482 217 319 401 601 821 978 1515 2029 2569 2681 2814 2926 3298 3625 3675 3933 4039 4320 4402 4508 5108 5244
2483 290 374 455 460 709 762 870 926 1163 1589 1948 1968 2090 2135 2173 2228 2576 2926 3154 3392 3715 3793 4196 4283 4729 5180 5344 5350 5665 5725
2484 259 466 630 745 1014 1080 1092 1146 1231 1794 1965 2101 2371 2416 2503 3172 3191 3639 4636 4777 4809 4922 5263 5410
2485 210 258 286 335 343 899 1031 1040 1190 1360 1392 2261 2449 3193 3466 3857 4391 4405 4429 4639 4878 5168 5367 5706 5734 5825 5866
2486 328 396 488 512 554 609 682 940 1368 1554 1611 1674 1770 2539 2810 2960 2966 3084 3183 3193 3604 3730 3891 3934 4013 4442 4538 4738 4972 5030 5031 5038 5211 5349 5479 5647 5937
2487 101 294 317 614 760 1186 1253 1520 1592 1620 1721 2162 2367 2449 2596 2967 3056 3322 3534 3601 3657 4260 4405 4589 4597 4655 4797 4897 5045 5139 5244 5321
2488 21 199 688 1076 1277 1362 1623 1849 2159 2299 2507 2690 2752 2929 3074 3194 3234 3245 3393 3493 3728 3791 4153 4323 4339 4524 4613 4893 4895 4925 5244 5317 5320
2489 162 214 431 495 511 905 940 1177 1257 1720 1731 1929 2003 2070 2086 2156 2288 2317 2380 2435 3060 3640 3893 3907 4070 4282 4428 4455 4785 4845 4871 4884 5068 5314 5319 5336 5366 5887
2490 922 970 1203 1252 1528 2049 2164 2194 2429 2464 2649 2686 2729 2748 2786 2802 2889 2934 3121 3294 3560 3621 3651 3920 4009 4022 4046 4185 4797 4833 4931 5140 5246 5287 5731 5733 5804
2491 126 523 621 857 1466 1787 2018 2590 2778 2881 3037 3103 3370 3509 3524 3728 4347 4689 4700 4721 4812 5021 5193 5667
2492 76 285 361 406 981 1030 1075 1332 1346 1795 2154 2276 2384 2426 2477 2556 2599 2651 2687 2879 3033 3143 3170 3347 3474 3833 4332 4583 4655 4970 4972 5253 5647 5733 5871 5919
2493 1 196 236 243 906 971 1077 1134 1728 1908 2080 2374 2932 3000 3049 3108 3220 3750 4342 4460 5431 5680
2494 732 940 1247 2356 2830 3064 3524 3656 3828 4083 4157 4250 4400 4516 4518 4949 4977 4997 5030 5067 5839 5956
2495 121 152 617 845 1218 1236 1242 1539 1552 1683 2103 3368 3682 3699 4028 4196 4356 4371 4630 4782 5006 5050 5143 5695
2496 170 369 445 725 1020 1055 1254 1336 1381 1451 1600 1685 2645 3347 4019 4040 4216 4323 4443 4720 4799 5035 5538 5662
2497 197 312 635 956 1171 1273 1321 1341 1418 1420 1611 1779 1918 2090 2099 2112 2324 2432 2512 2723 3445 3475 3673 3822 3884 4494 4591 4608 4866 4867 5107 5478 5894
2498 163 201 281 283 479 666 884 1080 1253 1499 1750 1763 2178 2292 2542 2566 3065 3214 3276 3477 3785 3903 4087 4592 4640 4662 4878 5235 5274 5352 5421 5468 5581 5627 5687 5729 5855 5889 5993
2499 190 228 480 698 723 796 948 1057 1141 1318 1460 1840 1973 2008 2086 2549 3142 3343 3452 3489 3515 3584 3757 3942 3952 4686 4733 4856 5251 5487 5887
2500 373 596 600 701 1222 1235 1463 1491 1783 1829 1938 2041 2068 2232 2235 2282 2507 2715 2727 3031 3168 3431 3818 3826 3954 4189 4240 4311 5045 5306 5572 5604 5814 5872
2501 133 175 226 492 510 760 1080 1206 1363 1428 1994 2044 2246 2356 2862 3370 3426 3732 4162 4271 4320 4571 4576 4607 4750 4779 4821 4877 5201 5337
2502 150 438 487 584 1094 1597 2055 2471 2584 2658 2712 2723 2784 3070 3620 3784 4458 4543 4625 4670 4672 5019 5144 5206 5287 5385 5413 5931
2503 170 362 391 643 663 793 922 927 1053 1160 1695 2223 2341 2484 3030 3812 4165 4211 4389 4405 4590 4746 4783 4876 5099 5161 5336 5565 5724 5955
2504 203 222 304 868 892 933 1209 1234 1705 2036 2150 2963 3060 3203 3235 3428 3818 4097 4821 5033 5873 5924 5944
2505 92 183 606 921 926 997 1065 1121 1744 2011 2015 2108 2176 2308 2700 2839 2875 2955 3029 3103 3303 3436 3760 4074 4183 4441 4586 4783 4798 5022 5391 5612 5692
2506 118 462 704 746 907 1227 1416 1506 1509 1835 1910 1967 2904 3248 3496 3781 3909 4363 4398 4634 4863 4967 5052 5325
2507 117 251 375 1080 1139 1403 1424 1648 1728 1862 2048 2488 2500 3318 3457 3642 3715 4154 4466 4667 4726 4840 5061 5535 5826 5914
2508 103 692 833 1347 1406 1416 1616 1817 2140 2235 2606 3553 3568 3588 3913 4897 4968 5251 5281 5388 5438 5924
2509 131 226 254 338 362 893 984 1141 1300 1334 1421 1430 1433 1531 1704 1811 1924 1956 2982 3236 3457 3766 3905 4153 4328 4538 4694 4767 4899 5282 5318 5531 5590
2510 360 713 717 1280 1464 1828 1868 2717 2758 2775 2866 2947 3057 3145 3258 3275 3316 3519 3633 3646 3928 4136 4310 4394 4648 4658 5847 5859 5860 5897
2511 423 983 1662 1690 1887 2068 2471 3029 3102 3123 3210 3302 3387 3474 3513 3531 3570 4075 4354 4374 4395 4800 5010 5300
2512 176 598 647 654 830 840 850 884 1147 1203 1249 1806 2228 2430 2497 2893 2946 3232 3852 3948 3955 3960 4043 4218 4407 4446 4452 4776 4781 4918 4939 5437 5756 5880 5884
2513 169 317 444 516 1331 1411 1679 2008 2031 2112 2194 2563 2615 2658 2979 3259 3276 3302 3478 3516 3524 3764 3985 4404 4592 4695 4904 4954 5017 5415 5552 5558 5623 5848 5872
2514 303 310 454 539 782 860 1058 1429 1622 1666 1776 2303 2859 2998 3042 3078 3441 3486 3736 3899 3917 4181 4494 4522 5170 5648 5902
2515 164 450 505 509 626 756 1112 1149 1383 1513 1522 1734 1842 1854 1891 2544 2848 3108 3260 3393 3703 3927 4020 4206 4434 4450 4997 5018 5217 5474
2516 41 150 1181 1313 2014 2077 2098 2458 2881 3092 3094 3217 3392 3515 3516 3564 3688 4066 4108 4131 4443 4550 4576 4891 5294 5297 5361 5363 5711 5790 5848
2517 447 733 743 746 939 969 1023 1176 1417 1517 1670 1964 2236 2331 2342 2580 2654 2693 2896 3124 3140 3295 3457 4020 4097 4189 4207 4319 4469 4747 5049 5127 5262 5442 5540 5807 5997
2518 12 92 392 453 457 555 674 678 681 987 1197 1684 1775 1780 1829 2189 3016 3067 3142 3614 4549 4600 4739 5024 5032 5135 5172 5188 5290 5431 5495 5747 5789 5846
2519 37 64 173 217 246 341 545 1101 1285 1314 1399 2029 2198 2823 3121 3155 3564 3700 3808 3825 3964 4406 4516 4669 5001 5045 5705 5812
2520 355 477 490 591 895 1092 1095 2040 2190 2358 2472 2548 2862 2982 2987 3090 3323 3534 3551 3574 3728 3854 4081 4143 4208 4279 4371 4422 5192 5481 5710 5873
2521 630 882 1024 1039 1409 1493 1500 1728 1757 1835 2171 2284 2480 2552 2577 2732 2820 2915 2937 2938 3631 3731 3843 3855 3998 4046 4629 4672 4815 4917 4982 5348 5759 5911
2522 2 528 596 813 868 1044 1192 1588 1676 1745 1916 1946 2019 2131 2234 2293 2526 2579 2745 2840 2921 3319 3553 3689 3967 3974 4258 4277 4379 4488 4998 5151 5159 5217 5338 5673 5981
2523 109 128 429 557 614 1142 1278 1478 1930 2021 2078 2079 2277 3256 3613 3891 4014 4105 4178 4294 4478 4776 5750 5826 5834
2524 292 401 451 802 898 1220 1248 1988 2108 2127 2187 2414 2607 2746 3181 3242 3388 3439 3520 3562 3569 4094 4205 4256 4404 4502 5567 5629
2525 129 243 248 507 594 714 1181 1727 1783 2333 2812 3005 3201 3372 3455 3533 3913 4038 4391 4513 4675 4831 4922 4977 5262 5371
2526 74 257 634 658 733 891 960 990 1119 1136 1214 1751 1873 2025 2157 2195 2203 2274 2475 2522 2894 3083 3279 3865 3989 4058 4187 4564 5127 5163 5445 5605 5606 5852 5895
2527 156 461 586 711 719 874 1015 1827 2144 2266 2657 2662 2806 3189 4103 4390 4456 4536 4960 4982 5018 5197 5252 5512 5582 5656 5821 5917
2528 326 598 733 765 819 837 1283 1381 1529 1567 1654 2231 2336 2443 2798 2969 2983 3077 3331 3350 3363 3482 3573 4065 4527 4548 4694 4922 4924 5602
2529 46 227 234 338 562 643 762 851 1301 1456 1670 1748 1824 2154 2207 2349 2851 3171 3278 3467 3652 4198 4291 4572 4591 4845 5002 5272 5599 5718 5797 5799
2530 121 548 590 1018 1148 1895 1974 2034 2204 2584 3023 3029 3064 3319 3578 3608 4083 4232 4332 4426 4474 4476 4525 4619 4631 4821 4909 5692
2531 504 760 808 842 926 1321 1410 1527 2052 2320 2559 2587 2589 2798 3121 3734 4540 4937 4951 4979 5707 5852 5984
2532 6 94 298 664 786 1522 1535 1684 1994 2345 2459 2904 3050 3242 3245 3563 3870 3967 4091 4482
2533 754 1436 1460 1686 1844 1858 2119 2133 2228 2324 2560 2565 2574 2794 2842 3178 3212 3461 3486 3550 3783 4194 4379 4852 4899 5169 5266 5469 5571 5676 5723 5854 5885
2534 468 919 921 1092 1205 1392 1507 1661 2422 2616 2822 2846 3415 3477 3570 3574 3707 3759 4193 4472 4480 4504 4665 4713 4969 5116 5238 5793
2535 780 811 848 853 998 1126 1326 1386 1531 1894 2040 2276 2431 2620 2643 2934 3285 3416 3480 3585 3621 3661 3707 3866 3892 4031 4052 4151 4309 4788 4886 5351 5553 5882 5955
2536 454 474 830 948 1259 1390 1540 1640 1734 1737 1831 1891 2050 2206 2260 2343 2557 2857 3413 3520 3874 3876 3975 4092 4251 4309 4357 4644 4692 5032 5039 5248 5266 5291 5326 5558 5743
2537 18 195 437 560 683 799 857 1029 1075 1336 1365 1474 1709 1843 1892 1912 2154 2171 2334 3036 3178 3203 3307 3401 3627 4580 4685 4779 4878 5120 5213 5297 5373 5445 5608 5920 5978
2538 448 573 580 610 753 834 963 1148 1361 1551 1567 1787 1829 2063 2137 2205 2247 2310 2597 2663 2841 2987 3279 3283 3562 3703 3824 4080 4402 4461 4619 4720 4799 5188 5479 5574 5698 5707 5755 5874
2539 274 335 544 1064 1532 1716 1880 1982 2027 2092 2359 2486 2883 2967 3393 3730 4087 4121 4348 4509 4515 4632 4676 4688 4692 4757 4796 4993 5149 5660 5741 5827 5842 5936
2540 130 400 450 1026 1114 1374 1761 1784 1971 2084 2128 2291 2330 3045 3471 3506 3587 3682 3690 3910 4090 4349 4407 4875 5132 5416 5443 5482 5769
2541 169 360 892 1048 1056 1197 1216 1228 1283 1436 1616 1783 1816 2297 2313 2384 2968 2991 3133 3141 3306 3307 3385 3586 3612 3719 3978 4467 4883 4992 5304 5375 5376 5551 5638 5645 5659 5705 5755
2542 15 367 673 1056 1066 1268 1427 1438 1807 1853 1915 2141 2440 2441 2498 2777 3159 3288 3594 3628 3699 4022 4103 4111 4324 4412 4750 5066 5086 5212 5330 5390 5568 5754 5924 5936
2543 211 1709 1873 2067 2129 3126 4360 4408 4523 4640 5325 5652 5745 5935
2544 11 20 42 647 937 1005 1598 1952 1989 2168 2515 2880 2973 3075 3334 3347 3784 4143 4179 4683 5464 5574 5639 5855 5965
2545 28 38 987 1496 1515 1563 1914 2239 2586 2641 2771 4235 4348 4546 4753 4781 4820 5109 5302
2546 132 193 236 579 633 704 884 1507 1661 1915 2264 2292 2863 3048 3400 3413 3569 3610 3850 4094 4591 4691 5113 5240 5328 5418 5478 5717 5902 5982
2547 2 204 284 934 1070 1264 1331 1697 1847 2364 2617 2847 2930 3228 3247 3480 3738 3830 3834 3854 3993 4174 4566 5159 5321 5381 5578 5778 5808 5859 5923
2548 235 246 510 544 590 622 854 1006 1136 1571 1676 2520 2561 2667 2714 3309 3609 3826 4076 4221 4695 4807 4951 5109 5392 5393 5419 5574 5844 5885
2549 347 995 1060 1190 1428 1480 1652 2280 2499 2638 2650 2725 3238 3263 3408 3470 3565 3865 4325 4366 4537 4623 4732 4827 4887 5158 5415 5450 5490 5498 5782 5990
2550 111 265 291 544 836 884 958 1985 2790 3020 3211 3255 3319 3608 3732 3814 3976 3992 4045 4173 4206 4209 4484 4772 4892 5000 5146 5218 5332
2551 181 629 831 921 1066 1167 1752 1895 2111 2146 2597 2605 2684 2759 2938 2979 2986 3176 3218 3228 3270 3402 3567 3811 3985 4132 4479 4538 4616 4617 4692 5266 5297
2552 805 1061 1091 1111 1165 1507 1646 1897 2408 2521 2696 3424 3627 3712 3816 3833 3983 4132 4181 4309 4389 4415 4485 4577 4723 4729 4756 4785 5055 5076 5316 5534 5687 5692 5946 5974
2553 89 239 274 807 951 1007 1299 1693 1907 2030 2287 2691 2694 2729 2879 2935 3039 3088 3804 3902 4445 4503 4632 4699 4749 5171 5196 5545 5876 5963
2554 266 393 457 586 977 990 1017 1722 1842 1973 2012 2036 2075 2118 2584 2601 2636 3098 3446 3748 3817 4110 4155 4208 4550 4607 4782 4955 5067 5293 5719 5818
2555 175 374 447 552 642 661 1486 1559 1620 1850 2060 2157 2684 3117 3538 3956 4810 4811 5208 5216 5241 5724 5725
2556 176 256 448 597 674 875 888 1154 1253 1258 1275 1396 1459 1465 1494 1887 1967 2492 2601 2639 2787 2790 2809 2842 2955 3414 3438 3518 3782 3807 3997 4059 4275 4454 4599 4862 5002 5152 5223 5644 5809 5811 5931
2557 912 991 1027 1151 1321 1342 1443 1475 1734 2158 2536 3029 3299 3407 3440 3533 3570 3710 3743 4106 4265 4558 4634 4922 5099 5124 5274 5510 5966
2558 4 367 660 917 959 1115 1246 1361 1655 1749 1863 1868 2032 2271 2565 2687 2833 2851 2887 2980 3392 3446 3457 3612 4129 4426 4823 4860 5460 5724 5729 5783 5890 5971 5984
2559 350 553 587 1287 1290 1333 1725 1732 1750 1798 2006 2126 2136 2236 2342 2531 2807 3149 3549 3609 3749 4103 4777 5487 5735 5743 5760 5787 5943
2560 84 160 239 652 768 1169 1457 2174 2460 2533 2854 3130 3144 3392 3457 3566 3638 4135 4605 4946 5199 5260 5463 5539 5546
2561 7 87 353 808 1092 1330 1811 1965 2023 2124 2183 2219 2335 2394 2548 3001 3197 3384 3385 3780 4066 4445 4856 5148 5176 5225 5336 5408 5712 5986
2562 171 220 394 784 2056 2707 2916 3003 3442 3463 4129 4418 4447 5050 5536 5542 5727
2563 27 36 294 583 788 889 915 1003 1114 1308 1677 1744 2120 2176 2280 2513 2649 2678 2998 3207 3334 3812 4014 4175 5007 5045 5232 5329 5464 5535 5538 5547 5568 5727 5728 5842 5917 5986
2564 210 309 411 447 482 1346 1464 1561 1772 2153 2211 2475 2630 2750 3050 3117 3214 3428 3578 3925 4036 4037 4354 4398 4969 4997 5237 5367 5384 5385 5415 5482 5793 5862
2565 16 187 428 662 792 1390 1442 1600 1906 1963 1998 2118 2306 2533 2558 3571 3658 3910 3924 4007 4185 4612 4679 4980 5646 5696 5863 5909
2566 56 112 278 429 969 1002 1845 2079 2112 2189 2498 2766 2774 2831 3825 4117 4142 5160 5228 5349 5446 5634
2567 193 878 1691 1880 1901 2163 2302 2305 2343 2386 2397 3176 3349 3388 3641 3969 3971 4629 4892 4949 5889
2568 62 400 574 609 867 941 1139 1494 1549 1714 1866 1898 2010 2123 2259 2310 2597 3058 3204 3281 3324 3376 3477 3505 3649 3859 4035 4090 4342 4455 4821 5330 5544
2569 59 292 640 764 853 907 1076 1091 1718 1890 2482 2841 2902 3111 3178 3447 3502 3537 3701 4050 4261 4803 5189 5316 5666 5691 5790 5886 5888
2570 395 450 468 486 577 1599 1636 1807 1809 2596 3018 3703 3998 4473 4532 4595 5035 5244 5715
2571 257 497 656 802 917 1008 1347 1472 1607 2378 2651 2720 2835 2933 3155 3225 3508 3656 3772 3816 3984 4012 4329 4422 4604 4953 4962 5027 5054 5322 5666 5724
2572 481 515 575 1180 1287 1338 1536 1932 2698 2713 3156 3199 3487 3784 3898 3946 4303 4468 4669 4993 5151 5588 5930
2573 128 191 610 872 1078 1136 1392 1424 1834 1839 1900 2643 3189 3344 3422 3447 4225 4439 4445 4594 4889 5187 5688 5999
2574 329 383 744 1262 1385 1417 1451 1748 1782 1814 1907 2154 2164 2533 2854 3145 3296 3481 3753 4316 4342 4534 4537 5036 5484 5560 5598 5940
2575 373 394 547 630 663 967 1273 1377 1477 1926 1985 2076 2224 2230 2252 2284 2684 2707 2863 2868 2911 2991 3061 3068 3081 3253 3261 3522 3723 4359 4974 5001 5438
2576 55 87 105 246 890 970 1115 1449 1557 1579 1617 1682 2098 2102 2108 2483 2784 2981 3323 3395 3496 3563 3602 3676 3719 3811 4385 4422 4526 4576 4606 4874 5152 5278 5385 5517 5759 5776 5826 5832 5964
2577 78 407 710 711 836 1086 1129 1167 1177 1409 1856 1908 1958 2079 2309 2460 2521 2863 2966 3003 3173 3328 3508 3989 4052 4150 4206 4228 4407 4446 4838 4839 4951 5399 5434 5576
2578 126 239 335 339 536 1001 1017 1135 1269 1383 1654 1706 2284 3476 3683 3789 3811 3823 3879 4050 4327 4386 4699 4939 5579 5642 5667 5847
2579 70 100 165 359 411 413 874 908 1470 1717 1803 1939 2094 2369 2522 2595 2829 3264 3495 3626 3694 3724 3990 4105 4296 4392
2580 154 338 461 1052 1461 1847 2068 2457 2517 2788 3050 3134 3425 3619 3644 4139 4217 4596 4990 5681 5711 5936 5987
2581 49 162 791 1742 1808 1926 2216 2780 2991 3221 3301 3592 3692 4369 4379 4401 4463 4491 4499 4768 4772 4931 5155 5371 5570 5931 5985 5993
2582 23 52 480 607 991 1363 1755 2809 2977 3146 3166 3486 3566 3677 3828 3920 4571 4695 4766 4793 4795 5025 5327 5519 5697
2583 160 213 243 717 745 755 991 1373 1579 1679 1705 1986 2480 2670 3029 3131 3246 3280 3369 3660 3906 3927 4098 4695 4924 5063 5269 5535 5546 5844 5962
2584 310 509 616 665 734 754 786 891 962 1296 1399 1434 1710 1975 2243 2249 2353 2502 2530 2554 2611 2661 2711 2772 3029 3180 3286 3406 3474 3688 3773 3913 4476 4488 4962 5006 5192 5241 5351 5416 5854 5896
2585 224 431 434 625 651 897 1080 1128 1171 1274 1460 1507 1633 1688 1844 2331 2418 2613 2930 3741 4137 4141 4158 4730 4884 5387 5710
2586 32 115 389 623 810 885 1741 1818 1891 1894 2063 2269 2545 2735 2742 2905 2931 3629 3903 4035 4062 4146 4257 4423 4495 4733 4772 4858 5039 5239 5402 5638 5687 5720 5845 5969
2587 508 544 849 1124 1639 1954 2199 2531 2591 2841 2852 2963 2970 2998 3535 3869 4058 4148 4217 4338 4787 4800 5178 5290 5332 5372 5441 5559
2588 69 211 317 348 458 796 1015 1214 1443 1731 2902 3142 3247 3554 3648 3757 3810 4458 4461 4471 4886 5012 5032 5150 5165 5361 5587 5742 5788
2589 239 513 755 867 1091 1173 1476 1534 1916 1989 2256 2531 2719 2722 2749 2848 3274 3357 3491 3581 3709 4020 4242 4547 4741 4779 4816 4858 5443 5464 5659 5706 5791
2590 155 211 374 400 463 714 719 1544 1796 1855 2286 2491 2657 2735 3288 3444 3577 3670 3827 4174 4556 4815 4910 5330 5433 5612 5623 5744
2591 232 541 562 606 609 873 886 889 915 1039 1214 1470 1479 1913 2587 2687 2891 2954 3177 3477 3619 4081 4265 4397 4970 5099 5136 5153 5173 5884
2592 386 431 656 1100 1822 1931 2024 2105 2143 2786 3108 3270 3289 3558 3730 3740 3981 4053 4293 4300 4473 4549 4569 4695 4917 5271 5687
2593 3 50 152 531 597 621 643 685 942 1375 1418 2336 2392 2453 3181 3293 3390 3529 3600 3718 3767 4158 4191 4221 4332 4935 5119 5263 5630
2594 179 609 807 936 986 1233 1686 1983 2396 2480 3190 3219 3576 3714 3723 3750 3864 4140 4473 4657 5037
2595 220 625 1026 1096 1376 1726 2226 2335 2579 2877 2980 2987 3307 3310 3498 3549 3559 4204 4296 4608 4639 4936 5157 5275 5381 5581 5690 5900 5914
2596 74 287 526 533 551 680 686 786 798 828 893 927 1755 2001 2073 2487 2570 2738 2779 3161 3329 3383 4343 4390 4561 4677 4734 4792 4955 5009 5114 5412 5443 5570 5857
2597 937 1061 1247 1432 1487 1783 1824 2010 2248 2538 2551 2568 2909 2946 3453 3526 3606 3673 3684 4114 4213 4261 4530 4651 4910 5362 5398 5834 5844
2598 312 522 691 1016 1078 1101 1387 1400 1970 2814 2843 2960 3007 3453 3484 3488 3557 3655 3684 3739 4115 4181 4611 4687 4787 4794 4813 5365 5379 5695
2599 39 435 783 1174 1347 1401 1460 1595 1910 1954 2040 2114 2203 2272 2492 2629 2713 3271 3652 3664 3870 4422 4462 4648 5292 5355 5417 5721 5821 5824 5868 5872 5985
2600 440 544 609 651 660 661 743 773 1098 1168 1210 1287 1505 1554 1565 2054 2257 2307 2334 2339 2638 3000 3378 3400 3706 3809 4225 4276 4776 5052 5062 5161 5196 5233 5350 5735 5974
2601 175 213 303 315 380 543 658 784 1186 1238 1355 1581 2315 2554 2556 2990 3157 3695 3763 3894 4195 4459 4681 5367 5779 5994
2602 86 309 594 645 727 734 1169 1493 1502 1550 1952 3200 3569 3612 3739 3859 3960 3977 4087 4502 4584 4592 4660 4839 5305 5359 5897
2603 184 186 390 492 867 1114 1933 2292 2479 2621 2649 2700 2963 3012 3266 3690 3987 4075 4351 4404 4713 4781 5020 5298 5911
2604 46 502 619 835 960 1219 1295 1962 1997 2017 3220 3570 4038 4195 4338 4362 4382 4385 4537 4619 4866 4960 5095 5508 5699 5888
2605 145 183 707 887 929 1018 1289 1812 2086 2163 2232 2328 2551 2768 2912 3072 3170 3204 3511 3732 3758 3759 3761 3849 4166 4217 4615 4785 4857 4875 5432 5447 5883
2606 306 759 1037 1521 1909 2037 2128 2508 2679 2782 3098 3193 3427 3714 4378 4758 5242 5246 5432 5444 5795 5837 5890
2607 44 74 548 1057 1171 1219 1614 1912 2039 2057 2138 2174 2267 2275 2297 2342 2414 2524 2814 3630 4115 4224 4264 4304 4854 4952 5415 5478 5558 5617 5660 5697 5751 5979
2608 41 78 296 412 685 835 1253 1429 1569 1607 1611 1665 2003 2058 2210 2325 2653 2712 2884 3516 3911 3912 4343 4424 4566 4732 4943 5182 5378 5418 5436 5627 5866 5926 5962
2609 81 241 255 589 807 1276 1494 1730 1774 2185 2203 2282 2297 3335 3431 3519 3524 3595 3694 3771 4276 4345 4753 4854 5065 5705
2610 494 729 987 1056 1189 1249 1345 1431 1444 1482 1531 1970 2033 2119 2418 2783 2803 2805 2807 2846 2881 3046 3117 3273 3305 3532 3642 3892 3940 4194 4287 4384 4466 4902 5181 5407 5827 5998
2611 375 1072 1314 1409 1541 1715 1764 1876 1883 2198 2584 2648 2768 3042 3056 3084 3242 3326 3338 3348 4333 4999 5114 5726
2612 80 360 1082 1271 1332 1365 1500 1529 1700 1776 1788 1800 1872 2173 2299 2626 2972 3060 3655 3744 3773 4038 4124 4146 4155 4177 4224 4269 4761 4793 5251 5276 5350 5371 5589 5646 5858
2613 30 789 805 923 1240 1252 1702 1721 2078 2138 2174 2260 2585 2676 2703 2900 2987 3204 3341 3379 3509 3589 4026 4160 4168 4224 4359 4457 4586 4801 5317 5712 5800 5990
2614 5 95 495 637 1043 1204 1225 1597 2175 2748 2808 3070 3457 3953 4556 4809 5026 5138 5738 5843
2615 5 98 458 652 677 693 764 961 1046 1072 1157 1389 2290 2513 2803 2814 3824 4056 4449 4808 5272 5359 5493 5886 5964
2616 99 104 119 156 185 286 327 380 428 646 738 768 869 1595 1691 1819 1957 2062 2195 2534 2762 3307 3357 3904 4150 4566 4879 5627 5730 5749 5763 5911 5992
2617 122 307 396 489 494 624 814 824 1058 1213 1307 1356 1431 1478 1505 1849 1877 2158 2238 2249 2336 2547 2662 2862 3102 3230 3300 3495 3970 4039 4172 4423 4604 4780 5036 5040 5151 5404 5632 5966
2618 112 221 752 998 1488 1965 2346 2780 2861 3812 4322 4761 5076 5088 5606 5676 5964
2619 14 247 318 568 628 683 693 768 1397 1640 1664 1803 1988 2102 2227 2270 2455 2905 3349 3517 3812 3947 4255 4358 4366 5145 5191 5505 5642 5772
2620 209 438 483 539 562 834 1041 1212 1340 1561 2163 2363 2535 2663 2710 2892 2997 3342 3387 3615 4447 4459 4704 4768 4912 5246 5537 5785 5786 5995
2621 427 1197 1203 1451 1544 1576 1641 1774 1838 1917 1923 1946 1977 2603 2795 2821 2858 2975 3173 3337 3600 3655 3707 3728 3799 3955 3995 4096 4134 4231 4289 4428 4532 4800 4846 4861 5093 5103 5380 5916
2622 0 75 170 239 537 584 804 1594 1653 1698 2140 2252 2301 2824 3009 3245 3257 3944 4497 4634 4929 4983 4988 5002 5379 5799
2623 19 353 1103 1201 1281 1428 1700 1896 2214 2239 2953 3202 3234 3324 3512 3567 3747 4108 4131 4197 4594 4664 5489 5557 5568 5745 5910
2624 294 471 687 721 875 972 1278 1924 1944 2132 2229 2253 2473 3322 3394 3546 3704 4083 4429 4482 4511 4644 4683 5179 5808 5813
2625 212 341 593 641 694 725 730 764 932 939 974 1003 1089 1480 1794 2115 2258 2643 2928 3083 3833 3947 4013 4079 4295 4395 4829 5233 5246 5560 5635 5730 5899
2626 7 115 182 241 282 382 448 518 610 773 1102 1234 1437 1697 1890 2406 2612 2925 3023 3102 3434 3480 3506 3833 4436 4515 4609 4808 4852 4876 4912 5277 5807
2627 463 545 797 1052 1290 1514 1818 2370 2440 3187 3286 3308 3963 4260 4381 4458 4479 4522 4898 5294 5538 5795 5969
2628 47 333 629 874 940 1435 1509 1719 1833 2293 2649 2755 2917 3008 3261 3378 3623 3922 4407 4722 4745 5105
2629 167 170 703 1399 1622 1643 2019 2599 2775 2859 3829 4164 4329 4453 4548 5066 5588 5868 5955
2630 88 177 222 478 549 607 708 1080 1393 1562 1582 1588 1650 2046 2183 2564 2699 3453 3929 4454 4838 5262 5848
2631 51 407 631 796 972 1082 1528 2774 2887 2898 2944 3116 3295 3401 3474 3593 3634 3639 3788 3988 4051 4105 4189 4209 4443 4552 4620 4637 4744 4783 4877 4896 4973 5021 5487 5765 5887 5914
2632 332 338 351 517 526 634 1030 1194 1246 1306 2442 2793 2816 2840 2880 3278 3302 3330 3483 3514 3524 3615 4136 4427 5039 5153 5208 5225 5294
2633 102 563 628 640 1163 1386 1457 2173 2242 2293 2315 2406 2742 3083 3433 3705 4254 4513 4591 4687 4828 4921 5485 5592 5792
2634 826 1285 1432 1732 1815 2347 3011 3274 3303 4055 4097 4519 4524 5054 5059 5289 5339 5618 5828 5839 5937
2635 201 591 655 1317 1463 1666 1698 1706 2061 2151 2155 2230 2424 2990 3336 3373 3405 3464 3630 4009 4278 4312 4451 4560 4804 4950 5918 5934
2636 315 522 843 953 1107 1372 1457 1486 1804 2057 2370 2554 2694 2766 2990 3061 3081 3109 3665 3743 3825 3886 3935 3972 3993 4064 4079 4099 4310 4330 4416 4459 4914 4977 5035 5062 5162 5297 5366 5373 5389 5453 5502 5762
2637 167 370 575 612 617 685 717 1116 1242 1572 1630 1739 1800 1873 2694 2746 2835 3965 4170 4428 4484 4781 4783 5053 5525 5710 5769
2638 1088 1229 1456 2473 2549 2600 2725 3348 3358 3924 4019 4129 4344 4563 5094 5145 5670 5836
2639 28 240 466 516 580 855 1322 1353 1766 1815 2192 2556 2895 3156 3446 3585 3651 4023 4052 4574 4687 4767 4861 4979 5105 5445 5517 5875 5988
2640 108 153 474 561 837 866 896 956 1336 1344 1358 1602 1615 1736 1853 2088 3069 3257 3553 3905 4079 4238 4671 4949 5042 5374 5578 5726 5879
2641 376 404 640 707 780 954 1030 1291 1328 1336 1339 1702 1920 2214 2366 2468 2545 3348 3721 3775 4006 4145 4391 4428 4658 4738 4806 4824 5085 5198 5248 5328 5623 5647 5723
2642 242 372 649 675 1092 1255 1302 1488 1490 2014 2763 3052 3061 3657 3760 3909 4107 4281 4372 4654 4697 5091 5186 5275 5497 5533 5573
2643 245 251 271 320 394 423 634 843 1023 1049 1476 1629 1758 1882 2535 2573 2625 2879 2991 3001 3274 3292 3578 4206 4275 4457 4517 4518 4677 4685 4784 4937 5458 5485 5773
2644 49 336 389 492 699 847 943 1105 1253 1290 1593 1594 1604 1618 1730 2051 2079 2255 2288 2771 2783 2844 3028 3289 3300 3553 4103 4406 5214 5430 5477 5780 5838
2645 16 55 388 776 1290 1311 1612 1948 2281 2447 2471 2496 2776 2955 2956 2958 2989 3153 3233 3330 3429 4407 4952 4966 5407 5765 5771 5787
2646 358 733 1340 1596 1761 1825 1917 2356 2688 2795 2946 3004 3113 3269 3293 3446 3485 3627 3674 3848 3928 4048 4160 4262 4790 5059 5429 5433 5809 5811 5894
2647 54 296 623 710 758 768 1003 1062 2228 2313 2902 2973 2977 4243 4765 5081 5263 5703 5747 5786 5873
2648 124 382 750 768 1006 1251 1445 1616 2010 2091 2288 2351 2374 2457 2611 2707 2850 2992 3200 4069 4582 4811 5163 5414 5532 5604 5699 5807
2649 218 396 762 822 1037 1087 1188 1797 1916 1917 2490 2563 2603 2628 2755 2962 3096 3257 3429 3541 3542 3947 4008 4091 4146 4330 4668 5519
2650 63 274 286 1234 1363 1379 1405 1628 1729 1980 2077 2175 2412 2549 2831 2868 2919 2938 3075 3352 3455 3493 3627 3657 3879 4065 4779 5114 5795 5818 5857 5983
2651 402 1036 1817 2106 2302 2492 2571 2673 2774 2890 3119 3256 3368 3596 3692 3902 3961 4009 4064 4773 5119 5395 5441 5470 5499 5577 5787 5855 5857 5930 5962
2652 38 459 508 564 600 766 838 1085 1208 1277 1849 2056 2098 2241 2252 2283 2685 2745 2934 3402 3735 3780 4110 4124 4443 4777 4820 5319 5609 5640 5763 5867
2653 42 145 786 835 1335 1397 1516 2124 2321 2608 3269 3636 3767 3863 3900 3990 4019 4024 4169 4702 4857 5027 5684
2654 36 122 240 341 609 675 776 780 1153 1760 1948 2410 2517 2759 2810 3051 3113 3120 3419 3650 3720 3727 4168 4418 4491 4746 4803 5146 5192 5376 5619 5656 5685
2655 15 83 233 491 509 621 631 703 1076 1429 1560 1661 1830 2018 2030 2979 3052 3179 3402 3930 4603 4679 4741 4745 4764 5247 5565 5782
2656 90 110 172 262 269 456 834 846 850 1462 1497 2255 2302 3330 3344 3441 4120 4471 5175 5311 5472 5493 5527 5607 5832 5935
2657 113 180 193 396 466 628 1220 1340 1461 2142 2313 2527 2590 3360 3466 3500 3528 3552 3566 4041 4352 4757 5929
2658 104 626 765 918 1025 1257 1465 1558 1666 1803 1805 1925 2502 2513 2664 2707 2781 3325 3355 3413 3645 3660 3733 3856 4052 4207 4281 4349 4857 5076 5274 5533 5738
2659 426 432 583 735 761 805 807 854 986 1008 1166 1250 1599 1827 1838 1880 1895 1990 2165 2316 2338 3122 3140 3222 3485 3643 3791 3857 3968 4041 4137 4363 4392 4867 5025 5091 5181 5224 5332 5619 5751
2660 183 195 616 858 963 1051 1413 1602 1632 1740 2050 2683 2871 3323 3496 3539 3894 3959 4607 4637 4817 5986 5989
2661 149 168 419 1184 1538 1593 1850 2086 2380 2584 2817 3355 3501 3583 3721 3987 4539 4616 4688 4690 4827 5279 5637 5711 5777 5875
2662 323 352 825 909 1060 1321 1374 1402 1483 1550 1578 2073 2264 2389 2451 2527 2617 2763 2770 2791 3318 3666 3851 4030 4647 5142 5632 5679 5723 5885
2663 191 202 204 249 656 1012 1023 1040 1091 1423 1460 1531 1588 1653 2026 2220 2361 2538 2620 2833 2943 2960 3495 3804 4034 4040 4049 4172 4224 4282 4797 4880 5128 5177 5292 5790
2664 105 463 582 952 972 1243 1403 2658 2808 3099 3408 3854 3865 3950 4097 4251 4506 4617 5088 5145 5294 5448 5532 5608 5610 5656 5657
2665 182 330 824 1153 1258 1502 1758 1781 1802 1810 1934 1990 2200 2407 2480 2749 2814 2835 2943 3132 3203 3224 3264 3312 3501 3647 3717 3790 3902 3944 3988 4236 4415 4898 4995
2666 362 388 640 751 1047 1472 2284 2345 2701 2906 3040 3753 3839 3905 4000 4006 4825 5262 5356 5438 5489 5725
2667 357 402 669 764 1122 1162 1820 1947 2179 2319 2419 2548 3085 3198 3378 3664 3871 3885 4730 5128 5156 5199 5641
2668 10 61 213 650 1048 1145 1258 1466 1545 1861 1915 2074 2180 2357 2851 2970 3193 3536 3778 3806 3957 3979 4026 4632 4684 4746 4751 5106 5620 5624 5727 5988
2669 125 410 520 721 924 1245 1551 1577 1765 2223 2764 2841 3173 3179 3533 3628 3744 3774 3778 3790 4046 4344 4497 4501 4527 4584 5108 5135 5163 5189 5503 5637 5707 5859 5898
2670 33 427 503 873 957 1108 1196 2100 2110 2130 2583 2774 3104 3346 3360 3426 3459 3681 4230 4308 4585 5019 5260
2671 65 109 450 470 690 893 1056 1191 1329 1483 1574 2083 2307 2317 2721 2975 2981 3064 3167 3378 3734 3871 4225 4300 4716 4884 4939 5108 5282 5418 5773 5849
2672 60 99 136 391 672 715 723 904 1127 1237 1710 2055 2094 2131 2862 2950 3316 3926 4594 4863 4892 5212
2673 10 184 543 556 614 726 832 948 1062 1076 1180 1740 2018 2120 2131 2140 2283 2651 2733 2983 3134 3725 3759 3786 3814 3872 4286 4303 4626 4851 5263 5427
2674 43 309 534 646 681 752 905 1424 1628 1763 1826 1999 2045 2088 2250 2441 2812 2925 2944 3730 3742 3909 4626 4683 4712 4796 4838 4949 5087 5122 5271 5734 5911 5931
2675 735 773 789 936 1200 1918 2855 3227 3480 3594 3716 3731 4119 4345 4404 4414 4456 4581 4720 4753 4892 4979 5042 5413 5611
2676 849 893 1392 1797 2147 2252 2365 2613 3016 3022 3229 3593 3632 3647 3656 3832 4001 4501 4564 4624 5218 5319 5441 5740 5930
2677 165 478 680 742 750 1135 1451 1478 1486 1704 1925 2333 2708 2815 2886 3109 3599 3898 4081 4254 4354 4763 5151 5484 5633 5755
2678 129 536 698 719 765 845 1004 1177 1296 1363 1664 1834 1847 1886 2267 2414 2466 2563 2922 3002 3569 3676 4075 4601 5003 5103 5177 5396 5419 5700 5716 5771 5794
2679 101 352 562 1133 1217 1225 1517 1534 1567 1684 1710 2319 2416 2606 3133 3405 3521 3654 3658 3835 3944 4106 4177 4514 4578 5109 5672
2680 124 139 289 313 514 574 1690 1770 1853 1967 2242 2293 2737 2801 2934 2965 2984 3099 3168 3343 3485 3526 3603 3620 3698 3704 3847 4113 4256 4279 4444 4757 4954 5057 5587 5654 5740 5848 5957
2681 390 622 631 655 1013 1299 1479 1705 1721 1812 1833 1990 2218 2435 2482 2795 2806 2968 3012 3105 3511 3821 3924 3948 4281 4507 4675 5153 5548 5748 5760
2682 46 117 598 694 1043 1161 1774 1867 1959 2143 2211 2707 2722 3142 3844 4272 4305 4447 4472 4653 4658 4775 4784 5857 5960
2683 563 571 837 920 934 946 983 1294 1817 1838 2122 2301 2379 2660 2848 2853 2913 3035 3119 3251 3300 3359 3526 3874 4004 4137 4151 4268 4272 4323 4592 4724 4824 5367 5397 5588 5812 5940
2684 18 151 301 397 514 521 937 970 1218 1598 2093 2551 2555 2575 2834 2960 3111 3154 3201 3265 3353 3402 4397 5093 5166 5340 5431 5727 5986
2685 269 547 564 572 812 858 885 1199 1389 1894 2435 2652 2860 2996 3021 3107 3990 4016 4325 4488 4561 4628 4742 5243 5265 5288 5510 5731 5913
2686 290 323 334 1122 1649 1688 2138 2322 2490 2849 2862 3412 3514 3526 3532 3625 3961 4127 4207 4230 4569 5226 5367 5844 5929 5966
2687 449 505 651 752 1006 1033 1063 1433 1712 1808 2016 2136 2475 2492 2558 2591 3326 3495 3736 3871 3909 3920 3951 4016 4154 4171 4255 4270 4340 4987 5002 5269 5571 5862
2688 143 236 324 522 530 531 603 789 861 1131 1335 1566 1770 2007 2084 2097 2110 2169 2247 2646 2857 2863 3464 3500 3744 3832 4196 4414 4783 4910 4999 5004 5032 5110 5230 5469 5571 5650
2689 210 241 692 707 1455 1545 1593 1716 2043 2835 2874 3000 3011 3369 3417 3724 3942 3949 4119 4299 4363 4510 4563 4677 4993 5306 5903
2690 789 901 982 986 1022 1105 1352 1523 1799 2130 2234 2423 2488 2781 2861 3015 3275 3561 3895 3921 4089 4144 4399 4492 4652 4669 4833 5294 5414 5641 5653 5704
2691 712 755 1387 1615 1651 2096 2118 2284 2553 3574 3917 4006 4059 4699 4721 5034 5139 5376 5392 5488 5791 5910
2692 102 123 253 573 799 940 1124 1597 1775 1907 1968 2035 2379 2434 2851 2929 3152 3182 3232 3449 3480 3922 3933 4642 4800 4852 5145 5206 5365 5571 5891 5960
2693 876 970 1182 1236 1387 1485 1487 1549 1791 2192 2385 2517 2723 2750 2778 2864 2931 3106 3192 3301 3374 3501 3775 3949 4059 4103 4139 4162 4289 4517 4724 5067 5090 5653 5875 5881 5950
2694 168 289 610 673 710 1197 1267 1314 1608 1622 1663 2213 2553 2636 2637 3108 3164 3203 3459 3496 3531 3811 3829 3922 3963 4361 4446 4529 4561 4601 5156 5412 5471 5612
2695 383 633 725 787 2349 2423 2858 2868 2873 3718 3751 4864 5238 5259 5301 5359 5425 5431 5567 5953
2696 76 522 595 670 1155 1259 1322 1326 1369 1492 1568 1885 1907 2181 2340 2552 2924 2976 3059 3475 3736 3974 4215 4312 4508 4509 4821 4913 5159 5343 5370 5435 5444 5660 5846
2697 265 671 778 859 1035 1070 1321 1344 1466 1529 1863 1876 1912 2059 2147 2851 2866 2900 2940 3294 3388 3926 3998 4608 5359 5389 5420 5536 5578 5707
2698 410 477 549 624 765 921 932 1048 1097 1535 1976 2262 2435 2572 2996 3002 3025 3040 3076 3200 3220 3418 3829 3982 4311 4432 4494 4643 4819 4980 4991 5823
2699 987 1290 1571 2024 2346 2630 2870 2952 3049 3231 3321 3520 3528 3582 3745 3940 4100 4214 4350 4892 5005 5256 5354 5421 5749 5976
2700 10 74 139 316 437 469 884 903 1180 1200 1328 1511 1554 1560 1722 1825 1826 1929 2318 2360 2505 2603 3019 3038 3149 3666 3683 3793 3883 4509 4875 4895 5220 5406 5413 5506 5563 5686 5915
2701 260 366 507 1657 2213 2666 2810 2868 2921 3004 3159 3369 3424 3550 3588 3892 4111 4442 4635 5000 5231 5513 5759 5771
2702 34 117 164 169 410 538 1021 1107 1197 1270 1679 1715 1902 2040 3395 3761 3853 3969 4482 4621 5204 5691 5733 5799
2703 28 120 193 885 986 1000 1069 1139 1275 1315 1327 1367 1526 1543 1934 2110 2166 2423 2613 3013 3561 3669 3759 3853 4225 4315 4318 5334 5432 5515 5589 5640
2704 269 304 625 795 1258 1518 1674 1706 1779 1949 2008 2074 2259 2287 2387 2710 2751 2872 2891 3004 3300 3309 3347 3396 3536 3593 3599 3636 3883 3938 4023 4036 4093 4412 4559 4953 5713 5986
2705 50 281 317 387 508 999 1045 1211 1213 1396 1407 1809 1810 1972 2078 2948 2999 3231 3242 3536 3661 3689 3772 3830 3874 4177 4798 5083 5101 5294 5436 5979
2706 69 146 313 1843 2004 2031 2247 2254 2320 2382 2962 3203 3274 3666 3800 3865 3998 4237 4332 4642 4826 5027 5315 5506 5867
2707 286 465 533 752 988 1433 1637 1653 2203 2338 2562 2575 2648 2658 2682 2814 2867 3009 3070 3077 3339 3675 3781 4022 4181 4733 4832 5027 5117 5278 5488 5864
2708 44 833 1400 2347 2677 2760 2926 2976 3025 3080 3172 3289 3489 3515 3517 3828 3982 4089 4152 4173 4321 4525 4605 4935 5007 5114 5201 5663 5709
2709 162 489 505 511 865 876 953 1468 1626 1865 1936 2473 2790 2808 3498 3829 3888 3926 4036 4376 4706 5093 5199 5234 5612 5701 5828
2710 143 197 208 436 466 600 854 870 1118 1174 1338 1734 2133 2276 2360 2466 2620 2704 3547 3749 3837 3987 4371 4442 4569 4695 5016 5125 5460 5551 5761 5957
2711 481 539 1074 1487 1814 2205 2584 3092 3216 3587 4107 4647 4968 5057 5113 5936
2712 184 387 523 723 736 767 798 820 1439 2273 2327 2502 2608 3193 3305 3368 3555 3612 3712 4127 4517 4530 4640 4815 4860 4933 4942 5247 5314 5404 5486 5651
2713 45 74 321 751 754 981 1056 1108 1827 1883 1905 2339 2572 2599 2882 3102 3179 3216 3660 3951 4022 4085 4291 4550 4998 5013 5341 5352 5488 5917 5977 5980
2714 117 322 359 374 903 1046 1183 1190 1262 1658 2381 2548 2753 3048 3322 3553 3733 3933 4023 4433 4623 4670 5278 5328 5341 5927
2715 282 301 392 599 725 875 876 966 1087 1321 1331 1547 1600 2256 2433 2500 2833 3072 3153 3187 3297 3448 3624 3945 4029 4142 4580 4887 4908 5282 5607 5797 5955
2716 85 205 669 1123 1175 1248 1280 1681 1740 1774 1780 2055 2400 2429 2436 2918 2953 3399 3735 3783 3810 3896 4348 4672 4948 5162 5293 5796
2717 133 179 339 469 592 950 1254 1267 1347 1364 1495 1621 2369 2510 3473 3665 3889 4189 4258 4294 4320 4635 4753 4896 4982 4996 5301 5348
2718 138 179 352 362 827 868 995 1144 1847 1888 2358 2454 2719 3031 3555 3645 3865 4008 4141 4261 4428 4958 5079 5688
2719 161 458 907 1345 1712 1730 2430 2589 2718 3148 3379 3553 3575 3645 3778 4068 4101 4429 4486 4686 4851 4886 5363 5525 5837
2720 156 233 252 327 359 574 788 790 982 1099 1160 1195 1264 1265 1348 1503 1552 1573 1789 1938 1950 2285 2456 2571 2780 2948 3024 3080 3169 3178 3200 3296 3362 3561 3642 3716 3805 4004 4144 4538 4879 4895 4975 5117 5198 5305 5635
2721 33 330 504 763 1458 1460 1603 1607 1864 1964 2404 2671 3155 3251 3545 3780 3809 3851 4332 4834 4855 4876 4979 4997 5229 5438 5620
2722 135 568 846 1101 1114 1170 1282 1690 2060 2220 2302 2319 2355 2434 2589 2682 3113 3212 3564 3752 3842 3939 4053 4136 4173 4227 4357 5291 5619 5686 5733
2723 313 416 674 1147 1319 1378 1508 1547 1560 1992 2287 2444 2497 2502 2693 2914 3169 3223 3271 3329 3380 3513 3549 3562 3901 4108 4496 5342 5438 5453 5479 5618 5773 5963
2724 49 537 700 703 857 885 957 970 1220 1585 2267 2292 2885 3026 3207 3778 4511 4758 5493 5525 5750 5947
2725 33 145 413 1217 1241 1358 1611 2206 2549 2638 3041 3082 3181 3267 3381 3498 3561 3809 3879 4431 4521 4583 4641 4673 4823 4845 5089 5136 5373 5397 5533
2726 269 371 454 664 681 1305 1390 1778 2069 2199 2272 2359 2388 2391 2404 2411 3367 3417 3635 3734 3742 4055 4269 4839 4903 5117 5706
2727 173 824 1098 1215 1573 1988 2044 2164 2216 2333 2500 2872 3170 3303 3469 3505 3774 3851 4137 4750 4852 5137 5308 5615 5977
2728 40 262 410 463 1495 1592 1597 1717 1731 1765 1886 2899 2918 3227 3409 3463 3563 3638 3834 4050 4097 4788 4813 4817 4818 5040 5432 5583
2729 349 423 541 596 675 709 1322 1449 1633 1715 1720 2302 2490 2553 2816 3359 3499 3889 3939 4133 4200 4429 4519 4756 4860 4877 4984 5050 5177 5552 5839
2730 74 407 561 643 675 928 1548 1840 1934 2252 2357 2418 2759 2791 2810 3064 3364 3799 3916 4216 4320 4322 4401 4651 5126 5344 5535 5666 5692
2731 0 43 436 712 731 764 876 911 1017 1246 1589 1736 2076 2101 2192 2458 2737 2794 2990 3272 3563 4434 4517 5513 5656 5697 5723 5807
2732 319 332 463 641 857 1280 1364 1520 1550 1575 1637 2072 2077 2097 2521 2800 3240 3281 3399 3727 3730 3792 4154 4176 4265 4375 4524 4952 5320 5388 5468 5521 5608 5857 5972
2733 268 347 410 638 1318 1446 1636 1760 2673 3211 3385 3450 3556 3946 4072 4224 4314 4375 4430 4461 4537 4598 4899 4985 5090 5129 5238 5390 5579 5727 5807 5865
2734 175 232 623 1150 1722 2013 2039 2838 2882 2956 2979 3209 3613 3683 4440 4966 4989 5332
2735 150 221 465 468 1026 1226 1763 1782 1846 2130 2286 2352 2401 2586 2590 2947 2953 3004 3102 3253 3543 3661 4111 4175 4224 4264 4279 4519 4682 5223 5332
2736 369 419 495 537 636 711 992 1659 1909 2049 2201 2964 2990 3200 3269 3313 3616 3653 3837 4033 4250 4260 4541 4726 5092 5115 5211 5660 5698 5773
2737 42 150 254 614 630 787 887 924 932 1010 1415 1693 1772 2073 2680 2731 2888 3077 3822 3918 3940 4035 4282 4389 4521 4586 4734 4739 4804 4806 4808 4872 5474 5632 5888
2738 14 44 494 530 539 745 1071 1086 1356 1408 1488 1957 2163 2283 2596 3001 3200 3490 4078 4269 4467 4532 4573 5186 5439 5567 5571 5641 5710 5963
2739 114 264 460 515 544 815 901 1653 1980 2029 2091 2189 2397 2809 3628 3901 4332 4535 4588 4616 4617 4622 4623 5021 5051 5151 5458 5768
2740 130 302 1390 1841 2476 2935 2973 3327 3737 3902 4088 4462 4542 4563 4967 5109 5201 5689 5970
2741 797 802 935 1114 1146 1745 1784 1887 1916 2095 2367 3048 3284 3543 3549 3586 3629 3672 3869 4134 4192 4211 4260 4525 4652 5322 5393 5428 5521 5630 5688
2742 23 229 463 612 877 1189 1357 1462 1585 1605 1821 2170 2325 2586 2633 2962 3178 3339 3539 4053 4124 4315 4338 4462 5698 5746
2743 173 428 732 808 899 908 916 963 1591 1722 1727 1821 2222 2313 2316 2334 2423 2860 3292 3318 3406 3449 3525 3674 3806 3847 3926 3950 4246 4806 4851 4870 5508 5750 5816 5958 5976
2744 272 461 484 1172 1337 1403 1569 2439 2752 2965 3362 4169 4562 4637 4718 4726 4764 4803 5342 5743
2745 215 547 792 1161 1165 1243 1348 1449 1592 1687 1713 1794 2013 2055 2120 2183 2474 2522 2652 3064 3593 3727 3912 4134 4380 4399 4891 4994 5084 5298 5436 5511 5679
2746 17 235 761 1196 1450 1511 1557 1952 2144 2396 2524 2637 2922 3303 3499 4300 4669 4804 4968 5060 5067 5730 5809 5854
2747 272 478 669 838 857 1374 2112 2315 2834 3436 3579 3841 3906 4181 4487 4493 4564 4878 5125 5196 5476 5596 5654 5843 5877 5969
2748 26 670 909 1184 1226 1326 1626 1628 1677 1801 2383 2490 2614 3588 3619 4026 4103 4236 4419 4567 5505 5960 5965 5990
2749 188 358 396 410 482 1212 1415 1515 2031 2589 2665 3057 3583 3648 3723 3739 3819 4023 4683 4729 4842 5307 5340 5430 5743 5975
2750 74 247 265 478 722 1065 1129 1412 1544 1615 1618 1672 1676 1809 1830 1854 2284 2564 2693 2982 2987 3088 3894 4193 4244 4642 4725 4808 5290 5487 5627 5996
2751 75 239 413 540 1110 1209 1215 1738 1835 1908 1917 2121 2173 2337 2704 2969 3350 3610 3649 3772 4193 4390 4461 4482 4657 4991 5232 5386 5935 5966 5992
2752 835 1025 1143 1158 1478 1482 1523 1842 1904 2131 2209 2454 2470 2488 2744 3620 3654 3682 3894 4222 4434 4491 4549 4562 4695 4863 4896 5026 5117 5123 5241 5269 5380 5483 5724 5761 5897
2753 16 129 236 692 1257 1379 1467 1506 1642 1751 1819 2102 2366 2406 2469 2714 2905 2963 3162 3182 3363 3373 3418 3422 3598 3962 4531 4536 4540 4676 4718 4903 5116 5206 5324 5700
2754 345 419 522 547 853 1505 1558 1595 1790 1830 1936 2035 2043 2240 2388 2402 2472 2475 2825 3532 3534 3549 3604 3893 4150 4309 4647 4829 4880 4953 4967 5781 5807
2755 154 308 420 429 448 1315 1794 2628 2649 2880 3004 3293 3902 3944 4025 4140 4197 4398 4549 4695 4915 4931 4947 5027 5045 5127 5413 5567 5651 5719 5764 5980
2756 331 1134 2218 2889 3211 3306 3368 3735 3814 3870 4115 4168 4663 5447 5468 5630 5787
2757 499 524 561 821 824 832 1488 1681 1798 1843 1982 2058 2414 2819 2906 3090 3352 3503 4137 4722 5082 5205 5825 5903 5946
2758 37 66 751 822 975 1190 1595 1690 1718 1753 2230 2248 2510 2884 3130 3472 3621 3697 3711 3771 3861 3962 4148 4150 4191 4225 4554 4569 4642 4845 5264 5705 5822
2759 290 427 547 1112 1421 1702 2005 2080 2174 2197 2392 2551 2654 2730 3083 3265 3332 3483 3899 4007 4397 4908 5148 5191 5431 5672
2760 149 233 832 995 1105 1280 1384 1419 1455 1495 1719 1944 2387 2441 2708 2794 3001 3285 3501 3624 3632 4048 4095 4492 4822 5824
2761 104 249 428 430 773 787 925 1404 1457 1533 2922 3125 3312 3649 4078 4396 4553 4821 5116 5281 5557 5675 5771 5851 5865 5967 5968 5997
2762 33 193 233 826 1026 1125 1384 1452 1701 2089 2124 2286 2454 2616 3617 3787 3829 3873 4032 4039 4439 4451 4734 4778 5010 5216 5252 5481 5551
2763 61 87 157 819 1034 1073 1350 1587 2119 2129 2164 2392 2642 2662 2831 3693 3846 4052 4915 5214 5529 5582 5792
2764 41 56 174 534 1301 1362 1658 2466 2669 3156 3165 4119 4147 4380 4488 4651 4912 4944 5316 5322 5502 5844 5944
2765 6 253 273 414 755 1384 1866 1913 2090 2155 2332 2366 2917 3058 3080 3153 3595 3727 3853 3981 4146 4166 4204 4562 4661 4721 4818 5391 5563 5841
2766 199 243 264 270 306 313 729 1042 1115 1277 1284 1292 1619 1853 1991 2154 2344 2365 2566 2636 2942 3023 3197 3208 3273 3383 3401 3669 3843 4289 4404 4543 4600 4616 4923 5287 5334 5367 5490 5523 5660
2767 172 202 469 750 950 960 1076 1448 1581 2088 2131 2261 2325 2424 2923 3149 3445 4056 4521 4535 4660 4787 5170 5308 5333 5422 5596 5634
2768 172 470 478 993 1039 1117 1139 1157 1304 1348 1477 1583 1690 1891 1912 1958 2128 2176 2218 2431 2447 2605 2611 2878 3029 3239 3388 3530 3688 3781 3803 3810 3837 3863 4007 4039 4526 4902 5789
2769 43 721 1007 1220 1272 1405 1555 1835 1879 2028 2035 2457 2776 3359 3599 4209 4933 5010 5063 5101 5139 5890 5989
2770 225 267 289 967 1587 1597 1698 1757 1848 1891 2215 2662 2865 2874 3546 4329 4360 4442 4480 4609 4698 4851 5032 5308 5699
2771 1 303 546 735 977 1051 1192 1572 1746 1818 1985 2067 2233 2286 2413 2443 2472 2545 2644 3105 3120 3224 3390 3594 3603 3848 4510 4746 4935 5258 5747 5815
2772 6 380 920 1156 1161 1314 1692 1696 2184 2199 2396 2472 2584 2784 3509 3674 3753 3906 3995 4059 4537 4827 5130 5664 5832 5982
2773 0 181 367 666 970 1023 1356 1642 1830 2059 2150 2198 2904 3188 3189 3292 3325 3454 3786 3793 3812 3965 4071 4190 4343 4435 5873
2774 63 215 631 658 1353 1678 2566 2631 2651 2670 2930 2937 2978 3263 3615 3957 4337 4494 4633 5181 5189 5493
2775 180 254 316 658 1159 1334 1847 1907 2135 2136 2281 2332 2381 2510 2629 2802 3240 3513 3916 4207 4336 4346 4581 4812 4873
2776 195 201 572 782 1132 1144 1406 1428 1543 2101 2113 2469 2645 2769 2815 3150 3554 4001 4169 4200 4500 4781 4837 5013 5036 5573 5808
2777 12 224 708 841 1296 1460 1596 1800 1936 1965 2072 2434 2542 2872 3429 3490 3809 4192 4682 4795 4934 5254 5486 5599 5639 5736 5836 5843
2778 37 238 352 1211 1423 1651 1745 1853 1857 2131 2192 2333 2348 2491 2693 3048 3178 3237 3357 3521 3544 3563 3571 3679 3815 4237 4292 4828 5371 5409 5731 5755 5958
2779 91 113 366 454 500 720 962 973 1031 1604 2283 2302 2372 2596 3004 3020 3111 3259 3280 3423 3542 3680 3910 4058 4092 4576 5163 5231 5321
2780 81 380 507 1255 1563 1675 1745 1944 1956 2029 2078 2292 2457 2581 2618 2720 3118 3268 3349 3422 3493 3563 3642 3796 4178 4218 4258 4318 4399 4612 4851 4952 4991 5195 5387 5437
2781 199 323 348 1010 1258 1287 1709 1722 1753 1765 2274 2454 2658 2690 2808 2860 2940 3171 3350 3485 3645 3828 3852 3930 4033 4286 4327 4339 4477 4841 4941 5032 5217 5566 5727 5795
2782 44 167 198 264 269 657 1015 1223 1236 1499 2007 2044 2070 2349 2606 2933 3093 3147 3613 3710 3812 4058 4318 4395 4569 4627 4967 5034 5116 5398 5401 5425 5920
2783 94 116 137 539 1182 1185 1831 1851 1999 2251 2311 2610 2644 3036 3132 3145 3326 3395 3488 3524 3593 3652 3710 3741 4179 4267 4576 4785 4811 4815 4909 4920 4950 5215 5421 5711 5798 5855 5878
2784 318 659 795 807 918 955 1273 1346 1385 1538 1730 1946 2048 2283 2502 2576 2772 2937 2950 3020 3295 3985 4085 4398 4422 4606 4686 4897 5016 5187 5668 5748 5854
2785 2 22 44 132 222 240 508 674 942 989 1084 1288 1348 3009 3309 3523 3538 3577 3773 3777 3866 3927 3977 4675 4676 4817 4988 5302 5566 5904
2786 140 255 431 575 692 715 796 841 1067 1612 1778 2102 2137 2158 2191 2490 2592 2792 2937 3409 3971 4272 4427 4568 4780 4820 5019 5230 5314 5329 5644 5732 5861
2787 8 53 315 519 598 674 1058 1311 1335 1519 1907 2293 2465 2556 3273 3392 3480 3498 3672 3883 4329 4504 4562 4571 4719 4910 5065 5167 5519
2788 221 336 731 1712 1717 1793 2106 2580 2831 2990 3084 3097 3195 3407 3772 3994 4029 4199 4200 4547 4585 4595 4645 4786 5083 5467
2789 57 152 154 161 322 381 614 1095 1254 1324 1431 1576 1954 1966 2087 2342 2848 3016 3243 3607 3832 4075 4212 4231 4655 4843 5060 5076 5713
2790 388 419 508 636 829 903 1076 1226 1281 1589 1681 1796 2115 2182 2550 2556 2709 3132 3160 3171 3552 3578 3800 4001 4006 4168 4196 4380 5013 5135 5266 5454 5505 5580 5752 5835 5877 5958
2791 231 255 311 412 875 904 1537 1560 2178 2662 2730 3032 3249 3313 3615 4093 4959 4990 5010 5115 5250 5345 5607 5641 5679
2792 78 158 809 1519 1632 1852 1946 2115 2138 2786 2857 2907 2956 3594 3658 3933 3991 4084 4226 5233 5239 5553 5730 5813 5854
2793 156 181 454 487 554 668 778 1094 1179 1232 1242 1991 2215 2254 2632 2850 3160 3277 3462 3808 3844 3978 4553 4673 4760 4873 4974 5206 5362 5577 5584 5655 5799 5813 5824 5895 5949
2794 17 18 160 414 852 953 1055 1236 1941 2046 2533 2731 2760 2825 2933 2945 3346 4538 4589 4725 5131 5271 5348 5363 5499 5706 5709 5944
2795 447 566 890 1268 1309 1442 1449 1488 1626 1728 1752 1969 1984 2032 2291 2318 2388 2398 2403 2621 2646 2681 3366 3582 3668 3712 3942 4045 4092 4219 4738 4751 4754 4856 4859 5028 5031 5328 5512 5970
2796 172 598 780 900 1224 1232 1264 1375 1875 1927 2031 2204 2324 2377 2804 2825 2883 2897 3099 3919 3993 4035 4143 4360 4533 4652 4740 4807 4888 5162 5443 5656 5764
2797 24 564 795 1101 1281 1439 1810 2038 2462 2807 3090 3130 3284 3657 3783 4132 4430 4619 4696 4909 5197 5394 5459 5525 5648
2798 185 373 471 650 900 1051 1132 1368 2161 2256 2456 2528 2531 3014 3184 3569 3813 3993 4173 4209 4244 4476 4693 5198 5236 5315 5394 5416 5439 5507 5915
2799 83 153 356 461 897 912 1243 1290 1637 2176 2382 2937 3318 3679 3888 4229 4635 4905 4910 5253 5517 5750
2800 63 70 342 523 618 657 707 757 923 974 1061 1349 1690 1928 2154 2732 2901 3016 3049 3178 3264 3528 3574 3628 3862 4337 4374 4471 4759 5176 5437 5989
2801 149 279 436 460 693 880 1145 1431 1700 1761 1811 2025 2234 2680 2820 2825 3088 3201 3262 3519 3601 3920 4102 4720 4915 5150 5165 5352 5461 5597 5967
2802 448 836 983 1032 1324 1344 1518 2167 2219 2313 2490 2775 2843 2912 3061 3202 4059 4074 4488 4590 4976 5152 5168 5378 5648 5805 5833 5989
2803 85 101 240 274 292 640 1057 1506 2150 2271 2610 2615 2885 2948 3105 3215 3319 3362 3458 3587 4215 4582 4632 4782 4831 4886 4912 5232 5259 5681 5930 5940
2804 9 47 381 487 598 722 819 829 886 961 968 1163 1825 1924 1937 2378 2398 2460 2796 3221 3223 3266 3404 3511 3587 3670 3888 4017 4180 4656 4761 4855 4878 5400 5479 5762 5859
2805 54 142 173 286 593 804 925 943 1229 1407 1513 1548 1646 1789 1829 2069 2252 2471 2610 3199 3638 3747 4140 4416 5059 5206 5476 5729 5790 5832 5930
2806 38 243 455 503 539 551 709 777 1017 1163 1484 1594 1830 1906 2045 2131 2344 2367 2527 2681 2953 3030 3062 3070 3243 3381 3408 3456 3460 3868 3941 4032 4500 4934 5198 5222 5276 5560 5647 5947
2807 156 170 260 400 706 967 994 2074 2092 2390 2559 2610 2797 2887 3078 3258 3449 3611 3677 3787 3916 3966 4069 4426 4846 4999 5060 5173 5273 5455 5811
2808 189 302 866 1082 1207 1219 1238 1303 1341 1413 1590 1638 1677 1708 1912 2081 2407 2412 2614 2664 2709 2781 2850 2893 2985 2998 3242 3510 3726 4185 4600 4613 5462 5502 5517 5536
2809 360 540 968 1031 1281 1403 1514 1677 2369 2384 2423 2556 2582 2739 2838 3071 3076 3574 3706 3889 3921 3956 4111 4318 4382 4449 4503 4658 5703 5768 5842 5848 5945
2810 169 431 1086 1998 2217 2234 2450 2486 2654 2701 2730 3061 3410 3806 3989 4188 5075 5081 5137 5166 5249 5270 5531 5650 5724 5776
2811 31 50 820 913 975 1057 1095 1340 1619 1692 1712 2230 2354 2866 3141 3582 3918 4083 4176 4215 4339 4342 4611 4712 4786 4842 5096 5125 5694 5874
2812 109 192 800 891 1395 1475 1534 1702 1705 2006 2304 2449 2525 2674 2950 3326 3488 3631 4199 4241 4254 4255 4340 4363 4369 4491 4700 4717 4990 5090 5603 5747 5796 5976
2813 97 208 231 480 809 872 1405 1579 1671 1835 1998 2186 2297 3013 3176 3200 3344 3477 3901 4143 4148 4178 4893 5059 5646 5690 5780
2814 63 522 545 592 636 703 1017 1725 1771 1878 2432 2482 2598 2607 2615 2665 2707 2855 3292 3556 3778 4121 4308 4359 4607 4621 4755 4847 5057 5798 5815
2815 137 363 527 631 634 666 852 869 1319 1380 1467 1844 2148 2677 2776 2887 2934 3014 3436 3630 3631 4011 4326 4644 4814 4887 4900 5174 5263 5283 5531 5684 5760
2816 94 313 359 470 475 506 687 803 1154 1472 1494 1513 1535 1605 1766 1944 2180 2203 2438 2632 2729 3140 3196 4179 4357 4564 4630 4913 5109 5445 5678 5955
2817 182 426 615 659 796 997 1057 1578 1705 1735 1750 1957 1968 2045 2377 2440 2661 2862 3316 3349 3370 3596 3615 3766 3803 3819 4112 4314 4396 4660 4798 5263 5284 5776
2818 390 403 496 626 1601 1610 2034 2108 2142 2227 2321 2390 2833 3137 3237 4066 4400 4520 4559 4870 5061 5451 5677 5742 5821
2819 16 58 499 747 756 1023 1026 1156 1400 1530 1644 1994 2034 2299 2307 2757 2883 2957 3073 3185 3258 3524 3732 3983 4313 4320 4335 4344 4863 4957 5036 5143 5554 5631 5723 5959
2820 320 347 454 569 671 1184 1465 1493 1947 2045 2287 2318 2387 2388 2390 2521 2801 2941 3017 3298 3359 3400 3676 4336 4635 5184 5571 5614 5730
2821 101 190 344 405 890 1278 1312 1330 1377 1562 1590 1976 2021 2160 2199 2299 2430 2621 3644 4185 4538 4562 4698 4774 5469 5820 5881
2822 15 66 406 417 550 607 972 1098 1176 1402 1614 2328 2534 3095 3248 3261 3433 3666 3704 3762 3940 3975 4088 4281 4315 4500 4521 4550 4673 5068 5209 5372 5456 5906
2823 11 118 120 263 560 883 1580 1674 1816 2057 2519 2892 2983 3051 3291 3525 3548 3783 3903 4219 4330 4375 4469 4584 4630 5039 5049 5110 5260 5389 5547
2824 107 134 380 492 1263 1585 1783 2017 2284 2622 3460 3681 3783 4066 4096 4209 4320 4570 4991 5118 5244 5327 5415 5438 5539 5714 5769 5876 5933 5960
2825 150 256 286 533 542 606 727 732 825 1313 1597 1758 2004 2037 2357 2754 2794 2796 2801 3047 3057 3120 3138 3502 3750 3890 4000 4067 4286 4437 4482 4488 4599 4706 4766 4925 5203 5226 5311 5406 5538 5787 5805 5911
2826 57 89 471 516 536 688 1269 1409 1549 1576 1703 1793 1801 1910 1967 2130 2306 2385 2931 2963 3111 3271 3406 3490 3598 4198 4595 4769 4988 5014 5388 5656
2827 258 278 332 355 602 612 673 798 1106 1218 1661 1719 1721 2145 2338 2978 3582 4174 4528 4570 4680 4742 4827 5130 5311 5749 5939
2828 110 424 486 919 1103 1146 1183 2015 2085 2298 2951 3038 3588 3851 4056 4138 4207 4393 4692 5447 5893
2829 231 310 403 562 621 720 775 1034 1164 1269 1370 1383 1651 1730 1773 1982 2151 2285 2579 2877 2973 3743 3855 4291 4544 4633 4712 4786 4795 4905 4946 5121 5265 5586
2830 2010 2494 2888 3029 3070 3075 3332 3497 3504 4230 4368 4789 4962 5139 5209 5953
2831 27 499 569 677 1177 1349 1364 1491 1611 1820 2210 2459 2481 2566 2650 2763 2788 2940 3451 3864 3983 4128 4159 4243 4632 5085 5143 5340 5427 5632 5684
2832 22 461 519 659 1000 1373 1628 1717 2065 2172 2192 2441 3086 3328 3472 3803 4294 4541 4618 4936 4998 5507 5721 5765
2833 171 190 368 988 1231 1475 1632 1896 1911 1936 1981 2094 2172 2233 2558 2663 2715 2818 3105 3194 3242 3338 3592 3697 3822 4030 4113 4266 4300 4302 4433 4471 4764 5155 5224 5534 5788 5946
2834 58 287 378 749 911 1471 1472 1963 2144 2152 2166 2270 2313 2684 2747 2836 2894 3190 3202 3316 3778 4414 4555 4894 4970 5084 5506
2835 36 108 153 422 539 624 1021 1240 1498 1819 1860 2094 2185 2218 2439 2571 2637 2665 2689 3001 3475 4152 4192 4451 4962 5129 5507 5539 5833
2836 87 266 334 447 517 738 1165 2255 2834 4392 4571 4670 4747 5040 5118 5236 5596 5625 5760 5839 5891
2837 208 399 508 843 1143 1314 1371 1650 1656 1657 2223 2290 2361 2395 2457 3026 3042 3060 3123 3542 3852 3987 4239 4583 4625 4903 4914 5095 5119 5155 5317 5412 5751 5762 5854
2838 98 780 872 1335 1793 1865 1940 2097 2734 2809 3016 3044 3823 4164 4185 4320 4582 4768 4826 4957 5037 5466 5468
2839 41 115 194 215 350 426 435 922 988 1027 1382 2006 2109 2187 2292 2381 2392 2465 2505 2960 3540 3631 3681 3705 4146 4364 4405 4424 4593 4608 4797 5065 5085 5400 5411 5459 5664 5933
2840 9 46 140 732 743 874 888 1051 1249 1277 1866 2155 2221 2433 2445 2466 2522 2632 3191 3451 3509 4029 4057 4104 4168 4235 4307 4481 4733 4803 4860 4885 4900 4957 5350 5484 5726 5802 5897
2841 104 435 906 948 1061 1166 1306 1470 1583 1716 1777 2220 2538 2569 2587 2669 3214 3283 3471 3752 3820 4300 4334 4896 5152 5339 5547 5714 5869 5982
2842 74 232 669 680 822 851 979 999 1480 1647 1761 2003 2533 2556 2988 3133 3654 4314 4867 5296 5371 5382 5520 5803 5931
2843 244 520 532 741 771 828 1539 1572 1574 1744 1843 2377 2463 2598 2802 2918 2980 3156 3199 3289 3425 3513 3598 3734 3870 4988 5169 5282 5388 5412 5786 5804 5938
2844 169 181 349 596 763 1039 1820 2052 2216 2243 2361 2404 2644 2937 3008 3312 3404 3554 3863 4047 4071 4302 4702 5441 5605 5628 5788 5792 5820 5837
2845 304 525 589 1300 1645 1813 1854 1941 2033 2885 2974 3364 3608 3927 4806 4872 5201 5450 5619 5907 5931
2846 465 576 844 880 1282 1295 1476 1528 1646 1677 1723 2114 2225 2534 2610 2865 2890 3090 3121 3426 3792 4354 4559 4636 5231 5301 5436 5678 5823
2847 33 94 306 823 1053 1073 1473 1657 1987 2328 2360 2446 2547 2984 3588 3674 3746 3985 4002 4009 4047 4286 4745 4775 4935 5137 5196 5641 5757
2848 42 50 99 122 152 316 319 823 1188 1359 1480 1490 1948 2282 2324 2331 2395 2445 2450 2515 2589 2683 2789 3006 3350 3395 3848 4465 4568 4803 4830 4984 5379 5449 5578 5636 5851 5954
2849 156 459 837 915 966 1008 1360 1414 1773 1814 1925 2044 2168 2686 3016 3135 3427 3596 3638 3873 3901 4016 4492 4827 4835 4929 5100 5401 5687 5698 5964
2850 18 102 695 879 933 1389 1449 1742 1766 1922 2051 2091 2190 2431 2648 2793 2808 2935 3109 3154 3526 3694 3734 3954 4042 4043 4189 4196 4220 4418 4999 5409
2851 79 607 1334 1341 1385 2020 2268 2529 2558 2668 2692 2697 3018 3024 3199 4110 4179 4194 4418 4773 4849 5024 5094 5163 5259 5673 5759 5798 5806 5809 5822 5980
2852 390 572 948 1080 1099 1317 1544 2117 2587 3068 3126 3659 3712 4378 4487 4513 4584 5122 5226 5337 5454 5483 5594 5624 5707 5747
2853 71 130 144 292 331 477 480 735 1469 1669 1867 1873 2346 2393 2683 3225 3479 3484 3762 3886 3925 3956 4164 4356 4514 4644 4802 4880 4997 5087 5107 5144 5302 5510 5665 5722
2854 183 209 312 398 420 603 615 719 1030 1333 1371 1499 1541 1570 1932 2560 2574 3279 3362 3436 3641 3679 3810 3850 3935 3949 4380 4635 4832 4833 5146 5150
2855 64 100 450 1303 1391 1497 1500 1546 1600 1775 2025 2348 2675 2814 3109 3173 3325 3454 3587 3645 3889 4370 4615 4632 4801 5290 5490 5724 5738 5753 5795 5855 5995
2856 11 255 373 381 390 402 933 1180 1419 1712 1966 1971 2007 2091 2150 2350 3140 3141 3176 3187 3366 3470 3495 3692 3709 3847 3934 4732 4884 4960 5090 5124 5147 5211 5481 5501 5729 5961
2857 37 706 751 859 885 1151 1343 1354 1432 2249 2536 2688 2792 3009 3669 3857 3877 3924 3988 4003 4154 4377 4556 4992 5085 5444 5548 5566 5704
2858 146 209 406 529 629 631 773 917 1013 1347 1848 1852 1891 2178 2621 2695 3167 4143 4161 4214 4387 4490 4538 4564 4603 4789 4793 4864 5029 5386 5679 5805
2859 150 490 896 1103 1320 1609 1817 1854 1946 2041 2149 2388 2514 2629 2880 3230 3932 3960 4076 4132 4346 4571 4638 4875 4896 4897 4930 5792 5845
2860 19 515 685 791 1042 1092 1713 1734 1761 1778 2184 2685 2743 2781 3025 3174 3388 3508 3571 3920 4751 4944 5162 5325 5363 5381 5752 5889
2861 15 359 805 984 1053 1087 1223 1336 1435 1458 1568 1620 1715 1833 1922 2353 2618 2690 3128 3436 3488 3666 4059 4553 4561 4595 4979 5022 5078 5321 5337 5543 5597 5911 5988
2862 329 409 457 592 723 771 780 946 985 1128 1152 1264 1395 1587 1684 1899 1918 1935 1986 2187 2196 2324 2501 2520 2617 2672 2686 2817 2919 3113 3263 3412 3676 3701 3781 4309 4373 4666 5190 5500 5930
2863 16 81 404 489 599 891 1059 1446 1846 1926 2043 2099 2381 2472 2546 2575 2577 2688 3122 3495 3674 3995 4086 4192 4472 4782 5093 5473 5480 5598 5739 5784
2864 177 187 251 375 383 885 914 950 1438 1614 1702 2044 2422 2693 2933 3081 3219 3350 3495 3828 4257 4538 4575 4649 4862 4907 4960
2865 150 239 456 547 869 1123 1151 1521 1580 1632 1652 1666 2007 2145 2368 2770 2846 2934 3572 3730 4282 4562 4690 4804 4827 4856 5468 5475 5532 5546 5556 5565
2866 400 611 628 960 1068 1099 1294 1353 1809 1865 1969 2172 2329 2510 2697 2811 3165 3545 3811 4132 4308 4475 4663 5085 5187 5363 5541 5567 5683
2867 282 473 949 1011 1390 1432 1609 1741 1927 2370 2414 2460 2707 2916 3068 3206 3457 3524 3752 3875 4077 4092 4262 4582 5745 5872 5873 5898
2868 35 491 689 729 733 865 939 1040 1511 2372 2575 2650 2695 2701 3116 3487 3554 3555 3701 3730 3838 4074 4158 4271 4436 4923 5072 5096 5210 5418
2869 113 178 342 1354 1600 1634 1857 1972 2178 2272 2885 3004 3123 3208 4335 4421 4448 4842 4848 4949 5070 5101 5158 5282 5303 5366 5639 5650
2870 37 64 74 813 821 824 999 1893 1924 1972 2001 2300 2309 2699 3013 3456 3484 3804 3816 3966 4050 4163 4550 4575 4887 4958 5281 5855
2871 249 449 1009 1387 1543 1546 1673 2064 2147 2170 2302 2378 2660 3308 3317 3563 3667 3834 4128 4913 5020 5043 5073 5139 5403 5920
2872 53 76 362 480 622 988 1155 1178 1229 1275 1371 1387 1408 1785 2050 2320 2335 2704 2727 2777 2942 3044 3728 3913 3982 4298 4734 4935 5081 5128 5259 5502 5556 5678
2873 678 725 788 1050 1466 1472 1741 1875 1899 2228 2356 2377 2445 2695 3433 3746 3951 4016 4522 4678 4727 5244 5315 5491 5803 5917 5936
2874 106 120 140 198 236 340 350 439 549 559 661 754 822 912 925 988 1055 1185 1254 1866 2083 2085 2153 2262 2308 2365 2689 2770 2973 3050 4330 4579 4606 5019 5236 5586 5607
2875 21 98 359 612 627 668 846 939 1477 1598 1725 1728 2091 2505 3094 3299 3359 3584 3658 3966 3984 4268 4368 4402 4412 4532 4678 5038 5660 5806 5814
2876 93 162 241 788 1069 1394 1545 1905 1991 2024 2445 3104 3197 3296 3357 3462 3607 3637 4290 4399 4547 4582 4732 4812 4966 5097 5394 5716 5881
2877 124 190 411 505 679 929 1440 1615 1717 1852 1956 2097 2466 2595 2829 2915 2972 3466 3662 3766 4379 4748 4866 4951 4984 5070 5191 5211 5328 5355 5359 5570 5748 5946 5949
2878 753 1120 1409 1496 1644 1753 1895 1918 2205 2768 2980 3309 3561 3707 3959 4048 4305 4720 4826 5118 5566 5744 5748 5874 5881 5958 5991
2879 82 141 262 881 1506 1560 1599 1780 1872 1882 2492 2553 2643 2916 3021 3155 3205 3447 4016 4090 4204 4635 4727 5289 5525
2880 29 30 210 239 317 370 723 1267 1436 1535 1628 1631 1965 2103 2109 2281 2381 2469 2544 2632 2755 2859 3169 3395 3889 5037 5098 5107 5291 5352 5420 5525 5915
2881 74 452 1010 1403 1555 2032 2176 2491 2516 2610 2885 2931 2977 2983 3203 3269 3338 3453 3577 3770 3801 3989 4432 4514 4616 4663 5180 5258 5655 5686 5695
2882 41 79 163 184 253 283 361 382 598 886 1409 1412 1628 1760 1826 1970 2090 2276 2421 2713 2734 2891 3067 3286 4023 4056 4222 4285 4509 4584 4896 5003 5151 5358 5594 5598 5870 5954
2883 169 224 379 545 837 1025 1221 1289 1837 2539 2796 2819 3159 3162 3359 3529 3550 3765 3814 3842 3859 4299 4411 4448 4680 4778 5156 5360 5453 5980
2884 111 350 431 511 578 1313 1526 1647 2230 2278 2438 2608 2758 2944 3437 3579 3813 3883 4431 4442 4667 4980 4986 5006 5871
2885 218 462 1149 1178 1420 1692 1801 1819 1955 1993 2464 2724 2803 2845 2869 2881 2993 3024 3197 3331 3368 3508 3710 4762 4827 4938 5041 5513 5673 5701 5980
2886 101 311 492 1227 1989 2425 2677 3419 3456 3713 3927 4128 4932 4973 5127 5311 5357 5497 5544 5634 5691 5781 5784 5805 5897
2887 33 43 743 1682 1780 1800 1818 2143 2446 2558 2631 2807 2815 2925 3295 3432 3741 3797 3892 4169 4329 4825 5109 5166 5376 5420 5472 5696 5791 5833 5871
2888 44 150 198 1006 1237 1273 1568 1617 1877 1885 1963 1972 2071 2307 2367 2370 2404 2737 2830 3094 3635 3907 4047 4379 4506 4753 4766 4853 4912 4954 5193 5357 5447 5628
2889 146 245 320 671 681 1452 1910 2300 2422 2490 2756 2895 3293 3654 3914 3995 4096 4218 4648 4814 4882 5039 5096 5100 5206 5392 5572
2890 108 135 251 318 784 808 1585 1620 1962 2651 2846 2938 3361 3421 3563 3583 3594 3709 3784 3803 4363 4384 4487 4588 4689 4710 4933 5076 5556 5657 5771 5777 5857 5986
2891 112 137 145 149 213 260 466 593 678 1027 1402 1650 2010 2128 2263 2366 2591 2704 2882 3004 3137 3319 3445 3537 3840 4029 4632 4672 4820 5391 5619 5686
2892 25 449 523 541 1225 1273 1391 1752 2391 2393 2620 2823 2930 3227 3264 3345 3520 3580 3885 4212 4432 4471 4779 4854 5039 5082 5316 5484 5510 5669 5901
2893 528 732 739 942 1176 1224 1687 1697 2087 2396 2512 2808 3008 3728 3877 4006 4128 4170 4302 4635 4720 5398 5460 5690 5770
2894 206 423 571 1144 1295 1431 1547 1672 2149 2526 2834 2916 2937 3140 3191 3216 3513 3868 3970 3979 4010 4041 4526 4866 5175 5431 5468 5687
2895 56 90 751 1082 1569 1780 1945 1998 2000 2020 2432 2452 2639 2889 3318 3490 3726 3790 3953 3978 3989 4231 4311 5299 5309 5362 5983
2896 66 435 479 1004 1398 1504 1743 2007 2017 2029 2058 2090 2190 2517 2968 3325 3428 3674 3777 3978 4155 4233 4355 4426 4511 4544 4576 5205 5328 5393 5613 5669 5788 5833 5927
2897 31 34 180 373 636 647 917 921 1054 1554 1801 1855 1930 1958 2333 2796 2994 3023 3047 3873 3963 4347 4356 4359 5222 5342 5364 5776 5983
2898 3 179 398 980 1396 1522 1816 1870 2084 2115 2404 2631 3329 3555 4216 4236 4584 4675 5026 5652 5958
2899 102 167 371 382 1246 1277 1531 1663 1761 2022 2728 2981 3800 3856 4124 4176 4302 4345 4513 4615 4853 4951 5796
2900 416 624 881 1047 1097 1401 1729 1797 1800 1804 2107 2211 2613 2697 3001 3079 3187 3410 3594 3675 3742 3751 3855 4215 4293 4336 4385 4408 4488 4857 4996 5073 5342 5576 5628 5679
2901 26 781 958 1017 1206 1345 1442 2232 2800 3452 3827 4052 4092 4245 4488 4513 4560 4686 4691 4841 4873 4942 5260 5723 5736 5793 5834 5925
2902 92 523 756 1159 1640 1752 1831 1861 2093 2338 2453 2569 2588 2647 3065 3920 3930 4029 4261 4579 4986 5011 5203 5989
2903 58 262 428 924 999 1387 1511 2099 2168 2174 2930 2984 3001 3654 3905 4239 4596 5092 5149 5324 5730
2904 131 301 306 330 766 778 819 1223 1269 1431 1878 2001 2154 2297 2506 2532 2773 3074 3276 3424 3425 3830 3848 4205 4218 4264 4639 5058 5074 5195 5349 5364 5541 5675
2905 223 616 657 1200 1515 1883 1957 2252 2264 2586 2619 2753 3594 3601 3732 3764 3873 4025 4311 4340 4415 4830 4909 5277 5667
2906 129 230 1006 1069 1070 1592 1722 1726 1754 1803 2076 2666 2757 3283 3329 3420 3563 3807 3914 4438 4482 4488 4677 5094
2907 242 314 440 482 521 536 968 1198 2088 2131 2218 2792 3023 3679 3742 4035 4385 4413 4464 4785 4940 4953 5091 5219 5381 5575 5895
2908 26 68 460 499 540 556 639 746 1013 1033 1101 1337 1473 1772 1860 2019 2236 2285 2399 2948 3431 3531 3675 4272 4276 4431 4442 4596 5075 5243 5650 5736
2909 101 569 680 772 869 1032 1186 1437 1684 2262 2597 2918 2942 3056 3080 3567 3572 3804 3963 4218 4502 4521 4565 5341 5381 5720 5889 5932
2910 647 657 1232 1304 1818 1868 2002 2254 3304 3350 3450 3546 3574 4129 4254 4678 4707 4806 4846 4975 5127 5190 5332 5975
2911 170 420 954 1041 1068 1206 1428 1608 1616 1951 1959 2007 2481 2575 2947 3423 3427 3519 3638 3921 4285 4302 4409 4411 4448 4818 4909 5271 5306 5480 5780 5933
2912 7 530 569 649 735 829 988 1108 1372 1732 1920 2039 2129 2155 2196 2307 2605 2802 3138 3553 3565 3855 4045 4098 4169 4585 4588 4717 4792 5598
2913 246 265 600 644 891 1114 1176 1278 1863 1905 1913 1994 2074 2100 2325 2334 2344 2683 3475 3678 3806 3863 3963 4159 4173 4303 4327 4869 4896 4903 4909 5144 5472 5679 5713
2914 74 176 337 556 786 803 940 1141 1144 1176 1203 1306 1367 1431 1741 2398 2723 2920 3332 3540 3619 3627 3679 4224 4472 4671 4745 4845 4889 4961 5256 5416 5533
2915 232 1376 1446 1529 1746 1797 1945 2004 2015 2127 2462 2521 2877 2963 3176 3325 3495 3521 3542 3852 3984 4041 4125 4419 4433 4438 4694 4807 4870 5242 5544
2916 489 875 1114 1388 1445 1534 1623 1626 1863 1945 1949 2011 2077 2151 2378 2457 2481 2562 2867 2879 2894 2917 3139 3183 3314 3415 4171 4187 4405 4416 4605 4654 4715 5041 5568 5896 5997
2917 144 249 255 643 742 872 1007 1008 1274 1315 1328 1609 1860 2020 2317 2628 2765 2916 2973 3221 3236 3421 3662 3718 3737 3784 3819 3931 4190 4437 4513 4541 4685 4924 4949 5061 5320 5353 5550 5746 5836
2918 223 409 423 784 939 1206 1400 1561 1655 1757 2002 2047 2113 2222 2716 2728 2843 2909 3369 3637 3648 3937 4093 4148 4246 4894 4998 5538 5624
2919 473 479 575 914 1094 1112 1280 1552 1919 2358 2650 2862 2931 3066 3469 3856 4096 4152 4513 5023 5252 5495 5867 5927
2920 471 504 1180 1188 1494 1559 1717 1719 1746 1765 1786 1870 1875 2193 2299 2336 2914 3001 3028 3075 3136 3159 3286 3357 3384 3747 3833 4325 4328 5135 5488 5910 5931
2921 52 88 255 324 376 587 1020 1047 1428 1701 1735 2045 2119 2522 2701 3389 3476 3589 3716 3758 4101 4298 4483 4567 4864 4892 5059 5068 5561 5606 5809
2922 272 570 993 1065 1070 1080 1292 1693 2229 2305 2678 2746 2761 3130 3668 3814 4078 4180 4207 4355 4386 4658 4698 4777 5552 5604 5840 5915
2923 99 601 729 842 848 863 1017 1241 1466 1469 1490 1493 1718 1966 2066 2767 2985 3478 3634 3752 4049 4353 4527 4559 4728 4928 5020 5031 5044 5217 5413 5893 5915 5935
2924 87 251 645 792 900 1267 1302 1531 1735 1776 1779 2017 2366 2696 3078 3139 3328 3471 3609 3640 3672 3869 4361 4894 5026 5154 5460 5738
2925 354 441 1142 1344 1418 1419 1508 1541 1592 1653 1738 1902 2130 2155 2239 2308 2626 2674 2887 3079 3600 3795 4063 4180 4209 4224 4523 4737 4814 5102 5137 5272 5548 5615 5745 5755 5834 5890 5969
2926 121 217 258 564 591 628 722 750 938 939 1359 1564 1707 1743 2073 2419 2482 2483 2708 2967 3093 3363 3399 3475 3537 3610 4186 4461 4895 5332 5653 5859 5974
2927 567 572 689 724 1205 1224 1597 2306 2307 2320 3145 3367 3373 3779 3965 4103 4442 4454 4583 4664 4905 4962 5052 5127 5199 5217 5286 5335 5397 5498 5816
2928 203 303 338 990 1011 1071 1189 1290 1856 1912 1948 1986 2226 2625 3645 4220 4298 4364 4431 5072 5463 5838
2929 374 792 825 850 1156 1488 1524 2073 2186 2488 2692 2954 3111 3117 3570 3852 3867 4073 4258 4315 4505 4920 5217 5306 5312 5458 5501 5544 5828 5866 5910
2930 15 408 588 626 632 712 787 1021 1260 1350 2092 2318 2547 2585 2774 2892 2903 2989 3061 3632 4061 4578 4580 4632 5548 5588 5610
2931 652 711 720 823 825 864 902 1030 1140 1156 1170 1430 1849 2104 2156 2160 2176 2186 2449 2586 2693 2826 2881 2919 2988 3032 3086 3143 3952 4082 4274 4314 5742 5895 5930 5940
2932 136 336 357 402 416 427 718 735 1268 1350 1470 1586 1998 2102 2318 2493 2977 3058 3512 3892 3936 3954 4109 4656 4896 4959 5499 5534 5569 5580 5789 5819 5835
2933 112 147 207 299 305 376 394 503 1280 1375 1462 1793 1998 2029 2373 2571 2782 2794 2864 3185 3355 3714 4111 4194 4283 4366 4520 4548 4564 4629 4648 4673 4838 4975 5009 5106 5169 5220 5530 5932
2934 101 146 393 622 655 662 902 1093 1301 1312 1371 1883 1901 2096 2490 2535 2652 2680 2815 2865 3260 3955 3964 4143 4159 4474 4631 4879 5001 5063 5213 5382 5511 5561 5627
2935 319 362 366 520 738 870 1471 1516 1906 2135 2553 2740 2850 3115 3269 3427 3469 3855 3875 3929 4190 4317 4539 4561 4985 5158 5317 5398 5565 5982
2936 322 494 621 1186 1232 1870 2159 2410 3258 3279 3381 3552 3559 3679 3804 3951 4017 4051 4227 4426 4477 4513 4827 4916 5041 5237 5438 5472 5483 5560 5662
2937 6 181 546 615 809 862 869 907 1020 1509 1557 1622 1749 1839 1948 2285 2462 2521 2774 2784 2786 2799 2844 2894 2985 3103 3297 3592 3594 3677 3799 4165 4274 5187 5242 5318 5460
2938 31 137 486 965 1405 1541 1566 2275 2371 2373 2424 2428 2521 2551 2650 2890 3160 3601 3650 4014 4335 4498 4584 4646 5143 5223 5272 5424 5963
2939 22 177 194 203 423 485 1167 1734 2075 2080 2189 2303 2338 2985 3029 3122 3273 3450 3686 3726 3890 4090 4110 4198 4319 4808 4884 4910 5098 5119 5262 5441 5904 5967
2940 96 144 350 630 758 928 986 999 1723 1763 1792 1948 2132 2271 2360 2697 2781 2831 2987 3091 3096 3195 3533 3794 3944 4018 4512 4644 4989 5080 5332 5356 5416 5419 5734 5870 5963
2941 251 441 583 621 951 1338 1349 1469 2034 2071 2306 2820 3036 3886 4044 4175 4214 4877 5475
2942 107 484 560 597 841 880 1110 1179 1292 1318 1585 1677 1762 2003 2115 2333 2766 2872 2909 3232 3243 3273 3277 3485 3604 3628 4002 4005 4085 4421 4635 5011 5015 5297 5498 5814 5866
2943 24 66 126 246 382 393 539 946 1170 1178 1421 1546 1916 2381 2663 2665 3389 3403 3804 3811 4066 4199 4513 4755 4925 4926 4979 5394 5855
2944 153 563 735 1018 1142 1225 1519 1547 1585 1841 2048 2631 2674 2884 3132 3313 3315 3406 3428 3741 3756 3767 4556 4704 5269 5375 5557 5619 5620 5758 5926 5954
2945 91 99 224 241 342 450 490 787 842 991 1152 1259 1429 1481 1907 2220 2356 2794 3004 3903 3997 4114 4370 4431 4588 4757 5051 5164 5170 5198 5401 5402 5971
2946 164 182 268 288 895 959 1690 2512 2597 2646 3849 3911 3946 4275 4735 4889 4966 5003 5164 5190 5379
2947 87 111 199 390 406 418 494 607 786 1456 1524 2070 2510 2735 2911 3067 3141 3195 3463 3777 4058 4377 4398 4759 4922 5427 5620 5670 5899 5998
2948 141 528 888 1298 1521 1714 2078 2382 2431 2705 2720 2803 2908 3070 3256 3284 3627 4517 4578 4750 5403 5478 5537 5607
2949 625 695 1125 1133 1253 1315 1587 1630 1682 2036 2379 2973 3573 3748 3761 3871 4009 4271 4502 4709 5353 5554 5957
2950 604 1297 1314 1591 2059 2254 2317 2385 2672 2784 2812 3279 3663 3718 3732 4091 4424 4555 4670 4680 4898 4940 5110 5262 5273 5293 5467 5723
2951 295 340 366 371 534 777 836 1101 1117 1249 1359 1470 1579 1895 1898 2007 2020 2065 2112 2199 2444 2828 3110 3118 3335 3361 3434 3486 3626 4179 4417 4593 4887 4983 5341 5359 5628 5809 5911
2952 28 58 143 541 794 1061 1672 1710 1791 1890 1945 2244 2310 2699 3004 3842 3879 4028 4230 4719 4836 4990 5036 5561 5841 5844 5895
2953 122 733 895 926 979 995 1108 1259 1717 1747 2197 2314 2623 2716 2735 2806 2982 3191 3246 3282 3325 3435 3574 3701 3926 3932 3941 4082 5152 5272 5329 5336 5635
2954 1 410 458 591 633 1095 1156 1558 1567 2085 2225 2228 2591 2929 2968 3172 4216 4278 4304 4319 4362 4669 4800 5004 5066 5462
2955 10 52 156 323 441 592 654 1163 1359 1546 1856 1890 1912 1929 1960 2027 2259 2432 2505 2556 2645 3921 3976 4215 4347 4525 4645 4714 4953 5226 5284 5455 5563
2956 80 195 561 768 800 841 935 1142 1456 1670 1741 2089 2645 2734 2792 2998 3109 3415 3771 3796 4026 4078 4249 4441 4450 4958 5045 5183 5226 5634 5664
2957 33 167 424 477 744 804 1192 1229 1661 1699 1832 1861 2020 2294 2449 2819 2972 3020 3056 3131 3297 3299 3745 4111 4281 4293 4538 4617 4885 4986 5618 5909
2958 202 580 609 999 1040 1349 1701 2054 2113 2440 2645 3122 3389 3441 3488 3576 3797 3983 4462 4619 4920 4934 5091 5097 5197 5631 5682
2959 386 521 734 863 934 942 1110 1148 1346 1673 2379 2963 2994 3170 3424 4226 4252 5010 5013 5425 5449
2960 180 212 405 421 521 574 780 1066 1189 1212 1268 1570 2174 2347 2407 2486 2598 2663 2684 2839 3053 3580 3628 3694 4149 4235 4387 4445 5049 5697
2961 181 327 545 630 1104 1526 1593 1750 1878 1934 1946 1953 2106 2206 2312 2401 2962 2963 3220 3318 3534 3728 4166 4335 4758 4799 4945 5188 5434 5437 5871 5939
2962 113 327 637 648 654 815 1480 1747 2144 2392 2649 2706 2742 2961 3100 3120 3127 3195 3413 3780 4063 4357 4629 4679 4802 5194 5215 5383 5464 5561 5905 5922 5972
2963 3 62 1491 2042 2281 2351 2464 2504 2587 2603 2753 2826 2915 2959 2961 2992 3304 3336 3423 3614 3921 3972 3993 4010 4019 4035 4077 4131 4757 4804 4846 4961 5031 5053 5080 5200 5280 5437 5450 5580
2964 135 184 541 672 1317 1353 1492 1553 1643 2004 2260 2419 2454 2736 3154 3496 3630 4030 4325 4514 4629 4799 4883 5133 5344 5402 5567 5692 5977
2965 49 895 1070 1172 1191 1345 1546 1735 1869 2383 2444 2680 2744 3034 3054 3267 3372 3738 3784 4439 4556 4651 5264 5426 5540 5894
2966 12 74 100 357 450 514 687 764 814 845 949 1020 1052 1322 1510 1621 1679 1804 2183 2268 2460 2486 2577 5355 5357 5540 5605 5859
2967 69 135 387 495 497 546 728 1447 1579 1600 1611 1685 1744 2065 2449 2487 2539 2926 3024 3088 3239 3260 3361 3551 3678 3856 3886 4050 4490 4496 4536 4819 5002 5025 5201 5391 5392 5488 5614 5679 5717 5867
2968 122 317 779 887 926 1055 1182 1262 1477 1492 1719 2273 2541 2681 2896 2954 3108 3125 3173 3339 3459 3653 3658 3718 4061 4069 4277 4329 4450 4642 4871 4964 4987 5302 5361 5384 5615 5816
2969 1208 1405 1453 2026 2263 2528 2751 3870 3879 4011 4055 4152 4316 4453 4538 4543 4614 4782 4988 5671
2970 201 264 387 771 1672 1699 2196 2279 2336 2378 2447 2587 2668 3009 3135 3551 3825 3986 4239 4906 5077 5089 5388 5454 5545 5643 5644 5752 5835 5925
2971 492 614 650 738 817 913 1025 1102 1189 1384 1439 1822 1892 1969 2087 3268 3303 3346 3753 4254 4350 4359 4400 4706 4923 5180 5731 5806
2972 87 89 102 238 281 467 639 818 977 1238 1525 1615 2449 2612 2877 2957 2983 3193 3312 3653 4096 4218 4366 4399 4549 4867 5210 5283 5345 5363 5388
2973 53 173 563 733 917 948 1314 1477 1667 1670 1697 2544 2647 2740 2829 2874 2917 2949 3476 3562 3609 3655 3930 3996 4608 4637 4723 4777 5215 5253 5290 5762 5809 5927
2974 228 388 611 812 817 928 1098 1202 1384 1523 1970 2845 3147 3746 4460 4947 5045 5221 5264 5589 5645
2975 733 766 1044 1175 1367 1371 1695 1953 2148 2156 2292 2621 2671 2995 3087 3369 3379 3459 3825 4410 4415 4516 4532 4620 5012 5341 5813
2976 380 406 423 867 988 1099 1189 1841 1911 2295 2474 2696 2708 3036 3660 3716 3917 4057 4110 4199 4237 4742 4744 4892 4949 4959 4998 5087 5171 5195 5631 5770
2977 115 606 773 953 1081 1163 1294 1745 2133 2175 2582 2647 2881 2932 3248 3303 3341 3871 3908 4015 4093 4591 4622 4696 4833 4964 5005 5328 5466
2978 222 263 276 517 564 691 723 1201 1355 1393 1448 1449 1599 1739 2029 2049 2202 2207 2448 2774 2827 3050 3249 3441 4046 4671 4846 5215 5310 5319 5632
2979 92 104 151 537 651 1333 1626 1837 1858 1967 2155 2293 2405 2412 2425 2478 2513 2551 2655 2734 3006 3035 3293 3640 3729 3809 4138 4521 4621 4687 4762 4860 5051 5761 5902 5929 5944
2980 4 41 133 222 499 650 787 872 1066 1162 1241 1371 1419 1575 1725 1967 1979 2268 2393 2454 2558 2595 2843 2878 3028 3387 3558 4140 4147 4614 4766 4815 4839 5045 5233 5297 5362 5761 5785 5895
2981 579 1074 1250 1258 1452 1648 1689 2194 2302 2576 2671 2899 3093 3378 3861 3913 4366 4443 4695 5057 5205 5232 5306 5456 5948
2982 331 428 585 750 775 795 1038 1415 1607 2316 2509 2520 2750 2953 3100 3103 3157 3204 4045 4351 4362 4778 5059 5109 5287 5306 5333 5448 5949
2983 58 96 110 271 316 821 902 1342 1496 1565 2280 2283 2421 2470 2528 2673 2823 2881 2972 3080 3156 3517 3706 3763 3848 3858 3988 4297 4330 4496 4499 4506 4578 4645 4828 4936 5030 5070 5461 5557 5752
2984 71 147 320 428 494 567 679 788 967 1150 1533 1574 1682 2068 2141 2164 2303 2444 2680 2847 2903 3327 3375 3531 3665 3832 3846 3883 4078 4125 4246 4337 4418 4511 4515 4805 4876 5122 5409 5431 5991
2985 8 146 280 373 1097 1161 1616 1704 1856 1922 2128 2808 2923 2937 2939 2990 3044 3137 3144 3382 3618 3715 3724 3934 4000 4107 4186 4213 4725 4739 4744 4819 5500 5643 5816 5928
2986 229 238 274 377 466 528 551 645 1417 1857 1922 2312 2369 2551 3113 3117 3312 3868 4307 4828 5116 5320 5530 5538 5539 5565 5938
2987 659 783 1962 2222 2520 2538 2595 2613 2750 2940 3303 3514 3547 3732 3903 4007 4024 4070 4245 4259 4295 4340 4845 4992 5237 5431 5537 5574 5691 5743 5854
2988 159 943 1024 1485 1732 1819 1832 1846 2156 2353 2412 2438 2842 2931 3012 3185 4029 4189 4207 4244 4788 4841 4879 5025 5583 5651 5752 5827 5953
2989 491 542 705 1037 1338 1578 1775 2072 2108 2169 2192 2645 2930 3058 3188 3191 3569 3583 3683 3712 3821 3833 3898 4426 4809 4917 4953 5071 5217 5315 5431 5616 5800
2990 76 137 146 216 313 349 382 442 973 1014 1110 1437 1471 1547 1891 2016 2057 2242 2601 2635 2636 2731 2736 2788 2985 3167 3169 3489 3701 3803 4072 4179 4690 5386 5455 5524 5929 5975
2991 41 167 321 1063 1447 1721 1891 2023 2189 2541 2575 2581 2643 3088 3246 4252 4551 4621 4700 4818 4869 5083 5114 5212 5284 5416
2992 53 108 175 244 332 578 679 806 830 1109 1113 1219 1292 1759 1944 2169 2245 2315 2452 2648 2963 3051 3485 3535 3602 3768 4587 4943 5092 5335 5495 5507 5706 5753
2993 62 71 403 685 1058 1410 1606 1821 1847 1864 1869 2107 2137 2454 2885 3034 3037 3251 3275 3313 3452 3578 3628 3696 3937 3973 4093 4236 4397 4454 4654 4689 4823 5531
2994 24 291 428 747 929 1320 1715 1955 2346 2449 2897 2959 3114 3530 3776 4084 4475 4507 4934 5137 5198 5222 5358 5589 5990 5992
2995 199 202 333 518 661 772 899 1515 1629 1684 1856 2367 2975 3146 3402 3462 3682 3904 4026 4224 4335 4845 5004 5200 5735 5884
2996 66 104 123 261 414 688 979 1319 1322 1794 1809 1984 2130 2416 2437 2450 2685 2698 3161 3191 3305 3934 4169 4387 4535 4620 5093 5688 5832 5895 5897 5953 5960
2997 269 329 830 1345 1382 1508 1607 1770 2200 2620 3341 3517 3528 3751 3792 4181 4356 4510 4574 4745 5234 5525 5846
2998 8 193 348 391 982 1132 1314 1387 1781 2032 2074 2279 2282 2461 2514 2563 2587 2808 2956 3220 3261 3552 3728 3805 3842 4253 4311 4490 4554 4614 4901 5336 5468 5619 5852
2999 258 825 855 993 1227 1262 1522 2025 2106 2197 2244 2279 2380 2467 2705 3048 3189 3561 3776 4843 5188 5303 5368 5380 5420 5644 5800
3000 278 1261 1980 2042 2056 2468 2493 2600 2689 3104 3549 3565 3668 3721 4182 4367 4409 4425 4480 4504 4520 4586 4621 4801 5003 5321 5751
3001 52 115 341 481 621 665 901 958 1005 1302 1656 1710 1983 2073 2418 2561 2643 2738 2760 2835 2900 2903 2920 3321 3477 3565 3820 3896 3984 4295 4602 4699 5404 5573 5677 5725 5804
3002 5 134 191 271 421 563 650 818 909 1331 1670 1714 1951 2028 2315 2678 2698 3011 3089 3120 3880 4045 4340 4525 4592 4850 4931 5235 5493 5564 5897 5950
3003 82 604 688 747 929 1598 2219 2430 2562 2577 3021 3081 3545 3550 3567 4049 4735 4819 5615 5643 5680
3004 265 367 447 595 637 952 1182 1415 1520 1729 1792 1855 2065 2284 2425 2646 2701 2704 2735 2755 2779 2869 2891 2945 2952 3057 3113 3145 3190 3262 3566 4098 4484 4531 4544 4559 4678 4700 4736 4831 5176 5205 5530 5656 5665 5772 5809 5859
3005 296 495 606 822 1107 1127 1246 1293 1491 1544 1573 1770 2035 2060 2118 2525 3018 3150 3153 3307 3317 3481 3700 4090 4270 4417 4653 4698 4939 5181 5198 5232 5393 5905
3006 100 251 927 976 1226 1231 1256 1594 1920 1930 2152 2215 2250 2408 2848 2979 3161 3314 3397 3492 3519 3687 3729 3844 4099 4808 5049 5111 5346 5567 5870
3007 28 466 798 854 1074 1411 1525 1545 1669 1725 1849 2264 2325 2437 2598 3017 3121 3482 3597 3892 4194 4304 4506 4533 4543 5957
3008 42 262 278 476 802 968 1058 1128 1230 1233 1412 1893 2278 2291 2327 2362 2370 2628 2844 2893 3195 3574 3576 3671 3848 3911 4167 4225 4771 5142 5164 5181 5503 5591 5846 5984
3009 62 117 1039 1303 1530 2082 2622 2707 2785 2857 2970 3094 3154 3745 3759 3769 3817 4112 4167 4677 4818 4983 5282 5298 5782 5933
3010 9 165 654 991 1251 1586 1666 2109 2301 2372 3313 3552 3581 3620 3622 4550 4632 4650 4809 4818 4976 5039 5066 5102 5249
3011 69 240 422 561 604 669 714 1008 1142 1154 1164 1381 1749 1862 2015 2042 2230 2249 2398 2634 2689 3002 3093 3222 3250 3442 3798 4020 4088 4092 4586 4639 4754 5071 5141 5156 5280 5335 5401 5536 5752 5808
3012 140 160 224 522 537 619 807 982 1108 1173 1320 1522 1696 1957 2125 2294 2603 2681 2988 3052 3199 3272 3535 3809 3939 3982 4106 4492 4566 4813 4860 5099 5313 5484 5488 5492 5649 5958 5965 5971
3013 14 263 464 468 565 854 1159 1371 1649 1839 1982 2085 2090 2426 2437 2703 2813 2870 3053 3211 3445 3522 3696 4156 4339 4375 4634 4714 4730 4889 5420 5911
3014 18 238 340 345 381 426 427 516 828 956 1004 1152 1284 1328 1725 1930 2044 2104 2798 2815 3424 3552 3706 3728 3872 3947 3955 4074 4522 4628 4789 5436 5541 5820 5928
3015 14 157 193 1280 1547 1817 1964 2226 2244 2335 2345 2690 3101 3137 3149 3177 3179 3602 3630 3906 4035 4182 4631 4776 4866 4971 5473 5620 5622 5786 5918
3016 279 337 387 564 674 681 846 1324 1348 1431 1771 1788 1877 2014 2048 2089 2412 2440 2463 2518 2676 2789 2800 2838 2849 3486 3703 4035 4050
3017 59 240 389 1055 1248 1489 1927 2111 2269 2481 2820 3007 3404 3447 3573 3578 3822 3896 3913 4062 4660 4758 5073 5102 5176 5179 5557 5999
3018 177 401 920 939 943 1015 1405 1437 1458 1623 2022 2165 2401 2570 2851 3005 3252 3897 3901 4008 4553 4656 4691 4866 4897 5494 5847
3019 290 389 752 792 888 1011 1425 1803 2700 3457 3496 3897 4372 4513 4884 5203 5684 5743
3020 18 241 378 380 393 715 864 970 1135 1176 1359 1790 1839 1971 2087 2222 2368 2403 2453 2550 2779 2784 2957 3048 3243 3399 3496 3595 3613 3614 3748 3782 3961 4019 4137 4700 4982 5372 5431 5444 5469 5603 5643 5913 5962
3021 76 396 929 1365 1407 1565 1643 1777 1781 1785 1853 2000 2278 2685 2879 3003 3044 3104 3258 3351 3402 3511 3514 3586 4325 4345 4497 4713 5129 5166 5283 5637 5801 5845
3022 95 106 196 335 395 396 591 890 990 1056 1113 2036 2140 2265 2356 2676 3024 3044 3101 3486 3639 3859 3862 4057 4127 4223 4412 4668 4919 5333 5352 5575 5628 5753
3023 70 95 152 256 346 400 531 584 682 936 1019 1095 1207 1700 1704 1943 2296 2432 2530 2626 2766 2897 2907 3058 3079 3138 3224 3266 3474 3525 3709 3735 3817 4029 4114 4194 4684 4805 4974 5134 5415 5562 5608 5638 5849 5890
3024 331 925 957 976 1020 1309 1352 2068 2119 2164 2293 2451 2459 2720 2851 2885 2967 3022 3118 3200 3238 3356 3480 3552 3597 3831 4308 4385 4426 4480 5024 5097 5278 5365 5380 5809 5836
3025 507 1014 1066 1258 1482 1574 1646 1784 2033 2048 2346 2698 2708 2860 3084 3171 3353 3394 3549 3762 4012 4027 4076 4099 4521 4581 4769 5195 5308 5342 5382 5520 5552 5564 5742 5996
3026 212 582 746 921 1068 1207 1340 1455 1531 2239 2285 2724 2837 3302 3437 3447 3846 3887 4007 4312 4378 4530 4539 4630 4668 4897 4932 5086 5115 5685 5753 5786 5869 5882 5888
3027 129 206 515 532 535 582 655 793 864 1273 1349 1499 1634 1886 1905 2461 3123 3443 3697 4197 4247 4276 4391 4551 4555 5114 5189 5265 5341 5450 5452 5679 5996
3028 171 361 504 692 710 779 886 945 1117 1326 2027 2306 2644 2920 2980 3188 3511 3622 3738 3795 4179 4766 4865 4895 4908 5613 5903
3029 426 548 631 674 992 1028 1152 1298 1468 1496 1497 1719 2111 2353 2407 2460 2505 2511 2530 2557 2583 2584 2768 2830 2939 3216 3385 3413 3493 3519 3622 3724 3848 4093 4183 4312 4316 4591 4787 4875 4996 5123 5510
3030 583 693 719 750 831 887 958 970 1278 1334 1411 1501 1842 2179 2503 2806 3389 3409 3447 3449 3555 3780 3798 4088 4225 5382 5915
3031 733 1084 1392 1536 1870 2068 2158 2241 2273 2500 2718 3099 3122 3318 3441 3446 3516 3538 3660 3703 3832 4130 4162 4184 4498 4509 4887 4959 4990 5084 5144 5355 5439
3032 486 735 767 1019 1037 1322 1355 1521 1852 2049 2365 2791 2931 3357 3380 3564 3590 4032 4068 4071 4109 4156 4626 5011 5078 5102 5774 5829
3033 231 727 843 959 980 1076 1185 1336 1398 1477 2281 2451 2492 3056 3212 3420 3528 3579 4004 4593 4702 4792 4946 5041 5167 5261 5347 5353 5890 5911
3034 152 385 527 632 839 936 1276 1313 1599 1822 2965 2993 3056 3153 3195 3502 3655 3698 3738 4230 4479 4561 5014 5202 5231 5257 5371 5469 5555 5627 5940 5968 5975
3035 394 581 826 1239 1619 1691 1828 1863 1864 1982 2683 2979 3037 3050 3277 3418 3576 3720 3825 3969 4268 4718 4771 4812 4909 5022 5380 5730 5741 5803 5863
3036 32 168 211 408 470 702 898 967 1230 1236 1615 1690 1791 2225 2467 2537 2783 2941 2976 3192 3335 3543 3923 4252 4333 4568 4590 4788 4845 4967 5009 5319 5356 5492 5534 5619 5670 5704 5885
3037 667 688 1058 1088 1591 1650 1854 1979 2144 2408 2476 2491 2993 3035 3106 3181 3328 3471 3477 3883 3958 4426 4561 4641 4682 4804 4860 4917 5254 5474 5792 5962
3038 431 583 866 1349 1368 1507 1626 2700 2828 3331 3606 4724 4949 5057 5309 5671 5737 5820
3039 160 199 234 289 340 505 559 621 651 863 889 1435 1687 1898 2045 2553 3392 3432 3727 3767 3885 4237 4387 4731 4939 4978 5271 5459 5492 5922
3040 162 551 758 1123 1362 1446 1619 1838 2007 2182 2335 2666 2698 3134 3165 3209 3243 3435 3573 3881 4241 4242 4459 4820 5214 5400 5531 5944
3041 141 161 201 328 512 684 1292 1432 1530 1560 1571 1675 1962 1984 1987 2206 2725 3097 3201 3229 3632 3695 4422 4446 4748 4987 5076 5135 5259 5265 5888
3042 37 94 156 177 638 1062 1276 1412 1526 1802 1943 2085 2514 2611 2837 3550 4077 4193 4253 4442 4552 5016 5523 5934 5954
3043 1 11 28 40 250 496 505 540 632 1229 1331 1700 1750 1988 1992 2013 2329 3085 3533 3751 3905 3906 3946 4059 4191 4386 4659 4806 4854 4943 5391 5675 5848 5904
3044 19 59 166 345 384 401 652 846 954 1157 1358 2385 2391 2468 2838 2872 2985 3021 3022 3185 3767 4086 4260 4445 4828 4890 4943 5253 5390 5397 5464 5712 5918
3045 173 400 426 486 682 697 875 1134 1171 1427 1437 1698 1915 2193 2540 3584 3610 3633 3672 3766 3878 4306 4679 4900 4939 4957 5077 5292 5351 5393 5574 5738 5954
3046 83 548 949 1057 1587 2156 2284 2610 3109 3137 3349 3520 3611 3759 3885 3898 4718 5071 5111 5157
3047 3 177 491 599 627 712 965 1138 1374 1438 1483 1705 2348 2825 2897 3060 3069 3488 3667 3696 4121 4545 4602 4825 5131 5146 5395 5628 5774 5941 5998
3048 909 1019 1592 1774 1847 1925 1930 2044 2187 2288 2546 2714 2741 2778 2999 3020 3148 3206 3408 3513 3664 4210 4213 4287 4882 4972 5008 5180 5216 5882 5982 5987
3049 47 332 859 917 923 981 1039 1056 1113 1602 1786 2006 2269 2390 2395 2493 2699 2800 3204 3631 3681 3763 3824 3951 4404 4520 4626 4833 5296 5779
3050 51 187 429 441 535 786 815 980 1146 1212 1371 1695 1900 2177 2214 2532 2564 2580 2874 2978 3035 3228 4223 4297 4351 4585 4664 4925 5856
3051 64 611 781 923 1234 1384 1615 2009 2011 2428 2654 2823 2992 3261 3278 3355 3429 3455 3846 4000 4103 4222 4471 4809 4868 4889 5097 5144 5166 5173 5237 5321 5357 5427 5515
3052 214 236 383 390 404 890 1459 1473 1627 1664 1716 1773 1926 1968 1971 2293 2642 2655 3012 3111 3360 3370 3591 3745 4195 4211 4427 4541 4632 5066 5135
3053 272 336 603 816 1176 1307 1356 2006 2960 3013 3083 3521 3679 3833 4036 4088 4209 4379 4400 4568 4824 4906 5022 5024 5370 5565 5577 5639 5990
3054 234 319 381 558 618 857 1526 1953 2250 2965 3189 3459 3476 3648 3791 3911 4397 4847 4865 4900 5286 5654 5884 5931
3055 120 239 786 1604 1808 1826 2410 3325 3464 3661 3662 3720 4052 4401 4590 5091 5191 5255 5342 5613 5912 5995
3056 92 256 316 1034 1047 1070 1181 1233 1332 1335 1949 2487 2611 2909 2957 3033 3034 3100 3143 3882 4152 4476 4650 4708 5250 5456 5781 5809 5834 5857
3057 99 431 1209 1265 1416 1709 1889 2003 2287 2305 2347 2403 2417 2510 2749 2825 3004 3188 3434 3578 3783 4045 4066 4155 4567 5107 5211 5292 5516
3058 1274 1517 1610 1946 2066 2369 2568 2765 2932 2989 3023 3140 3332 3401 3701 3705 4398 4981 5421 5620
3059 105 350 368 965 1266 1309 1359 1467 1484 1724 2083 2141 2696 3170 3269 3934 3944 4048 4096 4180 4320 4345 4462 4538 5268 5476 5526
3060 282 555 874 961 1201 1539 1667 1748 1837 1872 2406 2489 2504 2612 2837 3047 3391 3404 3497 4690 4770 4977 5050 5949
3061 56 192 369 659 981 1219 1230 1341 1484 1546 1604 2037 2405 2575 2636 2642 2802 2810 2930 3231 3467 3503 3563 3571 3588 4135 4685 4713 4817 5233 5581 5888 5901 5916
3062 241 242 248 273 605 852 1049 1201 1476 2064 2138 2806 3426 3778 4333 4346 4451 4546 4764 4895 4985 4995 5107 5264 5623 5997
3063 394 1081 1337 1391 1436 2000 2001 2254 3390 3593 3665 3669 3770 3826 3908 4053 4306 4401 4483 4493 4514 4666 4789 4833 4875 5629 5814 5840 5941 5954 5979
3064 140 211 233 320 558 731 880 1076 1205 1237 1322 1407 1880 1888 2116 2130 2319 2398 2494 2530 2671 2730 2745 3242 3341 3365 3438 3647 3898 4035 4165 4228 4380 4535 4561 4697 5101 5755 5776 5928
3065 47 377 724 949 950 1699 2187 2361 2375 2470 2498 2902 3127 3187 3257 4534 4769 4789 5197 5263 5403 5577 5659
3066 73 199 281 586 1157 1696 1775 2070 2393 2919 3325 3541 3648 3776 3828 4152 4858 4903 4996
3067 29 55 318 627 1031 1211 1281 1285 1327 1667 1987 2131 2198 2286 2341 2518 2882 2947 3382 3716 3975 4028 4175 4190 4278 4379 4429 4625 4855 4930 5164 5474 5693 5932 5986
3068 2 108 216 609 816 1938 2035 2390 2575 2852 2867 3097 3642 3793 4000 4385 4465
3069 116 526 915 958 1069 1294 1319 1611 2136 2225 2640 3047 3139 3531 3563 3957 4323 4542 4667 4789 4798 4968 5049 5070 5290 5598 5605 5635 5696
3070 43 53 182 1007 1510 1546 1621 2042 2092 2397 2426 2502 2614 2707 2806 2830 2948 3128 3415 3692 3809 3912 4062 4198 4401 4472 4544 4709 4875 4979 5013 5096 5195 5332 5613
3071 521 701 715 1447 1906 2138 2248 2297 2809 3463 3522 3799 3891 3917 4095 4096 4190 4437 4580 5236 5267 5496 5590 5795
3072 471 668 811 1369 1765 1849 2210 2469 2605 2715 3160 3225 3366 3445 3586 3962 4093 4394 4465 4642 4725 4892 5070 5200 5300 5510 5682 5764 5920
3073 110 189 267 593 661 776 801 807 908 1100 1357 1424 1518 1521 2054 2076 2174 2819 3317 3355 3419 3828 3914 4138 4212 4216 4257 4264 4804 4964 5038 5423 5562 5753
3074 259 432 598 616 861 959 1007 1164 1247 1270 1289 1362 1404 1439 1725 2174 2488 2904 3115 3164 3413 3606 3982 4242 4264 4423 4485 5291 5477 5660 5715
3075 27 211 217 310 713 883 1004 1049 1151 1227 1531 1633 2006 2264 2544 2650 2830 2920 3104 3118 3140 3216 3600 4182 4201 4390 4476 4477 4687 4818 5064 5422 5721 5951
3076 38 46 158 219 439 617 1350 1783 1799 2064 2202 2299 2698 2809 3080 3697 3788 4319 4589 4751 5181 5294 5553 5851
3077 44 81 212 221 313 479 610 619 903 1098 1152 1261 1620 1627 1677 2213 2249 2528 2707 2737 3614 3633 3860 3999 4006 4166 4306 4327 4343 4488 4499 4868 4956 5007 5250 5417 5751
3078 103 348 721 753 758 862 1130 1256 1415 1441 1455 1456 1494 1637 1847 1948 2047 2165 2395 2514 2807 2924 3126 3701 3715 4118 4309 4332 4515 4820 4999 5107 5479 5618 5959
3079 441 446 478 888 1113 1869 2009 2900 2925 3023 3105 3198 3300 3517 4015 4402 4759 4807 4923 4938 4961 5087 5286 5786
3080 532 675 840 958 1057 1083 1208 1248 1389 1553 1620 1902 1912 1985 2280 2708 2720 2765 2909 2983 3076 3268 3295 3394 3452 3458 3476 3522 3526 3659 3679 3693 4295 4382 4841 4931 4934 5596 5815 5929
3081 123 157 434 617 1174 1186 1199 1218 1302 1317 1407 1437 1832 2065 2186 2222 2242 2379 2468 2575 2636 2864 3003 3167 3428 3434 3552 3562 3587 3687 3709 3843 3975 4088 4397 4494 4637 4851 5013 5219 5370 5373 5601 5603 5981
3082 757 1251 1736 1801 1955 2725 3496 3599 4074 4237 4241 4310 4372 4462 4494 4539 4646 4793 4938 5597 5822 5875 5907
3083 301 816 1061 1363 1422 1581 2121 2243 2370 2526 2625 2633 2759 3053 3225 3279 3364 3543 3779 3786 4197 4330 4375 4748 5051 5054 5477 5842
3084 323 419 468 705 774 924 1000 1060 1062 1271 1455 1735 2486 2611 2788 3025 3768 3950 4000 4009 4248 5217 5233 5759 5927
3085 242 396 429 800 1091 1134 1753 1773 2180 2225 2248 2667 3043 3653 3695 3792 4136 4154 4245 4569 4969 5569
3086 138 150 212 511 692 877 987 1086 1920 2038 2359 2832 2931 3171 3556 3670 3829 3870 3912 4113 4245 4277 4325 4442 4760 4790 5028 5029 5166 5263 5508 5784 5833
3087 57 324 389 868 1107 1432 1615 1680 2024 2061 2171 2244 2292 2975 3098 3326 3693 3814 3820 4301 4311 4349 4452 4940 5195 5660 5954
3088 192 1865 1940 1969 2056 2454 2553 2750 2801 2967 2991 3452 3530 3657 3850 3857 3972 4589 4756 4757 4759 5009 5026 5130 5136 5138 5158 5254 5277 5299 5510 5686 5737 5743 5857 5893
3089 546 640 929 947 1268 1557 1784 1817 3002 3143 3267 3696 3883 3969 4218 4394 4715 5057 5310 5645 5663 5720 5730
3090 838 1046 1385 1477 1635 1727 1880 2240 2458 2520 2757 2797 2846 3166 3229 3272 3607 4089 4099 5014 5320 5476 5485 5520 5866 5929
3091 209 397 525 551 662 718 783 1606 1672 1902 2148 2185 2377 2940 3448 3453 3496 3638 3905 3914 4135 4267 4331 4504 4539 5049 5124 5225 5502 5564 5734 5759
3092 533 659 1254 1275 1512 1545 2251 2516 2711 3703 3711 3800 3944 4127 4690 5038 5160 5290 5727 5967
3093 147 558 701 710 1509 1579 1667 1668 1873 2253 2404 2782 2926 2981 3011 3201 3258 3357 3421 3534 3908 4007 4102 4362 4414 4670 4914 5240 5374 5500 5804
3094 62 457 839 1090 1283 1549 1713 1736 1814 2161 2423 2474 2516 2875 2888 3009 3246 3757 4052 4123 4358 4663 5045 5148 5208 5218 5933
3095 137 325 560 960 1111 1469 1497 2070 2454 2481 2822 3366 3384 3558 3625 4048 4703 5111 5182 5491 5786 5840 5865
3096 77 287 479 497 507 532 1521 1647 1673 1855 1877 1991 2172 2192 2649 2940 3298 4033 4250 4354 4444 4562 4706 5203 5281 5593 5702 5741 5743
3097 86 369 379 620 1018 1021 1087 1392 1490 1720 2248 2788 3041 3068 3724 3730 3759 4145 4537 4964 5276 5368 5704 5720
3098 164 186 249 591 667 745 760 935 987 1037 1240 1540 2118 2554 2606 3087 3251 3549 3601 3989 4029 4176 4255 4259 4268 4343 4437 4670 4853 4928 5076 5299 5368 5513 5769 5802
3099 441 554 901 1049 1111 1360 1585 1651 1986 2101 2203 2664 2680 2796 3031 3512 4144 4247 4517 4871 4921 5093 5374 5644 5836
3100 852 903 1317 1745 1916 1924 1985 1997 2054 2088 2962 2982 3056 3165 3611 3887 3987 4193 4238 4978 5691 5721 5881
3101 91 122 315 627 821 1175 1330 1572 1616 1885 2212 2340 2424 3015 3022 3197 3299 3334 3519 3744 4264 4317 4692 4868 4980 5109 5258 5611 5894 5897
3102 449 741 1045 1191 1516 1708 1823 2511 2617 2626 2713 2735 3128 3432 3610 3792 4197 4434 4466 4840 5290 5627 5652 5871 5937
3103 4 140 316 427 468 606 1487 1513 1732 1996 2086 2491 2505 2937 2982 3999 4198 4580 4982 5156 5243 5325 5871
3104 107 394 936 1597 1692 1837 1840 2082 2110 2125 2197 2360 2670 2876 3000 3021 3075 4016 4048 4062 4168 4277 4327 4340 4408 4799 4907 4975 5093 5274 5385 5444 5540 5596
3105 151 505 1099 1403 1427 1495 1545 1865 1891 2053 2123 2375 2451 2681 2771 2803 2833 3079 3228 3679 3986 4137 4200 4402 4481 4599 4663 4693 4804 5352 5660 5737 5799 5962
3106 11 132 228 459 576 1109 1129 1159 1251 1480 1807 2133 2319 2409 2693 3037 3165 3204 3332 3467 3615 4228 4247 4657 4663 4684 5087 5131 5461 5581 5600
3107 210 422 626 632 690 1179 1326 1395 1739 1814 2685 3497 3544 3687 3969 4054 4278 4515 4774 4824 5211 5231 5342 5362 5401 5612 5918 5961 5985
3108 353 1035 1426 1503 2257 2264 2493 2515 2592 2694 2968 3394 3439 3847 4271 4560 4634 4657 5111 5186 5229 5301 5550 5579 5613 5798 5812 5972 5978
3109 210 559 1524 1697 1807 1838 1968 2302 2335 2431 2636 2677 2850 2855 2956 3046 3176 3260 3381 3545 3624 3773 4371 4681 4900 4964
3110 534 922 1173 1437 1978 2052 2197 2248 2251 2338 2951 3155 3650 3944 3966 4217 4350 4551 4565 4639 4762 4792 5078 5373 5409 5543 5728 5811 5812 5827
3111 92 128 731 1102 1382 2333 2353 2384 2569 2684 2779 2826 2929 3052 3184 3466 3485 3497 3820 3937 3949 4106 4176 4289 4328 4491 4996 5313 5353
3112 17 52 627 825 1134 2334 2382 3365 3417 3549 3821 4074 4468 4556 5319 5502 5561
3113 40 162 164 314 338 519 613 673 934 1058 1192 1356 1472 1495 1520 1564 1583 1667 1986 2074 2646 2654 2722 2862 2986 3004 3133 3256 3271 3450 3611 3926 3965 4376 4386 4437 4515 4634 5005 5113 5168 5322 5336 5366 5373 5503 5722
3114 80 144 221 272 1197 1269 1338 1426 1528 1654 2054 2994 3339 3401 3561 3779 3971 4072 4101 4374 4521 4532 4733 4786 5214 5321 5392 5468 5703 5964
3115 346 707 733 952 1533 1606 1789 2009 2067 2379 2935 3074 3332 3733 4072 4103 4231 4303 4646 4758 4927 4948 5105 5245 5273 5389 5477 5494 5525 5698
3116 188 345 423 950 1034 1206 1302 1445 2260 2292 2631 2868 3657 3769 4476 5325 5783 5835 5872 5880
3117 102 111 490 522 912 1085 1922 2555 2564 2610 2929 2986 3130 3150 3217 3230 3726 3870 4573 4692 4876 5024 5062 5292 5318 5504 5536 5578 5708 5847 5937
3118 144 537 634 660 729 768 1254 1495 1826 1886 2103 2147 2376 2780 2951 3024 3075 3788 4103 4318 4631 4642 4892 5132 5184 5212 5281 5426 5525 5745 5830 5888
3119 255 507 557 886 970 1149 1234 1445 1608 1958 1994 2051 2087 2339 2651 2683 3274 3894 5214 5752
3120 98 194 473 540 554 667 735 1077 1197 1683 2056 2254 2654 2771 2825 2962 3002 3589 3742 3832 3859 4058 4499 4966 5085 5385 5438 5492 5625 5791 5895
3121 327 423 541 545 791 894 1079 1152 1155 1253 1438 1866 2095 2319 2347 2397 2465 2490 2519 2531 2846 3007 3301 3306 3375 3764 3943 4026 4212 4341 4851 5248 5280 5488 5812
3122 105 202 222 381 420 443 554 761 960 1264 1436 1478 1492 1904 1951 2338 2659 2863 2939 2958 3031 3394 3460 3530 3792 3849 4382 4987 5194 5449 5459 5506 5628 5656
3123 112 177 338 395 621 1308 1508 1829 2305 2327 2446 2511 2837 2869 3027 3557 3677 4341 4491 4665 5050 5100 5373 5540 5551 5871 5918
3124 19 320 350 411 724 725 890 1163 1596 1714 1741 2318 2517 3243 3612 4153 4309 4957 5023 5390
3125 64 91 118 628 632 788 824 1192 1211 1365 1468 2225 2237 2250 2318 2761 2968 3460 3554 3907 4327 4355 4380 4567 4598 4640 4647 4784 5034 5259 5416 5828 5922
3126 35 316 327 442 589 787 847 1221 1555 1649 1704 1817 2469 2543 2852 3078 3220 3302 3462 3674 3764 3831 4397 4478 4502 4556 4575 5109 5207 5246 5490 5611 5714 5858
3127 11 477 870 1063 1069 1170 1221 1514 2008 2356 2962 3065 3297 3764 3776 3871 3942 4109 4827 5134 5147 5313 5328 5446 5688 5745 5959
3128 44 369 542 641 1122 1389 1414 1460 1496 1856 2395 2861 3070 3102 3239 4006 4120 4282 4368 4831 5379
3129 75 344 607 920 986 1047 1062 1102 1284 1598 2156 2335 2423 3327 4120 4184 4233 4359 4368 4851 4874 5365 5721 5867 5977 5995
3130 400 429 493 508 551 601 1391 1430 1471 1658 1857 1870 1989 2086 2138 2194 2242 2560 2758 2797 2922 3117 3208 3732 3991 4545 4642 4727 4849 4875 5310 5407 5520 5742
3131 52 180 212 466 755 897 907 1506 1615 1706 1783 2048 2236 2438 2583 2957 3137 3304 3499 3802 4216 4567 4597 4709 4762 5026 5028 5151 5398 5528
3132 493 1242 1309 1357 1418 1483 1552 1688 1935 2011 2353 2421 2665 2783 2790 2944 3609 4425 5148 5298 5343 5356 5389 5479 5494 5808
3133 16 140 257 422 492 509 536 1003 1132 1528 1556 1574 1616 1844 2010 2089 2541 2679 2842 3113 3220 3480 3646 3698 3750 3923 3936 3955 4237 4527 4550 4608 4631 4636 4983 5257 5883
3134 279 351 587 678 725 953 987 1102 1103 1113 1623 1688 1723 1748 1774 2241 2580 2673 3040 3354 3626 3921 4450 4577 5075 5102 5569 5742 5923
3135 6 569 649 761 1222 1676 1708 1971 2849 2970 3191 3193 3204 3281 3814 4086 4351 4425 5310 5330 5335 5520
3136 106 329 453 457 465 909 910 1315 1372 1540 1562 1726 1785 2064 2113 2218 2250 2287 2304 2920 3153 3663 3774 4346 4814 5575 5594
3137 9 383 982 1068 1556 1980 2109 2240 2818 2891 2985 3015 3046 3131 3702 4170 4391 5075 5599 5872
3138 139 189 329 336 412 575 843 1188 1569 1715 1801 1926 2128 2825 2912 3023 3141 3295 3490 3782 3916 3938 3952 4122 4237 4395 4934 5126 5263 5335 5359 5510 5551 5711 5906 5999
3139 599 639 890 1371 1860 1868 1983 2283 2916 2924 3069 3212 3564 3592 3603 3781 4225 4290 4842 4930 4966 5866 5889
3140 694 762 853 899 915 1037 1363 1367 1403 1482 1816 1939 1962 2517 2659 2816 2856 2894 3058 3075 3151 3193 3500 3519 3534 3581 4401 4709 5124 5137 5323 5580 5928
3141 254 341 688 758 765 787 960 1177 1382 1479 1490 1520 1578 1650 1822 1825 2480 2541 2811 2856 2947 3138 3335 3810 4086 4268 4454 4471 4553 4585 4677 4848 5032 5149
3142 195 257 342 426 429 796 905 1186 1296 1298 1329 1725 1894 1999 2081 2216 2475 2499 2518 2588 2682 3193 3508 3762 3778 3831 3997 4006 4020 4740 4817 5670
3143 211 359 565 696 897 1051 1186 1342 1404 1543 1723 1755 1811 2401 2492 2931 3056 3089 3146 3286 3466 3540 3810 3905 4179 4365 4852 5082 5110 5443 5547 5709 5849 5944
3144 210 705 857 1025 1221 1667 1826 1894 2314 2560 2985 3185 3343 3362 3762 3887 4062 4288 4426 4509 4626 4631 5586 5795 5837 5917
3145 40 163 603 832 1530 1867 2048 2327 2344 2510 2574 2783 2927 3004 3400 4143 4303 4324 4561 4978 5150 5467 5786 5989
3146 568 575 617 1075 1079 1704 1763 2582 2995 3143 3355 3416 3460 3473 3689 4052 4222 4364 4683 5060 5121 5171 5534 5767
3147 171 244 754 915 967 1137 1453 1653 1682 1996 2250 2291 2416 2782 2974 3306 3560 3611 3670 3980 4114 4167 4279 4408 4537 4873 4884 5358 5579 5597 5899
3148 17 79 701 1648 2141 2350 2459 2460 2719 3048 3283 3714 3756 3818 3843 3946 4063 4972 5030 5187 5191 5318 5926
3149 242 320 331 419 452 1159 1428 1592 1785 1825 2044 2082 2086 2363 2364 2559 2700 2767 3015 3451 4140 4229 4388 4753 5188 5354 5451
3150 515 1077 1193 1197 1543 1804 1922 1928 2441 2776 3005 3117 3152 3161 3610 3761 3782 4096 4665 5170 5313 5639 5945
3151 25 53 56 418 451 600 691 1052 1160 1166 1221 1338 1418 1452 1508 1571 1801 1843 2012 2086 2232 3140 3577 3657 4280 4333 4535 4607 4612 4669 5134 5594 5768 5826
3152 576 947 982 1116 1186 1211 1419 1708 2056 2133 2315 2425 2447 2692 3150 3293 3337 3456 3562 4057 4078 4108 4281 4347 4401 4559 4579 4715 4821 5155 5370 5596 5753 5851 5871
3153 156 171 530 800 806 835 891 1227 1585 1698 1876 2278 2455 2462 2476 2645 2715 2765 3005 3034 3136 3190 3336 3401 3566 3745 3806 3830 3999 4411 4983 5034 5399 5492 5966
3154 337 781 1159 1339 1386 2321 2339 2483 2684 2850 2964 3009 3186 3196 3497 3522 3676 3756 3948 4036 4113 4218 4282 4305 4609 4653 4742 4761 5284 5286 5593 5856
3155 193 314 597 1080 1156 1198 1226 1241 1528 1889 2478 2519 2571 2721 2879 3110 3384 3415 3546 3646 3712 3893 3933 4047 4073 4167 4275 4435 5029 5137 5956
3156 30 45 338 671 674 720 850 1799 1887 1934 2572 2639 2764 2843 2983 3192 3398 3478 3827 4045 4338 4620 4642 4696 4701 4723 4988 5068 5338 5452 5626 5753 5822
3157 487 602 970 1007 1096 1370 1442 1444 1995 2046 2225 2325 2601 2982 3234 3419 3764 3819 3837 3878 3954 3969 4005 4209 4407 4671 5000 5463 5706 5837 5948
3158 326 428 594 618 730 745 757 914 955 1086 1324 1391 1614 1998 3244 3270 3353 3368 3373 3524 3916 4240 4446 4504 4533 4664 4902 4916 5187 5190 5297 5530 5626 5748
3159 65 198 659 1315 1486 1788 1955 2352 2542 2701 2883 2920 3329 3413 3583 3733 3930 4077 4160 4194 4361 4698 4830 4959 4971 4994 5329 5334
3160 200 326 418 474 551 837 887 1065 1263 1323 1677 1726 1980 1996 2790 2793 2938 3072 3224 3237 3284 3312 3997 4229 4247 4661 4947 4980 5344 5647 5776 5859 5872
3161 46 638 916 964 1014 1031 1220 1429 1469 1486 1585 1720 1867 2265 2596 2996 3006 3150 3194 3300 3346 3595 3672 4134 4244 4401 4446 4596 4679 4825 4883 5116 5334 5391 5532 5620 5746 5829 5989
3162 969 1041 1043 1046 1359 1373 1461 1527 1611 1628 1867 2052 2439 2753 2883 3531 4041 4114 4725 4759 5082 5336
3163 560 733 799 981 1397 1599 1790 2005 2109 2158 2173 3379 3518 3554 3580 3661 3793 3798 3888 3943 4240 4588 5507 5600 5670
3164 443 595 596 1020 1027 1041 1158 1223 1257 1681 2085 2430 2694 3074 3225 3734 3980 4113 4314 4477 4675 4882 5161 5527 5600 5808 5999
3165 138 357 597 753 800 966 1175 1216 1365 1842 2432 2764 2866 3040 3100 3106 3169 3263 3385 3422 3572 3705 3957 4099 4124 4368 4382 4661 5152 5325 5749 5973
3166 91 419 443 457 518 769 848 861 876 1331 1342 1490 1524 1961 2582 3090 3295 3318 3320 3372 3688 4053 4326 4346 4432 4516 4724 4912 4964 5340
3167 406 523 534 590 605 900 927 1289 1825 2037 2124 2215 2671 2858 2990 3081 3319 3423 3443 3668 4067 4107 4181 4196 4296 4373 4441 4535 4632 4995 5104 5192 5205 5441 5458 5467 5591
3168 421 469 963 1186 1341 1366 1393 1476 1725 1879 1954 1964 2279 2396 2500 2680 3216 3474 3945 4042 4091 4144 4228 4434 4458 4784 4890 5198 5278 5393 5482 5548 5574 5758 5802 5822
3169 27 41 101 378 441 468 652 946 1084 1749 2292 2720 2723 2880 2990 3165 3188 3334 3561 3589 3710 3778 3953 4011 4100 4211 4466 4863 5185 5399 5450 5494 5540 5748 5759 5927
3170 28 371 794 1103 1333 1398 1457 1545 1845 2019 2025 2109 2115 2168 2194 2466 2492 2605 2727 2959 3059 3172 3338 3344 3365 3712 3887 3994 4268 4435 4458 4777 5062 5367 5932 5941
3171 85 464 505 803 921 1074 1119 1180 1489 1559 1757 1893 1985 2058 2059 2107 2129 2287 2405 2435 2529 2781 2790 3025 3086 3187 3385 3547 3795 3957 3979 4261 4671 4673 4829 4857 4905 5032 5279 5644
3172 339 399 602 643 924 1048 1095 1445 1806 2059 2182 2484 2708 2954 3170 3723 4199 4302 4820 4840 5010 5072 5190 5351 5456 5724
3173 381 544 620 785 884 1340 1651 1829 1971 2070 2577 2621 2669 2855 2968 3183 3252 3304 3510 3682 3739 3794 4002 4027 4093 4200 4315 4364 4933 5157 5180 5469 5585 5778 5782 5817
3174 551 581 1093 1420 1496 1609 1786 1888 1920 1999 2163 2304 2860 3341 3670 3676 3713 3814 4024 4251 4559 4708 4822 4895 5168 5174 5369 5569 5577 5793 5855
3175 7 99 362 670 680 1047 1287 1400 1857 1910 2405 2438 3318 3472 3506 3528 3566 3593 3680 3901 4019 4128 4628 5198 5430 5684 5710 5959
3176 466 642 957 977 1286 1351 1354 1596 1865 1902 1919 2035 2058 2551 2567 2813 2856 2915 3109 3341 3574 4525 5190 5410 5658 5721 5946 5978
3177 191 309 748 782 798 1263 1336 1464 1810 1906 2236 2462 2591 3015 3228 3310 3400 3414 3444 3594 3992 4213 4542 4739 4756 4818 4870 4942 4991 5441 5762
3178 152 193 205 383 405 422 761 982 1314 1402 1461 1628 1631 1725 1738 1782 1880 1884 1937 2109 2146 2397 2533 2537 2569 2720 2742 2778 2800 3275 3711 3758 4008 4132 4417 4470 4755 4764 5047 5242 5533 5553 5813
3179 66 186 281 356 434 705 1010 1459 1619 2177 2655 2669 2713 3015 3283 3579 3821 4616 4628 4647 4667 5064 5190 5290 5502 5659 5803
3180 135 151 269 306 602 720 1038 1179 1275 1910 2110 2346 2352 2584 3299 3386 3474 3637 3667 3708 4109 4631 4639 4678 4767 5047 5848
3181 21 182 339 518 1072 1263 1505 1642 1954 2385 2524 2593 2725 3037 3337 3611 3692 3855 3988 4143 4276 4694 4815 5061 5122 5372 5776 5778
3182 200 261 416 497 557 561 1071 1093 1362 1385 1430 1650 1680 1926 1929 1939 2149 2692 2753 4013 4192 4439 5579 5605 5788
3183 108 883 948 1137 1958 2018 2449 2486 2916 3173 3231 3247 3591 3631 3812 3899 4159 4181 4253 4303 4492 4564 4979 5391 5537 5740
3184 131 537 538 613 683 767 927 1062 1473 1546 1560 2070 2100 2192 2350 2420 2798 3111 3326 3467 3730 3860 4329 4651 4690 4873 4940 4990 5074 5103 5112 5345 5400 5561 5805
3185 249 258 267 486 1063 1163 1384 1435 1818 2044 2054 2070 2277 2286 2819 2933 2988 3044 3144 3305 3429 3498 3797 4478 5117 5124 5323 5530
3186 144 243 317 475 907 920 1588 1619 2027 2118 2165 3154 3222 3580 3733 3848 4249 4498 5378 5421 5508 5527
3187 97 208 1100 1361 1849 1898 1899 1932 2456 2627 2715 2856 2900 3065 3171 3341 3568 4220 4243 4436 4749 4819 5227 5441 5442 5515 5939 5950
3188 693 831 952 1533 1540 1792 1951 2001 2184 2336 2773 2989 3028 3057 3169 3383 3394 3631 3669 3752 4035 4061 4144 4187 4624 4651 4836 4911 5159 5594 5743
3189 37 68 530 597 931 1155 1194 1219 1261 1281 1600 1884 2070 2127 2419 2527 2573 2773 2999 3054 3543 3634 4074 4092 4199 4478 4698 4704 4840 5201 5779 5815 5820
3190 227 268 366 473 769 829 1050 1172 1205 1331 1369 1757 1835 1863 1902 1903 2100 2314 2594 2834 3004 3153 3537 3611 3804 3985 4058 4070 4294 4620 4661 4714 4785 5060 5541 5676
3191 242 466 528 830 936 1356 1464 1657 1764 1771 1807 1895 1957 2002 2040 2277 2484 2840 2894 2953 2989 2996 3135 3519 3609 3717 4337 4660 4751 4784 4908 5417 5450 5784 5810
3192 110 151 547 742 813 1146 1652 1976 2077 2140 2287 2292 2693 3036 3156 3260 3342 3386 4554 4696 4840 4895 5238 5586 5617 5900
3193 29 53 123 351 375 424 693 839 953 983 1232 1557 1614 1680 2263 2270 2485 2486 2606 2668 2712 2972 3135 3140 3142 3447 3588 3813 3821 4030 4206 4284 4544 4771 4802 5162 5169 5467 5471 5486 5518 5520 5857 5961
3194 11 210 447 636 923 1322 2024 2114 2488 2833 3161 3479 3724 3738 3746 3880 4769 4974 5006 5051 5118 5298 5365 5596 5727
3195 97 132 250 265 306 351 515 645 693 1108 1211 1926 2074 2153 2159 2455 2788 2940 2947 2962 3008 3034 3257 3643 3739 3871 3988 4204 4292 4336 4420 4534 4578 4597 5672 5747 5822 5823 5975
3196 29 61 195 376 576 797 881 1073 1146 1367 1462 1629 1691 1789 1836 2816 3154 3436 3490 3774 3812 4213 4697 4777 4844 5048 5109 5110 5272 5403 5656
3197 39 775 792 814 1127 1396 1630 1719 1742 1795 2303 2316 2561 2766 2876 2885 3101 4289 4363 4573 4798 4991 5039 5347 5528 5619 5759 5851
3198 268 343 459 624 902 1250 1490 1570 1664 1679 1919 2033 2152 2473 2667 3079 3204 3380 3384 3512 3719 4119 4134 4173 4790 5318 5435 5631
3199 228 507 738 741 861 959 1509 1837 2029 2035 2572 2805 2843 2851 3012 3271 3406 3440 3660 3773 3880 4529 4694 4852 5073 5410 5412 5535 5573 5593 5690 5864
3200 27 466 632 647 946 1202 1403 1754 1899 2479 2602 2648 2698 2720 2736 2738 2813 3024 3281 3296 3492 3546 3587 4037 4126 4153 4440 4496 4925 4960 4974 5569 5980
3201 136 215 594 823 1070 1156 1524 1656 1707 1741 1864 1907 2301 2525 2684 2801 3041 3093 3352 3462 3555 3563 3641 4048 4219 4281 4458 4853 4929 4961 5251 5419 5895 5992
3202 110 492 986 1061 1206 1339 1655 2221 2331 2477 2623 2802 2834 3403 3622 3680 3881 4143 4481 4848 5210 5229 5347 5606 5867
3203 58 80 411 458 731 771 887 907 1614 1663 1777 2216 2504 2537 2665 2694 2706 2881 3265 3433 3501 3514 3702 3742 3788 3863 3923 4213 5240 5584 5638 5824 5923
3204 165 436 770 1441 1541 1873 1971 1974 2568 2605 2613 2982 3049 3106 3135 3198 3210 3298 3362 3603 4310 4593 4717 4774 5176 5340 5611 5719 5805
3205 19 127 769 1134 1449 1580 2276 2338 2879 3335 3464 3761 3816 3899 3915 3993 4154 4353 4432 4448 4520 4715 4776 4995 5105 5444 5559 5570 5962
3206 172 473 502 570 690 693 1123 1136 1171 1570 1915 1991 1995 2094 2149 2213 2353 2407 2867 3048 3431 3452 3584 3598 3886 4175 4235 4425 4840 5146 5620 5656 5732 5753 5781 5801 5884
3207 4 157 272 1146 1261 1405 1561 1730 1870 2288 2563 2724 3747 4037 4122 4406 4607 4801 4852 5166 5550
3208 31 83 1114 1612 2016 2019 2216 2474 2766 2869 3130 3374 3434 3591 3734 3786 3953 4332 4692 4712 5166 5209 5295 5640 5874
3209 15 344 639 1747 1769 1919 2119 2128 2734 3040 3371 3417 3788 3822 3863 4101 4192 4442 4603 4775 5088 5099 5379 5564 5566 5583 5686 5830 5983
3210 99 205 306 608 812 908 1241 1268 1376 1943 1997 2194 2262 2511 3204 3333 3424 3665 3679 3689 3829 3870 3893 4120 4250 4687 5747 5856
3211 266 547 680 752 780 879 1109 1399 1537 1610 1784 1889 2032 2350 2474 2550 2733 2756 3013 3239 3416 3621 3901 3961 4007 4111 4183 4288 4525 4545 4597 5873 5891
3212 46 158 241 303 412 439 452 486 573 664 971 1662 2416 2533 2722 3033 3139 3271 3818 4410 4576 4753 4765 5441 5495 5599 5660 5799 5930
3213 202 626 917 971 1188 1429 1562 2145 2217 3454 3547 3902 4017 4107 4398 4508 4724 4759 4803 4840 5071 5261 5458 5470 5687 5802 5881
3214 544 617 790 939 1124 1337 1506 1620 1764 1949 2041 2084 2105 2240 2498 2564 2841 3716 4099 4603 4690 4858 5209 5270
3215 43 89 282 378 420 519 571 642 748 1039 1092 1207 1427 2167 2318 2400 2803 3359 3512 3671 3766 3992 4537 5195 5534 5641 5793 5856 5892 5910 5931
3216 155 179 203 489 507 1110 1141 1660 1748 1890 1925 2359 2711 2713 2894 3029 3075 3168 3593 3741 3948 4334 4423 4548 4956 4960 5339 5361 5669
3217 100 125 129 193 317 409 436 552 955 1128 1221 1651 1668 1757 1793 1946 2353 2388 2516 3117 3348 3649 3739 3845 3903 4174 4228 4983 5332 5417 5572
3218 732 773 970 1115 1116 1322 1391 1593 1944 2014 2155 2233 2265 2551 3239 3346 3534 3648 4110 4211 4577 4963 4979 5001 5070 5160 5364 5482 5623 5662 5702 5808 5853 5967 5980
3219 37 207 655 1084 1095 1994 2004 2237 2594 2864 3589 3766 3879 3998 4120 4264 4353 4612 4686 4852 4949 5500 5503 5861 5887 5941
3220 73 264 413 667 1200 1334 1376 1666 1696 1775 1902 2153 2493 2604 2698 2961 2998 3126 3133 3484 3660 3931 4130 4182 4184 5165
3221 340 574 646 925 1031 1098 1147 1363 1643 1734 2172 2254 2581 2804 2917 3459 3752 3759 3774 3896 4082 4268 4348 4365 4458 4789 4811 4892 4927 4986 5091 5387 5405 5506 5764 5887 5972
3222 313 316 359 481 868 880 1224 1328 1569 1678 1738 1898 1913 2058 2241 2253 2312 2659 3011 3186 3242 3513 3656 3726 3778 3888 4071 4362 4960 5254 5317 5338 5751
3223 199 338 765 923 943 1166 1167 1235 1269 1987 2006 2025 2082 2211 2723 2804 3394 3775 3886 3957 3986 4103 4344 4579 4608 4964 5169 5744 5777 5805 5917
3224 62 393 736 1127 1145 1286 1293 1349 1523 1637 1671 1824 2097 2373 2665 2771 3023 3160 3661 3719 3858 3943 3980 4066 4685 5127 5176 5184 5438 5711 5735 5893
3225 13 761 808 1211 1641 1791 1987 2571 2853 3072 3083 3164 3757 3779 4491 4585 4648 4655 4977 4994 5495 5716 5812
3226 176 188 325 357 577 627 738 925 1328 1394 1410 1689 1743 2009 2231 2246 3386 3482 3687 4014 4200 4486 4569 4642 4805 4815 5195 5380 5399 5483 5521 5839
3227 218 329 350 594 617 744 1862 1915 1943 2065 2129 2209 2314 2458 2675 2728 2892 3270 3502 4016 4062 4322 4485 4567 4798 4903 4962 5016 5056 5120 5416 5645
3228 11 97 134 208 966 1032 2383 2547 2551 3050 3105 3177 3466 3697 4085 4669 4692 4735 5008 5121 5178 5239 5251 5360 5557
3229 564 877 1231 1413 1798 1820 2008 2199 2201 2676 3041 3090 3536 3604 3743 3899 3906 4017 4157 4288 4416 4510 4728 4750 4768 5002 5462 5517 5661 5863 5941
3230 215 338 387 471 563 611 742 896 1026 1054 1547 1552 1663 1914 1949 2032 2376 2617 2859 3117 3815 4149 4257 4336 4508 5294
3231 21 95 457 781 879 1032 1218 1396 1870 2281 2699 2705 3061 3183 3581 3907 4028 4151 4457 4601 4778 4814 5015 5028 5190 5222 5605 5684 5721 5863
3232 166 237 369 779 840 982 1058 1751 1768 1773 1958 2047 2134 2335 2512 2692 2942 3495 3776 3810 4370 4383 4481 4639 4676 4772 4780 4932 4968 5127 5226 5235 5242 5409 5473 5627 5859
3233 78 111 141 159 277 313 447 797 1085 1247 1390 2217 2645 3323 3530 3822 4574 4663 4851 5026 5182 5201 5270 5371 5478 5517 5671 5725 5928 5996
3234 97 110 138 305 384 448 645 745 804 1053 1096 1194 1572 2033 2052 2142 2179 2262 2392 2470 2488 2623 3157 3283 3608 3671 3697 3900 3957 4094 4747 4806 5077 5118 5238 5433 5747 5786 5951
3235 18 137 203 363 711 880 962 1132 1185 1339 1587 1622 1725 1993 2329 2357 2441 2504 3346 3355 3539 3567 3867 3868 3911 4471 5145 5179 5232 5257 5285 5460 5673
3236 49 744 1026 1035 1130 1154 1386 1728 1738 1750 1822 1839 2163 2231 2286 2509 2917 3318 3906 3988 4490 4682 4742 4906 5102 5296 5415 5616 5875 5943
3237 195 263 879 962 1008 1050 1343 1475 1713 1762 1829 2354 2471 2778 2818 3160 3782 4026 4186 4349 4556 4624 4910 4916 5208 5224 5643 5699
3238 589 1004 1182 1285 1407 1431 1442 2041 2214 2230 2549 3024 3868 3921 4080 4221 4328 4432 4442 4658 4734 4778 5040 5157 5555 5577 5638 5965
3239 84 378 888 1073 1105 1168 2012 2164 2768 2967 3128 3211 3218 3348 3413 3425 3835 3869 4062 4153 4500 4529 4913 5271 5443 5583 5660 5661 5700
3240 1 122 140 239 508 824 1473 1531 1746 1929 2063 2272 2302 2315 2439 2474 2732 2775 3409 3526 3676 3702 3781 3834 3921 3986 4300 4358 4454 4469 4605 4941 5353 5579 5624 5686 5943
3241 40 47 97 365 389 454 512 760 1469 1475 2039 3246 3305 3335 3426 3779 3889 3909 4142 4455 5277 5404 5637 5702 5910
3242 209 404 508 592 635 728 1019 1052 1122 1382 1559 2195 2246 2475 2524 2532 2611 2705 2808 2833 3064 3222 3305 3393 3455 3490 3827 4250 4516 4875 5038 5188 5208 5395 5720 5771 5867 5915 5961
3243 106 767 878 963 1044 1076 1236 1282 1768 1918 2789 2806 2942 3020 3040 3124 3512 3557 3769 3943 4230 4612 4707 4782 4996
3244 38 55 609 788 960 979 1071 1097 1327 1374 1412 1419 1614 1998 2152 2383 3158 3394 3526 3638 3982 4426 4471 4725 4821 5068 5161 5178 5382 5456 5680
3245 15 1168 1432 2331 2488 2532 2622 3626 4134 4139 4835 5054 5146 5449
3246 521 573 601 729 730 1317 1334 1555 1565 2065 2265 2344 2583 2953 2991 3094 3241 3248 3494 3645 3824 4824 4860 4967 5117 5631 5685
3247 491 727 1109 1272 1308 1349 1593 1830 2261 2320 2547 2588 3183 3410 3637 3843 4031 4240 4628 4894 4933 4984 5017 5032 5138 5340 5682
3248 733 765 883 926 1295 1386 1712 1809 1897 2258 2506 2822 2977 3246 3889 4020 4101 4113 4159 4246 4310 4362 4881 5071 5381 5409 5459 5740 5791 5818
3249 560 833 974 1404 1534 1636 1798 1892 1915 1937 2003 2240 2791 2978 3358 3482 3838 4030 4225 4948 4963 5057 5065 5597 5602 5693 5840 5872 5929 5981
3250 7 100 155 338 446 681 735 850 1009 1052 1181 1817 1849 2075 2088 2122 2239 3011 3355 3483 4592 4772 4799 4881 5116 5328 5625 5691 5848
3251 11 174 485 585 655 922 1043 1386 1790 2683 2721 2993 3098 3317 3358 3762 3939 4064 4236 4304 4433 4570 5149 5208 5253
3252 97 391 796 1220 1366 1432 1628 2088 2342 3018 3173 3506 3687 3788 3919 4093 4135 4406 4469 4478 4651 4719 4818 5126 5291 5409 5466
3253 30 319 355 452 501 534 538 615 839 939 948 1424 2073 2575 2735 3307 3368 3437 3827 3963 4525 4696 4751 4914 4958 4999 5093 5099 5239 5250 5448 5591 5715 5970
3254 49 185 276 479 492 894 957 1180 1233 1516 1776 2017 2278 2468 4368 4440 4450 4583 4600 4702 4784 4875 5098 5154 5357 5506 5520 5565 5583 5739 5836 5862 5942
3255 461 560 915 1062 1067 1074 1123 1136 1139 1253 1336 1537 1579 1707 1942 2146 2172 2189 2550 3579 3802 4070 4253 4266 4276 4662 4762 4827 5088 5090 5901
3256 61 138 250 440 847 1141 1216 1672 1703 1971 2313 2326 2523 2651 2948 3113 3614 5023 5362 5411 5620 5700 5763 5926 5954
3257 240 894 1349 1470 1664 1704 2108 2349 2453 2622 2640 2649 3065 3195 3679 3702 3733 3833 4057 4090 4550 5278 5296 5329 5508 5700 5865
3258 54 237 277 543 819 872 878 927 1408 1525 1845 1984 2068 2273 2510 2807 2819 2936 3021 3093 3488 3684 3689 3843 3955 4145 4593 4816 4866 5229 5431 5549
3259 51 950 997 1015 1162 1423 1767 2004 2027 2068 2513 2779 3286 3365 3399 3526 3954 4150 4550 4564 4782 4910 5170 5747 5930
3260 175 257 289 554 771 898 923 1045 1135 1358 1823 2018 2515 2934 2967 3109 3192 3272 3724 3868 3884 3998 4029 4153 4248 4261 4399 4710 4892 4905 4920 5457 5590
3261 158 385 412 623 626 880 967 1149 1152 1250 1297 1560 1875 2301 2575 2628 2822 2998 3051 3569 3601 3842 3898 4241 4301 4321 4564 4816 5842 5957
3262 75 93 157 319 422 809 1026 1055 1473 1520 1692 1782 1810 1982 2060 2154 2176 2210 2390 2801 3004 3445 3786 3791 3894 4201 4223 4348 4409 4526 4693 5062 5066 5129 5275 5364 5512
3263 58 249 559 1063 1492 1903 2549 2774 2862 3165 3280 3292 3589 3620 3742 3816 3884 4272 4394 4412 4456 4503 4505 4543 4611 4789 4863 4911 5206 5251 5270 5319 5701 5825
3264 54 441 1153 1255 1343 1383 1476 1720 1913 1921 2017 2108 2358 2382 2473 2579 2665 2800 2892 3630 3956 4165 4257 4323 4721 4888 5761 5835 5896 5939
3265 24 195 243 620 790 1064 1420 1572 1712 1896 2684 2759 3203 3336 3344 3390 3398 4080 4089 4209 4374 4547 4555 4732 5101 5279 5574 5637 5791 5842 5965
3266 438 482 943 1683 1863 1952 1980 2025 2281 2468 2603 2804 3023 3579 4002 4175 4238 4301 4676 4702 4913 4994 5064 5809 5882 5928 5934
3267 45 257 502 595 1055 1170 1231 1259 1306 1505 1940 2178 2293 2434 2725 2965 3089 3383 3732 4035 4420 5130 5330 5374
3268 471 586 784 1166 1488 1739 1842 1885 2780 2971 3080 3864 4251 4280 4390 4685 4734 5045 5047 5282 5347 5417 5479 5695 5826
3269 29 272 344 574 805 1276 1312 2646 2653 2736 2881 2935 3059 3618 3644 3943 4034 4146 4378 4830 5307 5377 5748
3270 76 98 173 463 837 991 1047 1121 2551 2592 3158 3227 3353 3401 3406 3558 3562 3899 4519 4577 5105 5428 5697 5885 5912
3271 489 627 946 1146 1151 1248 2022 2311 2432 2599 2723 2826 3113 3199 3212 3306 3964 4934 4981 5565
3272 47 172 472 491 899 1898 2146 2479 2731 3012 3090 3260 3573 3633 3763 3932 4018 4065 4349 4492 4534 5072 5249 5318 5523 5694 5721
3273 47 710 828 946 1073 1347 1462 1490 1523 1546 1700 1780 2132 2228 2235 2347 2610 2766 2787 2939 2942 3659 3950 4761 4780 4952 5200 5319 5435 5585 5769
3274 655 906 1135 1302 1841 1884 1892 1930 1993 2000 2207 2589 2634 2643 2706 3119 3724 4325 4481 4888 5051 5241 5452 5633 5984 5993
3275 106 175 255 328 493 559 610 1339 1393 2295 2510 2690 2993 3178 3384 3573 3833 3892 4106 4612 4989 4997 5376 5673
3276 242 290 327 717 936 973 990 1307 1350 1434 1436 1562 1729 1773 1938 2012 2251 2444 2498 2513 2904 3350 3606 3671 3688 3699 4032 4357 4375 4408 5002 5030 5547 5636 5723 5853
3277 84 112 160 180 731 957 1696 1840 2299 2440 2793 2942 3035 3345 3540 3772 3819 3998 4272 4274 4546 4922 5095 5163 5476 5480 5780
3278 348 492 516 649 817 1580 1630 1805 1887 2277 2345 2359 2529 2632 3051 3326 3331 3352 3603 3679 3792 3830 3928 4142 4999 5199
3279 80 707 968 1025 1054 1347 1410 1443 1461 1520 1687 1700 1999 2095 2179 2526 2538 2854 2936 2950 3083 3312 3464 3955 4098 4587 4685 4762 4791 4830 5098 5157 5372
3280 302 825 943 1073 1172 1241 1321 1333 1622 1732 2111 2125 2139 2402 2476 2583 2779 3263 3591 3661 3682 4002 4065 4082 4412 4558 4718 5263 5679
3281 570 607 741 780 783 1092 1588 1693 2255 2278 2299 2363 2568 2732 3135 3200 3286 3670 3842 3884 4156 4382 4435 4592 4785 4808 5082 5429 5474 5785 5894 5928 5935
3282 212 349 453 549 638 690 860 869 1050 1146 1210 1822 2371 2953 3379 3403 3421 3976 4148 4213 4335 4838 4863 4903 5376 5489 5694 5846 5866 5983
3283 84 424 431 473 906 1316 1489 1704 1788 2190 2397 2538 2841 2906 3148 3179 3234 3522 3633 3687 3721 3774 3804 3994 4015 4268 4540 4599 5136 5202 5245 5446 5502 5566
3284 36 483 1065 1195 1411 1447 1463 1530 1694 1748 1961 2056 2319 2462 2741 2797 2948 3160 3302 3309 3384 3504 3599 3635 3748 3894 4078 4540 4594 4728 4950 5147 5429 5503 5556
3285 168 186 524 763 946 1004 1040 1390 2085 2217 2273 2285 2373 2535 2760 3362 3668 3715 3735 3913 4029 4176 4303 4704 5295 5554 5712
3286 229 330 645 960 1062 1753 2213 2382 2584 2627 2882 2920 3143 3259 3281 3353 3607 3800 4029 4264 4560 4747 4967 4977 5071 5553 5584 5752 5893
3287 419 681 687 738 1336 1691 1734 1790 1793 2035 2238 2253 2363 2428 3313 3970 3993 4087 4438 4447 4467 4593 5630 5900
3288 92 278 286 519 1003 1030 1145 1246 1336 1550 1788 1803 1967 2008 2253 2305 2324 2542 2590 3632 3979 4104 4210 4409 5142 5334 5346 5412 5428 5431 5670 5859
3289 442 850 1002 1568 1688 1882 1917 2020 2056 2097 2120 2393 2592 2644 2708 2843 3319 3407 3535 3628 3722 3759 3922 4326 4376 4465 4616 4754 4990 5432 5511 5528 5872
3290 299 361 552 1055 1120 1256 1350 1384 1534 1815 1916 2020 2048 2095 2441 3292 3742 3837 4128 4593 4679 4825 4832 4834 4906 4934 4959 4971 5026 5211 5349 5551 5643 5676 5898
3291 238 241 288 321 329 835 1187 1420 1455 1477 1733 1794 2823 3824 3911 3933 4006 4068 4136 4273 4351 4503 4534 4644 4732 4787 5216 5429 5557 5889 5917 5951
3292 96 419 742 758 859 891 1231 1495 1843 2142 2259 2643 2743 2773 2814 3263 3290 3709 3760 3785 4158 4295 4591 4923 4938 5149 5230 5371 5380 5612 5798
3293 222 1184 1501 1507 2593 2646 2755 2889 2979 3152 3539 3657 3717 3841 3858 4040 4144 4339 4775 4861 4952 5115 5436 5691 5955
3294 10 102 513 672 794 1348 1452 1591 2433 2490 2697 3624 3879 4167 4877 5022 5058 5644
3295 55 298 528 570 674 777 944 998 1297 1375 1448 1521 1790 1810 1867 1879 2029 2030 2184 2304 2517 2631 2784 2887 3080 3138 3166 3569 3910 3966 3996 4073 4402 4477 4562 4653 4674 4801 4998 5143 5155 5628 5667 5697
3296 442 766 924 934 1018 1117 1314 1354 1724 1942 1956 2080 2156 2574 2720 2876 3200 3422 4158 4173 4325 4809 4818 4877 5164 5518 5529 5772 5799
3297 32 182 1049 1058 1113 1189 1385 1425 1471 1797 1921 1970 1988 2367 2403 2715 2937 2957 3127 3406 3414 3520 3740 4044 4094 4201 4597 4748 4851 4863 4905 5242 5397 5420 5485 5519 5843 5887
3298 57 112 346 429 468 718 1057 1075 1710 1768 1816 1929 2083 2296 2297 2342 2482 2820 3096 3204 3507 3511 3748 3796 3912 4076 4192 4302 4686 4827 4898 5004 5038 5667 5885
3299 240 278 460 484 726 979 1590 1698 2433 2557 2875 2957 3101 3180 3433 3622 3633 3817 3846 3874 4613 5041 5054 5183 5731 5752 5932
3300 266 532 730 770 819 895 981 1026 1287 1583 1602 2064 2181 2282 2617 2644 2683 2704 3079 3161 3332 3362 3501 3776 3836 4606 4624 4961 5193 5420 5975
3301 12 803 983 1120 1137 1138 1244 1276 1285 1706 1875 2241 2287 2297 2581 2693 3121 3332 3411 3815 4094 4191 4290 4578 4597 4671 4721 4829 5123 5672 5755 5763 5778 5821 5877
3302 48 249 443 517 555 675 799 858 1039 1156 1157 1238 1248 1448 1455 1587 1708 2094 2258 2338 2511 2513 2632 3026 3126 3284 3400 3480 3840 4014 4355 4438 4934 5238 5289 5358 5416 5552
3303 73 312 549 669 737 1098 1231 1252 1328 1436 1552 1679 1936 2038 2102 2130 2453 2505 2634 2727 2746 2971 2977 2987 3618 3712 3820 3825 3900 4357 4486 4779 4945 5619 5842 5851
3304 291 1187 1584 1632 1962 2407 2910 2963 3131 3173 3442 3506 3670 3755 4477 4591 4601 4870 4930 5638 5734
3305 48 132 166 286 531 681 1098 1135 1407 1654 1830 2124 2191 2192 2462 2610 2712 2996 3185 3241 3242 3312 3589 3924 4240 4298 4387 5375 5822
3306 386 639 914 1103 1178 1623 1695 1717 2312 2412 2541 2756 3121 3147 3271 3309 3401 3480 3725 3745 4090 4103 4618 4819 5168 5497 5671
3307 64 230 276 339 858 1015 1375 1587 1654 1824 1872 2110 2244 2341 2371 2537 2541 2595 2616 3005 3253 3356 3818 4063 4397 4596 5008 5818 5835 5963
3308 64 128 347 545 808 1286 1288 1328 1481 1680 1833 1962 2627 2871 4132 4164 4270 4707 4724 4725 4780 4899 5115 5256 5323 5363 5698 5944
3309 269 346 1712 1836 2176 2387 2548 2704 2785 2878 3284 3306 3504 3606 3779 3798 4172 4222 4274 4501 4622 4874 4950 5505 5737 5765
3310 9 237 277 464 525 842 906 1476 1868 2049 2119 2302 2417 2595 3177 3333 3398 3854 3943 4210 4427 4693 5017 5103 5211 5380 5449 5503 5655 5751
3311 666 680 1363 1414 1766 1885 1998 2187 2369 3369 4118 4414 5121 5323 5709 5858
3312 86 540 659 892 1078 1256 1414 1888 1899 2131 2375 2665 2761 2844 2972 2986 3160 3279 3305 3413 3543 3776 3807 3923 3953 4162 4513 4627 4706 4846 5350 5654
3313 339 1162 1624 1644 1860 1894 2002 2389 2736 2791 2944 2993 3010 3287 3327 3364 3383 3614 3716 3730 3870 3992 4601 4626 4922 5008 5028 5184 5617 5684
3314 475 666 743 790 854 1149 1367 1812 2435 2916 3006 3378 3389 3514 3711 4016 4065 4180 4302 4360 4727 4734 4961 4991 5107 5130 5294 5538 5572 5727 5801
3315 116 341 665 1004 1110 1187 2314 2355 2358 2944 3730 4289 4362 4365 4468 4744 4828 5134 5143 5156 5267 5434 5583
3316 193 390 789 891 935 1015 1127 1791 1889 2391 2461 2510 2672 2817 2834 3404 3437 3486 3541 4309 4831 5548 5589 5721
3317 307 401 716 933 1003 1065 1134 1366 1514 1714 1994 2166 2409 2465 2871 3005 3073 3251 3591 3985 4251 4266 4342 5084 5138 5463 5905 5941
3318 235 404 504 767 1099 1103 1321 1351 1529 1543 1596 1906 2128 2155 2280 2396 2404 2507 2662 2743 2799 2895 2961 3031 3166 3175 3236 3472 3753 3967 4215 4455 4512 4541 5092 5166 5169 5541 5651 5772
3319 136 145 228 693 857 878 927 1379 1590 2143 2293 2522 2530 2550 2803 2891 3167 3289 3886 4253 4280 4331 4471 4819 5031 5047 5168 5727
3320 275 278 381 461 637 1017 1154 1477 1525 1564 1823 1862 1924 2120 3166 3367 4394 4419 4812 5196 5604 5647 5901 5923
3321 51 271 831 903 909 943 1149 1184 1229 1776 1959 2405 2699 3001 3614 3927 4016 4020 4037 4083 4226 4545 4620 4622 4762 4880 4978 4988 5014 5350 5888 5964 5978
3322 86 348 768 837 883 947 960 963 1917 1980 2403 2487 2624 2714 3887 4165 4213 4718 4864 4909 4948 4959 5241 5425 5494 5686 5712 5738 5835
3323 23 206 671 930 1014 1038 1098 1127 1380 1520 1583 1848 1851 2520 2576 2660 3233 3602 4826 4870 5117 5829
3324 30 53 663 678 1417 1629 1676 1682 2310 2378 2568 2623 3364 3430 3911 3921 4013 4151 4371 4401 4606 4638 4733 4765 5286 5287 5421 5606 5713 5876 5915
3325 167 635 916 1121 1231 1396 1426 1473 1816 1843 1863 1888 2160 2281 2385 2395 2658 2773 2855 2896 2915 2953 3055 3066 3756 3899 3955 4220 4306 4336 4578 4580 5088 5233 5304 5366 5802
3326 1117 1167 1253 1358 1725 1822 1826 1987 2170 2611 2687 2783 2812 3087 3184 3278 3617 3666 3968 4207 4215 4380 4615 4645 4685 4871 5211 5226 5593 5639 5668 5720 5817 5821
3327 13 148 292 295 393 407 845 867 918 1007 1341 1390 1455 1725 1871 1974 2740 2984 3129 3313 3511 3958 4003 4256 4531 4619 4634 4867 5017 5075 5084 5161 5403 5599 5966 5996
3328 44 378 395 620 895 1092 1296 1702 2118 2577 2832 2924 3037 3886 3891 3896 3988 4067 4180 4590 4739 4809 5132 5262 5314 5452 5597 5763 5804
3329 215 255 464 475 610 743 1054 1294 1413 1459 1609 1722 1779 2168 2254 2430 2454 2596 2723 2898 2906 3159 3345 3411 3858 4320 4611 4839 4915 5052 5110 5241 5444 5583 5687 5724 5918 5957
3330 25 699 750 1271 1345 1366 1370 1682 1749 1867 2088 2094 2128 2149 2208 2632 2645 2656 3519 3677 3744 4045 4420 4474 4602 4923 5126 5314 5545 5733 5861 5895 5956
3331 212 300 307 578 773 880 882 976 1433 1669 2153 2220 2528 2885 3038 3278 3725 3842 4151 4267 4346 4563 4666 4723 5040 5173 5366 5384 5386 5518 5659 5869
3332 62 74 112 347 708 735 768 926 1085 1146 1268 1315 1316 1734 2429 2759 2830 2914 3058 3106 3115 3300 3301 3498 3881 4208 4614 4711 4734 5053 5259 5335 5481 5613 5641 5646 5670 5705 5776 5957
3333 496 796 839 965 1369 1492 1778 1872 2030 3210 3310 3479 3689 3839 4193 5219 5330 5676 5682 5685 5892
3334 569 639 994 1096 1131 1281 1547 1583 1660 1696 1749 1846 1861 1931 2007 2131 2162 2214 2290 2344 2346 2544 2563 3101 3169 3672 3696 4164 4217 4568 4610 5051 5163 5292 5447 5483
3335 45 760 775 974 1022 1102 1120 1194 1216 1232 1424 1478 1514 1722 1729 2251 2609 2951 3036 3141 3205 3241 3402 3544 3855 4498 4620 4834 5387 5489 5513 5722
3336 169 327 1183 1283 1422 1459 1475 1806 1832 1971 2106 2359 2400 2635 2963 3153 3265 3356 3374 3615 3862 4091 4208 4453 4597 4624 4684 4759 4877 5079 5361 5422 5478 5735 5746 5914
3337 597 608 1539 1583 1764 1831 1856 1862 2194 2621 3152 3181 3552 3618 3670 3782 3952 3971 4002 4034 4342 4466 4739 4795 4950 5031 5277 5503 5618 5737
3338 156 157 298 578 781 1244 1454 1511 1678 2193 2207 2611 2833 2881 3170 3619 3827 3935 3947 4001 4178 4468 4513 4827 4877 5258 5412 5733 5757 5788
3339 16 72 135 393 570 600 633 749 1073 1112 1268 1462 1737 1814 2073 2096 2386 2707 2742 2968 3114 4292 4401 4473 4842 5078 5363 5408
3340 49 106 368 433 942 1704 1839 2125 2188 2213 3696 3873 3917 4141 4323 4586 4794 4885 4915 5001 5233 5422 5595 5873 5954
3341 200 217 341 359 845 968 1090 1149 1705 1933 1947 2093 2369 2613 2977 2997 3064 3174 3176 3187 3369 3634 3900 4282 4510 4599 4696 4768 4798 5080 5333 5390 5507 5953 5955
3342 170 327 461 622 1222 1791 1997 2620 3192 3670 4287 4305 4458 4545 4576 5174 5395 5545 5550 5600 5703
3343 420 481 1126 1279 1460 1565 1817 2171 2324 2499 2680 3144 3362 3469 3607 3929 3987 4154 4520 4709 4825 5215 5326
3344 620 699 830 1245 1515 1608 1968 2092 2573 2656 2813 3170 3265 3387 3555 3585 3615 3808 3980 4142 4410 4437 4724 4931 5163 5565 5629
3345 475 873 920 1306 1844 1907 2172 2175 2213 2241 2381 2892 3277 3329 3425 3432 3448 3496 3904 3978 4421 4617 5448 5521 5688 5909
3346 176 220 401 590 1044 1073 1248 1267 1540 1664 1998 2103 2128 2264 2462 2670 2794 2971 3161 3218 3235 3611 4059 4534 4707 5112 5880
3347 29 195 793 924 1172 1371 1401 1402 1774 1984 1994 2020 2424 2425 2492 2496 2544 2704 3424 4108 4311 4415 4636 4806 5143 5366 5746
3348 11 104 513 619 780 920 1118 1139 1193 1354 1365 1373 1605 2010 2170 2459 2611 2638 2641 3217 3239 3546 4113 4261 5072 5132 5147 5816 5951
3349 962 1226 1328 1842 2312 2328 2349 2359 2365 2396 2416 2567 2619 2780 2817 3046 3380 4529 4594 4653 4911 5005 5057 5131 5741 5752 5845 5994
3350 144 150 289 478 1032 1570 1865 1924 2074 2270 2429 2528 2751 2781 2848 2864 2910 3276 3372 3759 3822 3893 4033 4085 4240 4349 4426 4470 4479 4728 4802 4979 5027 5369 5662 5781
3351 3 135 423 956 1360 1450 2130 2292 3021 3385 3770 4093 4285 4363 4587 4705 4867 5010 5036 5137 5486 5505 5571 5630 5760
3352 216 426 573 935 940 991 1112 1158 1407 1518 1582 1885 2308 2319 2650 2757 3201 3278 3360 3396 3998 4073 4380 4520 4676 4740 5033 5195 5311 5386 5397 5465 5785 5835
3353 22 591 913 1079 1251 1490 1726 1790 1951 2095 2401 2684 3025 3158 3270 3286 3680 3771 4018 4055 4267 4420 4680 5119 5225 5324 5451
3354 295 385 496 672 723 906 1056 1215 1694 1776 1779 2151 3134 3374 3571 3604 3658 3798 3925 4054 4104 4149 4425 4648 4655 4794 4862 4881 4926 5160 5265 5534 5610 5982
3355 323 642 666 701 743 763 786 882 1370 1373 1583 1707 1904 1915 1924 1949 2055 2437 2658 2661 2933 3051 3073 3146 3235 3250 3799 3988 4042 4107 4176 4268 4391 4636 4825 4973 5179 5435 5484 5570 5927
3356 305 867 1492 1559 1705 3024 3307 3336 3405 3431 3749 3750 4016 4139 4211 4240 4247 4292 4365 4388 5256 5283 5457 5652 5690
3357 212 354 465 493 1092 1304 1723 1874 2059 2083 2230 2448 2589 2616 2778 2876 2920 3032 3093 3579 3938 4070 4304 4457 4840 4870 5158 5418 5569 5756
3358 240 370 758 1005 1798 1852 1903 1912 2127 2167 2324 2441 2638 3249 3251 3797 3981 4430 4504 4564 4595 4608 4673 4696 4801 4876 4933 4948 4980 5094 5325 5479 5712 5947
3359 188 332 437 1093 1241 1264 1281 1476 1706 2067 2307 2683 2729 2769 2820 2875 2883 3215 3582 3737 4036 4124 4162 4310 4428 5163 5315 5399 5571 5980
3360 118 165 238 414 581 747 761 798 875 1342 1352 1503 1617 2389 2657 2670 3052 3352 3475 3860 4327 4795 4855 4936 5340 5483 5646 5864 5876
3361 1 370 441 615 1142 1164 1221 1223 1297 1410 1427 1716 1725 1781 1899 2263 2890 2951 2967 3461 3496 3671 3686 3810 3994 4316 4388 4464 4964 4980 5015 5118 5139 5193 5207 5274 5774 5784 5819 5957
3362 181 517 661 666 854 1121 1210 1238 1249 1311 1404 1894 2316 2332 2720 2744 2803 2854 3144 3204 3285 3300 3343 3695 4880 4985
3363 102 164 353 648 721 1250 1421 1899 2232 2349 2445 2528 2753 2926 3368 3400 3511 3531 3947 4185 4495 5080 5257 5336 5348 5536 5928 5973
3364 23 281 418 529 549 943 999 1029 1240 1320 1339 1792 2064 2184 2271 2421 2730 2845 3083 3313 3324 3660 3682 3742 3814 3864 3865 4102 4226 4346 4553 4595 4887 5183 5582 5641 5676 5740 5854
3365 133 165 541 627 754 1234 1292 1429 1675 1680 1792 1853 2081 2177 2393 3064 3112 3170 3259 3555 3605 3885 3915 4400 4650 4800 4947 5476 5599 5609 5840
3366 438 1331 1345 1477 1530 1560 1873 2181 2297 2300 2378 2795 2856 3072 3095 3528 3647 3882 4116 4299 4860 5168 5367 5471 5540
3367 145 305 494 662 872 1054 1245 1327 1328 1489 1509 1682 1814 1938 1965 1996 2214 2251 2390 2726 2927 3320 3893 3937 4220 4401 4520 4981 5019 5136 5406
3368 37 166 1373 1579 2110 2169 2339 2495 2651 2712 2756 2885 3158 3253 3363 3654 3878 3892 4092 4118 4769 4811 4864 4884 4993 5255 5342 5912 5958
3369 17 575 756 781 1733 1909 2090 2267 2583 2689 2701 2918 2975 3311 3341 3570 3712 3855 4281 4589 4684 4812 4921 5072 5114 5203 5243 5382 5462 5846 5908 5971
3370 128 474 543 833 888 1201 1381 1458 1549 1648 1871 1981 2019 2085 2257 2491 2501 2817 3052 3488 3723 3841 3942 4552 4607 4661 5799 5859
3371 238 477 489 514 589 630 729 767 1094 1470 1983 2235 3209 3387 3549 3579 3778 3904 4144 4319 4337 4427 5162 5229 5387
3372 329 340 390 459 1192 1326 1618 1625 2035 2153 2344 2525 2965 3166 3350 3583 3667 4184 4250 4587 4648 5081 5403 5800 5885
3373 296 329 426 755 815 856 1222 1606 1775 1895 1907 2121 2225 2369 2635 2753 2927 3158 3529 3566 3666 3875 4471 4608 4765 4803 5003 5046 5272 5540 5648 5793 5872
3374 70 408 539 563 574 685 713 749 1331 1354 1723 2355 2473 2693 3208 3336 3354 3484 3554 3603 3876 3908 4292 4868 4870 5287 5781
3375 180 210 232 238 482 759 1137 1690 1727 1903 2278 2296 2369 2984 3121 3389 3480 3492 3835 4043 4214 4654 4667 4878 5360 5369 5549 5556 5634 5976
3376 840 914 1194 1486 1622 1723 1785 1874 2119 2170 2296 2411 2568 4176 4458 4708 4876 5399 5538 5743
3377 36 89 547 966 1137 1360 1533 1736 2207 3469 3582 3875 4238 4395 4613 4756 4920 5181 5349 5394 5827
3378 87 217 411 673 771 832 1038 1113 1164 1347 1371 1432 1594 1630 1695 1784 2108 2210 2228 2290 2357 2472 2600 2628 2667 2671 2981 3314 3929 4311 4555 4613 4644 4676 4803 5080 5704 5876 5898
3379 554 690 1754 1816 1878 1925 2008 2171 2225 2476 2613 2719 2975 3163 3282 3513 4097 4238 4862 4983 5220 5227 5291 5446 5452 5957
3380 167 526 596 652 682 816 1346 1363 1629 1912 2152 2196 2723 3032 3198 3349 3616 3781 3994 4021 4178 4794 4883 5355 5454 5738 5974
3381 410 412 712 734 738 753 808 1351 1638 1680 1705 1851 2183 2254 2318 2725 2806 2936 3109 3658 3801 3978 4085 4232 4454 4618 4627 4774 5120 5810 5887
3382 13 81 283 378 391 564 691 779 916 973 1030 1401 1421 1499 1522 1749 1967 2110 2179 2386 2429 2458 2985 3067 3469 3777 4431 4767 4977 5220 5259 5298 5405 5767 5805 5807 5836 5940
3383 35 331 536 686 786 808 900 1065 1464 1514 1582 1649 1982 2036 2197 2428 2596 2766 3188 3267 3313 3398 3419 3509 3798 3964 3983 4116 4351 4581 5154 5203 5335 5343 5374 5442
3384 196 203 520 876 932 989 1134 1486 1795 1850 1891 2102 2169 2209 2444 2561 2920 3095 3155 3198 3275 3284 3577 3676 3866 4054 4114 4431 4994 4998 5087 5117 5319 5479 5522 5526 5649 5679 5726 5777
3385 38 158 458 521 822 923 1124 1265 1771 2054 2075 2293 2369 2541 2561 2733 3029 3165 3171 3351 3671 3908 4329 4975 5172 5267 5382
3386 108 292 339 526 782 1007 1056 1226 1430 2393 3180 3192 3226 3491 3754 4243 4359 4693 4891 5191 5593 5668 5775 5972
3387 61 516 533 758 782 1042 1496 1611 1671 1772 1933 2038 2511 2620 2980 3344 3371 3667 3739 3947 4188 4240 4623 4716 4728 4754 4836 4888 5121 5193 5975
3388 126 261 476 568 834 1158 1259 1406 1566 1578 1636 1759 1816 1897 2190 2275 2524 2567 2697 2768 2860 3527 3596 3683 3739 3756 3872 4185 4729 4801 5075 5751
3389 1 26 186 236 523 590 875 1107 1146 1215 1327 2001 2045 2170 2441 2468 2921 2943 2958 3030 3314 3375 3455 3536 3580 3608 3644 3761 3835 4264 4496 4559 5026 5052 5635
3390 423 971 1015 1138 1448 1598 1898 2139 2593 2771 3063 3265 3642 3652 5244 5313 5534 5840 5949 5980
3391 238 744 821 846 1008 1042 1085 1106 1301 1372 1416 1533 1581 1801 1983 2184 3060 4022 4023 4075 4360 4615 5818 5874 5945
3392 77 672 762 793 892 927 1155 1299 1639 2033 2423 2483 2516 2558 2560 2787 3039 3843 4031 4098 4153 4242 4298 4334 4836 4878 5134 5296 5365 5517 5647 5648
3393 285 742 806 1141 1391 1527 1771 1818 1895 2009 2022 2118 2122 2294 2470 2488 2515 2539 3242 3484 3842 4022 4231 4245 4379 4381 4592 5055 5135 5770
3394 11 106 298 577 762 986 1095 1214 2460 2624 3025 3080 3108 3122 3188 3223 3244 3512 4073 4322 4564 4574 4631 4836 4851 5770 5965
3395 89 195 235 603 691 1335 1550 1564 1878 1931 2265 2576 2702 2783 2848 2880 3816 4359 4384 4407 4705 4909 4983 5047 5108 5213 5230 5398 5405 5502 5540 5562 5675 5924
3396 16 389 492 692 802 1054 1104 1479 1514 1685 1776 2704 3352 3452 3546 4134 4159 4323 4459 4955 5063 5087
3397 90 198 315 868 1091 1799 1804 2132 2136 2359 3006 3719 3816 4632 4855 5293 5460 5638
3398 761 790 1016 1284 1450 1452 1671 1752 1834 1956 2312 2372 3156 3265 3310 3383 3418 3704 4355 4384 4392 4559 4583 4598 4957 4983 5143 5157 5211 5451 5575 5863 5922
3399 71 189 519 846 938 1476 1952 1987 1999 2289 2417 2716 2732 2926 3020 3259 3596 3786 3999 4292 4306 4507 4591 4981 4982 5124 5237 5328 5331 5630 5751
3400 195 376 604 917 1149 1158 1302 1565 2086 2307 2546 2600 2820 3145 3177 3302 3363 3578 3636 3915 3920 4044 4386 4483 4532 4848 4880 4904 4908 5009 5323 5886 5951
3401 3 397 458 547 780 870 872 1129 1176 1182 1208 1240 1287 1449 1545 1695 1842 1979 2537 2631 2766 3058 3114 3153 3270 3306 3510 3631 3795 3910 3967 5143 5439 5665 5684
3402 274 392 702 779 921 1177 1230 1854 1919 2131 2551 2652 2655 2684 2995 3021 3335 3413 3643 3831 3994 4085 4191 4962 4993 5145 5295 5452 5503 5638 5661 5819 5871
3403 245 344 377 559 993 1196 1261 1383 1655 1749 1859 2943 3202 3282 3630 3716 3782 4086 4106 4201 4243 4389 4659 4740 5284 5442 5577 5583 5726 5954
3404 492 563 1171 1345 1864 1947 2065 2205 2804 2844 3017 3060 3316 3570 3806 4038 4108 4187 4254 4553 4612 4946 5093 5183 5312 5418 5923
3405 108 476 792 835 1187 1266 1646 1680 1884 1899 2443 2635 2679 3356 3485 3856 4200 4291 4383 4487 4924 4969 5412 5898 5917
3406 1000 1069 1213 1216 1268 1616 1659 1678 2136 2463 2584 2743 2826 2944 3199 3270 3297 3431 3617 3991 4302 4800 4875 4934 5617 5697 5699 5718 5813
3407 199 310 530 952 1101 1125 1251 1327 1354 1575 1885 1901 2415 2557 2788 3289 3427 4223 4333 4356 4403 4426 4527 4601 4768 4833 5084
3408 303 772 786 982 1237 1252 1519 2069 2549 2664 2806 3048 3503 3721 3962 3967 3983 4128 4421 4625 4709 5813
3409 567 1053 1441 1461 1808 2471 2728 2786 3030 3240 3441 3673 3783 4377 4388 4514 4911 4971 5260 5377 5773
3410 796 1073 1189 1264 1605 1691 1897 2072 2221 2239 2331 2415 2810 2900 3247 3659 3729 3745 3767 4298 4331 4413 4450 4724 4778 4996 5110 5219 5292 5451 5555 5944
3411 71 191 408 1749 2010 2030 2110 2222 2435 3301 3329 3634 3920 4048 4130 4182 4191 4393 4520 4716 4802 4996 5086 5216 5230 5331 5537 5567 5734 5908 5969
3412 49 202 312 326 350 464 717 818 1319 1395 1488 1679 1694 1705 2120 2686 2862 3502 3858 4496 4506 4624 4631 4663 4703 4862 4963 5362 5705
3413 268 290 353 361 372 452 575 731 862 1200 2536 2546 2658 2962 3029 3074 3159 3239 3312 3402 3638 4078 4438 4866 5078 5295 5738 5802
3414 212 440 496 613 949 988 1123 1268 1449 1598 1781 1823 1910 1946 1973 2101 2442 2556 3177 3297 3440 3798 4029 4040 4180 4376 4422 4474 4775 5439 5477 5670 5698
3415 181 223 253 332 339 355 574 774 902 945 952 993 1070 1083 1162 1522 1558 1762 1789 1862 1922 1960 1962 2083 2353 2534 2916 2956 3070 3155 3574 3670 3955 3987 4349 4401 4523 4796 4845 5112 5867
3416 5 40 419 472 830 916 1053 1079 1580 1689 1880 2391 2414 2535 3146 3211 3479 3824 4049 4342 4494 4906 4990 5252 5554 5903
3417 224 307 317 372 712 1411 1473 1546 1698 2134 2689 2726 3112 3209 3489 3502 3805 4331 4453 4520 4854 4911 5393 5485 5491 5566
3418 58 340 553 711 803 881 1260 1493 1713 1806 1846 2065 2324 2698 2753 3035 3398 3599 3968 3997 4070 4105 4525 4562 4570 5209 5340 5431 5534 5538 5841
3419 339 992 1100 1130 1131 1182 1292 1294 1295 1433 1569 1606 2004 2198 2419 2654 2886 3073 3157 3383 3433 3437 3879 3923 3938 3980 3999 4546 4890 4955 5061 5084 5277 5700 5938 5947
3420 100 516 566 820 1243 1320 1848 2074 2342 2906 3033 3505 3776 3878 4468 4839 5132 5263
3421 60 143 226 336 540 929 1225 1445 1597 1647 1887 2282 2326 2464 2890 2917 3093 3282 3545 4232 4303 4579 4763 5042 5252 5565 5609 5807 5958
3422 277 331 432 789 830 1852 1948 2211 2262 2448 2461 2573 2753 2780 3165 3296 3658 3846 3932 4023 4162 4480 4489 4725 4919 5240 5369 5512 5569 5743 5994
3423 171 318 357 359 466 611 2223 2281 2400 2450 2779 2911 2963 3167 3432 3614 3754 3881 4043 4908 4919 4931 5066 5203 5326 5784 5892 5923 5956
3424 73 99 260 566 633 676 726 739 1606 1745 1894 1987 2172 2308 2342 2474 2480 2552 2701 2904 2959 3014 3210 3347 3569 3619 3680 4143 4190 4208 4412 4576 4811 5158 5636 5936
3425 40 279 286 382 1012 1058 1072 1106 1195 1232 1338 1408 1522 1523 1744 2366 2432 2580 2843 2904 3239 3345 3560 3683 3957 4947 4979 5018 5272 5589 5890
3426 189 1289 1300 1302 1587 1847 1918 1968 2032 2161 2319 2424 2457 2501 2670 2846 3062 3241 3778 4217 4313 4367 4454 4527 4597 4698 4874 4954 5151 5285 5306 5736
3427 145 469 1203 1225 1331 1487 1634 1746 1928 1978 2040 2245 2606 2849 2911 2935 3407 3794 3825 4211 4968 4978 5022 5047 5104 5341 5410 5457 5716 5876
3428 292 842 925 1472 1489 1634 1767 2439 2504 2564 2896 2944 3081 3596 3794 4093 4459 4526 4611 4948 4959 5107 5127 5171 5446 5576 5650 5651 5832 5896
3429 39 73 143 200 704 766 876 978 1190 1878 1979 1989 2238 2645 2649 2777 3051 3185 3731 3754 3794 3938 4178 4772 4895 5045 5067 5242 5271 5355 5758 5789 5996
3430 50 59 119 218 543 615 805 889 905 967 1289 1361 1554 1599 1978 2029 2045 2142 3324 4148 4446 4731 5040 5189 5460
3431 400 425 441 608 708 1361 1951 2000 2147 2500 2609 2908 3206 3356 3406 3502 3725 3788 3942 4367 4590 4805 4945 5236 5301 5335 5512
3432 108 323 662 693 960 1555 1590 1849 1939 2217 2285 2887 3039 3102 3345 3423 3464 3841 4315 4369 4614 4841 4918 4950 4959 5052 5073
3433 199 213 299 405 431 531 1052 1278 1418 1427 2117 2318 2633 2822 2873 3203 3299 3419 3495 3567 3875 4104 4137 4250 4745 4938 5050 5313 5436 5475 5695 5776 5944
3434 158 327 344 487 585 624 642 767 1396 1462 1575 1838 2626 2951 3057 3081 3208 3488 4254 4313 4639 4789 4872 5166 5187 5416 5821
3435 141 150 212 216 217 556 623 626 639 909 1059 1345 1866 2953 3040 3454 3897 4480 4508 4630 5028 5240 5426 5445
3436 23 61 105 209 328 738 936 960 1050 1102 1144 1178 1848 1878 2124 2163 2216 2399 2505 2747 2815 2854 2861 3196 3650 4022 4125 4444 4823 5102 5282 5663 5817
3437 245 365 469 772 1029 1047 1188 1587 1956 1966 2226 2884 3026 3253 3316 3419 3494 3600 3943 4027 4125 4231 4627 4676 4751 4969 5250 5283 5987
3438 195 231 404 605 815 975 1236 1331 1406 1409 1573 1584 1680 1853 1944 2096 2167 2556 3064 3631 3677 3873 3911 3937 4165 4200 4248 4399 4784 4852 5005 5050 5115 5424 5634
3439 4 257 594 781 899 1246 1569 1732 1747 1759 1889 1916 1948 2224 2352 2369 2409 2524 3108 3640 3794 4248 4255 4281 4285 4406 4937 4993 5127 5314 5668 5713
3440 291 364 482 497 952 983 1269 1470 1860 2164 2233 2557 3199 3414 4071 4129 4247 4279 4385 4657 5011 5176 5402 5669 5850 5972
3441 282 292 406 443 572 615 741 884 923 1041 1090 1100 1192 1940 1960 2019 2154 2252 2437 2514 2656 2958 2978 3031 3409 3557 3563 3591 3719 4437 4488 4507 4588 5369 5427 5551 5637 5650 5669 5879 5968
3442 101 111 544 689 1156 1320 1454 1981 2003 2025 2114 2195 2332 2379 2562 3011 3304 3471 3909 4096 4442 5069 5120 5135 5685 5925
3443 106 217 701 953 1057 1112 1396 1544 1547 1648 1822 3027 3167 3704 3905 4080 4145 4362 4388 5913 5984
3444 120 446 462 549 1133 1190 1732 1848 2130 2211 2590 3177 3538 3975 4023 4142 4162 4166 4178 4314 4497 4728 4928 5093 5505 5992
3445 18 208 799 810 989 1185 1316 1386 1422 1884 2084 2266 2497 2767 2891 3013 3072 3262 3981 4231 4289 4689 4836 5814
3446 61 717 819 1112 1358 1833 2110 2394 2400 2554 2558 2639 2646 3031 3553 3601 3675 4003 4070 4247 4515 4798 4919 4948 5041 5088 5206 5610 5827 5884
3447 17 74 99 800 856 1067 1512 1764 2002 2043 2356 2569 2573 2879 3017 3026 3030 3193 3624 4165 4193 4358 4430 4841 4852 5168 5266 5417 5454 5648 5747 5882 5898 5901
3448 24 163 192 296 368 474 527 620 766 1246 1363 1467 1513 1571 1603 1910 1951 2230 2459 2715 3091 3345 3467 3470 3577 3835 3963 4073 4359 4515 4544 4945 5024 5277 5644 5781 5942 5949
3449 187 363 907 1163 1278 1310 1995 2188 2190 2434 2692 2743 2807 3030 4157 4236 4340 4410 4459 4465 4770 4839 5215 5385 5776 5952
3450 454 700 1013 1169 1254 1313 1390 1654 1692 2047 2166 2336 2733 2910 2939 3113 3618 3773 4248 4493 4850 5136 5212 5620 5656 5790 5808 5929 5946
3451 60 237 771 830 832 1119 1717 1735 2092 2294 2341 2390 2433 2455 2831 2840 3149 3553 3911 4242 4397 4652 4838 4900 5029 5302 5444 5599 5684 5741 5747 5754 5961
3452 3 19 87 123 156 208 607 884 991 1241 1313 1318 1455 1611 1930 1975 2316 2340 2354 2499 2901 2993 3080 3088 3206 3396 3506 3616 3663 3770 3917 3919 3951 4555 4845 5124 5412 5422 5490 5503 5728 5768 5810
3453 193 275 495 591 688 1191 1217 1333 1836 1970 2038 2450 2597 2598 2630 2881 3091 4158 4233 4258 4282 4298 4386 4407 4493 4515 5181 5384 5489 5564 5662 5992
3454 71 207 240 266 383 457 611 613 673 975 1371 1452 2288 2330 2773 2855 3213 3435 3626 4042 4081 4229 4346 4967 5204 5346 5478
3455 578 750 992 1362 1938 2070 2308 2399 2430 2525 2650 3051 3242 3389 4210 4324 4401 4492 4832 4985 5281 5973
3456 23 113 562 794 882 893 1528 1529 1675 1989 2124 2806 2870 2886 3152 3550 3559 3866 4213 4344 4785 4940 5172
3457 541 642 925 1012 1036 1096 1918 1923 2329 2507 2509 2517 2558 2560 2614 2867 3019 3628 3692 3889 3911 4205 4405 4505 4758 4829 4864 5304 5330 5614 5676 5952
3458 33 144 946 1229 1433 1708 1929 2079 2195 2297 2803 3080 3492 3915 3937 4024 4092 4785 4817 5226 5260 5491 5818
3459 92 527 822 869 1132 1155 1168 1355 1714 1814 1953 1987 2303 2670 2694 2968 2975 3054 3221 3469 3601 3676 3733 3813 3914 4193 4323 4401 4501 4591 4625 4627 4774 4867 4912 5110 5237 5373 5466 5538 5850 5907 5968
3460 408 743 1054 1141 1411 1581 1774 1803 2004 2217 2244 2269 2806 2824 3122 3125 3146 3994 4008 4188 4408 4861 5060 5191 5342 5434 5511 5525 5791 5904
3461 136 140 203 290 376 454 610 696 744 1094 1200 1239 1283 1420 1624 1772 2533 3361 3764 3909 4142 4474 4575 4585 4599 4653 4654 4922 5137 5378
3462 60 287 311 423 489 584 754 766 922 1216 1272 1728 1751 1966 2017 2046 2061 2793 2876 2995 3126 3201 3540 3681 3965 4430 4716 4928 4946 4954 5009 5429
3463 8 296 379 560 718 792 804 913 1028 1218 1503 1515 1818 1846 2036 2243 2384 2562 2728 2947 3071 3519 3800 4248 4272 4512 4809 4826 4896 4977 5005 5262 5357 5735 5854 5997
3464 65 430 499 661 747 957 1192 1272 1574 1645 1952 1959 2007 2126 2192 2269 2403 2431 2635 2688 3055 3205 3279 3432 3626 3803 3985 4062 4291 4516 5007 5196 5287 5349 5364 5367 5413 5557 5651 5886 5906
3465 344 364 411 732 1660 1874 2150 2197 2205 2418 3660 4112 4242 4277 4299 4301 4424 4693 4980 4988 5068 5523 5547 5850 5878 5931
3466 36 86 108 315 532 578 591 830 1232 1360 1611 1616 1785 1809 1940 1951 2119 2124 2158 2280 2289 2485 2657 2877 3111 3143 3228 3549 3698 3885 3927 4035 4304 4434 4468 4476 4683 4843 4904 5080 5125 5246 5287 5887 5952
3467 192 701 1096 1237 1842 1864 1897 2056 2131 2144 2386 2529 3061 3106 3184 3448 3564 4042 4232 4433 4553 4625 5242 5712 5877
3468 73 278 304 1037 1608 1828 1863 1975 3701 4061 4194 4263 4312 4449 4559 4760 4804 4854 5024 5198 5484
3469 29 233 266 297 330 418 803 991 1006 2222 2228 2265 2407 2727 2919 2935 3343 3377 3382 3459 3641 3812 3875 4040 4468 4902 4957 5015
3470 73 103 188 263 442 456 895 1100 1228 2094 2194 2227 2292 2326 2464 2549 2856 3448 3934 3937 4013 4112 4595 4945 5005 5274 5483 5598 5683 5895 5943
3471 146 188 216 439 564 771 788 985 1659 1844 1849 2033 2229 2256 2540 2841 2924 3037 3442 3770 3873 3990 4129 4318 4676 4863 5273 5959
3472 110 260 1036 1052 1122 1185 1457 1473 1571 1757 1849 1973 2057 2169 2256 2309 2758 2832 3175 3318 3494 3896 3976 4160 4327 4497 4761 4800 4859 4964 5060 5423 5454 5456 5573 5675 5687 5961
3473 13 253 1008 1015 1192 1204 1729 1750 1795 1950 2188 2199 2717 3146 3489 3567 3770 3805 3981 4449 4461 4866 4889 5257 5396 5554
3474 390 547 1216 1438 2492 2511 2584 2631 3023 3168 3180 3751 3789 4157 4212 4266 4747 4827 5042 5367 5388 5745
3475 66 266 308 770 1092 1185 1556 1753 2219 2497 2696 2835 2913 2926 3360 3542 3676 3797 3798 3867 3877 4042 4211 4377 4481 4490 4747 4815 4828 4932 4992 5195 5360 5485 5741 5835 5985
3476 23 39 216 399 594 726 897 1293 1295 1992 2096 2578 2921 2973 3054 3080 3786 3929 4102 4118 4439 4484 4588 4909 5064 5355 5418 5439 5723 5919
3477 263 569 594 873 1018 1078 1143 1389 1451 1891 1907 2498 2534 2568 2591 2813 3001 3037 3523 3535 3772 4007 4301 4367 4811 5239 5586 5836
3478 192 263 334 383 439 648 1327 1659 1926 1929 2513 2923 3156 4023 4115 4116 4583 4622 4664 4700 4723 5015 5114 5323 5391 5650 5899 5963
3479 78 168 276 353 372 507 742 948 983 1183 1271 1370 2853 3194 3333 3416 3791 4183 4431 4468 4778 4842 4868 5082 5549 5713 5751 5867 5958
3480 193 195 278 462 797 1270 2354 2398 2535 2547 2626 2675 2692 2787 3024 3133 3302 3306 3375 3501 3694 4223 4391 4560 4704 5121 5225 5256 5591 5767
3481 62 153 638 660 736 902 1132 1144 1432 1651 1658 1743 1799 1834 2574 3005 3600 3637 3758 3989 4088 4132 4146 4269 4347 4355 4398 4428 4519 4695 4726 4867 5203 5232 5382 5389 5570 5947 5970
3482 112 480 1301 1426 1432 1499 1520 1746 1835 1851 2435 2528 3007 3226 3249 3526 5435 5495 5691 5825
3483 200 231 241 300 758 1141 1221 1277 1466 1526 1643 2632 2759 3250 3595 3965 3985 4331 4387 4444 4854 4895 4922 5241 5546 5652 5778
3484 172 204 687 712 925 1059 1360 1496 1830 1900 2040 2111 2466 2598 2853 2870 3220 3374 3393 3494 3516 3633 3692 3934 4023 4180 4511 4533 4605 4815 4888 5155 5217 5253 5319 5698 5773 5861 5912 5966
3485 151 158 490 494 513 959 1026 1460 1713 1935 2060 2194 2229 2646 2659 2680 2781 2942 2992 3111 3405 4315 4433 4521 4537 4622 4731 4799 5184 5329 5348 5355 5471 5558 5607 5723 5776 5894
3486 222 686 814 907 939 996 1519 1572 1740 1881 2139 2404 2514 2533 2582 2951 3016 3022 3316 4112 4118 4245 4622 4805 4977 5101 5359 5401 5526 5530 5688 5709 5721 5795 5813 5845
3487 204 652 886 986 1090 1668 1671 1841 1880 2043 2355 2447 2572 2868 3915 3979 3997 4459 4859 4886
3488 72 128 321 474 925 1261 1382 2058 2598 2783 2812 2861 2958 3047 3258 3370 3434 3541 3636 3651 3816 3888 4077 4350 4417 4476 4515 4626 4722 4861 5032 5168 5436 5568 5649 5851
3489 74 233 553 763 995 1550 1704 1765 1959 2106 2116 2301 2499 2708 2990 3417 3473 3543 3565 3714 3758 4035 4103 4208 4443 4570 4703 4971 5026 5086 5551
3490 92 287 383 776 1078 1317 1721 1985 2210 2413 2738 2777 2826 2895 3138 3196 3242 3716 4000 4386 4560 4563 4601 4980 5051 5124 5293 5601 5671 5739
3491 237 340 675 841 1018 1074 1147 1241 1733 2138 2149 2328 2417 2439 2589 3386 3560 3701 3750 3764 3765 4209 4621 4740 4980 4998 5025 5123 5282 5371 5431 5591
3492 218 492 495 606 637 691 703 831 1044 1100 1397 1410 1645 1685 2053 3006 3200 3375 3458 4019 4081 4104 4236 4324 4351 4360 4527 5000 5185 5241 5287
3493 194 363 543 631 748 982 1154 1498 1817 2488 2650 2780 3029 3530 3958 4516 5051 5448 5503 5658 5803
3494 360 430 683 883 1303 1449 1873 1915 2212 2455 3246 3437 3472 3484 3515 3580 3606 3787 3800 3902 4056 4429 5000 5068 5080 5086 5102 5391 5535 5545 5601 5606 5804
3495 87 355 631 785 882 928 1043 1920 2006 2063 2071 2143 2209 2277 2359 2402 2579 2617 2663 2687 2856 2863 2864 2915 3232 3433 3560 4230 4686 4941 4980 5631 5893
3496 904 965 1056 1403 1570 1698 1803 1873 1889 2183 2270 2309 2481 2506 2576 2660 2694 2964 3019 3020 3082 3091 3345 3361 3860 4726 4824 5899 5974
3497 240 965 1442 2024 2177 2478 2830 3060 3107 3111 3154 3560 3829 4180 4589 4667 4704 4769 4921 4922 5154 5871
3498 100 221 496 675 1096 1453 1463 1668 2215 2394 2396 2595 2709 2725 2787 3185 3332 3756 3912 4001 4086 4289 4395 4475 4823 4964 4998 5131 5574 5728
3499 140 197 300 306 808 1434 1786 1964 2411 2452 2729 2746 3131 3624 3692 3982 4066 4084 4486 4580 4713 4783 4922 4952 5028 5180 5233 5345 5433 5975
3500 236 1198 1233 1460 1516 1604 1704 2313 2469 2657 2688 3140 4067 4227 4301 5410 5575 5733
3501 319 848 1667 1696 1765 1847 1928 2026 2173 2205 2208 2394 2661 2665 2693 2760 3203 3300 3480 3705 3722 3747 4521 4545 4628 4798
3502 2 5 317 413 486 498 505 519 596 997 1195 1347 1385 1501 1619 1924 2166 2190 2298 2409 2474 2569 2825 3034 3227 3412 3417 3431 3525 4269 4272 4356 4492 4636 4766 4866 4956 5174 5879 5934
3503 15 97 105 698 922 1231 1444 1623 1647 1652 1688 2088 2196 2371 2417 2757 3061 3408 3778 3798 3823 3938 4515 4702 4815 4924 5305 5318 5326 5454 5505 5615 5680 5955
3504 13 460 562 894 1130 1191 1193 1212 1422 1519 1604 1718 1884 2069 2072 2171 2224 2470 2471 2830 3284 3309 3558 3786 4002 4082 4444 4508 4622 4669 4845 5047 5096 5413 5542 5756
3505 107 110 113 204 241 321 636 686 1175 1200 1592 1624 1809 1960 2400 2568 2727 3420 3621 3854 3942 3958 4018 4063 4219 4366 4790 4874 4999 5025 5220 5778 5996
3506 575 1126 1304 2101 2115 2297 2415 2460 2540 2626 3175 3252 3304 3452 3709 3819 4310 4405 4407 4590 4919 5009 5049 5269 5495 5718
3507 43 260 942 1022 1321 1949 2266 2272 2311 2427 2475 3298 3559 3970 4036 4232 4428 4691 5073 5154 5189 5236 5262 5820 5875
3508 270 312 911 1128 1157 1262 1446 1460 1604 1747 2571 2577 2860 2885 3142 3829 3876 4434 4633 5689
3509 77 344 401 564 774 987 1162 1295 1632 1638 1704 2491 2613 2772 2840 3383 3651 3702 3716 3828 3967 4379 4986 4987 5049 5333 5635 5645 5651 5710 5765 5859
3510 82 107 129 199 403 1358 1743 1768 1855 1974 2110 2297 2808 3173 3401 3549 4015 4357 4395 4482 4727 4851 4862 4914 5601 5725
3511 504 527 659 828 1032 1099 1210 1223 1506 1757 1844 1967 2428 2605 2681 2804 3021 3028 3298 3327 3363 4424 4568 4811 4910 4914 5032 5242 5978
3512 677 694 787 882 1334 2452 2623 2932 3099 3198 3215 3243 3394 3576 4301 4777 4817 4852 5040 5165 5209 5335 5405 5716 5828
3513 39 184 310 540 663 748 1038 1110 1271 1842 1981 2022 2511 2723 2775 2843 2894 3048 3222 3379 3723 3812 3853 4855 5519 5603 5790 5825 5860
3514 79 718 790 951 1091 1340 1382 1785 1879 2062 2101 2187 2366 2418 2632 2686 2987 3021 3203 3314 3534 3838 3862 3941 3985 3989 4040 4227 4300 4376 4388 4458 4524 4737 5117 5286 5744 5918
3515 211 486 650 734 768 836 841 1826 2019 2210 2499 2516 2708 3494 3572 3592 4148 4182 4296 4333 4393 4532 4663 4684 4821 4829 4949 5230 5663
3516 119 122 414 473 501 527 664 698 792 892 1002 1097 1239 1450 1502 1686 1810 2067 2363 2387 2513 2516 2608 3031 3484 3526 4166 4230 4635 4743 4802 5035 5094 5234 5363 5483 5763 5793
3517 376 438 441 498 687 721 972 1094 1184 1610 1868 2351 2619 2708 2983 2997 3079 3992 4143 4270 4433 4538 5303 5441 5782 5870 5967
3518 2097 2100 2229 2269 2556 3163 3584 3611 3636 3769 3775 3926 4006 4212 4346 4403 4795 5002 5016 5303 5477 5541 5655 5867
3519 144 160 478 835 875 911 918 1003 1329 1467 1662 1787 1994 2478 2510 2609 2801 2911 3006 3029 3101 3140 3191 3330 3463 3994 4379 4781 5079 5131 5210 5518 5531 5915
3520 310 524 673 958 988 1033 1119 1218 1270 1360 1474 1645 1692 1757 2398 2455 2524 2536 2699 2892 3046 3297 3566 3683 3747 3765 4378 4393 4783 5004 5261 5719 5842 5914 5953
3521 855 1027 1085 1298 1511 2025 2142 2148 2679 2778 2915 3053 3636 3939 3978 3998 4050 4229 4239 4448 4494 4498 4546 4587 4670 4787 4948 5439 5853 5905 5984
3522 5 264 476 541 874 1075 1337 1349 1471 1488 1541 1738 1919 2320 2444 2474 2575 3013 3071 3080 3154 3283 3591 4672 4723 4788 4929 5022 5225 5232 5298 5414 5566 5673
3523 72 253 291 746 799 1042 1059 1402 1411 1423 1575 1751 1944 2102 2165 2432 2785 3477 3808 3821 4422 4626 4730 5113 5747 5769 5773 5979
3524 223 407 515 539 1174 1266 1283 1368 1513 2402 2441 2491 2494 2513 2609 2632 2783 2819 2867 3158 3666 3671 4464 4517 4807 5234 5434 5520 5692 5726 5925 5934
3525 13 179 359 827 962 995 1086 1604 2005 2033 2045 2194 2367 2467 2743 2823 3023 3502 3527 3576 3881 4072 4279 4322 4334 4601 4750 4976 5039 5149 5196 5264 5385 5630
3526 59 508 654 873 1082 1668 1741 2080 2386 2597 2680 2683 2686 2850 3080 3240 3244 3259 3482 3516 3860 3952 3998 4310 4406 4544 4597 4829 5066 5356 5520
3527 47 172 496 533 777 891 1272 1470 1597 2259 3388 3525 3532 3877 3975 4643 4730 4758 5186 5225 5248 5251 5267 5292 5498 5688 5844 5957
3528 739 902 1116 1187 1329 1450 2089 2125 2322 2323 2364 2459 2657 2699 2800 2997 3033 3175 3366 3730 4013 4039 4160 4166 4385 4690 4694 5318 5351 5563
3529 120 415 424 455 773 921 1251 1345 1348 1569 1819 2119 2356 2406 2593 2883 3373 3888 3894 3920 4167 4189 4313 4619 4774 5184 5325
3530 121 300 367 609 947 1091 1262 1910 2057 2178 2324 2441 2768 2994 3088 3122 3233 3493 3652 3894 4131 4314 4646 4855 4866 4985 5166 5190 5330 5564 5735
3531 53 588 979 1010 1421 1470 1616 1741 2073 2511 2694 2908 2984 3069 3162 3363 3640 3830 3854 3887 3946 4035 4071 4290 4354 4595 4680 5432 5632 5678 5821
3532 1 30 122 148 1159 1171 1334 1411 1570 1840 2610 2686 2754 3527 3843 3883 4034 4226 4688 5055 5262 5365
3533 15 47 117 172 867 914 1064 1069 1188 1242 1954 2192 2481 2525 2557 2669 2940 3043 3820 4052 4264 4350 4550 4687 4932 5008 5077 5285 5719 5763 5891
3534 54 171 198 336 503 559 709 865 903 1587 1647 1861 1996 2487 2520 2754 2961 3093 3140 3218 3514 3606 3611 4008 4201 4330 4351 4374 4569 5247 5334 5551 5819
3535 1 279 415 753 822 1017 1066 1248 1350 1690 1948 2101 2352 2587 2992 3012 3289 3477 3578 3691 3909 3967 4140 4202 4279 4663 5020 5197 5204 5407 5515 5664 5728 5782
3536 192 362 544 608 777 1244 1545 1612 2668 2704 2705 3229 3389 3920 4339 4375 4559 4847 4977 5034 5490 5546 5822 5824
3537 134 166 277 330 339 357 541 650 1026 1256 1408 1449 1767 1779 1814 2127 2332 2344 2569 2891 2926 3190 3874 4054 4231 4337 4402 4741 4904 4937 5056 5128 5280 5403 5618 5687 5690 5780 5957
3538 29 481 584 671 1096 1227 1418 1517 1599 1703 1764 1988 2555 2785 3031 3444 3582 4293 4312 4527 4716 4811 4925 4942 5443 5681 5837
3539 847 1052 1251 1527 1547 1732 1988 2363 2375 2461 2478 2660 2742 3235 3293 3563 3944 3947 4021 4060 4180 4290 4541 4675 5274 5355 5550 5715 5728 5917
3540 490 652 1025 1073 1215 1638 1649 1901 1907 2339 2362 2365 2839 2914 3143 3277 3462 3563 3969 4114 4163 4436 4619 4692 4708 4779 4936 5231 5350 5543 5638
3541 205 259 452 576 612 623 733 1156 1211 1516 1717 1741 1763 1846 1946 2141 2649 3066 3316 3488 3610 3937 3957 4514 4597 4736 4809 4975 5201 5342 5366 5414 5582 5942
3542 116 290 366 513 964 1032 1149 1270 1465 1875 2068 2649 2779 2837 2915 3475 3552 3950 4105 4113 4167 4209 4380 4500 4570 4674 5143 5157 5251 5599 5800 5806 5814 5931
3543 149 471 806 889 1124 1435 1742 2137 2233 2427 2735 2741 3036 3083 3189 3312 3489 3704 4459 5081 5475 5569 5635 5710 5834
3544 8 109 579 585 1055 1203 1352 1363 1556 1672 1817 1858 1933 1984 2125 2778 3107 3335 3609 3941 4049 4321 4487 4575 4602 4623 4777 5357 5416 5511 5732
3545 121 136 569 722 838 1043 1073 1288 1394 1433 2027 2380 2721 2866 3003 3109 3421 3647 3762 3768 3944 4028 4065 4078 4302 4600 4752 5104 5170 5439
3546 86 174 817 823 956 1208 1765 2257 2430 2624 2770 2910 3155 3200 3348 3396 3681 3931 4273 4580 4610 4660 4933 4947 4959 5064 5128 5174 5190 5778 5897 5950
3547 699 833 936 974 1030 1403 1452 1537 1970 2152 2263 2452 2710 2987 3171 3213 3969 4370 4440 4514 5016 5319 5878 5979
3548 35 127 419 501 575 623 982 1058 1748 1831 1903 1915 2119 2244 2311 2427 2823 3558 3764 4083 4123 4202 4434 4750 5515 5842 5984
3549 75 327 335 573 876 892 919 1076 1096 1146 1181 1611 2218 2410 2559 2595 2723 2741 2754 3000 3025 3098 3112 3371 3466 3510 3622 3707 3818 3965 3982 4124 4183 4678 4952 4972 5331 5520 5668 5769 5981
3550 47 95 136 157 236 400 459 577 839 1092 1434 1964 2053 2533 2701 2883 3003 3042 3456 4192 4255 5566 5927
3551 254 380 420 928 964 1062 1099 1342 1557 1969 2147 2267 2332 2520 2967 2970 3663 4475 4822 5384 5711 5807 5945 5951
3552 149 336 391 547 573 616 684 1520 1932 2446 2467 2657 2790 2936 2998 3010 3014 3024 3081 3337 3542 3572 3838 4083 4241 4464 4465 4590 4928 5018 5089 5306 5516 5608 5778
3553 99 161 196 522 639 954 1145 1293 1549 2051 2321 2508 2522 2640 2644 2714 2719 2912 3446 3451 3637 3904 3955 4006 4040 4151 4235 4273 4848 5057 5095 5129 5253 5305 5351 5416
3554 42 368 511 783 1039 1201 1645 1682 1815 1930 2405 2427 2588 2776 2844 2868 3125 3163 3374 3838 4080 4156 4692 4939 5248 5358 5412 5453
3555 595 681 964 997 1043 2054 2141 2712 2718 2868 2898 3030 3201 3344 3365 3861 4029 4200 4202 4445 4490 4654 4746 4785 4824 5445 5978
3556 49 610 671 904 923 1001 1254 1289 1367 1482 2060 2305 2733 2814 3086 3631 3639 4428 4570 4652 4879 4893 4918 4939 5003 5032 5532 5706
3557 64 560 606 674 1039 1220 1435 1523 1686 1960 2143 2598 3123 3243 3441 3780 3947 4125 4385 4682 4708 4778 4788 4891 5133 5650
3558 489 568 1178 1573 2040 2592 2980 3095 3270 3504 3548 3712 3873 3974 4191 5585
3559 124 261 350 412 625 765 991 1078 1170 1173 1193 1257 1264 1493 1566 1601 1693 1834 2034 2214 2424 2595 2936 3456 3507 3755 3972 4178 4181 4497 4573 4961 5248 5298 5365 5875
3560 33 97 509 657 910 1433 1524 1565 2067 2418 2490 3147 3425 3491 3495 3497 3833 3896 3982 4121 4292 4741 4776 4961 5108 5173 5268 5369 5788
3561 152 352 452 532 618 893 1271 1333 1368 1459 2175 2218 2263 2690 2703 2720 2725 2878 2999 3114 3169 3563 3632 3663 3716 3908 4124 4338 4426 4685 4774 4915 5028 5160 5257 5282 5301 5533 5558 5899 5919
3562 36 41 249 275 488 493 656 694 889 930 1023 1324 1900 1938 2524 2538 2723 2973 3081 3152 3270 3573 3651 3791 4006 4304 4566 4889 5293 5650
3563 141 518 615 618 699 867 1036 1133 1277 1614 1660 1893 2023 2035 2089 2126 2532 2576 2728 2731 2778 2780 2871 2890 2906 3061 3069 3201 3441 3539 3540 3561 3779 3989 4191 4229 4375 4407 5084 5690
3564 81 109 129 189 356 727 1518 1522 1825 1829 1998 2324 2351 2363 2516 2519 2722 3032 3139 3467 3851 4182 4321 4351 4397 4567 4722 5116 5168 5204 5530 5676 5746 5931 5942
3565 226 248 644 939 1405 1715 2249 2549 2912 3000 3001 3489 3765 3919 4082 4095 4175 4285 4620 4763 4824 5308 5538 5576 5777
3566 224 336 370 553 656 811 1072 1130 1142 1728 1856 1883 1951 2244 2307 2356 2389 2560 2582 2657 3004 3153 3175 3373 3520 3573 3822 3920 3946 3980 4426 4846 4970 4985 5133 5308 5351 5503 5825
3567 125 475 967 1017 1139 1267 1637 1701 1814 1923 2197 2551 2623 2909 3003 3235 3433 3473 3607 4050 4074 4129 4196 4468 4579 4709 4748 4846 5996
3568 138 201 481 493 597 780 869 1304 1778 1923 2124 2187 2204 2508 3187 3634 4231 4260 4280 4704 5184 5185 5333 5566 5901
3569 416 422 426 1049 1071 1228 1332 1335 1565 1574 1625 1705 1762 1815 1954 2144 2524 2546 2602 2678 2798 2989 3261 3295 3424 3666 3820 4123 4168 4327 4541 4577 4586 5091 5163 5287 5668 5864
3570 96 328 576 699 944 956 1119 1171 1390 1504 1800 2098 2101 2477 2511 2534 2557 2604 2929 3369 3404 3756 3924 4186 4342 4626 4750 4756 4775 5050
3571 113 155 380 716 759 1020 1260 1478 1642 2565 2778 2860 3061 3354 3658 3779 4540 4674 4999 5103 5222 5425 5644 5660 5731 5823 5933
3572 208 563 813 1269 1356 1380 1409 1812 2034 2865 2909 3165 3515 3552 3788 3842 4345 4538 4784 4873 5413 5707 5806 5895
3573 304 383 636 1010 1042 1412 1677 1821 1972 2086 2140 2212 2300 2331 2346 2528 2949 3017 3040 3272 3275 3562 3566 4018 4060 4253 4404 4417 4804 5540 5649 5732 5916 5982 5996
3574 128 213 381 474 499 636 657 818 940 1063 1102 1145 1277 1379 1553 2047 2093 2520 2534 2691 2800 2809 2910 2953 3008 3176 3415 3919 4037 4228 4600 4883 5141 5237 5254 5480 5622 5975
3575 7 274 1691 1953 2170 2424 2719 3867 3903 4129 4133 4150 4383 4543 4728 4911 4948 5388 5893 5953
3576 149 200 342 349 703 932 980 1528 1908 2079 2594 2958 3008 3035 3512 3525 4114 4137 4333 4388 4643 4707 4720 4757 4785 4811 4813 4833 4901 4929 5052 5288 5427 5762 5858 5999
3577 71 192 212 224 633 888 982 1072 1222 1323 1446 1515 1547 1807 2281 2312 2590 2785 2881 3151 3384 3448 3644 3823 3872 4921 5389 5463 5490 5726
3578 107 214 442 577 1050 1409 1612 2369 2530 2564 2643 2790 2993 3017 3057 3400 3535 3647 3718 3879 4029 4290 4509 4535 4560 4575 5024 5468 5471 5531
3579 693 771 940 1380 1989 2310 2316 2747 2884 3033 3179 3255 3266 3357 3371 4110 4304 4364 4446 4535 4804 4810 4901 4930 5324 5972
3580 35 199 246 402 409 478 531 662 748 791 990 1002 1027 1087 1311 1365 1927 2111 2240 2472 2892 2960 3163 3186 3389 3494 3629 3641 3681 4006 4462 4685 4897 5312 5640 5678 5777
3581 222 694 1148 1342 1435 1710 1785 2019 2079 2291 2302 2346 2457 2589 3010 3140 3231 3744 3748 4244 4698 4833 5156 5575 5786 5892
3582 320 341 1474 1598 1674 1900 2406 2699 2795 2811 2827 3359 3377 3538 3830 3915 4132 4186 4564 4792 5157 5448 5601 5788 5849 5935
3583 543 999 1122 1419 1509 1786 1907 1973 2164 2285 2295 2661 2749 2890 2989 3159 3372 3611 3730 3820 3823 4051 4182 4339 4410 4549 4712 4915 5091 5470
3584 71 504 925 955 972 1228 1340 1735 1868 1941 2163 2249 2499 2875 3045 3206 3518 3608 3710 3731 3739 3832 3851 3958 4122 4375 4422 4729 4791 5185 5286 5400 5427 5903
3585 472 605 703 939 964 1299 1324 1381 1534 1671 1807 1856 2289 2535 2639 3344 3595 3731 3882 4016 4036 4604 4780 4968 5041 5561 5567
3586 67 206 375 483 965 1169 1175 1539 1540 1610 1654 1702 2060 2407 2541 2741 3021 3072 4112 4238 4250 4259 4858 5030 5099 5152 5388 5414 5507 5922 5961
3587 62 410 435 440 485 800 838 941 1148 1230 1462 2144 2313 2540 2711 2803 2804 2855 3081 3200 3860 3965 4032 4071 4073 4646 5125 5386 5964 5976
3588 443 783 871 1640 2508 2701 2748 2828 2847 3061 3193 4347 4450 4500 4621 4739 5091 5278 5469 5877
3589 145 285 408 609 631 815 860 1115 2613 2921 3120 3169 3219 3263 3305 3940 4521 4557 4973 5023 5053 5351 5525 5594 5831
3590 163 166 191 265 533 719 765 837 1729 2060 2262 3032 3806 4068 4139 4306 4600 4647 5360 5508 5628 5743 5776 5933
3591 76 217 223 303 572 901 1137 1485 1493 1703 1747 1751 3052 3183 3208 3280 3317 3441 3522 3597 3641 3879 3956 4252 4886 5380 5536 5754 5828 5830
3592 11 276 947 1292 1368 1441 1526 1628 2096 2581 2833 2937 3139 3515 3631 3670 3890 4100 4109 4470 4482 4663 4666 5764
3593 629 768 864 1279 1294 1425 1427 1569 1624 1661 1855 1952 2060 2161 2280 2631 2676 2704 2745 2783 3063 3175 3216 3633 4177 4258 4578 4846 4988 5330 5418 5621 5966
3594 86 121 175 526 889 908 1255 1352 1405 1654 1718 1766 1831 1979 2138 2542 2675 2771 2792 2890 2900 2905 2937 3177 3637 3895 4768 4901 5157 5382 5997
3595 7 28 130 215 242 376 597 749 781 1024 1600 1605 1684 1893 2446 2609 2765 3020 3161 3483 3585 3909 4271 4302 5026 5102 5597 5633 5638 5673 5960
3596 84 98 184 346 579 812 920 947 1153 1272 1278 1314 1342 1853 2066 2096 2180 2216 2339 2651 2817 2849 3388 3399 3428 4053 4059 4118 4125 4500 4818 5069 5237 5688 5912
3597 25 53 249 329 447 813 817 929 1122 1265 1515 1683 1749 2062 2233 3007 3024 3591 3636 3754 3984 4362 4414 4582 4596 4641 5051 5123 5237 5441 5546
3598 367 760 1390 1510 1679 1684 2295 2753 2826 2843 3206 3829 3841 4064 4070 4129 4202 4575 4600 4618 4656 4660 4706 4864 4893 4951 5181 5220 5369
3599 86 694 1004 1039 1312 2126 2394 2677 2704 2769 3082 3284 3418 3701 3943 4067 4475 4719 4937 4983 5008 5254 5270 5278 5295 5319 5362 5586 5676
3600 344 574 678 714 785 842 1027 1246 1430 1677 2166 2593 2621 2925 3075 3437 3481 3615 3648 4195 4294 4650 4694 4724 4879 4908 5642 5703 5707 5778 5816
3601 67 380 458 560 820 857 1067 1072 1565 1621 1706 1851 1900 2143 2181 2487 2801 2905 2938 3098 3261 3446 3459 4127 4290 4616 4676 4764 4947 5018 5153 5207 5297 5450 5506 5887
3602 52 154 170 333 566 585 1129 1384 1484 1538 1597 1754 1903 1952 2396 2576 2992 3015 3323 3700 4328 4390 4809 4887 5150 5153 5286 5664 5833 5903
3603 373 572 902 1073 1252 1281 1382 1512 1818 1835 2008 2125 2253 2340 2446 2680 2771 3139 3204 3278 3374 4290 4352 4394 4510 4630 4631 5215 5649
3604 207 330 393 1044 1438 1682 2078 2209 2255 2486 2754 2942 3229 3354 3709 3782 4182 4216 4236 4375 4725 4884 4987 5038 5433 5542
3605 120 230 512 547 653 877 1145 1327 1412 1415 1552 1612 1859 1977 2147 2282 2454 3365 3927 3939 4071 4082 4111 4208 4298 4343 4488 4506 4877 5257 5772
3606 166 203 405 471 558 650 780 795 845 1063 1267 1447 1500 1587 1928 2074 2148 2153 2597 3038 3074 3276 3309 3494 3534 3671 3878 4685 4786 5421 5452 5652 5757
3607 127 243 287 361 975 1087 1318 1676 2789 2876 3090 3286 3343 3567 3684 3753 3941 4045 4357 4417 4505 4670 4978 5589
3608 94 486 754 952 1062 1228 1584 1819 1855 2148 2435 2530 2550 2845 3234 3389 3584 3614 3627 3975 4084 4228 4339 4820 5062 5143 5963 5990
3609 584 628 871 910 1049 1141 1356 1415 1495 1587 1791 2021 2302 2548 2559 2924 2973 3132 3191 3544 3633 3985 4134 4456 4494 4861 5157 5465 5473 5507
3610 240 621 825 889 1074 1130 1136 1359 1591 1640 1680 1901 1983 2117 2310 2546 2751 2926 3045 3102 3150 3541 3897 3915 4005 4114 4284 4362 4698 4798 4906 4991 5223 5476 5479 5522 5686
3611 13 301 365 424 669 768 859 953 1068 1337 1387 1461 1581 1630 2108 2208 2308 2357 2807 3046 3100 3113 3147 3181 3190 3346 3518 3534 3583 3682 3698 3941 4121 4230 4371 4443 4457 4900 5256 5479 5573 5753 5842
3612 70 219 253 285 872 919 999 1020 1302 1441 1723 1818 1912 1915 2002 2097 2138 2541 2558 2602 2712 3124 4073 4427 4678 4731 5510 5696 5760 5803 5950
3613 104 223 243 434 725 1290 1342 1412 1613 1733 1921 2015 2320 2523 2734 2782 3020 3793 4315 4319 4450 4971 5045 5235 5368 5437 5447 5599
3614 23 149 261 544 1004 1185 1466 1576 1750 1843 1917 2518 2963 3020 3077 3256 3313 3321 3423 3608 3938 3972 4201 4243 4315 4327 4469 4564 4581 4619 4735 4753 4759 4971 5030 5376 5430 5475 5531 5747 5868
3615 195 411 615 631 884 962 1196 1197 1307 1561 1711 1934 2209 2212 2620 2632 2774 2791 2817 3106 3336 3344 3600 3876 3960 3972 4276 4290 4505 4514 4869 5052 5081 5146 5161 5245 5439 5736 5738 5904
3616 558 770 1122 1289 1324 1626 1819 1955 2253 2403 2736 3380 3452 3679 3757 3795 3983 4071 4570 4632 4713 4714 4784 5347 5430 5481 5693 5893
3617 17 184 225 313 742 877 907 1341 1660 1727 1842 1893 1939 2235 2291 2333 2472 2762 3326 3406 3622 3714 3870 4089 4205 4253 4650 4715 4905 5141 5490 5790 5866 5902
3618 261 379 735 858 1015 1584 1679 1888 2985 3269 3303 3337 3450 3697 4167 4349 4626 4852 4950 5216 5279 5582 5706
3619 26 74 110 684 1747 1861 2580 2591 2748 2914 3338 3424 3861 4173 4196 4647 4829 4912 4916 4962 5190 5290 5408 5548 5847
3620 200 581 1063 1136 1256 1547 1796 1874 1891 2285 2380 2473 2479 2502 2680 2752 3010 3263 4044 4129 4141 4208 4313 4337 5233 5443 5526 5530 5811 5979
3621 27 558 1439 1927 1952 2090 2145 2234 2363 2409 2480 2490 2535 2758 3211 3505 3687 3872 4103 4218 4737 4793 5171 5322 5372 5443 5457 5460 5538 5795 5869 5930
3622 22 43 105 194 389 488 561 768 813 1156 1406 1432 1653 1809 1950 2110 2169 3010 3028 3029 3202 3299 3549 3617 3643 3655 3990 4085 4089 4471 4955 5314 5471 5680 5762 5860 5895
3623 397 1081 1100 1250 1545 1672 1721 1856 1941 1983 1992 2113 2175 2346 2376 2628 4549 4586 4733 4767 4778 5255 5617 5837 5953
3624 71 141 571 616 843 1007 1158 1287 1359 1379 1462 2205 2715 2760 3109 3294 3447 3499 3628 3752 3888 3917 3973 4130 4263 4481 4712 4798 4823 5075 5098 5450 5616
3625 39 142 345 867 871 1030 1107 1740 1796 1881 1967 2304 2482 2686 3095 3932 4262 4412 4833 4849 5278 5289 5305 5461 5497 5837
3626 277 614 822 951 965 1169 1284 1624 1712 1800 2026 2183 2269 2455 2579 2951 3134 3245 3454 3464 3692 3782 4007 4270 4789 4795 4823 5088 5132 5258 5529 5669
3627 153 154 300 345 583 901 1515 2199 2537 2552 2646 2650 2914 2948 3608 3714 3992 4285 4444 4694 4747 4936 4964 5415 5698 5728 5761
3628 153 383 457 510 630 682 1070 1319 1701 1723 1826 2189 2192 2212 2474 2542 2669 2739 2800 2942 2960 2993 3289 3457 3624 4154 4329 4643 4695 4925 5018 5224 5312 5525 5762 5798 5926
3629 538 573 729 1489 1507 1843 2053 2056 2586 2741 3580 3743 3926 3969 3998 4037 4191 4467 4512 4618 4676 5420 5641 5847 5910 5940
3630 822 1002 1101 1922 1932 2057 2305 2314 2440 2460 2607 2635 2815 2964 3015 3264 3403 3683 3800 3857 4337 4701 4833 5420 5610
3631 157 311 474 530 732 915 1813 2018 2521 2812 2815 2839 3049 3183 3188 3401 3438 3556 3592 3778 3784 4356 4367 4455 5008 5046 5071 5151 5899
3632 9 259 264 384 591 858 865 2167 2243 2676 2760 2930 3041 3288 3561 3728 4267 4361 4727 4860 5001 5118 5142 5287 5326 5389 5494 5505 5509 5631 5762 5806 5856 5927 5971
3633 9 319 566 769 1040 1046 1320 1367 1439 1805 1951 2403 2435 2436 2510 3045 3077 3272 3283 3299 3484 3593 3609 3735 3821 4056 4105 4303 4779 5071 5276 5283 5627 5693 5761 5769 5787
3634 101 313 372 416 929 930 1336 1563 1788 1821 2251 2416 2631 2923 3189 3341 3411 3568 3833 4253 5229 5235 5788 5793
3635 452 666 684 1022 1060 1087 1140 2726 2888 3284 4227 4366 4570 4609 4662 4962 5378 5708
3636 390 636 883 1429 1701 2053 2312 2346 2356 2411 2653 2704 3400 3488 3518 3521 3597 3655 3688 4101 4103 4153 4319 4528 4604 4830 4857 5500 5624 5641 5663 5748 5798
3637 29 71 274 370 782 1220 1400 1709 1789 2052 2162 2228 2324 2876 2918 3180 3247 3481 3553 3594 3890 4240 4285 4333 4355 4405 4520 4684 4695 4898 5051 5075 5844 5956
3638 262 367 949 1020 1116 1137 1291 1552 1693 1896 2246 2560 2728 2805 2849 2911 3091 3244 3413 3718 3831 4244 4307 4381 4958 4969 4977 4998 5092 5454 5651 5652 5679
3639 89 161 274 489 627 669 706 843 978 1251 1296 1390 1662 2087 2099 2102 2338 2341 2484 2631 3022 3556 3851 4149 4354 4442 4628 4764 4822 4951 4992 5239 5346 5540 5919
3640 391 586 1016 1452 1465 1486 1608 1669 1670 1792 1854 1911 2138 2415 2489 2924 2979 3439 3531 4095 4153 4490 4792 4893 4946 5002 5259 5872
3641 465 625 786 870 973 1180 1211 1686 1874 2364 2567 2854 3201 3469 3580 3591 4021 4235 4289 4489 4547 4570 4701 4738 5344 5700
3642 656 759 871 1532 1781 1948 1983 2055 2059 2255 2313 2426 2507 2610 2720 2780 3068 3390 4019 4272 4484 4506 4673 4778 4872 5154 5448 5723 5818 5933
3643 138 193 304 420 977 1009 1035 1613 2176 2260 2285 2387 2659 3195 3402 3622 4106 4520 4614 4950 5188 5222 5235
3644 211 263 424 469 545 761 1005 1266 1453 2199 2215 2301 2580 2821 3269 3389 3577 3789 4270 4280 4290 4730 4834 4933 5338 5533 5726 5746
3645 201 336 339 557 697 1129 1324 1795 2043 2415 2430 2658 2718 2719 2781 2855 2928 3246 3769 3798 3860 4145 4173 4417 4663 4751 4784 5114 5180 5389 5428 5683 5853 5913 5993
3646 424 544 649 773 832 1572 1662 2193 2241 2304 2382 2510 3133 3155 3782 3982 4006 4129 4865 4966 5278 5886 5898
3647 154 201 602 846 1250 1416 1654 1837 1961 2665 2676 3064 3366 3545 3578 3824 3937 4146 4639 5035 5047 5494 5525 5548 5594 5672 5994
3648 5 334 501 754 959 964 1103 1180 1275 1707 1715 2079 2099 2367 2588 2749 2918 3054 3066 3218 3600 3805 4065 4100 4187 4295 4389 4477 4849 5024 5254 5450 5514 5565 5566 5720 5837 5874
3649 135 272 330 1008 1295 1374 1525 1566 2163 2238 2264 2417 2568 2751 2761 3217 3889 3944 3989 4132 4180 4568 4862 4868 5114 5331 5445 5625 5759 5856 5917
3650 171 175 927 1032 1203 1359 1396 1420 1733 1801 1805 1925 2245 2654 2938 3110 3436 3812 3885 4201 4240 4307 4604 4697 4762 5211 5412 5471 5552
3651 367 1769 2490 2639 3488 3509 3562 3694 3761 3812 3943 4143 4165 4218 4473 4591 4757 5149 5179 5423 5755 5870 5927 5947
3652 417 440 670 1128 1398 1753 2137 2167 2194 2407 2529 2599 2783 3390 3530 4103 4317 4696 5128 5238 5305 5378 5517 5883
3653 76 136 156 311 642 777 841 890 1226 1450 1479 1720 1756 1981 2060 2180 2319 2736 2968 2972 3085 3659 3721 3753 4030 4077 4079 4091 4115 4166 4222 4518 4576 5104 5171 5297 5393 5406 5823 5940
3654 181 502 668 807 859 929 1070 1145 1666 1767 1785 1916 1963 2020 2055 2154 2410 2679 2752 2842 2889 2903 3368 3750 4500 4585 4930 5365 5495 5620 5659 5789 5975
3655 96 97 159 193 280 414 589 782 967 1058 1140 1237 1335 1370 1456 1496 1588 1621 1745 1835 2046 2598 2612 2621 2973 3034 3622 3636 3698 3817 3953 4037 4195 4258 4603 4977 5517 5713
3656 46 391 421 600 674 768 847 976 1132 1174 1519 1647 2103 2494 2571 2676 3222 4026 4434 4698 4883 5185 5325 5332 5577 5840
3657 51 228 395 560 815 887 1009 1423 1779 1786 2027 2185 2409 2463 2487 2642 2650 2797 3088 3116 3151 3293 3692 3867 3910 3911 3955 4141 4222 4340 4801 4816 4898 4922 4989 5165 5193 5419
3658 433 586 595 738 776 973 1101 1113 1301 1377 1527 1680 1981 2032 2230 2373 2461 2476 2565 2679 2792 2875 2968 3354 3381 3422 3571 3779 3909 4041 4126 4515 4649 4941 5089 5141 5475
3659 452 658 945 1055 1090 1155 1269 1381 1581 1786 1814 1860 1901 1986 2096 2213 2393 2852 3080 3273 3410 3653 3764 3971 4117 4555 4580 5073 5331 5542
3660 70 117 155 172 247 356 863 1049 1902 1903 1924 1982 2060 2306 2343 2583 2658 2713 2976 3031 3199 3220 3364 3465 3663 3953 3964 3992 4246 4365 4596 4724 5400 5601
3661 252 582 623 975 1130 1305 1508 1674 2029 2134 2233 2468 2535 2705 2735 3055 3163 3224 3280 3793 3911 3929 4222 4338 4463 4543 4550 4575 4933 5110 5614 5986
3662 287 638 670 679 776 1211 1289 2032 2204 2394 2877 2917 3055 3831 3853 4030 4833 4908 5073 5219 5426 5653 5760 5795
3663 196 343 745 1043 1211 1434 1472 1641 1798 1875 2009 2950 3136 3452 3551 3561 3660 4150 4395 4401 4436 4458 4577 4678 5732
3664 139 240 599 763 838 862 1028 1521 1696 2007 2201 2297 2313 2599 2667 3048 3791 3804 4050 4085 4264 4384 4450 4516 5310 5405 5474 5929
3665 225 422 613 622 623 733 1260 1262 1334 1507 1569 2041 2173 2206 2636 2717 2984 3063 3210 3897 3932 4439 4494 4650 4877 4887 4977 5045 5156 5257 5464 5565 5602
3666 136 253 544 634 732 1075 1280 1309 1589 1630 1790 2159 2357 2431 2472 2662 2700 2706 2822 2861 3326 3373 3524 3569 3756 3780 3951 4107 4299 4836 5322 5492 5560 5618 5796
3667 440 854 1566 1807 2160 2418 2436 2871 3047 3180 3372 3387 3715 4035 4301 4401 4443 4447 4648 4773 4804 4955 4959 5240 5283 5345 5357 5727 5760 5870
3668 22 178 380 1380 1429 1658 1725 1739 1799 1850 2444 2795 2922 3000 3167 3285 3771 4061 4248 4372 4840 5165 5191 5255 5411 5414 5472 5559 5630 5699 5730 5733 5900
3669 50 113 240 351 403 446 675 762 796 864 869 1109 1152 1386 1549 1770 1817 2011 2262 2703 2766 2857 3063 3188 3765 3797 4153 4254 4345 4520 4836 5235 5683 5944
3670 30 109 783 805 980 1110 1476 1493 1558 1579 2009 2027 2354 2590 2804 3086 3147 3174 3281 3304 3337 3342 3415 3592 3971 4549 4767 4789 5476 5612 5621
3671 204 219 368 832 1139 1203 1227 1457 1593 1940 2050 2065 2129 2332 2456 3008 3215 3234 3276 3361 3385 3524 3606 3765 3847 4006 4054 4078 4255 4659 4857 4948 4963 5061 5420 5643 5669 5845 5978
3672 244 462 1087 1303 1399 1612 1703 2140 2141 2329 2463 2741 2787 2924 3045 3161 3334 3839 3953 4200 4217 4351 4422 4464 4572 4598 4634 4742 4763 4871 5102 5308 5928
3673 11 123 148 272 342 622 659 794 874 1034 1467 1819 2095 2497 2597 3409 4185 4377 4491 4631 4936 4985 5217 5256 5421 5525 5673 5874 5880
3674 21 125 240 465 961 1475 1615 1726 1750 1902 2238 2646 2743 2772 2847 2863 2896 3126 3856 3906 3984 4197 4542 4684 4708 4918 4993 4996 5064 5131 5405 5480 5860
3675 630 724 752 778 916 1049 1064 1257 1597 2206 2263 2482 2707 2900 2908 3446 3894 4019 4118 4309 4641 4713 4958 4965 5255 5499 5574 5744 5916 5928
3676 1 112 229 1042 1097 1338 1490 1659 1832 1860 2068 2401 2474 2576 2678 2820 2862 3154 3174 3240 3384 3459 3475 3808 4237 4241 4336 5030 5235 5353 5395 5937 5997
3677 539 1290 1303 1337 1350 1514 2041 2190 2327 2337 2388 2582 2807 2937 3123 3330 3438 3942 4026 4079 4125 4172 4466 4661 4721 4723 5142 5308 5409 5471 5608 5682
3678 268 396 539 661 1008 1209 1330 1736 1965 2059 2114 2241 2267 2913 2967 3776 3988 4373 4538 4648 4729 4865 5059 5060 5940
3679 598 801 867 1195 1233 1252 1337 1351 1381 1979 2214 2778 2799 2854 2907 2914 2936 3053 3080 3105 3210 3257 3278 3616 3813 4125 4800 5035 5366 5509 5529 5976
3680 18 152 181 226 505 572 626 897 1079 1521 1705 1878 2095 2115 2141 2202 2779 3175 3202 3353 3424 3738 3762 3928 4591 4680 4729 4957 4986 5037 5061 5132 5704 5725
3681 34 458 1085 1227 2081 2219 2334 2670 2824 2839 3049 3462 3546 3580 3846 4149 4194 4307 4406 4756 4768 4842 4852 4995 5403 5995
3682 32 222 276 536 806 880 1091 1244 1292 1414 1763 1862 2340 2431 2468 2495 2540 2752 2995 3173 3280 3364 3611 4472 4540 5332 5827
3683 85 146 152 191 231 316 382 484 492 543 835 1171 1328 1348 1428 1440 1667 1759 1852 2035 2408 2578 2700 2734 2989 3388 3425 3520 3630 3994 4211 4384 4484 4842 4910 4923 4963 5727 5767
3684 867 907 1249 1333 1465 1900 1967 2075 2168 2173 2391 2398 2597 2598 3258 3607 4298 4341 4482 4545 4895 5426 5738 5838 5851 5884
3685 215 537 946 1082 1217 1382 2163 2251 3699 3705 3877 3904 4079 4126 4446 4605 4734 5671
3686 65 287 324 421 512 1305 1484 1793 1843 1893 2382 2939 3361 3845 4174 4220 4226 4731 4872 4993 5579 5798
3687 15 206 293 398 497 1369 1419 1439 1614 1854 2058 2238 2287 3006 3081 3107 3226 3252 3283 3621 3688 3804 3874 3890 4234 4263 5042 5479 5813
3688 118 125 572 1244 1443 1492 1696 1896 2058 2112 2214 2332 2516 2584 2768 3166 3276 3636 3687 3743 4033 4235 4257 4623 4630 4713 4718 4739 5458 5558 5575 5772 5913
3689 333 503 944 1182 1213 1229 1342 1424 1442 1601 1624 1846 2522 2705 3146 3210 3258 3333 3936 4204 5112 5314 5576 5955
3690 65 100 103 252 465 604 692 703 1163 1317 1374 1383 1480 1550 1901 2341 2439 2540 2603 3697 3818 4066 4230 4261 4306 4422 4664 4761 4797 4842 4875 5146 5614 5676 5707 5752 5769 5786
3691 130 255 436 486 652 922 1017 1130 1498 1621 1731 1751 1794 1932 2034 2115 2194 3535 4066 4110 4208 4509 4654 4856 5057 5244 5302 5381 5497 5600
3692 99 158 218 865 1497 2085 2581 2651 2856 3070 3181 3457 3484 3499 3626 3657 4260 4374 4770 4882 4967 5381 5794 5830 5854
3693 86 165 786 1075 1099 1286 1460 1496 1696 2398 2763 3080 3087 3756 4020 4247 4709 4795 4823 4896 5044 5441 5632 5667 5740 5812
3694 4 107 311 544 690 845 1085 1092 1122 1681 1749 2072 2449 2579 2609 2850 2960 3480 3651 3799 3987 4037 4038 4125 4269 4426 4605 4652 4748 4888 4948 5042 5306 5563 5755 5774 5881
3695 116 354 437 548 580 729 897 1169 1509 1527 1557 2016 2226 2271 2601 3041 3085 3362 4363 4475 4885 5840
3696 383 837 1126 1135 1459 1501 1787 1843 1941 2092 2145 2206 2281 2993 3013 3047 3089 3334 3340 3869 3884 4005 4423 4703 4829 4853 5036 5184 5246 5422 5562
3697 99 290 394 445 596 921 1093 1534 1547 2111 2353 2464 2758 2833 3027 3076 3228 3234 3618 3690 3712 4275 4375 4388 4474 4476 4700 4788 5022 5265 5325 5496 5541 5711 5878 5918 5929
3698 852 1544 2390 2413 2680 3034 3133 3466 3611 3655 3805 3808 4168 4366 4515 4523 5348 5641 5747 5775
3699 257 497 902 1729 2074 2244 2469 2495 2542 3276 3685 3781 3832 3871 4142 4274 4505 4587 4731 5271 5542 5770 5892
3700 169 245 321 557 569 630 715 923 984 1012 1604 1962 1996 2118 2137 2157 2424 2519 3005 3602 3790 3973 4031 4218 4375 4440 4441 4972 5002 5626 5630 5770 5794 5864 5903
3701 8 249 391 521 632 641 690 753 984 1164 1922 2110 2473 2569 2862 2868 2953 2990 3058 3078 3468 3491 3599 3835 3999 4301 5210 5353 5412
3702 52 119 435 501 669 699 876 1296 1448 1554 1574 1800 1990 2041 2061 2100 2227 3137 3203 3240 3257 3509 3755 4779 5495 5998
3703 0 54 614 673 1063 1158 1338 1571 1625 1759 1800 1842 2001 2386 2515 2538 2570 3016 3031 3092 4117 4450 4722 4789 5011 5255 5656 5854
3704 139 308 584 613 1117 1504 1602 2064 2207 2210 2338 2412 2624 2680 2822 3398 3443 3543 3717 3718 3723 4387 4610 4839 5581
3705 548 570 1000 1130 1234 1694 2286 2298 2633 2839 3058 3165 3501 3685 3713 3931 4165 4231 4538 5002 5107 5388 5418 5738 5904
3706 234 500 501 639 817 1139 1313 1324 2015 2116 2276 2347 2600 2809 2983 3014 3729 3854 3932 4039 4532 4604 4762 5226 5650 5836
3707 15 706 852 1441 1497 1543 1549 1596 1778 1835 2037 2198 2415 2424 2534 2535 2621 2878 3549 3787 3833 4314 4719 5226 5966
3708 796 1327 1396 1412 1509 1580 1610 1791 1881 1903 2016 3180 3735 3937 4221 4241 4253 4530 4650 4824 5159 5374 5404 5680 5847 5993
3709 6 233 240 286 378 454 669 684 757 764 1037 1063 1260 1424 2336 2411 2589 2856 2890 3023 3081 3292 3506 3604 3800 4176 4300 4369 4436 4782 4871 4908 4972 4983 5432 5714
3710 1199 1670 1695 1706 1924 1979 2067 2100 2557 2782 2783 2885 3169 3584 3785 3865 3909 4260 4812 4975 5062 5155 5321 5356 5453 5496 5592
3711 170 218 255 274 369 549 579 762 876 934 1360 1754 1779 2003 2016 2170 2248 2758 3092 3178 3314 3779 3879 3964 3967 4094 4761 4840 5212 5249 5475
3712 978 1121 1284 1554 1640 2207 2353 2411 2453 2468 2552 2712 2795 2852 2989 3155 3170 3303 3369 3558 3697 3896 3998 4110 4911 5023 5216 5280 5543 5544 5747 5939
3713 12 96 309 474 565 612 763 802 1050 1241 1297 1325 1327 1658 1755 1940 2263 2886 3174 3705 3799 4005 4037 4476 4931 4955 5113 5242 5330 5509 5549 5745 5761 5828
3714 440 469 525 627 1344 1482 1504 1727 1793 1816 2037 2051 2209 2594 2606 2933 3148 3489 3617 3627 3755 4684 4950 5247 5300 5630
3715 482 718 808 867 1444 1562 1785 1838 1972 1985 2149 2206 2478 2483 2507 2985 3078 3285 3667 3954 4074 4167 4353 4740 4812 5615 5619 5770 5893
3716 33 129 272 512 547 626 843 1111 1211 1319 1507 1712 1766 1818 1837 2083 2387 2675 2720 2921 2976 3067 3214 3313 3403 3490 3509 3561 4154 4243 4353 4532 4661 4726 5020 5174 5251 5369 5389 5534 5769
3717 394 405 609 731 851 978 987 1306 1349 1625 1737 1752 2145 2229 2665 3191 3293 3704 3743 3817 3883 3903 4155 4348 4794 5214 5261 5508 5655 5669 5818 5911 5974
3718 282 337 539 677 919 1382 1468 1520 1705 1741 1864 2297 2593 2695 2917 2950 2968 3578 3638 3704 4222 4242 4386 4502 4595 4617 4808 4864 4975 5016 5068 5657
3719 3 414 523 696 697 755 801 813 869 960 1039 1144 1615 2022 2358 2432 2541 2576 3198 3224 3397 3441 3789 3975 3984 4038 4360 4391 5450 5498
3720 297 313 603 637 825 858 2044 2179 2654 3035 3055 3843 4102 4245 4300 4969 5061 5257 5973
3721 117 458 747 872 928 1063 1093 1554 1645 1779 1799 1892 2027 2134 2344 2385 2416 2641 2661 3000 3283 3408 3653 3884 4428 4728 4857 5140 5177 5217 5646 5899
3722 203 452 838 883 1136 1392 1884 2277 2288 2302 2476 3289 3501 3752 3772 3822 3985 4015 4288 4706 4806 4920 5525
3723 148 182 248 505 888 951 953 1412 1431 1469 1484 1716 1961 2060 2575 2594 2749 3172 3370 3513 3704 3983 4070 4247 4251 4426 4480 4488 4678 4756 4884 5062 5080 5159 5271 5600 5638 5982
3724 202 337 373 397 798 1200 1302 1823 1939 2111 2147 2255 2346 2579 2689 2985 3029 3097 3194 3260 3274 3778 3919 4407 4409 4598 4911 4952 5115 5161 5289 5349 5421 5434 5506 5680 5740
3725 310 357 1372 1446 1580 2280 2673 3306 3331 3431 3744 4039 4042 4116 4376 4552 4944 5214 5234 5378 5517 5715 5749
3726 253 325 571 803 842 862 1065 1286 1896 2808 2895 2939 3117 3222 4154 4180 4277 4337 5068 5318 5614 5776 5858 5955
3727 70 215 276 347 496 863 947 1026 1085 1459 1776 1927 2292 2369 2654 2732 2745 2765 3039 3825 3835 4293 4570 4741 4867 4988 5928
3728 75 102 461 529 848 1041 1101 1297 1613 1843 2175 2280 2488 2491 2520 2621 2872 2893 2961 2998 3014 3632 3912 4353 4594 4604 4883 5625 5730 5798 5937
3729 136 305 953 1234 1321 1546 1819 1925 2087 2390 2979 3006 3410 3706 3927 3957 4139 4290 4291 4310 4353 4392 4696 5130 5154 5177 5237 5346 5351 5476 5544 5754 5910
3730 135 217 641 793 999 1160 1550 1647 1648 2270 2314 2315 2327 2328 2352 2412 2486 2539 2592 2674 2732 2865 2868 3097 3184 3313 3315 3528 3583 3924 4048 4250 4293 4418 4492 4586 4827 5034 5196 5407 5964
3731 132 265 884 1004 1195 1340 1811 1980 2049 2147 2329 2424 2444 2521 2675 3429 3584 3585 3736 4060 4067 4371 4427 4454 4771 4877 4998 5097 5113 5675 5700 5717 5727
3732 627 935 992 1000 1029 1054 1224 1245 1332 1668 1696 1858 2361 2501 2550 2605 2819 2905 2950 2987 3130 3267 4163 4300 4494 4676 5175 5208 5286 5332 5535
3733 57 81 465 862 898 1039 1367 1694 1763 1906 2334 2658 2714 3115 3159 3186 3257 3459 3823 3896 4256 4301 4382 4479 4497 4551 4704 5549 5562 5687 5864
3734 5 124 209 233 261 610 750 844 1204 1301 1635 1748 1917 1951 2109 2531 2671 2726 2843 2850 3164 3208 3860 3984 4021 4189 4257 4326 4597 4676 5037 5243 5269 5404 5555 5859 5943
3735 120 372 568 618 680 779 893 899 958 1385 1491 1889 1909 2129 2202 2457 2652 2716 2756 3023 3285 3633 3708 3816 4350 4551 4606 4619 4714 4743 4873 4937 4990 5077 5136 5266 5309 5661 5960
3736 34 157 220 349 611 632 662 1131 1157 1462 1564 1588 2036 2161 2286 2514 2687 2696 3731 4284 4486 4601 4652 4667 4767 4851 4968 4977 5443 5777
3737 667 787 1193 1416 1880 2740 2917 3359 4337 4465 4697 4839 4879 5060 5409 5691 5940
3738 232 470 572 582 656 702 946 1431 1567 2018 2262 2400 2479 2547 2965 3028 3034 3194 3680 3862 4274 4513 4522 5064 5219 5295 5558 5584 5680
3739 216 367 373 524 605 1012 1232 1441 1581 1644 1750 2078 2598 2602 2749 3173 3195 3217 3387 3388 3584 3817 3832 4342 4373 4376 4413 4489 4514 4524 4567 4611 4824 5041 5251 5369 5371 5510 5827 5858
3740 66 222 267 485 802 1211 2044 2230 2324 2592 3297 3743 3783 3989 4139 4222 4231 4351 4723 5056 5757 5884
3741 56 155 282 589 630 974 1276 1448 1501 1602 1767 1975 1997 2458 2585 2783 2887 2944 3216 3949 4366 4545 4911 5050 5392 5452 5468 5625 5873 5879
3742 87 104 855 955 984 1135 1150 1348 2043 2316 2674 2726 2900 2907 3120 3203 3263 3290 3364 3885 3935 3957 3980 4762 5175 5847 5965
3743 110 119 174 943 1005 1293 1326 1360 1679 1748 1786 1810 2153 2436 2557 2636 2829 3229 3629 3688 3717 3740 4039 4063 4122 4156 4208 4214 4353 4354 5051 5370 5776 5817
3744 319 385 716 1485 1647 1932 2001 2443 2612 2669 2688 3101 3330 3581 3725 3802 3822 4373 4374 4457 4503 4561 4793 4857 5081 5661 5786
3745 129 270 440 517 538 612 1361 1772 1829 2020 2030 2699 2957 3009 3052 3153 3306 3410 3927 4403 4735 4808 5138 5404 5495 5503 5583 5696 5816
3746 96 261 644 807 915 1001 1050 1218 1582 1593 1780 2154 2847 2873 2974 3194 4060 4063 4198 4276 4325 4538 4555 4607 4723 5298 5737 5789 5813
3747 324 389 912 1009 1396 1714 2008 2212 2623 2805 2920 3207 3501 3520 3916 4265 4719 5021 5034 5062 5213 5416 5598 5635 5889 5930
3748 206 307 494 837 844 898 1234 1367 1987 2452 2554 2949 3020 3284 3298 3581 3887 4284 4294 4378 4513 4663 4766 4949 5152 5158 5198 5380 5389 5636 5696 5782 5825 5889
3749 31 319 405 460 616 1009 1325 1466 1738 2387 2399 2405 2559 2710 3356 4071 4126 4273 4450 4852 5021 5106 5177 5189 5561 5925 5935
3750 375 424 784 1126 1140 1403 1525 1830 2234 2445 2456 2493 2594 2825 3133 3356 3491 3654 3919 4065 4376 4565 4747 5128 5909 5939 5998
3751 74 208 339 536 604 998 1028 1055 1365 1503 1645 1681 1822 2695 2900 2997 3043 3474 4102 4349 4455 4574 5227 5298 5308 5580 5628 5673 5853 5952
3752 95 103 114 370 546 978 1051 1335 1445 1608 1697 1945 2024 2050 2226 2359 2722 2841 2867 2923 3188 3221 3624 3722 3883 4000 4360 4962 5119 5292 5670 5770 5774 5839 5859
3753 27 193 209 447 805 1023 1109 1942 2013 2052 2129 2164 2410 2460 2574 2666 2772 2971 3318 3607 3653 4404 4704 4713 4746 5178 5207 5302 5587 5631
3754 101 183 797 917 1451 1605 1768 1790 1797 1946 2037 2223 2265 2453 3386 3423 3429 3597 3793 3862 3884 4122 4200 4345 4389 4702 4762 5027 5309 5385 5434 5512 5582 5589 5852
3755 551 593 696 994 1282 1356 1795 3304 3559 3702 3714 3947 4149 4278 4318 4337 4461 4635 4705 5118 5192 5281 5782 5986
3756 162 306 537 716 836 896 1138 1261 1594 1623 1630 1655 1710 1809 2034 2193 2260 2403 2944 3148 3154 3325 3388 3498 3570 3666 3693 3801 3852 4050 4067 4163 4623 5012 5710 5729 5994
3757 228 343 346 446 666 817 995 1115 1131 1360 1867 1922 2012 2424 2499 2588 3094 3225 3616 3916 3951 4137 4204 4345 4415 4622 4730 4781 5753 5821 5901
3758 182 294 514 780 811 905 1221 1251 1279 1474 1880 2032 2174 2329 2435 2605 2921 3178 3481 3489 3810 3969 4158 4385 4571 4797 4969 5021 5146 5592
3759 91 530 621 658 692 860 999 1029 1072 1128 1272 1571 1601 2040 2461 2534 2605 2673 2703 3009 3046 3097 3221 3289 3350 3805 4151 4203 4541 4655 4748 4777 5137 5242 5269 5272
3760 51 134 213 319 342 633 872 1746 2196 2505 2642 3292 3855 3944 4032 4462 4868 5095 5259 5267 5498 5606 5862 5947
3761 58 670 819 910 1108 1133 1140 1314 1430 1580 1726 1843 1848 2044 2123 2133 2264 2312 2605 2702 2949 3150 3205 3389 3651 3785 3882 4016 4834 4964 5127 5680 5740
3762 4 171 267 537 703 1017 1478 1603 1753 1755 2043 2130 2166 2172 2286 2295 2822 2853 3025 3142 3144 3251 3545 3680 3836 4023 4211 4401 4474 4519 5196 5383 5561 5577 5596 5924
3763 113 470 1179 1377 1487 1774 2295 2330 2356 2368 2601 2983 3049 3272 3932 4041 4685 4893 5249 5329 5432 5707
3764 539 566 624 1083 1303 1418 1674 1773 1797 1828 2307 2365 2367 2513 2905 3121 3126 3127 3157 3461 3491 3548 3659 4256 4410 4633 4634 4841 4895 5382 5394 5927
3765 134 275 563 749 1241 1281 1629 1747 1782 1978 2207 2444 2883 3491 3520 3565 3669 3671 3796 4495 4583 4853 4999 5054 5686 5924
3766 935 1015 1360 1643 1756 1846 2251 2509 2817 2877 3045 3215 3219 3796 3849 4129 4499 4558 4624 4629 4776 5152 5353 5358 5377 5881
3767 23 366 911 1256 1389 1608 1844 2118 2160 2593 2653 2944 3039 3044 3410 3832 3926 4294 4430 4513 4552 4817 4824 5319 5330
3768 354 417 519 695 1048 1058 1666 1686 1759 1765 1807 1885 2992 3084 3545 3875 3995 4041 4118 4343 4357 4373 4609 4876 4933 4984 5194 5499 5503 5649 5663 5681 5766
3769 68 124 487 516 720 906 1098 1368 1598 1730 1755 1774 2020 2111 2274 2428 2442 3009 3116 3243 3518 3645 3890 3901 4143 4238 4284 4905 5095 5254 5490 5970
3770 36 99 257 623 795 900 1108 1182 1270 1343 1404 1527 1837 1855 2075 2076 2099 2112 2412 2480 2881 3063 3351 3452 3471 3473 4130 4279 4438 4715 4810 5134 5246 5304 5373 5431
3771 334 753 975 1013 1237 1259 1598 1812 2038 2298 2374 2609 2758 2956 3353 3668 3932 4045 4113 4212 4278 4385 5241 5320 5347
3772 832 950 1006 1008 1266 1727 2027 2571 2705 2751 2788 3277 3477 3722 3807 3902 4208 4712 5150 5405 5755
3773 87 269 315 359 921 933 1362 1416 1466 1507 1815 2266 2584 2612 2785 3109 3199 3450 4116 4339 4366 4707 5015 5094 5179 5680 5780 5806 5812
3774 262 392 420 676 828 837 1037 1069 1143 1242 1526 1611 1922 2413 2435 2446 2669 2727 3136 3196 3221 3283 4108 4266 5250 5434 5757 5787
3775 0 48 408 717 789 906 1264 1272 1326 1458 1738 1807 1869 1875 1877 2108 2118 2187 2292 2641 2693 3223 3518 4093 4403 4905 4923 5053 5201 5404 5451 5570 5866 5917
3776 130 565 994 1146 1309 1547 1798 1930 2109 2219 2468 2994 2999 3066 3127 3232 3300 3312 3420 3678 4018 4032 4111 4140 4354 4517 5117 5123 5166 5230 5651
3777 3 66 165 353 387 1029 1167 1411 1657 2177 2785 2896 2947 3382 4318 4450 4700 4701 5107 5180 5583
3778 111 128 304 375 665 680 809 953 1070 1356 1934 2182 2397 2404 2668 2669 2719 2724 2814 2834 3062 3142 3169 3222 3371 3426 3503 3631 3724 3782 3829 3970 4078 4205 4599 4680 5079 5171 5579 5650 5959
3779 112 311 757 966 1390 1566 1616 1721 1836 1955 2108 2420 2424 2927 3083 3114 3225 3241 3309 3563 3571 3658 3711 3791 3817 4253 4468 4904 5161 5198 5309 5378 5460 5487 5528
3780 438 468 515 616 934 1068 1248 1432 1667 1683 1822 1900 2005 2068 2261 2398 2561 2652 2721 2962 3030 3557 3666 3811 4317 4562 4713 4740 4980 4984 5020 5510 5640
3781 118 346 361 449 508 585 620 822 1053 1097 1262 1656 1800 2077 2106 2278 2506 2707 2768 2862 3139 3240 3380 3699 4403 5073 5367 5896 5985
3782 267 468 511 660 674 766 1357 2124 2556 3020 3138 3150 3237 3337 3403 3604 3626 3646 3778 4097 4128 4252 4910 5059 5203 5273 5652 5857 5874 5980
3783 385 442 721 1177 1191 1430 1792 2123 2388 2533 2716 2797 2823 2824 3057 3409 3740 3949 4059 4079 4328 4358 4584 4609 4821 4957 5044 5210 5389 5677 5945
3784 310 335 608 646 850 938 1155 1492 2502 2544 2572 2890 2917 2965 3631 3843 3889 4017 4196 4283 4438 4832 4985 5214 5332 5484 5665 5808 5847
3785 189 309 395 418 440 538 1114 1265 1293 1798 1882 2041 2270 2498 3292 3710 3761 4240 4349 4463 4636 4762 4992 5203 5596 5870
3786 116 257 307 421 699 950 1427 1805 2673 2773 3083 3208 3262 3399 3476 3504 4071 4502 4614 4818 5238 5320 5373 5456 5691 5961
3787 394 702 850 883 983 1104 1690 1886 2043 2192 2316 2338 2762 2807 3494 3707 3916 3922 4160 4976 5355 5717
3788 22 134 214 364 467 576 835 921 1323 1419 1467 1939 1945 2631 3076 3118 3203 3209 3252 3431 3572 3830 4210 4435 4471 5033 5058 5287 5564 5852 5915
3789 337 997 1042 1263 1304 1826 1842 1881 1933 2448 2578 3474 3644 3719 3993 4212 4222 4561 4595 4851 4895 5313 5863 5869 5923
3790 157 210 395 466 989 1130 1141 1236 1380 1463 1745 2008 2048 2111 2152 2665 2669 2895 3700 3815 3820 4112 4173 4470 4711 5072 5165 5252 5496 5546 5744
3791 40 266 298 384 467 487 1411 1423 1520 1563 1639 1677 1927 2021 2030 2079 2105 2247 2296 2327 2384 2488 2659 3054 3262 3479 3562 3664 3779 3819 4018 4255 4395 4412 4718 5027 5037 5124 5627
3792 596 1654 1679 1760 1886 1912 1943 2068 2172 2243 2732 2846 2997 3085 3102 3122 3278 4081 4357 4416 4430 4478 4596 5084 5202 5234 5953
3793 127 281 427 527 610 874 1351 1382 1580 1635 1859 2049 2217 2483 2700 2773 3068 3163 3613 3661 3754 4058 4204 5478 5572 5591
3794 147 245 348 699 1100 1389 1392 1793 2122 2208 2294 2940 3173 3427 3428 3429 3439 3936 4025 4828 5972
3795 304 615 721 728 754 783 979 1029 1149 1458 1594 1616 1623 1819 2142 2165 2209 2232 2925 3028 3171 3401 3616 4124 4309 4434 4920 5012 5020 5194 5275 5749 5781 5915
3796 6 480 561 587 996 1125 1141 1202 1224 1324 1406 1613 1671 1821 1852 2153 2780 2956 3298 3765 3766 3805 4054 4269 4666 4669 4852 4923 5350 5424 5501 5602 5868 5934
3797 224 404 408 544 1021 1087 1176 1627 2040 2348 2887 2958 3185 3358 3475 3669 3827 3862 3904 4301 4637 5106 5119 5284 5318
3798 209 366 666 1054 1281 1404 1623 1735 1764 2215 2307 2380 3011 3030 3163 3309 3354 3383 3414 3475 3503 3645 4057 4128 4215 4277 4434 4723 4765 4769 5296 5384 5745 5878 5884 5919
3799 3 180 437 1387 1496 1658 1853 1909 2190 2260 2621 2730 2937 3071 3355 3694 3713 3812 4067 4307 4381 4450 4480 4590 4717 4746 5054 5814
3800 72 381 552 957 1269 1550 2335 2706 2790 2899 3092 3286 3463 3494 3630 3709 3910 4223 4498 5756 5787 5923 5964
3801 66 623 696 771 865 1238 1437 1779 1877 2032 2246 2272 2392 2881 3381 3756 4096 4196 4297 4676 4735 4751 4879 4939 5024 5040 5297 5333 5405 5458 5463 5502 5647
3802 116 333 454 718 752 887 952 1435 1774 1827 2219 2379 3131 3255 3744 3920 4228 4236 4372 4709 5020 5287 5379 5472 5920
3803 30 186 386 681 754 1099 1171 1630 1730 1836 2032 2414 2418 2768 2817 2832 2890 2990 3464 4033 4106 4155 4469 4797 4819 4826 4861 5304 5388 5478 5894 5978
3804 21 757 860 984 1673 1734 1890 2205 2553 2663 2870 2909 2936 2943 3190 3283 3664 3687 3852 3917 4110 4349 4444 4459 4528 4882 5511 5726 5834 5907 5911
3805 168 337 397 1095 1144 1187 1240 1438 1449 1521 1603 1805 2069 2160 2338 2720 2998 3417 3473 3648 3698 3759 3796 3827 3929 3965 3981 4362 4466 4786 4920 5136 5204 5464 5475 5689
3806 246 357 405 974 1008 1663 1760 1864 2668 2743 2810 2913 3153 3404 3590 3951 4308 4414 4626 4716 4736 5206 5306 5523 5774
3807 266 302 376 486 2556 2906 3312 3772 4236 4303 4340 4400 4565 4579 4695 5100 5320 5361 5386 5558 5570 5825
3808 194 313 327 602 691 919 1144 1531 1840 1888 2016 2094 2519 2793 3344 3523 3676 3698 3809 3837 3869 4161 4530 4543 4587 4654 5361 5714 5834 5945
3809 359 845 1275 1447 2600 2721 2725 2777 2979 3012 3070 3808 3933 4020 4109 4340 4421 4691 4950 5012 5478 5961
3810 152 415 461 469 568 896 1152 1158 1310 1855 1900 1902 2318 2421 2465 2588 2716 2768 2854 3141 3143 3232 3361 3758 4040 4081 4293 4777 4785 4939 4966 5097 5437 5534 5700 5719 5782
3811 7 117 172 248 332 410 437 477 717 719 745 1289 1361 1947 1977 2132 2157 2304 2551 2576 2578 2694 2866 2943 3780 4308 4632 4707 5646
3812 31 177 643 1140 1489 1570 1679 1736 1912 2231 2503 2563 2618 2619 2773 2782 3183 3196 3469 3513 3650 3651 3799 3882 4004 4307 4385 4508 4782 5204 5297 5365 5405 5889 5939
3813 218 261 285 480 512 815 1161 1542 1691 2173 2226 2360 2390 2460 2798 2884 3193 3459 3679 3982 4321 4330 4444 4966 5002 5075 5379 5529 5918
3814 565 832 847 1269 1404 1453 1856 2418 2550 2673 2756 2883 2922 3087 3135 3174 3364 3906 3976 4041 4746 4983 5048 5070 5259 5452 5953
3815 102 264 386 671 677 1323 1560 1968 2014 2251 2404 2417 2778 3230 3301 3790 4401 4413 5200 5206 5346 5706
3816 256 460 472 599 622 693 1019 1051 1271 1337 1359 1559 1648 1714 1971 2459 2552 2571 2870 3205 3263 3395 3397 3488 3735 4247 4560 4571 4767 4812 4849 5086 5149 5203
3817 22 139 180 457 560 618 766 877 1011 1171 1468 2315 2554 3009 3023 3299 3655 3717 3739 3779 3927 4081 4118 4198 4460 4468 4626 4641 4805 4997 5037 5216 5360 5433 5536 5939
3818 69 142 166 320 569 972 1093 1472 1533 1543 2032 2142 2250 2466 2500 2504 3148 3212 3307 3549 3690 3909 4230 4250 4516 4574 4999 5573 5613 5707 5752 5757 5840 5922
3819 417 614 750 897 931 932 1202 1260 1727 1997 2230 2749 2817 2917 3157 3277 3506 3791 4012 4020 4069 4306 4864 4893 5209 5609 5668 5682 5999
3820 195 342 359 825 968 1146 1548 1888 2841 3001 3087 3111 3303 3533 3569 3583 3790 3902 4198 4378 4427 4440 4530 4748 4754 4968 4976 5413 5592 5613 5955
3821 178 477 580 591 618 847 996 1066 1079 1120 1180 1731 1983 2361 2681 2989 3112 3179 3193 3523 3633 4015 4092 4130 4846 5037 5224 5555 5570 5722 5788
3822 2 142 177 271 332 364 393 517 646 869 922 1105 1244 1498 2111 2307 2497 2737 2833 3017 3209 3233 3350 3566 3722 3744 4070 4246 4509 4895 5095 5256 5506 5609 5665 5733 5925
3823 310 383 536 861 956 1352 2333 2381 2382 2446 2578 2838 3503 3577 3583 3733 4156 4173 4266 4388 4957 5187 5652
3824 71 102 486 618 920 1893 1925 2002 2145 2203 2538 2615 3049 3246 3291 3416 3647 3907 4113 4185 4276 4942 5261 5537 5743 5912 5991
3825 61 231 491 542 1117 1136 1138 1269 1384 1482 1483 1570 1657 1820 2063 2244 2469 2519 2566 2636 2970 2975 3035 3303 3427 3727 4146 4844 5039 5516 5522 5560 5583 5593 5598 5758
3826 342 376 763 839 1175 1438 1654 1807 1986 2017 2020 2063 2376 2500 2548 3063 3848 3883 3965 4113 4186 4712 4736 4797 5106 5118 5420 5518 5854 5947
3827 32 46 382 968 1142 1417 1611 1630 1734 1843 1979 2065 2256 2436 2590 2901 3156 3242 3253 3338 3797 3805 4078 4088 4191 4528 4598 5061 5698 5871 5945
3828 33 95 679 694 871 908 936 1361 1363 1426 1446 1660 1705 1759 1827 2053 2494 2582 2708 2781 2864 3066 3073 3509 4127 4235 4567 4722 5147 5432 5554 5575 5623 5831 5880
3829 173 295 406 638 837 850 1143 1590 2629 2694 2698 2709 2762 3086 3210 3497 3508 3598 3778 4510 4624 4785 5078 5674 5843 5867 5953
3830 257 342 492 515 645 927 1341 1372 2381 2547 2705 2904 3153 3278 3531 3582 3788 3831 4052 4401 4593 4774 4777 4824 4874 4938 5091 5128 5185 5204 5292 5483 5699 5907
3831 253 394 520 535 690 922 1022 1295 1505 1520 1638 1969 2119 2429 3024 3126 3142 3402 3638 3662 3830 3929 4035 4094 4375 4586 4677 4927 4950
3832 18 232 246 322 581 890 968 1085 1173 1489 1582 1641 1702 1738 2104 2150 2676 2688 2789 2984 3031 3120 3584 3699 3739 3767 4094 4103 4262 4420 4561 4585 4620 5016 5058 5560 5693 5696 5880
3833 59 168 201 250 326 386 743 821 1008 1041 1177 1237 1522 1627 2029 2171 2176 2492 2552 2625 2626 2920 2989 3053 3257 3275 3560 3634 3707 3920 3948 3979 4113 4461 4726 4931 4959 4964 5067 5315
3834 419 675 684 947 967 1017 1432 1846 2105 2121 2256 2338 2339 2403 2547 2728 2871 3240 3920 4489 4806 4826 4836 5296 5645
3835 119 138 234 416 446 505 691 901 928 1254 1362 1439 1640 1699 1712 1719 1782 1953 2388 2402 2679 3239 3375 3389 3448 3701 3727 3859 4114 4146 4203 4407 4547 5529
3836 174 566 753 791 971 986 991 1056 1069 1076 1178 1386 1506 1587 3300 3762 3923 4073 4305 4318 4401 4483 4588 4689 4764 4771 4860 5005 5117 5557 5623 5968
3837 130 140 164 420 580 725 731 854 887 933 982 1202 1287 1623 1727 1982 2080 2218 2710 2736 2768 3157 3290 3808 3989 4289 4425 4468 4744 5914 5949
3838 423 742 866 1145 1459 1533 1781 1971 1973 2160 2217 2373 2458 2462 2868 3249 3514 3552 3554 3858 4017 4124 4636 4878 4935 5269 5558 5723
3839 246 403 413 473 567 928 932 997 1206 1209 1717 1808 2043 2222 2313 2326 2457 2666 3333 3672 3921 4522 5161 5281 5777
3840 178 772 910 959 998 1080 1361 1536 1664 1929 2154 2318 2350 2891 3302 3869 4211 4291 4311 4405 4740 5274 5392 5446 5449 5862 5901
3841 83 201 304 400 825 989 1064 1375 1525 1536 1548 2294 2377 2747 3293 3370 3432 3598 4251 4283 4379 4649 5266 5313 5524 5527 5643 5696
3842 365 430 931 1029 1144 1185 1644 1777 1986 2722 2883 2952 2998 3261 3281 3331 3393 3572 4124 4175 4705 4937 5348 5702 5802 5875 5941
3843 298 432 562 586 819 1053 1223 1227 1395 1453 1898 2053 2130 2235 2521 2766 3081 3148 3247 3258 3392 3532 3720 3784 4067 4151 4582 4678 4703 4727 4972 5001 5065 5550 5685 5888 5983
3844 545 830 854 931 962 1012 1166 1271 1328 1423 1572 1639 1646 1655 2134 2362 2682 2793 3006 4036 4500 4547 4667 4906 4973 4990 5134 5250 5291 5857
3845 337 350 918 1226 1401 1424 1808 2098 2299 3217 3686 3977 3982 4312 4619 4789 5280 5622 5766 5797 5960
3846 145 636 900 1154 1343 1410 1492 1512 1528 1543 1831 1956 2033 2163 2763 2984 3026 3051 3299 3422 3681 3929 4078 4351 5122 5188 5232 5492 5721 5970
3847 29 47 84 290 645 692 782 990 1214 1225 1395 1468 1914 2006 2026 2463 2680 2743 2856 3108 3671 3897 3992 4275 4299 4317 4320 4327 4336 4515 4539 5455 5526 5889
3848 23 325 361 401 512 644 919 1081 1157 1316 1367 2094 2301 2430 2646 2771 2848 2904 2983 3008 3029 3186 3826 4008 4095 4244 4296 4395 4440 4446 4627 4644 5050 5162 5231 5266 5358 5424 5432 5673 5835 5866
3849 607 1093 1339 1418 1651 1725 1822 2136 2605 2946 3122 3766 4158 4283 4352 4473 4590 4892 4914 5119 5330 5346 5639 5655 5782
3850 146 244 250 386 604 669 998 1267 1530 1773 1843 1864 1920 2020 2295 2389 2475 2546 2854 3088 4926 4981 5459 5564
3851 263 308 352 393 828 914 1079 1106 1256 1624 2119 2210 2380 2662 2721 2727 2828 3564 3584 3639 3988 4269 4381 4582 4712 4770 4838 4891 4947 4972 4980 5182 5225 5371 5495 5687 5891 5915
3852 27 365 374 417 475 1019 1164 1329 1343 1647 1764 1777 1919 1979 1980 2512 2781 2837 2915 2929 3756 3804 3875 4193 4283 4476 4561 4665 4703 5858
3853 77 461 676 867 876 1113 1193 1444 1552 1733 1772 2026 2082 2702 2703 2765 3513 3662 4186 4585 4936 5039 5227 5882 5888
3854 120 533 536 804 818 957 1244 1758 1832 2520 2547 2664 3310 3505 3531 3706 3935 4153 4425 4477 4656 4722 5030 5428 5656
3855 151 545 688 771 772 1168 1614 1896 2181 2211 2352 2521 2829 2900 2912 2935 3181 3335 3369 3760 4154 4228 4587 4879 4881 5067 5438 5523 5524 5546 5603 5939
3856 433 550 925 1316 2363 2382 2658 2899 2919 2967 3405 3674 3883 3916 3922 3972 4077 4442 4553 4567 4718 4822 4927 5228 5245 5324 5397 5422 5446 5489 5644 5673 5959
3857 531 810 1043 1320 1686 1979 2187 2485 2659 2857 3088 3630 4125 4482 4715 4763 4942 5142 5309 5449 5630 5698 5755 5927 5990
3858 175 255 271 284 364 768 1142 2334 2419 2432 2445 2983 3224 3293 3329 3412 3838 3974 4952 5055 5172 5214 5313 5335 5398 5679 5923
3859 67 77 466 807 830 837 1013 1129 1402 1548 1832 2113 2216 2568 2602 2883 3022 3120 3835 4310 4522 4581 4608 4940 4983 5175 5266 5404 5502 5818 5886
3860 90 177 639 691 1077 1095 1575 1658 1755 1903 2278 2477 3077 3184 3360 3496 3526 3587 3645 3734 4314 5284 5426 5436 5468 5509 5666 5979
3861 82 163 289 1186 1359 1532 1553 1564 2758 2981 3555 3619 4022 4405 4544 4728 4734 4778 5094 5657 5741 5850
3862 21 51 466 506 864 977 1480 2065 2800 3022 3336 3514 3738 3754 3797 4333 4645 4739 4853 4863 5289 5697 5804 5850 5962
3863 158 496 1849 1937 2032 2204 2653 2768 2844 2913 3203 3209 3990 4011 4167 4173 4366 4629 4656 4713 4790 4939 5003 5037 5157 5413 5448 5453 5475 5760 5950
3864 69 279 630 887 953 1054 1380 1419 1620 2398 2594 2831 3268 3364 3866 3907 4615 4707 4963 5143 5371 5574 5787
3865 254 270 569 1181 1311 1410 1682 1740 1747 2004 2281 2284 2336 2526 2549 2664 2706 2718 3364 3710 4118 4277 4756 5126 5349 5772 5791
3866 110 397 918 980 1033 1390 1404 1701 1877 1964 2444 2461 2535 2785 3384 3456 3864 4582
3867 224 512 753 957 1015 1144 1842 2062 2431 2929 3235 3475 3575 3657 4035 4051 4605 4915 5026 5311 5421 5832
3868 62 85 635 783 809 846 1112 1399 1560 1613 1687 1805 2468 2474 2806 2894 2986 3235 3238 3260 4046 4181 4425 4659 4709 5374 5601 5779
3869 380 516 744 748 1213 1386 1573 1858 1934 2167 2351 2587 2741 2924 3239 3696 3808 3840 4230 4325 4429 4495 5233 5241 5585 5844
3870 252 275 386 992 1196 1600 1678 1718 1816 1838 2032 2532 2599 2756 2843 2969 3086 3117 3210 3313 3617 4063 4250 4606 4880 5041 5212 5391 5813
3871 13 65 107 171 250 583 610 823 937 982 1073 1246 1259 1516 1640 1817 2460 2667 2671 2687 2949 2977 3127 3195 3699 3909 4110 4197 4625 4631 4750 4778 4826 4868 5844
3872 148 272 955 1076 1315 1688 2157 2357 2400 2673 3014 3388 3577 3621 4347 4575 4674 5074 5258 5735 5794 5981
3873 132 379 623 644 1440 1622 1642 1679 2044 2159 2286 2355 2762 2849 2897 2905 3340 3438 3471 3558 3938 3979 3990 4076 4105 4136 4252 4933 5203 5246 5603 5692 5890 5928
3874 102 202 273 282 380 416 511 629 708 856 1199 1453 1580 1666 1691 2326 2344 2468 2536 2683 2705 3299 3537 3687 3908 4087 4195 4215 4500 4502 4867 4888 4953 5718
3875 48 70 74 91 130 528 681 695 816 963 1060 1176 1236 1986 2298 2363 2400 2867 2935 3373 3377 3433 3469 3768 3852 4060 4080 4443 4469 4726 4747 4963 4989 5127 5131 5308 5633 5798 5843 5901
3876 214 237 553 662 792 1016 1100 1519 1532 1622 1645 1729 1761 2403 2536 3374 3508 3615 3928 3933 3968 4038 4325 4882 5051 5161 5221 5901 5962
3877 325 502 507 790 799 1323 1379 1691 1967 2094 2281 2308 2857 2893 3475 3527 3685 3885 4039 4061 4089 5294 5803 5836
3878 85 228 312 464 575 695 990 1849 3045 3157 3368 3420 3606 3902 4104 4546 5156 5175 5229 5256 5269 5459 5532 5680
3879 34 158 213 227 287 372 616 732 761 1416 1909 1937 1947 2115 2290 2578 2650 2725 2952 2969 3219 3294 3419 3578 3591 3711 4322 4373 4386 4404 4957 4980 5140 5633 5681 5764
3880 7 87 633 719 878 1137 1563 1598 1715 1722 1812 1926 2108 2407 3002 3194 3199 4128 4874 4916 4947 4965 5194 5393 5550 5706
3881 242 602 736 944 957 1063 1523 1632 1817 1881 2078 2175 3040 3202 3332 3423 3525 3898 4180 4311 4522 4628 4726 4930 4955 5244 5263 5437 5450
3882 66 233 442 494 703 927 974 1020 1300 1413 1694 1941 2313 2397 2401 3056 3366 3585 3761 3812 4208 4736 4969 5059 5305 5323 5324 5549 5581 5673 5683
3883 78 447 675 862 1415 1646 1743 1838 1878 2025 2068 2118 2700 2704 2787 2884 2984 3037 3089 3532 3717 3752 3826 3856 4430 4586 4627 4962 5022 5111 5412 5505 5562 5588
3884 55 143 299 475 570 981 1604 1828 2324 2497 3260 3263 3281 3696 3721 3754 4115 4713 4759 5267 5763 5960 5981
3885 181 481 533 586 622 942 989 1347 1504 1894 1965 2173 2321 2667 2892 3039 3046 3365 3466 3650 3742 3877 4049 4155 4361 4424 4555 4772 4809 4966 5134 5277 5281 5677 5750 5760
3886 774 1039 1713 1773 1918 2099 2181 2205 2219 2317 2636 2853 2941 2967 3206 3223 3319 3328 4241 4615 4697 4860 4974 5243 5347 5689
3887 13 202 373 525 551 559 960 1302 1491 1671 1940 2410 3026 3100 3144 3170 3322 3531 3748 3907 3952 4162 4369 4397 4398 4431 4639 4647 4678 4743 4851 4980 5183 5199 5312 5414 5557 5929
3888 4 20 234 310 535 707 801 989 1385 1409 1691 2076 2320 2709 2799 2804 3163 3222 3488 3529 3624 4001 4027 4156 4194 4202 4705 4894 5061 5276 5875
3889 663 665 819 997 1259 1363 1423 1562 1653 2252 2717 2729 2809 2855 2880 3241 3248 3457 3649 3784 3978 4012 4121 4389 4747 4806 4880 4935 5392 5666 5905
3890 227 959 1231 1422 1609 1915 1974 2172 2273 2825 2939 3592 3637 3687 3769 4295 4745 4767 4857 4890 4997 5140 5317 5448 5477 5707 5750 5763 5895
3891 182 281 493 514 672 981 1031 1310 1367 1996 2416 2474 2486 2523 3071 3328 3998 4119 4176 4265 4435 5125 5369 5846 5975
3892 2 565 1488 1531 1606 1662 1816 2086 2435 2535 2610 2701 2887 2932 3007 3275 3368 3921 4049 4219 4290 4974 5073 5347 5404 5470 5561 5606 5800 5964 5976
3893 104 294 296 661 834 1026 1285 1364 1830 1884 1931 2090 2202 2489 2754 3155 3210 3350 3367 4194 4355 4602 4628 4703 4767 5273 5832 5948
3894 265 402 726 731 872 1291 1299 1625 1927 2310 2601 2660 2750 2752 3119 3262 3284 3529 3530 3675 3930 4009 4140 4207 4415 4831 5052 5447 5460 5660 5840 5881 5923
3895 51 127 153 703 1121 1542 1613 1773 1950 2043 2055 2690 3594 4431 4599 4747 4797 5925 5954
3896 7 337 351 506 648 979 1281 1679 2307 2716 3001 3017 3221 3328 3472 3560 3712 3733 3993 4017 4289 4799 4801 5053 5083 5356 5401 5695 5717
3897 212 421 503 594 841 844 886 1010 1017 1189 1194 1565 1607 1694 2074 2160 2165 2176 3018 3019 3435 3610 3665 3847 3993 4168 4613 4810 4926 4956 5428 5548 5568 5660
3898 36 43 130 1057 1145 1268 1319 1550 2025 2100 2258 2572 2677 2989 3046 3064 3261 3881 3903 4062 4931 4990 5128 5151 5468
3899 714 1514 1552 1569 1838 2514 2759 3183 3205 3229 3270 3325 4026 4050 4157 4287 4745 4856 4964 5036 5060 5311 5316 5416 5511 5626 5694
3900 180 381 558 734 882 986 991 1062 1464 1723 1724 2214 2227 2386 2653 3234 3303 3341 3943 4830 5166 5167 5810 5826 5891 5982
3901 177 187 436 661 740 920 1825 2436 2723 2739 2813 2849 3018 3175 3211 3769 4411 4734 4832 5132 5540 5886 5929 5990
3902 39 198 385 1140 1209 1323 1362 1570 1615 2032 2553 2651 2665 2740 2755 3213 3494 3772 3820 3878 4452 4574 4928 4943 5347 5749
3903 303 340 406 689 1402 2092 2357 2498 2586 2823 2945 2987 3217 3575 3717 3898 3987 4259 4272 4450 4649 4938 4982 5154 5435 5575 5764 5805 5849 5883 5945
3904 136 354 371 505 746 1234 1863 1940 2406 2616 2995 3345 3371 3553 3685 3797 4156 4185 4270 4618 5120 5420 5799 5923
3905 285 385 402 747 1114 1136 1197 1363 1455 1486 1618 1623 1908 2003 2066 2328 2509 2640 2666 2903 3043 3091 3143 3443 4598 4775 4782 5305 5324 5473 5597 5619 5666 5765 5923
3906 554 735 1041 1117 1403 1516 1592 2101 2297 2373 2583 2747 2772 3015 3043 3229 3236 3674 3814 3916 4028 4267 4298 4452 5380 5482 5682 5795 5892 5906
3907 46 73 109 300 578 610 670 692 1103 1180 1183 1611 1745 1978 2123 2330 2396 2489 2888 3125 3231 3824 3864 3887 4018 4792 5339 5415 5452 5632 5633 5909
3908 224 334 474 754 913 1022 1227 1406 1495 1732 2199 2230 2388 2977 3063 3093 3374 3385 3561 3874 4810 4843 4910 4932 5170 5250 5294 5483 5769 5826 5870 5919
3909 262 308 361 495 576 815 1066 1195 1261 1486 1515 1662 1826 1891 2003 2184 2444 2506 2642 2674 2687 3241 3442 3461 3535 3595 3658 3710 3818 3871 4530 5053 5292 5527 5857
3910 31 242 576 611 865 1965 1970 2061 2376 2457 2540 2565 2779 3295 3401 3657 3800 4013 4649 5183 5219 5287 5341 5496 5509 5675 5965
3911 532 557 579 607 927 1084 1417 1565 1597 1608 1642 2192 2608 2946 3008 3054 3235 3291 3324 3438 3451 3457 3657 3661 4042 4069 4275 4282 4327 4735 4917 4972 4994 5071 5157 5219 5279 5603 5654 5737 5908
3912 92 478 735 1029 1448 1629 1759 1897 2024 2036 2123 2376 2608 2745 3070 3086 3298 3498 3728 3917 4086 4453 4671 4763 5029 5038 5065 5191 5236 5484 5546
3913 157 266 394 399 643 837 1023 1206 1219 1367 1383 1608 2078 2190 2508 2525 2584 2872 2981 3017 3285 4065 4153 4490 4737 4751 4997 5090 5272 5816 5917
3914 715 969 1176 1626 2360 2368 2889 2906 3073 3091 3459 4070 4168 4424 4428 4779 4893 5670 5916
3915 50 597 809 813 908 1078 1364 1533 1753 1780 1936 2120 2203 2470 3205 3365 3400 3458 3487 3582 3610 4165 4435 4620 5109 5633 5713 5829 5856 5938
3916 121 531 541 1021 1246 1303 1491 1561 1687 1838 1922 1930 2073 2213 2730 2775 2807 3138 3158 3747 3757 3787 3856 3906 4177 4231 4490 4520 4614 4642 4706 4938 4941 5217 5249 5744 5799
3917 57 94 424 490 496 573 913 997 1144 1245 1285 1403 1592 1825 1888 2260 2443 2514 2691 2976 3071 3340 3452 3624 3804 3912 3970 3976 4024 4077 4488 5061 5412 5491 5853 5990
3918 207 426 520 645 872 949 978 982 1188 1493 1509 1583 1863 1989 1995 2056 2116 2411 2459 2737 2811 4035 4643 4694 4749 4898 4969 5024 5181 5293 5489
3919 165 561 888 912 956 965 1019 1255 1691 1761 1942 2796 3252 3452 3565 3574 3724 3750 3989 4032 4225 4536 4639 5018 5029 5047 5149 5232 5262 5357 5851 5925
3920 77 197 479 546 926 1551 1699 1710 1836 2071 2174 2421 2490 2582 2687 2801 2860 2902 3400 3411 3529 3536 3566 3802 3833 3834 4159 4238 4506 4685 4948 5172 5257 5458 5888
3921 86 776 1251 1423 1868 1949 2242 2690 2809 2911 2955 2963 3134 3238 3240 3324 3839 3892 4045 4072 4200 4374 4406 4481 4632 4689 5121 5156 5452 5498 5653 5838 5842 5956
3922 852 1240 1427 1597 1645 1725 1813 1927 2383 2412 2628 2692 2694 3289 3787 3856 3977 4202 4341 4611 4915 5389 5483 5663 5831
3923 124 951 1100 1297 1311 1833 1863 1869 2289 2411 3036 3133 3203 3312 3419 3836 3961 3984 4104 4152 4355 4614 4880 4898 4977 5112 5245 5726
3924 121 210 225 462 648 905 1074 1604 1714 1830 2203 2565 2638 2681 2857 3305 3570 3730 3997 4197 4219 4475 4691 5162 5167 5846 5948 5962 5978 5982
3925 0 6 106 111 320 1018 1160 1469 2102 2187 2564 2853 3354 4195 4526 4589 4925 5039 5164 5520 5610 5708 5759 5778 5928
3926 126 275 481 574 708 1273 1373 1603 1679 1681 1753 2123 2458 2672 2697 2709 2743 2953 3113 3518 3629 3767 3942 4023 4082 5207 5220 5345 5429 5719 5853 5953
3927 0 57 222 470 749 1113 1497 2162 2248 2515 2583 2785 2845 2886 3321 3466 3605 3729 3745 3817 4200 4308 4370 4527 4820 4860 5011 5758 5943 5982
3928 93 320 566 663 696 811 860 1098 1239 1523 1682 1767 1858 1863 2010 2147 2151 2510 2646 3278 3680 3876 3966 4074 4178 4592 4595 4617 4889 4945 5074 5225
3929 766 825 1225 1385 1396 2316 2421 2422 2630 2935 3343 3378 3476 3661 3805 3831 3846 4174 4181 4684 4806 5218 5448 5542
3930 200 627 699 1182 1312 2324 2452 2655 2781 2902 2973 3159 3894 4180 4408 4484 4648 4739 4782 4829 4902 4919 5139 5168 5203 5401 5609 5613 5856 5933 5975
3931 136 149 282 461 612 631 686 979 1186 1319 1423 1460 1611 2145 2300 2369 2407 2917 3220 3546 3705 4343 4551 4554 4556 4700 4873 5079 5312 5595 5609 5656 5988
3932 64 73 83 212 684 913 1426 1665 1688 1696 1874 2056 2129 2174 2265 2408 2859 2953 3272 3422 3625 3665 3706 3763 3771 4386 4720 5103 5254 5434 5639 5898 5937
3933 303 319 353 961 1253 1429 1780 2357 2482 2692 2714 2792 3155 3291 3809 3876 3936 4059 4156 4200 4778 4860 5105 5215 5571 5636 5848 5890
3934 6 107 192 196 340 699 800 914 1090 1113 1351 1380 1786 2114 2438 2486 2856 2985 2996 3059 3470 3484 4088 4114 4120 4349 4423 5115 5137 5617 5837 5848
3935 276 1559 1715 1725 1766 1806 2023 2092 2305 2311 2636 2854 3338 3742 3854 4082 4088 4100 4250 4450 4931 4971 4998 5154 5275 5560 5645 5682 5805 5923
3936 196 944 1003 1038 1060 1102 1297 1587 1767 1774 1951 2056 2091 2296 2464 2932 3133 3689 3794 3933 3979 4062 4090 4245 5214 5426 5653 5791
3937 316 326 662 796 862 1894 2123 2273 2351 2447 2918 2993 3111 3367 3438 3458 3470 3541 3647 3708 4229 4457 4461 4691 4842 5054 5529 5732 5976
3938 123 999 1179 1260 1409 1438 1769 1983 2704 3138 3357 3419 3429 3503 3614 3873 4012 4280 4294 4385 4540 4716 5181 5364 5668 5814 5850 5858
3939 507 964 1105 1532 1539 1596 1948 2206 2297 2388 2722 2729 3012 3251 3521 3605 3966 3978 4089 4360 4427 4462 4608 4986 5160 5273 5310 5797
3940 427 497 592 795 1467 1579 1864 2089 2300 2339 2610 2699 2737 2822 3589 4157 4254 4411 4440 4442 5318 5345 5552 5659 5721 5974
3941 338 376 390 403 426 540 564 732 992 1165 1402 1552 1640 1734 2009 2162 2282 2321 2393 2401 2806 2953 3514 3544 3607 3611 4251 4304 5012 5849 5865
3942 66 101 314 336 448 930 1152 1295 1586 1628 1794 1812 2013 2183 2425 2499 2689 2795 3127 3370 3431 3505 3677 3926 4391 4784 5086 5279 5452 5590 5778
3943 1450 1480 1497 1541 1785 1805 1922 1955 2476 3121 3163 3224 3243 3269 3310 3437 3599 3651 3900 4218 4278 4513 4563 4573 4852 4875 5030 5308 5413 5423 5580
3944 353 368 529 560 709 935 1432 1455 1613 1685 1764 1914 2127 2159 2369 2470 2622 2665 2679 2755 2940 3059 3092 3110 3539 3545 3649 3760 3960 4971 5027 5203 5326 5522 5567 5844 5853
3945 527 855 866 1047 1137 1240 1489 1579 1649 1986 2174 2715 3168 3963 4024 4117 5105 5516 5827
3946 68 82 176 202 492 575 1030 1575 1581 1669 1690 2078 2123 2153 2418 2572 2733 2946 3043 3148 3531 3566 4528 4594 4631 4731 4950 4980 5169 5592 5659 5807 5984
3947 65 80 769 2412 2619 2625 2649 3014 3338 3363 3387 3539 3557 3755 3984 4255 4398 4678 4980 5023 5043 5379 5530 5541 5581
3948 72 208 562 625 687 971 1079 1211 1221 1230 1344 1819 2013 2512 2681 3154 3216 3833 4829 4848 5281 5299 5771 5795 5873
3949 113 190 227 376 543 600 877 882 1121 1187 1313 1645 1649 2689 2693 2854 3111 3741 3783 4820 5325 5595 5680 5685 5791 5992
3950 146 222 310 373 575 738 883 1262 1405 1479 1622 1629 1849 1985 2664 2743 3084 3273 3542 4198 4369 4645 4769 4843 4975 5341
3951 3 633 670 734 1061 1411 1459 1706 1794 2110 2200 2291 2373 2467 2687 2713 2873 2936 3049 3452 3666 3757 3806 4009 4199 4293 4295 4424 4546 5001 5184 5426 5512 5714 5727
3952 57 524 616 1229 1636 1676 1767 1809 2028 2342 2499 2931 3138 3337 3526 3887 4153 4278 4463 4579 4592 4965 5303 5409 5415 5443 5645 5748 5749 5814
3953 323 520 637 757 1051 1268 1315 1512 1650 2043 2261 2363 2404 2429 2614 2895 3169 3208 3312 3655 3660 3672 5028 5132 5241 5257 5359 5492 5556 5633
3954 81 464 642 727 748 807 953 1145 1172 1205 1263 1382 1586 1894 2043 2057 2175 2221 2500 2850 2932 3157 3259 3715 4207 4212 4309 4408 4417 4454 4560 5196 5863
3955 19 272 408 517 559 602 789 950 1000 1065 1157 1292 1730 2097 2512 2621 2934 3014 3133 3258 3279 3325 3415 3553 3657 4554 5014 5152 5464 5917
3956 37 107 580 592 754 930 950 1184 1422 1626 1635 1696 1838 1898 2555 2809 2853 3264 3591 4285 4376 4588 4825 4928 5725 5769
3957 317 320 655 813 848 1005 1161 1216 1551 1670 1752 2668 2774 3069 3165 3171 3223 3234 3425 3541 3729 3742 4208 4219 4270 4313 4432 4656 4706 4784 4835 4925 5403 5526 5767
3958 113 311 318 352 662 702 801 969 1390 1513 1575 2087 2381 3037 3327 3493 3505 3584 4077 4306 4446 4621 4944 5298 5507 5896
3959 7 233 354 459 480 739 1054 1204 1763 1842 1911 2081 2283 2330 2437 2660 2878 4466 4553 5047 5120 5990
3960 84 269 353 378 380 480 504 615 750 768 1005 1028 1340 1388 1855 2512 2602 2859 3615 3944 4009 4532 4843 4991 5026 5594 5635
3961 304 683 851 915 1356 1388 1397 1660 1756 1872 2034 2239 2651 2686 3020 3211 3923 3968 4112 4448 4453 4754 4770 4797 4872 4934 4988 5054 5602 5724 5822
3962 89 386 542 851 970 1028 1054 1703 1952 2035 2156 2753 2758 3072 3408 4016 4209 4229 4419 4703 4739 5214 5576 5578 5686 5951
3963 199 305 689 1356 1410 1740 1752 2332 2349 2369 2373 2627 2694 2897 2909 2913 3253 3448 3945 4004 4028 4153 4201 4643 4694 4739 4776 4848 4877 4903 5246 5331 5406 5447 5667 5858
3964 72 567 865 948 1326 1605 1698 1949 2164 2275 2297 2336 2338 2519 2934 3271 3383 3660 3711 3973 4259 4495 4657 5019 5102 5142 5272 5555
3965 387 848 1124 1146 1263 1394 1431 1616 1960 2176 2637 2773 2927 3113 3462 3483 3549 3587 3805 3826 3991 3993 4293 4332 4541 4558 4680 4707 4989 5116 5507 5682 5847 5976
3966 52 83 247 324 973 1861 2260 2431 2807 2870 2875 3110 3295 3928 3939 4006 4116 4294 4343 4477 4517 4704 4806 5045 5302 5518 5825 5943
3967 64 132 439 465 667 720 823 1297 1399 1826 1839 1870 1929 1967 2196 2522 2532 3318 3401 3408 3509 3535 3711 4054 4375 4468 4989 5011 5707 5821
3968 206 295 545 572 700 917 1417 1501 2293 2659 3326 3418 3876 3961 4034 4072 4110 4325 4372 4607 4668 4762 4822 4844 5135 5790
3969 251 568 638 759 792 1273 1396 1442 1493 2120 2379 2429 2434 2567 2702 3035 3089 3107 3157 3540 3547 3629 3758 4049 4322 4893 5357 5367 5702 5711 5731 5905
3970 255 495 504 728 921 1016 1075 1130 1227 1302 1345 1394 1477 1594 1679 1846 2191 2266 2321 2375 2617 2894 3287 3507 3778 3917 4012 4750 4764
3971 19 43 57 308 1408 1661 1736 1755 2026 2043 2238 2391 2567 2786 3114 3337 3659 3670 4188 4366 4854 4865 5179 5333 5483 5784 5971
3972 84 308 567 617 855 987 1182 1291 1300 1380 2018 2019 2226 2636 2963 3088 3559 3614 3615 3856 4451 4701 4718 4892 4933 4995 5155 5267 5451 5593
3973 148 165 390 416 870 947 1003 1231 1352 1521 1895 1990 2189 2432 2993 3624 3700 3964 4056 4105 4246 4292 4646 5008 5025 5085 5226 5434
3974 146 179 661 841 870 1036 1343 1403 1453 1587 1842 1935 2081 2107 2238 2522 2696 3558 3858 4106 4173 4442 4535 4612 4714 4759 5236 5469 5547 5644 5770 5901
3975 346 574 579 644 740 892 998 1192 1931 2017 2214 2536 2822 3067 3081 3444 3527 3608 3719 4063 4090 4111 4124 4130 4221 4537 4687 4691 5067 5412
3976 111 127 383 572 624 999 1408 1723 1966 1986 2295 2550 2955 3282 3472 3814 3917 4230 4322 4794 5108 5304 5375 5506 5659 5731 5760 5848 5935
3977 67 177 252 763 858 876 908 1268 1572 1655 2130 2239 2329 2602 2785 3845 3922 4091 4346 4359 4813 5329 5435 5877 5962
3978 134 139 203 248 339 397 1980 2211 2541 2793 2895 2896 3345 3381 3521 3889 3939 4215 4324 4760 4769 5026 5741
3979 331 406 470 947 1002 1436 1613 1634 1662 2286 2668 2894 3171 3288 3487 3833 3873 3936 4124 4155 4313 4919 5231 5670 5772
3980 31 192 1032 1223 1449 1939 2024 2197 2228 2330 2349 3147 3164 3224 3344 3419 3566 3742 4051 4395 4588 4930 5131 5378 5497 5920 5968
3981 24 128 322 491 552 1493 1764 1824 2316 2592 2765 3358 3445 3473 3805 4030 4157 4385 4449 4833 4947 5360 5387 5847 5879
3982 122 773 818 1186 1253 1577 1763 2102 2186 2243 2395 2423 2698 2708 2872 3012 3074 3244 3499 3549 3560 3646 3813 3845 4027 4042 4085 4340 4412 4487 4544 5122 5168 5182 5188 5595 5875
3983 1054 1422 1689 1800 1974 2333 2387 2552 2819 2831 2958 3383 3408 3616 3723 4066 4130 4278 4330 4432 4523 4579 4596 4626 4694 4762 4833 5661 5687 5722 5926
3984 41 334 339 379 469 482 524 734 801 893 916 1229 1442 1785 1938 2221 2457 2462 2571 2875 2915 3001 3597 3674 3719 3734 3923 3947 4157 4234 4463 4494 4561 4636 4730 5317 5571 5628 5632 5717 5782
3985 554 707 1018 1155 1181 1190 1437 1515 1603 1875 2157 2276 2294 2513 2551 2784 2847 3190 3317 3464 3483 3514 3609 3722 4310 4398 4767 4913 5246 5293 5560 5913 5949
3986 297 804 1332 1342 1438 1560 1666 1725 1802 2128 2171 2373 2970 3105 3223 3240 4044 4094 4208 4275 4465 4670 5130 5173 5589 5691
3987 86 134 181 482 515 925 930 990 1138 1168 1226 1251 1372 1488 1522 1792 2069 2603 2661 2710 2837 3100 3343 3415 3694 3903 4139 4310 4587 4628 4857 5194 5503 5697 5701
3988 78 346 433 592 913 984 1274 1378 1735 1803 2141 2228 2631 2665 2857 2983 3181 3195 3236 3328 3355 3678 3851 4026 4082 4167 4571 4937 5524 5714
3989 59 172 253 302 329 644 848 1064 1203 1265 1381 1658 1751 1804 2098 2186 2526 2577 2810 2881 2895 3098 3481 3514 3563 3649 3740 3837 3919 4122 4203 4898 5060 5291 5341 5759 5973
3990 205 255 524 525 546 556 592 762 1027 1560 1576 1738 1772 1838 2149 2222 2237 2302 2455 2579 2653 2685 3471 3622 3863 3873 4249 4321 4541 4867 4928 5020 5046 5245 5590 5750 5879 5956
3991 225 750 842 1325 1719 2092 2433 2792 3130 3406 3965 4461 4555 4852 4894 5174
3992 88 193 421 880 1027 1051 1104 1555 1564 1812 1925 1960 2056 2069 2550 3177 3215 3313 3517 3627 3660 3847 4474 5125 5310 5336 5428 5675 5681 5963
3993 181 887 1090 1142 1870 2022 2268 2547 2636 2796 2798 2963 3205 3287 3789 3896 3897 3965 4063 4170 4215 4325 4334 4387 4726 4861 5065 5210 5547 5819
3994 317 784 992 1408 1469 1779 2245 2469 2788 3170 3283 3361 3380 3402 3460 3519 3683 4152 4228 4637 4698 4708 4765 4852 4896 5014 5050 5207 5316 5353 5678 5799 5891 5999
3995 11 31 275 293 304 333 506 842 920 1011 1168 2059 2208 2249 2269 2320 2621 2772 2863 2889 3768 4783 4838 5354 5355 5900 5903 5968
3996 3 277 689 946 1168 1727 2136 2157 2444 2973 3295 4024 4305 4528 4807 4936 5898
3997 15 57 230 531 563 662 809 819 849 932 1147 1188 1310 1807 2090 2238 2443 2556 2945 3142 3160 3418 3487 3924 4022 4251 4464 4682 4764 4826 4934 4983 5014 5316
3998 91 705 797 935 1083 1482 1622 1708 2328 2521 2570 2697 2706 3219 3260 3277 3352 3521 3526 3629 3712 3891 4211 4302 4367 5012 5183 5184 5823 5972
3999 121 199 219 562 996 1343 1577 1664 1756 2083 2141 3077 3103 3153 3399 3419 3701 4126 4136 4271 4370 4416 4846 5126 5205 5253 5449 5461 5570 5801 5936 5958
4000 354 479 528 940 1400 1478 1772 1844 2047 2194 2385 2666 2825 2985 3051 3068 3084 3490 3752 4005 4257 4938 5064 5158 5177 5207 5487 5584 5633 5692 5726 5978
4001 111 195 261 279 285 399 437 459 664 954 1047 1049 1228 1270 1475 1626 1632 1655 1758 2202 2222 2676 2776 2790 3338 3498 3888 4037 4168 4274 4455 4653 4841 4941 5008
4002 150 246 406 428 562 624 912 1031 1935 1949 2258 2847 2942 3173 3266 3280 3337 3504 4556 4853 4868 4871 4927 5232 5248 5501 5685 5708 5928
4003 101 330 811 1161 1184 1345 1510 1588 1912 1956 1981 2136 2152 2153 2857 3327 3446 4314 4486 4789 4846 5538 5681 5749 5830
4004 199 210 226 321 493 504 537 639 736 859 947 1419 1545 1599 1662 1714 1886 2057 2094 2683 2720 3033 3812 3963 4234 4575 4713 4883 4991 5074 5318 5459 5677 5821 5956
4005 254 406 752 780 1337 1506 1656 1992 2272 2351 2942 3157 3610 3696 3713 4000 4123 4138 4234 4479 4755 4886 5244 5525 5723
4006 94 229 448 640 651 1034 1304 1385 1432 1546 1739 2058 2082 2248 2436 2641 2666 2691 2790 2893 3077 3128 3142 3291 3518 3553 3562 3580 3646 3671 3966 4074 4133 4255 4358 4413 4760 4812 5242 5313 5413 5482 5603 5647 5683
4007 37 67 187 284 1144 1322 1449 1492 1512 1646 1812 2132 2139 2217 2565 2759 2768 2987 3026 3093 3211 3477 3626 4207 4327 4496 4547 4759 4845 5168 5577 5602 5661 5742 5758
4008 70 1236 1249 1329 1467 1668 1816 2046 2649 2718 3018 3178 3460 3534 3848 4248 4471 5068 5300 5536 5649 5743
4009 174 517 574 675 1107 1157 1180 1223 1332 1618 1624 1632 1988 1990 2295 2326 2490 2635 2651 2847 2949 3084 3894 3951 3960 4135 4225 4263 4323 4353 4513 4711 4853 5140 5141 5722 5910
4010 292 306 366 421 694 776 928 1044 1114 1249 1290 1409 1598 1759 1894 2411 2894 2963 4376 4500 4687 5135 5189 5538
4011 450 467 497 728 1017 1235 1340 1576 2151 2374 2815 2969 3169 3863 4021 4114 4150 4217 4348 4409 4462 4544 4647 4987 5561
4012 570 818 1642 1733 1745 2095 2176 2446 2571 3025 3819 3889 3938 3970 4194 4566 4625 5445 5917
4013 192 494 570 661 777 799 1013 1124 1350 1640 1642 2009 2486 2625 3182 3324 3470 3528 3910 4019 4469 4513 4551 4665 4735 4945 4984 5347 5800 5978
4014 128 132 259 358 680 695 937 973 1224 1428 1429 1802 1937 2028 2523 2563 2938 3226 3302 4023 4113 4220 4264 4494 4707 4814 4841 5085 5111 5431 5580
4015 54 81 83 141 469 627 1272 2127 2271 2349 2977 3079 3283 3510 3722 3821 4092 4101 4306 4337 4469 5030 5199 5398 5474 5565
4016 12 156 1519 1562 2224 2685 2687 2849 2873 2879 3104 3227 3314 3321 3356 3585 3761 3962 4144 4285 4493 5226 5276 5493 5506 5590 5739 5971
4017 33 198 275 459 469 727 1387 1764 1836 2034 2804 2936 3213 3229 3784 3838 3896 4290 4701 4760 4908 5197 5208 5325 5849 5853
4018 807 1080 1226 1308 1435 1874 1966 2177 2322 2377 2383 2940 3272 3353 3505 3573 3776 3791 3907 4148 4201 4214 4336 4347 4504 4555 4634 4901 5047 5160 5590 5598 5804
4019 35 602 748 769 773 1096 1173 1180 1343 1603 1620 1808 1909 2496 2638 2653 2963 3020 3175 3492 3642 3675 4013 4146 4505 4770 4908 5346 5628 5650
4020 171 420 566 628 788 790 879 923 933 979 1018 1056 1107 1413 1452 1636 1711 2058 2092 2515 2517 2589 3011 3142 3248 3321 3693 3809 3819 4618 4722 5019 5146 5475 5597
4021 243 658 806 863 1003 1009 1121 1294 1409 1437 1658 1953 2093 2302 2447 3380 3539 3641 3734 4011 4263 4618 5028 5288 5676 5844 5900 5997
4022 5 7 202 498 708 922 1057 1073 1168 1203 1205 1344 1657 1824 2037 2075 2257 2397 2442 2452 2490 2542 2707 2713 3391 3393 3436 3861 3997 4166 4195 4350 4379 4484 4661 5121 5171 5247 5433 5441 5702 5872
4023 14 44 639 1109 1239 1313 1377 1402 1622 1768 1990 2062 2198 2432 2639 2704 2714 2749 2882 3391 3422 3444 3478 3484 3762 3926 4014 4258 4334 4385 4522 4783 4787 4853 4913 5317 5415 5779 5904 5987
4024 122 328 672 704 1001 1074 1860 2653 2987 3174 3458 3917 3945 3996 4283 4491 4537 4643 4695 4794 4968 4988 5296 5424 5648 5663
4025 96 749 831 877 1203 1766 1964 2018 2036 2314 2318 2366 2411 2755 2905 3794 4186 4270 4338 4450 4792 4998 5300 5376 5604 5631 5699 5912
4026 350 854 1218 1584 1599 2164 2613 2668 2748 2956 2995 3121 3237 3656 3677 3899 3988 4134 4213 4547 4776 4777 4862 5154 5257 5294 5440 5918 5946
4027 72 106 309 1012 1437 1582 1721 1816 1909 1981 2187 2398 3025 3173 3437 3888 3982 4304 4454 4745 4773 4781 5242 5775 5978
4028 92 175 273 294 463 595 866 879 1582 1699 1758 1877 1991 2364 2391 2495 2952 3067 3231 3545 3906 3963 4283 4426 4454 4760 4842 4897 4982 5087 5121 5445 5447 5471 5565 5642
4029 576 1001 1074 1395 1717 2098 2222 2231 2322 2715 2788 2840 2891 2902 2988 3023 3098 3260 3285 3286 3414 3555 3578 4260 4281 4304 4341 4681 5252 5418 5790 5815 5843
4030 51 269 460 758 959 986 1040 1112 1361 1524 1570 1674 2086 2270 2662 2833 2964 3193 3249 3653 3662 3981 4054 4201 4336 4433 4599 4911 5066 5171 5205 5400 5430 5659 5793
4031 490 551 747 831 959 1070 1424 1541 1544 1687 2148 2152 2535 3247 3392 3700 4063 4553 4665 4909 4928 4949 5233 5276 5519 5581 5716
4032 24 154 329 395 939 1414 1645 2301 2762 2806 3032 3276 3587 3760 3776 3919 4035 4460 4801 5299 5981
4033 160 462 596 605 909 934 1193 1596 1963 2082 2187 2372 2430 2459 2736 2781 3096 3350 3688 3803 4364 4493 4506 4837 4908 4996 5007 5074 5090 5101 5145 5166 5174 5188 5195 5300 5334 5468 5546 5589 5613 5841
4034 117 311 329 419 1002 1649 1982 2123 2227 2663 3269 3337 3532 3968 4341 4384 5230 5467 5681 5714 5785 5833 5950 5975
4035 32 185 318 515 545 635 679 697 738 1031 1127 1701 1803 2152 2326 2568 2586 2737 2796 2907 2963 3015 3016 3064 3188 3267 3466 3489 3531 3667 3831 3867 3918 4032 4171 4488 4712 5192 5259 5346
4036 271 622 809 1081 1131 1207 1238 1481 1628 1746 1862 1944 2225 2325 2406 2564 2704 2709 3053 3154 3359 3507 3585 3844 4049 4096 4139 4143 4375 4380 4387 5005 5515 5567 5573 5611 5669 5733 5840 5990
4037 520 542 707 722 804 835 917 1037 1083 1324 1529 1702 2020 2154 2237 2564 3200 3207 3321 3574 3629 3655 3694 3713 4001 4081 4654 4958 5146 5359 5384 5794
4038 586 602 961 984 1005 1091 1092 1314 1326 1644 1675 1720 1822 1828 1899 2204 2525 2604 2612 3404 3694 3719 3876 4141 4254 4423 4499 4507 4542 4749 4897 5097 5422 5580 5664 5685 5861
4039 193 229 566 809 1731 1822 2177 2220 2388 2482 2617 2762 2768 3528 3706 3725 3743 3877 4240 4346 4377 4453 4573 4987 5298 5420 5639 5737 5774
4040 286 454 525 941 1142 1472 1586 1702 1802 2032 2345 2409 2496 2663 3293 3414 3469 3514 3553 3810 4118 4206 4513 4545 4587 4754 4958 5167 5218 5470 5565 5612 5698 5743 5777 5821
4041 89 174 203 299 1440 1514 2657 2659 2894 2915 3162 3658 3763 3768 3814 4049 4237 4804 5224 5795
4042 247 756 862 921 1118 1201 1338 1575 1728 1803 1900 1997 2277 2457 2850 3168 3355 3454 3467 3475 3725 3911 3982 4090 4567 4671 4800 4897 4922 4999 5002 5339 5451 5599 5744
4043 534 598 610 960 1093 1312 2085 2337 2366 2512 2850 3375 3423 4423 4520 4562 4613 4625 4668 4709 4950 5193 5443 5668 5758 5808 5948
4044 38 42 852 1339 2211 2475 2941 3297 3400 3620 3986 4394 4399 4576 4821 4878 4927 5209 5541 5566
4045 524 842 2222 2417 2550 2795 2912 2982 3002 3057 3156 3330 3607 3771 3921 4126 4403 4737 5027 5051 5338 5503 5640 5850
4046 193 315 355 382 383 496 563 1029 1381 1489 1564 1687 1747 1859 2128 2382 2398 2434 2490 2521 2669 2978 3868 4436 4534 4592 4652 5551 5982
4047 665 982 1051 1362 1459 1891 2844 2847 2888 3155 4110 4142 4414 4429 4855 4970 5023 5487 5595 5831 5967
4048 46 50 81 209 452 503 749 1156 1368 1466 1479 1603 1946 1969 2145 2233 2247 2646 2760 2878 3059 3095 3104 3201 3411 3730 4422 4736 4882 4894 5243 5303 5355 5830 5904
4049 388 526 769 919 965 1175 1235 1275 1340 1398 1450 1699 1832 1976 2278 2379 2663 2923 3003 3416 3544 3885 3892 3969 4036 4041 4272 4370 4808 4915 4991 5454 5827
4050 479 587 611 612 745 748 1294 1703 2010 2569 2578 2728 2870 2967 3016 3521 3567 3664 3756 3899 4187 4252 4253 4308 4626 4686 5221 5409 5447 5457 5470 5509 5522 5673 5824 5946
4051 272 390 586 822 1346 1532 1659 1695 1983 2194 2312 2631 2936 3583 3867 3980 4322 4664 4968 5462 5564 5903
4052 120 181 282 363 461 541 788 873 964 985 1034 1402 1420 1442 1560 1641 1671 1699 1808 1831 1862 1970 2011 2015 2019 2020 2046 2155 2167 2372 2535 2577 2639 2658 2763 2901 3055 3094 3146 3533 3830 4756 4789 4928 5411 5783 5994
4053 243 544 920 1006 1870 1936 1989 2220 2381 2592 2722 2742 3063 3166 3596 4254 4372 4407 4425 4657 4946 5072 5097 5240 5299 5445 5589 5902
4054 48 195 214 339 442 626 658 714 768 906 1144 1824 2047 2301 2391 3107 3354 3384 3537 3671 3796 3967 4030 4090 4565 4579 4780 4861 5180 5565 5867
4055 6 92 610 686 714 770 1004 1309 1371 2235 2277 2355 2634 2726 2969 3353 4255 4285 5063 5150 5193 5580 5886 5956
4056 13 244 366 689 715 936 1086 1233 1320 1433 1487 1543 1556 1661 2422 2615 2767 2828 2882 3494 3633 3973 4183 4481 5130 5351 5416
4057 360 465 538 966 1460 1464 1470 1668 1797 1827 1890 1983 2102 2191 2321 2346 2394 2840 2976 3022 3152 3257 3798 4367 4845 5172 5579 5646
4058 245 272 320 338 353 438 623 700 955 976 1056 1194 1200 1451 1919 1976 2526 2587 2779 2782 2947 3120 3190 3793 4122 5204 5401 5587 5724 5729
4059 126 173 174 188 214 316 668 718 833 1033 1067 1424 2218 2250 2258 2309 2445 2556 2691 2693 2772 2802 2861 3043 3346 3596 3783 3933 4243 4280 4410 4428 4805 5445 5449 5547 5630 5925
4060 398 454 623 740 886 1697 1777 1852 1968 2040 3539 3573 3731 3746 3875 4666 4798 4919 5012 5021 5154 5402 5874
4061 323 597 654 682 806 815 1173 1366 1686 1892 1995 2104 2109 2198 2379 2382 2930 2968 3188 3468 3668 3877 4156 4298 4439 4729 5027 5036 5175 5245 5252 5253 5691
4062 17 110 178 223 252 258 417 1079 1273 1618 1855 2167 2586 3017 3070 3104 3144 3227 3239 3464 3898 3936 4168 4169 4290 4539 4625 4673 4693 4757 4863 4927 4994 5001 5221 5376 5585
4063 167 200 738 1092 1181 1409 1520 1540 2031 2043 2207 2218 2925 2962 3148 3307 3505 3743 3746 3870 3975 3993 4031 4117 4343 4392 4407 4961 5208 5575
4064 148 479 480 507 785 897 899 1732 1870 1880 2142 2174 2389 2636 2651 3251 3598 4131 4500 4659 4705 4863 5053 5308 5549 5681
4065 334 1034 1928 2078 2087 2128 2178 2230 2528 2650 3272 3280 3314 3545 3648 3750 3913 4204 4460 4954 5107 5464 5660 5940
4066 350 500 788 852 883 985 990 1234 1316 1364 1495 1572 2225 2349 2516 2561 2818 2824 2943 3057 3224 3499 3690 3691 3983 4650 5012 5127 5207 5601 5659
4067 165 492 608 1231 1240 1298 1334 1358 1393 1449 1520 1673 1721 2044 2225 2385 2825 3167 3328 3500 3599 3731 3756 3799 3843 4084 4158 4416 5501 5699 5720 5764 5957
4068 355 591 769 794 966 1066 1203 1916 2012 2027 2235 2246 2385 2719 3032 3291 3590 4090 4128 4136 4356 4433 5069 5304 5311 5438 5838 5908
4069 384 489 799 1307 1395 1616 1940 2015 2339 2371 2452 2648 2807 2968 3819 3911 4105 4571 4759 4799 4972 5081 5201 5225 5345 5350 5726 5746 5990
4070 357 473 675 680 760 1045 1162 1393 1657 1749 1797 1808 2179 2181 2480 2489 2987 3190 3255 3357 3418 3446 3598 3723 3822 3914 4628 4902 5082 5236 5712 5919 5963
4071 241 578 651 656 778 985 1576 1950 2282 2773 2844 3032 3222 3440 3531 3587 3605 3616 3749 3786 4092 4158 4411 4489 4569 4706 4753 4790 4797 4807 5261 5529 5756 5865
4072 5 85 326 775 1280 1355 1423 1620 1757 2141 2733 2990 3114 3115 3525 3921 3968 4110 4167 4518 4672 4761 5004 5464 5916
4073 7 144 153 236 534 570 779 1014 1345 2232 2929 3155 3295 3352 3394 3448 3587 3612 3836 5473 5894
4074 179 445 583 633 1004 1105 1233 1649 1869 2018 2135 2345 2505 2802 2868 3014 3082 3112 3189 3567 3715 3928 4006 4085 4375 4600 5008 5140 5424 5448 5651 5760 5791
4075 975 1261 1271 1426 1790 1933 2017 2105 2123 2204 2511 2603 2678 2789 3391 4534 5216 5315 5735 5798 5949
4076 295 537 830 924 926 1182 1271 1306 1428 2080 2187 2359 2548 2859 3025 3298 3873 4098 5072 5296
4077 248 456 561 867 1008 1080 1350 1744 1784 1848 1966 2225 2283 2296 2867 2963 3042 3159 3488 3653 3856 3917 3958 4312 4509 4691 5602 5678 5687 5729 5819 5904
4078 357 997 1257 1861 1909 2268 2405 2738 2761 2922 2956 2984 3152 3284 3413 3545 3671 3778 3827 3846 4360 4392 4405 4511 4967 4985 5136 5189 5297 5754
4079 31 391 555 617 988 1201 1288 1359 1470 1583 1657 1671 1909 2016 2141 2625 2636 2640 3653 3677 3685 3783 4245 4274 4471 4605 4954 4976 5185 5199 5445 5545 5967
4080 330 1643 1671 2050 2109 2208 2538 3238 3265 3443 3554 3875 4301 4354 4650 4836 4852 5040 5118 5437 5484 5627 5733
4081 39 183 514 798 1709 1798 1902 1940 2111 2252 2342 2380 2383 2472 2520 2591 2677 3454 3492 3792 3810 3817 4037 4165 4278 4375 4433 4434 4615 4736 4794 5026 5268 5440 5693 5766 5885
4082 154 156 273 307 731 737 908 1213 1274 1365 1367 1372 1652 2260 2335 2931 2953 3221 3280 3504 3565 3605 3926 3935 3988 4124 4494 4623 4872 5064 5338 5491 5513 5623 5671 5854
4083 387 482 581 1245 1379 1474 1536 1606 1862 1947 2183 2494 2530 2624 2811 3321 3548 3552 4595 4654 5040 5209 5355 5665 5761 5880
4084 35 356 417 734 1365 1383 1895 1962 2171 2209 2214 2274 2792 2994 3499 3608 4067 4164 4665 4784 4841 5231 5250 5276 5288 5390 5830
4085 118 167 175 977 1737 1761 2117 2210 2713 2784 2942 3228 3350 3381 3402 3622 3664 3982 4074 4130 4414 4456 4724 4870 5054 5333 5377 5679
4086 236 531 566 639 820 991 1015 1047 1190 1208 1404 1507 1556 1574 1668 1996 2343 2863 3044 3135 3141 3403 3498 3912 4400 4531 5476 5616 5834 5977
4087 146 578 627 1464 1563 1670 2145 2477 2498 2539 2602 3287 3874 4091 4126 4547 4762 4803 5126 5186 5300 5484 5612 5792 5970
4088 191 611 1024 1803 1841 1868 2304 2310 2740 2822 3011 3030 3053 3081 3481 3827 3934 3935 4298 4319 4351 4732 5049 5136 5148 5272 5539 5651 5681 5690 5927
4089 231 378 751 1062 1111 1464 1833 2056 2159 2690 2708 3090 3265 3617 3622 3877 3939 4121 4435 4514 4526 4736 4770 4953 4964 5171 5447
4090 106 369 503 573 929 982 1067 1208 1239 1662 1853 1930 2016 2047 2181 2540 2568 2879 2939 3005 3257 3306 3936 3975 4042 4054 4068 4115 4215 4340 4348 4424 4720 4900 5212 5254 5423 5547 5775 5886
4091 115 559 591 604 933 1067 1244 1420 1832 1860 1909 1930 1945 2532 2649 2950 3168 3336 3653 3977 4087 4201 4223 4385 4537 4737 4751 4773 5154 5288 5293 5499 5652 5701 5745
4092 55 95 198 748 1132 1201 1373 1546 1737 1811 1820 2092 2251 2349 2536 2779 2795 2867 2901 3011 3189 3368 3458 3821 4015 4071 4295 4339 4347 4712 4909 5241 5295 5438 5445 5454 5545 5675 5911
4093 82 340 366 449 552 591 1229 1360 1489 1636 1698 1849 1983 2176 2322 2365 2408 2419 2704 2791 2918 2977 2993 3029 3072 3173 3252 3351 3428 3775 4190 4429 4575 4609 4779 5037
4094 5 639 641 1260 1264 1449 1864 1969 2183 2409 2468 2524 2546 3234 3297 3301 3711 3831 3832 3986 4186 4206 4297 4525 4570 4700 4914 5087 5336 5466 5519 5620 5712 5737 5903 5933
4095 305 370 800 943 1341 1890 2008 2760 3071 3565 3640 3848 4387 4431 4856 4968 4978 5132 5176 5202 5204 5236 5337 5590 5631 5860
4096 353 401 542 1015 1122 1218 1278 1522 1588 2025 2238 2621 2824 2889 2919 2972 3059 3071 3150 3442 3801 4036 4120 4137 4411 4735 4926 5024 5141 5145 5535 5763 5929
4097 419 559 567 574 599 965 1209 1215 1234 1450 1631 2405 2451 2504 2517 2634 2664 2728 3379 3782 4244 4248 4408 4425 4795 5093 5568 5704 5892
4098 125 333 478 744 787 824 1134 1341 1428 1739 1777 1785 1900 1912 2216 2354 2583 2912 3004 3279 3392 4076 4224 4432 4496 4598 4799 4993 5092 5251 5280 5309 5733 5756
4099 25 46 85 149 418 526 619 668 754 932 1389 1615 1951 2098 2292 2636 3006 3025 3090 3165 3214 4135 4197 4340 4422 4591 4615 4718 4829 5236 5255 5861 5936
4100 3 151 170 273 650 855 961 1148 1163 1994 2201 2432 2457 2699 3169 3592 3648 3935 4899 5083 5130 5491 5527 5671 5695 5729 5755 5841
4101 143 173 279 285 400 581 681 750 921 990 1064 1396 1651 1985 2382 2719 2921 3114 3209 3248 3636 4015 4127 4445 4578 4675 5243 5359 5757 5774
4102 99 116 692 770 919 1162 1274 1732 1810 1831 2077 2338 2801 3093 3364 3476 3720 3751 4419 4432 4774 5130 5890 5990
4103 75 258 317 1148 1245 1313 2245 2426 2527 2542 2559 2644 2693 2748 2927 3051 3115 3118 3223 3306 3489 3621 3636 3652 3832 4773 4931 4977 5202 5375 5503 5551
4104 24 220 1079 1206 1410 1522 2840 3288 3354 3433 3492 3878 3923 4160 4936 4939 5037
4105 263 386 1248 2014 2065 2137 2228 2523 2579 2631 3418 3542 3633 3873 3973 4069 4244 4326 4478 4700 5711 5998
4106 3 297 448 554 597 752 1124 1187 1325 1368 1439 1706 2133 2409 2557 2679 3012 3111 3275 3403 3643 3803 3974 4122 4329 4931 5062 5136 5662 5996
4107 705 764 1000 1273 1292 1456 1464 1550 1695 1698 1832 2143 2298 2411 2474 2642 2711 2985 3167 3213 3355 3666 4348 4696 5800
4108 84 172 735 770 989 1054 1558 1870 2042 2187 2236 2516 2623 2723 3152 3347 3404 3774 4138 4584 4658 4795 4885 5059 5093 5459 5467 5792 5824 5962
4109 337 553 666 842 1273 1346 1395 1515 1644 2001 2022 2032 2098 2427 2932 3032 3127 3180 3592 3809 4189 4359 4429 4549 4895 5184 5241 5428 5556 5680 5859 5982
4110 145 218 263 576 1958 2106 2370 2415 2453 2554 2652 2851 2939 2976 3218 3579 3691 3712 3804 3871 3968 4047 4072 4200 4216 4251 4442 4888 5086 5133 5206 5662
4111 592 605 835 844 848 917 918 981 1008 1279 1311 1406 1563 1803 2434 2542 2701 2735 2809 2933 2957 3211 3605 3776 3975 4446 4762 4860 4962 5443 5544 5722 5936
4112 140 372 528 1178 1604 1976 2045 2329 2386 2451 2817 3009 3465 3470 3486 3586 3790 3961 4350 4487 4508 4762 5041 5544 5654 5655 5970
4113 542 600 1153 1635 1987 2174 2351 2452 2680 2833 3086 3154 3164 3248 3348 3542 3771 3824 3826 3833 4014 4159 4177 5041 5074 5794 5892
4114 326 621 728 733 806 1059 1234 1292 1341 1518 1609 1910 1938 1995 2140 2292 2401 2597 2945 3023 3147 3162 3384 3540 3576 3610 3835 3934 4011 4173 4541 5231 5234 5341 5614 5639 5648
4115 20 95 139 355 583 1032 1191 1228 2242 2598 2607 2756 3478 3653 3884 4090 4163 4322 4352 4376 4449 4766 4887 5221 5398 5504 5606 5673
4116 138 226 367 565 904 1130 1147 1222 1341 1342 1452 1580 1581 1588 1841 2089 2213 3366 3383 3478 3725 3773 3966 4571 4593 4605 4977 5071 5211 5374 5844
4117 451 594 929 1260 1476 1784 1905 1950 2205 2566 3659 3703 3945 4063 4168 4241 4345 4916 5207 5393 5448 5515 5745 5768 5988
4118 158 209 396 689 834 1020 1116 1337 1407 1807 1888 2164 3078 3311 3368 3476 3486 3596 3675 3768 3817 3865 4040 4173 4454 4469 5213 5565 5921
4119 28 59 272 891 898 976 989 1104 1373 1394 1547 2675 2689 2764 3198 3891 4265 4268 4416 4761 4931 4962 5239 5628 5650
4120 53 420 496 511 527 823 1330 1456 1546 1829 2273 2656 3128 3129 3210 3219 3934 4096 4380 4824 5002 5739 5860
4121 11 109 130 462 575 584 1079 1280 1333 1526 1535 1668 1688 1953 1994 2016 2157 2245 2407 2476 2539 2814 3047 3560 3611 3889 4089 4287 4398 4465 4505 4986 5811 5828 5851 5946
4122 171 309 590 618 1029 1039 1301 1454 1925 2324 2366 3138 3207 3584 3743 3754 3989 4058 4106 4809 4891 4892 5143 5889
4123 10 43 740 1388 1505 1516 1641 1741 2384 3094 3548 3569 4005 4129 4239 4240 4415 4462 4491 4603 4615 4678 4704 4764 4845 5011 5044 5063 5141 5602 5817 5951
4124 193 227 291 358 694 712 813 903 1069 1166 1442 1626 1944 1988 2013 2112 2418 2612 2652 2742 2899 3165 3359 3549 3561 3795 3838 3842 3975 3979 4082 4178 4430 4554 4820 5404 5454 5629 5718 5748 5901 5979
4125 37 831 851 868 1063 1165 1848 1849 2143 2342 2915 2984 3436 3437 3557 3596 3677 3679 3694 3857 4647 4654 4706 4774 4910 5603 5804 5998
4126 123 165 168 272 446 702 1020 1214 2123 2210 2357 3200 3658 3685 3749 3999 4045 4087 4368 4640 4742 4773 4982 5533
4127 252 407 536 696 971 1118 1275 1338 1342 1715 1794 1840 1915 2025 2174 2686 2712 3022 3092 3601 3828 4101 4255 4326 4372 4526 4617 4629 4732 4744 4746 5070 5151 5308 5324
4128 55 342 458 1242 1270 1785 1833 1858 2295 2324 2335 2831 2871 2886 2893 3175 3290 3408 3782 3798 3880 4068 4171 4434 4501 4539 4611 4653 4811 4876 5028 5168 5173 5174 5312 5412 5650
4129 66 334 401 781 816 864 1220 1266 1502 1568 1571 1603 1684 1935 2558 2562 2638 2910 3440 3471 3567 3575 3598 3620 3646 3766 4123 4207 4581 4660 4978 5588 5625 5922
4130 33 338 649 919 1183 1318 1601 1654 1714 1738 1959 2009 3031 3220 3411 3624 3770 3821 3975 3983 4085 4264 4368 4373 4634 5274 5463 5520 5540 5628 5742
4131 85 154 232 275 276 322 643 746 1006 1057 1436 1468 1946 2132 2145 2407 2516 2623 2963 3530 4064 5087 5109 5264 5381 5393 5525
4132 233 419 481 511 754 983 1220 1388 1763 1910 1961 1962 2055 2241 2256 2446 2551 2552 2797 2859 2866 3178 3308 3481 3582 3649 4279 4497 5517 5983
4133 39 218 359 475 970 1226 1618 2026 2270 2305 2407 2729 3575 4006 4244 4799 4852 4939 5239 5555 5743 5943
4134 68 280 410 850 994 1275 1353 1528 1540 1781 1847 2190 2204 2218 2621 2741 2745 3161 3198 3245 3396 3609 4026 4386 4458 4558 4816 5297 5341 5429 5485 5968
4135 354 464 511 575 621 634 648 757 762 816 922 1209 1230 1329 1562 1868 2283 2455 2560 3061 3091 3252 4009 4099 4155 4172 4205 4367 4574 4756 4979 5087 5245 5280 5404 5852
4136 367 371 463 501 753 1012 1049 1054 1158 1199 1408 1415 1506 1708 1713 1727 1823 1881 2148 2450 2510 2632 2722 3085 3291 3873 3999 4068 4374 4384 4437 4863 5069 5110 5235 5343 5519 5529 5549 5772
4137 354 495 496 798 859 876 1171 1248 1261 1447 1535 1548 1797 1855 1945 1977 2238 2347 2421 2437 2585 2659 2683 2727 2757 3020 3105 3433 3576 3757 4096 4158 4253 4264 4360 4762 4964 5246 5432 5766
4138 0 117 337 937 1024 1356 1415 1454 1504 1628 1691 2146 2150 2386 2828 2979 3073 4005 4108 4677 4683 4707 4967 5402 5979
4139 95 174 311 397 505 868 1061 1165 1242 1400 1566 1695 1725 1987 2053 2235 2454 2580 2693 3245 3356 3590 3729 3740 3987 4036 4168 4650 4768 4961 4993 5022 5024 5071 5143 5187 5795 5905
4140 177 258 275 324 336 642 905 1052 1444 1479 1487 1601 1781 1980 2114 2153 2364 2594 2755 2805 2980 3149 3535 3776 3894 4303 4394 4514 4609 4978 5044 5216 5267 5309 5342 5553 5707 5868
4141 434 837 1185 1570 1607 1694 1726 1947 2075 2134 2167 2332 2469 2585 2718 3340 3620 3657 4038 4224 4575 5002 5046 5737 5888 5940 5949
4142 0 102 502 581 657 688 763 981 1068 1182 1210 1621 1734 1950 2004 2366 2566 2715 3241 3278 3344 3444 3461 3699 4047 5019 5032 5792 5834 5840 5849 5937
4143 375 646 798 863 923 1135 1180 1261 1787 1810 2012 2197 2520 2544 2796 2813 2858 2934 3145 3181 3202 3424 3517 3651 3769 4036 4317 4405 4567 4637 4986 5298 5390 5739
4144 76 164 307 310 398 636 691 957 1198 1263 1387 1409 1603 1885 2140 2305 2312 2690 2720 3099 3168 3188 3293 3371 4016 4563 4655 4681 4976 5146 5222 5395 5423 5584 5672 5881 5997
4145 87 222 287 293 1025 1281 1492 1612 1786 2092 2185 2454 2641 3097 3258 3443 3645 4458 4502 4974 5471 5587 5690
4146 231 395 403 515 767 821 1121 1642 2029 2586 2612 2649 2765 2839 3269 3481 3647 3825 3835 4019 4287 4304 4668 4811 5177 5204 5236 5421 5427 5682 5701 5738
4147 108 432 825 889 922 1140 1225 2388 2764 2980 4261 4280 4380 4757 4763 4801 5224 5381 5659 5862 5888 5909 5974 5990
4148 59 126 561 679 917 1648 1681 1711 1733 1789 1974 2148 2237 2351 2587 2758 2813 2918 3282 3430 3515 4018 4495 4794 4996 5160 5281 5357
4149 76 285 526 716 1202 1411 1443 1904 2183 2960 3230 3354 3639 3681 3755 4183 4398 4578 4747 4787 4819 5158 5504 5707 5761 5808 5859 5995
4150 238 385 777 910 990 1002 1088 1297 1455 1554 1811 2300 2577 2616 2754 2758 3259 3575 3663 4011 4384 4721 5263 5560 5950
4151 11 121 271 1026 1363 1408 1467 2010 2132 2306 2535 2683 3231 3324 3331 3553 3759 3843 4374 4789 5218 5314 5329 5481 5923
4152 8 681 1530 1892 2252 2708 2835 2919 2969 3056 3066 3923 3994 4402 4455 4548 5022 5612
4153 200 347 520 579 805 956 1023 1138 1403 1622 1823 1858 2014 2049 2126 2307 2488 2509 3124 3200 3239 3260 3392 3636 3640 3669 3854 3913 3952 3963 4448 4456 4477 4818 4852 5067 5316 5784
4154 118 494 743 938 1255 1317 1428 1505 1673 1905 2111 2507 2687 2732 2857 3085 3205 3343 3628 3716 3726 3855 4335 4548 4635 4916 5189 5256 5266 5462 5515 5542 5547 5574 5576 5773 5842
4155 67 142 225 248 335 541 546 1336 1405 1769 1939 2173 2237 2554 2612 2896 3057 3717 3803 3885 3979 4135 4160 4206 4293 4587 4599 4696 4715 4721 4979 5041 5115 5182 5358 5643 5837 5865
4156 44 185 613 629 811 1246 1276 1335 1392 1431 2195 2342 3013 3032 3281 3554 3743 3823 3888 3904 3933 4061 4506 4520 5029 5612 5869
4157 302 465 868 1047 1702 2146 2494 3229 3449 3474 3899 3940 3981 3984 4216 4219 4247 4393 4461 4726 4856 5223 5351
4158 62 550 1182 1367 1398 1768 1820 1936 2082 2381 2585 2593 2868 3292 3296 3453 3758 3849 4067 4071 4137 4258 4723 4828 5155 5190 5253 5917 5926 5974
4159 491 933 961 999 1002 1112 1224 1483 1550 1857 2142 2222 2831 2913 2934 3183 3248 3396 3920 4113 4230 4315 4532 4749 4754 4791 4919 5142 5451 5905
4160 201 363 687 874 1093 1236 1334 1734 1920 2103 2162 2613 2646 3159 3472 3528 3787 4104 4155 4319 4430 4545 4820 4943 5922
4161 225 256 280 365 513 611 743 824 975 1076 1697 1962 2287 2442 2858 3808 4376 4426 4599 4879 4883 4981 5124 5314 5358 5402 5477 5669 5816 5978
4162 398 693 741 942 1175 1345 1467 1470 1775 1777 1905 1920 2204 2211 2318 2399 2466 2501 2693 3031 3312 3359 3422 3444 3887 4222 4446 4454 4963 5056 5072 5196 5341 5488 5674 5687
4163 179 216 246 365 673 762 839 885 1019 1252 1255 1302 1450 1938 1971 2397 2451 2470 2870 3540 3732 3756 4115 4261 4337 4370 4477 4790 4851 5088 5159 5293 5625
4164 340 504 739 756 979 1088 1252 1301 1453 2092 2113 2629 2838 2853 3308 3334 4084 4203 4213 4421 4886 4980 5113 5168 5330 5422 5629 5874 5895 5950 5996
4165 490 909 955 1316 1398 1411 1514 1720 1877 2016 2133 2398 2503 2937 3064 3264 3322 3438 3447 3651 3705 3915 4081 4384 4635 4783 5294 5492 5587
4166 8 225 251 307 528 622 727 1080 1134 1151 1390 2321 2605 2765 2961 3077 3444 3516 3528 3653 4022 4228 4286 4332 4655 4700 5182 5318 5434 5440 5502 5731 5900
4167 54 143 165 234 828 1080 1704 1842 1940 2250 3008 3009 3147 3155 3294 3529 3542 3618 3715 3863 3988 4072 4293 4333 4337 4710 4769 4974 4988 5073 5217 5254 5442 5625 5690 5740 5890
4168 15 194 329 677 970 1089 1514 1590 1980 2056 2294 2613 2654 2756 2790 2840 3104 3569 3698 3897 3914 4001 4062 4117 4139 4285 4303 4308 5442 5631 5682
4169 176 1047 1182 1346 1358 1722 1833 2077 2249 2353 2477 2653 2744 2776 2887 2912 2996 4062 4222 4290 4304 4320 4485 4499 4519 4586 5033 5057 5216 5447 5779
4170 37 135 790 897 948 1004 1649 1816 1996 2272 2348 2418 2637 2893 3137 3993 4217 4321 4390 4507 4521 4794 4838 4850 5098 5122 5211 5263 5586 5636
4171 342 742 766 794 984 1034 1197 1523 1801 1825 1860 2226 2423 2687 2916 4035 4128 4244 4690 4929 5115 5139 5254 5292 5323 5401 5442 5496
4172 144 228 326 409 869 901 910 983 1131 1201 1259 1386 1586 1792 1819 1860 2244 2345 2617 2663 3309 3677 4135 4669 4748 5416 5526 5540 5709 5818 5942
4173 7 60 224 578 639 983 1155 1300 1316 1450 1459 1733 1927 1974 2215 2550 2708 2722 2798 2913 3198 3296 3619 3645 3790 3823 3863 3974 4114 4118 4544 4628 4764 4807 4917 4978 5018 5342 5626 5855 5870
4174 84 515 686 972 1184 1396 1448 1489 1844 2242 2301 2333 2547 2590 2827 3217 3686 3929 4380 4911 4926 5252 5488 5490 5572 5615 5985
4175 94 216 607 780 916 1100 1223 1538 1718 1922 2313 2563 2735 2941 3067 3206 3266 3565 3842 4287 4368 4802 5024 5124 5346 5388
4176 629 716 802 968 1115 1336 1397 1435 1918 2344 2449 2480 2732 2811 2899 3098 3111 3285 3355 3376 3709 3891 4236 4360 4606 4733 4747 5307 5427 5747 5927
4177 111 210 388 659 667 831 856 953 978 1027 1039 1231 1354 1390 2358 2612 2679 2705 3593 3916 4113 4403 4658 4675 4839 5176 5252 5371 5383 5926
4178 258 296 1020 1224 1681 2523 2780 2813 3338 3380 3429 3444 3559 3928 4124 4391 4698 4712 4934 5042 5166 5463 5515 5924 5935 5948
4179 277 428 692 736 759 1006 1031 1167 1248 1340 1486 1496 1679 1836 2020 2103 2311 2544 2783 2816 2851 2951 2990 3028 3143 4361 4789 4994 5176 5270 5307 5572 5601
4180 27 558 730 1072 1106 1171 1366 1422 1674 1943 2129 2199 2292 2360 2804 2922 2925 3059 3314 3328 3414 3484 3497 3539 3649 3726 3881 3930 4406 4486 4844 5123 5498 5530 5582 5921 5952
4181 8 112 504 770 845 848 1467 1717 1758 2037 2336 2379 2514 2552 2598 2707 2747 2997 3167 3183 3559 3868 3929 4674 4777 4855 4938 4976 5002 5275 5426
4182 356 786 905 1106 1177 1242 1266 1298 1312 1709 1747 1761 1806 1829 2101 2152 2154 2194 2383 3000 3015 3075 3220 3411 3515 3564 3583 3604 4257 4621 4635 4752 4858 4991 5069 5086 5103 5288
4183 92 725 773 866 1184 1232 1237 1634 2124 2146 2505 3029 3211 3479 3549 4056 4149 4268 4291 4493 4824 4924 4967 4971 5235 5259 5638 5649 5796 5849
4184 108 160 409 646 774 863 1341 1369 1381 1878 1907 2001 2018 2044 2120 2170 2236 2442 3031 3129 3220 3372 4309 4380 4560 4613 4660 4894 4958 5230 5477 5491 5781 5784
4185 97 149 270 333 348 393 552 750 772 794 840 924 1166 1653 1701 1747 1794 2223 2337 2420 2490 2565 2808 2821 2838 3363 3388 3673 3824 3904 4290 4366 4406 4837 4937 5159 5259 5398 5485 5524 5581 5614 5626 5628 5637
4186 37 180 244 567 746 807 897 1125 1335 1910 2362 2926 2985 3237 3570 3582 3826 3853 4025 4094 4890 5380 5664 5756
4187 94 163 365 398 582 635 808 943 1114 1412 1417 1418 1814 2083 2089 2460 2476 2526 2916 3188 3404 3648 4050 4208 4284 4728 4860 5106 5331 5399 5628 5817
4188 81 316 433 830 871 905 934 1206 1368 1391 1415 1865 2810 3387 3460 3971 4440 4547 4554 4577 4620 4648 4813 4965 5283 5462 5621 5679 5709 5728
4189 21 215 278 491 643 687 1201 1217 1274 1360 1647 2104 2288 2396 2500 2517 2631 2717 2850 2988 3529 3734 4109 4558 4886 4966 5283 5672 5986
4190 248 515 697 780 1176 1344 1375 1424 1472 1718 1935 1979 2007 2181 2199 2301 2342 2348 2773 2917 2935 3067 3071 3424 4093 4326 4541 4599 4694 4882 4935 4936 5345 5386 5431 5570 5845
4191 38 78 212 428 519 639 795 1091 1093 1206 1266 1297 1321 1688 1913 1980 2070 2106 2238 2253 2593 2758 3043 3301 3402 3411 3558 3563 3629 3827 4300 4996 5590 5780
4192 37 186 645 720 722 1462 2741 2777 2835 2863 3182 3209 3298 3550 4505 4575 4847 4870 4878 4976 5021 5259 5357 5849 5868
4193 44 227 289 340 528 699 769 1203 1478 1705 1728 1947 1960 2442 2534 2750 2751 3042 3100 3333 3447 3459 3852 4550 5589 5812
4194 450 712 726 809 837 1161 1172 1328 1332 1465 1481 1614 1821 2293 2466 2533 2610 2851 2933 3007 3023 3159 3468 3681 3888 3893 4012 4198 4203 4454 4460 4709 4778 5121 5154 5319
4195 78 225 400 630 1170 1197 1205 1648 2024 2365 2601 2604 3052 3600 3655 3874 3925 4022 4362 4590 4672 4949 4969 5407 5429 5580 5594 5620
4196 85 132 308 1179 1353 1612 1622 2283 2480 2483 2495 2688 2790 2850 3167 3567 3619 3784 3801 4408 4838 4949 5328 5543 5621 5638 5767 5835
4197 232 254 345 657 1695 1749 1768 1830 1867 1883 2045 2190 2216 2328 2623 2755 3027 3083 3102 3674 3871 3924 4099 4528 4698 4712 4755 5138 5207 5467 5651
4198 103 313 453 548 648 723 1034 1145 1158 1171 1266 1412 1770 1773 1817 1861 2105 2446 2529 2826 2939 3070 3103 3746 3817 3820 3950 4194 4288 4458 4497 5400 5628 5848 5942
4199 173 204 571 573 950 1147 1765 2122 2788 2812 2943 2976 3172 3189 3951 4385 4389 4443 4492 4712 4827 4847 4955 5031 5170 5256 5266 5512 5884
4200 231 348 653 920 1163 1234 1265 1899 2180 2729 2776 2788 3105 3173 3226 3405 3438 3555 3672 3754 3921 3927 3933 4110 4329 4364 4577 4914 5080 5226 5616 5638 5882 5915 5966
4201 180 305 331 458 596 1288 1355 1569 1618 1634 1839 1895 2005 2111 2288 3075 3262 3297 3403 3534 3614 3650 3963 4018 4030 4091 4309 4609 4644 4855 5096 5117 5278 5531 5635 5641 5702 5847
4202 2 70 395 514 693 876 966 968 1025 1504 1661 1801 1826 2089 2246 2350 3535 3548 3555 3598 3888 3922 4278 4372 4469 4775 4913 4991 5762 5804 5808 5970
4203 56 117 249 358 442 705 804 839 1188 1306 1321 1624 1972 2033 2181 2184 2413 3759 3835 3989 4164 4194 4394 4522 4650 4792 4840 5256 5461 5473 5498 5583 5627 5680
4204 65 327 385 767 841 1052 1108 1134 1334 1502 1956 2091 2109 2114 2144 2595 2765 2879 3195 3689 3757 3793 4065 4400 4488 4944 5230 5542 5556
4205 24 260 381 563 778 867 889 895 929 931 955 1120 1790 1905 2073 2296 2426 2524 2904 3457 3617 3778 4135 4673 4788 5160 5456 5475 5476 5667 5668 5955 5977
4206 4 697 1217 1237 1257 1447 1784 2423 2515 2550 2577 2643 3193 4040 4094 4155 4233 4320 4477 4513 4546 4593 4910 5267 5456
4207 175 211 282 574 587 702 1229 1430 1589 1640 1823 1994 2164 2517 2658 2686 2775 2828 2922 2988 3326 3894 3954 4007 4129 4237 4840 5418 5943
4208 11 51 63 224 536 736 757 1101 1136 1183 1291 1309 1515 1580 1768 1795 1859 1907 2520 2554 3332 3336 3424 3489 3605 3620 3691 3743 3772 3882 3957 3986 4187 5041 5882 5898 5990
4209 105 132 422 1231 1474 1571 1911 1985 2108 2171 2461 2550 2631 2769 2798 2824 2925 3053 3157 3265 3491 3542 3962 4226 4238 4513 4832 4914 5144 5201 5374 5402 5461 5668 5932 5952
4210 29 68 195 367 518 1013 1217 1280 1808 2004 2104 2385 3048 3288 3310 3455 3788 4317 4329 4350 4440 4521 4648 4677 4735 4885 5301 5487 5747 5862 5937
4211 548 565 656 768 792 1129 1580 1887 1893 2503 2741 3052 3169 3218 3356 3427 3475 3683 3762 3840 3998 4608 4645 4707 4994 5176 5213 5288 5348 5398 5430 5521 5635 5637 5959
4212 267 311 324 1671 1735 2789 2892 3073 3121 3474 3518 3771 3789 3954 4242 4254 4449 4875 4912 5052 5113 5140 5258 5454 5492 5565 5632 5836
4213 287 478 522 677 916 1261 1401 1445 1630 1981 2236 2343 2597 2985 3048 3177 3196 3203 3282 3322 3456 4026 4164 4293 4420 4866 4951 5534 5762 5774 5826 5878
4214 331 504 810 998 1066 1292 1504 1820 2272 2316 2458 2699 2858 2941 3375 3743 4018 4275 4464 4478 4663 5131 5247 5396 5848
4215 182 235 780 1009 1388 1742 2049 2121 2239 2278 2382 2696 2803 2811 2900 2955 3318 3326 3798 3874 3978 3993 4090 4322 4429 4612 4688 5073 5491 5679
4216 277 278 451 884 894 979 1202 1290 1429 1665 2162 2300 2496 2730 2898 2954 3073 3131 3604 4110 4157 4357 4731 5628 5729 5805
4217 1 150 344 425 455 509 705 1008 1105 1127 1190 1273 1503 1526 1586 2322 2580 2587 2605 3110 3334 3426 3672 4011 4170 4236 4861 4862 5256 5359 5452
4218 414 789 1122 1310 1433 1483 1523 2108 2203 2267 2363 2512 2780 2889 2904 2909 2972 3089 3154 3621 3651 3700 3943 4259 4300 4502 4623 5151 5192 5210 5258 5727
4219 432 603 628 762 992 1233 1483 1612 1887 1914 1960 2107 2795 2823 3201 3505 3892 3924 3957 4157 4294 4430 4746 5197 5198 5452 5470 5502 5973
4220 200 458 572 616 1141 1304 1392 2150 2202 2850 2928 3187 3325 3367 3686 4014 4333 4797 4836 5094 5153 5340 5601 5669 5678 5987
4221 596 707 801 1395 1586 1677 1784 2256 2548 2593 3238 3708 3975 4308 4689 4803 5087 5313 5403 5632 5678 5820 5828 5856
4222 23 290 342 483 697 1278 1337 1374 1633 1715 1870 2337 2752 2882 3051 3146 3309 3653 3657 3661 3718 3740 3789 4162 4169 4925 5393 5425
4223 89 167 240 287 409 1301 1362 1397 1799 2035 3022 3050 3262 3407 3480 3800 4091 4628 5024 5331 5399 5404 5453 5808 5877
4224 332 423 608 826 1170 1373 1399 1526 1633 1806 1999 2607 2612 2613 2663 2733 2735 2914 2925 2995 4098 4141 4426 4480 4502 4537 4854 5119 5127 5187 5191 5193 5316 5369 5486 5601 5710 5895 5967
4225 47 80 515 570 573 575 636 695 774 885 1044 1859 2226 2573 2600 2671 2703 2758 3008 3030 3139 3249 3919 4009 4261 4817 4821 4918 4926 4968 5448 5495 5661
4226 123 143 160 213 254 300 382 464 550 858 1039 1191 1349 1375 1545 1819 1958 2015 2125 2138 2792 2959 3321 3364 3532 3686 4209 4389 4533 4671 5136 5143 5198
4227 66 159 175 541 586 801 970 1150 1396 1949 1984 2205 2722 2936 3500 3514 3635 5169 5222 5333 5425 5436 5516 5533 5660 5679
4228 18 33 265 451 692 1008 1041 1075 1836 1922 2123 2194 2440 2577 3064 3106 3168 3217 3574 3608 3802 3855 3994 4166 4522 4584 4838 4973 5037 5069 5247
4229 188 597 653 1503 1750 1794 2050 2116 2392 2799 3149 3160 3454 3521 3563 3937 3962 4353 4762 5076 5590 5725 5778 5779 5875
4230 385 471 506 730 925 989 1215 1291 1385 1453 1620 1815 1951 2067 2210 2308 2315 2382 2670 2686 2830 2952 3034 3243 3495 3516 3611 3690 3818 3869 3976 4159 4247 4484 4829 4918 5090 5112 5148 5445 5451 5468 5613 5634 5642 5708 5942 5990
4231 14 436 619 729 853 1052 1236 1515 1712 1737 1757 1852 1942 2186 2310 2621 2789 2895 3115 3393 3437 3445 3537 3568 3705 3740 3916 4476 4551 4553 4621 4909 5054 5322 5355 5414 5454
4232 210 316 638 754 846 1220 1452 1492 1622 1905 1917 2530 3381 3421 3467 3507 4389 4412 4600 4760 5051 5978 5989
4233 264 910 988 1391 1694 2327 2896 3129 3453 4206 4237 4524 4759 5046 5113 5125 5157 5499 5565 5640 5845 5869 5875 5949
4234 551 646 658 750 779 784 1181 1440 1525 1776 1902 2072 2269 3687 3984 4004 4005 4262 4504 4683 4901 4923 5201 5311 5868
4235 223 681 828 845 903 993 1354 1644 1679 2212 2380 2545 2840 2960 3206 3553 3641 3688 3828 4623 4660 4763 4782 4991 5134 5532
4236 113 328 334 400 647 725 973 1187 1553 1812 1823 2406 2665 2748 2898 2993 3251 3449 3492 3604 3802 3807 4176 4217 4382 4520 4698 4745 4827 4875 5209 5210 5358 5429 5640 5793 5835
4237 519 1148 1236 1304 1334 1338 1339 1389 1534 1768 1838 2191 2261 2264 2295 2409 2425 2706 2778 2976 3039 3082 3133 3138 3676 4041 4207 4233 4241 4359 4975 5159 5602 5769 5771 5831 5934 5942
4238 414 562 1992 2071 2128 2173 2640 3100 3266 3377 3379 3586 3769 3920 4209 4598 4888 5114 5250 5575 5609
4239 79 244 689 892 911 1154 1269 1601 1786 1870 1912 2292 2402 2837 2903 2970 3521 4123 4273 4440 4619 4723 5362 5388 5593 5599 5762 5819
4240 137 670 830 1186 2062 2090 2229 2263 2367 2392 2457 2472 2500 3158 3163 3247 3305 3350 3356 3387 3637 3650 3785 4039 4123 4314 4449 4839 4945 5064 5075 5677
4241 327 408 472 587 1129 1370 1828 2358 2812 3040 3082 3261 3552 3676 3708 3886 4117 4237 4319 4854
4242 15 244 251 779 784 1031 1490 1713 1789 1963 2589 3040 3074 3392 3451 3465 3718 4212 4551 4933 5086 5273 5276 5517 5774 5807 5853 5855
4243 43 111 428 902 1014 1257 1349 1472 1579 1646 1719 1807 1845 2016 2060 2121 2211 2647 2831 3187 3386 3403 3614 3716 4059 4258 4539 4549 4695 4918 5525
4244 597 751 932 950 1273 1323 1408 1420 1422 1584 1723 1792 1801 1974 2061 2218 2323 2750 2798 2988 3161 3581 3638 3848 4097 4105 4133 4171 4730 4848 5313 5467 5508 5938 5983
4245 101 787 1080 1261 1522 1734 1822 2182 2217 2901 2987 3085 3086 3393 3486 3720 3936 4079 4600 4643 4810 4941 5118 5734 5932 5973
4246 38 209 210 761 1033 1438 1532 1546 1695 2743 2918 2984 3248 3660 3822 3973 4392 4432 4723 4789 5218 5266 5475 5614 5629 5678 5765 5776
4247 108 286 529 928 1056 1061 1071 1171 1990 2047 2467 2478 3027 3099 3106 3160 3356 3440 3446 3693 3723 3816 4157 4230 4688 4790 4941 5229 5390 5560
4248 259 450 475 878 895 1121 1265 1530 1556 1585 1833 2040 2045 2230 3084 3260 3438 3439 3450 3463 3668 4008 4097 4404 4440 4521 4574 4960 5044 5047 5569 5742
4249 285 546 1251 1661 1702 1832 2141 2956 3186 3990 4285 4353 5005 5364 5417 5455 5557 5935
4250 168 183 320 350 496 665 1236 1456 1733 1939 2169 2310 2412 2451 2494 2736 3096 3210 3242 3372 3433 3586 3730 3818 3870 3935 4254 4299 4802 5072 5403 5837
4251 32 81 95 125 308 338 629 716 854 896 945 946 1351 1427 1567 1794 2464 2536 2664 3174 3268 3317 3723 3841 3941 3997 4110 4314 4323 4556 4659 4752 4765 4803 4864 5069 5332 5440 5504
4252 168 486 652 707 864 1498 1701 2179 2471 2959 2991 3036 3591 3782 3873 4050 4481 4634 4682 4897 5198 5213 5236 5726 5949
4253 146 524 1136 1146 1527 1620 1835 2084 2094 2425 2998 3042 3183 3255 3319 3573 3617 3634 3708 3779 4050 4137 4586 4705 4734 4740 5079 5779
4254 32 111 131 369 426 434 493 607 948 985 1067 1459 1535 1978 2038 2194 2297 2633 2677 2812 2910 2971 3404 3434 3669 3940 4038 4053 4212 4250 4726 4794 5065 5131 5302 5355 5468 5504 5607 5832 5913
4255 91 180 402 426 556 844 847 1084 1128 1342 1378 1394 1480 1509 2196 2444 2619 2687 2812 3098 3439 3550 3671 3791 3947 4006 4055 4127 5069 5285 5620 5647 5749
4256 125 220 456 522 758 891 1216 1327 1551 1682 1783 1940 2016 2162 2286 2524 2680 3327 3733 3764 4329 4532 4538 4636 4693 4773 5124 5289 5325 5572 5691 5805 5831 5896
4257 38 45 286 304 426 699 818 949 1046 1485 1842 1896 1988 2043 2097 2117 2298 2586 2864 3073 3230 3264 3688 3734 4000 4182 4368 4386 4443 4488 5007 5436 5523 5610 5825 5885 5970
4258 88 227 682 731 858 860 904 1039 1353 1632 1897 2122 2288 2291 2296 2522 2717 2780 2929 3453 3593 3655 4023 4158 4243 5116 5252 5424 5742 5781 5889 5967
4259 16 30 223 682 819 1342 1380 1542 1586 1654 2160 2163 2318 2987 3098 3586 3903 3964 4218 4686 4839 5104 5373 5480 5574 5626 5882 5963
4260 105 383 463 476 647 1069 1104 1106 1672 1940 2032 2060 2365 2487 2627 2736 2741 3044 3568 3692 3710 4029 4414 4439 4654 4781 4835 4845 4906 5263 5404 5495 5783 5851 5896
4261 278 409 1070 1189 1250 1476 1520 1576 1871 2039 2292 2569 2597 2718 2902 3171 3260 3348 3690 4147 4163 4225 4408 4570 4617 4633 4640 4743 5449 5574 5914 5980
4262 367 590 791 883 943 1423 1704 1776 1808 2103 2371 2407 2461 2646 2867 3625 3832 4234 4400 4419 4561 4743 4855 4872 5214 5931
4263 44 97 553 578 1215 1416 1431 1740 1847 2144 2364 3468 3624 3687 4009 4021 5072 5260 5306 5307 5478 5647 5996
4264 88 383 389 902 1322 1408 1521 1885 2078 2202 2607 2735 2904 3073 3074 3101 3219 3286 3389 3533 3664 4014 4130 4137 4414 4702 5309 5334 5421 5507 5793 5797 5812 5912
4265 71 883 993 1034 1426 2456 2557 2591 2732 3747 3891 4119 5510 5576 5915
4266 29 730 768 1039 1148 1342 1498 1678 1873 2141 2147 2183 2189 2310 2442 2833 3255 3317 3474 3774 3823 4359 4530 4534 4645 5398 5405 5683
4267 113 157 413 456 501 687 911 914 1454 1688 2307 2394 2418 2421 2783 3091 3331 3353 3632 3906 4346 4455 4533 5171 5427 5539 5718 5764 5769
4268 85 142 252 398 455 604 790 888 1013 1319 1331 1413 1425 1467 1856 1911 2143 2683 2875 3035 3098 3141 3170 3221 3283 3355 4119 4183 4370 4558 4688 4875 4968 5185 5312 5414 5555 5829 5903
4269 67 1009 1304 1397 1548 1650 1651 1792 2374 2612 2726 2738 3481 3502 3694 3796 3851 4832 4993 5132 5462 5507 5633 5930
4270 17 64 183 204 274 696 1329 1366 1380 1657 1781 2165 2229 2687 3005 3308 3517 3626 3644 3904 3957 4025 4432 4529 4703 4807 5288 5506 5645
4271 10 598 679 870 1123 1125 1169 1279 1380 2021 2182 2501 2868 2949 3108 3595 3999 4563 4567 4592 4782 5048 5787 5912
4272 481 527 620 1836 2682 2683 2786 2908 3263 3277 3463 3502 3642 3903 4049 4476 4527 4870 4967 4975 4981 4997 5300 5637 5745 5790 5915
4273 80 720 1812 2176 2343 2419 3291 3546 3553 3749 4239 4463 5064 5453
4274 494 535 713 803 827 1124 1162 1409 1815 2242 2308 2354 2431 2931 2937 3277 3309 3699 3738 4001 4079 4481 4721 5299 5312 5487 5627 5663 5830 5880
4275 171 250 270 288 663 820 1000 1132 1425 1449 2038 2413 2418 2468 2556 2643 2946 3155 3697 3847 3911 3986 4214 4475 4597 4618 4856 4925 5028 5199 5313 5823 5919
4276 55 162 217 338 773 798 962 1097 1250 1348 1744 1938 2209 2272 2310 2424 2600 2609 2908 3027 3181 3255 3615 3746 3824 4377 4788 4800 4919 4942 5087 5429 5473 5663 5769 5818 5913
4277 346 522 675 681 837 895 1131 1535 1588 1713 1844 2354 2440 2522 2968 3086 3104 3465 3726 3798 3865 4662 4710 4834 5065 5395 5591 5883
4278 193 287 370 579 638 805 1041 1296 1885 2226 2635 2954 3067 3107 3755 3771 3943 3952 3983 4081 4202 4357 4949 4993 5076 5453 5680 5936 5963
4279 15 185 722 787 795 844 1019 1413 1439 1724 1988 2024 2215 2357 2520 2680 2735 3147 3440 3525 3535 3770 4132 4368 4419 4638 5051 5163 5366 5801 5947
4280 182 260 350 452 806 922 1107 1233 1355 1409 1614 1768 1810 1815 1825 1995 2313 3151 3268 3319 3568 3644 3938 4059 4147 4366 4621 4645 4733 4863 4941 5032 5065 5155 5169 5527 5564 5692
4281 26 308 311 426 695 735 1167 1262 1272 1799 1807 2013 2233 2381 2427 2642 2658 2681 2822 2957 3152 3201 3369 3439 4029 5103 5188 5394 5557 5716 5776 5816 5972
4282 118 135 445 480 519 545 842 1015 1141 1155 1767 1908 2004 2489 2663 2737 2865 3128 3154 3341 3453 3911 4317 4528 4718 4878 5290 5472 5562
4283 206 238 277 296 469 1036 1119 1380 1402 1576 1700 1710 1923 1978 2052 2186 2260 2266 2365 2470 2483 2933 3784 3841 3849 3852 4024 4028 5596 5647 5649 5671
4284 327 587 597 690 979 1037 1095 1304 1430 1530 1612 1757 2096 2120 2140 2215 2395 2464 3193 3610 3736 3748 3769 4187 4381 4682 4703 4721 4722 4828 4948 5531 5688 5858 5946 5970
4285 43 255 322 666 714 1129 1575 2408 2882 2911 3351 3439 3565 3627 3637 3956 4016 4055 4168 4249 4374 4743 4918 4966 5150 5270 5759 5849
4286 25 128 383 680 775 996 1177 1196 1446 1545 1697 1721 1767 2673 2781 2825 2847 4166 4439 4520 5482 5505 5550 5561 5635 5784 5879
4287 250 410 412 983 1054 1116 1615 1715 1808 2610 3048 3342 3899 4121 4146 4175 4421 4447 4717 5389 5490 5766
4288 43 226 326 563 671 713 722 737 837 921 1381 1419 2462 3144 3211 3229 3722 4198 4304 4380 4416 4551 4792 5109 5376
4289 3 234 298 331 339 681 697 1314 1855 1955 2097 2291 2350 2426 2621 2693 2766 3111 3197 3315 3445 3498 3641 3837 3896 4577 4964 5336 5504 5794
4290 4 88 720 1035 1468 1794 1892 2346 2453 2876 3139 3301 3531 3539 3578 3601 3603 3615 3644 3729 3892 4017 4062 4169 4185 4493 4504 4509 4670 5034 5147 5438
4291 36 65 198 928 937 1336 1414 1431 1512 1715 1917 1977 2076 2090 2303 2426 2464 2529 2713 2829 3405 3464 3729 3840 4183 4327 4408 5239 5384 5502 5580 5716 5907
4292 121 531 708 734 1198 1659 1894 2051 2161 2194 2778 3195 3339 3356 3374 3399 3560 3973 4681 5329 5444 5678 5968
4293 111 151 250 288 749 905 1310 1652 2592 2900 2957 3538 3727 3730 3810 3951 3965 4155 4167 4213 4299 4380 4424 4811 4913 5267 5370 5605 5849 5916 5987
4294 75 141 706 1151 1241 1926 2284 2347 2409 2523 2717 2832 3190 3600 3748 3767 3938 3966 4219 4371 4500 4926 5043 5070 5215 5423 5511 5936 5955
4295 106 801 802 1806 2088 2139 2463 2625 2987 3001 3080 3292 3648 3890 3951 4092 4299 5386 5449 5986
4296 105 514 691 703 893 1036 1123 1258 1278 1305 1354 1496 1643 1647 1718 1777 2173 2250 2579 2595 3167 3515 3848 4411 4682 4788 4832 4985 5241 5368 5539 5643 5748 5960
4297 136 170 488 866 1076 1410 1505 1626 1630 1757 1990 2007 2159 2218 2253 2404 2480 2983 3050 3801 4094 4316 4917 4936 5169 5177 5322 5345 5522 5542 5999
4298 174 265 298 790 1137 1729 1773 1803 1854 1958 2006 2296 2872 2921 2928 3305 3392 3410 3453 3605 3684 3906 4061 4088 4410 4999 5258 5275 5366 5496 5649 5716 5931
4299 144 742 854 941 1094 1128 1282 1341 1545 1621 2085 2093 2438 2689 2883 3366 3465 3666 3847 4250 4293 4295 4505 4702 4780 4818 4932 5399 5499
4300 73 75 124 398 468 634 917 1624 1935 2226 2592 2671 2746 2833 2841 3240 3514 3709 3720 3732 4191 4218 4564 4644 4812 4947 5549 5652 5718 5741
4301 312 327 346 490 672 703 801 1026 1331 1361 1442 1917 1983 1985 2312 2409 2452 3087 3261 3266 3465 3477 3500 3512 3667 3701 3733 3797 4080 4460 4471 4579 4807 4864 5193
4302 298 310 419 919 1210 1291 1412 1822 1884 1958 2833 2844 2893 2899 2911 3172 3298 3314 3406 3545 3595 3998 4306 4355 4600 4687 4801 5064 5077 5168 5253 5318 5428 5582 5602 5760 5982
4303 328 800 1181 1424 1476 1497 1546 2221 2278 2572 2673 2913 3115 3145 3183 3285 3421 3633 3807 4140 4168 4600 4799 4906 5194
4304 10 399 438 463 492 704 1218 1779 1927 1975 2034 2079 2202 2607 2954 3007 3251 3357 3466 3562 3579 3941 4027 4029 4146 4169 4288 4518 4777 5143 5508 5533 5622 5878
4305 262 439 619 828 939 1019 1340 1560 1696 2033 2130 2160 2221 2298 2455 2456 2682 2878 3154 3342 3836 3996 4379 4586 4748 4836 4886 5021 5291 5334 5963
4306 3 454 699 905 1100 1239 1277 1422 1670 3045 3063 3077 3325 3399 3590 3690 3819 3958 4015 4302 4328 4370 5007 5497 5540 5546 5563 5636 5948
4307 119 337 592 789 902 1041 1384 1488 1516 1822 2444 2840 2986 3638 3650 3681 3799 3812 4341 5166 5313 5800
4308 408 1280 2069 2134 2325 2328 2670 2814 2866 3024 3806 3811 3927 4050 4168 4221 4464 5019 5057 5281 5793 5980
4309 28 176 232 313 323 334 458 587 737 885 1041 1084 1138 1232 1433 1619 1757 1784 2148 2287 2535 2536 2552 2754 2862 3078 3124 3316 3675 3795 3954 4184 4201 4903 4913 4956 5147 5436 5455 5565
4310 17 705 1017 1119 1790 1803 1829 1937 2210 2235 2510 2636 3082 3204 3248 3359 3506 3526 3729 3859 3985 3987 4359 4565 4572 4856 4926 4952 5006 5204 5462 5640 5747 5857
4311 623 715 1275 1518 1730 1884 2221 2270 2273 2417 2500 2698 2895 2905 2998 3087 3347 3378 3840 3881 4621 4638 4732 4898 5035 5243 5566
4312 354 554 590 758 1197 1339 1362 1413 1470 1516 1674 1722 1751 1801 1868 2015 2293 2635 2696 3026 3029 3468 3538 3845 4077 4651 4750 4857 4887 5153 5245 5486 5537 5644 5787 5828 5972
4313 498 738 798 948 959 1211 1489 2348 2352 2412 2819 3426 3434 3529 3620 3957 3979 4391 4460 4575 4674 5097 5123 5335 5386 5804 5924 5946 5975
4314 157 211 631 639 801 1062 1085 1153 1171 1192 1654 2356 2733 2817 2842 2931 3164 3444 3530 3707 3860 4003 4240 4251 4869 4876 4895 4906 5778 5927
4315 62 84 180 417 517 842 890 1028 1578 2230 2353 2703 2742 2822 2929 3173 3432 3485 3613 3614 4159 4470 4600 4774 5037 5245 5364 5672 5749
4316 45 59 499 912 983 996 1067 1233 1312 1733 1760 1846 2415 2419 2574 2969 3029 3361 4297 4384 4962 4986 5616 5835 5901 5999
4317 932 1125 1380 1514 1629 2140 2409 2935 3101 3652 3780 3847 4143 4210 4282 4362 4933 5181 5315 5560 5590 5844
4318 224 1007 1250 1293 1446 1631 1881 2279 2470 2703 2780 2782 2809 3118 3471 3755 3777 3836 4350 4553 4663 5010 5182 5218 5340 5372 5915
4319 13 628 664 796 935 1018 1034 1139 1146 1150 1222 1266 1474 1522 2120 2385 2517 2939 2954 3076 3371 3613 3636 4088 4160 4241 4516 5137 5839 5952
4320 308 823 1161 1242 1262 1334 1565 1688 1832 2136 2375 2378 2394 2482 2501 2717 2730 2819 2824 2838 3059 3329 3847 4169 4206 4330 4518 4659 4782 5030 5068 5070 5245 5390 5643 5690 5748
4321 236 290 438 481 495 661 911 1143 1577 1699 1864 2327 2391 2408 2708 3261 3544 3564 3813 3990 4170 4731 4744 4753 5102 5713 5762 5788
4322 304 509 559 883 980 1129 1142 1449 1571 1725 1880 2386 2398 2425 2618 2730 3227 3394 3525 3879 3969 3976 4051 4115 4215 4349 4833 5187 5515
4323 131 261 302 481 598 856 907 966 1785 1800 1826 1905 2236 2392 2394 2488 2496 2683 3069 3264 3340 3396 3459 4009 4251 4736 4969 5569 5590 5632 5637 5722 5996
4324 61 531 1042 1085 1142 1218 1285 1414 1500 1675 1728 1776 1813 1970 2065 2346 2542 3145 3455 3492 3978 5868
4325 333 525 546 707 734 843 945 1118 1164 1185 1223 1306 1423 2412 2549 2685 2920 2964 3021 3086 3274 3296 3746 3869 3876 3968 3993 4385 4485 5557 5693 5793
4326 164 237 423 463 524 537 698 809 831 1155 1755 1957 2265 2815 3166 3289 3734 4105 4127 4190 4331 4334 4347 4395 4482 4807 5308 5466 5601 5681 5741 5765 5894
4327 316 343 690 1070 1637 1758 2296 2578 2781 2913 3077 3104 3125 3360 3472 3569 3614 3847 3911 4007 4291 4378 4420 4624 4731 5001 5068 5204 5432 5722 5772 5983 5997
4328 15 514 602 669 859 863 1120 1180 1304 1715 1736 1896 1949 2509 2920 3111 3238 3602 3783 4306 4393 4446 4486 4694 4880 5275 5464 5723 5932
4329 136 270 460 673 734 822 860 865 959 1017 1024 1584 1608 2102 2150 2166 2571 2629 2770 2787 2887 2968 3184 3385 3628 4106 4200 4210 4256 4661 4987 5104 5325 5796 5899 5909 5984
4330 246 298 375 707 1619 1758 2055 2121 2192 2383 2636 2649 2823 2874 2983 3083 3534 3813 3983 4320 4393 4487 4541 4645 4739 4756 4758 4825 5648 5972
4331 246 605 807 1418 1549 1841 2063 3091 3319 3410 3417 3483 4326 4410 4464 4571 5153 5419 5821 5926
4332 5 26 151 184 228 294 397 470 515 2165 2400 2420 2492 2530 2593 2706 2721 2739 3078 3208 3965 4166 4378 4556 4678 5107 5343 5400 5415 5605 5731 5808 5863 5995
4333 202 279 361 363 505 692 766 958 1231 1295 2076 2148 2192 2611 3036 3062 3151 3407 3515 3576 3637 3862 4167 4220 4802 4806 4809 4811 5225 5255 5264 5413 5472 5554 5717 5825 5830
4334 388 428 474 476 604 712 830 963 965 974 1113 1232 1373 1900 2028 2371 2841 3216 3392 3525 3993 4023 4326 4602 5057 5206 5467 5531 5541 5570 5895
4335 259 413 539 542 549 936 994 1008 1251 1393 2025 2372 2819 2869 2938 2961 2995 3282 4154 4441 4817 5163 5196 5209 5284 5509 5666
4336 141 255 430 571 798 839 1257 1287 1649 2155 2775 2820 2900 3195 3230 3325 3676 3847 4018 4030 4488 4670 4722 4737 5001 5277 5557 5616 5833 5834 5864
4337 395 524 585 811 934 1170 1283 2322 2333 2369 2444 2774 2800 2984 3191 3371 3537 3620 3630 3726 3737 3755 4015 4163 4167 4460 4528 4625 4754 4799 4853 4898 4934 5429 5460 5463 5586 5682 5743 5848
4338 132 221 266 987 1068 1533 1614 2163 2180 2205 2398 2434 2587 2604 2742 3156 3561 3661 4025 4558 4807 5133 5243 5438 5454 5495 5656 5660 5728 5888 5897
4339 62 190 325 572 706 802 1102 1103 1542 1645 1725 1830 2131 2291 2444 2488 2781 2811 3013 3293 3536 3583 3608 3773 4092 4535 4537 4916 5139 5150 5264 5398 5878 5907 5943
4340 1779 1912 1942 2008 2127 2231 2374 2687 2812 2905 2987 3002 3104 3449 3657 3807 3809 3982 4090 4099 4681 4857 5325 5366 5480 5503 5589 5659
4341 23 145 435 1033 1152 1160 1632 1703 1756 1833 1858 1952 2018 2374 3121 3123 3684 3922 4029 4034 4307 4458 4773 4782 4842 4998 5082 5176 5375 5951
4342 229 263 818 864 950 960 981 1434 1578 1723 1814 1836 2132 2210 2423 2493 2568 2574 2811 3317 3337 3416 3570 3739 4394 5153 5213 5386 5392 5500 5611 5834 5899
4343 397 918 1369 1969 2596 2608 2773 3077 3098 3605 3768 3931 3966 4063 4555 4746 5012 5029 5283
4344 80 262 296 478 488 545 667 890 1084 1279 1711 1893 1971 2040 2638 2669 2819 3223 3456 4432 4546 4575 4906 5249 5338 5491 5725 5786 5893 5963
4345 1192 1219 1269 1636 1709 1749 1824 2363 2402 2609 2675 2899 3021 3059 3572 3669 3754 3757 4117 4377 4454 4534 5302 5360 5453 5848
4346 8 237 284 673 1002 1053 1281 1297 1306 1480 1536 1657 2331 2775 2859 3062 3136 3166 3331 3364 3454 3518 3977 4039 4267 4353 4712 4813 5095 5135 5348 5366 5384 5619 5794
4347 134 548 551 695 805 1027 1469 1530 1752 2224 2287 2491 2897 2955 3152 3481 3588 3872 4018 4092 4326 4872 4979 4984 5216 5475 5529
4348 771 949 1181 1661 1822 1826 1943 2539 2545 2716 3221 3262 3717 4011 4090 4107 4882 4934 5084 5496 5530 5534 5619 5770
4349 20 69 179 500 635 746 848 898 966 987 1127 1365 1536 1885 2096 2540 2658 3087 3237 3272 3350 3415 3618 3751 3785 3804 3934 4322 4809 4873 5446 5542 5591 5727 5769 5878
4350 447 635 685 710 733 1133 1159 1215 1416 2246 2699 2971 3110 3488 3533 3735 4022 4112 4210 4318 4630 5144 5229 5393 5601 5685
4351 370 800 1157 1213 1227 1553 1833 1911 2007 2102 2245 2603 2982 3050 3135 3291 3383 3492 3534 3564 3672 3740 3846 4088 4823 5023 5235 5630 5783
4352 208 228 336 727 758 991 1289 1530 1644 1946 1972 2171 2389 2657 3603 3849 4115 4445 4842 4852 4990 5301 5374 5443 5561 5869 5967 5997
4353 368 395 631 724 948 1519 1993 2039 2462 2923 3205 3219 3715 3716 3728 3729 3743 4009 4229 4249 4346 4375 4460 4602 5000 5141 5156 5460
4354 9 235 249 391 532 770 1051 1298 1415 1534 1579 1736 1867 1887 2268 2307 2511 2564 2677 2846 3096 3531 3639 3743 3776 4080 4539 4722 4915 4998 5650 5946 5985
4355 362 601 646 696 867 1118 1198 1228 1254 1300 1938 2215 2234 2896 2922 3125 3302 3398 3481 3637 3893 3923 4302 4380 4487 4564 4895 5203 5240 5332 5486 5958
4356 106 107 664 704 1862 1974 2272 2312 2473 2495 2853 2897 2997 3407 3502 3631 4068 4533 4539 4549 4821 4932 5975
4357 423 591 902 942 1271 1283 1305 2054 2362 2409 2536 2722 2816 2962 3276 3303 3510 3607 3768 3792 4216 4278 4827 5113 5148 5152 5264 5356 5480 5579 5777 5932
4358 486 493 901 1282 1737 1958 2026 2062 2172 2374 2619 3094 3240 3447 3783 4006 4548 4665 4768 5176 5415 5514 5653 5712
4359 78 163 275 324 387 643 782 884 1258 1361 1411 1414 1645 1703 1915 2575 2613 2814 2897 2971 3129 3386 3395 3448 3977 4109 4237 4266 4310 4550 4556 4716 5194 5209 5626 5791 5795 5827
4360 86 326 343 434 466 778 843 1079 1098 1401 1488 1791 1969 1981 2164 2379 2543 2770 2796 3314 3391 3492 3719 3752 3939 4078 4137 4176 4427 4978 4980 5386 5737
4361 189 752 860 1236 1294 1317 1458 1522 1561 1686 1950 1970 1979 2251 2341 2417 2431 2448 2694 2924 3159 3632 3885 4179 4505 4524 4664 5088 5112 5118 5139 5477
4362 12 144 207 378 618 1036 1453 1470 1729 1736 1860 1876 2120 2124 2406 2604 2954 2982 3093 3222 3248 3315 3443 3597 3610 3805 4195 4317 4419 5225
4363 293 401 1043 1524 1591 1752 1947 2190 2216 2272 2422 2506 2659 2689 2812 2890 3197 3351 3695 4417 4493 4588 4882 4957 5153 5295 5418 5610 5612 5835 5912 5991
4364 13 267 391 414 501 569 720 1110 1163 1608 1713 1839 1995 2200 2331 2839 2928 3146 3173 3579 4033 4200 4480 5028 5390 5446 5649 5889 5936
4365 19 151 778 910 1162 1253 1499 1879 1972 2243 2377 2436 2447 3143 3221 3315 3356 3660 4801 5316 5421 5760 5900
4366 161 285 452 501 616 864 945 1020 1305 1440 1690 2030 2037 2066 2156 2207 2549 2619 2933 2972 2981 3505 3635 3698 3741 3773 3863 3971 4185 4280 4480 4545 4940 4953 5032 5109 5149 5512
4367 26 143 284 356 415 426 840 1192 1357 1456 1634 1925 1990 2200 2327 2343 3000 3426 3431 3477 3631 3998 4057 4135 4602 5090 5280 5605 5806
4368 189 514 641 774 853 990 1079 1085 1512 1531 1589 1613 1803 2305 2830 2875 3128 3129 3165 3254 4126 4130 4175 4257 4279 4678 4820 5292 5299 5348 5721 5972 5980
4369 145 209 365 395 444 1343 1441 1449 1678 1756 1940 1998 2025 2028 2030 2063 2402 2581 2812 3432 3709 3887 3950 4377 4436 4652 4935 4962 4968 4977 5070 5115 5202 5510 5628 5792
4370 320 339 354 974 1113 1324 1491 1648 1720 2041 2425 2855 2945 3232 3547 3927 3999 4049 4163 4268 4306 4379 4402 4444 4693 5060 5109
4371 46 151 206 702 731 810 1336 1671 1821 2131 2156 2495 2520 2710 3109 3324 3611 3731 4294 4607 4706 4821 5024 5214 5472 5768
4372 6 322 446 484 514 711 870 1135 1720 1723 2221 2249 2269 2361 2370 2409 2642 3019 3082 3668 3802 3968 4053 4127 4202 4439 4635 5361 5580 5649 5658 5730
4373 215 323 843 1015 1849 2047 2052 2270 2307 2862 3167 3678 3739 3744 3768 3879 4130 4390 4579 4627 4641 4924 4952 5006 5666 5902
4374 565 962 977 1380 1527 1806 2322 2511 2800 3114 3265 3534 3692 3744 3921 4136 4151 4285 4467 4588 4769 4991 5020 5556
4375 134 289 386 448 451 929 954 1131 1143 1263 1587 1663 1880 2096 2318 2438 2732 2733 2823 3013 3083 3276 3536 3563 3584 3604 3697 3700 3831 3967 4036 4074 4081 4353 4725 4735 4784 4810 4998 5044 5227 5402 5430 5760 5804 5848 5889
4376 218 612 1404 1621 1665 1806 1809 1891 2077 2120 2126 2221 2392 2709 3113 3289 3414 3514 3725 3739 3750 3956 4010 4115 4161 4459 4475 4492 4616 5384 5425 5431 5539 5862 5870
4377 260 627 664 851 992 1218 1262 1431 1485 1615 1673 1789 1887 2004 2094 2246 2283 2408 2857 2947 3409 3475 3673 4039 4276 4345 4369 4693 4873 5134 5139 5176 5401 5422 5621
4378 179 274 716 859 2102 2244 2281 2606 2852 3026 3269 3520 3748 3820 4327 4332 4874 4956 4966 4968 4990 5004 5029 5337
4379 354 866 1040 1284 1358 1904 2077 2250 2522 2533 2581 2877 2888 3053 3067 3393 3509 3519 3841 4022 4305 4370 4882 4906 5070 5079 5445
4380 15 101 393 578 879 1122 1175 1180 1520 1536 1781 1869 2011 2236 2745 2764 2790 2854 3064 3125 3326 3352 3542 4036 4120 4147 4174 4184 4288 4293 4355 4444 4647 4789 5036 5398 5421 5672 5922 5985
4381 682 987 1069 1132 1451 1937 2016 2082 2135 2376 2627 3393 3638 3799 3851 4284 4553 4655 5515 5633 5766 5779
4382 617 801 890 897 1200 1441 1670 1706 2294 2431 2604 2809 3080 3122 3165 3281 3733 4236 4630 4634 4730 5007 5104 5630
4383 268 287 355 680 2085 2120 2331 2355 3232 3405 3575 4431 4606 5282 5361 5362 5366 5380 5813
4384 298 382 451 894 946 1011 1063 1125 1170 1372 1909 1972 2005 2195 2407 2418 2610 2890 3395 3398 3664 3683 4034 4136 4150 4165 4316 4469 4514 4563 4692 4786 5496 5501 5566
4385 353 514 624 844 1094 1177 1387 1655 2037 2072 2143 2176 2207 2368 2477 2576 2604 2900 2907 3024 3068 3440 3528 3557 3758 3771 3812 3938 3981 4023 4091 4199 4325 4397 4481 4550 4781 4897 4900 4988 5415 5648 5846 5856 5874
4386 429 1051 1137 1568 1953 1976 2166 2578 2922 3043 3113 3400 3453 3490 3718 3879 3932 4134 4257 4570 4657 4689 4795 4894 5194 5487 5925 5951
4387 41 85 240 506 966 1149 1540 1573 2858 2960 2996 3039 3305 3483 3704 3993 4036 4095 4437 4439 5289 5341 5656 5687 5915 5947
4388 62 170 502 709 1084 1940 1994 2053 2080 2126 2160 3149 3356 3361 3409 3443 3514 3576 3697 3823 4730 5511 5581 5753 5773 5961 5969
4389 136 612 935 938 1016 1349 1515 1811 1944 2237 2358 2503 2552 2737 3403 3648 3754 3889 4199 4226 4232 4489 4925 4999 5110 5324 5336 5508 5691 5958
4390 461 642 730 755 859 975 1354 1476 1590 1814 1861 2419 2527 2596 2751 3075 3268 3602 4170 4373 4493 4533 4713 4910 4990 5416 5777 5914
4391 689 918 942 1426 2485 2525 2641 3027 3137 3355 3480 3719 3942 4178 4313 4402 4489 4542 4659 4891 5480 5521 5794 5920 5932 5967
4392 128 530 580 648 652 1031 1177 1606 1823 1932 1992 2126 2478 2579 2659 2836 3398 3729 4063 4078 4246 4877 5037 5618 5889 5900 5929
4393 588 748 973 1839 1909 1996 2212 2224 2321 2419 2828 3411 3515 3520 4157 4328 4330 4530 4557 5015 5123 5205 5721 5911
4394 237 389 437 639 779 1193 1233 1714 2051 2249 2380 2510 3072 3089 3263 3320 3603 4044 4140 4203 4342 4455 4626 4951 5181 5264 5405 5557 5572
4395 589 703 930 1063 1131 1486 1595 1869 2068 2164 2251 2285 2379 2407 2511 2625 2782 3138 3377 3498 3510 3663 3791 3848 3980 4326 4516 4650 4926 5046 5701
4396 117 218 299 324 479 496 506 611 689 786 822 963 1060 1293 1733 1891 1942 2169 2174 2761 2817 4454 4512 4701 4754 4945 5253 5394 5483 5501 5568 5569 5806 5852
4397 520 1086 1163 1225 1392 1517 1561 1874 2171 2270 2336 2402 2591 2684 2759 2993 3054 3081 3126 3307 3451 3564 3887 4385 4408 4810 4957 5048
4398 126 380 746 1149 1481 1718 1760 1853 1875 2044 2245 2349 2350 2506 2564 2755 2784 2947 3058 3213 3481 3887 3947 3985 4121 4149 4426 4749 4857 5531 5544 5806
4399 2 189 405 629 678 1120 1168 1931 2089 2286 2318 2690 2745 2780 2876 2972 3260 3438 4044 4772 4842 5538 5720 5880
4400 343 542 716 846 1388 1630 2144 2494 2818 2971 3053 3365 3807 4086 4204 4262 4929 5352 5357 5517 5612 5865 5938
4401 118 193 196 246 255 606 650 690 857 1087 1273 1364 1406 1698 2287 2408 2464 2581 2730 3055 3063 3070 3140 3152 3161 3324 3339 3367 3415 3455 3459 3663 3667 3762 3815 3830 3836 4884 5049 5068 5146 5605 5676 5822 5921 5926
4402 435 613 890 1010 1034 1283 1350 1362 1601 1712 1789 1869 1900 1957 2061 2310 2373 2482 2538 2875 3079 3105 3295 3537 4152 4370 4391 4483 4532 4547 4557 4814 5377 5521 5814 5909
4403 725 900 1106 1190 1329 1579 1581 1774 1791 1950 1955 2106 2241 2256 2420 2474 3407 3518 3745 3775 3781 4045 4177 4472 4700 4787 4855 5023 5032 5173 5205 5409 5641 5720 5751 5791
4404 353 475 494 499 586 768 850 1019 1077 1233 1474 2103 2404 2513 2524 2603 2675 2766 3049 3573 3753 3879 4248 4970 5525 5554 5794 5948
4405 400 415 599 659 668 707 978 1033 1176 1331 1464 2045 2146 2485 2487 2503 2839 2916 3457 3506 3637 3840 3861 4078 4143 4436 4487 4800 4986 5294 5303 5428 5468 5518 5569 5704 5707 5722 5751 5886
4406 495 932 1438 1564 1970 1989 2203 2267 2519 2644 3207 3252 3439 3526 3681 3921 4180 4185 4408 4420 4428 4540 4543 4635 5083 5533 5696 5767
4407 124 228 406 553 563 674 804 1004 1225 1233 1260 1293 1374 1628 1744 1801 2190 2242 2290 2349 2399 2450 2512 2540 2577 2628 2645 3157 3395 3453 3506 3563 3724 3835 4053 4063 4513 4559 4580 4620 4693 4975 5051 5054 5146 5222 5296 5318 5559 5607 5695 5778
4408 185 807 943 2543 2900 3104 3147 3276 3460 3930 3954 4097 4196 4261 4291 4397 4406 4488 5319 5467
4409 9 99 110 195 393 401 575 657 728 780 984 1301 1479 1602 1610 1707 1768 2226 2911 3000 3262 3288 3724 4011 4495 4616 4830 4876 5057 5099 5336 5347 5593 5629 5945
4410 956 1264 1475 1486 1517 2119 2238 2975 3212 3344 3449 3583 3764 4059 4298 4331 4434 4573 4830 4930 5237 5333 5357 5363 5384 5507 5780 5785
4411 114 131 144 487 759 978 1039 1188 1504 1652 1697 1779 1877 1884 1966 1986 1997 1999 2227 2381 2883 2911 3153 3901 3940 4071 4096 4296 4552 4736 4883 4967 5176 5381 5410
4412 511 588 613 635 659 1004 1240 1318 1439 2005 2272 2542 2704 2875 3022 3263 3280 3424 3625 3791 3982 4232 4740 5167 5538 5588 5846
4413 189 321 459 615 821 931 980 1005 1317 1427 1515 1711 1755 2035 2073 2160 2168 2351 2907 3410 3739 3815 4006 4631 4804 4988 5070
4414 0 29 34 72 378 637 707 729 2069 2171 2332 2389 2675 2688 2834 3093 3311 3597 3806 4047 4085 4260 4264 4568 4809 5097 5147 5183 5329 5360 5442 5646 5941
4415 152 367 369 713 755 784 884 1314 1595 1646 1715 1819 1966 2131 2151 2176 2383 2552 2665 2905 2975 3347 3757 3894 4123 4456 4475 4569 4867 5024 5147 5229 5289 5332 5349 5480 5775 5880 5951
4416 399 601 1419 1510 1775 1824 2119 2151 2456 2636 2805 2916 3229 3792 3999 4067 4119 4288 4615 4924 5046 5455 5668
4417 20 368 849 1248 1296 1591 1646 1721 2236 2283 2434 2951 3005 3178 3488 3573 3607 3645 3954 4363 4445 4496 4662 4900 4933 5225 5541
4418 45 59 67 310 824 831 990 1123 1257 1426 1484 1528 1566 2249 2297 2562 2654 2850 2851 2984 3730 4725 5026 5104 5126 5141 5339 5524 5615 5859
4419 410 432 502 982 1677 2189 2376 2748 2915 3320 3962 4102 4262 4279 4362 4638 4863 4979 5096 5126 5421 5728 5801
4420 194 520 860 921 1119 1806 1930 2000 3195 3267 3330 3353 3832 4213 4327 4406 4514 4737 5120 5272 5290 5319 5346 5357 5368 5477 5856 5989
4421 42 216 274 320 346 400 865 1157 1217 1579 1658 1684 1827 2044 2869 2942 3345 3408 3809 4164 4287 4501 4783 5182 5330 5471 5546 5553 5579
4422 56 225 242 281 306 359 747 784 913 1221 1426 1437 1483 1763 2044 2094 2272 2315 2379 2520 2571 2576 2599 2784 3041 3414 3523 3584 3672 3690 4048 4099 4770 4818 4868 5121 5404 5480 5529 5921
4423 595 888 972 1006 1076 1097 1120 1450 1465 1487 2001 2334 2586 2617 3074 3216 3696 3934 4038 4043 4492 4816 4834 4907 5014 5133 5355 5384 5556 5647 5791 5887
4424 390 538 591 962 1016 1216 1232 1303 1482 1797 1949 2118 2194 2608 2839 2950 3465 3511 3885 3914 3951 4090 4293 4513 5156 5361 5398 5484 5491 5569 5773
4425 283 692 855 955 1019 1318 1434 2153 3000 3132 3135 3206 3354 3837 3854 3868 4053 4097 4493 4841 5468 5482 5574 5727 5993
4426 78 324 365 384 438 936 1347 1457 1735 1985 2341 2361 2530 2558 2807 2896 2936 2989 3024 3037 3144 3244 3350 3407 3561 3566 3694 3723 4028 4161 4224 4398 4763 4881 4994 5188 5336 5473
4427 45 224 501 560 625 848 1005 1102 1269 1582 1634 1871 2029 2164 2249 2472 2632 2786 3052 3310 3371 3612 3731 3820 3939 4360 5088 5292 5420 5699 5762 5953
4428 146 175 190 410 412 1561 2045 2489 2621 2637 2641 2718 3359 3481 3507 3556 3721 3914 4059 4406 4556 4647 4663 4786 5595 5764 5822
4429 74 132 664 665 758 1164 1246 1356 1419 1522 1716 1724 1941 2191 2236 2485 2624 2719 2729 3067 3494 3869 4047 4093 4109 4215 4485 4670 4773 5207 5338 5363 5440
4430 207 225 289 359 381 637 1039 1190 1439 2033 2036 2319 2733 2797 3358 3447 3462 3767 3792 3883 4124 4160 4219 4479 4528 4658 4660 5041 5387 5534 5711 5792
4431 106 113 125 687 834 1028 1053 1160 1403 2725 2884 2908 2928 2945 3382 3384 3479 3887 3895 4095 4383 4713 4854 4942 5263 5290 5310 5612
4432 482 644 727 753 757 1272 1750 1832 1923 1952 2156 2698 2881 2892 3166 3205 3238 3957 3983 4098 4102 4246 4270 4344 4697 4719 4744 4968 5140 5294 5710 5831 5883
4433 296 358 529 572 1039 1111 1276 1972 2042 2171 2203 2243 2714 2833 2915 3251 3467 3485 3517 4030 4068 4081 4517 4589 4654 5060 5170 5202 5371 5381 5602 5631
4434 97 172 277 629 835 857 927 1452 1974 2085 2515 2731 2752 3102 3168 3466 3508 3548 3656 3795 3798 4081 4128 4410 4785 4924 5820
4435 146 372 797 1045 1103 1492 1509 1723 1749 1922 2315 2773 3155 3170 3281 3788 3891 3915 4089 4823 4831 4862 4934 4961 4979 5107 5413 5760 5790
4436 127 676 692 838 1143 1423 1573 2010 2031 2157 2269 2626 2868 3187 3540 3663 3709 4046 4369 4405 4842 4868 5231 5511 5513 5564 5686
4437 176 350 510 797 870 909 1088 1319 1809 2346 2825 2917 3071 3098 3113 3344 3441 4136 4387 4700 4860 5411 5685 5759 5815 5900
4438 189 465 535 559 609 679 1065 1074 1241 1454 1486 1504 1515 1793 2182 2355 2385 2906 2915 3287 3302 3413 3770 3784 4483 4497 4588 4899 4999 5072 5458 5486 5705 5785
4439 193 367 868 925 1029 1099 1189 1229 1316 1511 1563 2022 2573 2762 2965 3182 3476 3665 4061 4260 4286 4372 4387 4464 4652 4878 5009 5302 5303 5346 5904 5944
4440 3 266 637 649 784 798 1080 1258 1377 1611 1690 2055 2168 2734 3200 3254 3547 3700 3820 3848 3940 4188 4210 4239 4248 4475 4616 4676 4735 4804 5084 5357 5448 5474 5591 5628 5778
4441 216 547 767 772 898 1005 1035 1041 1056 1099 1333 2255 2284 2505 2956 3167 3700 4335 4526 4635 4670 4793 5259 5525 5565 5600 5868
4442 158 583 665 1353 1374 1577 1632 2121 2486 2701 2710 2770 2884 2908 2927 3042 3086 3209 3238 3442 3639 3856 3940 3974 4110 4665 4689 4885 5050 5307 5386 5441 5448 5973
4443 156 202 628 665 716 919 1460 1612 1901 2262 2496 2516 2631 2652 2981 3489 3611 3667 3875 4199 4257 4567 4688 4913 4998 5233 5399 5648 5776 5837 5893
4444 70 128 403 748 1019 1108 1179 1419 1438 1462 1575 1904 2076 2088 2680 3096 3436 3483 3504 3627 3804 3813 4370 4380 4657 4745 4896 5008 5082 5489 5527 5602 5616
4445 172 353 1111 1486 1635 2224 2265 2444 2553 2561 2573 2960 3044 3555 4101 4352 4417 4454 4518 5025 5079 5147 5361 5474 5618 5633 5647 5661 5829
4446 150 187 321 682 768 838 853 858 871 1162 1323 1359 1466 1525 2043 2154 2253 2259 2277 2348 2512 2577 2694 3041 3158 3161 3430 3579 3685 3848 3958 4111 4162 4328 4893 4947 5072 5638 5861 5896
4447 35 179 209 283 340 376 518 552 949 997 1010 1312 1386 1496 1794 1847 2070 2165 2205 2444 2562 2620 2682 3287 3667 4287 4508 4562 4761 4918 4952 5103 5504
4448 18 47 231 724 1363 1587 1687 1920 2080 2131 2289 2335 2869 2883 2911 3205 3521 3961 4153 4459 5019 5087 5192 5958
4449 322 495 499 780 785 1043 1712 1733 2092 2226 2615 2809 3468 3473 3981 4115 4212 4240 5174 5683
4450 95 330 728 731 743 798 824 888 1455 1573 1669 1949 2045 2241 2278 2515 2956 2968 3134 3254 3410 3588 3613 3664 3703 3749 3777 3799 3903 3935 4025 4458 5423 5835
4451 261 310 387 981 1082 1113 1328 1509 1575 1616 1832 2422 2478 2635 2762 2835 3062 3972 4456 4747 4844 4918 5066 5489 5619 5702 5748 5944
4452 60 140 279 790 1070 1625 1691 1995 2512 3087 3902 3906 4528 4723 4926 5042 5090 5160 5250 5554 5650 5929
4453 185 487 1237 1274 1427 2299 2629 2969 3336 3417 3912 3961 4039 4687 4840 4889 5271 5570 5732 5943
4454 748 813 1314 1416 1585 1783 1897 1943 2016 2416 2556 2630 2927 2993 3141 3240 3381 3426 3731 3954 4027 4028 4118 4162 4194 4345 4396 4445 4628 5058 5099 5378 5419 5469 5588 5814 5969
4455 177 515 665 788 979 986 1518 1921 1934 1959 1980 2060 2458 2464 2489 2568 3241 3318 3631 3751 4001 4152 4267 4394 4478 4623 4677 4884 4940 5595 5712 5912
4456 585 1139 1160 1258 1322 1489 1595 1710 1725 1799 1866 2022 2188 2351 2527 2675 3263 3609 4085 4153 4415 4451 4463 4926 5333 5665 5835
4457 416 1224 1317 1322 1353 1372 2113 2211 2298 2613 2643 3231 3357 3611 3744 3937 4549 4917 4997 5217 5223 5289
4458 82 309 346 394 404 1336 1389 1524 1621 1664 1773 1894 2502 2588 2627 3168 3170 3201 3221 3342 3376 3514 3663 4134 4145 4198 4341 4450 4763 4904 5110 5467
4459 452 771 1193 1688 1691 1892 1965 2050 2318 2601 2620 2636 3040 3396 3428 3449 3487 3543 3804 4376 4448 4591 4641 4826 4983 5061 5387 5704 5969
4460 118 505 567 865 901 971 1097 1193 1290 1504 1771 2031 2050 2068 2226 2426 2493 2974 3817 4032 4065 4194 4301 4313 4337 4353 4541 4749 5429 5497 5541 5600 5734 5741 5781
4461 49 252 694 1127 1147 1208 1241 1537 1837 2394 2538 2588 2733 2751 2926 3473 3755 3833 3937 3991 4157 4595 4650 4725 4885 4918 5354 5513
4462 7 43 483 505 578 625 779 825 1256 1529 1625 1699 1918 2048 2215 2291 2305 2599 2740 2742 2958 3059 3082 3580 3760 3939 4011 4123 5066 5078 5086 5510 5752 5876 5899 5967
4463 240 322 416 447 726 1665 1892 1978 2581 3661 3785 3952 3984 4273 4456 4929 5463 5475 5760 5889 5917
4464 378 479 629 640 715 836 970 1013 1031 1199 1221 1382 1442 1481 1503 1601 1797 1888 1930 2093 2285 2305 2907 3361 3524 3552 3672 3997 4214 4308 4331 4439 4478 4556 4742 5613 5799 5901
4465 855 1063 1099 1895 1993 2203 2848 3068 3072 3289 3449 3552 3737 3986 4121 4763 4805 5279 5402 5665
4466 117 138 297 936 1044 1424 1564 2182 2247 2274 2330 2440 2507 2610 3102 3169 3337 3677 3805 3959 4582 5222 5424 5878
4467 252 289 522 532 955 1035 1090 1122 1250 1279 1410 1468 1516 1634 1795 1953 1956 1976 2019 2035 2194 2541 2738 3287 3629 4374 4593 4629 4756 4766 4974 5370 5479 5850
4468 59 161 243 545 582 845 1126 1446 1458 1667 2064 2145 2153 2572 3112 3315 3338 3420 3466 3469 3479 3567 3779 3817 3837 3967 4518 4636 4778 4844 4890 5073 5428 5433 5459 5818
4469 14 247 304 672 676 784 983 1022 1203 1419 1464 1540 1828 1904 1966 2099 2517 2823 3240 3252 3614 3803 3875 4013 4015 4118 4202 4384 4513 4710 4853 4993 5206 5333 5473 5626 5988
4470 136 361 834 1079 1474 1570 1833 1854 1871 1884 2174 3178 3350 3592 3790 4315 4787 4796 4930 5157 5355 5496 5952
4471 160 981 1068 1240 1478 1509 1872 2355 2588 2656 2800 2833 2892 3051 3141 3235 3244 3319 3373 3622 3788 4008 4079 4301 4600 4707 4733 4743 5047 5095 5321 5509 5522 5877 5937
4472 174 204 814 1171 1212 1235 1599 1662 2274 2534 2682 2863 2914 3070 3682 4403 4549 4964 4979 5027 5249 5372 5507 5756 5988
4473 225 228 420 868 1116 1179 1186 1465 1838 1985 2431 2435 2570 2592 2594 3339 3651 3849 4968 4984 5296 5931
4474 43 80 219 352 366 527 560 569 1668 2383 2530 2934 3330 3414 3461 3697 3762 3992 4505 4684 4785 4927 5005 5175 5473 5585 5675 5829 5942
4475 154 180 237 270 305 311 635 804 896 966 985 1011 1147 1206 1260 1728 1801 2276 2354 2394 2475 2866 2994 3498 3551 3599 3695 3924 4275 4376 4415 4440 4487 4507 4602 4697 4808 4832 5008 5080 5125 5347 5759 5898
4476 259 391 424 458 625 824 1134 1235 1344 1409 1504 1587 1943 1984 2016 2530 2584 2798 3056 3075 3116 3466 3488 3697 3713 3852 4231 4272 4793 5103 5337 5632 5793 5841
4477 204 365 1210 1333 1338 1823 1961 2289 2293 2316 2781 2936 3075 3164 3295 3304 3648 3854 3966 4153 4163 4206 5252 5417 5628 5631 5751 5760 5838 5904
4478 56 272 660 738 923 1281 1303 1523 1588 1608 1755 1836 1976 2018 2523 3126 3185 3189 3252 3792 4105 4214 4455 4464 4647 4828 4883 5333 5429 5533 5643 5727 5781 5929
4479 36 677 819 854 1401 1413 1571 1677 1829 1957 2289 2551 2627 3034 3350 3733 4005 4430 4556 4616 4886 4916 4989 5531 5956
4480 24 454 628 746 968 1177 1392 1503 1514 1543 1914 1964 2033 2466 2534 2770 3000 3024 3422 3435 3723 3799 4224 4364 4366 4657 4715 5066 5135 5634 5980
4481 228 287 391 535 627 866 933 1173 1255 1379 1406 1657 1802 1911 1926 1929 2061 2223 2225 2344 2371 2840 3105 3202 3232 3274 3475 3624 3921 4056 4252 4274 4385 5082 5503 5758
4482 9 36 108 125 183 436 609 1508 1702 1820 1977 1990 2151 2251 2310 2532 2624 2702 2751 2825 2906 3510 3592 3684 3857 4326 4631 4941 5042 5226 5232 5427 5716 5826
4483 30 216 218 258 501 964 994 1041 1289 1382 1412 1657 1780 1981 2187 2254 2295 2378 2921 3063 3400 3836 4402 4438 4542 4568 4845 5072 5095 5146 5339 5544
4484 469 642 791 1550 1630 2215 2550 2637 3004 3476 3642 3683 3930 4022 4230 4846 4964 4985 5112 5180 5242 5338 5421 5435 5491 5533 5574
4485 15 107 292 419 688 791 836 1227 1499 1580 1765 2300 2348 2365 2552 3074 3227 4169 4325 4429 4558 4577 4620 5019 5273 5335 5451
4486 16 197 476 626 690 913 1008 1165 1309 1316 1355 1518 1771 1979 2021 2127 2173 2317 2719 3226 3303 3499 3736 4003 4180 4328 4750 5086 5423 5474 5533 5804 5889
4487 7 104 413 419 493 505 663 671 1002 1307 1560 1566 1842 2032 2078 2152 2186 2457 2747 2852 2890 3405 3544 3982 4112 4330 4355 4405 4475 4583 5151 5480 5513 5580 5815
4488 736 872 1249 1451 1617 1632 1770 1851 1922 2448 2453 2522 2584 2685 2764 2802 2825 2900 2901 2906 3077 3441 3605 3723 3917 4035 4204 4257 4336 4408 4758 4772 4826 5103 5606 5658 5882 5921
4489 19 302 375 1154 1350 1361 1565 1630 1693 1854 1913 2019 2119 2424 2430 3422 3641 3739 3834 4071 4389 4391 4493 4723 4998 5126 5398 5551 5569 5660
4490 134 221 319 540 909 977 984 1312 1391 1783 1855 2088 2409 2439 2858 2967 2998 3236 3475 3555 3640 3913 3916 4575 4821 4872 4942 5055 5111 5553 5843
4491 11 150 323 435 464 686 887 1139 1215 1650 1672 1701 1806 1962 1984 2095 2284 2315 2581 2654 2752 2812 3111 3123 3225 3673 4024 4123 4878 4913 4986 5334 5348 5945 5947
4492 773 966 982 1034 1359 1475 1520 1707 1797 1829 2025 2115 2241 2379 2690 2760 2849 3012 3183 3272 3455 3502 3730 4199 4376 4423 4871 5382 5436 5526 5629 5684
4493 215 291 454 748 1009 1025 1089 1280 1707 1793 1946 2149 2747 3063 3450 3453 4016 4033 4183 4290 4363 4390 4425 4489 4702 4788 4818 4827 5107 5561 5900
4494 394 685 763 1235 1410 1484 1502 1600 2040 2250 2497 2514 2698 2774 3081 3082 3416 3521 3609 3665 3732 3984 4014 4082 4594 4658 4704 4858 5135 5236 5426
4495 124 369 413 687 819 820 1072 1116 1295 1304 1773 2076 2307 2471 2586 3363 3765 3869 3964 4148 4409 4637 4905 5008 5340 5395 5809
4496 85 268 721 824 1024 1403 1566 2119 2126 2174 2256 2380 2723 2967 2983 3200 3389 3412 4007 4098 4417 4638 4880 5028 5241 5318 5361 5627 5668 5754
4497 21 796 819 845 1539 1646 1651 1690 1808 1908 2014 2231 2336 2400 2622 2669 3021 3444 3472 3559 3733 4132 4198 4438 4502 4592 4614 5621 5705 5925
4498 35 397 485 726 962 972 1112 1376 1513 1887 2938 3031 3186 3335 3521 3800 4563 5024 5243 5519 5562 5574 5736 5800
4499 499 657 721 958 1191 1325 1363 1466 2117 2581 2983 3077 3120 3766 4038 4169 4692 4701 5098 5170 5294 5377 5392 5429 5493 5585 5854 5868
4500 211 417 541 594 598 764 785 1100 1152 1459 1496 1958 2097 2281 2376 2380 2776 2806 2822 3239 3542 3588 3596 3654 3844 3874 4010 4064 4294 4623 4687 4746 4890 4901 5140 5575 5627 5683 5764
4501 8 505 564 937 989 1010 1068 1191 1363 1395 1470 1535 1710 1778 1978 2160 2283 2448 2669 2676 3309 3459 4128 4421 4539 4686 5433 5876 5983
4502 44 171 362 528 722 784 1063 1161 1652 1669 1943 2061 2159 2197 2203 2234 2524 2602 2909 2949 3126 3718 3786 3874 4145 4218 4224 4497 4530 4690 5139 5658 5928
4503 35 47 480 517 524 739 767 1077 1113 1165 1166 1368 1424 1861 1909 2112 2553 2809 3263 3291 3744 4859 5168 5232 5579 5779 5835
4504 69 380 397 918 949 1434 1602 1814 2472 2534 2787 3000 3091 3158 3358 4018 4234 4290 4637 4689 4838 5301 5343 5519 5555 5884 5894 5969
4505 136 287 632 672 743 879 894 1033 1353 1569 1805 1934 1938 2044 2382 2929 3263 3457 3607 3615 3699 4019 4121 4192 4299 4361 4474 4627 4716 4766 4874 5007 5340 5396 5415 5731
4506 343 347 416 1015 1076 1185 1588 1669 1712 1716 1719 1859 2042 2215 2664 2888 2983 3007 3412 3605 3642 3920 4033 4156 4592 5284 5946
4507 37 149 514 939 1026 1233 1364 1509 1517 1796 1861 1968 1992 2681 2994 3399 3441 4038 4170 4475 4875 5112 5467 5532 5670
4508 239 338 497 820 1147 1382 1892 2067 2166 2176 2482 2696 3213 3230 3435 3504 3812 4112 4447 5156 5167 5181 5517 5677 5897 5902 5944 5980
4509 124 221 607 681 733 1250 1273 1624 2025 2114 2204 2426 2539 2696 2700 2882 3031 3144 3578 3691 3822 4077 4290 4694 4827 4892 4970 5013 5043 5305 5359 5713 5762 5780 5961
4510 170 185 611 1386 1896 2132 2689 2771 2997 3229 3341 3603 3829 4950 5466 5489 5690 5722 5883
4511 113 283 592 689 1277 1292 1514 1729 1732 1941 2350 2624 2724 2896 2984 3484 4078 4614 4673 4752 4857 5107 5134 5168 5183 5237 5486 5511 5867
4512 29 190 197 291 397 745 828 2009 2299 2429 2940 3318 3463 3629 4396 4734 4882 5220 5308 5324 5332 5376 5444 5482 5553 5620 5685
4513 33 236 919 1124 1289 1326 1649 1686 1921 2003 2036 2125 2200 2441 2525 2633 2852 2899 2901 2917 2919 2936 2943 3019 3312 3338 3738 3748 3767 3943 4009 4013 4040 4206 4209 4407 4424 4469 4571 4892 5194 5311 5385 5415 5481 5820 5940 5944
4514 18 408 450 645 784 824 856 1174 1259 1509 1886 1956 1962 2025 2051 2178 2679 2853 2881 2964 3063 3409 3541 3547 3615 3739 4089 4140 4384 4420 4685 4862 5188 5234 5393 5431 5647
4515 88 432 532 664 666 689 835 864 1010 1321 2194 2374 2539 2626 2984 3078 3107 3113 3446 3448 3453 3488 3503 3658 3698 3847 4574 4656 4857 4988 5170 5177 5594 5614 5800
4516 1 311 581 657 804 1091 1365 1397 2024 2421 2494 2519 2975 3166 3242 3464 3493 3664 3818 4319 4395 4995 5106 5166 5347 5664 5923
4517 189 360 664 995 1325 1445 1708 1981 2302 2643 2693 2712 2731 2948 3099 3524 3776 3966 4433 4600 5169 5201 5265 5388
4518 84 518 1221 1385 1433 1443 1530 1779 1920 2328 2477 2494 2643 3653 4072 4304 4320 4445 4468 4908 5033 5061 5171 5961
4519 963 1230 1291 2229 2398 2634 2729 2735 3270 3481 3762 4169 4551 4813 5321 5513 5585 5864 5871
4520 176 243 373 398 737 1131 1372 1530 2046 2141 2242 2818 2933 3000 3049 3205 3343 3352 3367 3411 3417 3637 3643 3669 3916 4043 4156 4236 4286 4633 4865 4940 5028 5319 5429 5481 5994
4521 99 262 884 1134 1259 1527 1752 1998 2130 2475 2725 2737 2767 2822 2909 2979 3025 3114 3485 3501 3589 4170 4210 4248 4832 4851 5099 5136 5324 5905 5980
4522 214 466 790 791 1075 1285 1463 1556 1659 2050 2056 2514 2627 2873 3014 3738 3839 3859 3881 4023 4203 4228 4839 4920 5171 5207 5782
4523 18 243 314 785 907 1172 1217 1541 1693 1928 2152 2311 2543 2925 3415 3698 3983 4801 5099 5440 5553
4524 269 349 375 417 634 696 715 833 1054 2253 2431 2439 2445 2488 2634 2732 3514 3739 4233 4361 4892 5453 5456 5521 5525 5603 5612 5881
4525 158 523 567 829 894 1685 1739 2530 2708 2741 2955 3002 3176 3211 3253 3418 4094 4615 5062 5314 5344 5346 5435 5656 5754 5873 5893
4526 112 117 473 522 760 790 921 1190 1551 1810 1814 1837 1861 1991 2061 2144 2190 2464 2576 2768 2894 3262 3428 3925 4089 4127 4441 4579 5139 5204 5233 5262 5311 5788
4527 237 273 393 401 582 813 1055 1145 1775 1830 1874 2116 2170 2300 2528 2669 2923 3133 3407 3426 3492 3538 3927 4272 4644 4679 4762 4978 5079 5195 5331 5741 5762 5845 5848
4528 230 685 750 1094 1321 1704 1817 2827 3636 3804 3827 3946 3996 4197 4282 4337 4430 4452 5084 5237 5317 5539 5846 5909
4529 46 114 162 198 779 821 1046 1086 1185 1191 1230 1370 1387 1525 1858 1936 2055 2351 2464 2694 3199 3239 3349 4270 4624 4664 4665 4831 4838 4881 5316 5338 5341 5452 5628 5899
4530 58 261 529 654 1027 1724 2169 2170 2474 2597 2712 3026 3708 3808 3820 3909 4266 4393 4502 4749 4771 4803 5060 5256 5375 5495
4531 249 493 1636 2393 2753 3004 3327 4086 4683 4964 5100 5360 5427 5725 5957
4532 84 311 793 916 1098 1693 2053 2570 2621 2738 2875 2975 3114 3400 3515 3706 3716 3960 4159 4256 4402 4546 5168 5473 5884
4533 120 159 198 382 424 1617 1751 1860 2135 2339 2796 3007 3158 3484 4226 4267 4356 4390 5167 5305 5435 5532 5629
4534 4 172 251 614 689 702 757 1237 1799 1932 2428 2574 3065 3195 3272 3291 3346 4046 4075 4266 4345 4926 5611 5752 5947
4535 55 96 127 401 461 589 1166 1415 1686 1834 1862 1982 2739 2767 2996 3064 3151 3167 3578 3579 3974 4339 5543
4536 167 187 500 531 562 762 819 1162 1254 1596 2014 2090 2119 2258 2527 2753 2967 3919 5108 5192 5312 5802 5884
4537 102 108 134 290 426 601 703 757 1262 1313 1708 1931 1949 2056 2198 2411 2549 2574 2604 2733 2772 3097 3147 3215 3485 3975 4024 4091 4224 4339 4574 4615 5047 5103 5236 5274 5447 5490 5689
4538 215 450 451 641 708 1059 1652 1986 2401 2424 2486 2509 2551 2720 2794 2821 2858 2864 2957 2969 3059 3517 3572 3678 3705 3746 4256 5393 5517 5743
4539 39 456 706 1058 1162 1355 1528 1622 1654 1697 1733 1734 1951 1972 1973 2197 2326 2331 2661 2935 3026 3082 3091 3847 4062 4128 4243 4354 4356 4501 4797 5110 5325 5570
4540 192 339 360 720 792 1683 1808 1937 2239 2347 2456 2531 2753 3283 3284 3571 3682 3938 4406 4636 4811 4853 5218 5224 5458 5808 5939
4541 1 595 906 1089 1600 1691 1793 2156 2225 2371 2450 2736 2832 2917 3052 3318 3539 3569 3759 3965 3990 4114 4190 4330 4460 4613 4995 5246 5569
4542 384 691 724 753 872 1373 1690 2135 2430 2740 3069 3177 3674 4038 4391 4483 4602 4627 4629 4686 4727 4912 5174 5358 5463
4543 32 53 171 348 410 999 1079 1406 1451 1694 1729 2009 2124 2129 2437 2502 2766 2969 3007 3263 3575 3661 3808 4406 4698 4868 4911 5083 5278 5364 5481 5744
4544 92 446 448 786 1064 1084 1111 1311 1319 1397 1482 1658 1708 1762 1806 1830 2088 2167 2288 2829 2896 3004 3070 3193 3448 3526 3861 3982 4011 4173 5094 5185 5235 5324 5406 5467 5517 5564 5689
4545 74 103 251 342 567 887 942 1049 1065 1399 1443 2011 2177 2194 2339 2427 3047 3130 3211 3321 3342 3501 3684 3741 4040 4160 4366 4869 4910 5211 5235 5479 5707 5934
4546 290 379 598 637 795 796 1070 1186 1398 1442 1453 1729 1803 1851 1925 1986 2430 2545 3062 3277 3419 3521 3878 3951 4206 4344 4532 4550 4967 4971 5272 5344 5489 5490 5545 5788
4547 11 35 202 230 445 504 524 701 778 1365 1480 1494 1742 1861 2470 2589 2788 2876 3265 3641 3835 3844 4007 4026 4087 4188 4402 4646 4794 5161 5172 5387 5497 5938
4548 116 231 337 722 1420 1621 1681 2067 2105 2349 2528 2629 2933 3216 4152 4154 4358 4612 4701 4893 5123 5139 5162 5530 5602
4549 746 894 978 1519 1735 2000 2229 2263 2419 2477 2518 2592 2752 2755 2972 3583 3623 3670 4109 4243 4356 4457 4472 4752 4878 5239 5250 5424 5434 5611 5888 5912
4550 290 373 776 780 1017 2258 2516 2554 2713 2822 2870 3010 3133 3257 3259 3533 3661 4193 4359 4385 4546 4604 4691 4750 4997 5197 5398 5513 5784 5830
4551 135 391 539 551 716 775 781 837 909 1022 1302 1381 1390 1949 2034 2991 3027 3110 3733 3735 3931 4013 4231 4242 4288 4519 5011 5076 5310 5604 5756
4552 54 87 488 703 722 838 1710 1803 1871 1955 2130 2270 2460 2631 3042 3370 3725 3767 4411 4584 4590 4781 4854 5428 5517 5636 5978
4553 284 308 318 346 386 533 546 641 679 1215 1331 1461 1481 1697 1706 1845 1983 2057 2189 2761 2793 2861 3018 3141 3364 3404 3467 3856 3959 4031 4231 4318 4381 4773 4896 4904 5666 5834 5908
4554 135 544 605 1294 1566 1864 1932 1964 1981 2098 2284 2420 2758 2998 3192 3931 3955 4124 4188 4609 5063 5500 5582 5992
4555 36 231 239 269 278 407 635 1060 1148 1249 1393 2381 2834 2950 3027 3265 3378 3452 3659 3746 3885 3991 4018 4343 4742 5413 5418 5588
4556 109 391 527 619 680 830 915 942 1034 1206 1366 1404 1591 1681 1746 2028 2126 2189 2436 2590 2614 2857 2944 2965 3112 3126 3237 3931 4002 4251 4332 4359 4428 4464 4479 4899 5001 5455 5509 5578 5684 5851
4557 41 428 779 892 1121 1220 1331 1430 1489 1595 1710 1765 1824 1854 1928 1975 2415 3589 4393 4402 4684 5060 5139 5203 5613 5830
4558 76 119 167 220 470 751 1066 1429 1638 2384 2557 3280 3766 3965 4134 4189 4268 4338 4485 4657 4793 5079 5291 5615 5757 5938
4559 155 574 598 768 1019 1288 1290 1476 1916 1922 2165 2249 2704 2818 2846 2923 3004 3152 3174 3389 3398 3468 3536 4407 4602 4618 4701 4831 5255 5686 5770 5898
4560 402 620 649 670 854 1045 1244 1363 1421 1584 1647 1806 1837 2139 2164 2382 2635 2901 3108 3286 3480 3490 3578 3816 3954 4184 5019 5049 5289 5509 5628 5630 5879
4561 6 203 638 1102 1312 1364 1426 1783 2024 2061 2186 2596 2685 2694 2861 2935 3034 3037 3064 3145 3744 3789 3832 3852 3984 4262 4807 4855 4869 5190 5304 5309 5315 5352 5435
4562 168 292 578 687 749 846 852 1126 1223 1490 1769 2744 2752 2765 2787 2821 2865 3096 3295 3418 3780 4043 4447 4594 4667 4771 5588 5600
4563 140 278 291 534 694 1088 1394 1396 1407 1607 1678 1815 1817 1830 2050 2085 2107 2325 2638 2689 2740 3331 3490 3943 4144 4271 4384 4498 4582 4731 5164 5282
4564 231 413 496 617 763 786 1266 1446 1455 2120 2526 2676 2747 2816 2858 2933 3183 3259 3261 3358 3394 3582 3614 4300 4355 4590 4872 4921 5061 5230 5477 5800 5991
4565 87 156 538 634 843 887 908 916 995 1195 2048 2167 2326 2421 2909 3110 3750 3807 4054 4310 4622 4724 4899 5805
4566 54 149 210 335 1370 1486 1529 1621 1670 1933 1940 2053 2216 2224 2261 2277 2442 2481 2547 2608 2616 3012 3562 4012 4692 4824 5530 5728
4567 296 367 620 634 699 1068 1306 1389 1443 1664 2110 2347 2748 2921 3057 3125 3131 3227 3564 3739 3828 3856 4042 4143 4271 4443 4579 4776 4895 5041 5482 5618 5661 5684 5703 5780
4568 14 169 339 554 618 771 952 1046 1133 1383 1658 1827 1933 1970 2023 2276 2786 2848 3036 3053 3334 3511 3649 4414 4483 4661 4676 4733 5728 5938 5941
4569 238 239 449 471 499 686 962 1062 1231 1290 1425 1459 1646 1726 1986 2143 2156 2173 2341 2459 2592 2686 2710 2758 2782 3085 3226 3534 4071 4415 4663 4938 5058 5085 5137 5395 5502 5836
4570 7 356 552 688 718 822 993 1177 1371 1802 1861 2034 2065 2264 2277 2824 2827 3251 3418 3489 3542 3556 3616 3635 3641 3727 4094 4261 4386 4710 5935
4571 80 167 463 1101 1113 2090 2293 2501 2582 2787 2836 2859 3758 3816 3988 4069 4116 4331 4513 4861 5038 5084 5503 5876
4572 443 510 692 717 753 815 840 1204 1245 1268 1465 2286 2529 3672 4310 5161 5244 5259 5337 5379 5572 5704 5904 5912
4573 523 873 1172 1785 1887 1941 2738 3117 3197 3559 3943 4039 4410 4699 5258 5404 5536 5617 5749 5804 5901
4574 286 665 755 791 833 914 1300 1355 1614 1808 2050 2224 2385 2639 2997 3233 3394 3751 3818 3902 4135 4248 4515 4537 4760 5378 5589 5596 5701
4575 186 235 377 433 491 520 567 1027 1240 1522 1533 1912 1958 2021 2043 2214 2310 2864 2870 3126 3461 3544 3578 3598 3661 3872 4004 4093 4141 4192 4313 4344 4490 5270 5302 5476 5598 5812 5857
4576 475 550 607 629 953 1033 1241 1668 2299 2308 2501 2516 2576 2779 2783 2896 3212 3342 3424 3653 4044 4641 4762 4881 5692 5808 5870
4577 18 141 156 458 586 1094 1162 1651 1691 1766 1900 1927 2182 2327 2552 3134 3218 3270 3569 3663 4188 4200 4289 4485 4685 4787 4858 5041 5219 5553 5890
4578 200 387 501 885 1153 1281 1483 1807 2194 2679 2930 2948 2983 3195 3301 3325 3593 4101 4149 4970 5015 5123 5169 5402 5421 5828 5902
4579 47 57 615 631 768 803 909 941 1091 1546 1829 1989 2393 2874 2902 3152 3223 3421 3567 3807 3952 3983 4054 4301 4373 4526 4567 4889 4895 4968 5246
4580 417 534 601 718 736 1103 1731 1871 1885 2173 2414 2537 2715 2930 3071 3103 3325 3499 3546 3659 4407 5461 5729 5783
4581 64 454 619 797 865 1037 1220 1263 2236 2287 2288 2396 2675 2775 3025 3383 3614 3859 4129 4759 4808 4932 4937 5176 5282 5483
4582 593 1232 1253 1404 1464 1536 1609 1678 2107 2422 2648 2803 2838 2867 2876 3597 3843 3851 3866 4466 4563 4845 5169 5234 5240 5284 5933
4583 60 250 331 387 467 616 680 772 811 910 951 1022 1176 1225 1295 1804 1917 1945 2492 2725 2837 2927 3254 3398 3478 3765 4487 4873 4960 5164 5283 5433 5631 5729 5761
4584 742 760 864 911 1024 1398 1419 1786 2052 2097 2164 2177 2194 2278 2351 2602 2669 2823 2852 2882 2898 2938 3783 4108 4228 4552 4905 5207 5417 5972
4585 25 301 348 510 643 810 845 1142 1446 1622 1650 1947 2006 2052 2224 2230 2284 2404 2670 2788 2912 3050 3141 3225 3461 3654 3832 3853 4722 4790 4963 5080 5101 5224 5269 5439 5458 5716 5761 5829 5842 5928
4586 50 158 182 250 537 601 724 965 1131 1282 1337 1589 1609 1796 1811 1854 1860 1909 2250 2365 2505 2613 2737 3000 3011 3340 3569 3623 3730 3831 3883 4169 4253 4305 4653 5006 5047 5761 5825
4587 5 75 362 413 502 656 933 1013 1425 1463 1966 1979 2992 3279 3351 3372 3521 3699 3808 3855 3987 4040 4155 4868 5306 5316 5658 5776
4588 205 420 544 682 694 785 808 847 1918 1963 2739 2890 2912 2945 3163 3441 3476 3836 3956 3980 4363 4374 4438 4846 4903 5340 5453 5457 5658
4589 153 613 796 946 1121 1287 1411 1546 1881 2163 2214 2445 2487 2794 3076 3088 3369 3497 3925 4433 5353 5377 5439 5743 5847
4590 12 1465 1729 1763 1912 2039 2241 2251 2503 2802 3036 3055 3328 3431 3506 3552 3799 3849 4195 4552 4564 4623 4704 5078 5425 5741
4591 277 305 388 665 731 856 907 994 1108 1189 1232 1261 1532 1562 2100 2119 2174 2227 2497 2529 2546 2633 2977 3029 3292 3304 3399 3459 3651 3680 4099 4459 4757 5093 5775 5841 5915
4592 237 273 295 327 412 428 513 792 1406 1764 2103 2406 2498 2513 2602 2683 3002 3250 3281 3393 3928 3952 4046 4271 4497 4506 4963 4966 4971 5415 5580 5725
4593 363 539 672 924 1028 1059 1291 1359 1445 1507 1679 2839 2951 3033 3204 3258 3287 3290 3830 4116 4206 4467 4815 4882 5219 5385 5402 5445 5475 5534 5599 5683 5735
4594 33 137 256 363 837 1026 1032 1093 1142 1416 1505 2573 2623 2672 3284 3349 3728 3946 4494 4562 4749 5261 5540 5725
4595 3 176 318 482 553 678 723 774 859 925 1292 1804 1888 1925 2467 2570 2788 2826 2861 3358 3364 3470 3531 3718 3789 3928 4083 4461 4653 4788 5002 5528 5760 5770 5828 5864 5878 5991
4596 102 408 693 699 799 853 982 1109 1344 2269 2304 2330 2337 2471 2580 2903 2908 3161 3307 3597 3660 3792 3983 4608 4609 4899 4981 5934
4597 246 359 870 1529 1770 2399 2487 3131 3195 3211 3297 3301 3336 3426 3526 3541 3734 4275 4909 5047 5091 5108 5586 5739 5779 5861 5997
4598 238 259 422 478 523 775 810 862 1014 1170 1200 1737 2218 2733 3125 3398 3672 3724 3827 3905 4098 4238 4743 4791 5007 5130 5200 5391 5435 5556 5683
4599 62 65 154 749 782 906 998 1042 1260 1468 1684 2340 2415 2556 2825 3105 3283 3341 3461 3778 3895 4030 4155 4161 4190 4910 5318 5471
4600 149 271 425 681 841 890 1076 1349 1535 1642 1808 1851 1918 1934 1942 2518 2766 2808 3254 3545 3574 3590 3598 4074 4232 4245 4302 4303 4315 4471 4517 4633 4954 4955 5075 5187 5360 5788 5854
4601 124 299 361 424 636 940 1444 1675 2181 2678 2694 3231 3304 3313 3407 3490 3525 3736 4638 4909 5338 5436 5498 5567 5581 5865
4602 212 261 329 331 503 930 1034 1071 1177 1645 1678 1808 1855 1931 2012 2125 2190 2203 2479 3001 3047 3330 3544 3893 4334 4353 4367 4475 4542 4559 4660 4738 4818 4865 5194 5237 5318 5389 5614 5843
4603 360 412 894 984 1191 1342 1788 1849 2007 2655 2858 3209 3214 3655 4123 4617 4673 4933 5015 5170 5186 5486
4604 401 593 808 855 1135 1554 1979 2130 2174 2189 2230 2571 2617 3585 3636 3650 3706 3728 4550 4764 4977 5637 5976
4605 180 204 225 552 594 693 734 772 1044 1109 1315 1576 1597 1608 1820 1857 1903 1909 1931 1984 2097 2384 2560 2708 2916 3240 3484 3685 3694 3867 4079 4116 4667 4811 5620 5625 5637 5863
4606 598 648 863 907 1199 1242 2149 2166 2576 2784 2874 3300 3324 3735 3870 4176 4383 4792 4864 5419 5502 5815
4607 553 709 852 1378 1702 2016 2249 2501 2554 2660 2814 3151 3207 3370 3746 3968 4371 5267 5348 5377 5514 5554 5626 5727 5983
4608 488 641 750 925 1018 1462 1529 1547 1601 1685 1839 1857 1882 1894 2441 2497 2595 2697 2839 2973 3133 3223 3358 3373 3859 3939 4211 4596 4745 4879 4912 4959 5223 5388 5399 5513 5817 5996
4609 10 142 235 610 1334 1814 1912 1947 2239 2358 2626 2770 3154 3635 3768 3783 4093 4140 4201 4554 4596 5351 5773 5883 5987
4610 215 286 936 956 1089 1101 1368 1693 2069 3334 3546 3704 4611 4765 4897 5114 5717 5775 5844
4611 429 518 650 1192 1644 2114 2208 2239 2598 2811 3263 3329 3428 3739 3922 4128 4610 4816 5128 5280 5606 5658 5919
4612 114 342 487 932 956 1182 1667 1673 1941 2308 2411 2565 2780 3151 3219 3243 3275 3404 3974 4215 4548 5114 5134 5182 5238 5490 5535 5544 5601
4613 238 523 742 947 1163 1213 1309 1939 1948 2264 2442 2488 2808 3299 3377 3378 3897 4043 4184 4541 4759 5329 5374
4614 193 423 639 836 1422 1436 1463 1543 1716 1718 1744 1804 2161 2195 2234 2370 2969 2980 2998 3332 3432 3643 3786 3916 3923 4497 4511 5285 5492 5773
4615 31 90 425 433 471 536 607 678 968 1129 1243 1518 1818 2400 2605 2855 2899 3326 3391 3864 3886 4081 4099 4123 4416 4525 4537 4686 4694 4892 4982 5023 5797 5927 5931 5974
4616 53 171 482 510 569 626 670 946 1228 1321 1629 1719 1892 2429 2477 2551 2661 2739 2766 2881 3179 3289 3601 4376 4409 4440 4479 4630 5055 5693 5911
4617 132 272 559 656 763 1066 1413 1838 2067 2109 2280 2407 2551 2664 2739 2957 3345 3718 3928 4127 4261 4603 4693 4711 5164 5317 5355 5817 5895 5928 5935
4618 26 195 368 596 757 958 985 1094 1514 1563 1882 1914 2476 2832 3306 3381 3598 3629 3904 4020 4021 4275 4559 4859 5003 5752 5996
4619 416 552 703 796 849 1160 1161 1711 1729 1867 1985 2018 2108 2387 2530 2538 2604 2797 2958 3327 3529 3540 3614 3735 3845 4239 4699 4743 5214 5419 5449 5798 5913 5947 5958
4620 4 199 849 902 914 1110 1749 1955 2053 2189 2314 2432 2631 2975 2996 3156 3190 3321 3335 3565 3832 3915 4188 4407 4485 4789 4888 4976 5167 5197 5564 5752
4621 54 139 407 853 860 1158 1320 1555 1914 2110 2143 2214 2219 2702 2814 2979 2991 3000 3491 3588 3958 4182 4231 4280 4311 4819 4947 5051 5164 5256 5552 5678 5946
4622 87 395 647 802 1122 1211 1701 2213 2295 2739 2977 3309 3321 3478 3485 3486 3504 3757 4565 4655 4820 4900 5193 5231 5316 5920
4623 43 113 156 341 433 578 758 1035 1073 1131 1291 1696 2167 2229 2285 2415 2549 2714 2739 3387 3544 3688 3756 4082 4218 4235 4455 4500 4590 4969 5089 5201 5212 5393 5662 5811 5849
4624 3 279 471 713 1229 1284 1346 1848 2164 2228 2353 2676 3188 3237 3300 3336 3412 3766 3829 4327 4529 4652 4689 5075 5853 5982
4625 242 732 742 851 1043 1120 1185 1841 1960 2336 2502 2837 3067 3408 3459 3467 3871 4012 4043 4062 4337 4668 5325 5492 5767 5875
4626 274 287 757 847 1168 1287 1490 1521 1654 1789 1799 1820 2265 2295 2673 2674 3032 3049 3144 3313 3488 3523 3570 3618 3806 3817 3983 4050 4394 4672 5309 5784
4627 74 338 631 871 1355 1598 2199 2221 2402 2473 2782 3312 3381 3437 3459 3848 3883 4373 4505 4542 5101 5151 5195 5866
4628 218 268 440 454 1372 1593 1614 1706 2318 2685 3014 3175 3179 3247 3501 3639 3881 3893 3987 4070 4173 4223 4454 4806 5028 5285 5290 5493 5738 5813 5816
4629 176 204 327 558 565 806 831 887 892 1202 1227 1284 1406 1829 2037 2319 2374 2400 2444 2521 2567 2933 2962 2964 3766 3863 4127 4467 4542 5044 5120 5178 5196 5391 5775
4630 46 278 440 624 1235 1313 1766 2074 2152 2374 2495 2816 2823 3026 3435 3603 3688 4350 4382 4616 4975 5195 5869
4631 330 348 941 1489 1617 2218 2293 2530 2934 3015 3118 3133 3144 3180 3394 3412 3603 3673 3871 3946 4413 4482 4635 4673 4702 4891 4912 5105 5348 5435 5579 5718 5935
4632 35 112 236 901 975 1426 1480 1490 1561 1790 1815 2035 2162 2277 2332 2539 2553 2668 2803 2831 2855 2891 2930 3010 3052 3167 3397 3616 3811 3921 4865 5022 5204 5279 5372 5554 5800
4633 811 952 967 1095 1229 1283 1298 1402 1481 1719 2223 2774 2829 3508 3764 4261 4520 4600 4674 4736 4892 5094 5247 5307 5746 5751
4634 132 143 290 593 1069 1081 1102 1462 1766 1966 2103 2171 2195 2203 2224 2265 2506 2557 2622 3013 3108 3113 3327 3672 3764 4018 4130 4252 4382 4790 4895 4910 4943 5548 5740 5873
4635 161 415 487 539 845 917 1065 1427 1476 1565 1581 1601 1778 2378 2433 2701 2717 2799 2820 2854 2879 2893 2942 3516 3755 4154 4165 4182 4372 4406 4441 4631 4920 5116 5163 5198 5396 5624 5773 5816
4636 25 128 346 740 1020 1252 1580 2484 2846 3133 3347 3355 3502 3785 3838 3984 4256 4468 4540 4825 5436 5525 5589 5868 5881
4637 53 234 238 437 479 482 667 835 891 962 979 1023 1133 1161 1172 1767 1952 2036 2147 2474 2631 2660 2744 2973 3081 3797 3994 4143 4495 4504 4670 4844 5004 5096 5153 5211 5241 5280 5544 5684 5879
4638 212 256 305 576 1021 1132 1345 1861 2084 2290 2859 3324 4279 4311 4419 4496 4601 4742 4769 5549
4639 30 200 527 698 831 968 1166 1377 1584 2000 2485 2595 2904 3011 3110 3180 3232 3434 3647 3887 3919 4834 4859 5124 5189 5199 5507 5637 5678 5946 5961
4640 279 604 1264 1321 1341 1658 2113 2498 2543 2712 3125 4126 4261 4946 4995 5252 5370 5709 5950
4641 296 504 646 861 876 1738 1739 1816 2325 2725 3037 3597 3675 3817 4373 4459 4576 4762 4812 5237 5299 5870
4642 136 496 501 574 875 977 1186 1223 1238 1245 1252 1812 1873 1919 2018 2234 2356 2357 2374 2437 2692 2706 2750 2758 2968 3072 3118 3130 3156 3226 3916 4650 4713 4829 4878 5163 5235 5262 5283 5588 5621 5811
4643 261 605 953 1130 1134 1459 2432 2473 2698 3527 3576 3628 3918 3963 4024 4245 4775 5250 5357
4644 22 315 349 823 872 1150 1490 1685 1872 2083 2127 2445 2536 2624 2815 2853 2940 3291 3378 3848 4201 4300 4527 4833 5108 5132 5352 5552 5670 5741 5860
4645 114 1009 1022 1571 1964 2305 2788 2955 2983 3326 3862 3950 4211 4266 4280 4330 4780 5275 5890
4646 794 1029 1104 2165 2440 2938 3082 3115 3530 3587 3973 4547 4915 4961 5491 5523 5893
4647 32 600 1250 1323 1712 1846 2359 2662 2711 2754 3125 3179 3590 3619 3887 4011 4125 4380 4428 4478 4943 5101 5209 5839 5892
4648 190 246 366 1192 1268 1852 2035 2364 2387 2457 2510 2599 2889 2933 3225 3354 3372 3667 3678 3930 4188 4210 5202 5243 5246 5814 5815
4649 151 238 354 733 863 952 1061 1088 1409 1437 1687 2071 2864 3658 3841 3903 3910 4672 4869 4909 5140 5157 5185 5977
4650 628 761 808 931 938 1172 1180 1222 1339 1406 1407 1548 1680 2017 2257 2461 3010 3056 3365 3600 3617 3665 3708 4066 4080 4139 4203 4395 4461 4642 4707 4966 5489 5514 5548 5875 5927 5936
4651 481 495 664 768 890 1670 2072 2111 2269 2436 2597 2730 2764 2965 3184 3188 3252 4312 5203 5516 5626 5996
4652 334 564 691 1076 2690 2741 2796 3451 3556 3694 3736 4046 4369 4439 4624 4775 4927 5325 5368 5669 5744 5919 5926
4653 252 266 1135 2008 2081 2106 2137 2163 2267 2372 2682 3005 3154 3295 3349 3461 4001 4128 4586 4595 4980 5118 5308 5663 5838
4654 47 112 274 334 363 438 719 813 1125 1307 1428 1506 1707 1739 1753 2119 2331 2642 2916 2993 3375 3461 3555 3691 3808 4037 4083 4125 4260 4433 4665 5026 5384 5599 5656 5827
4655 161 404 545 546 735 819 850 862 1154 1397 1448 1469 1570 1847 1943 2083 2169 2240 2458 2487 2492 2789 3225 3354 3759 4144 4166 4381 4622 4845 5180 5211 5406 5774
4656 181 188 246 385 766 1320 1371 1435 1535 1724 2242 2348 2481 2804 2932 3018 3598 3854 3863 3957 4515 4941 5056 5074 5153 5512 5710
4657 682 759 776 979 1917 2217 2241 2256 2272 2365 2368 2429 2594 2751 3106 3108 3440 3964 4053 4386 4444 4480 4558 4685 4701 4849 5068 5325 5453 5597 5813
4658 221 612 923 1263 2510 2641 2682 2809 2922 3238 4108 4177 4430 4494 4741 4749 4791 4939 4954 5077 5752 5782 5821 5842 5899
4659 30 314 354 551 570 793 876 1001 1618 1678 1718 1740 2431 3043 3403 3671 3868 4064 4251 4320 4391 5127 5421 5702
4660 180 188 217 252 253 292 700 1058 1405 1513 1705 1793 1996 2041 2104 2249 2602 2767 2817 3017 3191 3546 3598 4129 4184 4235 4430 4602 4665 4830 4853 4995 5135 5425 5452 5583 5632 5691 5775 5806 5907
4661 517 784 879 1209 1376 1377 1626 1715 1824 2360 2765 3160 3165 3190 3370 3677 3716 4022 4329 4568 4704 4828 4841 4855 4888 4921 4927 5284 5734 5739 5781 5826 5862
4662 342 696 1089 1309 1504 1507 1520 1645 1767 1776 2034 2234 2454 2498 3255 3635 4277 4417 4859 5010 5452
4663 53 205 350 649 1065 1081 1168 1389 1733 1952 2079 2181 2756 2866 2881 3094 3105 3106 3233 3412 3515 3535 3592 3645 3748 4214 4318 4428 4569 4821 5074 5157 5898
4664 533 811 932 1302 1434 1499 1909 1913 2124 2623 2927 3050 3158 3478 3690 4051 4361 4529 4917 4928 5433 5657 5659
4665 129 272 279 307 663 1081 1732 2451 2480 2534 3123 3150 3852 4013 4031 4084 4358 4442 4529 4654 4660 4780 4862 5002 5042 5181 5441 5717 5799 5916
4666 7 387 460 594 601 658 694 897 1016 1143 1271 1312 1323 1507 2304 2432 2862 3063 3331 3592 3796 4060 4727 5278 5480 5723 5750
4667 14 87 310 1047 1318 1474 2156 2347 2507 2884 3069 3179 3375 3497 3736 3844 4562 4605 4685 4713 5528 5555 5590 5747 5773 5817
4668 417 437 758 873 916 1074 1273 1354 1476 1622 1634 1857 2256 2450 2649 3022 3026 3968 4043 4146 4625 5267 5329 5386 5469 5630 5998
4669 32 95 304 321 396 855 940 1003 1041 1233 1283 1693 1853 1931 2411 2519 2572 2690 2746 2954 3151 3228 3504 3796 4172 4853 5014 5220 5256 5502
4670 652 699 727 959 1127 1153 1154 1200 1332 1838 1911 2115 2502 2714 2836 2950 3093 3098 3521 3607 3986 4290 4336 4429 4441 4637 4691 4784 4806 5412 5579 5590 5591 5683 5888
4671 125 150 457 469 609 617 1181 1923 1940 1945 2016 2226 2232 2359 2640 2914 2978 3157 3171 3301 3912 4042 4226 4793 4884 5277 5318 5445 5465 5580
4672 173 530 1427 1516 1612 1822 2032 2098 2250 2340 2394 2449 2502 2521 2716 2891 3522 4072 4195 4626 4649 4829 5082 5108 5311 5731
4673 269 769 991 1020 1058 1504 1627 1843 2141 2152 2336 2368 2725 2793 2822 2933 3171 3358 3642 4062 4205 4511 4603 4631 4683 4944 5165 5350 5419 5932
4674 30 454 666 721 1298 1330 1350 1378 1431 1622 1624 1883 2230 3295 3542 3571 3872 4181 4313 4633 5092
4675 106 177 238 257 624 660 662 809 964 991 1158 1265 1494 1670 1735 2122 2348 2525 2681 2785 2898 3164 3539 4101 4177 4903 4914 4987 4994 5000 5082 5562 5700 5792 5965
4676 481 894 1191 1250 1434 1760 1907 2248 2383 2539 2753 2785 3232 3266 3352 3378 3437 3471 3601 3629 3732 3734 3801 4440 4568 4927 4975 5044 5495 5547 5910
4677 269 631 884 921 987 1312 1318 1944 2006 2399 2596 2643 2689 2906 3009 3141 3831 4138 4210 4455 4718 4989 5037 5108 5394 5405 5429 5555 5805 5936
4678 17 161 197 296 366 754 925 949 1148 1195 1213 1354 1480 1876 2150 2873 2875 2910 3004 3180 3549 3612 3663 3723 3843 3887 3947 4123 4332 4368 4702 4792 5031 5134 5152 5225 5337 5377 5676 5686
4679 134 210 499 580 662 1101 1134 1161 1206 1308 1462 1503 2565 2655 2962 3045 3161 3290 4527 4842 5105 5683 5956
4680 194 402 604 657 939 1378 1538 1854 2031 2230 2303 2322 2369 2450 2827 2883 2950 3353 3531 3680 3778 3965 4683 4700 4728 4780 4943 5205 5621 5892 5934 5943
4681 46 188 459 542 941 1381 1533 1674 1850 2053 2067 2076 2134 2167 2334 2601 3109 4029 4144 4292 4340 5288 5842
4682 321 352 499 581 759 840 919 1288 1309 1323 1504 1530 1753 2075 2735 2777 3037 3236 3557 3997 4252 4284 4296 5023 5324 5368 5396 5563 5758
4683 320 411 776 805 870 935 957 1154 1277 1370 1405 1507 1527 1868 2023 2163 2181 2544 2624 2674 2749 3146 3466 4138 4234 4531 4673 4680 4863 5292 5567 5921
4684 301 402 472 589 814 824 1449 1576 1725 1845 1934 2172 2187 2668 3023 3106 3336 3369 3515 3637 3674 3714 3929 4474 4557 5508
4685 71 219 346 413 676 1281 1312 1555 1792 1876 1931 2213 2421 2537 2643 2917 3061 3224 3268 3279 3326 3561 3580 3606 3763 3920 4514 4577 4657 4667 5167 5215 5318 5319 5598 5802 5970
4686 49 317 335 593 610 685 693 708 918 1171 1399 1439 2499 2719 2784 2901 3219 3298 3495 4050 4259 4501 4542 4615 4702 5118 5153 5193 5759 5953
4687 17 161 360 787 817 902 1169 1267 1306 1354 1440 1663 1783 1912 1923 2005 2339 2360 2371 2598 2633 2639 2979 3075 3210 3533 3975 4010 4302 4453 4500 5057 5195 5897 5902
4688 47 280 685 735 760 770 783 1190 1218 1376 1942 2191 2263 2406 2539 2661 3532 4215 4247 4268 4443 4750 5367 5520 5710 5904 5979
4689 275 443 468 674 858 920 924 1012 1098 1117 1232 1300 1478 1617 1751 1762 1917 1989 2325 2343 2491 2890 2993 3445 3836 3921 4221 4386 4442 4504 4624 4766 4804 4959 4998 5280 5391 5759
4690 41 107 214 236 621 645 783 971 978 2417 2661 2865 2990 3060 3092 3184 3214 3528 4171 4502 4887 5212 5534 5624 5788 5789 5907 5943
4691 675 747 1007 1305 1462 1502 1567 1820 2100 2434 2445 2452 2546 2901 3018 3507 3809 3924 3937 3975 4077 4550 4670 4705 5170 5396 5408 5472 5668 5674
4692 72 324 623 1195 1260 1351 1355 1376 1651 2132 2536 2539 2551 2828 3101 3117 3208 3228 3540 3554 4384 4499 4566 5053 5772 5890
4693 210 308 648 761 827 1161 1203 1231 1785 1946 1950 2060 2089 2798 3105 3262 3310 3386 3465 4062 4256 4370 4377 4407 4617 4875 5045 5124 5485 5498 5646 5813 5845 5861
4694 143 176 503 552 554 587 623 641 644 656 692 868 1417 1433 1584 1635 1643 2509 2528 2915 3181 3199 3528 3600 3627 3918 3963 3983 4190 4328 4509 4615 4941 4982 5266 5271
4695 242 345 507 656 663 799 801 886 1385 1535 2057 2160 2513 2548 2582 2583 2592 2710 2752 2755 2981 3481 3628 3637 3807 4024 4243 4998 5106 5682 5757
4696 258 265 387 516 526 548 778 1045 1394 1398 1793 1814 1877 2004 2129 2409 2435 2797 2977 3156 3192 3253 3341 3358 3652 3729 4107 4155 5055 5270 5613 5694 5778
4697 21 94 436 816 964 1090 1134 1138 1281 1430 2345 2642 3064 3196 3650 3737 3886 4432 4475 4798 4836 5740 5757 5872
4698 624 860 1099 1611 1708 1800 1884 2770 2821 2922 3005 3159 3189 3426 3581 3610 3656 3994 4178 4197 4236 4543 5417
4699 72 240 581 589 669 1031 1236 1253 1673 1907 2076 2188 2553 2578 2691 3001 4573 4619 4813 4871 5108 5227 5292 5559 5586 5728 5810 5872 5919
4700 105 360 450 741 793 992 998 1129 1350 1356 1359 1434 1527 1552 1816 2170 2209 2223 2491 2812 2991 3004 3020 3478 3697 3777 3931 4094 4105 4166 4403 4437 4680 4770 4887 4913 4982 5115 5178 5228 5256 5287 5340 5659 5784 5937
4701 102 323 365 460 670 700 849 891 1042 1049 1077 1111 1350 2297 2398 2399 3156 3630 3641 3777 3972 4017 4396 4499 4548 4559 4657 4783 5334 5417 5577 5787 5791 5868
4702 411 716 1413 1445 1588 1631 1770 1851 2653 2844 3033 3254 3266 3503 3754 4264 4299 4493 4631 4678 4686 5186 5287 5804 5894
4703 390 453 470 659 1155 1349 1351 2042 2333 2366 2416 3095 3412 3489 3696 3843 3852 3893 3962 4270 4284 5120 5334 5585 5652 5668 5724
4704 69 1152 1726 1881 2162 2348 2480 2620 2944 3189 3285 3480 3497 3568 3733 3753 3966 4123 4494 4590 4661 4745 5453 5779 5982
4705 26 175 188 704 902 916 1254 1370 1442 1601 1606 1681 1836 2020 2083 2372 3351 3395 3755 3842 3888 4064 4253 4691 4722 4900 4961 5524 5655 5718 5907
4706 159 163 683 837 911 938 1157 1247 1295 1766 1778 1811 2378 2381 2404 2422 2709 2825 2971 3096 3312 3598 3722 3916 3957 4071 4125 4371 5238 5304 5994
4707 28 623 709 1056 1157 1431 1672 2077 2332 2425 2433 2910 3243 3308 3346 3576 3773 3811 3864 3965 4014 4138 4211 4471 4650 4872 5746
4708 8 114 237 350 467 1033 1427 2035 2461 3056 3174 3376 3540 3557 3674 3994 4747 5284 5342 5531 5637 5705
4709 256 387 1002 1323 1337 1386 1667 1723 1814 2949 3070 3131 3140 3343 3408 3567 3693 3802 3868 4043 4194 5106 5325 5327 5450 5506 5533 5547 5600 5601 5613 5719
4710 65 204 218 375 619 672 789 816 834 1111 1418 1426 2020 2243 2284 2394 2890 3260 4167 4277 4469 4570 4787 5019 5366 5578 5760 5985
4711 313 741 985 1839 2049 2181 2195 2312 2370 2371 3332 3790 4009 4617 4961 4978 5021 5307 5462 5472 5726 5741 5750 5859
4712 94 600 630 757 770 834 944 1207 1425 1519 1852 1998 2003 2226 2320 2674 2811 2829 3208 3583 3624 3772 3826 3851 4035 4092 4178 4197 4199 4346 4756 5157 5182 5407 5411 5488
4713 79 155 552 626 695 876 1179 1630 1739 1860 1938 1973 2081 2534 2603 3021 3061 3499 3616 3675 3688 3753 3780 3863 3884 4004 4390 4431 4642 4667 4806 4972 5127 5193 5377 5728 5879 5926
4714 231 366 428 800 940 1417 1437 1493 1953 2275 2350 2381 2476 2479 2955 3013 3190 3616 3735 3974 4715 5097 5240 5623
4715 301 334 390 1246 1358 1461 1791 2265 2916 3089 3152 3205 3617 3770 3857 4155 4480 4714 4870 5182 5286 5363 5480 5669 5741 5835
4716 137 141 371 721 786 1081 1136 1274 1326 1353 1580 1840 2039 2260 2436 2470 2671 3387 3411 3462 3538 3806 3938 4359 4505 5128 5241 5702 5827 5841 5853
4717 230 306 388 396 626 653 965 1061 1270 1700 1727 1793 1796 2212 2376 2812 2912 3204 3799 4287 4894 4921 4994 5073 5241 5335 5358 5561 5734 5910
4718 13 272 424 546 1168 1682 1690 2012 2064 2744 2753 3035 3046 3280 3322 3688 3791 3856 3972 4099 4282 4677 4860 5448 5479 5492 5550
4719 128 478 580 692 861 1474 1545 1806 1940 1953 2365 2787 2952 3252 3599 3707 3747 4432 4722 4760 5072 5122 5315 5450 5489
4720 283 979 1218 1276 1440 1489 1619 2496 2538 2675 2801 2878 2893 3576 3932 4090 5216 5794 5831 5882
4721 69 257 319 447 746 900 1224 1265 1461 1550 1849 1928 1983 2229 2314 2332 2491 2691 2765 3264 3301 3677 4150 4155 4274 4284 4860 4906 4914 5329 5709 5784
4722 275 1107 1438 2064 2413 2628 2757 3488 3564 3703 3828 3854 4020 4284 4336 4354 4585 4705 4719 4788 4789 5278 5405 5422 5574 5790 5799
4723 278 415 466 492 534 701 780 1096 1330 1993 2176 2552 2973 3156 3331 3478 3522 3677 3740 3746 3798 4158 4239 4246 4452 4489 4791 5192 5238 5604 5658 5703 5718
4724 260 605 752 1190 1502 1515 1694 2111 2132 2190 2240 2259 2297 2683 2693 3038 3166 3213 3308 3344 3410 3600 3660 4085 4565 5301 5559 5971
4725 22 78 496 517 728 1215 1252 1282 1424 1518 1613 1624 2009 2141 2154 2162 2750 2794 2985 3072 3162 3244 3308 3422 3604 4375 4418 4461 4808 4896 5618 5669 5681 5896
4726 90 195 199 289 546 587 604 688 888 1130 1286 1341 1484 1550 1652 1847 1869 1974 2126 2163 2315 2507 2736 2744 3481 3496 3716 3833 3875 3881 3993 4157 4254 4751 4954 5614 5739 5881
4727 39 86 539 594 745 1197 1232 1261 1362 1747 1857 2359 2873 2879 3130 3314 3510 3632 3843 4542 4666 4738 4893 4903 5617 5637 5699 5770 5877 5905
4728 84 135 219 307 349 567 789 836 884 925 1025 1032 1510 1554 2004 2108 2923 3229 3284 3350 3387 3444 3575 3721 3861 4187 4680 4732 4777 4839 4861 4918 5196 5432 5715
4729 388 1378 1500 2352 2478 2483 2552 2749 3388 3584 3678 3680 4061 5243 5507 5554 5626 5755 5918 5970
4730 82 84 90 240 349 457 535 1503 1584 2065 2440 2585 2667 3013 3523 3527 3644 3757 3984 4244 4382 4388 4858 4933 4937 4946 4992 5048 5075 5212 5239 5789 5860
4731 119 604 939 1016 1334 1713 1757 1760 3039 3430 3485 3612 3686 3699 3946 4216 4321 4327 4563 5338 5501 5768
4732 128 221 461 466 700 1136 1269 1288 1700 1710 1920 2216 2220 2403 2549 2608 2856 2876 3265 3291 4088 4127 4311 4728 4882 4942 5253 5288 5547 5614 5698 5700
4733 123 129 177 252 257 442 466 523 781 868 883 1161 1198 1608 1687 1908 1989 2499 2586 2707 2840 3114 3324 3623 4176 4280 4471 4568 4754 4863 4936 4973 5336 5753 5828
4734 339 603 847 1207 1587 1606 1630 2085 2345 2596 2737 2762 2872 3238 3268 3314 3332 3685 3861 3901 4253 4512 4741 4844 4995 5148 5167 5195 5298 5763 5818 5911
4735 37 40 111 335 387 542 714 742 1121 1302 1538 1726 2238 2946 3003 3228 3614 3745 3801 3911 4013 4096 4210 4375 4440 4830 4901 4991 5092 5655 5945
4736 301 489 525 707 862 1449 1631 1894 2164 2451 2457 3004 3541 3806 3826 3882 4048 4081 4089 4323 4411 4633 4835 4901 5030 5095 5107 5225 5330 5372 5378 5446 5526 5714 5788 5801
4737 86 290 545 599 1333 1584 1770 1869 2071 2185 2291 2925 3514 3621 3913 4045 4091 4336 4420 4793 4829 5120 5257 5421 5865
4738 69 478 1182 1878 2007 2063 2114 2461 2486 2641 2795 3641 4602 4727 4758 4785 4901 5078 5109 5343 5526 5670 5866
4739 274 373 396 846 1020 1106 1407 1449 1502 1678 1846 2518 2737 2985 3177 3328 3337 3588 3688 3862 3930 3962 3963 4330 4961 4988 5184 5326 5465 5810 5884
4740 97 242 756 1196 1433 1531 1729 1785 2357 2796 3142 3352 3403 3491 3715 3780 3840 4253 4412 4903 4961 5204 5209 5298 5304 5312 5607 5694 5757 5775
4741 396 508 513 643 824 1054 1197 1386 1431 1549 1868 2080 2246 2249 2336 2353 2459 2589 2655 3537 3560 3727 4658 4734 5000 5761 5869 5990
4742 114 175 461 549 550 882 1368 1485 1783 1858 2139 2155 2308 2685 2827 2976 3154 3236 3672 4126 4464 4555 4638 4939 4994 5046 5187 5243 5516 5534 5890
4743 733 950 1518 1718 1967 2315 2320 2379 2418 3516 3735 3887 4261 4262 4285 4471 4598 4619 4869 4958 5129 5211 5484 5661 5674 5824 5984
4744 541 547 653 696 766 958 1552 1630 2631 2976 2985 3315 3837 4127 4321 4432 4946 4993 5054 5084 5182 5353 5535 5994
4745 52 283 965 995 1270 1305 1609 1636 1649 2004 2165 2177 2220 2628 2655 2847 2914 2997 3433 3890 3899 4027 4236 4444 4608 4704 4779 4931 5118 5272 5290 5503 5626
4746 73 339 515 605 771 776 947 994 1030 1303 1527 1657 1815 2037 2214 2262 2394 2454 2503 2654 2668 2771 3555 3753 3799 3814 4127 4219 4343 4500 5223 5439 5558
4747 123 795 932 1114 1120 1132 1138 1160 1275 1474 1499 1923 2517 2836 3234 3286 3474 3475 3627 3750 3875 3889 3895 4149 4176 4451 4708 4798 5405 5541
4748 147 397 915 999 1096 1175 1201 1493 1721 1761 2347 2380 2877 3041 3083 3297 3567 3694 3759 3820 4172 4305 4760 4892 5217 5725 5811 5965
4749 159 183 232 298 424 608 1187 1197 1311 1558 1640 1729 1968 2210 2423 2553 3187 3918 4038 4159 4398 4460 4530 4594 4658 4759 5706 5786 5827
4750 95 518 1255 1528 1614 1699 1999 2078 2185 2367 2390 2501 2542 2727 2948 3229 3525 3548 3570 3871 3970 4312 4486 4550 4688 4768 4996 5090 5176 5351 5792
4751 114 136 232 671 963 1238 1410 1458 1785 2296 2348 2354 2668 2795 2860 3076 3191 3253 3437 3645 3801 3913 4091 4726 4764 4963 5530
4752 273 389 896 1081 1145 1239 1530 1672 1684 1780 1810 1828 1977 3545 4182 4251 4511 4549 4785 4924 5045 5132 5460
4753 185 676 1083 1414 1664 1806 1820 1844 1980 2023 2080 2545 2609 2675 2717 2888 3149 3212 3614 4071 4321 4771 4830 4865 5070 5201 5459 5628 5643
4754 11 268 299 369 432 707 829 1188 1199 1726 1845 1901 1905 2215 2254 2342 2795 3011 3289 3387 3820 3961 4040 4159 4337 4396 4733 4864 4869 4884 5089 5142
4755 317 723 782 956 1094 1188 1539 1608 1824 1936 2165 2814 2943 3178 4005 4197 5274 5524 5527 5715
4756 81 635 904 1223 1274 1495 1554 1605 2552 2729 3088 3177 3377 3570 3681 3723 3865 4052 4135 4330 4467 4712 4822 4945 5135 5212 5219 5505 5576 5696 5932
4757 670 1075 1301 1484 2143 2162 2336 2539 2657 2680 2945 2963 3088 3576 3651 4062 4147 4591 5006 5041 5129 5529 5559 5640 5711
4758 572 650 754 951 1128 1460 1502 1552 1985 2114 2606 2724 2961 3017 3115 3457 3527 4330 4488 4738 5197 5561 5581 5828
4759 86 540 645 1006 1171 1376 1389 1736 1738 1923 2162 2351 2461 2800 2947 3079 3088 3162 3213 3336 3614 3884 3974 4007 4069 4233 4581 4613 4749 4808 4894 5312 5405 5423 5605 5805 5904
4760 361 1289 1439 1780 1880 1971 2246 2407 2793 3086 3468 3978 4006 4017 4028 4232 4574 4719 4748 5062 5595
4761 114 150 499 753 1290 1536 1572 1774 1791 1988 2029 2296 2443 2476 2612 2618 2804 3154 3273 3472 3690 3711 4072 4119 4447 5150 5527 5535 5601 5732 5744 5985
4762 248 316 455 495 575 766 859 1022 1056 1241 1242 1640 1759 1924 2239 2268 2278 2885 2979 3110 3131 3255 3279 3321 3650 3706 3742 3754 3785 3968 3983 4087 4111 4112 4137 4229 4527 4576 4641 4806 4956 5071 5207 5229 5375 5423 5583 5893
4763 179 322 473 940 1118 1144 1252 1253 1282 1473 1500 1558 1968 1984 2107 2677 3421 3565 3672 3857 3912 4147 4235 4426 4458 4465 4936 5460 5849 5864 5938
4764 169 646 877 1319 1638 2081 2187 2220 2655 2744 2833 3062 3178 3601 3639 3836 3970 3997 4123 4173 4604 4751 4997 5222 5546 5788
4765 16 132 405 512 609 624 650 743 968 1103 1139 1267 1559 1583 1616 1747 1842 1948 2043 2273 2356 2647 3212 3324 3373 3798 3994 4251 4610 4831 5352 5594 5640 5835
4766 77 124 207 331 483 774 868 1479 1508 1682 1974 2357 2582 2825 2888 2980 3028 3502 3748 4115 4467 4505 4689 5146 5168 5215 5409 5499 5595 5643 5843 5930 5972
4767 50 65 229 275 315 534 631 672 673 987 1018 1215 1323 2075 2099 2219 2509 2639 3180 3382 3623 3670 3736 3816 3890 3893 3985 4961 5048 5134 5149 5185 5316 5436 5516 5552 5713
4768 132 655 825 828 1292 1405 2232 2304 2581 2620 2838 3229 3341 3407 3594 3681 4139 4358 4750 4972 5453 5757 5926
4769 52 85 466 562 695 699 901 948 957 1115 1365 1612 1727 1971 2008 2105 2174 2190 2295 2826 3025 3065 3194 3368 3497 3798 3950 3978 4167 4374 4638 4995 5277 5436 5510 5608 5651 5845 5874 5915 5984
4770 15 112 586 697 817 905 951 979 1010 1156 1577 1618 1682 1844 2103 2310 3060 3449 3692 3851 3961 4019 4089 4422 4700 4870 5310 5557 5835 5869 5989
4771 241 251 357 584 693 714 781 831 852 890 962 1163 1488 1759 1781 1817 2094 2129 2239 3008 3035 3193 3731 3836 4530 4562 4753 5027 5314 5338 5435 5650 5999
4772 153 473 626 694 699 732 740 1049 1323 1423 1476 1607 1910 2045 2063 2431 2474 2550 2581 2586 3232 3250 3429 3885 4399 4488 4839 5430 5530 5555 5858
4773 268 321 764 1017 1033 1162 1186 1187 1335 1637 1681 1714 1795 1815 1977 2089 2427 2470 2651 2851 3667 4027 4091 4103 4126 4256 4341 4429 4553 4822 4858 5020 5021 5173 5323 5508 5718 5941
4774 282 294 410 704 851 1218 1490 1530 1629 2120 2205 2264 2471 2821 3107 3204 3381 3459 3529 3561 3830 4102 4125 4315 5792 5848 5857 5881 5940
4775 107 221 451 641 671 768 971 1415 1457 1465 1732 2441 2682 2847 3209 3293 3414 3570 3905 4202 4643 4652 5303 5706 5798 5885
4776 85 309 719 772 824 836 1187 2161 2393 2397 2512 2523 2600 3015 3205 3560 3766 3963 4026 4567 4799 4828 5159 5302 5934
4777 374 523 662 666 928 1616 1648 1814 1916 2388 2484 2559 2652 2922 2973 3170 3196 3512 3544 3759 3810 3830 4026 4181 4304 4728 4937 4951 5077 5135 5384 5392 5544 5843 5855
4778 136 379 442 668 880 909 970 1757 2331 2427 2448 2762 2883 2982 3231 3238 3410 3479 3557 3623 3642 3861 3871 3933 4194 4468 4878 5777 5967
4779 158 492 613 1047 1890 1979 2114 2145 2253 2263 2336 2501 2537 2589 2650 2892 3303 3540 3633 3702 3914 4093 4745 4949 5091 5247 5250 5260 5832
4780 126 358 399 722 888 1057 1651 2380 2617 2786 3232 3273 3308 3585 4054 4299 4645 4665 4680 5234 5250 5547
4781 121 139 331 396 985 1291 1885 1907 1909 1913 2243 2263 2512 2545 2603 2637 2776 3519 3757 4027 4260 4385 4552 4898 5048 5116 5168 5213 5215 5502
4782 290 397 556 614 674 686 740 1302 1334 1422 1884 1948 2165 2228 2278 2334 2401 2449 2495 2554 2803 2863 2969 3243 3259 3709 3812 3905 3930 4235 4271 4320 4341 5028 5366 5441 5491 5599 5706 5788 5986
4783 147 199 221 284 402 556 560 1267 1400 1536 1583 1652 2078 2304 2413 2503 2505 2631 2637 2688 3499 3520 3995 4023 4165 4421 4701 5042 5121 5175 5595 5899
4784 259 280 299 768 950 1532 1641 1889 1963 2328 2643 2682 3125 3168 3191 3254 3438 3572 3616 3645 3942 3957 4084 4375 4670 4799 4809 5577
4785 59 116 455 463 509 612 741 934 1171 1283 1297 1298 1422 1425 1541 2173 2325 2489 2552 2605 2783 2907 3190 3281 3456 3458 3555 3576 3810 3829 4434 4474 4738 4752 4956 5337 5547 5611 5624 5868
4786 95 152 254 330 340 930 995 1790 2051 2121 2191 2345 2788 2811 2829 3114 3606 3805 4384 4428 4838 4918 4953 5108 5228 5495 5861
4787 183 338 438 1148 1224 1391 1536 1650 2022 2339 2587 2598 2767 3029 3291 3521 4023 4149 4403 4470 4577 4710 5111
4788 80 882 957 1139 1598 1710 1861 1925 2059 2119 2446 2535 2728 2988 3036 3522 3557 3697 4205 4276 4296 4493 4595 4722 4994 5102 5197 5280 5539 5669 5758 5837 5853 5900
4789 199 213 351 777 848 942 1145 1613 1769 1781 1809 1933 2094 2118 2438 2451 2830 2858 3014 3063 3065 3069 3221 3263 3434 3626 3670 3703 3845 4003 4052 4151 4179 4246 4380 4620 4722 5013 5019 5306 5440 5479 5513 5601 5642 5697 5948
4790 40 141 735 980 1098 1225 1442 1759 1865 1920 1972 2384 2646 3086 3198 3505 3863 4071 4163 4247 4585 4634 5357
4791 90 282 298 488 579 667 710 739 830 1400 1803 1970 2071 2212 2373 3279 3584 4159 4598 4658 4723 5294 5408 5468 5648 5726
4792 323 498 656 1160 1330 1617 1773 1814 2219 2249 2374 2596 2912 3033 3110 3582 3640 3907 4025 4203 4288 4606 4678 4971 5031 5123 5132 5201 5569
4793 419 585 932 1040 1059 1386 1496 1942 2582 2612 2858 3082 3621 3744 4441 4476 4558 4671 4737 5310 5322 5579 5589 5898 5962 5972 5979
4794 6 85 424 642 852 1011 1070 1546 1575 1770 2429 2598 3340 3354 3380 3717 3976 4024 4081 4148 4170 4254 4547 4886 5272 5548 5798 5845 5977
4795 6 298 344 382 682 919 1102 1379 1762 1771 2221 2447 2582 2777 2829 3337 3360 3518 3626 3693 4097 4108 4386 4830 5145 5365 5369 5615 5652 5723
4796 194 275 372 416 741 897 1117 1443 1634 1761 2539 2674 3415 4470 4991 5095 5121 5426 5480 5574 5894
4797 46 90 91 254 1141 1218 1229 1311 1608 2364 2487 2490 2663 2839 3690 3758 3803 3826 3895 3961 4071 4220 4539 4850 5115 5752 5800 5856 5880
4798 187 444 467 479 651 714 749 766 784 910 1185 1280 1573 1583 1780 1811 2221 2372 2505 2705 2817 3069 3197 3227 3341 3446 3501 3610 3624 4060 4697 4747 5095 5096 5222 5313 5418 5494 5746 5765 5848 5877
4799 5 389 572 600 733 840 1228 1325 1335 1350 1445 1653 1826 2282 2402 2433 2496 2538 2961 2964 3104 3250 3485 3896 4069 4098 4133 4303 4337 4776 4784 4815 5063 5179 5244
4800 124 447 509 736 832 1422 1469 1577 1805 2093 2511 2587 2621 2692 2954 3365 3406 3472 3679 4042 4276 4405 4934 5261 5351 5393 5421 5448 5521 5616
4801 112 113 195 318 480 692 1236 1288 1318 1407 1424 1637 1685 2004 2050 2105 2118 2341 2428 2613 2855 3000 3207 3295 3358 3388 3657 3896 4032 4147 4302 4365 4523 4991 5032 5518
4802 281 333 584 1104 1156 1358 1570 1681 2013 2014 2028 2327 2334 2377 2853 2962 3193 3350 3411 3516 4175 4250 4333 4869 4977 5140 5158 5619 5845 5850
4803 111 183 335 400 451 463 519 589 667 933 1067 1388 1472 1515 1542 1900 2186 2569 2654 2744 2840 2848 3213 3373 3378 4087 4221 4251 4530 4834 4907 4962 5270 5353 5595 5882
4804 143 149 460 474 704 716 820 986 1139 1147 1184 1286 1611 1638 1725 1734 2635 2737 2746 2865 2963 3037 3073 3105 3468 3573 3579 3667 4041 4413 4440 4689 4910 4984 5297 5532 5637 5994
4805 163 421 431 938 1039 1111 1219 1544 1595 1748 1847 1935 1997 2040 2224 2243 2366 2425 2984 3023 3226 3431 3486 3817 4059 4465 5080 5165 5201 5367 5471 5710 5783 5817
4806 31 127 184 386 878 927 941 1012 1094 1150 1254 1311 1625 1699 2168 2263 2293 2447 2641 2737 2743 2845 2910 3043 3234 3347 3722 3834 3889 3929 3966 4333 4628 4670 4713 4762 5298 5400 5610 5799 5816 5964
4807 126 298 1187 1258 1307 1546 1828 2126 2167 2548 2796 2915 3079 3524 3996 4071 4173 4270 4301 4326 4338 4561 5836 5884 5931
4808 183 365 847 1093 1618 1637 2070 2126 2140 2181 2193 2615 2626 2737 2750 2939 3006 3281 3718 3745 4049 4475 4581 4725 4759 4837 4871 4990 5036 5144 5324 5447 5980
4809 72 189 228 351 448 1339 1677 1771 1909 2392 2484 2614 2989 3010 3051 3296 3328 3463 3541 3602 3885 4122 4333 4349 4414 4784 4841 4849 4879 5075 5087 5350 5362 5363 5400 5743 5797 5871 5919 5965
4810 86 204 539 730 992 993 1057 1323 1849 1964 2107 2249 2367 2555 3579 3770 3897 3908 4245 4375 4397 4827 5244 5485 5542 5559 5563 5669 5724
4811 266 842 938 967 1125 1329 1644 1679 1896 2555 2648 2783 3221 3368 3424 3477 3511 3538 3576 4128 4146 4293 4333 4540 4605 4874 4880 5035 5068 5212 5289 5358 5371 5439 5475 5582
4812 2 40 348 560 562 974 1461 1632 1688 1691 1764 1962 2133 2491 2775 2876 3035 3320 3369 3710 3715 3816 4006 4300 4641 4910 5082 5084 5267 5303 5464 5576 5664 5683 5714 5754
4813 141 325 357 432 511 809 1175 1248 1342 1553 2107 2412 2598 2728 3012 3576 3977 4188 4346 4519 4699 5044 5124 5233 5760 5823
4814 2 224 343 547 697 863 868 1373 1452 1704 1869 2084 2099 2177 2208 2284 2312 2815 2889 2925 3136 3231 4014 4402 5029 5220 5244 5335 5534 5729 5875
4815 128 283 437 631 836 925 1093 1142 1256 1452 1539 1651 1667 1990 2338 2521 2590 2712 2783 2980 3181 3226 3475 3484 3503 4593 4799 5549 5807 5871
4816 240 413 528 903 943 966 1019 1028 1107 1199 1323 1574 1747 1976 2155 2289 2589 3258 3261 3657 4134 4423 4611 4965 5084 5138 5157 5673 5947 5961
4817 131 342 582 1615 1845 1880 2660 2728 2785 3061 3142 3458 3512 3767 4225 4335 5020 5293 5301 5559 5585 5639 5654
4818 242 264 382 666 884 1177 1390 1450 1460 1498 1602 1823 2017 2293 2316 2331 2728 2765 2911 2991 3009 3010 3075 3177 3252 3296 3596 3786 4153 4299 4422 4493 4602 4920 5354 5548
4819 36 58 96 369 615 726 965 1313 1434 1506 1677 2038 2338 2698 2967 2985 3003 3187 3306 3319 3803 4149 4621 4973 5141 5522 5547 5609
4820 64 82 92 123 175 676 763 778 798 1080 1191 1434 1566 1704 1877 1885 2010 2237 2545 2652 2786 2891 3040 3078 3172 3608 3927 3949 4124 4160 4368 4622 5125 5282 5702 5883
4821 26 33 176 278 283 415 873 874 992 1052 1075 1123 1765 1775 2045 2501 2504 2530 2568 2696 2761 3152 3244 3515 3783 4044 4225 4356 4371 4490 4663 4831 4855 4952 5160 5222 5247 5400 5433 5466 5485
4822 2 317 520 1224 1251 1323 1593 1908 2397 2760 3174 3551 3639 3856 3968 4756 4773 5028 5066 5595 5655 5666 5884
4823 38 179 231 337 363 499 545 704 1479 1580 1587 1918 1977 2236 2282 2308 2471 2558 2725 2993 3436 3498 3624 3626 3693 4351 4435 5658 5746 5917 5952
4824 22 330 417 582 708 711 889 1500 1641 1669 1712 1844 2107 2641 2683 3053 3107 3246 3496 3555 3565 3708 3739 3767 3830 4120 4183 4566 4894 4933 5142 5620 5823
4825 11 134 400 572 593 1175 1232 1526 2009 2370 2666 2887 3047 3161 3290 3343 3355 3956 4330 4636 4827 4828 4913 4953 5518 5724 5869 5874
4826 284 324 909 920 945 1028 1043 1088 1180 1197 1339 1365 1563 1814 2033 2136 2706 2838 2878 3323 3463 3803 3834 3871 3997 4459 4488 5049 5604
4827 46 72 360 392 484 521 559 631 697 824 905 912 991 1014 1479 1564 1931 1984 2096 2549 2661 2772 2827 2849 2865 2885 2936 3127 3255 3298 3338 3474 3730 4199 4236 4357 4493 4509 4810 4825 5215 5385 5478 5582 5782 5855
4828 208 937 1925 2099 2247 2470 2633 2778 2983 2986 3044 3315 3475 3794 4158 4284 4478 4661 4776 4825 4996 5128 5930
4829 204 225 285 330 494 504 551 659 783 1405 2047 2064 2167 2625 2754 3171 3301 3457 3515 3526 3619 3696 3930 3948 4099 4230 4642 4672 4737 5047 5051 5340 5533 5764 5846 5916
4830 504 603 894 958 1505 1583 1749 1945 2848 2905 3159 3269 3279 3636 3900 4409 4410 4660 4735 4753 4795 5230 5310 5501 5687 5848 5991
4831 124 604 817 962 1506 1806 1875 1970 2007 2130 2264 2406 2464 2525 2803 3004 3128 3316 3894 4435 4529 4559 4765 4821 4878 4888 4967 4984 5334 5524 5668
4832 209 805 887 1042 1728 1858 1873 2018 2037 2707 2854 3290 3455 3784 3901 4209 4269 4296 4475 4521 4880 5054 5132 5194 5452 5638 5667 5694
4833 9 33 41 101 585 801 804 959 1138 1379 1418 1543 1705 1831 2263 2321 2490 2690 2854 2977 3049 3063 3407 3576 3581 3625 3630 3662 3981 3983 4322 4644 4895 5094 5213 5231 5281 5719
4834 302 630 666 838 1104 1491 1495 1539 1817 2007 2363 2378 2721 3290 3335 3644 3761 4277 4423 4639 4803 4866 5859 5974
4835 0 252 620 834 956 1027 1231 1365 1370 1563 1643 1683 1977 2112 2849 3245 3957 4260 4736 4837 4882 5101 5466 5567
4836 114 240 368 379 390 511 761 976 1199 1328 1675 1723 2952 3188 3387 3392 3394 3445 3666 3669 3834 4080 4220 4305 4697 4847 4949 5190 5253 5499 5581 5715
4837 36 450 627 1248 1580 1593 1851 2125 2159 2263 2346 2776 4033 4185 4808 4835 4912 4923 5087 5497 5513
4838 218 474 1059 1351 1568 1917 2285 2468 2577 2630 2674 2933 3282 3451 3851 3995 4170 4196 4228 4504 4529 4786 4919 5348 5701 5868 5970 5977 5986
4839 128 521 1218 1257 1345 1360 1752 2372 2577 2602 2726 2980 3329 3420 3449 3704 3737 4177 4240 4259 4522 4728 4772 5289 5373 5452 5484 5983
4840 420 621 989 1041 1348 1647 1993 2098 2261 2316 2369 2507 3102 3172 3189 3192 3206 3213 3357 3668 3711 4203 4207 4453 5005 5235 5696 5732 5819
4841 2 295 378 385 621 694 696 768 772 929 1088 1121 1250 1603 1701 1839 1918 2124 2379 2781 2901 2988 3080 3432 3447 3764 4001 4014 4084 4425 4661 4809 4870 4890 4969 5342 5409 5554 5599 5802 5998
4842 372 507 516 609 1037 1044 1680 1709 2749 2811 2869 3139 3339 3479 3681 3683 3690 3937 4028 4341 4352 4399 4436 4679 5263 5687 5718 5806
4843 31 48 96 210 242 536 655 695 745 764 805 1127 1232 1650 1782 2006 2090 2154 2789 2999 3466 3908 3950 3960 5033 5088 5187 5568 5580
4844 224 321 496 773 986 1119 1322 1356 1395 1562 1579 1894 2068 3196 3825 3968 4180 4451 4468 4637 4734 5042 5242 5310 5382 5425 5586 5715 5813
4845 35 664 781 1046 1447 1577 1613 1618 1917 2225 2314 2371 2468 2489 2529 2725 2758 2914 2987 2995 3036 3415 3452 3504 4007 4057 4123 4260 4483 4582 4655 4988 5128 5177 5206 5521 5652 5840 5843 5948 5950
4846 116 236 272 750 1380 1705 1781 1818 2322 2621 2807 2910 2963 2978 3312 3566 3567 3593 3821 3999 4003 4484 4588 5680 5914
4847 33 494 612 867 876 945 1248 1676 1681 1842 1913 2814 3054 3536 4192 4199 4836 4919 4985 5631 5906
4848 23 190 562 655 767 784 805 1044 1177 1340 1897 2093 2194 2265 2869 3141 3202 3400 3553 3948 3963 4244 5486 5492
4849 62 245 751 941 1298 1430 1486 1522 1760 1853 1943 2438 2478 2851 3130 3625 3648 3816 4657 4809 4850 5146 5189 5298 5388 5713 5897 5946
4850 94 174 298 379 652 1319 1338 1453 1849 2079 3002 3450 4170 4797 4849 5117 5281 5315 5408 5550 5552 5651 5973
4851 8 264 453 557 942 1033 1148 1834 1934 2025 2045 2168 2315 2377 2673 2719 2743 2770 2780 3081 3121 3129 3233 3297 3394 3510 3736 3789 3887 4163 4521 4941 5056 5495 5564 5995
4852 114 121 281 454 629 715 945 983 986 1018 1138 1254 1686 1732 1748 1762 1990 2117 2533 2626 2692 2727 3143 3199 3207 3219 3438 3447 3512 3618 3681 3749 3796 3943 3991 3994 4080 4133 4153 4352 4856 5505
4853 238 398 562 618 860 910 1160 1180 1443 1474 1500 1541 1578 1579 1617 1634 1639 1690 2000 2115 2280 2300 2303 2888 2899 3098 3201 3696 3765 3862 4002 4009 4023 4337 4469 4540 4660 4669 4879 5178 5863 5928
4854 49 91 223 285 375 1027 1065 1083 1088 1111 1213 1252 1420 1463 1478 1637 1873 1876 2607 2609 2892 3043 3417 3468 3483 3971 4224 4241 4431 4552 5128 5191 5219 5458
4855 193 201 290 390 433 589 1038 1039 1264 1574 1840 2025 2350 2721 2804 3067 3360 3397 3513 3530 4047 4181 4201 4262 4403 4561 4661 4821 5784 5875 5925
4856 54 112 253 376 460 649 751 799 818 862 946 954 1313 1525 1717 1744 1748 1810 1860 2156 2262 2416 2420 2433 2471 2499 2561 2795 2865 3691 3899 4095 4157 4275 4310 4852 5000 5179 5630 5658 5728
4857 193 347 565 604 745 881 980 1025 1095 1380 1437 1502 1528 1644 1886 2029 2086 2096 2605 2653 2658 2900 3171 3636 3671 3721 3744 3890 3987 4312 4340 4398 4511 4515 5424 5665 5813 5883
4858 133 477 674 742 1335 1427 1554 1851 2021 2362 2586 2589 3066 3214 3586 4182 4494 4577 4730 4773 5644 5770 5799 5858 5878 5965
4859 38 104 498 531 577 597 763 816 872 883 885 939 947 1202 1262 1271 1439 1478 1559 1624 1690 2057 2071 2393 2795 3472 3487 4503 4618 4639 4662 5097 5387 5738 5968
4860 395 640 889 1192 1215 1647 1714 1876 2558 2712 2729 2840 2979 3012 3037 3246 3366 3632 3836 3886 3927 3933 4111 4187 4437 4718 4721 5031 5108 5267 5299 5519 5668
4861 123 225 767 845 1440 2097 2098 2319 2621 2639 3293 3460 3488 3609 3803 3993 4054 4217 4571 4728 4867 5084 5168 5431 5674
4862 74 404 673 805 951 1085 1206 1288 1424 1556 1699 1754 1907 2016 2310 2332 2392 2425 2556 2864 3354 3379 3412 3510 3649 4026 4217 4435 4514 4665 5055 5068 5477 5980
4863 232 377 519 1628 1630 1637 1678 1944 2029 2091 2342 2432 2453 2506 2672 2752 2819 3169 3263 3282 3297 3471 3862 4062 4064 4136 4280 4419 4683 4733 5110 5292 5321 5346 5637 5683 5727
4864 298 360 506 848 972 982 1088 1158 1187 1667 1860 2451 2695 2858 2921 3322 3368 3457 3598 3718 3819 4251 4301 4606 4754 4969 5140 5541 5969
4865 454 950 967 1283 1347 1530 2248 2273 2433 2464 3028 3054 3646 3678 3971 4520 4602 4632 4753 4911 4997 5501 5505 5816
4866 39 415 429 531 571 999 1196 1198 1297 1326 1366 1381 1460 1610 1711 2235 2497 2604 2877 2894 3015 3018 3258 3413 3473 3502 3530 4213 4834 5017 5246 5255 5638
4867 479 1103 1248 1355 1522 1747 2464 2497 2659 2842 2972 3327 3351 3459 3481 3727 3874 3990 4415 4861 4869 5820
4868 19 862 1049 1254 1601 1651 1903 1988 2085 2109 2214 2314 2447 3051 3077 3101 3374 3479 3649 3760 3871 4002 4422 4436 4543 4587 5305 5353 5424 5988
4869 210 419 438 449 677 1218 1482 1804 1884 1912 1926 2170 2317 2348 2913 2991 3615 4314 4545 4561 4649 4743 4754 4802 4867 5483 5689 5842
4870 10 181 527 596 668 848 942 984 1000 1080 1245 1420 1587 1766 1941 2023 2064 2114 2248 2330 2743 2818 2915 3177 3304 3323 3357 3374 4085 4192 4272 4715 4770 4841 4902 4955 5290 5719
4871 218 383 580 619 860 1082 1571 1700 1730 1951 2421 2489 2968 3099 3326 3672 3709 4002 4492 4699 4808 5272 5334 5539 5867 5911 5948
4872 85 164 1265 1281 1484 1498 1527 1699 1984 2389 2737 2845 3434 3642 3686 3961 4082 4262 4347 4490 4564 4707 4977 5182 5186 5287 5291 5418 5907
4873 34 173 482 915 1278 1491 1560 1808 1970 2149 2155 2161 2221 2348 2400 2775 2793 2901 3147 3184 3572 3735 3931 4349 4377 4583 5113 5155 5407 5514 5565 5893
4874 34 84 177 186 1080 1139 1143 1421 1425 1578 1743 2029 2163 2296 2320 2576 3129 3309 3426 3505 3830 3880 4378 4505 4811 5077 5166 5497 5554 5569 5808 5886
4875 180 199 305 846 1141 1351 1447 1684 2014 2053 2181 2286 2540 2605 2700 2859 3029 3063 3070 3130 3242 3254 3406 3690 3943 4212 4236 4268 4507 4693 5333 5439
4876 246 529 704 780 963 986 1612 1821 1927 2189 2304 2503 2626 2721 2984 3117 3358 3376 3768 4128 4314 4409 4941 4978 5171 5223 5650
4877 264 406 479 563 1012 1297 1314 1769 1849 2263 2501 2631 2729 2941 3294 3296 3336 3338 3605 3665 3731 3963 4392 5005 5039 5285 5287 5353 5529 5587
4878 714 787 1418 1544 1689 1725 1728 1803 1891 1899 2150 2485 2498 2537 2747 2804 3375 3392 3838 4044 4192 4282 4439 4491 4549 4642 4778 4831 4920 5188 5266 5288 5826 5927
4879 51 598 736 857 1034 1125 1293 1377 1505 1507 1556 1579 2038 2043 2254 2616 2720 2934 2988 3556 3600 3737 3801 3855 4161 4608 4809 4853 5497 5609 5707 5750 5830
4880 398 815 1051 1119 1807 2151 2162 2309 2663 2754 2853 3321 3362 3400 3870 3889 3923 4328 4496 4811 4832 5096 5147 5230 5267 5490 5534 5668 5671 5778 5790 5796 5887 5998
4881 75 167 306 661 781 1396 1500 1535 2284 3248 3250 3354 3855 4426 4529 4576 4919 5080 5142 5311 5346 5355 5386 5421 5712 5726
4882 337 379 501 526 710 920 1228 1358 1524 1645 2120 2205 2221 2245 2345 2355 2889 3048 3164 3692 3804 3876 4048 4190 4348 4363 4379 4512 4593 4732 4835 5055 5183 5261 5600 5703 5750
4883 76 88 241 252 297 337 408 477 628 756 930 1109 1128 1535 1623 1628 1997 2192 2541 2964 3161 3380 3574 3656 3728 4004 4161 4411 4478 4923 5385 5443 5703
4884 153 522 621 874 879 1069 1103 1172 1181 1346 1419 1569 1802 2030 2154 2212 2489 2585 2671 2856 2939 3019 3147 3368 3604 3723 4401 4455 4671 4754 4885 4929 5098 5111 5905
4885 200 292 402 1061 1161 1305 1515 1761 2840 2957 3340 3695 4108 4210 4442 4461 4884 4899 4934 5132 5729 5978
4886 130 202 216 537 578 844 1114 1223 1276 1373 1593 1763 2036 2535 2588 2719 2803 3487 3591 4005 4164 4189 4305 4479 4794 4899 4999 5181 5284 5298 5358 5899 5933
4887 301 668 922 1137 1178 1464 1593 1730 1974 1980 2059 2235 2277 2300 2396 2430 2473 2549 2715 2815 2870 2951 3031 3364 3602 3665 4115 4312 4690 4700 4892 5280 5605 5796
4888 394 413 669 802 1069 1635 1695 2127 2796 3264 3274 3387 3484 3694 3874 4110 4238 4620 4661 4831 5104 5445 5692
4889 491 560 609 720 850 922 1062 1376 1503 1726 1743 2012 2138 2573 2914 2946 3013 3051 3473 3562 3928 4453 4579 5338 5707 5758 5862 5957 5965
4890 2 358 398 404 675 897 1201 1221 1682 1687 1759 1851 1979 3044 3168 3419 3890 4186 4468 4500 4841 4994 5053 5079 5087 5351 5381 5392 5702
4891 87 411 475 511 580 1108 1148 1413 1436 1667 1784 1811 1917 2349 2390 2516 2745 3386 3557 3851 4122 4391 4631 4947 5107 5142 5399 5406 5677 5711 5843 5846 5923
4892 106 174 176 420 494 593 745 974 1056 1134 1156 1609 1660 2550 2567 2672 2675 2699 2921 2976 3072 3118 3221 3260 3849 3972 4122 4509 4513 4524 4615 4633 4748 4887 5374 5565 5567 5673 5714 5742 5797 5913 5968
4893 27 324 392 480 724 808 1151 1307 1558 1674 1756 2285 2488 2813 3556 3598 3640 3763 3819 3914 3969 4446 4548 4727 4931 5496
4894 111 263 515 747 958 1279 1866 1989 2834 2918 2924 3247 3888 3991 4048 4184 4386 4717 4759 4824 5810
4895 118 638 1030 1648 1662 2488 2700 2720 2926 3028 3062 3174 3192 3429 3483 3684 3764 3789 3822 4109 4314 4355 4567 4579 4634 4833 5202 5402 5451 5463 5478 5519 5539 5678
4896 173 590 1041 1302 1498 1500 1805 1878 1894 2209 2216 2327 2631 2717 2752 2841 2859 2882 2913 2932 3463 3693 3994 4444 4553 4725 5078 5199 5277 5736
4897 4 196 373 416 444 630 910 2456 2487 2508 2784 2859 3018 3026 3580 4028 4038 4042 4252 4385 4610 4937 4986 5064 5184 5584 5759 5954 5956
4898 13 252 792 950 1198 1354 1702 1915 1924 2627 2665 2950 3298 3637 3657 3918 3923 3989 4311 4337 4781 5520 5725 5873
4899 31 442 1056 1264 1617 1750 1907 2343 2509 2533 2733 3308 4100 4438 4556 4565 4596 4885 4886 5183 5293 5442 5493 5838
4900 292 462 740 793 873 1013 1240 1340 1444 2003 2113 2442 2815 2840 3045 3054 3109 3451 3611 4090 4385 4417 4622 4705 4941 5056 5075 5249 5426 5623 5648 5673 5725 5753 5763 5885
4901 25 200 284 831 836 900 1248 1305 1381 1751 1923 2449 2456 2998 3576 3579 3594 4018 4234 4500 4735 4736 4738 5055 5070 5335 5649 5967
4902 181 249 896 1300 1361 1696 1784 1833 1910 1911 1955 1958 2088 2409 2610 2768 3158 3469 3930 4070 4870 4944 5352 5580 5589 5592 5606 5990
4903 85 577 643 741 1687 1737 1983 2197 2242 2726 2753 2837 2913 3066 3227 3282 3963 4309 4588 4675 4727 4740 4933 5502 5541 5574 5617 5749 5771 5779 5806 5980
4904 60 228 315 370 431 814 996 1065 1158 1313 1400 1648 2015 2227 2311 2513 3400 3466 3537 3779 4458 4553 4921 5018 5509 5528
4905 28 520 605 1086 1749 1898 1961 2113 2152 2179 2300 2799 2829 2927 3171 3260 3297 3617 3769 3775 4495 4584 4988 5036 5119 5619 5875 5996
4906 26 77 445 845 876 1051 1443 1637 1850 2020 2124 2278 2308 2423 2970 3053 3236 3290 3416 3610 3844 4260 4303 4314 4344 4379 4721 5064 5076 5095 5496 5557 5802 5934
4907 97 244 924 966 1257 1295 1353 1512 1543 1577 1672 1854 1919 2386 2864 3104 4423 4803 5045 5471 5867
4908 20 95 97 112 880 950 953 1149 1702 1734 1794 1807 2258 2438 2450 2715 2759 3028 3191 3400 3423 3600 3662 3709 4017 4019 4033 4518 4977 5055 5242 5406 5480 5547 5691 5752 5940
4909 217 770 829 1433 1447 1525 1687 1810 2100 2530 2783 2797 2905 2911 2913 3035 3322 3395 3476 4031 4092 4231 4597 4601 4649 4936 4937 5155 5274 5422 5749 5954
4910 412 611 917 1355 1399 1406 1444 1616 1723 1938 2114 2208 2228 2590 2597 2688 2787 2799 2939 3237 3259 3511 3683 3782 3908 4125 4206 4390 4545 4599 4634 4804 4812 4987 5150 5281 5328 5634
4911 81 121 149 374 468 475 500 747 1560 1584 1666 1914 2122 2256 3188 3263 3349 3409 3417 3575 3712 3724 3741 4030 4174 4543 4865 5062 5274
4912 53 180 283 293 731 841 1141 1209 1684 1944 2301 2620 2626 2764 2803 2888 3166 3459 3619 4212 4542 4608 4631 4837 5017 5092 5184 5376 5748
4913 142 425 564 683 710 750 819 968 1050 1179 1472 1545 1772 1954 2062 2212 2387 2696 2816 2871 3239 3266 3985 4023 4202 4293 4309 4443 4491 4700 4825 4946 5481 5519 5743
4914 81 359 547 784 903 979 1175 1196 1339 1458 1635 1663 1676 1723 1887 1948 1984 2193 2226 2636 2837 3093 3253 3510 3511 3849 4094 4200 4209 4675 4721 5199 5226 5582 5635 5906
4915 295 1032 1101 1171 1344 1368 1705 1791 1797 2146 2755 2763 2801 3329 3340 3561 3583 3867 3922 4049 4354 4646 4916 5557 5941
4916 833 966 1150 1335 1956 2047 2444 2936 3158 3237 3619 3880 4117 4154 4339 4479 4915 5389 5488
4917 44 54 83 182 284 389 1141 1338 1616 1940 2222 2521 2592 2989 3037 3911 4173 4297 4457 4664 5500 5505 5619 5626 5727 5745 5960
4918 99 386 435 545 712 1307 1426 1449 1462 1722 2265 2433 2512 3432 3556 3674 4225 4230 4243 4285 4447 4451 4461 4728 4786 4935 4966 5135 5225 5294 5357 5821
4919 410 497 506 751 1020 1188 1338 1745 1857 1863 2001 2009 2135 3022 3422 3423 3446 3506 3930 3979 4060 4159 4276 4838 4847 4881 5003 5130 5138 5232 5289 5461 5863 5941
4920 517 706 1002 1069 1325 1657 1758 1836 2190 2289 2783 2929 2958 3260 3377 3722 3795 3805 4522 4635 4818 4878 5003 5210 5430 5443 5625 5935
4921 67 379 514 675 788 1095 1378 1453 1492 1786 1806 2435 2446 2633 3099 3369 3497 3577 4564 4661 4717 4904 4933 5188 5337 5340 5369 5513
4922 283 435 656 688 879 1009 1154 1173 1307 1343 1808 2068 2484 2525 2528 2557 2947 3277 3313 3461 3483 3497 3499 3657 4042 4996 5028 5054 5081 5114 5161 5224 5238 5315 5348 5432 5708 5837 5908
4923 301 491 1145 1241 1612 1813 1891 1930 2766 2868 2971 3079 3292 3330 3683 3775 3796 4234 4837 4883 4965 5009 5050 5101 5248 5321 5534 5843
4924 17 170 733 791 821 935 1393 1414 1421 1849 2318 2441 2528 2583 2917 3405 3503 4183 4373 4416 4434 4752 5112 5130 5136 5222 5508 5571 5847
4925 457 1130 1189 1329 1385 1402 1512 1621 1685 1781 1840 1920 1939 2124 2488 2825 2943 3050 3200 3538 3628 3925 3957 4222 4275 4389 5501 5667 5885
4926 92 144 199 615 626 763 965 1249 1552 1617 1761 1988 2102 2317 2410 2414 2943 3354 3850 3897 4096 4174 4225 4294 4310 4395 4452 4456 4534 5304 5322 5445 5640
4927 298 338 609 636 710 752 1199 1253 2082 2123 2240 3115 3221 3831 3856 4002 4044 4062 4474 4652 4661 4676 5307 5437 5767 5803 5808 5836
4928 168 432 834 1286 1361 1996 2088 2429 2923 3098 3444 3462 3552 3902 3956 3990 4031 4052 4664 4967 5305 5365
4929 107 134 327 432 446 617 860 1077 1285 1476 1681 2622 2849 3201 3522 3576 4171 4400 4463 4884 4958 5054 5473 5801
4930 20 129 452 579 745 1095 1102 1264 1288 1451 1563 1714 1783 2049 2181 2213 2380 2859 3067 3139 3304 3579 3654 3881 3980 4410 4470 5395 5459 5540 5610 5628 5863
4931 160 203 325 621 628 921 1031 1400 1590 2361 2490 2581 2755 3002 3080 3344 3423 3713 3833 3898 3935 4103 4106 4119 4745 4893 5066 5115 5428 5457 5870
4932 369 416 660 789 1690 1821 1830 1877 1903 2886 3026 3232 3475 3533 3908 4299 4356 4581 5127 5505 5527 5564
4933 77 182 456 968 1151 1201 1313 1324 1342 1434 1518 1602 1672 1900 2156 2216 2302 2712 2769 2890 3173 3247 3358 3546 3644 3661 3768 3873 3972 4242 4317 4417 4603 4730 4824 4903 4921 5046 5851 5878
4934 159 271 411 567 810 1285 1883 2116 2269 2289 2777 2806 2958 2994 3080 3138 3271 3290 3302 3406 3961 3997 4178 4337 4348 4435 4800 4885 4955 5048 5074 5160 5320 5345 5493 5655 5997
4935 72 313 390 578 664 672 845 942 1064 1224 1350 1354 1689 1925 2025 2090 2325 2358 2593 2708 2771 2847 2872 3838 3889 4190 4369 4918 5050 5349 5400 5406 5506 5973
4936 47 114 427 660 730 748 780 929 1067 1228 1458 1562 1623 1988 2595 2832 2983 3360 3540 3627 3673 3853 3996 4104 4190 4297 4733 4763 4909 4965 5297 5563 5651 5738 5899
4937 270 384 930 1098 1352 1379 1469 1696 1823 2462 2478 2531 2643 3439 3537 3599 3735 3842 3988 4185 4581 4730 4777 4897 4909 5004 5380 5699
4938 287 596 728 857 1447 1494 1611 1710 1719 2096 2885 3079 3082 3292 3433 3830 3903 3916 4000 4181 4569 5040 5076 5584 5639 5703 5810 5904
4939 515 614 759 938 1228 1417 1554 1626 1731 1795 1828 1944 2281 2512 2578 2671 3005 3039 3045 3554 3556 3801 3810 3863 4104 4133 4658 4742 5032 5325 5574 5870
4940 89 187 339 369 609 740 754 762 1100 1331 1426 1452 1822 1899 2070 2156 2193 2370 2907 2950 3087 3184 3456 3859 4366 4455 4520 5380 5401 5588 5921 5958
4941 605 701 795 810 952 1082 1377 1845 1913 2045 2323 2781 3240 3495 3658 3916 4001 4245 4247 4280 4482 4656 4694 4851 4876 4900 5154 5364 5862
4942 80 442 930 1347 1381 1892 1948 2349 2712 2901 3177 3538 3824 3857 4276 4431 4490 4732 4961 5200 5465 5472 5587 5678
4943 748 1213 1297 1391 1406 1770 2021 2300 2413 2608 2992 3043 3044 3902 4160 4634 4647 4680 5071 5468 5515 5577 5667
4944 208 470 572 1125 1199 1270 1379 1523 1687 2764 2860 3725 3958 4204 4673 4902 4949 5164 5287 5707 5782 5965
4945 157 905 1112 1174 1643 2002 2236 2282 2284 2961 3303 3431 3448 3470 3928 4013 4240 4396 4756 5048 5087 5131 5300 5336 5562 5602 5739 5825
4946 371 436 901 913 1078 1286 1311 1439 1459 1766 1987 2146 2560 2829 3033 3404 3462 3640 4053 4640 4730 4744 4913 5017 5023 5132 5588 5661 5726 5754 5931
4947 75 423 493 704 1682 1890 1933 2154 2169 2266 2755 2974 3160 3365 3425 3546 3601 3851 3880 3981 4300 4446 4621 4891 5036 5212 5555 5661
4948 23 122 267 501 569 629 905 999 1688 1744 2000 2058 2079 2337 2716 3115 3249 3322 3358 3428 3446 3521 3575 3671 3694 3920 4284 5361 5514 5583 5868
4949 28 677 785 829 880 1150 1568 1579 1668 1810 1950 1955 1981 2059 2095 2142 2274 2494 2567 2640 2674 2869 2917 2976 3038 3219 3515 3748 4031 4195 4196 4278 4779 4836 4944 5467 5643 5808 5852 5948
4950 441 829 908 1377 1787 1907 2124 2432 2635 2783 3284 3309 3337 3432 3618 3643 3714 3809 3831 3946 4043 4510 5076 5285 5559 5989
4951 104 260 367 414 482 544 671 785 1063 1572 1670 1746 1837 1865 1917 2003 2158 2247 2287 2531 2548 2577 2877 2899 3598 3639 4213 4394 4777 4962 5109 5116 5363 5478 5570 5666
4952 254 568 884 914 1058 1296 1430 1486 1624 1765 1896 1990 2027 2270 2287 2304 2363 2607 2645 2732 2780 3273 3293 3499 3549 3724 3858 4310 4373 4447 4821 5091 5441 5843 5862
4953 42 61 276 513 864 1136 1654 1755 1817 2108 2184 2300 2399 2571 2704 2754 2907 2955 2989 3874 4089 4366 4786 4825 5134 5188 5254 5508 5748 5804 5884
4954 157 542 553 772 1042 1303 1338 1341 1527 1711 1870 1886 2009 2037 2064 2231 2360 2513 2680 2888 3426 3462 4065 4079 4600 4658 4726 5252 5385 5976
4955 538 609 834 1218 1481 1516 1868 2056 2117 2255 2554 2596 3396 3419 3622 3667 3713 3881 4199 4600 4870 4934 5301 5412 5503 5555 5615 5711 5842 5852 5973
4956 8 128 182 290 710 821 844 935 1247 1360 1416 1479 1914 2136 2256 2395 3077 3216 3502 3897 4309 4378 4762 4785 4983 5180 5277 5289 5513 5573 5577 5769 5795
4957 357 435 691 809 1475 1563 1863 2062 2064 2147 2311 2387 2426 2436 2819 2838 2840 3045 3124 3398 3469 3680 3783 3823 3879 4363 4397 5664 5666 5737 5833 5909 5923
4958 99 414 471 594 965 1100 1522 1548 1676 1714 1764 2718 2870 2956 3253 3638 3675 4037 4040 4184 4743 4929 4975 5179 5387 5482 5771 5800
4959 52 185 231 429 438 547 702 1155 1165 1220 1266 1416 1499 1694 1813 2027 2077 2334 2791 2932 2976 3031 3159 3290 3322 3428 3432 3546 3667 3833 4608 4689 5011 5128 5303 5468 5979
4960 173 546 612 654 837 1045 1394 1591 1620 1730 1942 1992 2062 2119 2184 2527 2604 2856 2864 3200 3216 3222 4248 4583 5027 5891 5940
4961 43 379 401 415 434 1273 1458 1471 1799 1980 2247 2427 2914 2963 3079 3201 3300 3314 3559 3560 4063 4139 4435 4646 4705 4711 4739 4740 4767 4942 4987 5666
4962 68 76 309 428 479 508 720 740 799 819 1080 1103 1506 1516 1725 1757 1980 2032 2075 2276 2358 2571 2584 2830 2835 2927 3227 3402 3619 3635 3752 3883 4111 4119 4316 4369 4803 4951 5059 5096 5290 5341 5436
4963 254 276 668 688 737 1290 1421 1659 1669 2181 2187 2290 3218 3249 3412 3671 3683 3864 3875 4162 4585 4592 4751 4991 5304 5503 5706 5885
4964 95 189 321 524 590 783 1210 1372 2059 2188 2198 2968 2977 3073 3097 3109 3166 3223 3361 3472 3498 3627 3761 3833 3899 4089 4137 4289 4472 4484 4531 5317 5417 5872 5990
4965 286 1236 1285 1469 1558 1901 1957 2431 3675 3880 3952 4188 4816 4923 4936 5102 5754 5881 5884
4966 178 719 917 1021 1277 2300 2645 2734 2876 2946 3120 3139 3646 3810 3813 3885 4189 4285 4378 4592 4650 4918 5230 5311 5412 5486 5618 5917
4967 394 1038 1181 1340 1743 1968 1989 2067 2161 2396 2506 2740 2754 2782 3036 3246 3286 3454 3692 4078 4138 4183 4272 4411 4546 4831 4928 5206 5341 5521 5596 5741 5803 5944
4968 7 219 223 373 805 1208 1209 1314 2064 2205 2508 2711 2746 3069 3232 3427 3585 3736 3820 4024 4051 4095 4225 4268 4369 4378 4432 4473 4579 5519 5890
4969 306 381 690 803 1182 1522 1619 1639 1659 1709 1830 1838 2339 2355 2534 2564 3085 3405 3437 3638 3720 3758 3882 3918 4195 4323 4623 4841 4864 5339 5517 5758 5825 5826
4970 45 60 175 197 401 948 1021 1110 1126 1342 1875 2249 2301 2428 2492 2591 2834 3566 4047 4404 4509 4578 5151 5338 5410 5538
4971 437 702 1090 1492 1558 2476 3015 3159 3290 3409 3489 3613 3614 3935 3944 4183 4546 4592 4792 5041 5614 5961
4972 522 626 665 822 850 891 924 1408 2032 2226 2369 2486 2492 3048 3148 3549 3700 3709 3843 3851 3911 4069 4713 4768 5329 5676
4973 551 725 730 1255 1427 2049 2393 2404 2425 2631 2886 3355 3589 3844 4228 4733 4819 4982 5153 5231 5257 5591 5645
4974 98 661 912 1026 1142 1184 1305 1318 1549 1564 1852 1891 2020 2201 2259 2263 2321 2386 2575 2793 3023 3194 3200 3886 3892 4145 4167 4467 5147 5290 5498 5665 5754 5764 5850
4975 280 452 499 613 801 915 1042 1169 1171 1469 1712 2045 2053 2210 2720 2910 2933 3104 3385 3541 3710 3718 3950 4237 4272 4407 4630 4676 4958 5189 5365 5472 5663 5859
4976 268 318 596 1022 1046 1260 1457 1857 2021 2094 2802 3010 3525 3787 3820 4079 4144 4181 4192 4620 5275 5631 5635 5685 5732 5766 5872
4977 102 217 252 293 1089 1229 1715 1766 2494 2525 2636 3060 3225 3286 3382 3463 3486 3536 3638 3655 3665 3736 3923 4103 4116 4369 4604 4802 4872 4908 5006 5326 5335 5551 5776
4978 38 389 540 642 721 725 1229 1300 1305 1501 1593 1712 1838 2104 2140 2330 2417 3039 3100 3145 3321 3427 3607 4095 4129 4140 4173 4360 4527 4711 4876 5120 5280 5542 5889
4979 45 191 257 531 597 670 859 950 1084 1124 1145 1219 1521 1765 1814 2215 2360 2531 2639 2675 2721 2861 2943 3070 3183 3218 3350 3425 4135 4155 4347 4419 4435 4472 5683 5959 5995
4980 88 376 412 533 601 1172 2108 2209 2565 2698 2884 3101 3160 3358 3361 3465 3490 3491 3495 3780 3851 3879 3887 3946 3947 4164 4360 4653 5306 5724 5934
4981 62 129 366 863 1323 1379 1404 1422 1431 1604 1699 1716 1957 2086 2140 2222 2253 2373 2454 3058 3271 3367 3399 3850 4161 4272 4596 5050 5190 5255 5302 5778 5951
4982 167 187 288 539 549 783 810 939 1011 1320 1937 2016 2169 2521 2527 2717 3020 3103 3399 3903 4028 4126 4615 4694 4700 4973 5198 5401 5577 5787 5857 5896 5902
4983 818 1406 1496 1837 2065 2308 2434 2622 2951 3009 3133 3153 3217 3379 3395 3398 3599 3709 3814 3859 3997 4459 4956 4992 5510 5554
4984 144 426 691 713 1826 2100 2729 2848 2877 3247 3768 3780 4013 4347 4473 4804 4831 5138 5304 5918
4985 649 828 1089 1110 1530 1672 1781 1930 1946 2010 2043 2246 2733 2935 3062 3362 3455 3530 3566 3673 3784 4078 4296 4484 4847 5291 5331 5492
4986 62 646 714 1180 1288 1303 1513 1854 2153 2338 2351 2354 2884 2902 2957 3221 3509 3680 3939 4121 4143 4316 4405 4491 4897 5076 5127 5178 5275 5390 5620 5866 5922
4987 453 865 1066 1107 1299 2687 2968 3041 3122 3509 3604 4011 4039 4329 4675 4910 4961 5166 5265 5350 5516 5527 5946
4988 115 149 343 348 358 779 969 1005 1133 1213 1330 1356 1394 1636 1712 1840 2475 2622 2785 2826 2843 2969 3156 3321 3465 3593 3727 3961 4024 4167 4385 4413 4515 4739 4845 4905 5382 5570 5580 5773
4989 4 492 511 639 1035 1067 1121 1330 1474 1776 1878 2136 2144 2734 2940 3275 3657 3875 3965 3967 4479 4677 5017 5045 5124 5229 5340 5459 5613 5849
4990 244 335 582 679 803 813 863 969 1030 1180 1292 1512 1573 1658 2116 2478 2580 2791 2812 2952 3031 3184 3289 3416 3735 3844 3898 4352 4378 4390 4808 5155 5156 5717 5951
4991 220 276 458 658 672 1711 1867 2308 2362 2479 2698 2751 2780 2824 3177 3197 3314 3610 3960 4004 4049 4182 4202 4235 4374 4735 4796 4801 4963 5097 5107 5265 5479 5631 5639
4992 443 469 481 535 669 1119 1449 1651 1832 2365 2541 2857 2987 3475 3639 3785 4730 4983 5227 5375
4993 709 1319 1440 1461 1489 1552 1641 1689 1788 1856 1879 1896 1954 1990 2012 2209 2349 2539 2572 2689 3368 3402 3439 3674 3686 4098 4139 4269 4278 4469 4744 5023 5376 5516 5758 5860
4994 29 45 132 137 394 756 768 1406 1580 1698 1983 2214 2417 2745 3159 3225 3266 3384 3911 4062 4179 4211 4426 4675 4717 4742 4788 4890 5535 5765 5969
4995 97 230 359 428 465 476 479 876 1128 1302 1349 1408 1518 1529 1545 1591 1901 1913 1968 2277 2351 2665 3062 3167 3205 3681 3972 4516 4541 4640 4660 4734 4769 5020 5361 5507 5823 5850 5954
4996 291 293 799 1269 1542 1718 1893 2717 2900 3029 3066 3111 3243 3410 3411 3674 4033 4148 4191 4750 4828 4922 5236 5251 5436 5493 5526 5735 5748 5772 5795 5817 5857 5922 5991
4997 295 339 689 776 1013 1044 1217 1274 1281 1583 1719 1888 1927 2042 2081 2159 2494 2515 2564 2721 2853 3275 3817 3890 3913 4272 4457 4550 4764 4865 5046 5062 5139 5508 5532 5596 5603 5835 5939 5968
4998 15 405 516 986 1003 1016 1343 1628 1932 2476 2522 2713 2832 2918 2976 3295 3384 3491 3498 3638 3731 3935 4025 4341 4354 4375 4443 4489 4689 4695 5625 5649 5664 5885
4999 425 705 1649 1779 2114 2419 2611 2688 2807 2850 3078 3253 3278 3505 3571 3765 3818 4042 4298 4389 4438 4886 5219 5607 5800 5972 5988
5000 996 1631 1852 2550 2701 3157 3492 3494 4353 4675 4741 4856 5523 5563
5001 111 137 285 684 968 987 1006 1192 1318 1441 1584 1947 2519 2575 2934 3218 3340 3632 3843 3951 4062 4327 4336 4556 5453 5782 5862 5884 5926
5002 67 98 226 702 857 887 1303 1327 1383 1507 1760 2025 2049 2412 2529 2556 2622 2687 2967 3229 3276 3518 3640 3700 3705 3813 4042 4120 4141 4181 4595 4665 5026 5285 5559 5753 5808 5912
5003 386 408 697 1442 1484 1841 1916 2450 2678 2882 2946 3000 3373 3556 3863 4618 4919 4920 5089 5319 5836 5957
5004 114 174 422 642 713 725 968 1198 1295 1327 1372 1539 1972 2101 2217 2265 2269 2384 2408 2688 2954 2995 3298 3520 4072 4378 4637 4937 5100 5218 5259 5331 5509 5520 5539 5609 5872
5005 10 136 145 325 464 819 964 1595 1691 1695 1803 1909 1981 2699 2977 3113 3349 3438 3463 3470 3836 4036 4249 4474 4840 4877 5006 5050 5143 5313 5317 5822
5006 14 265 487 518 594 607 798 894 995 1160 1209 1399 1646 2002 2063 2124 2224 2431 2495 2584 2884 3194 4310 4373 4586 4757 4977 5005 5095 5167 5296 5437
5007 24 258 500 910 1139 1292 1303 1392 1766 2026 2049 2161 2276 2563 2708 3077 3464 4033 4257 4306 4382 4505 4598 5044 5092 5145 5180 5476 5478 5572 5578 5642 5849 5904 5908
5008 30 213 412 632 703 1223 1241 1742 1993 2087 3048 3228 3307 3313 3533 3599 3631 3973 4001 4074 4444 4475 4495 5186 5226 5272 5339 5651 5921
5009 347 523 535 919 1004 1039 1117 1177 1246 1492 1508 1512 1544 1588 1732 1929 2181 2326 2336 2596 2933 3036 3088 3400 3462 3506 4439 4923 5044 5064 5395 5466 5816 5901 5955
5010 11 79 282 534 610 618 786 992 1107 1234 1434 1603 1655 1744 1924 1985 2302 2511 2762 2769 2791 2959 3172 3351 4318 4662 5052 5505 5673
5011 99 192 268 449 742 777 1432 1612 1662 1682 1686 1762 2331 2359 2902 2942 3032 3440 3703 3927 3967 4123 4551 4959 5188 5362 5660 5936
5012 29 37 109 183 251 392 493 882 915 1036 1234 1238 1488 1547 1830 1981 1985 2180 2444 2588 2975 3756 3795 3809 3941 3998 4060 4066 4343 5293 5382 5674
5013 45 71 99 288 645 907 976 1100 1144 1215 1457 1503 1738 1809 1959 2153 2247 2273 2347 2381 2393 2713 2776 2790 2959 3070 3081 4509 4789 5272 5292
5014 270 392 710 766 1040 1236 1281 1540 1626 1709 2096 2349 2457 2475 2826 3034 3090 3321 3955 3994 3997 4423 4669 5281 5505 5555 5702 5849
5015 24 148 385 764 1162 1249 1552 2293 2348 2942 3231 3361 3469 3478 3773 4393 4578 4603 5237 5251 5320 5372 5395 5758
5016 206 434 478 1141 2269 2474 2710 2784 3042 3227 3518 3547 3718 3832 5279 5705 5729 5792 5830 5922 5957
5017 145 458 653 714 874 938 1022 1102 1369 1428 1585 2026 2178 2418 2473 2513 3247 3310 3327 4866 4912 4946 4989 5018 5341 5520 5894 5945
5018 88 211 257 318 564 936 1089 1263 1272 1430 1672 1746 1981 2032 2104 2106 2208 2321 2356 2366 2387 2515 2527 3425 3552 3601 3628 3919 4173 4904 5017 5066 5121 5286 5549 5716 5912 5955
5019 43 407 653 898 925 982 1135 1212 1637 2192 2502 2670 2786 2874 3367 3964 4020 4142 4308 4448 4485 4560 4710 4789 5065 5350 5549 5701
5020 414 685 852 877 1034 1393 1491 1665 1875 2151 2603 2871 2923 3535 3716 3780 3795 3802 3990 4374 4773 4817 4995 5312 5402 5410 5672
5021 423 433 986 1142 1143 1172 1189 1457 1531 1587 1822 1860 1946 2419 2491 2631 2739 3747 3749 3758 4060 4192 4305 4711 4773 5275 5369 5633 5764 5832 5938
5022 88 96 237 295 432 676 932 1236 1559 1646 1743 2151 2218 2345 2505 2861 3035 3053 3294 3427 3522 3697 3883 4139 4152 4632 5379 5526 5678 5799
5023 356 909 1134 1362 1387 1444 1531 1539 1681 1704 1719 1965 2070 2082 2173 2371 2401 2919 3124 3256 3589 3712 3947 4047 4351 4403 4615 4682 4946 4993 5135 5146 5254 5487 5698 5912
5024 652 933 942 1129 1329 1638 1659 1720 1904 2518 2851 3024 3053 3117 3448 3468 3578 3648 3801 3918 4096 4139 4175 4223 4371 4415 4498 5403 5526 5655 5693 5911
5025 847 1407 1445 1658 2102 2365 2436 2473 2582 2659 2967 2988 3491 3505 3973 4445 5151 5320 5418 5436 5485 5740 5863 5873
5026 334 474 1462 1694 1991 2087 2614 2752 2898 2924 3088 3131 3233 3290 3389 3489 3595 3867 3960 3978 4081 4418 4654 5002 5300 5343 5676
5027 224 323 347 634 1252 1431 1537 1589 1626 1908 1983 2197 2366 2571 2653 2706 2707 2755 3350 3754 3791 3944 4045 4061 4472 4771 4960 5237 5341 5408 5484 5500 5617 5940
5028 378 438 458 460 714 1116 1341 1778 1949 2144 2350 2795 3086 3131 3231 3313 3435 3499 3561 3953 4021 4128 4275 4364 4496 4520 4628 4782 4822 4922 5031 5313 5410 5538 5711
5029 28 171 310 650 725 967 1450 1731 2858 3086 3155 3451 3912 3919 4156 4343 4378 4814 5315 5333 5559 5565 5888 5948
5030 178 518 1235 1249 1295 1795 1890 2443 2486 2494 2983 3148 3276 3586 3614 3676 3854 3943 4015 4320 4736 5562 5691 5940
5031 239 693 1098 1266 1686 2025 2112 2486 2795 2923 2963 3319 3337 4199 4678 4792 4860 5028 5256 5834
5032 23 26 29 466 537 557 642 750 936 1179 1196 1293 1542 1794 2061 2372 2472 2518 2536 2588 2688 2770 2781 3141 3171 3247 3488 3511 3556 4142 4280 4366 4403 4801 4939 5171 5665 5795
5033 25 581 726 737 869 969 997 1186 1493 1579 1760 1985 2079 2504 3352 3788 4169 4518 4843 5045 5506 5771 5830 5923
5034 103 141 177 696 868 1239 1507 1608 1715 1976 2691 2782 3125 3153 3536 3730 3747 4290 5097 5134 5956
5035 165 522 557 978 1172 1174 1335 2248 2419 2496 2570 2636 3516 3647 3679 4311 4811 5251 5912
5036 164 227 379 434 441 934 1180 1382 2122 2574 2617 2776 2819 2952 3351 3696 3899 4061 4380 4808 4905 4947 5059 5132 5281 5305 5689
5037 151 240 392 570 632 1097 1119 1398 1437 1583 1720 2353 2594 2838 2880 3680 3734 3791 3817 3821 3863 4093 4104 4228 4315 4392 4677 5145 5201 5266 5739
5038 346 1126 1384 1507 2486 2875 3073 3092 3242 3298 3604 3912 4571 5311 5547 5624 5676 5832 5874
5039 31 32 291 474 1012 1062 1152 1802 2023 2139 2168 2247 2322 2536 2586 2632 2823 2889 2892 3010 3197 3525 3825 3853 3925 4877 5087 5100 5272 5601 5836 5951
5040 127 328 548 719 744 1147 1319 1391 1897 2260 2317 2355 2440 2617 2728 2836 3238 3331 3430 3512 3801 4080 4083 4938 5510 5538 5551 5822 5928
5041 397 468 1092 1595 1625 1656 1699 2166 2173 2414 2472 2477 2885 2916 2936 3033 3299 3446 3585 3739 3870 4112 4113 4155 4208 4430 4567 4577 4757 4971 5392 5468 5625 5762 5848 5866
5042 170 321 564 773 1047 1259 1540 1842 1964 2341 2640 2675 3421 3474 3687 3694 4178 4452 4482 4665 4783 4844 5241 5243 5315 5545 5687 5725
5043 409 435 611 1755 2069 2317 2871 3947 4294 4509 5169 5399 5504 5513 5949
5044 211 439 543 819 1327 1366 1398 2103 2234 2365 2923 3693 3783 4123 4140 4248 4375 4629 4676 4813 5007 5009 5165 5935
5045 1 109 402 415 434 713 910 974 1658 1668 1861 1872 1966 2226 2293 2373 2487 2500 2519 2563 2755 2956 2974 2980 3094 3268 3429 3613 3665 3966 4693 4752 4907 4989 5033 5391
5046 1 96 549 697 1010 1025 1098 1234 1324 1447 1503 1608 1822 1888 1949 1981 1996 2056 2303 2340 3373 3631 3990 4141 4233 4395 4416 4742 4933 4997 5142 5172 5194 5388 5639 5818 5828 5866
5047 82 201 275 408 678 682 1135 1498 1782 1848 2059 2273 2356 2359 2390 3178 3180 3268 3319 3395 3427 3504 3647 3919 3959 4018 4248 4471 4537 4586 4597 4829 5251 5477 5720 5783 5802 5832 5887 5917 5983
5048 42 73 103 222 280 518 637 1004 1228 1686 2266 3196 3814 4271 4397 4730 4767 4781 4934 4945 5176 5507 5957
5049 316 915 1044 1074 1212 1650 1883 1920 1983 1991 2151 2192 2245 2257 2517 2823 2960 3006 3069 3091 3506 3509 4088 4401 4560 4826 5154 5343 5352 5528
5050 70 511 696 754 787 885 1036 1482 1700 2263 2296 2433 2495 2562 2729 3060 3123 3433 3438 3570 3741 3848 3994 4442 4923 4935 4981 5005 5585 5683
5051 671 1271 1455 1543 1544 2144 2349 2381 2399 2739 2945 2979 3083 3194 3274 3334 3490 3493 3597 3637 3743 3876 4045 4232 4279 4407 4621 4829 5101 5113 5188 5671 5816 5852
5052 255 609 703 1033 1158 1244 1275 1462 1545 1834 2175 2219 2250 2441 2506 2600 2927 3329 3389 3432 3576 3615 3894 4212 5010 5081 5087 5219 5229 5262 5407 5567 5702
5053 244 255 354 581 804 1245 1367 1562 1638 1651 1754 2477 2637 2963 3332 3589 3775 3896 3909 4064 4692 4890 5069 5256 5639 5846 5968 5991
5054 74 166 244 432 875 1016 1230 1832 2049 2134 2161 2211 2346 2382 2396 2571 2634 3083 3245 3299 3765 3799 3937 3961 4085 4231 4407 4744 4832 4922 4929 5294 5493 5631 5774 5886 5964
5055 371 460 707 835 886 966 975 987 1008 1326 1397 1630 2087 2127 2368 2429 2552 3393 3532 3858 4490 4616 4696 4862 4882 4901 4908 5083 5142 5339 5354 5595 5675 5914
5056 92 358 444 614 912 1029 1267 1343 1761 2130 2255 2320 2331 2364 3227 3537 3740 4162 4656 4851 4900 5356 5508 5868
5057 86 90 813 944 1125 1491 1641 1968 2196 2680 2711 2814 2981 3038 3089 3249 3349 3553 3691 4169 4308 4334 4409 4687 5058 5250 5256 5328 5479 5638 5691
5058 177 406 1016 1032 1078 1484 1674 1912 2004 2049 2904 3294 3788 3832 4454 4569 5057 5223 5958
5059 723 970 1132 1187 1676 1882 1983 2144 2634 2646 2805 2813 2921 2982 3678 3782 3882 4108 4962 5036 5193 5531 5571 5901 5924
5060 72 271 551 592 811 902 1175 1608 1838 1908 1943 2415 2746 2789 2807 3146 3190 3460 3472 3678 3737 3899 3989 4370 4433 4530 4557 5323 5411 5661 5766 5773 5926 5955
5061 96 708 847 861 910 976 983 1346 1718 1780 1875 2507 2818 2917 3181 3419 3671 3680 3720 3827 3888 3917 4459 4518 4564 5209 5337 5495 5561 5957
5062 1034 1155 1457 1492 1524 1552 1884 2179 2283 2600 2636 3117 3170 3262 3608 3710 3723 3747 4106 4525 4760 4911 4997 5443
5063 692 818 852 861 1040 1061 1317 1701 1751 2048 2583 2769 2934 3396 4055 4123 4554 4799 5118 5540 5738 5923 5997
5064 269 900 1012 1092 1385 1481 1865 1877 2337 2394 2479 3075 3179 3266 3476 3546 3674 3738 4000 4082 4240 4273 4302 4897 4906 5009 5437 5472
5065 100 179 447 501 1169 1378 1745 2043 2065 2121 2278 2609 2787 2839 3249 3843 3912 3993 4254 4277 4280 5019 5128 5549 5655 5681
5066 28 167 252 445 666 1031 1493 1520 1977 2128 2542 2629 2954 3010 3052 3262 3423 3526 4030 4451 4462 4480 4822 4931 5018 5077 5097 5203
5067 838 1068 1095 1310 1637 1826 2176 2449 2494 2554 2693 2746 3429 3833 3855 3975 4153 5068 5384 5462 5481 5491 5499 5502 5764 5765 5841
5068 200 298 568 689 770 1145 1305 1383 1576 1591 1594 1990 1992 2105 2294 2317 2386 2410 2479 2489 2822 2921 3156 3244 3465 3494 3718 3726 4008 4320 4327 4401 4657 4811 4862 5067 5198 5375 5380 5706 5709 5712 5934
5069 706 879 1070 1092 1350 1887 2091 2130 3442 3596 4068 4136 4182 4228 4251 4255 5053 5348 5444
5070 101 207 450 963 1306 1322 1437 1475 1876 1973 2062 2869 2877 2983 3069 3072 3218 3814 4127 4294 4320 4369 4379 4413 4753 4901 5743 5900
5071 187 401 1930 2056 2381 2452 2989 3011 3046 3213 3248 3286 3631 3633 3911 4116 4139 4762 4943 5143 5264 5324 5366 5698 5917
5072 245 294 304 345 536 562 602 654 890 991 1328 1589 1594 1669 1939 2235 2338 2868 2928 3172 3272 3348 3369 3790 4053 4076 4162 4250 4263 4438 4446 4483 4719 5074 5107 5488 5522 5830 5928 5948
5073 63 162 172 179 308 663 1006 1116 1396 1501 1770 1945 2065 2155 2474 2871 2900 3017 3199 3432 3507 3659 3662 3781 3892 4167 4215 4468 4717 5090 5328 5753 5760
5074 123 741 1114 1214 1274 1399 1583 1627 1804 1949 1953 1980 1991 2904 3184 3872 3928 4004 4033 4113 4656 4663 4934 5072 5262 5541 5848
5075 19 126 284 550 874 1277 1675 1795 1956 2380 2474 2810 2908 3134 3137 3327 3388 3624 3637 3813 4240 4600 4624 4730 4809 4900 5326 5643 5753 5960
5076 208 294 959 1081 1096 1106 1615 1712 1841 2040 2171 2552 2618 2658 2789 2890 3041 3098 4229 4278 4551 4906 4938 4950 4986 5341 5845 5871 5984
5077 601 613 1333 1395 1885 2063 2084 2184 2284 2326 2351 2354 2970 3045 3234 3533 3735 4302 4658 4777 4874 5066 5541 5663 5759 5961 5982 5991
5078 117 379 494 909 1212 1657 1963 2101 2399 2861 3032 3110 3339 3413 3829 4462 4590 4738 4896 5156 5341 5456 5474 5539 5618
5079 40 239 254 402 479 512 713 830 961 966 1442 1876 1942 2718 3336 3519 3778 3931 4253 4379 4445 4527 4558 4890 5261 5271 5279 5672 5874
5080 187 545 682 732 857 972 1016 1246 1484 1700 1780 2002 2174 2195 2361 2940 2963 3341 3363 3378 3466 3494 3723 4200 4475 4585 4805 4881 5973
5081 20 141 438 560 1030 1272 1316 1379 1615 1907 1957 2119 2322 2647 2810 2872 3372 3543 3615 3744 4069 4922 5052 5322 5427 5455 5470 5697 5725 5743 5797 5970
5082 75 479 881 1398 1472 1555 1869 1954 2125 2261 2427 2757 2892 3143 3162 3281 3479 4070 4341 4444 4481 4672 4675 4812 5110 5119 5158 5261 5629 5956
5083 23 369 553 633 665 956 1009 1101 1108 1110 1810 2078 2267 2318 2705 2788 2991 3896 4100 4406 4543 5055 5167
5084 168 185 189 236 664 667 798 1162 1173 1442 1566 2195 2263 2415 2745 2834 3031 3317 3327 3407 3419 3563 3792 4348 4440 4528 4571 4744 4812 4816 4861 5086 5228
5085 14 330 349 423 560 654 726 868 873 1449 1460 1495 1585 1910 1940 1949 2025 2217 2346 2641 2831 2839 2857 2866 3120 3973 4014 4569 5260 5631 5662 5767
5086 181 1007 1072 1147 1386 1729 2108 2170 2224 2277 2542 3026 3411 3489 3494 3816 3942 4110 4182 4242 4462 4486 5084 5437 5668 5813
5087 88 208 335 634 807 857 979 1015 1092 1404 1587 1787 1818 2343 2674 2853 2976 3079 3106 3384 3396 4028 4094 4131 4135 4221 4276 4448 4809 4837 4890 4945 5039 5052 5171 5249 5838
5088 835 973 1043 1109 1137 1248 1371 1565 1636 1785 2129 2618 2664 3209 3255 3325 3446 3626 4163 4361 4427 4843 5278 5403 5580 5582 5786 5806 5829
5089 141 275 332 646 1094 1184 1606 2203 2284 2398 2725 2970 3552 3658 4623 4754 5003 5147 5208 5490 5552 5711 5872 5950 5969
5090 509 1117 1134 1630 1735 1810 1906 2232 2378 2693 2733 2812 2856 3255 3913 4033 4230 4367 4452 4750 5073 5401 5704 5770 5849 5870 5896
5091 286 320 972 1143 1198 1206 1487 1915 2000 2257 2310 2642 2659 2907 2958 3055 3221 3569 3583 3588 3830 4597 4779 4952 5611 5637 5869
5092 68 161 247 443 459 599 914 919 975 1324 1429 1630 1653 1700 1937 1946 2736 2903 2992 3318 3638 4098 4674 4735 4912 5007 5194 5898
5093 216 261 485 733 1329 1461 2070 2433 2442 2621 2684 2709 2863 2996 3099 3104 3253 3404 3444 4097 4108 4591 5148 5288 5390 5395 5462 5617 5651 5890
5094 54 116 318 613 816 834 837 944 1171 1329 1834 1902 2010 2220 2288 2425 2638 2851 2906 3358 3516 3773 3861 4220 4544 4633 4833 5427 5828 5862
5095 101 239 301 450 951 1088 1120 1141 1568 1748 1948 2604 2837 3277 3553 3760 3769 3822 4346 4471 4483 4736 4796 4798 4906 5006 5130 5275 5377 5381 5389 5400 5434 5511 5581
5096 186 291 675 711 1027 1215 1738 2072 2162 2210 2370 2811 2868 2889 3070 3504 4201 4419 4637 4798 4880 4962 5170 5398 5478 5485 5507 5622 5839
5097 15 28 278 597 820 853 922 1061 1160 1438 1878 1890 1926 1987 2087 2117 2119 2181 2242 2372 2876 2958 3024 3051 3731 3810 4038 4053 4313 4414 4714 4859 4991 5034 5066 5257 5280 5393 5407
5098 127 147 186 711 1737 1796 1830 1978 2050 2177 2430 2880 2939 3254 3279 3624 4170 4499 4884 5123 5402 5637 5686 5849 5996
5099 103 374 652 667 719 883 996 1040 2503 2557 2591 3012 3209 3253 3586 4409 4454 4521 4523 5236 5904
5100 152 290 473 568 786 905 1229 1490 1814 1848 1920 2100 2849 2889 3123 3807 4531 5004 5039 5148 5182 5267 5323 5397 5431 5615 5637 5654 5768 5928
5101 4 646 1093 1665 2119 2133 2705 2769 2869 3064 3265 3486 4033 4585 4627 4647 4835 4923 5051 5436 5638 5674
5102 199 401 429 678 736 1166 1318 1331 1580 1605 1696 2000 2185 2189 2925 3010 3017 3032 3134 3236 3436 3494 3595 3672 3964 4321 4788 4965 5115 5457 5507 5634 5906
5103 15 466 587 738 767 951 1213 1448 1536 1581 1604 2621 2678 3184 3310 3571 3932 4182 4281 4447 4476 4488 4537 5273 5317 5690
5104 113 337 862 898 903 931 1320 2062 2095 2157 2177 2192 2385 2407 3167 3427 3545 3653 4259 4329 4382 4418 4888 5123 5316 5511 5827 5886 5921 5973
5105 108 195 279 758 938 1592 1874 2058 2466 2628 2639 3115 3205 3270 3933 3945 4631 4679 5292 5515 5605 5623 5741 5768 5792
5106 607 676 1275 1317 1853 2019 2065 2668 2933 3749 3797 3826 4187 4516 4695 4709 5124 5205
5107 18 305 565 603 1280 1512 1696 1782 1857 1903 2497 2853 2880 3057 3062 3078 3314 3428 3705 3777 4065 4332 4435 4493 4511 4736 4891 4991 5072 5223 5420 5451 5461 5529 5611 5624 5705 5823 5890 5985 5987
5108 813 911 1177 1380 1499 1596 1710 1723 1795 1975 2224 2398 2482 2669 2671 3395 3560 3976 4536 4597 4644 4672 4677 4699 4786 4860 5109 5121 5264 5579 5695
5109 67 73 295 315 442 714 1259 1449 1485 1608 1845 1918 1965 1979 2019 2023 2065 2276 2370 2545 2548 2679 2740 2816 2887 2982 3101 3126 3196 3915 4131 4288 4366 4370 4738 4951 5108 5418 5563 5840
5110 252 830 948 1458 1776 1801 1851 1865 1916 2259 2688 2823 2950 3143 3196 3329 3410 3459 3661 4136 4389 4458 4539 4863 5082 5363 5373 5548 5563 5904
5111 63 147 786 795 1542 1709 1718 1733 2066 2234 2258 2343 2349 3006 3046 3095 3108 3883 4014 4490 4787 4884 5215 5578 5906
5112 246 349 397 447 608 780 971 1201 1246 1272 1439 1874 1876 2011 2471 3184 3346 3415 3689 3923 4230 4361 4484 4507 4924 5274 5431 5466 5475 5533 5918 5944
5113 332 515 606 1092 1250 2026 2099 2120 2141 2375 2546 2711 3113 3523 3713 3731 4164 4212 4233 4357 4873 5051 5344 5409 5453 5705 5916 5965
5114 77 219 261 365 873 1506 1784 2031 2596 2611 2650 2708 2991 3027 3369 3478 3645 3649 4238 4610 4612 4922 5271 5335 5601 5667 5708 5765 5795
5115 645 694 737 862 913 935 1018 1383 1458 1814 2226 2736 2791 3026 3293 3308 3438 3724 3934 4155 4171 4369 4700 4797 4931 5102 5143 5243 5331 5736
5116 600 735 1140 1316 1619 1705 1949 2111 2284 2534 2753 2761 2782 2986 3161 3250 3564 3965 4258 4635 4781 4951 5232 5959
5117 318 384 897 1184 1548 2281 2707 2720 2726 2752 3185 3246 3323 3384 3514 3776 3836 4201 4850 5424 5510 5583 5671 5688 5748 5902
5118 72 363 743 846 925 1352 1445 1534 1569 2413 2824 2836 2878 3194 3234 3361 3632 3755 3826 4080 4245 4361 4653 4686 4745 5063 5191 5192 5193
5119 166 239 254 362 454 760 1201 1226 1291 1549 1902 1947 2019 2054 2058 2164 2319 2593 2651 2837 2939 3353 3752 3797 3849 4224 4905 5082 5363 5374 5809 5825 5924
5120 6 68 558 605 637 729 869 1119 1229 1277 1619 1720 2134 2403 2537 3227 3381 3442 3904 3959 4420 4629 4703 4737 4978 5177 5555 5733 5758
5121 335 650 995 1415 1447 1686 1876 2105 2829 3146 3228 3311 3387 3480 3921 4022 4028 4194 4422 4783 4796 5018 5108 5476 5505 5515 5776 5828
5122 14 172 504 626 760 1442 1489 1499 1671 2264 2351 2450 2674 2852 2984 3181 3846 3982 4170 4719 5161 5240 5288 5681 5749 5850 5863 5867
5123 12 13 127 128 232 525 729 888 942 954 1192 1254 1695 1764 1945 2137 2752 3029 3301 3491 3597 3776 4180 4313 4393 4548 4578 4792 5098 5104 5131
5124 38 107 213 410 911 1272 1648 1676 2059 2099 2357 2557 2856 3091 3140 3185 3399 3452 3490 3791 4161 4175 4256 4639 4693 4813 4989 5106 5196 5254 5662 5977
5125 31 301 500 940 1142 1180 1432 1445 1692 2074 2478 2710 2747 2811 3466 3587 3891 3992 4233 4475 4820 5262 5667 5775
5126 136 385 677 811 834 867 957 1018 1156 1171 1496 1587 1752 2256 2330 2730 3138 3252 3330 3865 3999 4087 4418 4419 4489 5600 5771 5784 5849 5996
5127 286 417 475 923 990 1003 1125 1181 1294 1405 1659 2010 2277 2285 2317 2397 2517 2526 2755 2886 2910 2927 3224 3232 3428 3439 3761 3875 4066 4224 4659 4713 4932 4986 5154 5344 5620 5787 5954
5128 353 1021 1115 1564 1582 1682 1924 2301 2438 2663 2667 2872 3537 3546 3652 3750 3830 3898 4611 4716 4828 4845 4854 4959 5065 5142 5410 5859
5129 127 176 451 774 782 858 906 1464 1534 2061 2099 2349 2733 2835 3021 3262 3553 4743 4757 5136 5141 5615 5913
5130 24 79 147 321 829 1038 1112 1221 1411 1816 1857 1999 2032 2209 2416 2772 2827 3088 3267 3314 3729 3986 4056 4100 4102 4598 4919 4924 5095 5682
5131 66 129 407 853 882 1262 1334 1432 1891 1943 2339 2794 3047 3106 3349 3498 3519 3674 3875 3980 4214 4254 4945 5123 5292 5801
5132 175 326 490 608 699 1168 1257 1765 1767 1861 1875 2016 2076 2133 2159 2540 3118 3328 3348 3420 3626 3680 3901 3953 4095 4269 4644 4752 4792 4832 4885 4946 5036 5223 5294 5335 5722 5853 5941
5133 963 1019 1172 1212 1630 1893 2004 2107 2217 2964 3557 3566 4110 4338 4423 5165 5184 5224 5789 5820 5836
5134 99 208 320 494 783 789 845 1046 1908 2173 2351 3023 3127 3151 3315 3392 3770 3844 3885 4235 4377 4511 4612 4678 4767 4953 5034 5530 5752
5135 227 229 314 382 490 657 1154 1267 1448 1836 2061 2382 2467 2518 2669 2790 2920 3041 3052 3393 3442 3968 4010 4346 4480 4494 4660 4756 4777 4918 5023 5196 5505 5584
5136 189 496 510 531 1877 2101 2591 2725 3088 3283 3367 3450 3735 3805 4078 4088 4106 4226 4521 4924 5129 5143 5155 5357 5454 5768 5803 5945
5137 5 268 355 468 706 750 2323 2727 2810 2847 2925 2994 3140 3155 3351 3461 3759 3934 4319 4569 5904 5925 5947 5986
5138 54 891 962 1060 1803 1889 2156 2273 2325 2389 2614 3088 3247 3317 3745 4197 4816 4919 4984 5323 5388 5502 5578 5701 5894 5922
5139 584 692 734 801 1027 1232 1309 1615 2159 2436 2487 2691 2769 2830 2871 3361 3930 4171 4339 4361 4377 4502 4526 4548 4557 4997 5164 5506 5524
5140 120 379 418 493 509 608 933 1061 1091 1610 2197 2319 2409 2422 2490 3721 3879 3890 4009 4074 4212 4432 4500 4649 4802 4864 5364 5552 5635 5683 5739
5141 88 295 464 628 811 926 934 1044 1282 1322 1327 1492 1590 1889 2037 2274 2373 3011 3574 3617 3658 4009 4096 4123 4353 4418 4819 5129 5147 5199 5590 5642 5655
5142 568 659 691 1333 1520 1551 1914 2074 2211 2369 2662 3008 3288 3632 3677 3857 3964 4159 4754 4824 4881 4891 5046 5055 5128 5440 5474 5640 5770 5994
5143 482 616 766 781 1165 1622 1939 2051 2302 2495 2819 2831 2938 3295 3315 3347 3398 3401 3542 3608 3864 4122 4139 4226 4304 5005 5071 5115 5136 5360 5501 5570 5673
5144 34 85 91 977 1013 1137 1304 1983 2031 2262 2390 2421 2502 2853 2913 3031 3051 4209 4350 4808 5203 5228 5231 5334 5836 5894
5145 48 305 367 484 821 859 942 1043 1442 1747 1812 2220 2226 2619 2638 2664 2692 3235 3402 4033 4096 4795 5007 5037 5173 5469 5812
5146 417 638 656 786 863 1628 1725 1870 1878 2004 2313 2435 2550 2654 2854 3047 3206 3245 3615 3690 3758 4020 4037 4144 4401 4407 4483 4766 4849 5023 5296 5477 5631 5717 5772 5894
5147 126 368 619 1115 1643 1722 1787 1895 1906 1925 1995 2143 2236 2382 2856 3127 3284 3348 3828 4290 4309 4414 4415 4445 4880 4974 5089 5141 5371 5683 5754 5771 5805 5944
5148 253 500 553 850 1025 1039 1096 1278 1774 1844 2199 2204 2327 2352 2375 2377 2392 2561 2759 3094 3132 4088 4230 4357 4734 5093 5100 5165 5235 5367 5663
5149 158 272 350 485 575 576 837 1374 1727 1790 2397 2405 2434 2539 2903 3141 3251 3292 3525 3651 3816 3919 4366 4767 5325 5644 5721
5150 277 354 594 691 716 1870 1957 1999 2423 2588 2801 2854 3145 3602 3772 4055 4285 4339 4761 4910 5330 5409 5418 5422 5798
5151 245 357 679 729 831 866 1210 1259 1322 1598 1648 1882 2091 2131 2466 2471 2522 2572 2617 2677 2739 2882 3131 3426 3631 3898 4127 4218 4487 4627 4970 5025 5597 5760 5891 5977
5152 2 39 57 221 683 870 1163 1245 1569 1618 2309 2312 2449 2556 2576 2802 2841 2953 3165 3586 3748 3766 3955 4357 4678 5233 5421 5455 5889
5153 160 587 772 793 840 1410 1535 1732 1771 1797 2077 2591 2632 2681 3601 3602 4220 4312 4331 4342 4363 4637 4656 4686 4973 5697 5830 5899
5154 155 209 349 1221 1267 1476 1559 1576 1602 1993 2924 3254 3383 3497 3507 3642 3729 3903 3935 4026 4060 4091 4194 4941 5049 5127 5164 5310 5380 5448 5578 5700 5712 5725 5901
5155 485 887 935 1390 1489 1571 1869 2311 2345 2581 2833 2837 3152 3295 3484 3710 3972 4158 4280 4873 4909 4990 5136 5289 5443
5156 120 156 204 233 249 516 866 897 1548 1576 1737 1744 1816 1967 2063 2334 2365 2667 2694 2883 3011 3103 3315 3581 3665 3878 3921 4353 4424 4508 4990 5078 5331 5468 5737 5966
5157 53 87 131 333 521 1048 1384 1591 1685 1942 2401 2595 3046 3173 3238 3279 3398 3542 3582 3594 3609 3863 3911 4233 4470 4649 4663 4712 4816 5214 5274 5314 5479 5567 5998
5158 110 254 296 403 406 806 1165 1183 1310 1439 1586 1692 1951 2124 2154 2549 2869 2935 3088 3357 3424 3748 4000 4149 4802 5082 5297 5366 5417 5814 5957
5159 606 889 910 1351 2027 2074 2194 2522 2547 2696 3188 3708 3723 4163 4185 4237 4776 5207 5226 5353 5419 5756
5160 160 203 327 404 609 989 1074 1415 1870 1880 2006 2566 3092 3218 3354 3561 3939 4018 4148 4205 4452 4821 4934 5175 5281 5359 5849 5853 5858 5900
5161 95 161 436 448 474 598 692 1087 1094 1141 1558 1662 1685 1804 1808 1829 2231 2257 2397 2503 2600 3164 3244 3327 3615 3724 3779 3839 3876 4547 4572 4922 5122 5229 5266 5468
5162 230 611 654 916 1112 1161 1258 1438 1562 1601 1703 1925 1933 2101 2394 2452 2636 2716 2796 2860 3193 3371 3848 3924 4548 5224 5268 5325 5789
5163 406 509 690 888 1033 1429 1689 1705 1712 1815 2018 2253 2316 2469 2526 2648 2669 2779 2851 3277 3334 3344 3359 3569 4279 4335 4635 4642 5592 5723 5726 5964
5164 141 543 648 692 930 993 1078 1398 1523 1696 1918 2945 2946 3008 3067 3296 3925 4563 4583 4617 4621 4944 5139 5154 5472 5739
5165 93 468 564 675 998 1048 1199 1222 1273 1712 1845 2110 2588 2801 3220 3512 3657 3668 3790 4673 4805 5044 5133 5148 5167 5190 5315 5453 5806 5976
5166 267 433 1021 1190 1334 1586 1669 1789 2274 2315 2684 2810 2887 3021 3051 3086 3207 3208 3318 3434 3530 3776 3900 4033 4178 4307 4516 4874 4987 5248 5700
5167 753 949 1240 1490 1667 1760 1997 2093 2454 2787 3033 3900 3924 4040 4412 4508 4533 4620 4685 4734 5006 5083 5165 5455 5629 5937
5168 159 214 237 683 928 987 1031 1189 1650 1705 1878 2041 2485 2802 3113 3174 3306 3319 3366 3447 3488 3564 3930 3982 4007 4128 4164 4302 4503 4511 4532 4766 4781 4861 5278 5801
5169 6 306 317 518 686 1012 1129 1362 2202 2289 2470 2533 2843 2933 3193 3223 3318 3946 4227 4280 4297 4517 4578 4582 5043 5594 5645 5854
5170 57 305 687 779 897 1050 1241 1534 1621 1659 1660 1955 2108 2281 2514 2767 2945 3150 3259 3545 3908 4199 4433 4499 4515 4603 4691 5096 5565 5759 5803
5171 122 359 1026 1042 1241 1454 1539 1678 2400 2553 2976 3146 3428 3621 3653 3778 4022 4030 4089 4267 4518 4522 4876 5032 5087 5631 5824 5829 5916
5172 332 333 367 1172 1210 1288 1603 1911 2110 2518 3385 3456 3858 3920 4057 4547 5046 5222 5584
5173 418 448 1107 1146 1319 1704 1737 1902 1950 1960 2010 2416 2591 2807 3051 3331 3560 3986 4128 4403 4773 5145 5399 5524 5563 5649 5740 5858
5174 126 378 438 454 469 545 1378 1400 1427 2139 2151 2185 2344 2405 2815 3174 3342 3502 3546 3716 3991 4033 4128 4449 4542 5264 5319 5554 5682
5175 68 279 524 532 1292 1859 1923 1947 1972 2336 2656 2894 3732 3742 3859 3878 4061 4474 4783 5160 5213 5589 5732 5897
5176 185 848 1686 1789 2276 2436 2561 2800 3004 3017 3204 3224 3440 4095 4177 4179 4211 4341 4358 4377 4411 4581 4750 5048 5274 5299 5387 5468 5631 5779 5957
5177 153 213 248 292 464 541 716 862 897 965 1283 1451 1484 1572 1606 1654 1712 1775 1782 2404 2474 2663 2678 2729 3721 3729 3749 4000 4146 4297 4515 4845 5120 5215 5659
5178 75 192 209 217 496 515 658 668 715 766 1234 1369 1700 2448 2587 3228 3244 3753 4629 4700 4853 4986 5205 5320 5377 5594
5179 90 162 684 700 729 829 974 1062 1096 1104 1192 1581 1841 2188 2442 2624 3017 3235 3355 3651 3773 3971 4799 4856 4958 5247 5358 5452 5548 5650 5780
5180 19 239 326 469 584 659 1068 1535 2012 2162 2483 2881 2971 3048 3173 3499 3645 3777 4054 4484 4655 4956 5007 5820 5983
5181 270 341 667 891 928 1309 1557 1592 1871 2305 2406 2610 2659 2774 3005 3008 3076 3377 3453 3598 3918 3938 4317 4394 4508 4665 4886 5263 5342 5346 5594 5754 5832 5912
5182 210 253 544 557 625 664 1025 1066 1156 1278 1284 1326 1477 1559 2132 2269 2472 2608 3095 3233 3851 3982 4155 4166 4318 4421 4612 4712 4715 4744 4872 5100 5318 5805 5845 5881 5892 5997
5183 35 292 349 552 946 1166 1198 1343 1617 1665 2086 2956 3299 3364 3404 3887 3910 3998 4414 4511 4882 4899 5188 5897
5184 91 178 195 789 1039 1726 1757 2265 2820 3118 3224 3313 3485 3529 3568 3696 3951 3998 4109 4739 4897 4912 5133 5409 5551 5648 5721 5849 5899
5185 243 665 1082 1123 1200 1472 1610 2079 3169 3492 3568 3584 3656 3830 4079 4268 4544 4649 4767 5397 5549 5832
5186 246 250 771 1028 1029 1335 1530 1590 1644 1654 1713 1715 2018 2174 2389 2642 2738 3108 3527 4087 4603 4702 4872 5008 5252 5695
5187 383 650 672 975 1089 1248 1833 1909 1947 2573 2784 2866 2937 3148 3158 3434 3823 4139 4224 4322 4600 4742 4843 5474 5590 5741
5188 204 645 659 877 957 1087 1113 1489 1925 1931 2027 2190 2405 2518 2538 2961 2999 3149 3242 3643 3846 3982 4033 4281 4426 4514 4878 4921 4953 5011 5051 5183 5386 5406 5460 5924
5189 355 441 475 1462 1695 2096 2172 2267 2569 2669 2774 3027 3430 3507 3749 4010 4078 4154 4639 4849 4975 5220 5783 5924
5190 13 48 101 407 714 781 2132 2202 2862 2910 2946 3158 3172 3176 3179 3231 3530 3546 3619 4158 4561 4836 4981 5165 5414 5784
5191 90 111 202 642 674 809 987 997 1507 1642 2330 2356 2619 2759 2877 3055 3148 3386 3460 3668 3912 4224 4854 5118 5336 5565 5582 5847 5887
5192 91 192 708 758 827 925 1189 1490 1769 2359 2442 2520 2584 2654 3167 3755 4035 4218 4448 4536 4723 5118 5326
5193 24 301 326 427 628 769 1053 1317 1526 1708 2003 2187 2190 2216 2491 2888 3300 3361 3387 3657 4043 4055 4224 4301 4622 4686 4713 5059 5118 5289
5194 274 408 680 767 853 954 986 1027 1232 1474 1787 1866 1889 2012 2093 2108 2962 3122 3768 3795 3880 3987 4303 4359 4386 4513 4602 4832 5046 5092 5246 5394 5418 5890
5195 41 112 135 300 648 850 1163 1490 1730 1769 1830 2044 2780 2904 2976 3025 3070 3087 3215 3226 3352 3475 4033 4527 4627 4630 4687 4734 5288 5317 5425 5597
5196 185 390 772 1647 1773 2028 2036 2039 2096 2110 2400 2553 2600 2747 2847 3320 3464 3525 3730 3762 3954 4162 4335 4629 4728 5124 5135 5555 5872 5911 5997
5197 11 262 401 421 658 987 1010 1316 1465 1498 1526 1916 2255 2527 2797 2958 3065 3535 4017 4219 4550 4620 4758 4788 5294 5965
5198 197 250 366 559 710 1366 1484 1621 1889 2193 2368 2641 2720 2798 2806 2945 2994 3005 3168 3175 3468 3748 3779 4219 4226 4252 4635 4982 5068 5406 5453 5566 5579 5692 5717 5787
5199 289 556 584 727 866 928 1485 1617 1692 1701 2006 2450 2560 2667 2709 2927 3278 3887 4015 4079 4275 4639 4896 4914 5141 5246 5502
5200 244 335 343 369 372 635 1173 1301 1358 1898 1955 2224 2228 2467 2963 2995 3072 3273 3815 4598 4942 5246 5366 5383 5437 5574 5859 5888 5892 5994
5201 157 357 592 749 803 866 1025 1154 1245 1353 1418 1516 1793 2212 2501 2708 2740 2845 2967 3189 3233 3541 3775 4069 4209 4234 4517 4623 4753 4792 4805 5037 5207 5898
5202 304 372 651 801 832 1454 1685 1906 2273 2296 2455 3034 3283 3792 4095 4103 4369 4433 4648 4895 5306 5373 5448 5529 5584 5855
5203 51 598 677 729 1222 1478 1566 1651 1725 1782 1786 1986 2246 2302 2317 2325 2398 2442 2825 2902 3019 3096 3369 3383 3423 3481 3782 3785 3816 3873 3930 3944 4355 4557 4651 5066 5144 5262 5310 5995
5204 83 310 347 354 396 669 741 1149 1452 1764 1931 2111 2151 2702 3454 3535 3564 3805 3812 3830 4058 4095 4146 4310 4327 4526 4632 4740
5205 299 623 1645 1742 1902 2160 2304 2757 2896 2981 3004 3167 3999 4030 4393 4403 4680 5106 5178 5348
5206 55 490 693 1178 1303 1320 1463 1542 1600 1881 2175 2392 2502 2692 2753 2793 2805 2889 3263 3446 3806 3815 4110 4334 4469 4845 4967 5609 5663 5885 5921
5207 130 281 878 942 1216 1404 1508 1614 1713 2035 2126 2440 3126 3361 3601 3753 3926 3994 4000 4066 4117 4197 4429 4522 4584 4762 5159 5201 5397 5574 5594 5888
5208 28 51 69 224 530 825 1050 1142 1197 1282 1484 1506 1885 1996 2319 2555 2632 3094 3237 3242 3251 3732 4017 4063 5089 5381 5530 5699 5742
5209 106 238 441 1527 1670 1706 1988 2256 2319 2454 2464 2822 2830 3208 3214 3418 3512 3819 4044 4083 4236 4335 4359 4647 4740 5061 5297 5386 5804 5923
5210 24 135 292 475 1079 1247 1362 1381 1601 1838 1874 2868 2972 3202 3519 3701 3783 3993 4218 4236 4920 5217 5394
5211 26 668 807 898 986 996 1137 1321 1859 2001 2172 2353 2452 2486 2736 2856 2877 3057 3107 3290 3310 3326 3398 3650 4116 4170 4545 4637 4655 4743 5335 5522 5618 5879 5894 5910
5212 19 441 547 1371 1401 1558 1906 2329 2542 2672 2991 3118 3450 3711 3870 4090 4623 4690 4730 4756 4811 4947 5327 5499 5540 5681 5692
5213 562 604 627 745 801 884 1218 1240 1531 2064 2210 2329 2339 2476 2537 2934 3395 3747 4118 4211 4252 4342 4781 4833 5175 5520 5955
5214 36 105 194 269 581 797 831 841 927 969 1411 1845 1889 2323 2644 2763 3040 3114 3119 3717 3725 3784 3858 3936 3962 4262 4371 4619 5157 5533 5578 5759 5900
5215 380 943 1025 1850 1875 2272 2313 2783 2962 2973 2978 3343 3449 3603 3933 4294 4685 4766 4781 4827 5111 5177 5326
5216 167 197 769 957 978 991 1058 1386 1454 1804 1833 2181 2467 2555 2762 3048 3291 3411 3618 3712 3817 4075 4140 4169 4347 4720 5316 5397 5414 5670
5217 178 265 481 580 622 892 1119 1191 1301 1372 1442 1710 1998 2114 2459 2515 2522 2781 2923 2927 2929 2989 3084 3484 3673 3721 3916 4167 4457 4748 5210 5543 5603 5932 5941
5218 185 347 453 554 739 1017 1230 1419 1583 1666 1687 1983 2278 2466 2550 2676 3094 3929 4040 4151 4246 4318 4540 5004 5222 5236 5627 5875
5219 0 152 265 400 750 1037 1063 1283 1383 1392 1454 1467 1505 1643 1657 1745 1841 2001 2022 2038 2078 2267 2417 2907 3081 3333 3410 3662 3738 3910 3911 4577 4593 4756 4854 4999 5052 5418 5554
5220 639 852 884 991 994 1050 1296 1755 1895 2009 2293 2364 2400 2700 2933 3379 3382 3505 3598 3926 4512 4669 4814 5189 5581 5616 5617 5958
5221 63 252 508 637 764 1025 1082 1475 1515 1716 1837 2050 2226 2974 3876 4050 4062 4115 5408 5722 5857 5944
5222 128 285 378 739 866 944 1027 1147 1177 1715 1966 2216 2328 2806 2897 2994 3231 3571 3643 4144 4227 4407 4466 4764 4798 4821 4924 5172 5218 5363 5372 5387 5579 5916
5223 377 401 485 802 1193 1693 1762 1912 2000 2204 2339 2556 2735 2938 3610 4157 4457 4608 4746 4876 5058 5107 5132 5332 5346 5370 5394 5860
5224 228 419 422 639 1280 1301 2275 2659 2833 3237 3628 3821 4041 4147 4540 4585 4922 5133 5162 5454 5781 5821
5225 181 255 835 886 921 991 1442 1469 1579 1773 1803 2067 2199 2264 2277 2561 2632 3091 3353 3480 3522 3527 3851 3928 4069 4333 4362 4417 4678 4736 4918 5236 5377 5652 5897
5226 315 539 646 755 893 985 1173 1284 1288 1310 1579 1592 1764 1843 1934 2043 2134 2151 2349 2686 2825 2852 2955 2956 3232 3326 3458 3706 3707 3973 4016 4200 4482 4914 5008 5159 5461 5749 5808 5862
5227 114 122 139 158 209 277 393 407 412 630 1792 2307 2408 2469 3187 3379 3751 3853 4375 4699 4992 5410 5758 5861
5228 1549 1704 1722 1728 1895 2261 2434 2566 3856 4700 4786 5084 5144 5290 5406 5487 5650 5672 5789
5229 7 272 278 416 450 710 823 887 939 941 1030 1600 1660 1833 2194 2343 2721 3108 3202 3258 3371 3634 3878 4247 4350 4415 4762 4989 5052 5161 5484 5492 5610 5656 5685
5230 52 767 831 882 919 1100 1155 1240 1420 1860 1875 2007 2101 2139 2151 2688 2786 3292 3395 3411 3515 3776 4034 4184 4204 4564 4830 4880 4966 5445 5871 5931
5231 201 226 237 304 423 444 956 1033 1191 1332 1707 2701 2779 2846 3034 3107 3540 3848 3979 4084 4114 4436 4622 4833 4973 5144 5399 5401 5900
5232 112 361 402 1184 1226 1432 1434 1497 1669 1704 1884 2306 2563 2751 2803 2981 3005 3235 3481 3522 3846 3919 4002 4482 4503 4919 5116 5240 5683 5793 5972
5233 58 65 273 776 785 877 1160 1367 1514 1813 2600 2625 2792 2980 3061 3084 3325 3340 3499 3620 3869 4031 4443 4526 4813 5152 5325 5389 5408 5490 5501
5234 52 157 274 665 929 1573 1918 1991 2312 2709 2997 3516 3524 3725 3792 4114 4514 4582 4780 5569 5604 5773 5815 5902
5235 67 129 219 870 932 964 1150 1465 1514 1800 2434 2498 3002 3232 3613 3634 3643 3669 3676 4136 4183 4351 4544 4545 4642 4840 5148 5799
5236 107 208 278 555 661 743 863 907 944 1695 1800 1825 1860 2058 2090 2130 2175 2302 2334 2367 2387 2798 2836 2874 3071 3431 3507 3912 3974 4070 4095 4099 4146 4252 4494 4537 4996 5099 5218 5225 5538 5559 5729 5760
5237 340 358 518 562 774 1098 1103 1366 1620 1646 2564 2936 2987 3051 3399 3459 3574 3596 3597 3729 4410 4511 4528 4602 4641 5015 5027 5392 5446 5774 5798 5917
5238 383 612 950 1254 1263 1360 1434 1615 1647 1805 1990 2304 2358 2410 2412 2534 2695 2733 3192 3234 3302 3652 3786 4612 4706 4723 4922 5391 5415 5455 5524 5595 5608 5630 5792 5887 5948
5239 330 342 348 780 862 1027 1104 1259 1413 1545 1732 1905 2343 2586 2792 3228 3253 3477 3639 4119 4133 4291 4549 4730 5284 5574 5998
5240 398 545 836 954 1335 1358 1542 1669 1735 1747 1751 2194 2473 2546 3093 3203 3422 3435 3667 4053 4355 4582 4714 5122 5232 5313 5398 5453 5477 5767 5866
5241 477 1007 1049 1198 1259 1269 1908 1934 2111 2555 2584 2752 3274 3322 3329 3483 3492 3771 3869 3953 4092 4109 4296 4496 4637 4716 4717 5042 5879
5242 92 325 554 612 644 652 663 988 1159 1314 1607 1708 2100 2183 2355 2606 2915 2937 3178 3232 3297 3429 3467 3511 3713 3759 4006 4027 4484 4844 4908 5320 5351 5406 5551 5620 5663
5243 328 896 898 972 1170 1185 1206 1609 2685 2908 3103 3369 3734 3886 4048 4101 4311 4338 4498 4648 4729 4742 5042 5115 5273 5321 5701 5732 5763
5244 600 602 734 756 765 1463 1623 2482 2487 2488 2570 2824 2873 3390 3691 3881 4005 4572 4799 4810 4814 5586 5603
5245 116 167 466 634 1076 1215 1297 1436 1558 1625 1629 1664 1753 2066 2176 2223 2290 2292 3115 3283 3615 3856 3923 3990 4061 4135 4312 4315 4320 5438 5515 5653 5738 5749 5868 5873 5924
5246 150 185 241 286 585 642 1139 1187 1248 1444 1700 1816 1854 1907 1938 2034 2490 2606 2620 2625 3126 3466 3696 3770 3873 3963 3985 4137 4541 4579 4648 4866 5194 5199 5200 5297 5381 5498 5547 5777 5879 5882
5247 153 215 282 307 446 974 1155 1215 1277 1359 1397 1665 2196 2308 2446 2451 2655 2712 3534 3714 4022 4214 4228 4633 4779 4821 5179 5555 5900 5944
5248 536 760 910 923 1087 1196 1500 1612 1761 1911 2080 2183 2370 2414 2536 2641 3121 3527 3554 3559 4002 4923 5166 5295 5316 5427 5624 5826 5960
5249 205 244 384 1306 1391 1667 1729 2810 3010 3272 3711 3763 3916 4344 4472 4900 5087 5407 5574 5676 5738 5774 5789 5794 5842
5250 583 701 725 731 736 751 963 1143 1186 1242 1657 2111 2231 2241 2332 2336 2450 2791 3056 3077 3253 3437 3774 3844 3908 4084 4238 4452 4549 4643 4779 4780 5057 5496 5497 5757 5762
5251 37 357 517 712 796 1055 1067 1252 1369 1695 1820 2375 2499 2508 2612 3201 3228 3263 3527 3542 3716 3739 4098 4996 5015 5035 5047 5286 5519 5722 5911 5927 5931
5252 194 250 356 406 614 862 921 1033 1150 1225 1296 1308 1413 1433 1449 1526 1536 1582 1868 2047 2145 2527 2762 2919 3416 3421 3790 4029 4061 4174 4177 4258 4477 4640 4954 5186 5262 5326 5332 5358 5441 5750
5253 139 180 280 433 797 897 944 1192 1786 1815 2153 2160 2492 2799 2973 3044 3251 3484 3553 3999 4061 4158 4302 4396 4732 4836 5398 5475 5488 5716 5773 5956
5254 76 557 618 839 1009 1387 1903 2056 2064 2417 2421 2441 2777 3037 3088 3222 3574 3599 3648 3769 3932 4090 4167 4171 4953 5023 5124 5304 5421 5793 5806
5255 63 86 176 217 267 345 434 439 496 730 1254 1363 1540 1940 2005 2388 3055 3368 3623 3668 3675 3703 4099 4333 4559 4866 4981 5288 5679 5885
5256 18 50 87 94 152 166 630 978 1461 1499 1640 1829 2038 2189 2211 2331 2395 2406 2453 2699 2914 3308 3356 3480 3611 3673 3822 3878 4154 4199 4203 4217 4530 4621 4669 4700 5031 5053 5057 5295 5490 5637 5920
5257 180 319 537 1021 1024 1137 2102 3034 3133 3235 3363 3473 3561 3605 3665 3720 3920 3953 4026 4737 4973 5097 5608 5685 5713
5258 301 407 495 540 582 651 959 1644 1722 1806 1973 2335 2771 2881 3101 3338 3626 3872 4212 4218 4298 4573 5298 5355 5489 5598 5802 5886
5259 81 152 309 789 948 1649 1839 2103 2190 2256 2695 2803 2851 2872 3041 3125 3332 3382 3640 3760 3814 4035 4183 4185 4192 4441 4572 5004 5402 5420 5500 5722 5768 5918 5932
5260 40 361 598 631 1227 1478 1804 1947 2084 2236 2261 2360 2464 2560 2670 2823 2901 3409 3458 4263 4779 5085 5262 5460 5476 5732 5786 5869 5948
5261 11 57 114 249 411 673 852 941 1011 1280 1677 1766 1830 1899 2162 2192 2225 2235 2422 2434 2466 3033 3213 3520 3717 3824 4071 4594 4800 4882 5079 5082 5427
5262 44 67 95 141 661 817 830 1019 1610 1670 1680 2188 2240 2394 2414 2517 2525 2630 2666 2939 2950 3328 3463 3507 3532 3919 4526 4642 5052 5074 5125 5203 5252 5260 5317
5263 57 222 323 611 828 898 1345 1395 2018 2484 2593 2647 2673 2815 2817 3065 3086 3138 3280 3420 3881 4150 4170 4260 4431 4842 5181 5428 5446 5711
5264 46 195 216 793 1609 1630 1813 1894 2329 2758 2965 2974 3062 3525 4131 4333 4339 4357 4394 5071 5108 5174 5274 5483 5545 5675 5921 5974
5265 438 535 857 1405 1746 1760 1966 2041 2074 2153 2276 2685 2829 3027 3041 3354 3697 4517 4987 4991 5479 5522 5578 5624 5880
5266 37 40 511 830 976 1248 1592 1972 2533 2536 2551 2790 3447 3735 3841 3848 3859 4154 4199 4246 4694 4878 5037 5161 5387 5729 5898
5267 72 145 269 314 461 683 1134 1180 1191 1225 1644 1925 2067 2230 3071 3315 3385 3527 3760 3884 3972 4140 4206 4293 4607 4668 4812 4860 4880 5100 5284 5474 5486 5677
5268 37 38 457 482 571 1099 1115 1149 1402 1634 1715 1796 2039 2080 2416 2426 3059 3560 4081 5162 5535 5784 5984
5269 456 736 804 811 895 1037 1235 1256 1263 1302 1544 1954 1968 1973 2295 2417 2583 2687 2752 2944 3506 3734 3759 3838 3878 4585
5270 3 8 133 434 571 596 998 1044 1208 1376 1553 1640 1804 1872 1974 2140 2206 2465 2810 3214 3233 3263 3599 4179 4285 4575 4696 4803 5294 5379
5271 234 1048 1414 1902 2236 2471 2592 2674 2794 2911 3039 3239 3429 3699 3723 4453 4694 5079 5114 5517 5916
5272 211 316 447 478 506 718 742 1143 1218 1360 1487 1745 2120 2209 2361 2529 2615 2925 2938 2953 3196 3373 3425 3759 3913 3964 4088 4420 4546 4745 4794 4871 5008 5013 5039
5273 47 130 144 162 451 944 1043 2124 2166 2331 2807 2950 3115 3471 3782 3893 3939 4242 4485 5103 5243 5550 5826
5274 39 233 283 371 389 515 524 683 842 930 1121 1344 1470 1479 1614 1995 2078 2092 2351 2498 2557 2658 3104 3361 3470 3539 3840 4130 4537 4755 4909 4911 5112 5157 5176 5264 5998
5275 225 783 806 1001 1049 1052 1251 1266 1558 1600 1637 1661 1701 1821 1948 1984 1990 2364 2453 2595 2642 3262 3795 3935 4181 4298 4328 4645 4976 4986 5021 5095 5298 5584 5827 5890
5276 77 99 350 696 975 1004 1031 1345 1347 1374 1576 1601 1785 2004 2065 2612 2806 3097 3633 3888 4016 4031 4084 4242 5608 5936 5985
5277 109 215 299 681 781 821 1322 1635 2125 2626 2905 3088 3241 3337 3419 3448 3885 4336 4671 4769 4896 4956 5325 5371 5388 5556 5706 5719 5762
5278 98 161 525 600 948 1110 1158 1272 2172 2370 2576 2707 2714 3024 3168 3257 3588 3599 3625 3646 4201 4543 4666 4722 5088 5168 5420 5425 5630 5654 5764 5828 5946
5279 28 350 694 998 1177 1205 1237 1252 1542 1563 1607 1932 2004 2661 3171 3265 3618 3911 3942 4465 4632 5016 5079 5490 5696 5725 5958
5280 166 169 466 1316 1346 1633 1937 2319 2963 3011 3121 3537 3712 3845 4098 4135 4367 4611 4637 4689 4788 4887 4978 5097 5468 5476 5584 5618 5664
5281 22 112 146 373 499 564 687 769 938 1071 1184 1923 1943 2095 2103 2142 2149 2211 2423 2508 2761 2870 3096 3118 3455 3755 3839 3885 3948 4148 4308 4833 4850 4910 5014 5036 5160 5385 5541 5703 5802 5896 5967
5282 53 170 228 407 620 633 1244 1314 1607 1705 1756 1850 1893 2016 2048 2452 2475 2509 2671 2715 2843 2869 3009 3268 3436 3491 3561 4383 4563 4581 4820 5437 5665 5808
5283 53 68 299 332 494 590 624 1350 1782 2141 2336 2815 2972 3021 3356 3437 3633 3667 4188 4189 4343 4583 4642 5653
5284 133 218 408 1141 1462 1641 2088 2102 2292 2344 2399 2817 2955 2991 3154 3403 3797 3860 4335 4506 4582 4661 4708 4886 5239 5267 5406 5439 5455
5285 449 485 817 860 887 977 1024 1298 1317 1473 1875 1967 2393 3235 3426 3533 4255 4614 4628 4877 4950 5002 5336 5432 5661 5733 5742 5887
5286 109 144 337 424 430 507 884 908 1013 1137 1235 1542 1637 1667 1986 2927 3054 3079 3154 3324 3514 3584 3602 3732 4715 5018 5251 5395 5443 5457 5739
5287 49 50 52 112 336 400 407 444 558 792 1133 1179 1693 2012 2037 2168 2248 2292 2423 2490 2502 2766 2982 3324 3374 3464 3466 3492 3569 3632 3788 3802 3910 4700 4702 4872 4877 4944 5969 5983 5993
5288 3 7 162 440 503 807 865 918 1085 1410 1550 1813 2010 2014 2131 2189 2197 2685 3576 4021 4084 4091 4182 4211 4270 4681 4732 4878 5093 5122 5195 5255 5549
5289 349 628 632 787 806 873 1136 1298 1475 1640 1731 1962 1986 2046 2191 2443 2634 2879 3302 3625 3724 3862 4256 4387 4415 4457 4560 4811 4839 4919 4956 5155 5193 5416 5715 5753 5888
5290 376 805 879 1054 1686 1734 1751 1793 2011 2209 2318 2444 2518 2587 2750 2855 2973 3069 3092 3102 3179 3619 4282 4420 4431 4628 4745 4870 4962 4974 5228 5489 5593
5291 36 335 636 654 685 735 846 1029 1060 1162 1286 1398 1493 1835 1999 2059 2536 2722 2880 3074 3252 3379 3844 3989 4305 4558 4872 4985 5822 5885 5942
5292 909 1023 1249 1272 1523 1783 1891 2284 2413 2599 2663 3045 3057 3117 3334 3410 3527 3752 3830 3909 4171 4368 4427 4683 4699 4863 5013 5105 5131 5353 5722 5967 5992
5293 117 256 550 863 868 968 1013 1115 1388 1665 1752 2033 2418 2554 2716 2950 3397 3490 3562 3918 3985 4091 4163 4817 4899 5012 5631 5944 5995
5294 230 491 503 1150 1291 1498 1595 1639 1648 1802 1886 2291 2516 2627 2632 2664 2690 2705 3076 3230 3314 3877 3908 4026 4165 4405 4432 4499 4791 4918 5054 5132 5197 5270 5394 5558 5668 5815 5837 5868
5295 113 213 356 925 965 1260 1437 1666 1723 2046 3208 3285 3402 3413 3599 3738 4092 4363 5248 5256 5419 5421 5686 5883 5948
5296 72 298 483 545 600 751 827 1113 1385 1565 1782 2188 2842 3049 3236 3257 3392 3798 3834 4024 4076 4407 4473 5006 5146 5419
5297 677 777 1018 1164 1542 1545 1579 1594 1700 1705 2371 2479 2516 2537 2551 2636 2942 2980 3158 3601 3653 3801 3812 4078 4134 4804 4936 5158 5209 5246 5303 5344 5802
5298 30 298 524 554 1127 1408 1639 1694 1777 2185 2603 2745 3009 3132 3194 3382 3522 3559 3746 3751 3958 4039 4143 4734 4740 4806 4849 4886 5258 5275 5542 5607 5612
5299 224 304 402 721 2020 2438 2895 3088 3098 3948 4032 4053 4274 4368 4641 4860 5176 5456 5471 5808 5865 5977
5300 519 776 871 1050 1090 1142 1677 2316 2511 3072 3714 4008 4025 4033 4087 4272 4945 5026 5435 5631 5639 5719 5982
5301 36 74 154 361 1061 1086 1112 1298 1318 1401 1505 1646 1773 1891 2009 2695 2717 2846 3108 3431 3561 4210 4352 4504 4724 4817 4955 5552 5626 5722 5964 5966
5302 228 260 523 682 691 1309 1325 1390 1532 1554 1818 2020 2043 2055 2424 2453 2545 2785 2853 2968 3451 3691 3753 3966 4254 4345 4439 4575 4776 4981 5384 5628 5878
5303 261 578 844 904 1147 1286 1491 1808 1853 2008 2083 2103 2115 2149 2293 2397 2460 2869 2999 3517 3518 3952 4048 4405 4439 4775 4812 4959 5297 5455 5702
5304 145 544 720 813 961 1181 1262 1336 1798 2223 2238 2541 3325 3457 3770 3803 3976 4068 4561 4706 4740 4926 4963 4984 5254 5443 5903
5305 147 179 231 458 711 712 780 1579 1690 1896 1979 2106 2297 2602 2720 3503 3553 3625 3652 3882 3905 4509 4533 4868 4928 5036 5341 5344 5487 5532 5793 5891
5306 32 118 553 905 1039 1167 1224 1331 2041 2170 2200 2500 2689 2911 2929 2981 2982 3426 3552 3694 3806 4263 4587 4789 4980 5202 5340
5307 113 125 206 684 803 1681 1688 1891 2033 2101 2173 2338 2749 3269 4176 4179 4263 4442 4633 4711 4927 5482 5743 5908
5308 414 1221 1372 1442 1817 2287 2444 2727 2767 2770 3025 3565 3566 3672 3677 3751 3875 3943 4064 4127 4326 4512 4653 5401 5765 5847 5858
5309 368 699 740 975 1393 1708 1730 2283 2430 2895 3038 3735 3754 3779 3857 4098 4140 4264 4561 4626 5392 5531 5765 5823
5310 42 201 223 571 1196 1525 1557 1667 1740 1824 1957 2019 2978 3089 3130 3135 3664 3939 3992 4431 4551 4770 4793 4830 4844 5154 5203 5667
5311 108 151 233 339 1443 1609 1804 1921 1928 1939 2079 2107 2123 2656 2825 2827 2886 3352 3867 3899 4068 4234 4513 4526 4672 4881 4966 5038 5332 5368 5617
5312 218 399 799 828 859 1197 1245 1261 1349 1604 1660 2270 2338 2472 2929 3404 3580 3628 3887 3931 4128 4268 4274 4536 4740 4759 5020 5548 5845 5961 5984
5313 48 631 690 736 823 1008 1030 1067 1333 1435 1913 1953 2202 2252 2266 2377 2385 3012 3111 3127 3150 3390 3433 3789 3841 3858 4006 4221 4244 4275 4307 4798 5005 5028 5240 5460 5514 5701
5314 81 185 1263 1372 1401 1452 1496 1536 1685 1800 1885 2146 2185 2240 2320 2489 2712 2786 3328 3330 3439 3622 3689 4151 4161 4525 4771 5157 5451 5620 5635 5860 5949
5315 193 599 1025 1264 1462 1856 1902 2148 2164 2706 2798 2873 2989 3359 3833 4075 4317 4561 4719 4850 4922 5029 5042 5165 5413 5532 5866 5946
5316 101 203 236 256 352 426 904 1191 1231 1239 1342 1353 2152 2552 2569 2764 2892 3899 3994 3997 4153 4224 4365 4529 4587 4622 4767 5104 5216 5248 5413 5744
5317 126 791 1163 1270 1322 2047 2152 2488 2613 2837 2935 3222 3890 3984 4023 4528 4617 4964 5005 5103 5195 5262 5571 5777
5318 296 650 702 711 742 1087 1277 1352 1398 1451 1973 2056 2073 2127 2238 2315 2319 2372 2509 2937 3117 3148 3198 3272 3503 3528 3726 3797 3940 4004 4166 4302 4407 4496 4599 4602 4671 4685 5182 5596 5612 5657 5870 5879
5319 0 5 412 782 1437 1541 1980 2208 2470 2489 2652 2676 2978 3036 3112 3263 3273 3384 3484 3547 3599 3767 4194 4408 4420 4520 4685 5003 5174 5372 5482 5679 5771
5320 306 355 440 628 858 901 1072 1273 1613 2427 2474 2488 2732 2917 2986 3090 3771 3786 3807 4934 5015 5025 5178 5242 5385 5467 5572 5651
5321 66 106 530 534 812 820 838 1140 1479 1481 1754 2487 2547 2779 2861 3000 3051 3114 3710 4471 4519 4863 4923 5243 5505 5578 5603 5619
5322 19 549 647 880 935 1128 1133 1150 1260 1651 2108 2223 2571 2741 2764 3113 3621 3666 4231 4297 4793 4926 5081 5397 5565 5573 5596 5699
5323 178 577 857 1152 1696 2246 2258 3140 3185 3308 3311 3400 3478 3882 4171 4773 5060 5100 5138 5336 5938
5324 9 208 681 775 1131 1162 1279 1302 1381 1724 2042 2284 2753 2903 3353 3579 3856 3882 3905 4127 4389 4512 4521 4544 4682 4808 5071 5930
5325 39 404 509 737 788 1048 1373 1590 1601 1768 2506 2543 2860 3103 3116 3165 3358 3529 3656 3697 3949 4017 4256 4329 4340 4539 4625 4652 4657 4709 4939 5149 5162 5233 5277 5380 5575 5700 5854 5962
5326 97 305 343 897 1567 1638 2325 2421 2536 3343 3423 3503 3632 3944 4739 4977 5075 5192 5215 5252 5349 5392 5442 5759
5327 36 50 391 801 974 1471 2069 2582 2824 4709 5212 5463 5667 5708 5756 5896 5985
5328 208 292 819 1001 1260 1406 1483 1888 2268 2546 2641 2714 2795 2877 2896 2977 3127 3250 3399 4196 4910 5057 5073 5435 5453 5574 5776
5329 152 173 193 363 424 781 1425 1441 1442 2206 2329 2563 2786 2953 3159 3257 3485 3763 3977 4151 4292 4414 4613 4668 4721 4972 5564 5905
5330 184 397 599 743 751 772 838 1485 1533 1636 1888 1957 2202 2361 2452 2542 2568 2590 3135 3267 3333 3457 3530 3593 3713 3767 3849 4164 4421 4736 5150 5438 5764 5890
5331 27 228 234 529 640 759 1009 1208 1382 1599 2145 2441 2461 3399 3411 3549 3649 3659 3963 4187 4223 4527 4985 5004 5115 5156
5332 389 520 668 846 960 1376 1570 1648 1805 2261 2373 2550 2587 2659 2734 2735 2910 2926 2940 3070 3217 3656 3682 3732 3784 4251 4355 4415 4512 5223 5252 5311 5400 5691 5720
5333 813 1133 1689 1972 2113 2767 2982 3022 3341 3509 3568 3801 3971 4085 4227 4410 4456 4469 4478 4875 5029 5973
5334 565 784 989 1228 1266 1306 1481 1639 1727 1842 1860 1920 1971 2054 2065 2322 2393 2402 2703 2766 3159 3161 3288 3534 4033 4264 4305 4491 4701 4703 4831 4871 5144 5350 5580 5740
5335 237 333 660 849 1230 1399 1445 1903 2927 2992 3011 3135 3138 3332 3383 3431 3512 3858 4313 4485 4717 4814 4901 4977 5114 5132 5211 5444 5522 5553 5626 5790 5837 5888
5336 190 759 797 992 1162 1237 1363 1489 2103 2342 2489 2503 2561 2953 2998 3113 3162 3363 3992 4094 4289 4389 4409 4426 4733 4945 5191 5285 5323 5799 5859 5904 5911
5337 232 420 450 755 793 922 1108 1396 1501 1545 1776 1803 1814 2101 2107 2282 2369 2501 2852 2861 4095 4378 4476 4572 4678 4785 4921 5061 5393 5505 5509 5587 5606
5338 33 273 293 353 368 415 430 516 647 657 755 1100 1111 1301 1484 1757 2012 2164 2364 2522 3156 3222 3644 4045 4082 4344 4429 4484 4529 4601 4731 4771 4889 4970 5501 5605 5663 5972
5339 176 294 436 465 490 589 731 765 917 1350 1429 1534 1636 1745 1832 1836 1954 2466 2634 2841 3216 3907 4042 4418 4483 4969 5008 5055 5839
5340 151 158 609 665 848 1082 1262 1395 1481 1773 1824 1934 2208 2425 2684 2749 2831 3166 3204 3247 3360 3418 4220 4318 4495 4505 4588 4700 4829 4921 4989 5306 5375 5523 5639
5341 235 795 1148 1351 1572 1659 2109 2206 2713 2714 2909 2951 2975 3027 3427 3910 3950 3989 4114 4134 4162 4387 4529 4962 4967 5017 5027 5076 5078 5305 5387 5477 5528 5589 5680
5342 326 450 1170 1437 1457 1513 1957 1996 2139 2723 2744 2897 2900 3025 3055 3107 3368 3460 3541 4140 4173 4708 4841 5181 5629 5807
5343 250 319 416 652 967 998 1082 1253 1315 1343 1693 2023 2182 2233 2454 2696 3132 3383 4136 4332 4504 4738 5026 5049 5699 5771 5914
5344 139 216 654 844 1531 1673 1876 2416 2483 2730 2964 3160 3641 4525 4546 5113 5127 5297 5305 5465 5469 5568 5636
5345 46 50 394 434 546 594 844 939 944 1100 1191 1236 2791 2972 3184 3499 3667 3926 3940 4069 4190 4297 4934 5467 5571 5683 5835 5909
5346 193 209 283 506 837 1489 1768 1983 2047 2459 3006 3288 3454 3639 3729 3815 3849 4019 4035 4175 4420 4439 4525 4863 4881 5181 5223 5444 5505 5599 5820
5347 65 534 834 1103 1415 1463 1712 1825 1922 2274 2393 3033 3197 3202 3268 3616 3771 3886 3892 3902 4013 4409 4475 4516 5795 5846 5943 5980
5348 167 262 337 402 516 1045 1309 1317 1476 1516 1631 1795 1905 2001 2099 2218 2426 2427 2472 2521 2717 2794 3363 3485 3698 3842 4211 4346 4368 4491 4607 4631 4838 4922 5069 5205 5416 5452
5349 274 322 350 410 434 979 1072 1159 1188 1619 1646 1766 1985 2177 2214 2486 2566 2904 3290 3377 3464 3724 3865 4415 4935 5326 5460 5510
5350 251 452 503 1031 1126 1442 1574 1742 1821 2483 2600 2612 2840 3312 3321 3540 3796 4069 4673 4809 4987 5019 5334
5351 114 343 509 561 664 807 1050 1110 1126 1224 1471 2386 2387 2468 2535 2584 3045 3172 3528 3553 3566 3589 3729 4056 4157 4609 4750 4800 4890 5242 5370 5562 5652
5352 217 240 286 753 1187 1764 1780 2021 2370 2498 2713 2801 2880 3022 3105 4400 4561 4644 4765 4902 5049 5554 5920 5935 5999
5353 28 148 183 315 395 525 597 742 1438 1575 2284 2401 2451 2455 2917 2949 3033 3111 3240 3676 3701 3766 3994 4589 4744 4803 4868 4877 5159 5292 5424 5782
5354 28 197 764 881 1081 1482 1544 2033 2037 2206 2411 2442 2699 3149 3995 4461 4818 5055 5410 5987
5355 14 123 426 621 702 856 987 1655 1664 1718 2122 2599 2877 2966 3031 3380 3429 3476 3485 3539 3787 3995 4048 4083 4231 4254 4423 4470 4617 4881 5258 5510 5882 5931
5356 441 885 971 1046 1092 1173 1310 1684 1870 2059 2165 2186 2440 2450 2666 2940 3036 3132 3526 3710 3896 4357 5056 5560 5604 5635
5357 71 321 440 445 499 643 696 896 1285 1347 1622 1722 2355 2886 2888 2966 3051 3254 3463 3544 3667 3919 3969 4148 4192 4400 4410 4420 4440 4643 4790 4918 5136
5358 747 1135 1338 1423 1662 2172 2195 2882 2994 3147 3302 3554 3766 3848 4155 4161 4236 4542 4717 4811 4886 5179 5252 5546 5625
5359 527 817 929 1152 1275 1349 1608 1632 1693 1801 1862 1871 2127 2141 2260 2294 2602 2615 2695 2697 2877 2951 3138 3486 3953 4037 4101 4217 4509 5160 5416 5511 5833
5360 150 321 325 475 658 798 892 1023 1065 1091 1344 1603 1935 2152 2238 2883 3228 3375 3475 3590 3817 3981 4345 4414 4531 4600 5143 5372 5521 5537 5654 5980
5361 205 352 379 484 721 1021 1639 1764 2516 2588 2968 3216 3336 3807 3808 4372 4383 4424 4445 4496 4948 4995 5370 5421 5715 5808 5943 5961
5362 26 111 865 900 953 1064 1216 1252 1530 1994 2006 2025 2033 2076 2099 2360 2597 2793 2895 2980 3107 3256 3412 3599 4239 4383 4809 5011 5375 5776
5363 411 474 1016 1145 1165 1185 2250 2476 2516 2719 2794 2860 2866 2972 3308 3339 3516 4410 4429 4715 4809 4951 5110 5119 5222 5377 5791 5943 5953
5364 833 893 1051 1383 1522 1548 1779 1844 2090 2214 2376 2448 2897 2904 3218 3262 3464 3938 4249 4315 4543 4941 5140 5482 5505 5755 5756
5365 44 338 601 742 1038 1245 1330 1337 1341 1358 1742 1804 2408 2414 2430 2598 2692 3024 3129 3194 3392 3532 3559 3654 3812 4795 4928 4975 5837 5903 5995
5366 169 265 384 451 725 780 911 915 992 994 1035 1046 1576 1626 1703 2001 2162 2352 2489 2636 2869 3113 3325 3331 3347 3541 3679 4279 4298 4340 4346 4383 4710 4782 5071 5158 5200 5393 5439 5554 5693 5709 5753 5803
5367 276 583 595 710 1359 1650 1671 2485 2564 2601 2683 2686 2766 3170 3366 3464 3474 3781 3969 4688 4805 5148 5481 5525 5925
5368 124 269 806 1047 1474 1870 1934 2158 2192 2405 2454 2999 3097 3098 3613 4296 4420 4652 4682 5311 5715
5369 322 797 802 825 876 927 990 1205 1368 1453 1527 1753 2458 3174 3350 3375 3422 3441 3560 3598 3716 3739 3891 4224 4795 4921 5021 5536 5831 5876
5370 62 245 383 1020 1036 1556 1582 1589 1838 2696 3053 3081 3152 3743 4293 4467 4640 5223 5351 5361 5378 5519 5689 5820
5371 311 347 350 522 914 970 996 1028 1419 1669 1687 1803 1829 1864 1996 2030 2268 2288 2335 2354 2525 2581 2612 2778 2842 3034 3233 3292 3491 3739 3851 3864 4177 4433 4811 5147 5277 5523 5960
5372 773 1155 1346 1583 1724 1895 1950 2291 2465 2587 2822 3020 3181 3279 3621 4318 4472 4632 4736 5015 5222 5319 5360 5507 5637 5868 5900 5975
5373 238 275 627 751 770 972 1122 1184 1592 1642 1945 2025 2253 2416 2417 2537 2636 2725 3081 3110 3113 3123 3459 3770 3786 4259 4839 5110 5202 5463 5529 5857 5864
5374 205 214 870 942 1001 1153 1316 1760 2183 2219 2640 3093 3099 3267 3383 3708 3868 4116 4209 4352 4613 4892 5119 5397
5375 140 737 819 1050 1267 2114 2136 2541 2944 3305 3976 4103 4341 4530 4762 4992 5068 5340 5362 5561 5579 5717 5728 5907 5909
5376 109 180 836 1242 1340 1559 1638 2541 2654 2691 2887 3275 3282 3614 4025 4062 4288 4512 4912 4993 5408 5463 5500 5580 5914
5377 217 313 338 600 703 889 1105 1335 1481 1899 2054 3269 3409 3766 4085 4402 4499 4589 4607 4678 4713 5095 5178 5225 5363 5486 5654
5378 90 337 510 1164 1616 1713 1888 1986 2316 2608 2802 3186 3461 3635 3652 3725 3779 3980 4454 4574 4736 5370 5407 5772 5867 5932
5379 436 769 798 831 919 1689 1709 2104 2378 2598 2622 2848 2946 3128 3209 3802 3813 3947 4572 5022 5270 5542 5723 5750 5879 5888
5380 25 191 1680 1831 1938 2168 2621 2752 2999 3024 3035 3226 3292 3310 3591 3748 3906 4186 4383 4937 4940 5068 5154 5325 5416 5796 5888
5381 55 135 339 374 1031 1255 1536 1679 1907 2179 2335 2454 2472 2547 2595 2860 2907 2909 3248 3691 3692 4131 4147 4411 4433 4890 5095 5208 5246 5480 5653 5857 5892
5382 196 643 658 906 1281 1733 1883 2260 2361 2406 2842 2934 3025 3030 3244 3369 3385 3481 3594 3764 4492 4844 4988 5012 5523 5910
5383 52 173 243 376 850 1154 1237 1380 1416 1420 1624 1666 1784 1986 2197 2962 3762 4177 5200 5462 5701 5949
5384 788 887 1057 1251 1509 1547 1787 1899 2024 2148 2187 2564 2968 3331 3453 3551 3798 4037 4291 4346 4376 4410 4423 4654 4777 5067 5302 5400 5789
5385 43 310 319 656 902 1091 1179 1182 1265 1405 1446 1724 1768 1938 2502 2564 2576 3104 3120 3449 3525 3754 4513 4593 4827 4883 4954 5281 5320 5428 5908
5386 550 753 934 1270 1413 1544 1575 1640 1773 2015 2141 2751 2858 2990 3331 3352 3587 3807 4190 4295 4313 4342 4360 4442 4668 4881 5188 5209 5532 5681 5840 5852 5901 5942
5387 70 241 452 478 1827 1857 1981 1986 2585 2780 3221 3335 3371 3981 4430 4459 4547 4859 4958 5176 5222 5266 5341 5812 5900
5388 65 166 244 340 477 517 847 1392 1660 1826 1861 1969 2355 2358 2508 2732 2826 2843 2970 2972 3474 3575 3586 3705 3803 4175 4239 4517 4608 4849 5046 5138 5277 5614 5843 5941
5389 512 572 1008 1065 1128 1188 1242 1717 1781 1829 2091 2166 2255 2636 2697 2823 3115 3132 3481 3577 3632 3645 3716 3748 3783 3922 4287 4602 4916 5095 5233 5422 5428 5785 5984 5987
5390 19 28 257 642 646 843 1298 1299 1468 1534 1570 1869 2092 2168 2199 2239 2388 2542 2733 3044 3124 3341 4084 4143 4247 4320 4364 4986 5093
5391 374 488 627 780 956 1385 1416 1442 1524 1551 1607 1861 2202 2505 2765 2891 2967 3043 3161 3183 3478 3494 3870 4598 4629 4689 5045 5238 5485 5509 5679 5704 5873 5903 5927 5974
5392 808 1173 1189 1320 1382 1388 1457 1579 1600 1754 1944 2279 2466 2548 2691 2889 2967 3114 3741 3840 3889 4342 4499 4777 4890 5041 5237 5309 5326 5638 5731
5393 191 238 875 1079 1207 1628 1778 1893 2006 2021 2145 2548 2741 2896 3005 3045 3168 3417 3653 3880 4117 4131 4222 4350 4514 4538 4623 4800 5097 5337 5366 5433 5591 5839
5394 419 645 809 1116 1146 1275 1297 1405 2797 2798 2876 2943 3377 3764 4281 4396 4677 5194 5210 5223 5294 5704 5710
5395 10 64 97 147 159 773 1110 1254 1364 1665 1695 2235 2335 2376 2651 3047 3242 3342 3676 4144 4277 4495 4569 4930 5009 5015 5093 5286 5484 5628 5844
5396 210 293 852 870 1155 1381 1652 1667 1744 2298 2678 3473 4214 4505 4635 4682 4691 5560 5709 5878
5397 236 284 321 448 460 505 651 744 784 1008 1326 1330 1341 1534 1647 1658 1837 2299 2315 2336 2362 2683 2725 2927 3044 3297 3352 3856 5100 5185 5207 5216 5322 5374 5414 5420 5675 5771
5398 96 248 305 515 527 623 675 679 815 989 1235 1609 1647 1890 2231 2597 2782 2893 2935 3131 3395 3858 4015 4115 4185 4211 4266 4339 4380 4424 4489 4550 5096 5240 5253 5661 5707 5823
5399 247 248 404 700 1781 1844 1988 2256 2577 3153 3169 3226 3359 3376 4187 4223 4299 4443 4608 4891 5043 5173 5231 5425 5637
5400 146 643 663 1242 1394 1411 1784 1893 2200 2804 2839 3040 3184 3584 3660 4030 4198 4332 4806 4809 4821 4935 5095 5332 5384 5477 5631 5796 5874
5401 70 88 158 574 803 1137 1458 1911 1992 2272 2782 2849 2945 3011 3107 3486 3896 3930 4058 4171 4377 4940 4982 5090 5231 5308 5520 5565 5568 5644 5844
5402 238 397 576 624 635 703 757 829 1187 1264 1341 1370 1400 1456 1717 1765 1962 2230 2586 2945 2964 3440 4060 4138 4161 4209 4375 4465 4578 4593 4895 5020 5098 5259 5560 5867 5955
5403 40 262 528 564 871 1022 1434 1508 2051 2871 2948 3065 3196 3327 3372 3537 3681 3957 4221 4250 5024 5088 5444 5462 5478 5954
5404 381 1018 1273 1384 1532 1788 1926 2267 2347 2421 2617 2712 3001 3241 3708 3734 3745 3775 3859 3892 4124 4135 4223 4260 4422 4573
5405 206 255 356 360 608 678 1189 1544 1557 1657 2408 3221 3382 3395 3512 3664 3674 3772 3801 3812 4266 4394 4677 4722 4747 4759 5515 5662 5935
5406 372 404 431 500 699 756 999 1001 1155 1318 1387 1972 1994 2700 2825 3367 3653 3963 4544 4655 4891 4908 4935 5188 5198 5228 5242 5284 5469
5407 41 88 666 801 867 891 899 1070 1174 1189 1635 1865 2046 2118 2303 2350 2610 2645 3130 3535 3730 4195 4712 4873 5052 5097 5249 5378
5408 298 472 765 1117 1143 1903 2561 3339 3619 4691 4791 4850 5027 5221 5233 5376 5629 5645 5767 5794 5943 5975
5409 146 169 296 780 1128 1164 1216 1752 2217 2778 2850 2984 3110 3232 3248 3252 3677 3737 3952 4050 4403 4766 4841 5113 5150 5184 5755 5834 5917 5972
5410 167 368 446 643 1007 1024 1393 1670 1819 2078 2421 2451 2484 3176 3199 3427 3500 4411 4970 5020 5028 5128 5227 5354 5473 5732 5849
5411 66 130 230 577 683 691 748 1483 1915 1988 2839 3256 3668 4052 4437 4712 5060 5550 5876 5897 5934 5964
5412 27 229 759 1062 1215 1255 1575 2162 2596 2694 2837 2843 3199 3288 3338 3405 3452 3554 3650 3701 3883 3917 3975 4128 4670 4955 4966 5535 5840
5413 94 150 187 302 344 628 647 875 1187 1365 1400 1487 1686 2007 2466 2502 2675 2700 2755 2923 3464 3504 3572 3820 3863 3943 4006 4333 4435 4555 5315 5316 5455 5492
5414 196 467 1127 1419 2020 2648 2690 3522 3541 3586 3668 3887 4231 4268 5190 5216 5397
5415 100 141 436 503 516 1084 1313 1432 1604 1856 1907 2038 2197 2292 2420 2513 2549 2564 2607 2824 3023 3236 3627 3907 3952 4023 4332 4358 4385 4505 4513 4592 5238 5496 5548 5760
5416 144 156 158 505 623 671 832 961 1045 1161 1544 1712 1986 2306 2540 2584 2798 2914 2940 2991 3125 3227 3302 3434 3544 3553 3747 3899 4056 4172 4390 5289 5348 5359 5380 5513 5584 5585
5417 214 270 409 411 416 434 589 707 1005 1022 1180 1220 1262 1300 1454 1547 1693 2093 2599 3077 3191 3217 3268 3447 4249 4477 4584 4698 4701 4964 5158
5418 75 201 261 397 775 799 814 908 1187 1247 1486 1650 1718 1729 1903 2118 2243 2381 2546 2608 2671 2868 3357 3404 3476 3593 3705 4029 4207 4363 4555 4798 4872 5025 5109 5150 5194 5219 5762
5419 27 148 545 570 1248 1424 1709 1739 2088 2207 2235 2283 2400 2548 2678 2940 3201 3657 4331 4454 4606 4619 4673 5159 5295 5296 5999
5420 303 330 711 788 968 1007 1074 1109 1139 1144 1400 1428 1794 1904 1992 2138 2697 2880 2887 2999 3013 3297 3300 3629 3630 3671 3826 3904 4039 4427 5107 5259 5278 5397 5445 5519 5983
5421 93 349 750 1417 1489 1539 1603 1850 1989 2017 2498 2699 2783 3058 3186 3324 3606 3673 3724 3867 4146 4264 4365 4380 4419 4484 4578 4659 4737 4800 4881 5152 5254 5295 5361
5422 251 261 467 808 828 1195 1460 1597 1741 2132 2317 2767 3075 3336 3340 3452 3696 3856 4038 4164 4377 4722 4909 5150 5389 5659 5731
5423 51 219 259 531 610 672 775 887 981 1150 1188 1253 1439 1479 2392 2446 3073 3472 3651 3943 4090 4144 4294 4450 4486 4759 4762 5652 5740 5940
5424 189 641 884 1109 1389 1619 1801 1935 2133 2938 3438 3796 3848 4024 4074 4258 4466 4549 4857 4868 5117 5353 5678 5739 5827
5425 58 125 544 652 736 916 1080 1455 1525 2042 2151 2180 2436 2695 2782 2959 3322 3571 4222 4227 4376 4590 4660 4844 5195 5278 5399 5623 5697 5950 5970
5426 117 148 167 1182 1282 1346 1801 2186 2259 2965 3118 3435 3662 3684 3860 3936 3951 4181 4494 4796 4900 5677 5686
5427 235 329 354 513 680 879 976 992 1092 1129 1644 1867 1933 2433 2455 2673 2831 2947 3051 3441 3576 3584 4146 4176 4267 4482 4531 5081 5094 5248 5261 5538
5428 1006 1008 1494 1555 1786 2127 2281 2741 3270 3288 3645 3854 3897 3992 4109 4302 4405 4468 4552 4931 5263 5385 5389
5429 161 446 464 492 699 877 1046 1161 1311 1332 1439 1484 1537 1640 1770 2071 2106 2146 2202 2646 3281 3284 3291 3462 3926 4134 4195 4236 4276 4337 4460 4478 4499 4520 4677
5430 114 1260 1440 2644 2749 3175 3614 3616 4030 4211 4375 4772 4920 5459
5431 325 371 605 992 1109 1136 1407 1548 2053 2383 2493 2518 2684 2695 2759 2894 2984 2987 2989 3020 3258 3288 3418 3491 3770 4014 4190 4376 4514 4861 5100 5112 5493 5753 5967
5432 149 544 881 943 961 1415 1536 1656 2214 2311 2314 2479 2605 2606 2703 2728 3289 3531 3709 3763 3828 3848 4137 4327 4728 4922 5285 5741
5433 517 539 806 1051 1255 1349 1458 1642 1667 1898 1971 2002 2255 2338 2436 2590 2646 3234 3499 3604 3817 4022 4468 4501 4583 4664 4821 5393 5434 5498 5805 5970
5434 241 719 884 986 1818 2086 2181 2577 2961 3315 3460 3524 3724 3754 3774 3932 3973 4166 4549 5095 5433 5698 5958 5976
5435 11 20 140 155 197 506 547 942 995 1504 2696 3198 3273 3355 3482 3903 3977 4484 4525 4533 4561 4598 4631 4771 5300 5328 5449 5767 5911 5939
5436 679 1192 1200 1215 1480 1630 1829 2053 2133 2286 2399 2608 2705 2745 2846 3014 3293 3433 3488 3860 4227 4257 4309 4492 4601 4636 4767 4769 4962 4996 5025 5101 5476 5548 5689 5730
5437 489 616 698 1101 1182 1414 1423 1484 1492 1713 1922 1935 1984 2182 2512 2780 2800 2961 2963 3613 3810 3881 4080 4927 5006 5064 5086 5200 5282
5438 409 436 502 512 756 871 1481 1732 1960 2508 2575 2666 2721 2723 2824 2936 3120 3224 3855 4068 4092 4290 4338 5245 5330 5522 5686 5785
5439 55 85 163 383 458 608 640 691 984 1071 1311 1727 1804 2028 2158 2365 2402 2738 2798 3031 3401 3414 3476 3521 3545 3615 4585 4589 4746 4811 4875 5284 5366 5521 5585 5988
5440 152 171 215 542 598 620 768 918 938 1232 1295 1339 1346 1462 2221 2322 2411 4026 4081 4166 4251 4429 4523 4789 5142 5529
5441 32 40 271 650 1194 1476 1653 1868 2066 2313 2587 2651 2676 2844 2939 3167 3177 3187 3212 3517 3597 3693 4022 4442 4665 4782 4952 5252 5478 5605
5442 1 58 301 401 424 727 1085 1167 1471 1540 1650 2115 2236 2318 2456 2517 3187 3383 3403 4167 4168 4171 4414 4899 5326 5445 5454 5498 5817
5443 180 732 888 1089 1319 1861 2074 2463 2540 2589 2596 2796 3143 3239 3538 3620 3621 3736 3952 4043 4111 4352 4883 4920 5062 5155 5286 5304 5472 5625 5706
5444 5 61 70 74 118 289 309 487 657 701 1045 1421 1463 1792 1909 2148 2331 2369 2606 2696 2857 3020 3104 3205 3329 3451 4292 4512 5069 5335 5346 5403 5949
5445 371 583 701 748 995 1310 1591 1662 1917 1927 1986 2478 2526 2537 2639 2816 3435 3555 3649 4012 4028 4053 4059 4079 4092 4230 4379 4593 4671 4888 4926 5230 5420 5442 5551 5587 5773
5446 270 302 610 1165 1321 1337 2163 2390 2470 2566 3127 3283 3379 3428 3840 3856 4349 4364 4736 5237 5263 5604 5696 5731
5447 577 826 893 1169 1700 1785 1860 1979 2154 2167 2605 2756 2828 2888 3334 3613 3894 3963 4028 4050 4089 4169 4537 4808 5880
5448 31 208 213 235 1661 2664 2982 3253 3345 3493 3582 3642 3863 3890 3929 4074 4117 4225 4440 4442 4718 4800 5154 5202 5498 5657 5688 5704
5449 147 161 297 325 385 578 807 1227 1310 1587 1980 1982 2087 2092 2848 2959 3122 3245 3310 3840 3857 3999 4059 4261 4295 4619 5435 5795
5450 332 484 947 1071 1116 1221 1364 1596 1703 1765 1914 2273 2451 2549 2845 2963 3027 3169 3191 3601 3624 3648 3719 3881 4709 4719 5747 5853
5451 73 149 318 368 770 1569 1784 2190 2296 2818 3149 3353 3398 3410 3775 3972 4042 4159 4230 4485 4895 5107 5314
5452 576 776 946 991 1324 1333 1404 1550 1576 1676 1730 2025 2068 2150 2449 3027 3156 3274 3328 3379 3402 3606 3741 3814 3907 3921 3942 4217 4219 4529 4660 4662 4832 4839 5179 5348 5737 5839 5856 5964
5453 394 529 673 691 980 1110 1221 2012 2636 2723 2883 3554 3710 3863 4223 4273 4278 4345 4524 4588 4657 4704 4768 5001 5113 5165 5198 5240 5328 5677 5712 5755
5454 59 127 264 907 2790 2852 2970 3380 3447 3472 3503 3638 4049 4092 4124 4212 4231 4338 5136 5224 5442 5654 5735 5838
5455 153 231 273 559 1038 1229 1389 1459 1487 1783 2231 2406 2807 2955 2990 3847 4249 4309 4416 4556 5081 5152 5167 5238 5284 5303 5413 5711 5906
5456 563 888 956 1146 1225 1422 1584 1730 1833 2001 2141 2240 2822 2981 3056 3172 3244 3472 3786 4205 4206 4524 5078 5299 5766 5881
5457 39 289 471 505 719 834 962 994 1302 1315 1523 1566 1851 1897 2166 2337 2357 3260 3356 3427 3621 4050 4588 4931 5102 5286 5552 5714 5732
5458 211 471 543 767 849 1138 1587 1601 1815 1996 2286 2643 2739 2929 3167 3213 3688 3801 3920 4438 4540 4585 4854 5518 5687 5692
5459 156 324 644 725 1083 1325 1472 2070 2353 2409 2797 2839 3039 3122 3248 3850 3878 4004 4108 4468 4753 4930 4989 5430 5539 5951
5460 727 1489 1519 1799 2375 2391 2392 2475 2558 2710 2893 2924 2937 3235 3397 3430 3621 3779 3894 4337 4353 4752 4763 5188 5260 5313 5349 5646
5461 220 440 511 662 839 1041 1053 1133 1462 1898 1985 2206 2295 2348 2349 2371 2422 2801 2983 3106 3625 3999 4203 4209 4580 4919 5107 5226 5617 5638
5462 432 466 633 963 1126 1138 1466 1525 2066 2151 2401 2808 2954 3229 3369 4051 4154 4188 4269 4310 4711 5067 5093 5383 5403 5514 5533 5572 5695 5971 5979
5463 68 458 776 782 883 1044 1305 1396 1460 1581 1608 1724 1756 1886 2001 2198 2297 2560 2928 3157 3317 3577 3801 4130 4178 4337 4463 4542 4895 5327 5373 5376 5672 5754 5790 5886
5464 162 454 648 725 760 955 1241 1563 1611 1880 1958 2072 2121 2128 2446 2479 2544 2563 2589 2962 3044 3665 3805 3955 4065 4072 4328 4812 5635 5649 5723 5976
5465 212 340 712 839 1004 1245 1414 1537 1567 2437 3352 3609 4671 4739 4942 5344 5923
5466 424 541 546 805 1138 1242 2200 2838 2977 3252 3459 4094 4326 4510 4821 4835 5009 5112 5535 5588 5927
5467 147 193 363 379 541 641 687 1300 1510 1618 1785 2031 2165 2299 2788 2950 3145 3167 3193 4034 4108 4197 4244 4334 4408 4458 4507 4544 4949 5320 5345 5474
5468 60 363 446 797 1058 1471 1755 1817 1855 1878 1959 2099 2237 2271 2307 2358 2394 2402 2498 2732 2756 2838 2865 2894 2998 3114 3578 3741 3860 3898 4033 4230 4254 4405 4425 4791 4943 4959 5041 5156 5161 5176 5280 5768 5883
5469 325 392 456 457 477 641 675 1014 1795 1829 2057 2338 2533 2688 2821 3020 3034 3173 3588 3974 4454 4668 5145 5344 5406 5490 5923
5470 416 458 789 820 932 943 1094 1245 1543 1763 2226 2418 2651 3213 3583 3892 4040 4050 4219 5081 5781
5471 123 201 310 338 383 664 996 1028 1150 1426 1637 1772 2422 2694 3193 3366 3485 3578 3622 3650 3677 4028 4145 4421 4599 4805 4907 5299 5729
5472 281 474 837 998 1626 1806 1869 1877 1895 2173 2445 2656 2887 2913 2936 3668 3802 4282 4333 4371 4691 4711 4942 4975 5064 5164 5443 5583 5847 5936
5473 96 485 510 1014 1588 2200 2355 2863 3015 3232 3609 3905 4073 4203 4276 4426 4469 4474 4532 4929 5410
5474 22 290 354 894 899 929 1094 1499 1556 1852 2465 2515 2737 3037 3067 3281 3664 4015 4440 4445 4486 5078 5142 5187 5267 5467 5511 5590 5861
5475 463 513 616 765 804 950 1061 1099 1161 1174 1426 1537 1986 2197 2865 2941 3433 3543 3614 3658 3711 3805 3863 4020 4205 4246 4347 4463 4593 4811 5112 5253 5864 5876
5476 78 963 974 1206 1291 1414 1475 1595 1765 1859 2118 2250 2747 2805 3059 3090 3277 3365 3610 3670 3729 4086 4205 4575 5007 5121 5260 5280 5436 5546 5700 5842
5477 280 327 365 375 637 705 1078 1088 1222 1388 1784 2065 2164 2644 3074 3083 3115 3414 3518 3890 4161 4184 4361 4420 4564 4862 5047 5146 5240 5341 5400 5499 5523 5644 5700 5768 5859 5948
5478 74 370 456 966 1052 1054 1070 1194 1390 1420 1516 1607 1663 2391 2497 2546 2607 2948 3233 3336 3454 3793 3803 3809 4263 4827 4895 4951 5007 5096 5403 5441 5519 5846
5479 191 415 574 590 1076 1304 1738 2038 2278 2387 2486 2538 2723 2804 3078 3132 3268 3358 3384 3610 3611 3687 4467 4545 4718 4789 4991 5057 5157 5265 5561 5692 5976
5480 84 111 180 315 1001 1279 1339 1399 1471 1527 2078 2079 2392 2433 2461 2473 2863 2911 3277 3574 3674 4259 4340 4357 4391 4415 4422 4487 4666 4715 4796 4908 5381 5919
5481 42 307 542 925 1170 1281 1415 1634 1746 2302 2360 2520 2762 2856 3332 3616 4151 4513 4520 4543 4913 5067 5367 5650 5736 5762 5954
5482 272 387 777 810 1007 1639 1809 2540 2564 3168 3218 3906 4006 4286 4425 4512 4567 4958 5307 5319 5364 5488 5600 5664
5483 162 595 808 856 1431 1490 1686 1781 1970 2129 2185 2752 2852 2936 3226 3334 3360 3470 3516 3830 3908 3922 3971 4396 4581 4869 5264
5484 7 122 419 977 988 992 1233 1869 2574 2677 2840 2892 3012 3355 3468 3784 3912 4080 4087 4424 4743 4839 5027 5229 5395 5486 5895 5960
5485 145 325 469 518 620 662 852 1050 1283 1424 1463 1471 1527 1558 1970 2633 2643 3090 3297 3417 3475 4134 4185 4693 4810 4821 5025 5096 5391 5786 5925
5486 1059 1076 1633 1729 2054 2219 2235 2255 2712 2777 3193 3351 4224 4312 4355 4438 4511 4603 4848 4966 5267 5377 5484
5487 354 541 605 896 1031 1152 1280 1505 1567 1622 1697 1713 1975 2499 2559 2631 2750 3779 4000 4047 4210 4274 4386 5023 5228 5305 5658 5691 5853
5488 199 468 742 779 970 971 1127 1152 1557 1979 2136 2396 2691 2707 2713 2920 2967 3012 3121 4162 4174 4712 4916 5072 5253 5482 5542 5823 5986
5489 377 466 637 646 1248 1359 1367 1494 1534 1786 2340 2364 2394 2472 2623 2666 3282 3335 3453 3856 3918 4444 4451 4510 4546 4650 4719 5258 5290 5606 5776
5490 224 255 280 348 658 708 789 825 851 903 993 1404 1482 1616 2100 2128 2549 2766 2855 3126 3452 3536 3577 3617 3769 4174 4287 4537 4546 4612 4880 5089 5233 5256 5279 5469 5563 5951
5491 419 581 930 1033 1049 1428 1894 2111 2873 3095 3417 3458 3917 4082 4100 4184 4215 4344 4424 4484 4646 4782 5067 5567 5766 5990
5492 71 174 267 392 576 813 1305 1612 1741 1799 1828 1909 2088 2119 2150 2193 3012 3036 3039 3120 3153 3666 3846 3953 4165 4212 4614 4625 4718 4848 4985 5229 5413 5969
5493 179 984 1197 1275 1328 1409 1484 1674 1840 2067 2336 2358 2420 2615 2656 2724 2774 3002 4016 4499 4628 4899 4934 4996 5054 5431 5571 5768 5826
5494 131 509 769 807 860 907 953 1146 1388 1422 1624 1988 2079 2085 2122 3018 3115 3132 3169 3322 3632 3647 4798 5553 5580 5664 5823
5495 343 588 1167 1316 1654 1747 1884 1914 2013 2306 2390 2457 2518 2919 2992 3212 3225 3482 3506 3654 3702 3745 3851 4225 4260 4338 4530 4676 4786 4851 5061 5497 5588 5657 5711
5496 304 1309 1935 2074 2166 2435 3071 3697 3710 3790 3910 4171 4298 4348 4384 4470 4893 4906 5250 5415 5539 5725 5907
5497 179 416 470 570 924 1150 1179 1278 1630 1652 1798 1931 1946 2093 2388 2438 2642 2886 3306 3625 3691 3980 4306 4460 4547 4837 4874 4879 5250 5495 5668 5767
5498 46 187 333 546 824 841 950 1369 1624 1774 1903 1919 2261 2440 2466 2549 2927 2942 3527 3719 3760 3921 4180 4203 4601 4693 4974 5246 5433 5442 5448
5499 51 666 941 1050 1113 1166 1285 1488 1732 1733 2651 2794 2932 3675 3768 4091 4233 4299 4766 4836 5067 5212 5477 5835
5500 139 165 302 662 919 978 1258 1565 1682 1994 2023 2063 2179 2211 2315 2462 2862 2985 3093 3219 3636 4342 4554 4917 5027 5259 5376 5767
5501 406 412 610 980 1220 1762 1852 2096 2106 2116 2126 2444 2459 2856 2929 3796 4002 4067 4384 4396 4731 4830 4865 4925 5143 5233 5338 5563 5886 5967
5502 60 276 334 414 934 1018 1159 1221 1256 1366 2025 2166 2265 2284 2423 2435 2636 2764 2808 2872 3091 3112 3179 3283 3395 3801 3859 4166 4219 4291 4569 4606 4669 4781 4903 5067 5138 5199 5908
5503 117 120 158 340 723 735 760 904 1067 1209 1244 1439 1696 1885 2280 2446 2669 3008 3113 3219 3284 3310 3337 3402 3452 3493 3566 3745 3768 3987 4045 4103 4340 4481 4571 4745 4955 4963 5534 5775 5873
5504 440 664 1026 1319 1375 1419 1612 1660 2443 3117 4115 4149 4251 4254 4289 4447 5043 5631 5851 5934
5505 44 47 869 928 970 1057 1071 1160 1227 1239 1388 1632 1636 1678 1907 1970 2619 2748 2790 3309 3351 3444 3503 3632 3883 4286 4756 4852 4865 4917 4932 5010 5014 5121 5135 5321 5337 5346 5364 5631 5725 5863 5915
5506 600 1258 1273 1433 2149 2475 2700 2706 2834 3122 3221 3254 3601 3724 3822 3976 4016 4270 4709 4935 5033 5139 5666
5507 369 694 697 699 868 892 1203 1334 1453 1891 1905 2175 2432 2798 2832 2835 2992 3163 3341 3586 3609 3958 3965 4264 4269 4410 4472 4639 4729 4995 5048 5096 5102 5372 5620 5751 5859
5508 682 716 752 997 1060 1378 1423 1431 1467 1705 1962 2044 2265 2604 2743 3086 3186 3257 3590 3717 4244 4304 4389 4684 4773 4924 4953 4997 5056 5514 5695 5716
5509 90 161 184 239 769 951 953 1484 1776 2306 3632 3679 3713 3860 3910 4050 4335 4471 4556 4560 4904 5004 5337 5391 5829
5510 206 537 925 972 1326 1375 1784 1842 2307 2394 2466 2557 2685 2853 2892 3029 3072 3088 3138 3612 3739 3780 4265 4369 4462 4769 4983 5040 5117 5349 5355 5513 5559
5511 74 384 466 497 646 678 823 1370 1389 1466 1612 1850 1990 2229 2365 2418 2745 2934 3289 3460 3544 3804 3899 4294 4388 4436 4511 5095 5104 5359 5474 5627 5809 5937
5512 315 421 794 935 1375 1537 1541 1543 1565 1575 2341 2408 2527 2795 3262 3422 3431 3754 3951 4199 4366 4656 5981
5513 153 668 952 1229 1259 1331 1656 1868 2030 2701 2731 2885 3098 3335 4082 4436 4461 4487 4519 4550 4608 4789 4837 4921 4956 5043 5416 5510 5638 5941
5514 353 362 641 694 845 1177 1269 1599 2316 2383 3648 4358 4607 4650 4873 4948 5313 5462 5508 5857
5515 139 216 330 479 658 665 1081 1171 1237 1365 1608 1912 1964 2038 2191 2266 2703 3051 3187 3535 3548 4036 4117 4154 4178 4322 4381 4943 5105 5121 5245 5405 5705
5516 236 538 622 923 1197 1353 1520 1582 1808 2145 2166 2249 3057 3552 3825 3945 4227 4651 4742 4767 4987 4993 5569 5696 5860
5517 186 420 538 821 1041 1086 1097 1148 1314 1350 1610 1756 1969 2152 2263 2417 2576 2639 2799 2808 3229 3233 3392 3652 3655 3725 4132 4242 4400 4508 4538 4544 4552 4969 5271 5794 5833 5860 5909
5518 70 148 249 344 676 795 1202 1479 1669 1835 1888 1892 1893 2339 3193 3296 3331 3519 3826 3966 4405 4801 4825 5458 5912
5519 221 277 571 1154 1216 1257 1354 1500 1522 1634 2052 2286 2582 2649 2787 3297 3513 4031 4094 4136 4498 4504 4860 4895 4913 4968 5251 5370 5420 5478 5541 5680 5918
5520 92 410 523 685 776 967 977 1097 1119 1262 1457 1476 1978 2842 3025 3090 3130 3135 3193 3254 3524 3526 3549 3925 4130 4688 4898 5004 5017 5213 5401 5530
5521 120 207 719 827 832 836 1170 1348 1452 1659 1800 1915 1955 2027 2142 2263 2732 2741 3226 3345 4211 4391 4402 4524 4800 4845 4967 5360 5439 5579 5806 5869 5946 5972
5522 146 243 258 637 836 984 1096 1112 1192 1464 1582 1589 1806 2051 2139 2307 3384 3610 3825 3944 4050 4297 4471 4819 5072 5211 5265 5335 5438 5764
5523 497 507 529 554 702 819 846 924 1054 1291 1440 1503 1541 2048 2137 2466 2471 2766 3042 3272 3465 3806 3855 4257 4646 5000 5340 5371 5382 5477 5672 5812 5818 5960
5524 61 496 600 829 1557 1683 2132 2353 2990 3841 3855 3988 4185 4418 4705 4755 4831 5139 5173 5238 5623 5864 5865
5525 34 152 225 1130 1251 1269 1412 2250 2422 2637 2719 2724 2797 2879 2880 2997 3115 3118 3460 3589 3628 3647 3673 3722 4005 4131 4243 4404 4441 4524 4636 5367 5534 5544 5577 5701
5526 336 434 485 1689 2471 3059 3384 3486 3620 3847 3957 4172 4492 4736 4738 4996 5022 5024 5843 5948
5527 15 88 322 349 405 593 769 826 948 996 1228 1404 1438 1678 1758 1766 2073 2258 2656 3164 3186 3841 3909 4100 4280 4444 4755 4761 4932 4987 5619 5988
5528 412 619 679 724 1175 1205 1226 1305 1409 1428 1478 1539 1733 2229 2402 3131 3197 3289 3779 4595 4667 4904 5049 5341 5678 5907 5979
5529 33 56 57 77 92 575 1170 1171 1256 1330 1785 1884 1989 2284 2387 2763 3296 3626 3679 3813 3835 3937 4071 4136 4347 4422 4757 4877 5107 5202 5373 5440 5545 5783 5898
5530 323 373 547 902 1102 1157 1270 1500 1523 1816 1878 2171 2933 2986 3004 3158 3185 3486 3564 3620 3947 4180 4348 4548 4566 4751 4772 5134 5208 5520
5531 99 158 597 1773 1857 1961 2004 2141 2509 2810 2815 2993 3040 3519 3578 3614 4201 4284 4334 4398 4479 4708 5059 5309 5816 5864
5532 1 93 467 943 1074 1494 1530 1828 1867 2125 2149 2269 2648 2664 2865 3161 3556 3878 4235 4507 4533 4804 4997 5305 5315 5386
5533 6 34 144 149 168 981 1925 2427 2642 2658 2725 2914 3178 3561 3644 4126 4227 4304 4406 4478 4484 4486 4709 4829 5112 5214 5462 5551 5595 5701 5877
5534 280 308 527 637 954 1065 1263 1333 1411 1854 1882 1920 2225 2383 2436 2552 2833 2932 3036 3146 3215 3354 3390 3418 3716 3810 4213 4348 4430 4593 4690 4742 4814 4880 4923 5503 5525 5630 5833
5535 760 982 986 1046 1312 1331 1638 1896 1957 2481 2507 2563 2583 2730 3199 3494 3732 4096 4612 4744 4761 4994 5268 5412 5466 5559 5605 5673 5868
5536 15 22 291 372 514 591 1070 1239 1566 1672 1887 1940 1967 2177 2361 2562 2697 2808 3011 3117 3363 3591 3817 4008 4573 5369 5695
5537 169 208 494 779 1110 1497 1889 1915 2388 2481 2620 2948 2987 3183 3411 3824 4312 5360 5701 5703 5919
5538 162 555 689 728 820 1255 1364 1448 1464 1554 2244 2496 2563 2627 2825 2918 2986 3314 3376 3418 3459 3565 3621 4003 4010 4399 4412 4970 5028 5040 5236 5427 5619 5805 5989
5539 66 135 168 519 897 1375 1387 1547 1644 1698 1727 1839 1886 2030 2102 2311 2401 2432 2560 2824 2835 2986 4088 4267 4296 4376 4528 4788 4871 4895 5004 5078 5459 5496 5767 5784 5920 5940
5540 18 29 167 441 525 566 618 867 871 931 941 1715 2517 2965 2966 3104 3123 3169 3366 3373 3395 3573 3639 3901 4130 4172 4306 4594 4930 5063 5212
5541 437 604 871 1337 1635 1750 1793 1830 2194 2310 2866 2904 3014 3190 3318 3518 3697 3947 4044 4334 4417 4460 4747 4864 4903 5074 5077 5281 5519 5569
5542 85 285 342 502 959 1003 1158 2052 2092 2229 2562 3504 3604 3659 3699 3929 4154 4204 4297 4349 4810 4978 5298 5379 5488 5769
5543 105 118 156 356 374 476 919 1012 1751 1791 1902 2259 2263 2861 3110 3540 3712 4196 4535 5217 5573 5770
5544 80 352 630 1064 1209 1462 1549 1620 1660 1859 1936 1988 2016 2416 2568 2886 2915 2929 3712 3729 4111 4112 4398 4483 4612 4637 4777 5525 5562 5581
5545 98 123 180 202 341 440 898 1167 1174 1238 1290 1687 1764 1825 1874 1961 2553 2970 3330 3342 3494 4079 4092 4546 5042 5264 5529 5578 5929
5546 75 81 149 532 577 632 850 1011 1073 1308 1769 1801 1980 2099 2171 2560 2583 2865 3483 3536 3597 3790 3855 3912 4033 4306 4421 4764 5358 5476 5669 5801 5824 5978
5547 285 423 545 857 1195 1225 1335 1541 1895 2071 2125 2563 2823 2841 3143 3276 3465 3974 3993 4059 4090 4154 4676 4709 4732 4780 4785 4819 4908 5038 5246 5642 5671 5778 5895
5548 239 524 622 1277 1700 2236 2681 2857 2925 2930 3168 3316 3619 3647 3897 4634 4650 4794 4818 5110 5179 5312 5415 5436 5915
5549 76 172 286 484 678 726 873 1333 1553 1579 1719 1768 2013 2193 2297 3258 3375 3479 3713 3733 3882 4064 4136 4300 4638 4815 5018 5019 5065 5185 5288 5735 5831 5862 5956
5550 5 307 712 812 1362 1536 1556 2185 2308 2387 2917 3108 3207 3342 3539 3843 3880 4286 4718 4850 5273 5411 5732 5757 5772 5802
5551 170 436 499 554 807 1556 1658 1661 1672 1702 1748 1938 1986 2541 2710 2762 3123 3138 3290 3441 3489 3534 4046 4103 4489 4977 5040 5184 5242 5445 5533 5655
5552 162 205 231 239 462 660 681 890 982 1301 1312 1349 1780 2029 2513 2729 2922 3025 3302 3650 3940 4621 4644 4767 4850 5089 5140 5301 5457 5642 5819 5881 5952
5553 412 656 746 763 900 1230 1260 1398 1597 2094 2259 2375 2470 2535 2792 3076 3178 3286 4140 4421 4490 4512 4523 4577 5335 5494
5554 45 200 363 685 1080 1110 1431 1444 2146 2819 2949 3285 3416 3473 3828 4333 4404 4452 4607 4632 4729 4841 4874 4983 5174 5219 5352 5366 5910
5555 465 484 486 1138 1238 1382 1693 1804 2060 2409 3034 3238 3410 3734 3821 3964 4133 4268 4504 4667 4677 4772 4947 4955 5014 5120 5196 5247 5602 5656 5776
5556 252 510 805 812 860 1343 1464 1554 1561 1743 1753 1809 1922 2020 2203 2865 2872 2890 3284 3375 3953 4109 4204 4374 4423 4598 5277 5743 5784 5875
5557 31 115 563 581 861 969 1109 1118 1293 1458 1532 1664 1682 2134 2223 2623 2761 2944 2983 3017 3228 3291 3464 3836 3887 4249 4281 4325 4336 4394 4770 4906 4915 5767
5558 950 1013 1089 1248 1294 1579 1739 2123 2228 2292 2352 2513 2536 2607 3485 3561 3688 3738 3807 3838 4746 5294
5559 140 460 849 1449 1868 1952 2587 3205 3668 4407 4699 4724 4757 4810 4817 4950 5002 5029 5236 5510 5535 5616 5882 5946
5560 277 1042 1414 1597 1607 1755 2028 2067 2106 2465 2574 2625 2806 2936 3666 3825 3832 3935 3985 4150 4247 4317 5356 5396 5402 5762 5799
5561 42 279 455 465 633 728 862 1036 1283 1378 1618 1683 1722 2054 2921 2934 2952 2962 3112 3184 3585 3749 3762 3892 4011 4286 4352 4493 4717 4758 5061 5375 5479 5589 5723 5731
5562 439 442 934 1212 1224 1237 1398 1615 1700 1769 2033 3023 3073 3395 3696 3733 3883 4282 4498 4675 4945 5030 5351 5544 5674 5719 5784 5811
5563 33 347 651 694 798 1204 1647 1708 1840 1956 2106 2250 2700 2765 2955 3528 3694 4306 4682 4810 4936 5000 5109 5110 5173 5490 5501 5722
5564 354 379 1017 1122 1481 1594 1819 1887 1984 2038 2091 3002 3025 3091 3209 3453 3530 3788 3850 4051 4280 4436 4544 4620 4851 4932 5329 5598
5565 35 146 248 698 884 1005 1261 1600 1613 1812 1905 2164 2167 2335 2503 2655 2865 2935 2986 3053 3254 3271 3344 3421 3648 3665 4015 4028 4040 4054 4118 4212 4233 4309 4441 4873 4892 5029 5170 5191 5322 5401 5901 5953 5965
5566 41 152 264 334 900 1140 1289 1403 1431 1575 2146 2205 2781 2785 2857 2878 3209 3283 3417 3522 3550 3568 3648 4044 4311 4384 5198 5980
5567 26 33 34 455 606 766 907 992 1093 1291 1447 1603 1611 2118 2524 2695 2738 2755 2866 2964 3006 3411 3585 3944 4036 4601 4683 4835 4892 5052 5157 5491 5651 5971
5568 833 1040 1214 1362 1364 1507 2042 2320 2392 2542 2563 2623 2916 3488 3897 4097 4396 4843 5344 5401 5850
5569 78 202 249 377 800 835 890 910 970 1058 1067 1231 1893 1957 2094 2144 2199 2258 2275 2407 2932 3085 3134 3174 3200 3357 3422 3543 4248 4323 4396 4405 4424 4489 4541 4792 4874 5234 5516 5541
5570 245 653 673 1092 1462 1886 2115 2244 2581 2596 2877 3205 3355 3481 3775 3807 3821 3999 4190 4334 4453 4539 4951 4988 5143 5823 5846 5895
5571 252 264 417 670 752 989 1114 1147 1185 1234 2013 2024 2044 2132 2157 2212 2533 2687 2688 2692 2738 2820 3351 3359 3933 3984 4924 5059 5317 5345 5493 5688 5725 5788 5956 5983
5572 35 165 303 548 1048 1596 2025 2500 2889 3217 3314 3793 4174 4179 4256 4394 4572 5007 5320 5462 5662
5573 115 185 197 267 442 763 810 971 1032 1346 1451 1570 1787 1814 1875 2266 2642 2776 3001 3199 3472 3611 3818 4036 4956 5322 5543
5574 346 1134 1370 1395 1897 1935 2099 2353 2538 2544 2548 2987 3045 3168 3265 3498 3675 3864 4154 4259 4261 4425 4484 4498 4722 4796 4903 4939 5200 5207 5239 5249 5328 5716 5962
5575 3 301 486 573 780 929 1215 1343 1941 2029 2252 2384 2425 2469 2907 3022 3136 3398 3500 3581 3688 3828 3903 4063 4238 4500 5325 5709 5714 5993
5576 183 185 472 788 858 1031 1162 1257 1317 1360 1375 1404 1739 1961 2268 2476 2577 2900 3428 3565 3689 3962 4154 4265 4756 4812 5600
5577 340 460 533 551 1056 1334 1388 1994 2421 2439 2651 2793 3053 3065 3174 3238 3403 3656 3762 4007 4701 4784 4943 4956 4982 5525
5578 34 68 560 838 993 1069 1097 1435 1844 1945 2547 2640 2697 2848 3117 3962 4556 4710 5007 5111 5138 5154 5214 5265 5321 5545 5620 5737 5988 5995
5579 318 802 896 1182 1705 2578 2733 3108 3147 3182 3240 3686 3778 4057 4357 4421 4503 4631 4670 4793 5108 5198 5222 5375 5521 5781 5952
5580 184 509 568 657 739 825 885 950 1630 2003 2185 2397 2790 2932 2963 3140 3751 3943 4014 4038 4055 4195 4291 4372 4487 4592 4671 4843 4902 4988 5088 5334 5376 5494 5866 5993
5581 97 211 441 450 489 491 842 1003 1025 1093 1334 1560 1699 1816 1939 2116 2236 2369 2456 2498 2595 3061 3106 3704 3882 3947 4031 4185 4388 4601 4758 4836 5095 5220 5544 5661 5902
5582 49 105 557 578 691 724 755 910 1426 1629 2527 2763 3364 3541 3618 3754 4180 4302 4554 4811 4827 4914 5088 5191 5654 5730 5822 5834
5583 535 866 966 1133 1327 1385 1485 1509 1631 1639 1701 1961 2146 2728 2988 3209 3239 3254 3315 3329 3403 3745 3777 3825 4203 4660 4762 4948 5117 5472 5662 5872 5989
5584 239 445 1330 1332 1353 1367 1668 1904 1989 2322 2793 3203 3286 3738 4000 4144 4897 4938 5135 5172 5202 5275 5280 5416 5930
5585 115 227 316 370 734 900 967 1153 1701 2093 2422 3173 3273 3558 3869 4062 4474 4499 4519 4703 4817 5050 5416 5439
5586 410 424 457 458 627 711 763 1596 1610 1705 1934 2829 2874 3144 3192 3477 3599 4170 4337 4597 4699 4844 5244 5599 5668 5884 5925
5587 61 134 152 169 405 637 999 1742 1893 1897 2588 2680 3753 4058 4145 4165 4877 4942 5337 5445 5927
5588 39 142 154 302 314 479 794 912 1091 1233 1332 1799 1918 2034 2244 2434 2454 2572 2629 2683 2930 3883 4129 4412 4454 4555 4562 4642 4940 4946 5466 5495 5895 5903
5589 379 492 532 790 907 969 1127 1201 1229 1317 1452 1564 1803 2112 2292 2391 2480 2612 2703 2974 2994 3316 3425 3607 3754 3986 4033 4053 4193 4340 4574 4636 4793 4902 5175 5341 5561 5631 5823 5864 5919 5958
5590 92 209 498 735 907 1471 1672 1691 1877 1957 2188 2317 2509 3071 3260 3942 3990 4016 4018 4095 4191 4229 4317 4323 4667 4670 5141 5187 5474
5591 49 195 293 294 483 664 859 950 974 1229 1668 1684 3008 3167 3253 3480 3491 3793 4277 4349 4440 4670 4973 5393 5723 5743 5856 5923
5592 367 436 523 911 1019 1387 1389 1510 1671 2633 3710 3758 3820 3946 4902 5163
5593 122 217 296 377 498 708 801 960 1238 1807 2003 2068 3096 3154 3199 3326 3386 3825 3972 4239 4409 5290 5647 5866 5941
5594 94 334 458 745 1055 1179 1530 1894 1942 2186 2852 2882 3136 3151 3188 3589 3647 3960 4195 4515 4765 5169 5178 5181 5207 5686 5807 5828
5595 298 573 966 1317 1375 1444 1453 1581 1635 1689 1752 1858 2018 2024 2248 2310 3340 3931 3949 3982 4047 4428 4455 4760 4766 4783 4803 4822 5055 5238 5533 5617 5712 5823 5928 5987
5596 44 322 623 634 796 1028 1206 1241 1537 1642 1645 1670 1837 1862 1890 1949 2209 2270 2309 2388 2747 2767 2836 3080 3104 3152 3194 3762 3785 4283 4574 4967 4997 5318 5322 5734
5597 605 755 1311 1531 2317 2350 2372 2801 2861 3082 3147 3249 3328 3595 3905 4020 4657 5151 5195
5598 158 203 212 520 665 828 1030 1297 1348 1377 1619 1813 1865 1882 1886 2037 2176 2282 2440 2574 2863 2882 2912 3069 3470 3747 3825 4018 4575 4685 5258 5564 5771 5964
5599 566 683 684 739 863 944 1542 1959 2059 2226 2529 2777 3137 3212 3327 3365 3451 3542 3613 4042 4239 4593 4654 4782 4841 5346 5586 5638
5600 2 21 63 643 700 1324 1370 1680 1706 1765 1951 2109 2360 3106 3163 3164 3342 3691 3723 4441 4460 4562 4709 4882 5126 5482 5576 5607 5621 5642 5799 5872 5876
5601 91 109 548 1217 1776 1843 1880 3081 3490 3494 3510 3582 3660 3868 4066 4179 4220 4224 4326 4350 4612 4709 4761 4789 5039 5114 5674 5858 5889
5602 37 185 350 390 687 710 851 965 1013 1119 1771 1850 2090 2311 2418 2528 3249 3665 3796 3961 4007 4077 4123 4237 4302 4433 4444 4548 4945 5555 5712
5603 253 365 931 1197 1301 1329 1422 1461 1464 1509 1674 2087 2199 2216 2812 3020 3081 3513 3855 3873 3911 4006 4125 4524 4997 5217 5244 5321 5906
5604 333 596 660 846 926 1050 1414 1495 1619 1628 2128 2320 2500 2648 2922 3320 4025 4551 4723 4826 5234 5356 5446 5823 5882
5605 209 396 667 697 858 974 1245 1311 1671 1752 1854 2249 2309 2526 2844 2966 3069 3182 3231 4293 4332 4367 4401 4759 4887 5105 5338 5441 5535 5809 5834
5606 111 196 203 513 626 809 967 1384 1627 1774 1881 1914 2062 2222 2254 2526 2618 2921 3202 3324 3494 3760 3892 4115 4488 4611 4902 5337 5489 5710 5879
5607 435 612 1175 1218 1479 1495 1537 1799 2192 2216 2278 2373 2474 2656 2715 2791 2874 2948 3485 4254 4407 4740 4999 5298 5600 5856 5895 5952
5608 584 627 658 1024 1301 1506 1509 1676 2118 2156 2248 2537 2664 2732 3023 3552 3677 4769 5238 5257 5276 5828
5609 9 381 746 1744 1771 1776 1933 2284 2652 3365 3421 3819 3822 3930 3931 4238 4819 4879 5004 5206 5730
5610 328 478 711 830 874 1026 1101 1261 1288 1995 2073 2182 2430 2439 2446 2462 2664 2930 3354 3446 3630 3925 4257 4363 4806 4930 5229 5666 5735
5611 403 678 901 1030 1036 1150 1249 1330 1527 1536 1620 1679 2278 2381 2675 3101 3126 3204 4036 4342 4534 4549 4785 5091 5107 5763 5827 5925
5612 5 40 144 162 288 299 326 518 1055 1123 1395 1434 1605 1630 1908 2099 2278 2345 2463 2505 2590 2694 2709 3107 3292 3670 4040 4087 4152 4156 4363 4400 4431 4524 5298 5318 5833
5613 7 73 120 278 443 456 607 756 1154 1290 1808 1954 2178 2334 2896 3028 3055 3070 3108 3332 3818 3820 3930 4033 4230 4464 4557 4696 4709 4989 5641
5614 98 317 357 678 775 799 868 965 1075 1262 1490 1814 1881 1882 1954 2074 2221 2820 2967 3457 3661 3690 3726 4114 4185 4246 4515 4602 4726 4732 4971 5388 5635
5615 467 468 1209 1965 2208 2240 2241 2328 2350 2727 2925 2968 3003 3503 3715 4174 4418 4558 4795 4955 5100 5129
5616 253 455 717 1043 1303 1345 1380 1578 1877 2273 2436 2989 3236 3624 4086 4200 4316 4336 4444 4800 5220 5559 5618 5665 5984
5617 414 550 786 1213 2045 2241 2323 2607 3192 3313 3406 3623 3934 4573 4727 4903 5027 5093 5220 5311 5461 5595 5753 5857
5618 572 679 1217 1384 1535 1729 1769 2071 2151 2295 2634 2723 2957 3078 3337 3537 3666 4392 4445 4567 4725 4966 5078 5211 5280 5616 5631
5619 136 339 359 431 618 1340 1647 1756 1829 1941 2065 2197 2293 2452 2654 2659 2722 2845 2891 2944 2998 3036 3197 3303 3715 3905 4346 4348 4451 4802 4905 4917 5321 5527 5538 5916
5620 178 388 422 760 839 1019 1083 1418 1455 1495 1632 2074 2185 2253 2267 2289 2375 2457 2668 2721 2944 2947 3015 3058 3161 3206 3256 3450 3654 4094 4195 4255 4512 4605 4824 4986 5127 5242 5314 5507 5578
5621 130 202 646 977 1303 1314 1479 1607 1669 1672 1731 1955 2151 2455 3593 3670 4188 4196 4377 4497 4642 4680 5600 5706 5961
5622 111 112 161 399 526 629 822 872 939 1095 1410 1866 2241 2282 3015 3574 3845 4304 5096 5743
5623 112 791 858 1051 1197 1256 1588 2419 2513 2590 2641 3062 3218 3828 3836 4082 4714 4900 5105 5425 5524 5624
5624 457 586 836 1202 1504 2166 2668 2852 2918 3240 3636 4635 4690 4785 5038 5107 5248 5265 5623 5960
5625 135 214 610 757 840 1008 1029 1904 1977 2147 2158 2418 2836 3120 3250 3649 3728 3741 4129 4163 4167 4605 4920 4998 5041 5358 5443 5646
5626 14 37 774 936 1484 1526 1751 1763 1799 2207 2397 3156 3158 3700 3899 4173 4185 4259 4359 4469 4607 4651 4729 4745 4917 5301 5335 5763
5627 56 74 398 409 413 583 612 629 880 1019 1130 1176 1273 2024 2323 2498 2608 2616 2750 2934 3034 3102 3232 3633 3791 4080 4203 4274 4496 4500 5218 5511 5695 5828
5628 136 227 424 433 715 945 1269 1561 1931 1953 2343 2400 2844 2888 2900 2951 3022 3047 3122 3295 3590 3751 3984 4019 4119 4130 4185 4187 4198 4216 4369 4440 4477 4529 4560 4753 4930 5302 5395 5949 5993
5629 85 142 418 444 525 541 575 718 1299 1428 1600 1791 1828 1870 1871 2411 2524 3063 3344 4124 4164 4246 4409 4492 4533 5082 5167 5342 5408 5765 5796
5630 181 196 687 845 906 933 1363 1494 1507 1531 1641 1810 1941 2439 2593 2741 2756 3287 3351 3399 3525 3668 3700 3714 3857 4059 4351 4382 4560 4668 4856 5238 5278 5534 5802 5823 5990
5631 51 216 394 401 435 722 1268 1356 1776 1951 2819 2958 2976 3198 3246 3495 3632 3753 4025 4095 4168 4433 4477 4583 4847 4976 4991 5054 5085 5146 5171 5176 5293 5300 5400 5504 5505 5589 5618 5638 5832
5632 300 371 701 863 932 983 1043 1182 1559 1569 1724 1771 1830 1880 1960 1966 2058 2617 2662 2737 2831 2978 3531 3693 3907 3984 4212 4221 4323 4476 4660 5709 5838 5936
5633 332 364 478 757 802 989 1000 1113 1168 1321 1346 1440 1477 1482 1491 1574 2134 2153 2217 2247 2677 3274 3595 3875 3879 3907 3915 3953 4000 4269 4381 4445 5021 5693
5634 429 729 834 1043 1106 1436 1492 2337 2428 2566 2767 2886 2956 3375 3438 4230 4480 4910 5102 5659 5867
5635 80 247 342 477 481 737 755 1075 1242 1317 1564 1918 2067 2117 2298 2625 2720 2953 3069 3389 3509 3543 3747 3960 4201 4211 4286 4914 4976 5140 5314 5356 5464 5614 5919
5636 816 868 1311 2195 2309 2848 3276 3424 3748 3933 4170 4306 4552 5344 5682 5720 5918
5637 37 43 219 235 325 1072 1386 1505 1551 1612 1981 2071 2173 2409 2661 2669 3021 3241 3265 3441 4185 4211 4272 4323 4604 4605 4639 4708 4727 4804 4863 5091 5098 5100 5256 5372 5399 5871 5956
5638 392 475 945 956 1844 2093 2146 2207 2438 2541 2586 3023 3203 3238 3304 3397 3402 3540 3595 3723 4183 4196 4200 4446 4832 4866 5057 5101 5392 5461 5513 5599 5631
5639 692 879 1094 1189 1554 1595 1844 1899 2010 2061 2421 2424 2544 2777 2869 3053 3150 3326 3849 3932 4039 4114 4817 4938 4991 5046 5053 5300 5340 5697 5812 5957
5640 879 937 1059 1329 1535 1810 2120 2164 2338 2652 2703 3208 3580 3780 4045 4233 4236 4310 4757 4765 4926 5142 5667 5703 5907 5922
5641 116 412 431 504 754 923 1047 1174 1388 1453 1794 1902 2005 2258 2436 2667 2690 2738 2791 2847 3215 3332 3364 3629 3636 3698 4201 4403 5613 5930
5642 267 283 431 516 736 766 819 881 1432 1471 1524 1602 1620 1917 2014 2117 2373 2394 2578 2619 3600 4028 4230 4789 5007 5141 5547 5552 5600 5706 5834 5907
5643 29 141 519 1710 1797 1886 2355 2451 2459 2970 2985 3003 3020 3237 3290 3671 3841 4155 4296 4320 4478 4753 4766 4949 5075 5687 5758 5810
5644 71 183 459 591 621 889 1138 1299 1534 1549 1667 2276 2326 2556 2786 2970 2999 3099 3171 3294 3448 3571 3856 3974 4312 4858 5149 5401 5477 5723 5734 5771
5645 163 379 408 562 667 827 1011 1120 1141 1201 1793 2092 2121 2541 2974 3089 3227 3509 3834 3935 3952 4270 4973 5169 5408 5712 5838 5933
5646 46 371 474 481 747 1369 1846 1914 2083 2324 2466 2565 2612 2813 3332 3360 3721 3811 4057 4414 4693 5460 5625 5725 5860
5647 157 167 260 530 879 1219 1220 1538 1592 1600 1618 1722 1977 2035 2371 2430 2486 2492 2641 2806 3160 3320 3392 3801 4006 4255 4263 4283 4423 4445 4514 5593 5678 5790 5792
5648 42 223 713 885 903 1237 1391 1622 1807 2263 2514 2797 2802 3373 3392 3447 4024 4114 4330 4385 4443 4791 4900 5184 5712 5720 5998
5649 119 242 418 563 727 1224 1683 1837 2458 3012 3384 3488 3573 3603 3768 4008 4183 4283 4298 4364 4372 4901 4998 5173 5464 5812 5830 5901
5650 23 84 266 597 610 727 738 984 1031 1209 1404 1735 2224 2455 2479 2688 2810 2869 2908 3428 3441 3478 3557 3562 3706 3778 4019 4119 4128 4354 4452 4771 4876 5179 5228 5481
5651 145 236 686 810 853 1027 1443 1692 1894 2278 2288 2712 2755 2988 3318 3428 3464 3509 3638 3776 4074 4088 4197 4769 4850 4936 5008 5093 5320 5567
5652 60 84 96 137 271 363 398 415 525 839 852 1293 1351 1688 2108 2390 2543 2898 3102 3356 3483 3606 3638 3782 3823 4091 4300 4703 4795 4845 5225 5351 5423 5733 5914
5653 14 126 140 253 305 823 903 1061 1091 1628 1930 2073 2348 2690 2693 2926 3662 3921 3936 4358 5245 5283 5381
5654 22 55 579 686 749 899 905 958 1555 1778 2057 2428 2680 2747 3054 3312 3911 4112 4817 5100 5278 5360 5377 5454 5582 5729 5894 5964
5655 361 720 1271 1481 1677 1731 1931 1973 1974 1975 2130 2793 2881 3310 3518 3717 3849 4112 4705 4735 4822 4934 5024 5065 5141 5551 5899 5999
5656 326 762 1080 1081 1166 1441 1520 1524 1947 1988 1990 2026 2401 2527 2654 2664 2731 2796 2826 3004 3122 3196 3206 3450 3703 3854 3931 4338 4387 4525 4654 5229 5555 5684 5945
5657 278 1030 1163 1304 1449 1485 1649 1663 1731 1756 1949 2137 2446 2664 2890 3718 3861 4664 5318 5448 5495 5909
5658 82 446 507 646 698 723 800 822 927 1028 1209 1415 1580 1694 1713 1841 1956 1991 2467 2471 2475 2480 3176 3493 4372 4488 4502 4587 4588 4611 4723 4823 4856 5487 5800 5833 5873 5989
5659 333 398 399 451 563 861 987 1394 1427 2113 2168 2249 2275 2360 2405 2541 2589 3065 3179 3331 3654 3940 3946 3976 4030 4066 4147 4340 4664 4700 5177 5422 5634
5660 225 390 490 894 1035 1106 1153 1404 1660 1731 1865 1989 2021 2043 2412 2539 2607 2696 2736 2766 2875 3074 3087 3105 3212 3239 3571 3894 3897 4065 4227 4338 4489 5011 5691
5661 65 309 444 809 950 996 1141 1166 1193 2136 2157 2392 3229 3239 3402 3735 3744 3983 4007 4225 4445 4567 4743 4946 4947 5060 5285 5398 5581 5799 5940
5662 54 348 501 626 1005 1016 1217 1300 1460 1626 2145 2496 2936 3218 3350 3453 4106 4110 4623 5085 5124 5405 5572 5583 5907
5663 23 364 368 369 394 466 512 743 790 1177 1274 1649 1681 2708 3089 3436 3515 3636 3768 3922 4024 4274 4276 4653 4975 5077 5148 5206 5242 5338 5847 5882
5664 129 712 1010 1140 1203 1543 1625 1690 1772 1785 2080 2197 2358 2772 2839 2956 3535 3602 4038 4186 4516 4812 4957 4998 5280 5482 5494 5714 5797 5979
5665 29 218 365 382 821 1160 1161 1235 1460 1527 1640 1881 1950 1966 2333 2483 2853 3004 3401 3784 3822 4083 4456 4465 4857 4974 5032 5282 5616 5681
5666 189 225 244 795 1319 1585 1615 1706 1836 1914 1934 2193 2316 2391 2569 2571 2730 3860 3889 3905 4335 4373 4553 4822 4951 4957 4961 5506 5610 5916
5667 75 142 490 493 589 790 1135 1186 1602 1790 2080 2491 2578 2905 3295 3298 3693 3963 4205 4832 4925 4943 5114 5125 5310 5327 5640 5773 5970
5668 68 171 306 314 398 449 515 856 1076 1141 2267 2324 2784 3326 3386 3439 3549 3569 3819 3938 4043 4205 4209 4416 4496 4691 4703 4831 4860 4880 5086 5294 5497 5586 5854 5930 5941
5669 9 154 741 770 828 952 1187 1279 1328 1911 2025 2101 2225 2227 2260 2450 2892 2896 3216 3440 3441 3626 3671 3717 4036 4161 4220 4652 4715 4725 4788 4810 5546
5670 189 280 390 732 876 944 1334 1371 1480 2236 2638 2947 3036 3142 3163 3288 3332 3414 3752 3914 3979 4507 4644 4738 5216 5685 5864 5915
5671 478 749 763 1040 1226 1246 1355 1421 1549 1748 1766 1776 1812 2106 2117 2256 2339 2443 2969 3038 3233 3306 3490 3685 4082 4100 4283 4880 5051 5117 5547 5705 5922
5672 247 319 333 369 697 1091 2012 2171 2679 2759 3195 3301 3647 4144 4189 4315 4380 5020 5079 5228 5463 5523
5673 170 236 379 659 680 887 1297 1371 1451 1544 1608 1669 1707 1859 2374 2522 2851 2885 3235 3275 3522 3595 3673 3751 3848 3856 3882 4050 4115 4816 4892 4900 5010 5143 5535 5802
5674 2 112 318 366 528 1849 1950 2201 2246 3829 4162 4691 4743 4861 5012 5101 5562 5601 5718
5675 977 1083 1208 1855 1877 1894 2185 2761 2904 3043 3395 3472 3731 3910 3992 4092 4474 5055 5264 5397 5881 5897
5676 342 422 494 647 797 1879 2337 2533 2618 3190 3290 3333 3364 3457 3564 3599 3690 4021 4401 4678 4972 5026 5038 5249 5729
5677 86 225 270 1200 1305 1377 1500 2068 2138 2143 2175 2179 2227 2372 2818 3001 3783 3885 4004 4240 4508 4891 5267 5426 5453
5678 514 1147 1262 2437 2816 2846 2872 3531 3580 3994 4077 4220 4221 4246 4292 4621 4639 4895 4942 5022 5424 5528 5647 5689 5954
5679 216 617 708 941 992 1264 1392 1736 2662 2745 2791 2858 2900 2913 2967 3027 3280 3384 3638 3858 4085 4188 4215 4227 5255 5319 5391 5827 5850 5966 5989
5680 74 284 853 883 1312 1462 1493 2360 2368 2370 2493 3003 3244 3503 3622 3708 3724 3738 3761 3773 3878 3949 4109 4203 4278 4846 5341 5519 5771 5847
5681 283 427 766 824 862 910 1117 1229 1550 1901 2580 2803 3538 3768 3879 3992 4003 4034 4064 4088 4326 4725 5065 5122 5212 5386 5665 5751 5807 5962 5964
5682 931 991 1085 1948 2958 3072 3247 3333 3677 3819 3906 3935 3965 4146 4168 4337 4695 5130 5174 5636 5825 5959
5683 393 417 1019 1119 1559 1590 1818 1874 2144 2471 2866 3470 3645 3669 3882 4006 4266 4449 4500 4593 4598 4670 4679 4812 4863 4979 5050 5140 5147 5232 5345
5684 159 171 177 238 1108 1258 1306 1377 1526 1628 2139 2445 2653 2815 2831 3019 3175 3231 3313 3401 3451 4492 4556 4567 4637 5656
5685 78 81 305 1264 1932 1954 1979 2098 2364 2654 3026 3246 3333 3442 3843 3949 4002 4038 4350 4437 4512 4976 5229 5257 5670
5686 77 250 260 622 741 793 1354 1371 1666 1847 2122 2140 2175 2700 2722 2881 2891 3088 3209 3240 3322 3610 3765 3962 4436 4559 4678 5098 5295 5426 5438 5594 5692 5697 5706 5718 5869
5687 75 327 375 451 610 784 958 1034 1332 1840 1874 2043 2049 2131 2461 2498 2552 2586 2592 2849 2894 3213 3329 3472 3537 3733 3851 3983 4077 4162 4387 4830 4842 5042 5458 5643 5731 5949 5955
5688 95 734 794 809 813 936 1393 1414 1590 1828 2046 2428 2573 2718 2741 2996 3127 3345 3486 3527 3596 4284 5117 5448 5571 5932
5689 159 224 626 713 760 948 998 1393 1551 1748 2052 2446 2740 3508 3805 3886 4537 4544 4869 5036 5370 5436 5678 5760 5834 5975 5990
5690 214 438 601 634 750 1137 1290 1373 1442 1631 1884 1894 1974 2100 2178 2595 2813 2893 3199 3356 3537 3563 4088 4145 4167 4320 4510 5103 5929
5691 25 82 101 238 263 292 325 487 809 1146 1393 1593 1681 1891 1910 2010 2082 2569 2702 2886 2987 3100 3250 3293 3482 3737 3786 3986 4061 4256 4389 4660 4908 5030 5057 5332 5487 5660 5749 5892
5692 85 677 1076 1229 2236 2505 2530 2552 2730 2964 3524 3873 4000 4280 4576 4888 5198 5212 5458 5479 5686 5695 5827 5890
5693 61 139 977 997 1023 1059 1486 1490 1583 1764 1817 2069 2416 3067 3249 3616 3633 3832 4081 4325 4616 5024 5366 5633 5765 5801
5694 53 97 262 284 584 897 1393 1615 1641 1784 1877 1904 2098 2171 2359 2427 2811 3272 3282 3899 4696 4740 4832 5861
5695 116 122 138 285 1203 1331 1365 1515 1746 1826 1883 2120 2495 2598 2881 3268 3433 3896 4100 4407 5108 5186 5462 5508 5536 5627 5692 5990
5696 22 150 238 247 485 536 729 736 832 931 1333 1448 2471 2565 2887 3069 3612 3745 3748 3832 3841 4406 4756 4840 5279 5446 5516 5967
5697 260 398 655 726 1891 1965 2030 2582 2607 2731 2960 3270 3295 3406 3862 3987 4789 5081 5153 5425 5639 5686 5736
5698 230 262 297 317 366 473 511 603 1115 1171 1276 1627 1695 1699 1749 1895 2002 2538 2736 2742 2849 3115 3308 3414 3484 3627 3827 3857 4040 4732 5023 5071 5434 5948
5699 151 211 858 969 981 999 1084 1322 1569 1715 1786 1878 2119 2144 2604 2648 2770 3237 3406 3668 3830 4025 4067 4427 4727 4937 5208 5322 5343 5761 5771 5880 5947
5700 152 215 341 480 816 1232 1242 1305 1438 1783 1835 1900 1945 2043 2072 2377 2449 2678 2753 3239 3256 3257 3419 3641 3731 3810 4675 4732 5154 5166 5325 5476 5477 5862
5701 184 210 432 438 500 626 688 704 768 821 869 1019 1058 1062 1603 1646 1993 2218 2250 2281 2348 2709 2885 3263 3987 4091 4146 4395 4574 4838 5019 5138 5243 5313 5383 5525 5533 5537
5702 21 307 1355 1412 1434 1635 1765 1839 2022 2068 2091 2129 3096 3218 3241 3842 3969 4022 4201 4451 4659 4716 4820 4890 5014 5052 5303 5708 5806 5852
5703 87 453 468 703 778 826 882 1458 1767 1948 2315 2647 2809 3114 3342 3600 4567 4723 4882 4883 4938 5281 5537 5640 5987
5704 38 239 261 435 436 505 1249 1400 1625 2088 2191 2264 2325 2690 2857 3036 3097 3378 3680 4097 4405 4459 4572 5090 5391 5394 5448 5716
5705 393 665 713 840 946 950 1163 1903 1904 2116 2146 2445 2519 2541 2609 2758 3332 3412 4438 4497 4708 5016 5107 5113 5515 5671
5706 107 309 451 517 1054 1086 1246 1442 1509 1644 2456 2485 2589 2726 2794 2992 3157 3556 3618 3815 3880 4749 4775 4782 4963 5068 5277 5443 5621 5642 5686 5962
5707 160 731 901 1050 1463 1603 1813 1907 1931 2079 2322 2428 2531 2538 2669 2697 2852 3572 3600 3690 3763 3818 3890 3967 4140 4149 4405 4545 4879 4889 4944 5398 5962
5708 123 218 301 349 443 1138 1155 1218 1287 1399 1739 2377 3117 3635 3925 4002 4230 4922 5114 5327 5702 5921
5709 426 658 1204 1342 1357 1360 2108 2250 2324 2434 2708 2794 3143 3311 3486 4172 4188 4640 4721 5068 5366 5396 5575 5632 5739 5744 5799
5710 265 594 837 985 1544 1624 1683 2000 2064 2080 2157 2226 2520 2585 2637 2738 3175 3509 3543 3756 4224 4432 4656 4688 4805 5394 5606 5823 5976
5711 82 184 221 255 368 430 443 772 789 925 997 1179 1274 1649 1981 2025 2061 2136 2155 2228 2301 2416 2469 2516 2580 2661 2783 3138 3224 3551 3697 3969 4105 4430 4757 4891 4955 5028 5089 5263 5455 5495 5996
5712 370 797 915 1043 1161 1614 1617 1680 1923 1978 2561 2613 3044 3285 3322 3358 3467 4070 4094 4358 4455 4881 5068 5154 5453 5595 5602 5645 5648 5775 5901
5713 45 211 671 686 716 906 1201 1251 1363 1412 1956 2704 2789 2913 3324 3439 3479 3655 3915 4321 4509 4767 4849 5257 5838
5714 23 250 591 651 716 778 1132 1181 1607 1858 2007 2184 2824 2841 3126 3709 3808 3951 3988 4034 4736 4812 4892 5457 5575 5664 5805 5828 5935
5715 271 511 1260 1382 2332 2478 2570 3074 3253 3539 3725 4728 4755 4836 4844 5289 5361 5368 5849
5716 98 115 206 274 285 886 1770 1803 2226 2251 2678 2876 3225 3427 3512 4031 4281 4291 4298 4482 4585 5018 5253 5508 5574 5704 5921 5947
5717 44 249 327 356 427 473 826 938 987 1004 1054 1365 1654 1869 2182 2259 2439 2546 2967 3731 3787 3896 3984 4333 4610 4665 4990 5146 5198 5375 5919
5718 127 138 139 594 606 737 762 1300 1313 1420 1994 2047 2529 3406 3506 3874 4124 4267 4300 4631 4705 4723 4773 4842 5674 5686 5795 5914
5719 8 262 658 1388 1577 1929 1943 1978 2554 2755 3204 3520 3533 3810 3926 4709 4833 4870 5277 5300 5562 5733 5871
5720 162 368 726 1431 1438 1629 1692 1850 2586 2909 3089 3097 3242 3326 3648 4067 4399 4403 5047 5332 5636 5648
5721 504 759 1304 1532 1598 2067 2396 2599 2832 3075 3100 3129 3176 3231 3272 3316 3486 3846 3940 4368 4393 5149 5184 5792 5900
5722 292 448 711 794 968 1009 1043 1326 1423 1761 1844 1883 1899 1946 2853 3113 3335 3821 3983 4009 4111 4323 4327 4405 4510 5132 5221 5251 5259 5292 5301 5563 5746 5865 5956
5723 116 257 1164 1178 1242 1428 1739 1993 2191 2533 2641 2662 2731 2819 2901 2950 3276 3476 3485 3642 3838 4005 4328 4666 4795 5163 5379 5464 5561 5591 5644 5877
5724 169 176 557 576 669 675 872 964 978 1032 1400 1446 1664 1954 2075 2152 2323 2503 2555 2558 2571 2752 2810 2855 3172 3329 3961 4058 4703 4810 4825 4980 5783 5837
5725 467 982 996 1281 1347 1522 2159 2380 2483 2555 2666 3001 3233 3510 3680 3956 4229 4344 4531 4592 4594 4748 4898 4900 5042 5081 5154 5279 5496 5505 5571 5646 5841
5726 892 905 929 1002 1197 1425 1450 1701 1772 1890 2156 2611 2640 2840 3384 3403 3524 3577 3644 3804 3923 4000 4069 4252 4711 4791 4881 4946 5163 5979
5727 339 374 478 851 1262 1374 1729 2225 2267 2562 2563 2668 2684 2733 2781 3092 3194 3314 3319 3667 3683 3731 3951 4218 4349 4425 4478 4607 4863 4917 5889
5728 19 154 314 935 975 1001 1087 1495 1544 2258 2317 2333 2351 2408 2420 2563 3110 3452 3498 3535 3539 3627 4188 4338 4419 4566 4568 4699 4713 4856 5375 5750 5998
5729 82 221 633 956 1117 1465 1708 2012 2107 2235 2498 2558 2805 2856 3756 4058 4077 4100 4216 4580 4583 4814 4885 5016 5236 5266 5471 5654 5676 5982
5730 117 233 236 499 713 800 944 960 1321 1401 1421 1489 1521 1793 1865 2343 2616 2625 2746 2792 2820 2903 3035 3089 3668 3728 4372 5436 5582 5609 5864 5917 5981
5731 6 327 383 387 448 637 1316 1461 1762 2167 2277 2466 2490 2685 2778 2971 3299 3571 3969 3976 4166 4332 4505 4672 5392 5422 5446 5561 5687 5748 5801 5825
5732 392 638 808 1592 1788 2022 2218 2356 2481 2786 3206 3544 3573 3663 3937 4453 4761 4840 4976 5175 5243 5260 5410 5457 5550 5872 5984
5733 288 333 411 812 925 1394 1572 1792 2244 2490 2492 2702 2722 3330 3338 3500 3668 3822 4036 4080 4098 5120 5285 5652 5719
5734 228 255 301 451 570 928 1074 1089 1140 1245 1473 1730 1918 2067 2085 2278 2364 2441 2467 2485 2674 2940 3091 3304 3411 4245 4460 4661 4717 5596 5644 5956
5735 23 288 629 649 772 812 814 980 986 1183 1467 1547 1669 1753 1866 2146 2209 2259 2333 2422 2435 2559 2600 2995 3224 3336 3463 3530 3872 4075 4593 4996 5454 5549 5610 5770
5736 647 803 974 1040 1076 1387 1410 1541 1603 2000 2319 2325 2326 2777 2901 2908 3426 3615 4498 4896 5115 5481 5697 5868
5737 88 236 287 653 1207 1566 1646 1770 2063 3038 3088 3105 3309 3337 3746 3911 4039 4094 4141 4360 4957 5156 5452 5578 5763
5738 43 50 57 139 170 398 583 958 1070 1262 1621 1816 2161 2224 2280 2293 2412 2415 2614 2658 2855 2924 3045 3322 3380 3413 3615 3684 3705 4146 4628 4859 4936 5063 5245 5249 5911 5976
5739 100 351 651 761 788 1228 1368 1608 1713 1872 1882 2148 2229 2263 2863 3254 3490 4016 4120 4143 4597 4661 4726 4945 5037 5140 5164 5286 5424 5709
5740 269 335 374 569 919 1167 1202 1542 1637 1927 2035 2676 2680 3183 3248 3364 3693 3724 3761 4167 4634 4697 5025 5173 5334 5423
5741 19 115 176 780 890 935 1411 1788 2106 2154 2278 2539 3035 3096 3349 3451 3475 3861 3978 4300 4326 4460 4527 4590 4644 4711 4715 4967 5105 5187 5432 5842 5852 5941
5742 15 77 344 648 1423 2175 2283 2303 2467 2588 2818 2931 3025 3130 3134 4007 4130 4248 4258 4892 5208 5285 5810 5835
5743 51 67 87 384 455 696 824 860 1272 1286 1422 1742 2108 2126 2338 2536 2559 2744 2749 2987 3019 3088 3096 3188 3376 3422 3590 3824 4008 4040 4133 4337 4538 4589 4809 4913 5070 5081 5307 5556 5591 5622
5744 401 436 536 569 1264 1519 1662 1744 2185 2210 2233 2271 2307 2590 2878 3223 3514 3675 3790 3916 4042 4543 4652 4761 5316 5709 5782
5745 20 562 1516 1637 1707 1769 1776 1974 1979 2194 2342 2543 2623 2867 2925 3118 3127 3474 3713 3798 4091 4117 4272 4917 5872
5746 141 395 428 533 1046 1124 1194 1443 1629 1786 1950 2024 2115 2443 2742 2917 3161 3336 3347 3564 3644 4069 4633 4707 4798 4823 5722 5880
5747 102 107 225 416 597 615 700 752 783 1037 1268 1393 1502 1660 2057 2203 2253 2389 2518 2647 2771 2812 2852 3195 3210 3234 3259 3447 3451 3523 3614 3698 3712 4176 4210 4310 4667 5450 5790 5827
5748 3 172 499 697 702 1113 1152 1194 1236 1574 1672 1791 2062 2076 2140 2298 2368 2681 2784 2877 2878 3158 3169 3269 3636 3952 4124 4296 4320 4451 4912 4953 4996 5117 5731 5875
5749 184 512 587 746 803 1053 1197 1578 1603 1698 1702 1768 2133 2235 2616 2699 2827 3165 3725 3795 3902 3952 4003 4255 4315 4573 4903 4909 5122 5226 5245 5691 5893 5932
5750 138 259 741 772 995 1091 1105 1519 1576 1606 1623 1793 2523 2724 2743 2799 3885 3890 3990 4666 4711 4879 4882 5252 5379 5728 5976
5751 44 212 398 502 788 959 997 1351 1802 1845 2166 2607 2659 2837 3000 3077 3222 3310 3388 3399 3479 4403 4405 4477 4633 5507 5681 5849 5852
5752 62 283 777 950 1355 1456 1507 1675 1849 2119 2310 2353 2790 2860 2970 2983 2988 3011 3119 3286 3299 3349 3690 3818 4462 4534 4618 4620 4658 4797 4908 5134 5875 5893
5753 744 767 915 1003 1680 1829 2457 2855 2992 3022 3026 3073 3152 3156 3206 3611 3757 4388 4733 4900 5002 5073 5075 5289 5366 5431 5617 5811
5754 69 253 343 350 383 564 790 900 1142 1689 1741 1752 2226 2242 2460 2542 3451 3591 3729 4078 4496 4525 4812 4946 4965 4974 5147 5181 5463 5811 5973
5755 118 457 562 832 931 1046 1161 1725 2007 2128 2456 2538 2541 2677 2778 2925 3064 3301 3651 3694 3772 3857 4100 4729 5364 5409 5453
5756 309 498 688 786 851 958 990 991 1294 1389 1455 2035 2512 3357 3504 3800 4071 4098 4186 4472 4551 5159 5327 5364
5757 535 636 741 862 1107 1328 1335 1559 1640 1696 1944 2109 2368 2444 2847 3338 3606 3740 3774 3818 4101 4558 4695 4697 4740 4768 5250 5550 5844
5758 361 476 611 850 857 860 864 985 1841 1898 1940 2200 2344 2944 3168 3429 3825 3927 4007 4043 4481 4682 4788 4889 4969 4993 5015 5120 5227 5643 5923
5759 48 186 337 347 479 833 1018 1426 1855 2003 2122 2231 2480 2521 2576 2701 2851 3084 3091 3169 3197 3649 3925 3989 4285 4437 4475 4686 4689 4897 5077 5170 5214 5326 5803
5760 136 425 611 935 951 964 1148 1318 2104 2112 2160 2214 2233 2559 2681 2815 2836 3351 3612 3662 3667 3863 3885 3976 4074 4302 4365 4375 4435 4463 4477 4595 4710 4813 5073 5151 5236 5415 5689
5761 829 1071 1204 1480 1509 1573 1985 2203 2710 2752 2979 2980 3264 3627 3633 3713 4083 4149 4583 4585 4586 4741 5699 5773 5838 5867 5976
5762 36 64 214 306 329 496 582 614 1139 1187 1206 1222 1355 1459 1473 1857 1922 2355 2636 2804 2837 2973 3177 3576 3622 3628 3632 4202 4213 4239 4321 4427 4509 4527 5041 5250 5277 5418 5481 5560 5774 5794
5763 55 264 302 1157 1415 1623 2616 2652 3256 3301 3328 3516 3533 3884 3890 4096 4734 4900 5243 5611 5626 5737 5804 5982
5764 95 103 173 230 440 626 815 944 972 1033 1044 1049 1201 1285 1437 1561 1751 1960 2213 2273 2317 2755 2796 3072 3221 3592 3879 3903 4067 4267 4428 4500 4829 4974 5021 5067 5278 5330 5522 5792
5765 62 81 151 394 473 672 752 758 847 877 1378 1457 1547 1740 1796 2072 2176 2383 2631 2645 2832 3309 3509 3905 4246 4326 4798 4994 5067 5114 5308 5309 5629 5693 5792
5766 534 559 621 651 714 749 819 833 840 881 1380 1381 1487 1513 1613 1689 2037 2266 2474 3768 3845 4081 4137 4287 4381 4976 5060 5456 5491 5862 5991
5767 178 220 387 981 1001 1312 1377 1394 1907 2182 2440 3146 3382 3480 3683 3957 4196 4406 4625 4927 5085 5240 5408 5435 5497 5500 5539 5557 5796 5955
5768 620 625 733 790 1289 1500 1581 1715 1980 1991 2200 2395 2739 2809 3151 3452 4117 4371 4731 5100 5105 5136 5259 5468 5477 5493 5778
5769 500 694 713 944 1037 1326 1408 1459 1535 1630 1729 2126 2540 2637 2824 3098 3273 3523 3549 3633 3690 3716 3908 3956 4237 4267 4276 4349 4956 5542 5810 5816
5770 42 92 108 168 395 488 792 905 935 1147 1282 1326 1929 1934 1936 2435 2893 2976 3393 3394 3699 3700 3715 3752 3974 4348 4559 4595 4727 4858 5090 5142 5543 5735 5776 5975
5771 905 1067 1641 1667 1791 2261 2383 2464 2645 2678 2701 2761 2890 3242 3948 4237 4903 4958 5033 5126 5147 5319 5343 5397 5598 5644 5680 5699 5850 5907
5772 690 787 810 936 1848 2240 2619 3004 3296 3318 3605 3688 3865 3979 4136 4327 4692 4996 5146 5378 5550 5910
5773 189 257 293 554 819 950 1198 1330 1378 1442 1725 1728 1733 2046 2054 2055 2109 2117 2643 2671 2723 2736 3409 3484 3523 4154 4388 4424 4609 4614 4635 4667 4988 5060 5234 5253 5445 5667 5761 5862 5929 5935
5774 321 383 392 460 669 1333 1691 1922 2020 2133 2255 2457 3032 3047 3361 3694 3752 3806 4039 4101 4213 4242 4655 5054 5237 5249 5762 5888 5908 5999
5775 473 579 707 1048 1074 1802 1921 2063 3386 3698 4027 4090 4415 4591 4610 4629 4660 4740 5125 5503 5712 5845 5935
5776 230 380 421 706 998 1343 1467 1663 2003 2256 2379 2576 2810 2817 2897 3064 3160 3181 3332 3433 3449 3485 3590 3726 3743 4246 4281 4443 4587 4977 5121 5328 5362 5489 5555 5770 5778
5777 510 982 1192 1534 2011 2395 2402 2661 2890 3223 3384 3565 3580 3736 3839 4040 4357 4390 4778 5246 5317 5782 5939
5778 3 187 1113 1344 1351 1420 1806 1807 1935 2071 2090 2132 2239 2354 2547 3173 3181 3301 3483 3505 3546 3552 3600 3925 3942 4229 4314 4407 4440 4696 4880 4981 5547 5768 5776 5843
5779 24 70 450 706 1033 1107 1113 1572 1829 1953 2058 2213 2601 3049 3189 3868 4023 4169 4229 4253 4381 4503 4597 4704 4903 5176 5959 5998
5780 225 617 632 720 893 910 1011 1059 1399 2450 2644 2813 2911 3277 3537 3773 4191 4410 4509 4567 5179 5867
5781 191 640 1023 1079 2093 2254 2754 2886 3056 3206 3350 3374 3448 3795 4184 4258 4460 4478 4661 5224 5470 5579 5894 5936
5782 164 742 786 819 822 1173 1200 1436 1763 1885 2549 2655 3009 3173 3517 3535 3748 3755 3810 3849 3984 4522 4658 4827 4944 5001 5353 5744 5777
5783 17 39 136 241 582 586 844 1116 1139 1333 1639 1672 1925 2005 2102 2127 2132 2291 2435 2558 3116 4052 4260 4351 4580 4805 5047 5189 5529 5724 5931
5784 70 391 567 690 896 941 943 1239 1458 1486 1639 1748 1913 2105 2128 2223 2863 2886 3086 3191 3361 3423 3971 4153 4184 4286 4550 4626 4700 4721 4855 5126 5190 5268 5539 5556 5562
5785 33 162 851 997 1231 1440 1648 1848 1970 2073 2270 2620 2980 3281 3352 4034 4410 4438 5389 5438 5857
5786 10 257 449 451 459 615 1063 1087 1204 1711 1897 1915 2136 2620 2647 2843 3015 3026 3079 3095 3145 3234 3581 3690 3744 4344 4749 5088 5260 5485
5787 5 118 454 600 626 1187 1188 1594 2054 2133 2209 2452 2454 2559 2645 2651 2756 2825 3633 3774 3800 3864 4271 4312 4701 4982 5127 5198 5946
5788 66 477 670 708 874 1038 1110 1369 1836 2204 2425 2588 2833 2844 2896 3182 3338 3560 3582 3634 3821 4321 4526 4546 4600 4690 4736 4764 4782 5571
5789 92 122 222 363 576 709 820 1279 1412 1642 1774 2080 2222 2437 2518 2768 2932 3429 3654 3746 4690 4730 5133 5162 5228 5249 5384 5792
5790 134 230 614 624 1327 1379 1459 1626 1639 2051 2077 2316 2516 2569 2663 2805 3450 3513 3617 3968 4029 4272 4435 4722 4880 5335 5463 5647 5747 5997
5791 96 110 123 204 340 542 616 798 996 1037 1364 1590 1873 1991 2014 2043 2301 2311 2589 2691 2887 3120 3248 3265 3460 3865 3936 3949 4074 4359 4403 4423 4701 5363
5792 385 551 983 987 1088 1157 1170 1532 1600 1804 1832 2319 2418 2633 2763 2844 2859 3037 4087 4108 4142 4369 4430 4675 4750 4774 5016 5105 5238 5647 5721 5764 5765 5789
5793 48 223 329 506 608 1079 1142 1194 1327 1564 1936 1960 1982 2119 2123 2128 2288 2476 2534 2564 2901 3174 3215 3373 3516 3634 4030 4236 4264 4308 4325 4476 5232 5254 5305 5818
5794 36 297 516 625 738 1378 1567 1594 1774 1810 2004 2087 2678 3692 3700 3872 4037 4113 4289 4346 4391 4404 4720 5249 5408 5517 5762 5859 5979
5795 290 379 610 708 792 879 1107 1526 1808 1931 2225 2606 2627 2650 2781 2855 3071 3144 3486 3621 3662 3906 3948 4041 4139 4359 4956 4996 5032 5114 5347 5449 5718 5975
5796 127 325 628 1735 1814 2716 2812 2899 3666 4183 4329 4880 4887 5380 5400 5629 5767 5907 5965
5797 25 446 499 966 1582 1828 1896 1902 1938 2418 2529 2715 3845 3939 4264 4615 4809 4892 5081 5664 5807 5865 5874 5884
5798 71 92 320 384 574 855 948 1250 1697 1845 2070 2078 2783 2814 2851 3108 3292 3628 3636 3686 3728 3875 4075 4619 4775 4794 5150 5237
5799 264 329 1468 1977 2529 2622 2702 2793 3105 3212 3296 3370 3904 3916 3994 4464 4665 4722 4806 4858 5022 5235 5336 5560 5600 5661 5709 5817
5800 180 506 543 550 697 1000 1052 1118 1908 2101 2295 2305 2323 2329 2444 2467 2613 2989 2999 3372 3542 3892 4013 4107 4307 4498 4515 4564 4632 4797 4958 4999 5658
5801 889 915 988 1048 1112 1229 1386 1515 1669 1803 1943 1966 2021 2182 3021 3206 3314 3999 4279 4419 4736 4929 5131 5168 5546 5693 5731 5935
5802 382 619 828 948 1191 1485 1506 1705 1729 2100 2219 2452 2840 3098 3168 3213 3325 3413 3842 4536 4685 4841 4906 5047 5258 5281 5297 5550 5630 5673
5803 51 917 1561 1667 1906 2230 2255 2451 2842 2873 3035 3179 3493 3612 3877 4927 4967 5136 5170 5366 5759 5911
5804 254 276 439 717 1098 1358 1428 1563 1672 2287 2490 2843 3001 3093 3328 3494 3862 4018 4125 4202 4313 4375 4486 4573 4702 4953 5209 5763 5847 5916 5948
5805 188 242 527 1080 1494 1538 1677 2264 2364 2802 2825 2858 2886 3184 3204 3223 3382 3903 3935 4216 4256 4565 4677 4759 5147 5182 5433 5538 5714 5858
5806 394 702 962 997 1163 1210 1221 1664 2054 2851 2875 2971 3542 3572 3632 3773 4367 4396 4398 4660 4842 4903 5088 5165 5254 5521 5702
5807 53 143 384 432 846 931 1388 1484 1749 1848 2207 2422 2517 2626 2648 2731 2733 2754 3382 3421 3551 3946 4242 4815 5342 5594 5681 5797
5808 361 619 918 992 1018 1045 1539 1553 2083 2240 2547 2624 2776 3011 3132 3164 3218 3450 3784 4043 4149 4202 4223 4332 4540 4576 4874 4927 4949 5002 5226 5282 5299 5361 5922
5809 129 137 173 275 307 414 527 683 761 983 1571 1685 1733 2103 2272 2556 2646 2746 2851 2921 2951 2973 3004 3024 3056 3266 4495 5119 5511 5605
5810 104 459 548 782 857 1131 1260 1420 1458 1546 1689 1723 1804 2002 2152 2162 3191 3381 3452 3900 4699 4739 4894 4938 5643 5742 5769 5917
5811 72 407 408 638 1046 1266 1434 1523 1849 1875 1885 1940 1979 2207 2556 2646 2807 3110 3620 4121 4623 4642 4748 5562 5753 5754 5874 5877 5933
5812 47 97 439 495 518 531 742 938 1153 1679 1980 2008 2106 2119 2519 2683 3108 3110 3121 3225 3693 3773 4193 4264 4575 5145 5387 5523 5639 5649 5957
5813 253 337 529 689 934 1397 1505 1828 1845 1871 1968 2624 2792 2793 2975 3178 3406 3408 3486 3687 3746 3870 4383 4628 4657 4693 4844 4857 5086 5861
5814 47 530 848 849 1662 1675 1806 1883 2050 2500 2875 2942 3063 3445 3542 3799 3938 3952 4402 4454 4648 5158 5859 5923
5815 122 426 888 1319 1666 2029 2236 2443 2771 2814 3080 3189 4029 4437 4487 4606 4648 5234 5294 5823 5878
5816 65 161 235 494 562 771 919 938 1130 1478 1648 1740 2354 2402 2743 2927 2968 2985 3348 3600 3745 3913 4161 4281 4628 4635 4806 4865 5009 5051 5531 5769
5817 84 283 428 430 505 1202 1241 1268 1374 1456 1525 1643 1808 1939 2037 2112 2380 3173 3326 3436 3743 4123 4187 4608 4617 4667 4805 4996 5442 5799 5981
5818 211 297 390 424 539 585 802 1375 1399 1735 2427 2554 2650 3248 3307 3391 3458 3642 3717 3859 4172 4276 4468 4734 5046 5523 5793
5819 62 502 720 1002 1233 1514 1563 1637 1696 1784 1850 1871 2172 2932 3361 3402 3534 3993 4077 4239 4840 5552
5820 5 33 106 273 558 599 1090 1140 1215 1533 1739 1853 1897 2021 2104 2174 2306 2357 2387 2821 2844 3014 3038 3189 3507 4221 4434 4513 4867 5133 5180 5346 5370
5821 20 243 769 903 961 1006 1354 1621 2066 2072 2449 2527 2599 2818 3301 3326 3434 3531 3757 3967 4004 4040 4331 4658 4918 5224 5909 5924 5994
5822 20 156 1272 1390 2093 2113 2216 2220 2230 2401 2431 2758 2851 3082 3156 3168 3195 3305 3536 3961 4401 4428 5005 5040 5291 5582 5834
5823 88 155 284 293 394 473 521 723 1216 1359 1717 1755 1785 2112 2271 2282 2297 2316 2698 2846 3195 3571 3653 3998 4275 4813 4824 4995 5107 5309 5398 5488 5494 5570 5589 5595 5604 5630 5710 5815 5973
5824 43 388 544 632 1201 1437 1525 1912 2059 2196 2325 2358 2599 2760 2793 3203 3536 4050 4108 4743 5171 5546 5889 5999
5825 130 136 150 316 480 688 711 1284 1497 1513 2378 2485 2757 3263 3482 3513 3566 3748 3807 3966 4257 4333 4586 4945 4969 5119 5682 5731 5890 5904
5826 163 209 260 442 521 559 908 982 1076 1344 1524 1534 1937 1961 2507 2523 2576 3151 3268 3900 3908 4213 4482 4661 4878 4969 5248 5273 5493 5955
5827 142 173 191 385 465 485 547 628 920 1193 1733 1774 1790 2159 2201 2539 2610 2988 3110 3377 3446 3682 3739 3945 4049 4359 4654 4716 4749 5104 5275 5424 5611 5679 5692 5747
5828 284 329 357 412 419 464 488 536 895 1020 1037 1074 1172 1266 1324 1382 1519 1781 1849 2634 2709 2929 3125 3512 3591 3713 4121 4221 4312 4578 4595 4733 4758 5046 5094 5121 5278 5594 5608 5627 5714
5829 92 230 682 920 967 1532 1703 1899 2127 2194 2274 2306 3032 3161 3323 3915 4268 4445 4474 4585 5088 5171 5509
5830 118 189 478 657 661 1144 1274 1285 1317 1772 1892 1990 2121 3118 3209 3591 3692 4003 4048 4084 4274 4333 4550 4557 4879 5016 5033 5072 5153 5649
5831 247 325 336 426 625 660 1085 1564 1721 1832 2025 2027 2433 3589 3828 3922 4047 4237 4256 4432 4720 5369 5549
5832 24 245 333 464 716 773 1166 1354 1724 1998 2101 2106 2128 2353 2576 2656 2772 2805 2996 3428 3867 3893 4254 4779 5021 5038 5047 5181 5185 5631
5833 368 514 594 747 1436 1566 1749 1792 2217 2802 2835 2887 2896 3086 3602 4034 4336 4957 5359 5517 5534 5612 5658
5834 149 167 357 512 549 571 674 709 1173 1537 1809 2066 2211 2408 2450 2476 2523 2597 2901 2925 3056 3543 3804 3808 4086 4142 4336 4342 4553 5031 5409 5582 5605 5642 5689 5822
5835 351 447 569 580 596 608 705 712 1242 1338 1531 2790 2932 2970 3116 3264 3307 3322 3352 3475 3848 4196 4236 4316 4363 4450 4456 4503 4715 4765 4770 4997 5345 5499 5742 5998
5836 319 766 1025 1188 1206 1766 1833 2106 2151 2308 2638 2777 2917 3024 3099 3254 3382 3477 3706 3877 4212 4569 4807 4927 5003 5039 5133 5144 5850
5837 117 497 657 810 932 1011 1769 1949 2606 2719 2844 3144 3157 3538 3623 3625 3648 3934 4155 4250 4443 4788 4922 5294 5335 5365 5724 5871 5960
5838 58 146 909 994 1153 1279 1327 1403 1488 2644 2928 3684 3921 4068 4477 4653 4899 5087 5454 5632 5645 5713 5761 5956 5965
5839 23 83 452 895 1434 1465 1485 1486 1613 1667 1842 2079 2209 2221 2303 2427 2494 2634 2729 2836 3226 3752 4319 4647 5096 5339 5393 5452
5840 545 1155 1181 1264 1674 1808 2159 2179 2319 2922 3063 3095 3249 3365 3390 3656 3695 3818 3894 4036 4142 4845 5109 5386 5412 5916 5920 5968
5841 13 292 523 608 1244 1265 1347 1794 2098 2214 2322 2349 2765 2952 3418 4033 4100 4476 4591 4716 5067 5725
5842 285 384 514 1027 1043 1111 1141 1272 1824 1921 1954 2009 2270 2539 2563 2809 3083 3261 3265 3303 3520 3548 3611 3921 4154 4585 4658 4681 4869 4955 5249 5476 5741 5878 5937
5843 358 430 570 668 725 755 792 813 828 1456 1464 1528 1532 1615 1705 1727 2011 2272 2367 2614 2747 2777 3297 3829 3875 4029 4490 4602 4766 4777 4845 4891 4923 4952 5388 5526 5778 5993
5844 68 193 401 879 880 951 1102 1863 2042 2070 2173 2276 2412 2548 2583 2597 2686 2764 2952 3527 3637 3869 3871 3944 4021 4116 4317 4610 5395 5401 5757
5845 101 181 366 566 1050 1081 1086 1197 1313 1436 1709 1731 1892 1997 2251 2364 2468 2586 2859 3021 3349 3486 3671 4190 4233 4527 4693 4769 4794 4802 5076 5182 5312 5775
5846 328 652 741 1352 1392 1570 1706 1921 1959 1976 2094 2392 2462 2518 2696 2997 3008 3282 3369 3891 3924 4385 4412 4528 4829 4891 5053 5347 5478 5570 5904 5957
5847 154 194 301 338 1038 1207 1989 2121 2137 2335 2383 2510 2578 3018 3117 3619 3629 3708 3742 3784 3965 3981 4201 4589 4924 5191 5308 5472 5663 5680 5804
5848 5 53 369 529 569 845 972 1141 1269 1284 1419 1493 1523 1529 1585 1721 1763 1866 1890 1929 2023 2049 2417 2513 2516 2630 2680 2809 3043 3180 3250 3933 3934 3976 4198 4214 4337 4345 4375 4527 4774 4798 4830 5041 5074 5963 5977
5849 189 809 1144 1433 1452 1613 2053 2062 2201 2671 3023 3143 3582 3903 3941 4017 4142 4183 4192 4285 4293 4623 4763 4989 5007 5014 5090 5098 5126 5160 5184 5410 5715 5751 5880 5973
5850 283 448 449 1211 1280 1397 1513 1814 1870 2252 2461 3440 3459 3465 3861 3862 3938 4045 4467 4802 4974 4995 5122 5568 5679 5771 5836
5851 26 80 224 441 871 1053 1303 1305 1313 1388 1883 1947 1997 2446 2761 2848 3076 3152 3197 3303 3488 3684 3919 4121 4260 4556 4933 5504 5892 5906
5852 25 277 289 369 476 1104 1695 1861 1887 1930 1945 2000 2042 2139 2219 2526 2531 2998 3754 3788 4135 4396 4949 4955 5051 5386 5702 5741 5751 5985
5853 288 509 656 862 894 983 995 1037 1172 1955 2044 2108 2149 2163 2195 2201 2262 2348 3218 3276 3521 3645 3751 3917 3926 3944 4017 4242 4624 4716 4788 5132 5160 5450 5487
5854 7 24 125 285 413 495 867 1008 1256 1309 1607 1835 1839 2011 2140 2533 2584 2746 2784 2792 2837 2987 3364 3463 3692 3703 3826 4082 4499 4600 5169 5325 5668
5855 27 146 665 754 868 1039 1072 1240 1604 1605 1801 1909 1984 2316 2397 2402 2456 2460 2498 2544 2651 2783 2855 2870 2943 3174 4173 4242 4777 4827 5202 5904 5925
5856 295 866 872 882 946 1269 1293 1565 1930 2182 2455 3050 3154 3210 3215 3632 3649 3915 3930 4221 4385 4420 4797 5452 5591 5607
5857 91 234 287 437 605 830 892 1006 1062 1093 1197 1509 1765 2332 2596 2650 2651 2682 2732 2890 3056 3088 3193 3782 3844 3909 4310 4575 4774 4982 4996 5221 5373 5381 5514 5617 5785 5889
5858 31 101 166 188 567 615 789 1052 1138 1764 1808 2097 2361 2612 3126 3311 3576 3726 3739 3852 3938 3963 4284 4772 4858 5160 5173 5308 5601 5805 5883
5859 155 387 796 898 1212 1579 2038 2262 2398 2510 2547 2669 2804 2926 2966 3004 3160 3232 3288 3370 3509 3734 3752 4109 4149 4418 4711 4834 4975 5128 5200 5336 5477 5507 5794 5814 5908 5984
5860 161 174 422 521 522 579 659 793 805 878 1022 1107 1126 1149 1437 1514 1568 1689 2006 2079 2257 2459 2510 3513 3622 3674 4095 4120 4644 4730 4993 5223 5314 5516 5517 5646
5861 409 1007 1179 1713 2245 2786 3219 3330 3484 4038 4099 4446 4597 4693 4786 5227 5474 5694 5813
5862 154 462 559 574 778 1232 1428 1777 2052 2141 2564 2687 3254 3760 3840 4147 4210 4376 4661 4889 4941 4952 5001 5094 5226 5549 5700 5766 5773
5863 14 151 375 734 771 801 930 1020 1453 1830 1848 1910 2007 2383 2565 3035 3229 3231 3398 3789 3954 4332 4605 4853 4919 4930 5025 5122 5505 5935
5864 213 485 632 685 730 1118 1219 1616 1885 1957 2037 2236 2367 2407 2707 3199 3360 3569 3700 3733 4336 4519 4595 4763 5373 5475 5524 5531 5589 5670 5730
5865 211 493 510 559 757 836 1165 1218 1284 1290 1308 1725 1805 1832 2733 2761 3095 3257 3941 4071 4155 4400 4601 4737 5299 5524 5722 5797 5941 5997
5866 39 355 415 781 853 1064 1145 1463 1794 1927 2402 2485 2608 2929 2942 3090 3139 3282 3617 3775 3848 4627 4738 4986 5041 5046 5240 5315 5580 5593
5867 446 1194 1258 1696 1782 1918 1940 2212 2416 2652 2706 2919 2967 3129 3202 3242 3415 3479 3518 3829 4054 4511 4871 4907 5122 5378 5402 5634 5761 5780
5868 159 173 204 220 597 668 804 1052 1972 2377 2448 2599 2629 3614 3796 4140 4192 4234 4324 4441 4499 4636 4701 4785 4838 4948 5056 5245 5294 5372 5535 5736
5869 69 321 329 359 365 377 417 727 778 1082 1286 1355 1729 1774 1863 1888 1918 2100 2178 2213 2223 2347 2841 3026 3331 3621 3789 4156 4233 4352 4630 4741 4770 4825 5091 5260 5521 5686
5870 215 563 735 931 1210 1576 2007 2162 2194 2219 2392 2422 2882 2940 3006 3517 3651 3667 3785 3908 4173 4376 4576 4641 4931 4939 5090 5318
5871 22 910 999 1355 1891 2122 2254 2492 2884 2887 2961 3102 3103 3123 3152 3402 3497 3827 4519 4809 4815 5076 5230 5637 5719 5837
5872 121 292 365 399 687 965 1008 1475 1487 1813 1967 2170 2180 2500 2513 2599 2867 3116 3137 3160 3249 3289 3373 3640 4022 4697 4699 4964 4976 5004 5089 5196 5583 5600 5732 5745
5873 327 437 760 787 794 826 843 871 1619 2340 2423 2504 2520 2647 2773 2867 3211 3340 3741 3948 4525 4634 4898 5025 5245 5391 5503 5658
5874 328 342 366 520 554 1029 1105 1604 1617 2538 2811 2878 3208 3391 3648 3673 3782 4060 4164 4385 4769 4825 5038 5079 5400 5797 5811 5906
5875 73 202 421 810 1299 1386 1597 1752 1761 1976 2408 2639 2661 2693 3082 3236 3507 3559 3842 3888 3982 4229 4233 4625 4650 4814 4855 4905 5218 5556 5748 5752
5876 32 264 421 649 658 695 741 781 1099 1266 1350 1444 1575 2553 2824 3324 3360 3378 3427 4462 4501 4571 5369 5411 5475 5600
5877 53 111 123 388 443 609 759 1150 1312 1340 1681 2013 2065 2083 2116 2747 2790 3301 3467 3588 3977 4223 4471 4727 4798 5533 5723 5811 5895 5979
5878 13 491 601 673 1058 1368 2373 2783 3465 3547 3697 3798 4213 4304 4339 4349 4466 4595 4858 4933 5302 5396 5815 5842
5879 507 557 732 914 1083 1179 1192 1386 1463 1477 1513 1755 2119 2397 2640 3441 3502 3741 3981 3990 4286 4560 4637 4713 5211 5241 5246 5318 5379 5606 5922
5880 181 192 438 493 639 812 864 886 1223 1339 1506 1687 1750 2295 2465 2512 3116 3346 3673 3828 3832 4083 4274 4399 4415 4797 5265 5447 5699 5746 5849 5950
5881 248 395 417 508 1129 1160 1304 1756 1910 2007 2439 2693 2821 2876 2878 3100 3213 3694 3766 3894 4144 4524 4636 4726 4774 4965 5182 5456 5552 5675
5882 382 440 579 660 793 939 1263 1616 2017 2184 2192 2201 2261 2306 2407 2535 3026 3048 3266 3447 3853 4200 4208 4259 4488 4720 4803 5246 5355 5559 5604 5663 5914
5883 712 1189 1315 1662 2309 2368 2605 3133 3652 3903 4277 4432 4510 4609 4820 4857 5295 5468 5858
5884 221 294 327 362 582 979 1347 1836 2240 2249 2402 2436 2512 2591 2995 3054 3206 3446 3684 3740 3798 4199 4504 4532 4536 4739 4807 4822 4953 4965 5001 5586 5797 5900
5885 33 78 260 1391 1913 2168 2369 2391 2533 2548 2662 3036 3270 3298 3372 4081 4257 4775 4900 4925 4963 4998 5206 5255 5291
5886 49 471 597 775 832 1260 1291 1438 1562 1728 2357 2469 2569 2615 3400 3464 3646 3859 3901 4055 4090 4405 4874 5054 5104 5258 5463 5501 5972
5887 304 416 579 1375 1608 1630 1743 1756 1959 2012 2489 2499 2631 3219 3221 3297 3381 3466 3601 4423 4880 5047 5191 5238 5285 5940 5949
5888 4 18 535 1540 1613 1656 1995 2044 2082 2121 2290 2569 2604 2737 3026 3041 3061 3118 3321 3843 3853 3920 4141 4147 4338 4549 4670 5029 5200 5207 5289 5335 5379 5380 5774 5965
5889 239 322 1046 1103 1173 1260 1275 1592 1790 2182 2223 2232 2498 2567 2860 2909 3139 3291 3747 3748 3812 3847 4122 4258 4364 4375 4392 4463 4486 4978 5152 5601 5727 5824 5857
5890 387 488 1110 1446 2057 2192 2558 2606 2769 2925 3023 3033 3425 3873 3933 4102 4167 4577 4645 4692 4742 4968 5093 5107 5194 5275 5330 5692 5825
5891 221 581 1180 1199 1379 1471 1555 1822 2089 2280 2407 2432 2463 2692 2836 3211 3533 3851 3900 3994 4960 5151 5305 5949 5999
5892 28 416 622 665 707 734 827 1188 1231 1908 2151 2245 2414 2444 3215 3333 3423 3581 3699 3906 4097 4113 4647 4680 5182 5200 5381 5691 5851 5930
5893 191 328 409 746 905 1092 1307 1422 1565 1644 1825 1963 1966 2033 2035 2128 2150 2170 2828 2923 3088 3224 3286 3495 3575 3616 3715 4344 4443 4525 4646 4762 4873 5749 5752 5995
5894 246 561 819 860 1598 1678 1696 1866 2257 2350 2497 2646 2965 3101 3281 3485 3803 4073 4326 4504 4702 4796 5017 5138 5144 5146 5211 5654 5781
5895 129 137 338 578 714 789 792 1382 1535 1782 1848 1862 2526 2793 2907 2931 2952 2980 2996 3120 3201 3330 3470 3572 3622 3890 4164 4224 4334 4617 5484 5547 5570 5588 5607 5877
5896 39 713 968 1208 1314 1335 1497 1981 2302 2584 2916 3264 3428 3781 3958 4256 4260 4446 4725 4982 5090 5281 5327
5897 2 21 339 419 746 821 1349 2032 2157 2163 2293 2335 2510 2602 2752 2840 2886 2996 3002 3101 3546 4338 4508 4687 4849 5175 5183 5225 5411 5675 5950
5898 155 357 547 645 787 950 974 1344 1432 1517 1520 1733 1913 2669 2867 3290 3378 3405 3447 3646 3932 3996 4208 4475 4559 4663 4793 5092 5201 5266 5529 5963 5996
5899 251 498 800 937 1130 1229 1257 1354 1586 1948 2092 2319 2625 2947 3147 3478 3496 3561 3631 3721 4329 4342 4462 4529 4658 4783 4886 4936 5153 5184 5655
5900 21 62 139 145 265 711 727 798 1469 1648 1805 1925 2035 2317 2595 3192 3287 3668 3995 4021 4166 4365 4392 4437 4493 4788 5070 5160 5214 5231 5247 5372 5387 5721 5884
5901 1 224 302 342 497 690 692 697 1293 1326 1337 1341 1548 1774 1898 2177 2427 2481 2892 3061 3255 3320 3447 3568 3757 3840 3875 3876 3974 4124 4316 4464 4573 5009 5059 5154 5386 5565 5649 5712 5998
5902 2 35 166 225 546 755 823 1546 1796 1841 2160 2254 2514 2546 2979 3617 4053 4373 4508 4578 4687 4982 5117 5234 5581
5903 0 4 138 408 422 531 569 865 1065 1465 1719 1859 1877 2689 2757 3028 3416 3584 3602 3700 3995 4051 4094 4268 5304 5365 5391 5588
5904 62 99 151 627 828 1498 1572 1764 2168 2266 2439 2785 2939 3043 3460 3615 3705 4023 4048 4077 4439 4477 4572 4688 4759 4938 5007 5099 5110 5137 5336 5825 5846 5855 5982
5905 428 517 554 837 960 961 1124 1336 1475 1612 1690 1735 2362 2962 3005 3317 3521 3889 3969 4139 4159 4521 4727 4884 5329
5906 43 190 449 602 671 936 939 1074 1697 1812 1931 2137 2241 2822 3138 3464 3906 4847 4914 5102 5111 5455 5603 5851 5874 5938
5907 66 125 410 463 1178 1602 1728 1832 1851 1940 2070 2142 2845 3082 3459 3804 3830 4291 4339 4660 4690 4705 4872 5375 5496 5528 5640 5642 5662 5771 5796 5943
5908 57 358 777 1147 1363 1490 1536 1609 2371 3369 3411 3911 4068 4553 4922 5007 5307 5385 5502 5774 5859
5909 28 54 283 470 492 522 974 1094 1296 1839 2307 2313 2322 2336 2398 2565 2957 3345 3750 3907 4147 4329 4402 4528 4957 5345 5375 5517 5657 5821 5981
5910 465 575 1256 1291 1628 1727 2034 2100 2623 2691 2920 2929 3215 3241 3629 3729 4009 4676 4717 5211 5382 5554 5772
5911 79 204 226 396 616 701 1058 1113 1140 1576 1625 1802 2132 2337 2521 2603 2616 2674 2825 2861 2951 3013 3033 3717 3804 4092 4393 4616 4734 4871 5024 5196 5251 5336 5435 5738 5803
5912 42 59 242 448 801 1008 1752 1826 1886 2139 2458 3055 3270 3368 3484 3596 3824 4025 4264 4271 4363 4455 4549 4572 5002 5018 5023 5035 5181 5518 5972
5913 40 250 422 467 576 782 956 996 1034 1077 2056 2177 2341 2380 2685 3020 3443 3645 3688 3985 4254 4276 4619 4892 5129 5923
5914 381 390 445 561 590 776 808 1057 1545 1746 1927 2054 2277 2319 2351 2370 2469 2507 2595 2631 3336 3520 3837 4261 4390 4846 5055 5343 5376 5652 5718 5882
5915 215 364 430 508 588 833 838 932 1021 1124 1127 1225 1303 1761 1861 2700 2798 2880 2922 2923 3030 3242 3324 3519 3788 3795 3851 4200 4265 4272 4318 4387 4591 4769 5505 5548 5670
5916 10 461 501 952 1299 1389 1994 2039 2621 3061 3573 3675 3914 4072 4293 4665 4829 5113 5171 5222 5271 5619 5666 5804 5840
5917 190 689 993 1126 1777 1815 2114 2527 2563 2713 2873 3144 3223 3291 3405 3539 3649 3775 3913 3955 4012 4158 4463 4823 4966 5047 5071 5237 5409 5730 5810
5918 596 628 1140 1230 1370 1375 1376 1520 1600 1949 2221 2635 3015 3044 3107 3123 3329 3514 3697 3813 4026 4729 4984 5112 5259 5519 5636
5919 806 1303 1463 1561 1703 1795 1874 1975 2260 2471 2492 3476 3561 3639 3798 3908 4070 4275 4611 4652 4699 4809 5480 5537 5589 5635 5717
5920 56 172 265 360 679 712 965 1135 1548 1573 1639 1738 1870 1910 2032 2033 2107 2181 2230 2288 2351 2352 2537 2782 2871 3072 3802 3980 4391 4622 5256 5352 5539 5840
5921 30 340 363 388 625 754 948 1265 1604 1631 1752 1848 2292 2346 4118 4180 4401 4422 4488 4683 4940 5008 5104 5206 5264 5708 5716
5922 103 201 270 301 520 584 660 902 1509 1694 1862 1889 2362 2381 2962 3039 3125 3398 3586 3818 4129 4160 4380 4986 4996 5016 5138 5640 5671 5808 5879 5965 5993
5923 493 568 616 730 899 1046 1873 2139 2205 2547 3134 3203 3320 3404 3423 3789 3800 3858 3894 3904 3905 3935 4151 4516 4891 4957 5033 5063 5209 5465 5469 5591 5758 5814 5913
5924 296 341 419 562 566 678 933 991 1250 1476 1815 2391 2504 2508 2542 3395 3762 3765 4178 4313 5059 5119 5188 5189 5245 5821
5925 32 198 747 782 983 1239 1328 1637 1705 1853 1937 2171 2214 2901 2970 3442 3524 3749 3822 3895 3919 4059 4386 4497 4855 5137 5367 5485 5586 5611 5855
5926 151 227 722 973 1324 1437 1634 1732 1798 1949 1963 1990 2072 2073 2183 2608 2944 3148 3256 3628 3983 4158 4177 4331 4401 4652 4713 4768 5001 5060
5927 208 247 1132 1377 1482 1622 1894 2393 2714 2896 2919 2973 3084 3169 3355 3550 3632 3651 3764 3857 4088 4176 4314 4615 4650 4878 5251 5391 5466 5587
5928 67 1058 1085 1287 1406 1472 1591 1662 1694 1740 1878 2148 2162 2282 2985 3014 3064 3140 3233 3266 3281 3363 3672 3675 3727 3873 3925 4002 4502 4585 4617 4853 5040 5072 5100 5595
5929 66 94 196 310 360 789 963 1374 1634 1667 1933 2138 2657 2686 2979 2990 3080 3090 3249 3450 3664 3697 3887 3901 4096 4392 4452 4478 5545 5690 5773
5930 130 262 313 790 1165 1191 1363 1415 1769 1790 2077 2165 2572 2651 2676 2803 2805 2862 2931 3212 3259 3621 3747 4269 4766 4828 5324 5584 5641 5668 5892
5931 514 577 979 1081 1230 1269 1405 1592 1668 2502 2556 2581 2674 2842 2845 2920 3054 3215 3465 3542 3564 4262 4298 4473 4615 4807 4946 5230 5251 5355 5783
5932 278 760 1598 1736 1782 1816 1961 2031 2074 2332 2909 2933 3067 3170 3299 4209 4245 4328 4357 4391 4673 4756 5217 5259 5378 5688 5749
5933 218 593 886 913 1364 1772 1984 2007 2045 2120 2148 2241 2304 2393 2824 2839 2911 3009 3094 3571 3590 3642 3930 4094 4582 4886 5645 5811
5934 4 206 219 290 520 659 731 778 1233 1461 2007 2078 2425 2461 2635 3042 3266 3502 3524 3796 4237 4545 4596 4680 4776 4906 4980 5068 5411 5504 5989
5935 18 64 66 157 201 202 525 630 692 716 941 1103 1387 1631 1722 1814 1988 2097 2163 2401 2543 2656 2751 2923 3281 3582 3749 3976 4178 4249 4570 4617 4631 4920 5044 5352 5405 5714 5773 5775 5801 5863 5938
5936 329 461 764 848 921 1036 1582 1736 2070 2075 2185 2362 2450 2539 2542 2580 2711 2873 3424 3999 4099 4111 4278 4294 4364 4650 4677 5011 5276 5472 5632 5781
5937 242 722 932 1097 1132 1138 1144 1621 1773 2028 2280 2486 2634 3102 3117 3676 3728 3932 4142 4210 4471 4700 5167 5511 5842
5938 51 141 400 505 543 562 1002 1231 1656 1733 1929 1975 2000 2252 2409 2843 2986 3419 3915 4244 4400 4547 4558 4568 4763 5021 5323 5906 5935
5939 274 323 602 755 1091 1234 1271 1446 1532 1544 1580 1701 1807 1920 2082 2165 2344 2827 2961 3187 3264 3712 3750 3812 3817 3855 4540 4997 5435 5777
5940 63 386 575 1438 1504 1529 1627 1733 1756 2089 2278 2574 2683 2803 2931 3034 3382 3629 3653 3678 3737 4065 4141 4513 4774 4908 4960 5027 5030 5423 5539 5661 5887
5941 146 327 991 1162 1303 1344 1463 1477 1663 2089 2437 3047 3063 3170 3219 3229 3317 3842 4414 4568 4773 4915 4919 5132 5217 5388 5513 5593 5668 5741 5865 5980
5942 150 258 269 551 876 1055 1122 1141 1535 1562 1635 1703 1722 1778 1789 2116 2246 3254 3448 3541 3564 4172 4198 4230 4237 4474 5291 5386
5943 558 999 1011 1034 1235 1253 1255 2079 2136 2260 2448 2559 3236 3240 3470 3734 3927 3966 4133 4207 4339 4453 4680 4690 5347 5361 5363 5408 5907
5944 27 60 733 1051 1080 1361 1954 2195 2504 2764 2794 2979 3040 3143 3308 3410 3433 3669 4439 4451 4508 4513 4967 5112 5147 5221 5247 5293
5945 30 91 105 153 255 388 407 673 1029 1193 1670 1716 1741 1796 1919 1928 2142 2337 2361 2809 3150 3391 3551 3783 3808 3827 3903 4409 4491 4735 5017 5136 5656
5946 68 182 285 457 519 550 845 1212 1295 1571 1577 1951 2347 2552 2757 2833 2877 3176 3450 4026 4050 4121 4284 4313 4354 4506 4621 4639 4849 4987 5278 5315 5521 5559 5787
5947 219 285 727 788 877 1078 1420 1663 1750 2214 2355 2724 2806 3358 3419 3481 3651 3760 3826 4279 4387 4491 4534 4619 4816 5137 5699 5716
5948 32 788 1088 1253 1335 1587 1809 1814 2061 2166 2220 2981 3157 3893 3924 4043 4178 4306 4404 4789 4845 4871 4949 5029 5072 5238 5260 5295 5477 5526 5698 5804
5949 135 414 585 646 955 965 1106 1672 1773 1795 1909 2033 2277 2363 2382 2459 2793 2877 2982 3060 3390 3448 3837 3985 4075 4141 4233 4252 5043 5314 5383 5444 5628 5687 5887 5891 5957
5950 550 699 1635 1991 2073 2249 2318 2356 2366 2693 3002 3187 3546 3612 3863 4034 4150 4164 4640 4845 5089 5425 5880 5897 5959
5951 620 726 798 836 889 936 1312 1428 1557 1581 1791 1792 1819 1839 1864 2093 2218 2256 3075 3234 3291 3348 3400 3551 3962 4123 4341 4386 4415 4981 4990 5039 5459 5490
5952 31 54 541 547 591 1207 1395 1666 1761 1838 2071 2164 2207 3449 3457 3466 3751 4180 4209 4319 4470 4823 5552 5579 5607
5953 2 801 834 967 1009 1317 1423 1642 1746 1943 2012 2049 2309 2695 2830 2988 2996 3341 3520 3575 3623 3792 3814 3829 3926 4427 4686 5363 5565
5954 16 137 427 472 838 1095 1836 1866 1948 2116 2298 2347 2848 2882 2944 3042 3045 3063 3087 3256 3340 3403 3895 4897 4909 4995 5127 5403 5481 5678
5955 62 132 250 280 632 664 869 948 1123 1162 1467 1537 1646 1810 2111 2226 2468 2503 2535 2629 2715 2816 3293 3341 3503 3689 3726 3820 4205 4294 5009 5018 5060 5213 5402 5687 5767 5826
5956 207 656 876 1282 1917 2116 2180 2270 2311 2332 2346 2369 2445 2494 3155 3330 3423 3637 3921 3990 4004 4055 4479 4679 4897 5034 5082 5253 5549 5571 5637 5722 5734 5838
5957 605 612 793 1145 1359 1437 1545 1549 1603 1677 1686 1937 2680 2710 2949 3007 3261 3329 3332 3361 3379 3527 3537 4067 4531 4889 5003 5016 5048 5061 5158 5176 5639 5812 5846 5949
5958 16 147 153 267 301 800 1104 1109 1189 1400 1430 1602 1631 1661 1694 2112 2188 2290 2329 2743 2778 2790 2878 2898 3012 3368 3421 3479 3999 4355 4389 4448 4619 4940 5058 5220 5279 5434 5589
5959 325 332 351 688 709 882 1009 1794 1837 1982 2051 2222 2819 3078 3127 3175 3471 3778 3856 4211 4979 5116 5682 5779 5950
5960 65 434 480 497 660 961 968 1199 1245 1302 1345 1425 1699 1967 2248 2249 2265 2682 2692 2748 2824 2996 3595 3735 3845 3884 4296 4917 5075 5248 5371 5484 5523 5624 5837
5961 137 263 272 957 1298 1339 1501 1647 1711 1959 2380 2856 3107 3193 3242 3451 3472 3586 3786 3809 4388 4509 4518 4639 4816 4971 5077 5312 5361 5621
5962 106 195 589 1520 1531 1566 1815 1820 2122 2223 2583 2608 2651 3020 3037 3105 3205 3862 3876 3924 3977 4108 4793 5325 5574 5681 5706 5707
5963 178 327 463 486 540 743 919 1048 1549 1631 2066 2553 2723 2738 2938 2940 3307 3478 3608 3992 4070 4259 4278 4305 4344 5848 5898
5964 23 323 458 565 609 924 1055 1191 1642 1880 2159 2258 2377 2576 2615 2618 2849 3114 3321 3587 3730 3800 3892 4806 5054 5163 5301 5411 5452 5598 5654 5681
5965 18 56 353 814 838 989 1508 2216 2245 2253 2544 2748 3012 3238 3265 3394 3742 3910 4675 4748 4809 4858 4889 4944 5113 5197 5565 5796 5838 5888 5922
5966 257 384 498 620 738 739 805 933 1149 1200 1312 1483 1729 2557 2617 2686 2751 3153 3327 3484 3593 3707 4200 5156 5301 5679
5967 150 346 730 949 1225 1371 1601 1886 2150 2472 2761 2801 2939 3092 3218 3517 4047 4079 4224 4258 4352 4391 4462 4778 4901 5281 5292 5431 5501 5696
5968 97 626 784 993 1098 1328 1455 1759 1830 1840 1960 2244 2761 3034 3441 3459 3836 3980 3995 4134 4292 4859 4892 4997 5053 5840 5989
5969 2 333 364 663 1067 1383 1506 1639 1843 1951 2212 2376 2586 2627 2747 2925 3411 4388 4454 4459 4504 4864 4994 5089 5287 5492
5970 53 122 373 381 388 1228 1383 1451 1493 1604 1678 1765 1798 2068 2245 2740 2795 3253 3481 3769 3846 4087 4112 4202 4257 4284 4685 4729 4838 5081 5425 5433 5667
5971 445 459 468 636 713 1503 1730 2124 2300 2328 2480 2558 2945 3012 3369 3632 3971 4016 4724 5462 5567
5972 432 617 659 674 798 1380 1624 1729 2060 2152 2732 2962 3108 3221 3386 3440 3579 3794 3998 4281 4312 4330 4368 4584 4766 4793 4999 5232 5338 5409 5521 5886 5912
5973 225 408 456 597 929 1107 1139 1224 1232 1241 1360 1569 1611 1785 1806 1834 2297 3165 3363 3455 3720 3989 4219 4245 4442 4850 4935 4955 5080 5104 5333 5754 5823 5849
5974 87 266 1267 1335 1845 1866 2037 2217 2398 2552 2600 2926 3380 3496 3717 3940 4147 4158 4615 4834 5264 5391
5975 88 303 665 691 881 915 1199 1222 1240 1358 1676 1940 1951 2228 2247 2262 2265 2341 2749 2910 2990 3034 3195 3300 3387 3499 3574 3654 3891 3930 4034 4313 4356 5372 5408 5689 5770 5795
5976 2 56 510 649 936 1865 1941 2078 2081 2149 2248 2361 2699 2743 2812 3375 3587 3679 3892 3937 3965 4604 4954 5165 5434 5464 5479 5710 5738 5750 5761
5977 60 117 176 301 342 450 704 1175 1302 1404 1578 1894 1984 2026 2122 2713 2727 2964 3129 4086 4205 4649 4794 4838 5124 5151 5299 5848
5978 332 699 956 1030 1176 1270 1524 1954 2003 2212 2537 3108 3176 3321 3511 3555 3671 3803 3924 4000 4013 4027 4161 4232 4552 4885 5546
5979 73 156 177 236 346 531 620 667 848 1044 1093 1194 1219 1426 1528 1714 1773 1925 2044 2151 2254 2335 2607 2705 3063 3523 3547 3620 3860 4124 4138 4688 4793 4959 5462 5528 5664 5726 5794 5877
5980 17 152 219 526 557 773 884 1085 1099 1178 1236 1532 1536 1795 1876 1955 2027 2134 2446 2713 2755 2851 2883 2885 3200 3218 3359 3390 3782 4261 4308 4368 4480 4508 4521 4808 4862 4903 5347 5360 5566 5941
5981 49 203 226 306 355 478 504 742 1134 1163 1461 1686 1906 2193 2301 2406 2426 2438 2522 3081 3249 3549 3872 3884 4032 5512 5730 5817 5909
5982 33 159 332 341 890 1064 1102 1108 2055 2308 2389 2473 2546 2772 2841 2935 3048 3354 3573 3723 3900 3924 3927 4046 4109 4302 4624 4704 5077 5300 5729 5763 5904
5983 200 324 1154 1179 1206 1207 1309 1324 1361 1904 2097 2387 2409 2650 2895 2897 3209 3282 3843 4132 4244 4327 4501 4607 4839 5047 5180 5287 5420 5571
5984 517 560 572 870 1133 1141 1234 1238 1309 1494 1512 1751 1848 2531 2558 3008 3274 3443 3521 3548 3946 4329 4743 4769 5076 5268 5312 5389 5616 5732 5859
5985 24 700 718 791 871 946 1347 1455 1604 1906 1965 2179 2211 2399 2453 2581 2599 3107 3475 3781 4174 4354 4380 4710 4761 5107 5276 5327 5852
5986 31 110 514 523 878 1220 1251 1573 2442 2475 2561 2563 2660 2684 2704 2890 3067 3661 3755 4189 4295 4782 4838 5137 5488
5987 320 438 679 1057 1314 1617 1660 1798 1853 2057 2248 2580 3048 3437 4023 4220 4293 4609 5107 5354 5389 5595 5703
5988 487 490 625 865 1322 1772 1893 1943 2368 2420 2639 2668 2861 3931 4117 4469 4472 4868 4999 5439 5527 5578
5989 206 577 702 787 959 1307 1371 1376 1525 1563 1587 1651 1852 1948 2136 2189 2303 2306 2660 2769 2800 2802 2902 3145 3161 4232 4420 4770 4950 5538 5583 5658 5679 5934 5968
5990 252 482 1038 1043 1290 1479 1926 2019 2549 2613 2748 2994 3053 3608 3857 3901 3917 3959 4036 4069 4102 4147 4208 4230 4741 4902 4964 5491 5630 5689 5695
5991 206 376 398 401 431 769 869 1063 1143 1233 1275 1372 1529 1609 1836 1840 2452 2878 2984 3824 4363 4564 4595 4830 4996 5053 5077 5766
5992 23 566 858 1161 1213 1265 1342 1360 1416 1452 1753 1967 2031 2616 2751 2994 3201 3444 3453 3949 4554 5292
5993 356 360 1333 1456 1648 1779 1816 1878 1979 2338 2365 2498 2581 3274 3645 3708 4425 5287 5575 5580 5628 5843 5922
5994 712 816 879 944 1059 1211 1568 1582 1602 1649 1920 2008 2289 2601 3349 3422 3647 3756 4052 4520 4706 4744 4804 5142 5200 5821 5998
5995 100 233 404 453 488 1085 1586 1633 1664 1952 2155 2156 2222 2254 2437 2620 2855 3055 3129 3681 4149 4332 4851 4979 5203 5293 5365 5578 5893
5996 83 94 135 272 304 660 1457 1674 1834 1959 2026 2027 2062 2328 2750 3025 3027 3233 3327 3429 3505 3567 3573 4106 4164 4263 4323 4608 4618 4651 4905 5098 5126 5711 5898
5997 124 268 657 848 925 1116 1146 1249 1378 1793 1797 2517 2761 2916 3062 3463 3594 3676 4021 4144 4327 4352 4597 4934 5063 5182 5196 5790 5865
5998 263 922 1071 1179 1546 1623 1963 2157 2610 2947 3047 3702 3750 4105 4125 4668 4841 4880 5157 5239 5274 5648 5728 5779 5835 5901 5994
5999 297 304 320 415 555 631 1066 1371 1411 2024 2253 2278 2573 3017 3138 3164 3576 3819 3994 4297 4316 4771 5352 5419 5655 5774 5824 5891
