6474 12572
0 1 2 3 4 5 6 7 8 9 10 11 12 13 14 15 16 17 18 19 20 21 22 23 24 25 26 27 28 29 30 31 32 33 34 35 36 37 38 39 40 41 42 43 44 45 46 47 48 49 50 51 52 53 54 55 56 57 58 59 60 61 62 63 64 65 66 67 68 69 70 71 72 73 74 75 76 77 78 79 80 81 82 83 84 85 86 87 88 89 90 91 92 93 94 95 96 97 98 99 100 101 102 103 104 105 106 107 108 109 110 111 112 113 114 115 116 117 118 119 120 121 122 123 124 125 126 127 128 129 130 131 132 133 134 135 136 137 138 139 140 141 142 143 144 145 146 147 148 149 150 151 152 153 154 155 156 157 158 159 160 161 162 163 164 165 166 167 168 169 170 171 172 173 174 175 176 177 178 179 180 181 182 183 184 185 186 187 188 189 190 191 192 193 194 195 196 197 198 199 200 201 202 203 204 205 206 207 208 209 210 211 212 213 214 215 216 217 218 219 220 221 222 223 224 225 226 227 228 229 230 231 232 233 234 235 236 237 238 239 240 241 242 243 244 245 246 247 248 249 250 251 252 253 254 255 256 257 258 259 260 261 262 263 264 265 266 267 268 269 270 271 272 273 274 275 276 277 278 279 280 281 282 283 284 285 286 287 288 289 290 291 292 293 294 295 296 297 298 299 300 301 302 303 304 305 306 307 308 309 310 311 312 313 314 315 316 317 318 319 320 321 322 323 324 325 326 327 328 329 330 331 332 333 334 335 336 337 338 339 340 341 342 343 344 345 346 347 348 349 350 351 352 353 354 355 356 357 358 359 360 361 362 363 364 365 366 367 368 369 370 371 372 373 374 375 376 377 378
1 0 2 3 4 5 6 7 8 9 10 12 16 18 19 20 21 22 23 25 26 28 30 31 32 33 34 35 37 38 39 41 42 44 45 47 48 49 51 52 56 57 59 60 61 62 63 66 67 69 70 71 72 73 74 75 76 77 78 79 80 82 83 84 85 86 87 88 89 90 92 93 94 101 102 105 106 108 109 118 121 122 123 124 126 131 134 135 137 138 139 140 141 146 148 150 151 167 168 170 171 173 174 176 180 182 183 187 188 189 190 193 195 196 198 199 200 203 207 208 212 214 215 216 220 221 223 224 229 232 234 235 236 238 242 246 247 249 251 254 258 263 266 267 270 272 273 274 275 276 281 282 288 289 293 294 296 299 302 304 305 307 308 309 310 311 314 315 317 318 320 323 324 328 331 334 339 343 344 346 347 348 349 350 351 352 356 358 368 369 372 373 374 391 394 399 417 420 423 430 434 438 441 445 446 454 459 475 477 481 484 490 499 523 540 547 551 553 554 555 556 567 568 569 571 572 573 575 581 587 588 590 591 597 599 600 606 607 608 609 610 612 613 624 628 629 631 633 634 635 636 637 638 639 640 641 642 643 644 648 652 656 659 661 670 673 677 678 682 689 696 702 703 704 707 716 717 724 734 736 737 740 745 746 749 752 754 756 758 759 762 764 769 771 778 780 781 782 784 785 786 800 803 804 809 810 833 836 843 847 871 872 874 899 903 904 922 928 930 931 933 936 938 940 941 943 944 959 997 998 1029 1032 1037 1050 1053 1057 1058 1059 1060 1061 1062 1063 1064 1065 1066 1067 1068 1069 1070 1071 1072 1073 1074 1075 1076 1077 1078 1079 1080 1081 1082 1083 1084 1085 1086 1087 1088 1089 1090 1091 1092 1093 1094 1095 1096 1097 1098 1099 1100 1101 1102 1103 1104 1105 1106 1107 1108 1109 1110 1111 1112 1113 1114 1115 1116 1117 1118 1119 1120 1121 1122 1123 1124 1125 1126 1127 1128 1129 1130 1131 1132 1133 1134 1135 1136 1137 1138 1139 1140 1141 1142 1143 1144 1145 1146 1147 1148 1149 1150 1151 1152 1153 1154 1155 1156 1157 1158 1159 1160 1161 1162 1163 1164 1165 1166 1167 1168 1169 1170 1171 1172 1173 1174 1175 1176 1177 1178 1179 1180 1181 1182 1183 1184 1185 1186 1187 1188 1189 1190 1191 1192 1193 1194 1195 1196 1197 1198 1199 1200 1201 1202 1203 1204 1205 1206 1207 1208 1209 1210 1211 1212 1213 1214 1215 1216 1217 1218 1219 1220 1221 1222 1223 1224 1225 1226 1227 1228 1229 1230 1231 1232 1233 1234 1235 1236 1237 1238 1239 1240 1241 1242 1243 1244 1245 1246 1247 1248 1249 1250 1251 1252 1253 1254 1255 1256 1257 1258 1259 1260 1261 1262 1263 1264 1265 1266 1267 1268 1269 1270 1271 1272 1273 1274 1275 1276 1277 1278 1279 1280 1281 1282 1283 1284 1285 1286 1287 1288 1289 1290 1291 1292 1293 1294 1295 1296 1297 1298 1299 1300 1301 1302 1303 1304 1305 1306 1307 1308 1309 1310 1311 1312 1313 1314 1315 1316 1317 1318 1319 1320 1321 1322 1323 1324 1325 1326 1327 1328 1329 1330 1331 1332 1333 1334 1335 1336 1337 1338 1339 1340 1341 1342 1343 1344 1345 1346 1347 1348 1349 1350 1351 1352 1353 1354 1355 1356 1357 1358 1359 1360 1361 1362 1363 1364 1365 1366 1367 1368 1369 1370 1371 1372 1373 1374 1375 1376 1377 1378 1379 1380 1381 1382 1383 1384 1385 1386 1387 1388 1389 1390 1391 1392 1393 1394 1395 1396 1397 1398 1399 1400 1401 1402 1403 1404 1405 1406 1407 1408 1409 1410 1411 1412 1413 1414 1415 1416 1417 1418 1419 1420 1421 1422 1423 1424 1425 1426 1427 1428 1429 1430 1431 1432 1433 1434 1435 1436 1437 1438 1439 1440 1441 1442 1443 1444 1445 1446 1447 1448 1449 1450 1451 1452 1453 1454 1455 1456 1457 1458 1459 1460 1461 1462 1463 1464 1465 1466 1467 1468 1469 1470 1471 1472 1473 1474 1475 1476 1477 1478 1479 1480 1481 1482 1483 1484 1485 1486 1487 1488 1489 1490 1491 1492 1493 1494 1495 1496 1497 1498 1499 1500 1501 1502 1503 1504 1505 1506 1507 1508 1509 1510 1511 1512 1513 1514 1515 1516 1517 1518 1519 1520 1521 1522 1523 1524 1525 1526 1527 1528 1529 1530 1531 1532 1533 1534 1535 1536 1537 1538 1539 1540 1541 1542 1543 1544 1545 1546 1547 1548 1549 1550 1551 1552 1553 1554 1555 1556 1557 1558 1559 1560 1561 1562 1563 1564 1565 1566 1567 1568 1569 1570 1571 1572 1573 1574 1575 1576 1577 1578 1579 1580 1581 1582 1583 1584 1585 1586 1587 1588 1589 1590 1591 1592 1593 1594 1595 1596 1597 1598 1599 1600 1601 1602 1603 1604 1605 1606 1607 1608 1609 1610 1611 1612 1613 1614 1615 1616 1617 1618 1619 1620 1621 1622 1623 1624 1625 1626 1627 1628 1629 1630 1631 1632 1633 1634 1635 1636 1637 1638 1639 1640 1641 1642 1643 1644 1645 1646 1647 1648 1649 1650 1651 1652 1653 1654 1655 1656 1657 1658 1659 1660 1661 1662 1663 1664 1665 1666 1667 1668 1669 1670 1671 1672 1673 1674 1675 1676 1677 1678 1679 1680 1681 1682 1683 1684 1685 1686 1687 1688 1689 1690 1691 1692 1693 1694 1695 1696 1697 1698 1699 1700 1701 1702 1703 1704 1705 1706 1707 1708 1709 1710 1711 1712 1713 1714 1715 1716 1717 1718 1719 1720 1721 1722 1723 1724 1725 1726 1727 1728 1729 1730 1731 1732 1733 1734 1735 1736 1737 1738 1739 1740 1741 1742 1743 1744 1745 1746 1747 1748 1749 1750 1751 1752 1753 1754 1755 1756 1757 1758 1759 1760 1761 1762 1763 1764 1765 1766 1767 1768 1769 1770 1771 1772 1773 1774 1775 1776 1777 1778 1779 1780 1781 1782 1783 1784 1785 1786 1787 1788 1789 1790 1791 1792 1793 1794 1795 1796 1797 1798 1799 1800 1801 1802 1803 1804 1805 1806 1807 1808 1809 1810 1811 1812 1813 1814 1815 1816 1817 1818 1819 1820 1821 1822 1823 1824 1825 1826 1827 1828 1829 1830 1831 1832 1833 1834 1835 1836 1837 1838 1839 1840 1841 1842 1843 1844 1845 1846 1847 1848 1849 1850 1851 1852 1853 1854 1855 1856 1857 1858 1859 1860 1861 1862 1863 1864 1865 1866 1867 1868 1869 1870 1871 1872 1873 1874 1875 1876 1877 1878 1879 1880 1881 1882 1883 1884 1885 1886 1887 1888 1889 1890 1891 1892 1893 1894 1895 1896 1897 1898 1899 1900 1901 1902 1903 1904 1905 1906 1907 1908 1909 1910 1911 1912 1913 1914 1915 1916 1917 1918 1919 1920 1921 1922 1923 1924 1925 1926 1927 1928 1929 1930 1931 1932 1933 1934 1935 1936 1937 1938 1939 1940 1941 1942 1943 1944 1945 1946 1947 1948 1949 1950 1951 1952 1953 1954 1955 1956 1957 1958 1959 1960 1961 1962 1963 1964 1965 1966 1967 1968 1969 1970 1971 1972 1973 1974 1975 1976 1977 1978 1979 1980 1981 1982 1983 1984 1985 1986 1987 1988 1989 1990 1991 1992 1993 1994 1995 1996 1997 1998 1999 2000 2001 2002 2003 2004 2005 2006 2007 2008 2009 2010 2011 2012 2013 2014 2015 2016 2017 2018 2019 2020 2021 2022 2023 2024 2025 2026 2027 2028 2029 2030 2031 2032 2033 2034 2035 2036 2037 2038 2039 2040 2041 2042 2043 2044 2045 2046 2047 2048 2049 2050 2051 2052 2053 2054 2055 2056 2057 2058 2059 2060 2061 2062 2063 2064 2065 2066 2067 2068 2069 2070 2071 2072 2073 2074 2075 2076 2077 2078 2079 2080 2081 2082 2083 2084 2085 2086 2087 2088 2089 2090 2091 2092 2093 2094 2095 2096 2097 2098 2099 2100 2101 2102 2103 2104 2105 2106 2107 2108 2109 2110 2111 2112 2113 2114 2115 2116 2117 2118 2119 2120 2121 2122 2123 2124 2125 2126 2127 2128 2129 2130 2131 2132 2133 2134 2135 2136 2137 2138 2139 2140 2141 2142 2143 2144 2145 2146 2147 2148 2149 2150 2151 2152 2153 2154 2155 2156 2157 2158 2159 2160 2161 2162 2163 2164 2165 2166 2167 2168 2169 2170 2171 2172 2173 2174 2175 2176 2177 2178 2179 2180
2 0 1 3 4 5 6 7 8 9 15 16 20 21 22 24 26 28 31 35 38 41 47 48 49 51 56 57 60 61 63 65 67 85 86 92 93 100 101 126 131 133 134 138 148 171 173 180 183 196 197 199 209 217 222 242 243 247 248 251 269 367 377 388 417 423 440 445 455 457 460 464 465 466 468 476 522 547 551 563 579 580 603 604 631 653 662 676 679 684 716 718 721 739 801 802 831 858 871 872 874 899 901 902 903 913 914 922 923 926 928 930 932 936 937 938 940 941 943 946 1079 1120 1122 1127 1128 1163 1201 1204 1209 1262 1285 1286 1291 1295 1299 1342 1466 1469 1481 1489 1509 1555 1584 1623 1626 1630 1639 1640 1645 1656 1663 1696 1703 1706 1713 1730 1745 1766 1777 1783 1789 1814 1882 1928 1966 1968 2072 2077 2097 2109 2119 2120 2154 2318 2546 2572 2591 2601 2621 2673 2676 2716 2720 2764 2786 2812 2867 2892 3046 3194 3211 3214 3215 3218 3223 3225 3226 3254 3311 3322 3331 3465 3527 3657 3664 3665 3680 3683 3689 3845 3893 3894 3959 3966 3967 3968 3969 3970 3971 3972 3973 3974 3975 3976 3977 3978 3979 3980 3981 3982 3983 3984 3985 3986 3987 3988 3989 3990 3991 3992 3993 3994 3995 3996 3997 3998 3999 4000 4001 4002 4003 4004 4005 4006 4007 4008 4009 4010 4011 4012 4013 4014 4015 4016 4017 4018 4019 4020 4021 4022 4023 4024 4025 4026 4027 4028 4029 4030 4031 4032 4033 4034 4035 4036 4037 4038 4039
3 0 1 2 4 5 6 7 8 9 12 16 19 20 21 22 24 26 27 28 31 33 38 41 45 47 48 49 50 51 52 53 56 60 63 65 67 85 86 92 100 101 105 131 135 138 148 173 176 180 183 196 199 209 217 224 242 248 301 338 417 438 468 476 547 563 579 600 631 653 662 698 716 766 801 822 823 826 871 872 874 899 902 903 904 905 907 913 914 920 923 926 928 930 931 932 938 940 941 943 944 946 1040 1079 1112 1311 1423 1497 1675 1706 1740 1859 1894 2031 2077 2109 2249 3045 3254 3377 3447 3458 3506 3892 3893 3894 3895 3896 3897
4 0 1 2 3 5 6 8 10 15 16 18 20 22 24 26 38 41 45 47 48 51 56 60 85 86 92 101 129 131 133 148 180 196 199 219 248 475 551 552 631 653 856 857 858 859 860 861 862 863 864 865 866 867 868 869 870 871 872 873 874 875 876 877 878 879 880 881 882 883 884 885 886 887 888 889 890 891 892 893 894 895
5 0 1 2 3 4 6 7 8 9 10 15 16 19 20 21 22 24 26 27 28 31 36 38 41 45 47 51 52 53 56 60 63 67 85 86 92 93 101 105 107 131 133 138 148 180 183 196 197 199 217 242 248 381 383 388 393 398 401 407 408 409 410 415 422 426 427 431 435 468 469 492 502 503 519 526 543 579 600 617 653 662 669 716 801 817 819 845 858 871 874 897 898 899 900 901 902 903 904 905 906 907 908 909 910 911 912 913 914 915 916 917 918 919 920 921 922 923 924 925 926 927 928 929 930 931 932 933 934 935 936 937 938 939 940 941 942 943 944 945 946
6 0 1 2 3 4 5 7 8 9 10 16 18 19 20 21 22 24 27 34 35 38 41 42 47 48 49 51 56 57 59 60 61 63 67 70 76 77 81 82 85 86 92 93 101 105 117 119 126 129 131 133 146 148 167 173 179 180 186 196 199 207 210 251 275 277 279 282 294 309 311 322 327 328 333 343 344 345 352 367 368 369 372 380 381 383 388 409 432 438 447 456 476 483 508 545 547 582 605 608 612 629 631 636 652 653 655 657 662 665 666 690 698 703 706 712 716 720 725 726 729 730 731 738 742 743 746 747 751 771 779 780 803 843 847 858 871 874 920 923 926 927 933 936 938 939 940 946 996 1029 1032 1057 1061 1063 1067 1069 1087 1093 1094 1101 1104 1108 1119 1153 1154 1162 1164 1166 1172 1176 1179 1191 1194 1208 1219 1235 1272 1286 1287 1291 1303 1311 1316 1318 1328 1339 1345 1346 1348 1359 1364 1366 1374 1398 1399 1400 1403 1409 1418 1434 1437 1453 1459 1465 1467 1476 1485 1493 1496 1499 1526 1531 1533 1537 1539 1540 1541 1547 1550 1555 1588 1600 1604 1618 1632 1633 1646 1649 1654 1659 1661 1669 1672 1674 1688 1693 1699 1708 1714 1717 1720 1723 1732 1738 1746 1751 1752 1753 1755 1756 1757 1758 1759 1760 1761 1763 1773 1785 1788 1799 1807 1808 1809 1816 1826 1834 1835 1836 1837 1846 1853 1857 1858 1875 1876 1877 1880 1893 1895 1896 1897 1898 1899 1900 1901 1918 1920 1921 1924 1933 1934 1939 1941 1942 1953 1964 1966 1977 1983 1985 1989 1994 1996 2004 2005 2006 2007 2008 2009 2010 2012 2013 2014 2015 2016 2019 2033 2063 2067 2083 2159 2166 2170 2171 2180 2193 2194 2199 2552 2560 2562 2572 2576 2580 2583 2587 2591 2594 2596 2614 2617 2622 2632 2633 2642 2645 2648 2660 2665 2674 2679 2682 2695 2697 2704 2714 2715 2729 2735 2737 2739 2740 2745 2746 2747 2749 2752 2753 2756 2758 2767 2768 2771 2772 2776 2783 2784 2785 2787 2789 2790 2791 2792 2793 2797 2801 2802 2803 2804 2805 2806 2807 2811 2816 2817 2822 2823 2824 2825 2826 2827 2834 2836 2837 2838 2839 2840 2841 2849 2854 2871 2880 2888 2897 2898 2907 2912 2915 2926 3058 3090 3190 3191 3216 3222 3227 3228 3269 3316 3318 3321 3328 3330 3339 3404 3410 3436 3450 3451 3475 3572 3621 3626 3650 3666 3668 3676 3685 3693 3696 3697 3700 3705 3706 3714 3735 3740 3774 3825 3837 3892 3896 3921 3932 3953 3965 3968 3986 4001 4004 4007 4027 4040 4063 4107 4219 4302 4305 4374 4380 4398 4400 4402 4418 4424 4425 4434 4454 4469 4476 4485 4509 4521 4522 4523 4524 4525 4526 4527 4528 4529 4530 4531 4532 4533 4534 4535 4536 4537 4538 4539 4540 4541 4542 4543 4544 4545 4546 4547 4548 4549 4550 4551 4552 4553 4554 4555 4556 4557 4558 4559 4560 4561 4562 4563 4564 4565 4566 4567 4568 4569 4570 4571 4572 4573 4574 4575 4576 4577 4578 4579 4580 4581 4582 4583 4584 4585 4586 4587 4588 4589 4590 4591 4592 4593 4594 4595 4596 4597 4598 4599 4600 4601 4602 4603 4604 4605 4606 4607 4608 4609 4610 4611 4612 4613 4614 4615 4616 4617 4618 4619 4620 4621 4622 4623 4624 4625 4626 4627 4628 4629 4630 4631 4632 4633 4634 4635 4636 4637 4638 4639 4640 4641 4642 4643 4644 4645 4646 4647 4648 4649 4650 4651 4652 4653 4654 4655 4656 4657 4658 4659 4660 4661 4662 4663 4664 4665 4666 4667 4668 4669 4670 4671 4672 4673 4674 4675 4676 4677 4678 4679 4680 4681 4682 4683 4684 4685 4686 4687 4688 4689 4690 4691 4692 4693 4694 4695 4696 4697 4698 4699 4700 4701 4702 4703 4704 4705 4706 4707 4708 4709 4710 4711 4712 4713 4714 4715 4716 4717 4718 4719 4720
7 0 1 2 3 5 6 9 12 13 15 16 20 21 22 23 24 26 28 29 30 32 34 38 45 47 48 49 51 52 56 57 60 61 63 67 72 74 76 77 85 92 93 101 110 126 131 133 136 148 167 170 173 176 180 183 195 197 206 210 221 257 266 270 282 290 293 296 300 309 328 352 380 391 453 485 500 515 540 544 560 576 577 592 622 624 633 653 657 677 680 689 694 702 706 715 735 771 809 848 858 899 902 914 922 923 928 1027 1057 1059 1061 1062 1063 1064 1065 1067 1068 1070 1072 1073 1074 1076 1077 1078 1079 1080 1081 1082 1084 1087 1088 1094 1108 1112 1120 1242 1251 1255 1307 1325 1346 1359 1361 1393 1397 1424 1439 1446 1459 1487 1522 1528 1531 1553 1579 1602 1604 1642 1646 1666 1667 1680 1704 1720 1753 1760 1789 1890 1896 1908 1929 1933 1951 1975 1976 1984 1997 2001 2002 2024 2034 2036 2045 2081 2090 2110 2111 2121 2134 2156 2176 2177 2179 2194 2412 2545 2569 2570 2571 2572 2573 2574 2576 2577 2578 2579 2580 2581 2594 2610 2614 2617 2628 2643 2644 2654 2673 2719 2722 2751 2754 2778 2806 2807 2840 2881 3116 3120 3146 3188 3189 3190 3192 3193 3224 3236 3316 3325 3330 3339 3377 3436 3450 3462 3519 3523 3647 3648 3649 3667 3706 3712 3727 3747 3752 3805 3966 3968 3984 4016 4026 4229 4362 4426 4430 4485 4492 4521 4522 4523 4524 4525 4526 4527 4529 4530 4531 4532 4533 4534 4535 4536 4537 4539 4547 4548 4585 4587 4589 4599 4603 4611 4613 4620 4626 4630 4640 4650 4656 4659 4660 4678 4679 4680 4682 4697 4698 4702 4708 4709 4711 4759 4837 4842 4887 4901 4939 4966 4970 5035 5040 5060 5080 5081 5180 5273 5303 5304 5549 5556 5603 5609 5612 5617 5647 5648 5649 5653 5661 5686 5687 5689 5693 5739 5745 5752 5759 5804 5808 5811 5830 5832 5834 5985 5986 5987 5988 5989 5990 5991 5992 5993 5994 5995 5996 5997 5998 5999 6000 6001 6002 6003 6004 6005 6006 6007 6008 6009 6010 6011 6012 6013 6014 6015 6016 6017 6018 6019 6020 6021 6022 6023 6024 6025 6026 6027 6028 6029 6030 6031 6032 6033
8 0 1 2 3 4 5 6 9 10 21 22 24 26 33 45 47 56 60 63 67 92 93 101 131 148 170 173 180 197 199 207 209 242 244 248 537 539 561 562 631 653 716 872 902 928 930 932 938 946 1112 1121 2109 2307 2464 3045 3254 3469 3531 3532 3533 3534 3535 3536 3537 3538 3539 3540 3541 3542 3543 3544 3545 3546 3547 3548 3549 3550 3551 3552 3553 3554 3555 3556 3557 3558 3559 3560 3561 3562 3563 3564 3565 3566 3567 3568 3569 3570 3571 3572 3573 3574 3575 3576 3577 3578 3579 3580 3581 3582
9 0 1 2 3 5 6 7 8 10 15 16 18 19 20 21 22 24 25 26 27 28 30 31 34 35 38 41 45 47 48 49 51 52 56 57 59 60 61 63 70 72 76 77 82 84 85 86 87 89 90 92 101 105 108 110 114 118 119 123 126 129 131 133 134 146 148 167 170 171 176 180 182 195 196 200 207 215 216 220 221 224 235 240 248 251 256 257 259 266 267 276 277 283 285 287 296 305 306 309 315 319 325 326 351 352 367 368 369 372 391 394 438 441 446 448 459 462 511 515 540 547 551 579 586 602 612 623 631 633 635 636 653 657 659 663 666 670 673 684 689 691 696 698 715 716 744 745 753 755 759 765 767 771 778 780 785 789 819 820 832 843 844 848 858 874 902 904 922 938 940 941 1005 1029 1031 1032 1039 1050 1057 1063 1073 1076 1079 1085 1091 1095 1096 1102 1105 1108 1117 1118 1119 1135 1138 1156 1174 1179 1181 1185 1188 1191 1203 1214 1216 1217 1219 1235 1236 1253 1259 1268 1269 1272 1273 1274 1276 1277 1278 1279 1280 1281 1283 1284 1286 1287 1296 1298 1311 1316 1318 1319 1334 1335 1343 1350 1354 1374 1380 1382 1383 1397 1402 1409 1411 1417 1423 1426 1429 1441 1445 1447 1458 1459 1464 1465 1466 1470 1477 1491 1495 1505 1514 1515 1523 1527 1547 1550 1577 1582 1583 1585 1588 1597 1601 1605 1608 1609 1610 1612 1623 1632 1655 1657 1658 1659 1661 1672 1674 1677 1688 1700 1701 1707 1708 1713 1715 1718 1720 1744 1751 1752 1753 1762 1765 1767 1768 1769 1770 1771 1772 1774 1777 1778 1786 1792 1795 1798 1805 1806 1809 1811 1812 1813 1814 1817 1818 1820 1821 1831 1839 1840 1841 1843 1853 1868 1871 1879 1889 1897 1898 1900 1902 1903 1915 1918 1922 1924 1927 1931 1933 1934 1935 1936 1937 1938 1940 1942 1943 1946 1947 1950 1951 1954 1969 1977 1980 1981 1985 1989 1996 1997 1999 2001 2002 2003 2004 2006 2018 2038 2042 2050 2054 2059 2065 2084 2088 2092 2098 2099 2118 2133 2141 2153 2155 2167 2172 2176 2177 2180 2542 2550 2554 2567 2568 2569 2570 2571 2572 2573 2574 2575 2576 2577 2578 2579 2580 2581 2582 2583 2584 2585 2586 2587 2588 2589 2590 2591 2592 2593 2594 2595 2596 2597 2598 2599 2600 2601 2602 2603 2604 2605 2606 2607 2608 2609 2610 2611 2612 2613 2614 2615 2616 2617 2618 2619 2620 2621 2622 2623 2624 2625 2626 2627 2628 2629 2630 2631 2632 2633 2634 2635 2636 2637 2638 2639 2640 2641 2642 2643 2644 2645 2646 2647 2648 2649 2650 2651 2652 2653 2654 2655 2656 2657 2658 2659 2660 2661 2662 2663 2664 2665 2666 2667 2668 2669 2670 2671 2672 2673 2674 2675 2676 2677 2678 2679 2680 2681 2682 2683 2684 2685 2686 2687 2688 2689 2690 2691 2692 2693 2694 2695 2696 2697 2698 2699 2700 2701 2702 2703 2704 2705 2706 2707 2708 2709 2710 2711 2712 2713 2714 2715 2716 2717 2718 2719 2720 2721 2722 2723 2724 2725 2726 2727 2728 2729 2730 2731 2732 2733 2734 2735 2736 2737 2738 2739 2740 2741 2742 2743 2744 2745 2746 2747 2748 2749 2750 2751 2752 2753 2754 2755 2756 2757 2758 2759 2760 2761 2762 2763 2764 2765 2766 2767 2768 2769 2770 2771 2772 2773 2774 2775 2776 2777 2778 2779 2780 2781 2782 2783 2784 2785 2786 2787 2788 2789 2790 2791 2792 2793 2794 2795 2796 2797 2798 2799 2800 2801 2802 2803 2804 2805 2806 2807 2808 2809 2810 2811 2812 2813 2814 2815 2816 2817 2818 2819 2820 2821 2822 2823 2824 2825 2826 2827 2828 2829 2830 2831 2832 2833 2834 2835 2836 2837 2838 2839 2840 2841 2842 2843 2844 2845 2846 2847 2848 2849 2850 2851 2852 2853 2854 2855 2856 2857 2858 2859 2860 2861 2862 2863 2864 2865 2866 2867 2868 2869 2870 2871 2872 2873 2874 2875 2876 2877 2878 2879 2880 2881 2882 2883 2884 2885 2886 2887 2888 2889 2890 2891 2892 2893 2894 2895 2896 2897 2898 2899 2900 2901 2902 2903 2904 2905 2906 2907 2908 2909 2910 2911 2912 2913 2914
10 0 1 4 5 6 8 9 22 24 26 41 101 131 133 551 579 858 892 1042 1733 2197 2203 2928 2930 2931 3278 3332 3333 3334
11 0
12 0 1 3 7 26 60 100 476 537 629 1182 1396 2591 2657 2745 3253 3468 4440 4573 4605 4950 5231 5646
13 0 7
14 0
15 0 2 4 5 7 9 98 116 133 395 403 421 429 451 452 464 469 488 533 616 625 837 858 952 954 957 986 996 1026 1040 2325 2326 2351 2357 2924 2934 3117 3121 3122 3145 3183 5655 5656
16 0 1 2 3 4 5 6 7 9 18 26 28 41 820 1045 1189 1501 1637 1892 2604 2605 2606 2607 3098 3506 3552 3813 3814 3815 3816 3817 3818
17 0 500
18 0 1 4 6 9 16 51 176 653 960 1054 1055 1390 1911 2544 3091 3092 3095 3102 3106 3109 3110 3111 3113 3114 3115 3148 3153 3159 3161 3163 3164
19 0 1 3 5 6 9 205 353 502 774 808 1308 1635 2111 2576 2754 3439 4551 4597 5286 5287 5288 5289 5290 5291 5292 5293 5294 5295 5296 5297 5298 5299
20 0 1 2 3 4 5 6 7 9 41 47 49 61 263 656 700 713 826 904 1139 1204 1260 1491 1558 1590 1592 1672 1686 1688 1842 1853 1855 1856 1895 1989 2147 2570 2769 2792 2800 3327 3453 3702 4231 4388 4543 4589 4654 4855 4970 4971 4972 4973 4974 4975 4976 4977 4978 4979 4980 4981 4982 4983
21 0 1 2 3 5 6 7 8 9 24 44 100 173 217 243 338 417 535 536 540 550 551 600 698 796 801 822 844 857 922 932 937 1032 1117 1196 1204 1295 1311 1342 1558 1606 1726 1728 1730 1732 1739 1789 1878 1966 2018 2103 2109 2311 2396 2592 2610 2652 3254 3279 3555 3680 3822 3841 3845 3894 3978 4010 4023 4035 4145 4330 4387 4449 4463 4499 4544 4589 4632 4761 4762 4771 4869 4881 4894 4974 5051 5060 5062 5106 5140 5177 5180 5215 5218 5280 5639 5718 5788 5789 5790 5791 5792 5793 5794 5795 5796 5797 5798 5799 5800 5801 5802
22 0 1 2 3 4 5 6 7 8 9 10 28 47 59 87 89 90 91 121 123 149 170 171 188 231 261 289 302 304 309 331 337 341 352 372 412 444 600 633 673 674 758 802 904 1013 1029 1052 1085 1096 1102 1126 1132 1136 1147 1153 1168 1180 1187 1198 1222 1228 1233 1240 1273 1275 1276 1277 1280 1282 1332 1348 1366 1391 1411 1412 1443 1449 1450 1472 1498 1500 1502 1505 1513 1519 1590 1641 1642 1648 1668 1672 1700 1713 1746 1756 1766 1780 1791 1810 1845 1857 1861 1884 1897 1906 1914 1915 1922 1927 1945 1953 1967 1968 1969 1986 1989 1993 1999 2029 2041 2048 2051 2058 2079 2080 2083 2096 2102 2104 2112 2121 2126 2127 2131 2135 2136 2137 2142 2150 2151 2152 2180 2580 2615 2638 2639 2640 2641 2672 2721 2752 2766 2813 2865 2868 2871 2892 2896 3324 3445 3647 3648 3649 3650 3651 3652 3653 3654 3655 3656 3657 3658 3659 3660 3661 3662 3663 3664 3665 3666 3667 3668 3669 3670 3671 3672 3673 3674 3675 3676 3677 3678 3679 3680 3681 3682 3683 3684 3685 3686 3687 3688 3689 3690 3691 3692 3693 3694 3695 3696 3697 3698 3699 3700 3701 3702 3703 3704 3705 3706 3707 3708 3709 3710 3711 3712 3713 3714 3715 3716 3717 3718 3719 3720 3721 3722 3723 3724 3725 3726 3727 3728 3729 3730 3731 3732 3733 3734 3735 3736 3737 3738
23 0 1 7
24 0 2 3 4 5 6 7 8 9 10 21 41 47 117 196 351 379 600 662 672 717 736 792 798 805 1301 1470 1636 1643 1833 1844 1894 2027 2043 2105 2113 2130 2174 2600 2608 2710 2760 2773 3315 3335 3460 3463 3697 3702 3716 3723 3745 3954 4387 4391 4399 4410 4423 4494 4506 4625 4662 4663 4704 5052 5299 5548 5557 5561 5564 5568 5600 5612 5613 5614 5615 5616 5617 5618 5619 5620 5621 5622 5623 5624 5625 5626 5627 5628 5629 5630 5631 5632 5633
25 0 1 9 1059 2552 2711 3893 4897 4939 5735 6447
26 0 1 2 3 4 5 7 8 9 10 12 16 28 38 41 47 53 65 127 137 173 181 184 196 207 230 332 391 441 455 484 512 525 526 622 736 794 795 874 1056 1130 1162 1192 1235 1294 1300 1307 1310 1311 1320 1353 1386 1406 1410 1427 1479 1483 1504 1543 1551 1585 1644 1663 1678 1679 1680 1681 1682 1694 1711 1743 1796 1904 1948 2039 2598 2728 2738 2740 2870 3187 3188 3189 3190 3191 3192 3193 3194 3195 3196 3197 3198 3199 3200 3201 3202 3203 3204 3205 3206 3207 3208 3209 3210 3211 3212 3213 3214 3215 3216 3217 3218 3219 3220 3221 3222 3223 3224 3225 3226 3227 3228 3229 3230 3231 3232 3233 3234 3235 3236 3237 3238 3239
27 0 3 5 6 9 2646 4554 4555 4661 4865 5080 5081 5082 5083 5084
28 0 1 2 3 5 7 9 16 22 26 30 41 51 56 58 60 68 86 100 126 180 252 386 417 442 469 476 538 604 631 796 801 817 843 868 928 946 1015 1061 1116 1118 1171 1295 1362 1372 1384 1418 1510 1534 1717 1720 2115 2144 2149 2176 2187 2188 2193 2204 2293 2299 2401 2414 2422 2429 2435 2437 2464 2585 2610 2635 2658 2660 2686 2691 2692 2694 2697 2747 2819 3045 3058 3068 3070 3072 3275 3370 3435 3468 3486 3502 3526 3621 3626 3780 3798 3808 3821 3875 3900 3904 3932 3959 4065 4129 4288 4302 4305 4334 4427 4467 4490 4547 4549 4577 4578 4579 4581 4585 4639 4725 4736 4860 4928 4930 4931 4932 4934 4935 4936 4998 5035 5096 5100 5103 5134 5136 5138 5143 5174 5236 5322 5343 5361 5386 5462 5470 5522 5606 5688 5753 5759 5760 5761 5762 5763 5764 5765 5766 5767 5768 5769 5770 5771 5772 5773 5774 5775 5776 5777 5778 5779 5780 5781 5782 5783 5784 5785 5786 5787
29 0 7
30 0 1 7 9 28 3506
31 0 1 2 3 5 9 32 47 60 149 213 267 296 348 711 727 763 769 813 1074 1212 1267 1316 1552 1604 1819 1833 2071 2075 2107 2117 2567 2677 2792 2831 2850 3204 3315 3438 3464 3731 3896 3994 4014 4533 4644 4645 4710 4964 5053 5075 5078 5284 5556 5557 5558 5559 5560 5561 5562 5563 5564 5565 5566 5567 5568 5569 5570 5571 5572 5573 5574 5575
32 0 1 7 31
33 0 1 3 8 417
34 0 1 6 7 9 188 195 275 338 646 741 1482 2058 2077 2316 2676 4511 4512 4538 4885 4893 5588 6423 6424
35 0 1 2 6 9 1229 1540 1677 2316
36 0 5 381
37 0 1 4397
38 0 1 2 3 4 5 6 7 9 26 40 312 321 597 615 689 790 1068 1616 1626 2128 2180 2282 2414 3239 3722 3732 3736 3746 4395 4489 4567 4710 4711 5055 5585 5610 5611 5616 5674 5675 5676 5677 5678 5679 5680 5681 5682 5683
39 0 1 624 625 626 627 628
40 0 38
41 0 1 2 3 4 5 6 9 10 16 20 24 26 28 47 92 101 105 108 110 130 147 157 164 167 176 188 227 265 274 292 298 340 342 360 361 362 369 446 472 504 506 528 577 590 604 633 634 635 636 637 638 639 640 641 642 643 644 645 646 647 648 649 650 651 652 653 654 655 656 657 658 659 660 661 662 663 664 665 666 667 668 669 670 671 672 673 674 675 676 677 678 679 680 681 682 683 684 685 686 687 688 689 690 691 692 693 694 695 696 697 698 699 700 701 702 703 704 705 706 707 708 709 710 711 712 713 714 715 716 717 718 719 720 721 722 723 724 725 726 727 728 729 730 731 732 733 734 735 736 737 738 739 740 741 742 743 744 745 746 747 748 749 750 751 752 753 754 755 756 757 758 759 760 761 762 763 764 765 766 767 768 769 770 771 772 773 774 775 776 777 778 779 780 781 782 783 784 785 786 787 788 789 790 791 792 793 794 795 796 797 798 799 800 801 802 803 804 805 806 807 808 809 810 811 812
42 0 1 6 844 1091 3169 3170 3171
43 0 856 857 883 901 1114 2213 2220 3365 4289 4332 4339 5332
44 0 1 21
45 0 1 3 4 5 7 8 9 823 923 1577 4863 4864
46 0 47
47 0 1 2 3 4 5 6 7 8 9 20 22 24 26 31 41 46 49 92 134 173 217 251 255 284 309 328 359 366 372 484 628 645 653 670 695 705 801 805 876 899 914 922 926 937 946 1032 1105 1117 1187 1200 1219 1271 1497 1503 1521 1532 1586 1803 1894 1907 1949 2079 2399 2555 2904 3104 3150 3194 3215 3733 3893 3978 4030 4037 4038 4334 4372 4373 4374 4375 4376 4377 4378 4379 4380 4381 4382 4383 4384 4385 4386 4387 4388 4389 4390 4391 4392 4393 4394 4395 4396
48 0 1 2 3 4 6 7 9 1040 1107 2576 2805 2829 3989 4473 4496 4631 4867
49 0 1 2 3 6 7 9 20 47 196 316 600 806 1409 1431 1447 1634 1800 2168 3449 3721 4030 4454 5241 5282 5804 5805 5806 5807
50 0 3 409 416
51 0 1 2 3 4 5 6 7 9 18 28 70 74 328 352 366 368 456 549 550 551 552 553 554 555 556 557 558 559 560 561 562 563 564 565 566 567 568 569 570 571 572 573 574 575 576 577 578 579 580 581 582 583 584 585 586 587 588 589 590 591 592 593 594 595 596 597 598 599 600 601 602 603 604 605 606 607 608 609 610 611 612 613 614 615
52 0 1 3 5 7 9 183 304 356 422 468 471 519 543 600 844 905 907 914 921 933 943 945 1486 2030 2410 2627 2779 3447 3458 3521 3584 4385 4399 4483 4490 4554 4721 4752 4862 4972 5052 5084 5294 5298 5539 5540 5541 5542 5543 5544 5545 5546 5547 5548 5549 5550 5551 5552 5553 5554 5555
53 0 3 5 26 60 415 486 820 821 822 823 824 825 826 827
54 0 551 857 1112 2252 3038 3043 3265 3268 4138 4178 4215 4258 5339 5350 5351 5412 5868 6226
55 0 5175 5365
56 0 1 2 3 4 5 6 7 8 9 28 62 171 197 267 559 600 826 1109 1206 1219 1220 1258 1365 1716 1727 1728 1978 2084 2659 3197 3845 4378 4465 4495 4695 4760 4886 5056 5086 5087 5088 5089 5090 5091 5092 5093 5094
57 0 1 2 6 7 9 60 709 799 1462 1798 2591 4024 4374 4557 4700 4884 5089 5691 5979 5980 5981 5982
58 0 28 129 550 551 856 894 3891 5331 5343
59 0 1 6 9 22 65 550 857 876 938 1346 2181 2194 3049 3307 3353 3355 3364 3922 3923 3924 3925 3926 3927 3928 3929 3930 3931
60 0 1 2 3 4 5 6 7 8 9 12 28 31 53 57 101 103 115 134 186 191 221 224 226 290 297 304 313 324 345 351 356 363 364 380 574 583 604 733 745 760 795 872 923 1118 1146 1155 1258 1328 1365 1423 1481 1513 1558 1590 1616 1695 1712 1803 1843 1881 2046 2106 2116 2187 2488 2544 2550 2551 2553 2557 2608 2671 2736 2810 2833 2844 2857 3045 3257 3327 3463 3644 3668 3681 3724 3956 4029 4032 4118 4390 4420 4470 4471 4472 4473 4474 4475 4476 4477 4478 4479 4480 4481 4482 4483 4484 4485 4486 4487 4488 4489 4490 4491 4492 4493 4494 4495 4496 4497 4498 4499 4500 4501 4502 4503 4504 4505 4506 4507 4508 4509 4510 4511 4512 4513 4514 4515 4516 4517
61 0 1 2 6 7 9 20 64 132 1119 1258 1520 2047 2218 2667 3337 3338 3339 3340
62 0 1 56 242 551 856 857 920 2265 2477 3003 3012 3023 3043 3061 3077 3247 3362 3386 3390 3803 3890 4073 4134 4135 4148 4213 4226 4261 4278 4310 4336 4338 4340 5333 5337 5385 5418 5426 5430 5496 5786 5862 6197 6217 6268 6349 6350 6351 6352 6353 6354
63 0 1 2 3 5 6 7 8 9 238 299 312 410 580 600 741 827 1382 1412 1530 1596 1642 1814 1865 1878 1965 1966 2031 2129 2592 2610 2833 2914 3194 3253 3672 4387 4471 4491 4500 4511 4668 4763 4875 4876 4877 4878 4879 4880 4881 4882 4883 4884 4885 4886 4887 4888 4889 4890 4891 4892 4893 4894 4895 4896 4897 4898 4899 4900
64 0 61 207 550 818 2216 2221 2250 2262 3246 3345 3346 3347 3824 4138 4218 4255 4256 4257 4258 4259 4260 4261 4262 4263 4264 4265 4266 4267 4268 4269 4270 4271 4272 4273 4274 4275 4276 4277
65 0 2 3 26 59 129 219 247 248 437 469 550 551 552 817 856 857 892 901 903 932 941 1117 1119 1564 2181 2184 2190 2195 2204 2210 2218 2237 2265 2283 2468 2928 2958 3075 3362 3390 3803 3892 4230 4332 4334 4335 4336 5362 5414 5415 5416
66 0 1 3002 4216
67 0 1 2 3 5 6 7 8 856 857 980 2181 2962 2964 2966 2970 2973 2974 2975 2989 2993 2997 2998 3007 3029 3500 3939 4130 4131 4132 4133 4134 4135 4136 4137 4138 4139 4140 4141 4142 4143 4144 4145 4146 4147 4148 4149 4150 4151 4152 4153 4154
68 0 28 3015 3064 3252 5095 5509 6444 6445
69 0 1
70 0 1 6 9 51 1150 1890 3233 4394 6455
71 0 1
72 0 1 7 9 345 1541 4394 6431
73 0 1
74 0 1 7 51
75 0 1
76 0 1 6 7 9 171 1198 1348 1413 1421 1539 2019 2073 2115 2138 2885 2911 3339 3730 4393 4394 4471 4561 4887 4895 5349 5842 6047 6057 6144 6415 6416 6417 6418 6419 6420 6421 6422
77 0 1 6 7 9 370 1205 1245 2049 2157 3669 3738 4374 4394 5086 5595 5667 6029 6147 6425
78 0 1
79 0 1
80 0 1
81 0 6 1621
82 0 1 6 9 1244 4394 6416 6426 6427
83 0 1
84 0 1 9
85 0 1 2 3 4 5 6 7 9 459 3893 5079
86 0 1 2 3 4 5 6 9 28 93 105 138 438 600 662 678 899 926 931 945 2116 2595 2708 3311 3672 3684 4397 4400 4460 4461 4462 4463 4464 4465
87 0 1 9 22 774 1402 3221 5293 5296 5650
88 0 1 3970 5693
89 0 1 9 22
90 0 1 9 22 6412
91 0 22 6040
92 0 1 2 3 4 5 6 7 8 9 41 47 760 1468 4387 4938 4939 4940
93 0 1 2 5 6 7 8 86 418 600
94 0 1 381
95 0
96 0
97 0 384
98 0 15 429
99 0 450
100 0 2 3 12 21 28 535 538 540 1196 1738 4608 4745 5136 5215 5778
101 0 1 2 3 4 5 6 7 8 9 10 41 60 133 406 425 486 669 841 896 947 948 949 950 951
102 0 1 128 2559 2678 2845 2902 4539 4554 4638 4866 5083 5553 5985
103 0 60
104 0
105 0 1 3 5 6 9 41 86 541 542 658 1027 1028 1029
106 0 1 450
107 0 5 164 381
108 0 1 9 41 431 450
109 0 1 450
110 0 7 9 41 400 401 2640 3308 3437 4844 5970 5971 5972 5973
111 0 381 444
112 0 381
113 0
114 0 9 2612
115 0 60
116 0 15 456
117 0 6 24 237 329 664 874 1419 1958 1973 1974 2701 4454 4504 6035 6036
118 0 1 9 1047 2508 3197 5123 5124 5125 5126 5127 5128
119 0 6 9 717 1636 2771 4420 4421 4422 4423 4424
120 0
121 0 1 22 2712 5241
122 0 1
123 0 1 9 22 2809
124 0 1
125 0 1066
126 0 1 2 6 7 9 28 461 5651
127 0 26
128 0 102
129 0 4 6 9 58 65 856 857 984 2199 2202 2226 2260 3298 3476 4200 4206 4207 4208 4209 4210 4211 4212
130 0 41 653 5983
131 0 1 2 3 4 5 6 7 8 9 10 218 593 600 1148 1699 1747 1748 1749 1852 1991 2750 2862 3362 3671 3682 3740 3741 3742 3743 3744 3745 3746 3747 3748 3749
132 0 61 868 900 995 2206 2959 3018 3039
133 0 2 4 5 6 7 9 10 15 101 395 1040
134 0 1 2 9 47 60 3772 4390
135 0 1 3 3201 5610 5611
136 0 7
137 0 1 26 1367
138 0 1 2 3 5 86 3686
139 0 1
140 0 1
141 0 1
142 0
143 0
144 0 2615
145 0 456
146 0 1 6 9 6456 6457
147 0 41
148 0 1 2 3 4 5 6 7 8 9 3243 3244
149 0 22 31
150 0 1 207
151 0 1
152 0 653
153 0 653
154 0 653 1458 4707 6034
155 0 653 3987
156 0 653
157 0 41 653
158 0 653 6027
159 0 653
160 0 653 2485
161 0 653 6161
162 0 653
163 0 653
164 0 41 107 653 840 4872 5743
165 0 653 1387
166 0 4962
167 0 1 6 7 9 41
168 0 1
169 0
170 0 1 7 8 9 22 475 476
171 0 1 2 9 22 56 76 930 1103
172 0 2637
173 0 1 2 3 6 7 8 21 26 47 248 600 922 3695 4405 5285
174 0 1
175 0
176 0 1 3 7 9 18 41 1390 3151 3152 3156 3157 3158
177 0 1085
178 0 1066
179 0 6
180 0 1 2 3 4 5 6 7 8 9 28 335 600 753 944 1040 1317 1672 1814 2100 2116 2861 3315 3447 3448 3449 3450 3451 3452 3453 3454 3455 3456 3457 3458 3459 3460 3461 3462 3463 3464 3465 3466 3467
181 0 26
182 0 1 9 3446 6170
183 0 1 2 3 5 7 52 2268 4471
184 0 26
185 0
186 0 6 60 1413 5688
187 0 1
188 0 1 22 34 41
189 0 1
190 0 1
191 0 60 2131 4397
192 0 546 3532
193 0 1
194 0
195 0 1 7 9 34
196 0 1 2 3 4 5 6 9 24 26 49 932 1472 1693 1861 2023 5666
197 0 2 5 7 8 56
198 0 1
199 0 1 2 3 4 5 6 8 1849 1850 2026 5061 5062
200 0 1 9 600
201 0 1285
202 0 4546
203 0 1
204 0
205 0 19
206 0 7
207 0 1 6 8 9 26 64 150 384 550 677 847 892 2181 2197 5746 5829
208 0 1
209 0 2 3 8 1032
210 0 6 7
211 0 1428 1454 1474 1475
212 0 1
213 0 31
214 0 1 3668
215 0 1 9
216 0 1 9 1872 2089 4618 5295
217 0 2 3 5 21 47 4379 4761
218 0 131
219 0 4 65 550 857 2212 3477 3478 3479 3480
220 0 1 9 4570
221 0 1 7 9 60 2614
222 0 2
223 0 1
224 0 1 3 9 60
225 0
226 0 60 1338
227 0 41
228 0 303
229 0 1
230 0 26
231 0 22
232 0 1
233 0 629 630
234 0 1
235 0 1 9 372
236 0 1
237 0 117
238 0 1 63
239 0
240 0 9
241 0 475 550 857 1112 1574 3077 4324 4327 5474 5939 5940 5941 5942
242 0 1 2 3 5 8 62 550 856 857 1560 2181 4146 5432 5433
243 0 2 21 3359 4471
244 0 8 631
245 0 1563 2144 6358 6359
246 0 1 5860 5861 5953 6296 6297
247 0 1 2 65 475 579 856 857 2181 2482
248 0 2 3 4 5 8 9 65 173 384 475 550 579 857 902 972 2293 2920 3266 3446 3477 3563 3847 3900 3946 3949 3960 4106 4202 4301 4321 4337 4547 4843 4912 4913 4914 4915 4916 4917 4918 4919 4920 4921 4922 4923 4924 4925 4926
249 0 1
250 0 1346
251 0 1 2 6 9 47 3506
252 0 28 1413
253 0 551
254 0 1
255 0 47
256 0 9 1285
257 0 7 9 1032 1334 1821 2134 3703 4643 4763
258 0 1
259 0 9
260 0 423
261 0 22
262 0
263 0 1 20 6046
264 0 1032
265 0 41
266 0 1 7 9
267 0 1 9 31 56
268 0
269 0 2
270 0 1 7
271 0 1620
272 0 1
273 0 1
274 0 1 41
275 0 1 6 34 3506
276 0 1 9 5573
277 0 6 9
278 0
279 0 6
280 0 1032 2614
281 0 1
282 0 1 6 7 3102
283 0 9
284 0 47
285 0 9
286 0
287 0 9
288 0 1
289 0 1 22
290 0 7 60
291 0
292 0 41
293 0 1 7
294 0 1 6
295 0
296 0 1 7 9 31
297 0 60
298 0 41 1285
299 0 1 63 3106
300 0 7
301 0 3
302 0 1 22
303 0 228 394
304 0 1 22 52 60
305 0 1 9
306 0 9
307 0 1
308 0 1
309 0 1 6 7 9 22 47
310 0 1
311 0 1 6
312 0 38 63
313 0 60
314 0 1
315 0 1 9 1032
316 0 49
317 0 1
318 0 1
319 0 9
320 0 1
321 0 38 6039
322 0 6
323 0 1
324 0 1 60
325 0 9
326 0 9
327 0 6
328 0 1 6 7 47 51
329 0 117
330 0
331 0 1 22
332 0 26
333 0 6
334 0 1
335 0 180
336 0 3668
337 0 22
338 0 3 21 34
339 0 1
340 0 41 6443
341 0 22
342 0 41
343 0 1 6
344 0 1 6
345 0 6 60 72
346 0 1
347 0 1
348 0 1 31
349 0 1
350 0 1
351 0 1 9 24 60
352 0 1 6 7 9 22 51
353 0 19
354 0
355 0
356 0 1 52 60
357 0
358 0 1
359 0 47
360 0 41
361 0 41
362 0 41
363 0 60 1574
364 0 60
365 0 2610
366 0 47 51
367 0 2 6 9
368 0 1 6 9 51
369 0 1 6 9 41
370 0 77
371 0 1382
372 0 1 6 9 22 47 235 1235
373 0 1
374 0 1
375 0
376 0
377 0 2
378 0
379 24 380
380 6 7 60 379
381 5 6 36 94 107 111 112 383 389 390 391 392 397 400 402 411 413 414 424 434 441 450 455 456 468 469 472 477 500 501 502 503 504 505 506 507 508 509 510 511 512 513 514 515 516 517 518 519 520 521 522 523 524 525 526 527 528 529 530 531 532
382 383
383 5 6 381 382 393 415 428 432 486 487 525 953 3371
384 97 207 248 579 2240 3085 3389 4047 4050 4055 4057 4067 4068 4069 4070 4071 4072 4073 4074 4075 4076 4077 4078 4079 4080 4081 4082 4083 4084 4085 4086 4087 4088 4089
385 386
386 28 385 491 550 857 2181
387 388 389
388 2 5 6 387 389 478 479 480 481 482 483 484
389 381 387 388 393 478 479 4844 5085
390 381 391
391 1 7 9 26 381 390 393 507 513 527 632 5300
392 381 393 394
393 5 383 389 391 392 397 399 402 409 418 434 441 446 450 454 469 514 520 528 529 531 532 542 543 625 662 663 920 1300 2485 2612 3090 3473 3954 3958 4540 4722 4754 5743 6041 6043 6404 6405 6441 6453
394 1 9 303 392 397 411 426 908 1373 1381 1678 2836 3210 3316 3317 3318 3319 3320 3321 3322 3323 3324 3325 3326 3327 3328
395 15 133 396
396 395
397 381 393 394
398 5
399 1 393
400 110 381 401
401 5 110 400
402 381 393
403 15 404 405
404 403
405 403
406 101 407
407 5 406 469 845 913 921 924 3584
408 5 409 410
409 5 6 50 393 408 505 509 5576 6437
410 5 63 408 487 509 953 3371
411 381 394
412 22 413
413 381 412 467 5657
414 381
415 5 53 383
416 50 3140
417 1 2 3 21 28 33 1311
418 93 393
419 420 421
420 1 419 452 858 1037 3183 4764 4765
421 15 419
422 5 52 423 424
423 1 2 260 422 424 686 697 700 839 933 1492 1588 1751 1754 1808 1824 1956 2544 2545 2546 2547 2548 2549 2550 2551 2552 2553 2554 2555 2556 2557 2558 2559 2560 2561
424 381 422 423
425 101
426 5 394
427 5
428 383
429 15 98 948
430 1
431 5 108
432 6 383
433 434
434 1 381 393 433 3974
435 5
436 437 438 439
437 65 436 550 551 857 866 1346 1403 2181 2188 3245 3282 3780 3821 3906 4127 5469 5470 5471 5472 5473 5474 5475 5476
438 1 3 6 9 86 436 534 1197 2289 2294 2295 2298 2299 2300 2301 2302 2304 2305 2542 2745 3441 3469 3620 3834 3881 3909 4398 4442 4904 4941 4943 4947 4950 4952 4955 4956 4957 5096 5098 5099 5106 5107 5110 5111 5112 5113 5114 5115 5116 5117 5118 5119 5120 5121 5122
439 436 1112 2224 3291 4073 4156 4283 4284 4285
440 2 441
441 1 9 26 381 393 440 460 461 462 463 464 465 466
442 28 443
443 442 3808
444 22 111
445 1 2
446 1 9 41 393 447 448 449 450
447 6 446
448 9 446
449 446 904
450 99 106 108 109 381 393 446 1473 3751 4433 5975 6393 6394 6395 6396 6397
451 15
452 15 420
453 7 454
454 1 393 453 2617
455 2 26 381
456 6 51 116 145 381 498 814 815 838 846 858 962 963 964 965 966 967 968 969 970 986 1002 1035 1036 1414 1415 1804 2325 2326 2327 2328 2329 2330 2331 2332 2333 2334 2335 2336 2337 2338 2339 2340 2341 2342 2343 2344 2345 2346 2347 2348 2349 2350 2351 2352 2353 2354 2355 2356 2357 2358 2359 2360 2361 2362 2363 2364 2365 2366 2367 2368 2369 2370 2371 2372 2373 2374 2375 2376 2377 2378 2379 2380 2381 2382 2383 2384
457 2
458 459
459 1 9 85 458 3307
460 2 441
461 126 441
462 9 441 463 4870 4969
463 441 462
464 2 15 441
465 2 441
466 2 441
467 413
468 2 3 5 52 381 469 470 471
469 5 15 28 65 381 393 407 468 475 491 845 856 862 876 896 907 921 1117 2228 2464 2465 2466 2467 2468 2469 2470
470 468
471 52 468
472 41 381 473 474
473 472 1485
474 472
475 1 4 170 241 247 248 469 550 551 585 817 856 884 893 903 941 995 1086 1112 1120 1534 1564 1642 1736 2146 2148 2181 2182 2183 2184 2185 2186 2187 2188 2189 2190 2191 2192 2193 2194 2195 2196 2197 2198 2199 2200 2201 2202 2203 2204 2205 2206 2207 2208 2209 2210 2211 2212 2213 2214 2215 2216 2217 2218 2219 2220 2221 2222 2223 2224 2225 2226 2227 2228 2229 2230 2231 2232 2233 2234 2235 2236 2237 2238 2239 2240 2241 2242 2243 2244 2245 2246 2247 2248 2249 2250 2251 2252 2253 2254 2255 2256 2257 2258 2259 2260 2261 2262 2263 2264 2265 2266 2267 2268 2269 2270 2271 2272 2273 2274 2275 2276 2277 2278 2279 2280 2281 2282 2283 2284
476 2 3 6 12 28 170 534 630 698 1726 1728 2313 2489 2490 2491 2492 2493 2494 2495 2496 2497 2498 2499 2500 2501 2502 2503 2504 2505 2506 2507 2508 2509 2510 2511 2512 2513 2514 2515 2516 2517 2518 2519 2520 2521 2522 2523 2524 2525 2526 2527 2528 2529 2530 2531 2532 2533 2534 2535 2536 2537 2538 2539 2540 2541 2542 2543
477 1 381
478 388 389
479 388 389
480 388
481 1 388
482 388
483 6 388 847 848 849 850 851 852 853 854 855
484 1 26 47 388
485 7
486 53 101 383
487 383 410
488 15
489 490 491 492 493 494 495 496 497
490 1 489 900 905 2402 2487 3096 3256 3380 3415 3426 3646 3797 3803
491 386 469 489 817 900 905 920 998 1046 1112 2402 2407 2464 2487 3096 3380 3415 3426 3646 3797 3803
492 5 489
493 489
494 489
495 489 4102
496 489
497 489
498 456
499 1
500 7 17 381
501 381
502 5 19 381
503 5 381 915 3521
504 41 381 813
505 381 409
506 41 381
507 381 391
508 6 381
509 381 409 410
510 381 960 2609
511 9 381 819
512 26 381
513 381 391
514 381 393
515 7 9 381 3773
516 381
517 381
518 381 558 3973
519 5 52 381
520 381 393 3521
521 381
522 2 381 558
523 1 381
524 381
525 26 381 383
526 5 26 381 618 619 620 621
527 381 391
528 41 381 393 3173
529 381 393
530 381
531 381 393
532 381 393
533 15
534 438 476 535 536 537 538 539 540
535 21 100 534 538 1295 3095 5102 5141 5142
536 21 534 561 2286 2290 2308 2309 4751 4941 4942 4943 4944 4945 4946 4947 4948 4949 4950 4951 4952 4953 4954 4955 4956 4957 4958 4959 4960
537 8 12 534 631 3554 3569 3571 3631 3632 4040 4041 4042 4043 4044
538 28 100 534 535 3469 5102 5103
539 8 534 562 631 1121 2306 2314 3539 3550 3631 3637 5150 5152 5164 5165 5166 5167 5168
540 1 7 9 21 100 534 1734 4435 4436 4437 4438 4439 4440 4441 4442 4443 4444 4445 4446 4447 4448 4449 4450 4451 4452 4453
541 105 542
542 105 393 541 4064
543 5 52 393
544 7
545 6
546 192 547 548
547 1 2 3 6 9 546 2288 2306 2307 3531 3533 3539 3540 3543 3546 3548 3549 3551 3555 3557 3566 3567 3582 3619 3629 5151 5153 5154 5155
548 546
549 51 564 1017 2424 2428 2433 2440 2450 3526
550 21 51 58 59 64 65 207 219 241 242 248 386 437 475 600 817 856 857 859 865 867 868 882 901 903 920 972 1112 1117 1120 1196 1574 2181 2182 2184 2194 2195 2196 2199 2203 2206 2218 2220 2223 2243 2244 2260 2266 2268 2935 2940 2941 2958 2959 2988 3015 3016 3038 3051 3069 3150 3254 3276 3358 3359 3362 3369 3525 3796 3925 3926 3946 3948 4073 4130 4144 4146 4177 4178 4213 4215 4216 4226 4229 4231 4243 4244 4253 4283 4284 4334 4338 4354 4355 4361 4362 4366 4368 4370 4462 4875 4912 5331 5332 5333 5334 5335 5336 5337 5338 5339 5340 5341 5342 5343 5344 5345 5346 5347 5348 5349 5350 5351 5352 5353 5354 5355 5356 5357 5358
551 1 2 4 9 10 21 51 54 58 62 65 253 437 475 579 817 856 859 866 876 883 892 1045 1046 1112 1119 1481 1557 2187 2194 2195 2197 2198 2202 2203 2204 2215 2218 2244 2592 2930 2931 2988 3010 3011 3076 3150 3245 3246 3247 3248 3249 3250 3251 3252 3253 3254 3255 3256 3257 3258 3259 3260 3261 3262 3263 3264 3265 3266 3267 3268 3269 3270 3271 3272 3273 3274 3275 3276 3277 3278 3279 3280 3281 3282 3283 3284 3285 3286 3287 3288 3289 3290 3291 3292 3293 3294 3295 3296 3297 3298 3299 3300 3301 3302 3303 3304
552 4 51 65 570 857 866 895 1550 2181 3035 3047 3048 3049 3050 3051 3052 3053 3054
553 1 51
554 1 51
555 1 51
556 1 51
557 51
558 51 518 522
559 51 56
560 7 51
561 8 51 536 562 3625
562 8 51 539 561 631 3553 3569 3577 3603 3605 3608 3619 3624 3630 3631 3632 3633 3634 3635 3636 3637 3638
563 2 3 51 570 4609 4739 4822 4841 4902 4903 4904 4905 4906 4907 4908 4909 4910
564 51 549
565 51 570 5341
566 51
567 1 51
568 1 51
569 1 51
570 51 552 563 565 4087 4218 4333 4354 4355 5345
571 1 51
572 1 51
573 1 51
574 51 60
575 1 51
576 7 51
577 7 41 51
578 51
579 2 3 5 9 10 51 247 248 384 551 856 857 903 920 2149 2186 2275 2407 2688 2693 2695 3064 3069 3509 3524 4581 5457 5458
580 2 51 63
581 1 51
582 6 51
583 51 60
584 51 1111
585 51 475 856 3387 5418
586 9 51
587 1 51
588 1 51
589 51 3106 3153
590 1 41 51
591 1 51
592 7 51
593 51 131
594 51 847
595 51 5119
596 51
597 1 38 51
598 51 1050
599 1 51
600 1 3 5 21 22 24 49 51 52 56 63 86 93 131 173 180 200 550 631 871 899 903 914 923 928 937 940 944 1285 3275 4471 4912 5340 5346 5415 5416 5431 5842 5843
601 51
602 9 51
603 2 51
604 2 28 41 51 60 684
605 6 51
606 1 51
607 1 51 2834
608 1 6 51
609 1 51
610 1 51 1196
611 51 2629
612 1 6 9 51
613 1 51
614 51
615 38 51
616 15
617 5
618 526
619 526
620 526 3194
621 526
622 7 26 623
623 9 622
624 1 7 39 3116 4565
625 15 39 393 626 5745
626 39 625 1908 3116
627 39 3093
628 1 39 47
629 1 6 12 233 1401 1403 1727 1729 2313 2491 2492 2493 2494 2497 2498 2499 2504 2506 2508 2512 2522 2527 2529 2537 2538 2540 3862 3869 3921 4427 5173 5232 5237 5674 6059 6060 6061 6062 6063 6064 6065 6066 6067 6068 6069 6070 6071 6072 6073 6074 6075 6076 6077 6078 6079 6080 6081 6082 6083 6084 6085 6086 6087 6088 6089 6090 6091 6092 6093 6094 6095
630 233 476 1401 2525 3847
631 1 2 3 4 6 8 9 28 244 537 539 562 600 2542 2747 3532 3533 3534 3536 3537 3539 3540 3542 3543 3544 3546 3547 3549 3551 3553 3558 3559 3560 3568 3572 3602 3605 3612 3613 3614 3615 3616 3617 3618 3619 3620 3621 3622 3623 3624 3625 3626 3627 3628 3629
632 391
633 1 7 9 22 41
634 1 41
635 1 9 41 3120 4386 6148
636 1 6 9 41
637 1 41
638 1 41
639 1 41
640 1 41
641 1 41
642 1 41
643 1 41
644 1 41
645 41 47
646 34 41
647 41
648 1 41
649 41
650 41
651 41 3814
652 1 6 41
653 2 3 4 5 6 7 8 9 18 41 47 130 152 153 154 155 156 157 158 159 160 161 162 163 164 165 683 875 1184 1372 1789 1792 1883 2140 2634 2713 3679 4508 4553 4871 4872 4873 4874
654 41
655 6 41
656 1 20 41
657 6 7 9 41 1287
658 41 105 6150
659 1 9 41 931 3838
660 41 6161
661 1 41 910 1781 3956 3957
662 2 3 5 6 24 41 86 393 830 832 833 834
663 9 41 393 3527 3528 3529 3530 5578 5698 6151 6398 6438 6439 6440
664 41 117
665 6 41
666 6 9 41
667 41
668 41 5714
669 5 41 101
670 1 9 41 47 2614
671 41
672 24 41
673 1 9 22 41 2864 3104 5608 5685
674 22 41
675 41 4550
676 2 41
677 1 7 41 207
678 1 41 86
679 2 41
680 7 41
681 41
682 1 41
683 41 653
684 2 9 41 604
685 41 871 6018
686 41 423 1516
687 41
688 41 3814
689 1 7 9 38 41 1403
690 6 41
691 9 41
692 41
693 41
694 7 41 1431
695 41 47
696 1 9 41 4588
697 41 423
698 3 6 9 21 41 476
699 41 1286
700 20 41 423 1629 2142 4681
701 41 1624
702 1 7 41
703 1 6 41
704 1 41
705 41 47
706 6 7 41
707 1 41
708 41
709 41 57 3913
710 41
711 31 41
712 6 41
713 20 41
714 41
715 7 9 41
716 1 2 3 5 6 8 9 41 1372
717 1 24 41 119
718 2 41
719 41
720 6 41
721 2 41
722 41 5052
723 41 1032
724 1 41 5274
725 6 41
726 6 41
727 31 41
728 41
729 6 41
730 6 41
731 6 41
732 41
733 41 60 1893 2704 2802
734 1 41
735 7 41
736 1 24 26 41
737 1 41 2600
738 6 41
739 2 41 5974
740 1 41
741 34 41 63
742 6 41
743 6 41
744 9 41
745 1 9 41 60
746 1 6 41
747 6 41
748 41 2600
749 1 41
750 41 904
751 6 41
752 1 41
753 9 41 180
754 1 41
755 9 41
756 1 41 1059 1447
757 41
758 1 22 41
759 1 9 41
760 41 60 92
761 41 1286
762 1 41
763 31 41
764 1 41
765 9 41
766 3 41
767 9 41
768 41
769 1 31 41
770 41
771 1 6 7 9 41 904 914
772 41
773 41
774 19 41 87
775 41
776 41
777 41
778 1 9 41
779 6 41
780 1 6 9 41
781 1 41
782 1 41
783 41 2003
784 1 41
785 1 9 41
786 1 41
787 41
788 41 4476
789 9 41 1552
790 38 41
791 41 914
792 24 41
793 41 1490
794 26 41
795 26 41 60
796 21 28 41 868 892
797 41
798 24 41
799 41 57
800 1 41
801 2 3 5 21 28 41 47 2563 3755 4572 4773 4777 4778 4779 4780 4781 4782 4783 4784 4785 4786 4787 4788 4789 4790 4791 4792 4793 4794 4795 4796 4797 4798 4799 4800 4801 4802 4803 4804 4805 4806 4807 4808 4809 4810 4811 4812 4813 4814 4815 4816 4817 4818 4819 4820 4821 4822 4823 4824 4825 4826 4827 4828 4829 4830 4831 4832 4833 4834 4835 4836 4837 4838 4839 4840 4841
802 2 22 41
803 1 6 41 1032
804 1 41
805 24 41 47
806 41 49
807 41
808 19 41
809 1 7 41
810 1 41
811 41
812 41
813 31 504
814 456
815 456
816 817 818
817 5 28 65 475 491 550 551 816 988 2195 2196 2197 2204 2218 2930 2931 3341 3370 3379 3799 3800
818 64 816
819 5 9 511 2178 2485 3090 4519 4559 5743 6040 6041 6042 6043
820 9 16 53 1423 1713 1782 1894 2844 2876 3197 3199 3200 3467 4017 4601 4897 5086 5572 5594 5595 5596 5597 5598 5599
821 53
822 3 21 53 5699
823 3 45 53
824 53
825 53 874
826 3 20 53 56
827 53 63
828 829
829 828 858 955 1033 1034 2341 2385 2386 2387 2388 2389 2390 2391 2392 2393
830 662
831 2
832 9 662
833 1 662
834 662 923
835 836
836 1 835 843 845 989 990 991 992 993
837 15
838 456
839 423
840 164
841 101
842 843 844 845
843 1 6 9 28 836 842 845 1003 1004 1005 1006 1007 1008 1009 1010 1011 1012 1013 1014 1015 1016 1017 1018 1019 1020 1021 1022 1023 1024 1025
844 9 21 42 52 842 1336 1537 2633 3169 4726
845 5 407 469 836 842 843 958 992 1005 1091 2411 2423 2461 5825 5826 5827 5828
846 456
847 1 6 207 483 594 854 1371 1722 3055 3056 3739 4459 5064 5658 5659 5704 5712 5713 5812 5813 5814 5815 5816 5817 5818 5819 5820 5821 5822
848 7 9 483 853 2623 3056 3094 3336 4746 4846 5064 5704 5705 5706 5707 5708 5709 5710 5711 5712 5713
849 483
850 483
851 483
852 483 4901
853 483 848
854 483 847 3055 3348 4723
855 483
856 4 43 58 62 65 67 129 242 247 469 475 550 551 579 585 876 892 902 938 941 1045 1112 1119 1481 2190 2194 2205 2228 2239 2282 2465 2466 2477 2478 2479 2482 2483 2932 2958 3220 3245 3253 3386 3390 3641 4332 4333 4334 4335 4336 4337 4338 4339 4340 4341
857 4 21 43 54 59 62 65 67 129 219 241 242 247 248 386 437 550 552 579 868 876 883 892 901 902 903 938 941 1045 1117 1119 1120 1196 1481 1560 1564 1574 2181 2187 2194 2202 2210 2218 2220 2268 2280 2592 2928 2958 2988 3051 3220 3252 3254 3274 3275 3358 3359 3362 3369 3780 3882 3922 4144 4145 4229 4230 4326 4334 4338 4340 4875 4912 4917 5095 5331 5349 5414 5416 5430 5431
858 2 4 5 6 7 9 10 15 420 456 829 1000 1001 1002
859 4 550 551 974 975 976 977 978 979 980 981 982 983 984 985
860 4 1046 3310 3397 3398 3399 3400 3401 3402
861 4 2182 2223 2261 3343 3344 3345 3346 3347
862 4 469 2239 2476 2477 2478 2479 2480 2481 2482 2483 2484
863 4 1112 2189 2241 3886 4154 4278 4279 4280 4281 4282
864 4 2206 2234 2247 2251 2936 2939 2948 2955 4238 4239 4240 4241 4242 4243 4244 4245 4246 4247 4248 4249 4250 4251 4252 4253 4254
865 4 550 3393 3394 3395 3396
866 4 437 551 552 902 903 995 1112
867 4 550 2196 4101
868 4 28 132 550 796 857 2148 2181 2193 2206 2227 2819 2945 3038 3069 3150 3273 3292 3387 3440 3922 4070 4072 4209 4244 4284 4322 4462 4549 4917 5100 5308 5407 5481 5505 5908 5921 6214 6215 6216 6217
869 4 2324
870 4
871 1 2 3 4 5 6 600 685 904 4426
872 1 2 3 4 8 60 3988
873 4
874 1 2 3 4 5 6 9 26 117 825 1908 1971 4000 4469 4504 4978 5075 5076 5077 5078
875 4 653
876 4 47 59 469 551 856 857 901 903 2194 2224 3000 3030 3150 3175 3245 3922 3930 3944 4080 4284 4326 4334 4336 4462 5336 5338 5342 5347 5350 5413 5416 5582 6360 6368 6369 6370
877 4 4116 4319 4320
878 4 4575 6200 6248 6460
879 4
880 4
881 4
882 4 550 901
883 4 43 551 857 2181 3642 3643 3930 4334 5367
884 4 475 901
885 4 3943 5515 5516 5517
886 4
887 4 1558
888 4
889 4
890 4 3299 3403
891 4 4362
892 4 10 65 207 551 796 856 857 901 974 1112 2181 2958 2996 3000 3001 3002 3003 3004 3005 3006 3007 3008 3009 3010 3011 3012 3013 3014 3015 3016 3017 3018 3019 3020 3021 3022 3023 3024 3025 3026 3027 3028 3029 3030
893 4 475 4178
894 4 58 3803
895 4 552
896 101 469
897 5
898 5
899 1 2 3 5 7 47 86 600 1087 1088 1089 1094 1372 2580 2581 3191 3316 3650 4532 4533 4534 4537 6011
900 5 132 490 491 994 3031 3032 3033 3034 3035 3036 3037 3038 3039 3040 3041 3042 3043 3044
901 2 5 43 65 550 857 876 882 884 892 937 941 995 1040 1045 1117 2181 2187 2231 2255 2260 2273 2978 2984 2988 3000 3011 3015 3061 4140 4177 4178 4179 4213 4216 4224 4334 4362 4368 5333 5339 5345 5406 5407 5408 5409 5410 5411 5412 5413
902 2 3 5 7 8 9 248 856 857 866 979 2181 2279 2960 2972 2979 3019 3043 3389 4133 4301 4302 4303 4304 4305 4306 4307 4308 4309 4310 4311 4312 4313 4314
903 1 2 3 5 65 475 550 579 600 857 866 876 3393 3394 3395 3396 3525 4045 4046 4047 4048 4049 4050 4051 4052 4053 4054 4055 4056 4057
904 1 3 5 9 20 22 449 750 771 871 1087 1375 4426 4628 4653 5044 5045 5046 5047 5048 5049 5050
905 3 5 52 490 491
906 5 2611 3750
907 3 5 52 469
908 5 394
909 5
910 5 661
911 5
912 5 2464 3593
913 2 3 5 407 1048
914 2 3 5 7 47 52 600 771 791 1664 2617 2742 2830 5302 5754
915 5 503
916 5 960
917 5 3598 4091
918 5 1316
919 5
920 3 5 6 62 393 491 550 579 971 972 973
921 5 52 407 469 4774 5102 6132 6133
922 1 2 5 7 9 21 47 173 946 1442 1592 1801 1814 2046 2070 3220 3664 3702 3894 3983 4033 4397 4461 4471 4590 5277 5278 5279 5280
923 2 3 5 6 7 45 60 600 834 1096 1178 1368 1588 1891 2037 2558 2903 2905 3101 3690 3708 4503 4514 4670 4979 5660 5695 5696 5697
924 5 407
925 5
926 2 3 5 6 47 86 1337 1403 1645 5636
927 5 6 1917 5052
928 1 2 3 5 7 8 28 600 1375 1472 4856 5751
929 5
930 1 2 3 5 8 171 2556 2763 2901 2988 3752 4965 4966 4967 4968
931 1 3 5 86 659 6179
932 2 3 5 8 21 65 196 3046 4022
933 1 5 6 52 423 4031 4426
934 5
935 5
936 1 2 5 6 4962
937 2 5 21 47 600 901 4407 4478 4882
938 1 2 3 5 6 8 9 59 856 857 1797 2025 2194 4475 4515 4633 4641 4658 5039 5065 5066 5067 5068 5069 5070 5071 5072 5073 5074
939 5 6
940 1 2 3 5 6 9 600 6048
941 1 2 3 5 9 65 475 856 857 901 2228 4340 5452
942 5 3111
943 1 2 3 5 52 2863 5747
944 1 3 5 180 600 4755
945 5 52 86
946 2 3 5 6 8 28 47 922 1079 2547 2906 6165
947 101
948 101 429
949 101
950 101 1066 3751
951 101
952 15
953 383 410
954 15 955 956
955 829 954 3839
956 954
957 15
958 845 959
959 1 958 1086 1092 2417 2425 3526 4466 4467 4468
960 18 510 916 2609
961 962
962 456 961
963 456
964 456
965 456
966 456
967 456
968 456
969 456
970 456
971 920 2407
972 248 550 920 1045 2202 2216 2233 2276 4260 4266 4342 5337 5876
973 920
974 859 892
975 859 6188
976 859 995
977 859
978 859 3350
979 859 902
980 67 859
981 859 3255
982 859 2187
983 859 2220 3350
984 129 859
985 859
986 15 456
987 988
988 817 987 999 3186 3240 3241 3242
989 836
990 836
991 836
992 836 845
993 836 2412
994 900 995
995 132 475 866 901 976 994 2187 2958 2959 2960 2961 2962 2963 2964 2965 2966 2967 2968 2969 2970 2971 2972 2973 2974 2975 2976 2977 2978 2979 2980 2981 2982 2983 2984 2985 2986 2987 2988 2989 2990 2991 2992 2993 2994 2995 2996 2997 2998 2999
996 6 15
997 1
998 1 491
999 988
1000 858 2263 2375 3123 3124 3125 3126 3127 3128 3129 3405 3406 3407 3408 3409
1001 858 2403
1002 456 858
1003 843 2460 2461 2462
1004 843 1049 1050 1051
1005 9 843 845
1006 843 1092
1007 843 1030 2463
1008 843 2449 3807 3808 3809
1009 843 2411 2412
1010 843 6044
1011 843
1012 843 1092 2412
1013 22 843 2181 2412 4861
1014 843 1092
1015 28 843 1092 3808
1016 843 2426
1017 549 843 2422
1018 843
1019 843 1050 3874
1020 843 1050
1021 843
1022 843 4467
1023 843 1092
1024 843
1025 843 1092
1026 15
1027 7 105
1028 105 1032
1029 1 6 9 22 105
1030 1007
1031 9 1032
1032 1 6 9 21 47 209 257 264 280 315 723 803 1028 1031 1068 1142 1165 1177 1218 1221 1225 1261 1324 1352 1368 1442 1523 1546 1587 1594 1599 1638 1654 1672 1706 1713 1763 1847 1859 1867 1869 1884 1909 1910 1921 1926 2007 2009 2055 2056 2062 2074 2086 2106 2118 2121 2122 2123 2139 2142 2161 2162 2163 2164 2561 2633 2648 2651 2653 2737 2796 2801 2835 2877 2909 3229 3230 3450 3460 3463 3466 3470 3701 3719 3724 3733 3737 3808 3996 3997 4002 4009 4011 4013 4019 4030 4031 4387 4455 4483 4486 4495 4498 4592 4593 4604 4664 4671 4706 4763 4857 4867 4889 4892 4897 4898 4899 4940 4973 4974 4975 4976 4980 4982 5032 5046 5074 5094 5275 5307 5309 5540 5552 5567 5571 5574 5577 5597 5631 5632 5664 5673 5680 5684 5714 5715 5716 5717 5718 5719 5720 5721 5722 5723 5724 5725 5726 5727 5728 5729 5730 5731 5732 5733 5734 5735 5736 5737 5738 5739 5740 5741 5742
1033 829
1034 829
1035 456
1036 456
1037 1 420
1038 1039
1039 9 1038
1040 3 15 48 133 180 901 3988
1041 1042 1043
1042 10 1041 4724
1043 1041 1108 1721 3652 5276
1044 1045 1046
1045 16 551 856 857 901 972 1044 1112 1598 2181 2482 3819 3820 3821 3822 3823 3824 3825 3826 3827 3828 3829 3830 3831
1046 491 551 860 1044 2397 2471 2472 2473 2474 2475 2486 3310 3372 3373 3374 3375 3376
1047 118
1048 913
1049 1004 1050 1092
1050 1 9 598 1004 1019 1020 1049 1090 1092 2414 2415 2416 2419 2422 2427 2429 2434 2435 2448 2456 2458 2585 3808 4725 4726 4727 4728 4729 4730 4731 4732 4733 4734 4735 4736 4737
1051 1004
1052 22
1053 1 1054 1055
1054 18 1053 3100 3149 3165
1055 18 1053
1056 26
1057 1 6 7 9
1058 1
1059 1 7 25 756 5701
1060 1
1061 1 6 7 28 1718 6172 6173
1062 1 7
1063 1 6 7 9
1064 1 7
1065 1 7
1066 1 125 178 950 1137 1938 2649 4754 4911 5687
1067 1 6 7
1068 1 7 38 1032 3506
1069 1 6
1070 1 7
1071 1
1072 1 7
1073 1 7 9
1074 1 7 31
1075 1
1076 1 7 9
1077 1 7
1078 1 7
1079 1 2 3 7 9 946 1834 2052 2175 2736 3107 5068 5661 5662 5663 5664
1080 1 7
1081 1 7
1082 1 7
1083 1 1121 1309 6037
1084 1 7
1085 1 9 22 177 1705 6010 6150 6171
1086 1 475 959 1090 1092 1108 2190 2315
1087 1 6 7 899 904
1088 1 7 899
1089 1 899
1090 1 1050 1086 1197 2315 2414 2415 2416
1091 1 9 42 845 2414 2451 2453 2454 2455 2456 2457 2458 2459
1092 1 959 1006 1012 1014 1015 1023 1025 1049 1050 1086 2315 2413 2414 2417 2418 2419 2420 2421 2422 2423 2424 2425 2426 2427 2428 2429 2430 2431 2432 2433 2434 2435 2436 2437 2438 2439 2440 2441 2442 2443 2444 2445 2446 2447 2448
1093 1 6 5038
1094 1 6 7 899
1095 1 9
1096 1 9 22 923 4537
1097 1 4458 4911
1098 1 4458 5622
1099 1
1100 1
1101 1 6 6434
1102 1 9 22 1904 2113 5668
1103 1 171 4433 4640 5665 5975 5976 5977 5978
1104 1 6 1907 5654 5989
1105 1 9 47
1106 1
1107 1 48
1108 1 6 7 9 1043 1086 1204 1717 1721 2193 3330 4432 4546 5242 5243 5244 5245 5246 5247 5248 5249 5250 5251 5252 5253 5254 5255 5256 5257 5258 5259 5260 5261 5262 5263 5264 5265 5266 5267 5268 5269 5270 5271 5272
1109 1 56
1110 1
1111 1 584 3238 4752
1112 1 3 7 8 54 241 439 475 491 550 551 856 863 866 892 1045 1118 1120 2218 2228 2255 2483 2488 2958 3010 3011 3022 3255 3261 3265 3279 3286 3388 3440 3641 3798 4170 4178 4179 4213 4214 4215 4216 4217 4218 4219 4220 4221 4222 4223 4224 4225 4226 4227 4228 4229 4230 4231 4232 4233 4234 4235 4236 4237
1113 1 3506
1114 1 43
1115 1 5175 5365
1116 1 28 3166 3167 3168
1117 1 9 21 47 65 469 550 857 901 3435 3890 4076 4155 4164 4283 4284 4285 5343 5482 5501 5502 5503 5504 5505 5506 5507
1118 1 9 28 60 1112 1568 1575 1720 1736 2207 2686 2688 3295 3475 3626 3796 4076 4368 4558 4928 4935 5111 5454 5463 5762 5785 5830 5905
1119 1 6 9 61 65 551 856 857 3498 4256 5537 5873 5879
1120 1 2 7 475 550 857 1112 2181 3356 3368 5308
1121 1 8 539 1083 1197 2285 2286 2287 2288 2289 2290 2291 2292 2293 2294 2295 2296 2297 2298 2299 2300 2301 2302 2303 2304 2305 2306 2307 2308 2309 2310 2311 2312 2313 2314
1122 1 2
1123 1
1124 1
1125 1
1126 1 22
1127 1 2
1128 1 2
1129 1
1130 1 26
1131 1
1132 1 22
1133 1
1134 1
1135 1 9
1136 1 22
1137 1 1066 1992 2647 5672 6162
1138 1 9
1139 1 20 3502 4933
1140 1
1141 1
1142 1 1032
1143 1
1144 1
1145 1
1146 1 60
1147 1 22
1148 1 131
1149 1
1150 1 70
1151 1 2596
1152 1
1153 1 6 22
1154 1 6
1155 1 60
1156 1 9
1157 1
1158 1
1159 1
1160 1
1161 1
1162 1 6 26
1163 1 2
1164 1 6
1165 1 1032
1166 1 6 3548
1167 1
1168 1 22
1169 1
1170 1
1171 1 28
1172 1 6
1173 1 6454
1174 1 9
1175 1
1176 1 6
1177 1 1032
1178 1 923
1179 1 6 9
1180 1 22
1181 1 9
1182 1 12
1183 1
1184 1 653
1185 1 9
1186 1
1187 1 22 47
1188 1 9
1189 1 16 3114
1190 1
1191 1 6 9
1192 1 26
1193 1
1194 1 6
1195 1 6152
1196 1 21 100 550 610 857 1718 2259 2647 2660 2667 2743 2746 2919 3332 3863 4326 4648 4936 5026 5283 5635 5672 5713 5770 5924 5946 6053 6387 6389 6391 6399 6400 6401 6402
1197 1 438 1090 1121 3554 4956
1198 1 22 76
1199 1
1200 1 47
1201 1 2 2599
1202 1
1203 1 9
1204 1 2 20 21 1108 2593
1205 1 77
1206 1 56
1207 1
1208 1 6
1209 1 2
1210 1 2544
1211 1 6407
1212 1 31
1213 1 5302
1214 1 9
1215 1 5604
1216 1 9
1217 1 9 4472
1218 1 1032
1219 1 6 9 47 56
1220 1 56
1221 1 1032 1301
1222 1 22
1223 1
1224 1
1225 1 1032
1226 1 3653
1227 1
1228 1 22
1229 1 35
1230 1
1231 1 1298
1232 1 2597
1233 1 22
1234 1
1235 1 6 9 26 372
1236 1 9
1237 1
1238 1
1239 1
1240 1 22
1241 1
1242 1 7
1243 1
1244 1 82
1245 1 77
1246 1
1247 1
1248 1 1335
1249 1
1250 1
1251 1 7
1252 1
1253 1 9
1254 1
1255 1 7
1256 1
1257 1
1258 1 56 60 61
1259 1 9
1260 1 20 4585 5748
1261 1 1032
1262 1 2
1263 1
1264 1
1265 1
1266 1
1267 1 31
1268 1 9
1269 1 9
1270 1
1271 1 47
1272 1 6 9 5691 5692
1273 1 9 22 2883 5563 5690
1274 1 9 3955
1275 1 22
1276 1 9 22
1277 1 9 22 2884 2910
1278 1 9 4687
1279 1 9
1280 1 9 22
1281 1 9
1282 1 22
1283 1 9 1880
1284 1 9 4714 4771
1285 1 2 201 256 298 600 1434 1435 1625 1825 2064 2770 2858 2914 3207 3983 4403 4404 4405 4406 4407 4408 4409 4410 4411 4412 4413 4414 4415 4416
1286 1 2 6 9 699 761 2681 3098
1287 1 6 9 657 4615 4753
1288 1 1374 3455 4850 4880
1289 1
1290 1 3750 4911
1291 1 2 6 3331 3972 3981 4018 4756 4757 4758
1292 1 5744
1293 1
1294 1 26
1295 1 2 21 28 535 2281 3208 3469 3531 3540 3546 3547 3548 3606 4953 5106 6104 6105 6106 6107
1296 1 9 3506 3507
1297 1
1298 1 9 1231
1299 1 2
1300 1 26 393
1301 1 24 1221 1752 3438
1302 1
1303 1 6
1304 1
1305 1 3471 3472 4649
1306 1
1307 1 7 26
1308 1 19
1309 1 1083 3506
1310 1 26
1311 1 3 6 9 21 26 417 1958 2317 2318 2319 2320 2321 2322 2323
1312 1 2401 3306
1313 1
1314 1
1315 1 4911
1316 1 6 9 31 918 3953
1317 1 180
1318 1 6 9 3537 3545 3548
1319 1 9
1320 1 26
1321 1
1322 1
1323 1
1324 1 1032
1325 1 7
1326 1 5310 5311 5312 5313
1327 1 4911
1328 1 6 60
1329 1
1330 1 5755
1331 1
1332 1 22 3976 6145
1333 1
1334 1 9 257 5030 5031
1335 1 9 1248 3518 3519
1336 1 844 4726
1337 1 926 1339 1998 3313 4845
1338 1 226 1895 1955 4543 4574
1339 1 6 1337 2915 3168 3823 4346 5445 5446 5447
1340 1 3506
1341 1
1342 1 2 21
1343 1 9
1344 1
1345 1 6
1346 1 6 7 59 250 437 4767 4769 4770 5635 5637 5638 5639 5640 5641 5642 5643 5644
1347 1
1348 1 6 22 76
1349 1 3626
1350 1 9
1351 1
1352 1 1032
1353 1 26
1354 1 9
1355 1
1356 1 3106
1357 1
1358 1 4401
1359 1 6 7
1360 1 2614
1361 1 7 6158
1362 1 28 4546 4921 5748 5757 5758
1363 1
1364 1 6
1365 1 56 60
1366 1 6 22
1367 1 137
1368 1 923 1032
1369 1
1370 1
1371 1 847 4901 5659
1372 1 28 653 716 899 2109 3045 3046
1373 1 394
1374 1 6 9 1288 1498 1960 3687 3729 4856 4857 4858
1375 1 904 928
1376 1
1377 1
1378 1
1379 1
1380 1 9
1381 1 394
1382 1 9 63 371 1854 4586 4591
1383 1 9 2081 3694 4652 5090
1384 1 28 4963 6185 6245 6292 6293 6294
1385 1 1485
1386 1 26
1387 1 165
1388 1
1389 1 5416
1390 1 18 176 3151 3152
1391 1 22 3102
1392 1
1393 1 7
1394 1
1395 1 5040 5041
1396 1 12 5836
1397 1 7 9 2590 4738 4848 4849
1398 1 6 4738 4848
1399 1 6
1400 1 6
1401 1 629 630 3844 3853 3861 3862 6134 6135
1402 1 9 87
1403 1 6 437 629 689 926 1792 1938 2698 3028 3232 4932 5119 5579 5603 5604 5605 5606 5607 5608 5609
1404 1
1405 1 2650
1406 1 26
1407 1
1408 1 5986
1409 1 6 9 49 2616
1410 1 26
1411 1 9 22
1412 1 22 63
1413 1 76 186 252 4471
1414 1 456
1415 1 456
1416 1
1417 1 9
1418 1 6 28 1725 2590 2744 3413 3618 4977 4985 4986 4987 4988 4989 4990 4991 4992 4993 4994 4995 4996 4997 4998 4999 5000 5001 5002 5003 5004 5005 5006 5007 5008 5009 5010 5011 5012 5013 5014 5015 5016 5017 5018 5019 5020 5021 5022 5023 5024 5025 5026 5027 5028 5029
1419 1 117 1611
1420 1
1421 1 76
1422 1
1423 1 3 9 60 820 4981 5309
1424 1 7 2590 3964 4766 4767 4768 4769 4770
1425 1
1426 1 9
1427 1 26
1428 1 211
1429 1 9
1430 1
1431 1 49 694 4059
1432 1 3621
1433 1
1434 1 6 1285
1435 1 1285
1436 1
1437 1 6
1438 1
1439 1 7
1440 1
1441 1 9 2548
1442 1 922 1032
1443 1 22
1444 1
1445 1 9
1446 1 7
1447 1 9 49 756 4520
1448 1
1449 1 22
1450 1 22
1451 1
1452 1
1453 1 6
1454 1 211
1455 1
1456 1
1457 1
1458 1 9 154 3749
1459 1 6 7 9
1460 1
1461 1
1462 1 57
1463 1
1464 1 9
1465 1 6 9
1466 1 2 9
1467 1 6
1468 1 92
1469 1 2
1470 1 9 24 3206 3716
1471 1
1472 1 22 196 928
1473 1 450
1474 1 211
1475 1 211
1476 1 6
1477 1 9
1478 1 3095
1479 1 26
1480 1
1481 1 2 60 551 856 857 2181 3363
1482 1 34
1483 1 26 2544
1484 1
1485 1 6 473 1385 5088
1486 1 52 1630
1487 1 7
1488 1
1489 1 2
1490 1 793 4673 4772 5810
1491 1 9 20
1492 1 423
1493 1 6
1494 1
1495 1 9
1496 1 6
1497 1 3 47 1980 5634
1498 1 22 1374
1499 1 6
1500 1 22 3416 3932 3933 3934 3935 3936 3937
1501 1 16
1502 1 22
1503 1 47 5658
1504 1 26
1505 1 9 22 6414
1506 1 2680
1507 1
1508 1
1509 1 2
1510 1 28 5961 6294 6308 6357 6375 6376
1511 1
1512 1
1513 1 22 60
1514 1 9
1515 1 9 2216
1516 1 686
1517 1 2615
1518 1
1519 1 22
1520 1 61
1521 1 47
1522 1 7
1523 1 9 1032 4376
1524 1
1525 1
1526 1 6
1527 1 9 5072
1528 1 7
1529 1
1530 1 63
1531 1 6 7
1532 1 47
1533 1 6
1534 1 28 475
1535 1 4458
1536 1
1537 1 6 844 4622
1538 1
1539 1 6 76
1540 1 6 35
1541 1 6 72
1542 1
1543 1 26 3771 5054 5055
1544 1
1545 1
1546 1 1032
1547 1 6 9
1548 1
1549 1
1550 1 6 9 552 2181
1551 1 26
1552 1 31 789
1553 1 7
1554 1 4397
1555 1 2 6
1556 1 4112
1557 1 551 3443 5477 5878
1558 1 20 21 60 887 1559 3245 3279 3281 3804 3827 4066 4079 4103 4113 4115 4192 4194 4238 5006 5012 5322 5328 5515 5527 5875 5898 5903 5931 5937 6183 6189 6253 6261 6266 6270 6276 6278 6280 6295 6344 6374 6382
1559 1 1558 3434 3658
1560 1 242 857
1561 1 2690
1562 1 6252 6266
1563 1 245
1564 1 65 475 857 2181 3501
1565 1 2204 6318 6339 6355
1566 1 6329
1567 1 5469 6205 6206 6207
1568 1 1118 3796
1569 1
1570 1 3969 4576 5417
1571 1 2590
1572 1 4305
1573 1 4223 5934 5935
1574 1 241 363 550 857 4043 5215
1575 1 1118
1576 1 2697 5777 6458
1577 1 9 45
1578 1
1579 1 7
1580 1
1581 1
1582 1 9
1583 1 9
1584 1 2
1585 1 9 26
1586 1 47
1587 1 1032
1588 1 6 9 423 923 5660
1589 1
1590 1 20 22 60
1591 1
1592 1 20 922
1593 1
1594 1 1032
1595 1
1596 1 63 3095
1597 1 9
1598 1 1045
1599 1 1032
1600 1 6 3450
1601 1 9
1602 1 7
1603 1
1604 1 6 7 31
1605 1 9 5833
1606 1 21
1607 1
1608 1 9
1609 1 9
1610 1 9
1611 1 1419
1612 1 9
1613 1 3093
1614 1
1615 1
1616 1 38 60
1617 1
1618 1 6
1619 1
1620 1 271
1621 1 81
1622 1
1623 1 2 9
1624 1 701
1625 1 1285
1626 1 2 38
1627 1
1628 1
1629 1 700
1630 1 2 1486 2874 6452
1631 1
1632 1 6 9
1633 1 6
1634 1 49
1635 1 19
1636 1 24 119
1637 1 16
1638 1 1032
1639 1 2 5791
1640 1 2
1641 1 22 2611 5274
1642 1 7 22 63 475
1643 1 24 2736
1644 1 26
1645 1 2 926
1646 1 6 7
1647 1
1648 1 22
1649 1 6
1650 1
1651 1
1652 1
1653 1
1654 1 6 1032
1655 1 9
1656 1 2
1657 1 9
1658 1 9
1659 1 6 9
1660 1
1661 1 6 9
1662 1
1663 1 2 26
1664 1 914
1665 1 3893
1666 1 7
1667 1 7
1668 1 22
1669 1 6
1670 1
1671 1
1672 1 6 9 20 22 180 1032 4487
1673 1 2736
1674 1 6 9 1774
1675 1 3
1676 1
1677 1 9 35
1678 1 26 394
1679 1 26
1680 1 7 26
1681 1 26
1682 1 26
1683 1
1684 1
1685 1
1686 1 20
1687 1
1688 1 6 9 20
1689 1
1690 1
1691 1
1692 1
1693 1 6 196
1694 1 26
1695 1 60
1696 1 2
1697 1
1698 1
1699 1 6 131
1700 1 9 22
1701 1 9
1702 1
1703 1 2
1704 1 7
1705 1 1085
1706 1 2 3 1032
1707 1 9
1708 1 6 9
1709 1
1710 1
1711 1 26
1712 1 60
1713 1 2 9 22 820 1032
1714 1 6
1715 1 9
1716 1 56
1717 1 6 28 1108
1718 1 9 1061 1196 4065
1719 1
1720 1 6 7 9 28 1118 4432 5034 5252 5256 5276 6050 6051 6052 6053
1721 1 1043 1108 5262
1722 1 847
1723 1 6
1724 1
1725 1 1418
1726 1 21 476
1727 1 56 629 3866 6097
1728 1 21 56 476 2506 2539 2543 3859 3869 5226 5227 5228
1729 1 629 2313 2491 2496 3870 6058
1730 1 2 21 4788 4830 5198 5202 6385
1731 1 1741
1732 1 6 21 5119
1733 1 10
1734 1 540 5222
1735 1
1736 1 475 1118
1737 1
1738 1 6 100
1739 1 21 2491 3867 5238
1740 1 3 2313 4861
1741 1 1731 3469 5060 6106 6137
1742 1
1743 1 26
1744 1 9
1745 1 2
1746 1 6 22 4487
1747 1 131
1748 1 131
1749 1 131
1750 1
1751 1 6 9 423
1752 1 6 9 1301
1753 1 6 7 9
1754 1 423
1755 1 6
1756 1 6 22 5988
1757 1 6
1758 1 6
1759 1 6
1760 1 6 7
1761 1 6
1762 1 9
1763 1 6 1032
1764 1 6174
1765 1 9
1766 1 2 22
1767 1 9
1768 1 9
1769 1 9
1770 1 9
1771 1 9
1772 1 9
1773 1 6
1774 1 9 1674
1775 1
1776 1
1777 1 2 9
1778 1 9
1779 1
1780 1 22
1781 1 661
1782 1 820
1783 1 2
1784 1
1785 1 6
1786 1 9
1787 1 3506
1788 1 6
1789 1 2 7 21 653
1790 1
1791 1 22
1792 1 9 653 1403
1793 1
1794 1
1795 1 9
1796 1 26
1797 1 938
1798 1 9 57
1799 1 6
1800 1 49
1801 1 922
1802 1
1803 1 47 60
1804 1 456
1805 1 9
1806 1 9
1807 1 6
1808 1 6 423
1809 1 6 9
1810 1 22
1811 1 9
1812 1 9
1813 1 9
1814 1 2 9 63 180 922 2178 5279
1815 1
1816 1 6
1817 1 9
1818 1 9
1819 1 31
1820 1 9
1821 1 9 257
1822 1
1823 1
1824 1 423
1825 1 1285
1826 1 6
1827 1
1828 1
1829 1
1830 1
1831 1 9
1832 1
1833 1 24 31 4490 5544
1834 1 6 1079
1835 1 6
1836 1 6
1837 1 6
1838 1
1839 1 9
1840 1 9
1841 1 9
1842 1 20
1843 1 9 60
1844 1 24
1845 1 22
1846 1 6
1847 1 1032
1848 1
1849 1 199
1850 1 199
1851 1
1852 1 131
1853 1 6 9 20
1854 1 1382
1855 1 20
1856 1 20
1857 1 6 22
1858 1 6
1859 1 3 1032 3164
1860 1
1861 1 22 196
1862 1
1863 1
1864 1
1865 1 63
1866 1
1867 1 1032
1868 1 9
1869 1 1032
1870 1 2600
1871 1 9
1872 1 216
1873 1
1874 1 3506
1875 1 6
1876 1 6
1877 1 6
1878 1 21 63
1879 1 9
1880 1 6 1283
1881 1 60
1882 1 2
1883 1 653
1884 1 22 1032
1885 1
1886 1
1887 1
1888 1
1889 1 9
1890 1 7 70
1891 1 923
1892 1 16
1893 1 6 733
1894 1 3 24 47 820 4479
1895 1 6 20 1338
1896 1 6 7
1897 1 6 9 22
1898 1 6 9
1899 1 6
1900 1 6 9
1901 1 6
1902 1 9
1903 1 9
1904 1 26 1102
1905 1
1906 1 22
1907 1 47 1104 2588 6160
1908 1 7 626 874
1909 1 1032
1910 1 1032
1911 1 18
1912 1
1913 1
1914 1 22
1915 1 9 22
1916 1
1917 1 927
1918 1 6 9
1919 1 4403
1920 1 6
1921 1 6 1032 2853
1922 1 9 22
1923 1
1924 1 6 9
1925 1
1926 1 1032
1927 1 9 22
1928 1 2 5684
1929 1 7
1930 1
1931 1 9
1932 1
1933 1 6 7 9
1934 1 6 9
1935 1 9
1936 1 9
1937 1 9
1938 1 9 1066 1403
1939 1 6
1940 1 9
1941 1 6
1942 1 6 9
1943 1 9
1944 1
1945 1 22
1946 1 9
1947 1 9
1948 1 26
1949 1 47
1950 1 9
1951 1 7 9
1952 1
1953 1 6 22 2856
1954 1 9
1955 1 1338
1956 1 423
1957 1
1958 1 117 1311
1959 1 3447
1960 1 1374
1961 1
1962 1
1963 1 3506
1964 1 6
1965 1 63
1966 1 2 6 21 63
1967 1 22
1968 1 2 22
1969 1 9 22 5297
1970 1
1971 1 874
1972 1
1973 1 117
1974 1 117
1975 1 7
1976 1 7
1977 1 6 9
1978 1 56
1979 1
1980 1 9 1497
1981 1 9
1982 1
1983 1 6
1984 1 7
1985 1 6 9
1986 1 22 5738
1987 1
1988 1
1989 1 6 9 20 22
1990 1 3506
1991 1 131
1992 1 1137
1993 1 22
1994 1 6
1995 1
1996 1 6 9
1997 1 7 9
1998 1 1337 5694
1999 1 9 22
2000 1
2001 1 7 9
2002 1 7 9
2003 1 9 783
2004 1 6 9
2005 1 6
2006 1 6 9
2007 1 6 1032
2008 1 6
2009 1 6 1032
2010 1 6
2011 1
2012 1 6
2013 1 6
2014 1 6
2015 1 6
2016 1 6
2017 1
2018 1 9 21
2019 1 6 76
2020 1
2021 1
2022 1
2023 1 196
2024 1 7
2025 1 938
2026 1 199
2027 1 24
2028 1
2029 1 22
2030 1 52
2031 1 3 63
2032 1
2033 1 6
2034 1 7
2035 1
2036 1 7
2037 1 923
2038 1 9
2039 1 26
2040 1
2041 1 22
2042 1 9
2043 1 24
2044 1
2045 1 7
2046 1 60 922
2047 1 61
2048 1 22
2049 1 77
2050 1 9
2051 1 22
2052 1 1079
2053 1
2054 1 9
2055 1 1032
2056 1 1032
2057 1
2058 1 22 34
2059 1 9
2060 1
2061 1
2062 1 1032
2063 1 6
2064 1 1285
2065 1 9
2066 1
2067 1 6
2068 1
2069 1
2070 1 922
2071 1 31
2072 1 2
2073 1 76
2074 1 1032
2075 1 31
2076 1
2077 1 2 3 34
2078 1
2079 1 22 47
2080 1 22
2081 1 7 1383
2082 1
2083 1 6 22
2084 1 9 56
2085 1
2086 1 1032
2087 1
2088 1 9
2089 1 216
2090 1 7
2091 1
2092 1 9
2093 1
2094 1
2095 1
2096 1 22
2097 1 2
2098 1 9
2099 1 9
2100 1 180
2101 1
2102 1 22
2103 1 21
2104 1 22
2105 1 24
2106 1 60 1032 2732
2107 1 31
2108 1
2109 1 2 3 8 21 1372 3506
2110 1 7
2111 1 7 19
2112 1 22
2113 1 24 1102
2114 1
2115 1 28 76
2116 1 60 86 180
2117 1 31
2118 1 9 1032
2119 1 2
2120 1 2
2121 1 7 22 1032
2122 1 1032
2123 1 1032
2124 1
2125 1
2126 1 22
2127 1 22
2128 1 38
2129 1 63
2130 1 24
2131 1 22 191 4400 6429
2132 1
2133 1 9
2134 1 7 257
2135 1 22
2136 1 22
2137 1 22
2138 1 76
2139 1 1032
2140 1 653
2141 1 9
2142 1 22 700 1032
2143 1 3435
2144 1 28 245 3058 3780
2145 1
2146 1 475
2147 1 20
2148 1 475 868
2149 1 28 579
2150 1 22
2151 1 22
2152 1 22
2153 1 9
2154 1 2
2155 1 9
2156 1 7
2157 1 77
2158 1 3194
2159 1 6
2160 1
2161 1 1032
2162 1 1032
2163 1 1032
2164 1 1032
2165 1
2166 1 6
2167 1 9
2168 1 49
2169 1
2170 1 6
2171 1 6
2172 1 9
2173 1 2611
2174 1 24
2175 1 1079
2176 1 7 9 28
2177 1 7 9
2178 1 819 1814
2179 1 7
2180 1 6 9 22 38
2181 59 65 67 207 242 247 386 437 475 550 552 857 868 883 892 901 902 1013 1045 1120 1481 1550 1564 2218 2268 2280 2284 2592 2988 3048 3052 3053 3159 3202 3252 3254 3307 3351 3352 3353 3354 3355 3356 3357 3358 3359 3360 3361 3362 3363 3364 3365 3366 3367 3368 3369
2182 475 550 861 2202 4264 6262
2183 475 2200 3079 3089 3291 4046 4048 4052 4053 4054 4067 4068 4069 4070 4077 4078 4080 4081 4082 4084 4085 4086 4088 4155 4156 4157 4158 4159 4160 4161 4162 4163 4164 4165 4166 4167 4168
2184 65 475 550 2265 4119 6211
2185 475
2186 475 579
2187 28 60 475 551 857 901 982 995 4141 4143 4153 5333 5411 5421 5422 5423 5424 5425 5426 5427 5428
2188 28 437 475 3789 3792 5892 5893 5894
2189 475 863 4913
2190 65 475 856 1086 2200 2465 2466 2469 2476 2484 3385 3386 3387 3388 3389 3390 3391 3392
2191 475 3886 3887 3888 3889 3890 3891
2192 475
2193 6 28 475 868 1108 2402 3932 4179 5457
2194 6 7 59 475 550 551 856 857 876 938 2202 2264 3150 3192 3251 3891 3923 3932 4244 4341 4349 4362 4576 5182 5375 5376 5377 5378 5379 5380 5381 5382 5383 5384 5385 5386
2195 65 475 550 551 817 2205 2229 2401 3068 3305 3306
2196 475 550 817 867 3130 3131 3132 3133 3134 3135 3136 3137 3138 3139 3140 3141 3142 3143 3144
2197 10 207 475 551 817 2927 2928 2929 2930 2931 2932 2933
2198 475 551 3796
2199 6 129 475 550 2204 2925 3258 3284 3380 5353 5379 5417 5419 5478 5479 5480
2200 475 2183 2190
2201 475 4109 6367
2202 129 475 551 857 972 2182 2194 2209 2217 2225 2232 2246 2250 2256 2272 4256 4257 4258 4259 4266 4267 4268 4269 4270 4271 4273 4275 4342 5337 5344 5884 5885 5886
2203 10 475 550 551 2324 3787 4344
2204 28 65 475 551 817 1565 2199 2218 3442 3789 3790 3804 4171 4306 5314 5315 5316 5317 5318 5319 5320 5321 5322 5323 5324 5325 5326 5327 5328 5329 5330
2205 475 856 2195
2206 132 475 550 864 868 2935 2936 2937 2938 2939 2940 2941 2942 2943 2944 2945 2946 2947 2948 2949 2950 2951 2952 2953 2954 2955 2956 2957
2207 475 1118
2208 475
2209 475 2202
2210 65 475 857 4219 5451
2211 475 3802 5512 5513 5514
2212 219 475
2213 43 475
2214 475
2215 475 551
2216 64 475 972 1515
2217 475 2202
2218 61 65 475 550 551 817 857 1112 2181 2204 2304 2692 3057 3058 3059 3060 3061 3062 3063 3064 3065 3066 3067 3068 3069 3070 3071 3072 3073 3074 3075 3076 3077
2219 475
2220 43 475 550 857 983 2976 3939 3940 3941 3942 3943 3944 3945
2221 64 475
2222 475 2275
2223 475 550 861
2224 439 475 876
2225 475 2202
2226 129 475
2227 475 868
2228 469 475 856 941 1112
2229 475 2195 4282
2230 475 4913
2231 475 901
2232 475 2202
2233 475 972
2234 475 864 5363
2235 475
2236 475 3058
2237 65 475
2238 475
2239 475 856 862 3391
2240 384 475
2241 475 863
2242 475
2243 475 550 3261
2244 475 550 551
2245 475 3946
2246 475 2202
2247 475 864
2248 475 3914 6218
2249 3 475
2250 64 475 2202
2251 475 864 5335
2252 54 475 3889
2253 475 3498 3499
2254 475
2255 475 901 1112
2256 475 2202
2257 475 3245
2258 475
2259 475 1196
2260 129 475 550 901 2977 4210
2261 475 861
2262 64 475
2263 475 1000
2264 475 2194
2265 62 65 475 2184 6211
2266 475 550
2267 475 4362
2268 183 475 550 857 2181 4134 4137 4321 4322 4323 4324 4325 4326 4327 4328 4329 4330
2269 475
2270 475
2271 475
2272 475 2202
2273 475 901
2274 475
2275 475 579 2222
2276 475 972
2277 475
2278 475
2279 475 902
2280 475 857 2181
2281 475 1295
2282 38 475 856
2283 65 475
2284 475 2181
2285 1121 4398
2286 536 1121
2287 1121 3612
2288 547 1121
2289 438 1121
2290 536 1121 4950 6112
2291 1121 4398
2292 1121 4398
2293 28 248 1121
2294 438 1121
2295 438 1121
2296 1121
2297 1121 4950
2298 438 1121
2299 28 438 1121
2300 438 1121
2301 438 1121
2302 438 1121
2303 1121
2304 438 1121 2218
2305 438 1121
2306 539 547 1121
2307 8 547 1121 3544
2308 536 1121
2309 536 1121
2310 1121
2311 21 1121
2312 1121
2313 476 629 1121 1729 1740 2489 2491 2496 2510 4427 4861
2314 539 1121
2315 1086 1090 1092 2414 2417
2316 34 35
2317 1311
2318 2 1311
2319 1311
2320 1311 5790
2321 1311 3506
2322 1311
2323 1311
2324 869 2203
2325 15 456
2326 15 456
2327 456
2328 456 2394 2395
2329 456
2330 456
2331 456
2332 456
2333 456
2334 456
2335 456
2336 456 2377
2337 456
2338 456
2339 456
2340 456
2341 456 829 3183
2342 456
2343 456
2344 456
2345 456
2346 456
2347 456
2348 456
2349 456
2350 456
2351 15 456
2352 456
2353 456
2354 456
2355 456
2356 456
2357 15 456
2358 456
2359 456
2360 456
2361 456
2362 456
2363 456
2364 456
2365 456
2366 456
2367 456
2368 456 3311
2369 456 5040
2370 456
2371 456
2372 456
2373 456
2374 456
2375 456 1000
2376 456
2377 456 2336
2378 456
2379 456
2380 456
2381 456
2382 456
2383 456
2384 456
2385 829
2386 829
2387 829
2388 829
2389 829
2390 829 3093 4868
2391 829
2392 829
2393 829
2394 2328
2395 2328
2396 21
2397 1046 2398
2398 2397
2399 47
2400 2401
2401 28 1312 2195 2400 3119 3185 3520 4203 5437 5459
2402 490 491 2193
2403 1001
2404 2405
2405 2404 2408 3079 3080 3084 3085 3086 3087 3088 3089
2406 2407
2407 491 579 971 2406 2409 3078 3081 3082 3085 3174 3178 3179 3180 3181 3182 3419 3420 3421 3422 3423 3424 3425 3474 3510 3511 3512 3513 3514 3515 3516 3517
2408 2405
2409 2407
2410 52
2411 845 1009
2412 7 993 1009 1012 1013 2418 2419 2430 2443 2447 2457 2460 2462 3874 3875 3876 3877 3878 3879 3880
2413 1092
2414 28 38 1050 1090 1091 1092 2315 2454 3170 3508 4727 4728 4734 5703
2415 1050 1090
2416 1050 1090 3169 4847
2417 959 1092 2315
2418 1092 2412 2443 3808 3880
2419 1050 1092 2412 2444
2420 1092 5803
2421 1092
2422 28 1017 1050 1092 3508 3808 5063 5652 5753
2423 845 1092
2424 549 1092
2425 959 1092
2426 1016 1092 3808
2427 1050 1092
2428 549 1092 2432
2429 28 1050 1092
2430 1092 2412
2431 1092
2432 1092 2428
2433 549 1092
2434 1050 1092
2435 28 1050 1092 4737 4847
2436 1092
2437 28 1092 3808
2438 1092 3808
2439 1092
2440 549 1092 3808
2441 1092
2442 1092
2443 1092 2412 2418
2444 1092 2419
2445 1092
2446 1092
2447 1092 2412
2448 1050 1092
2449 1008
2450 549
2451 1091 2452
2452 2451 2453
2453 1091 2452
2454 1091 2414
2455 1091
2456 1050 1091
2457 1091 2412
2458 1050 1091 5837
2459 1091
2460 1003 2412 6175
2461 845 1003
2462 1003 2412
2463 1007 3875
2464 8 28 469 491 912 3532 3535 3583 3586 3587 3589 3590 3591 3592
2465 469 856 2190
2466 469 856 2190
2467 469
2468 65 469
2469 469 2190
2470 469 3220
2471 1046
2472 1046
2473 1046
2474 1046
2475 1046
2476 862 2190
2477 62 856 862
2478 856 862
2479 856 862 4336
2480 862
2481 862
2482 247 856 862 1045
2483 856 862 1112 3253
2484 862 2190
2485 160 393 819
2486 1046
2487 490 491
2488 60 1112
2489 476 2313 3895 5187 5188 5189 5190 5191 5192
2490 476
2491 476 629 1729 1739 2313 2495 2520 2522 2524 2525 2526 2528 2530 2534 2535 3840 3841 3842 3843 3844 3845 3846 3847 3848 3849 3850 3851 3852 3853 3854 3855 3856 3857 3858 3859 3860 3861 3862 3863 3864 3865 3866 3867 3868 3869 3870 3871
2492 476 629
2493 476 629
2494 476 629
2495 476 2491 3197
2496 476 1729 2313
2497 476 629
2498 476 629
2499 476 629
2500 476
2501 476
2502 476 5794
2503 476 3847
2504 476 629 3847
2505 476 3845
2506 476 629 1728 3845
2507 476
2508 118 476 629
2509 476
2510 476 2313
2511 476
2512 476 629 3845 5109
2513 476 3978 5109
2514 476
2515 476
2516 476 3845
2517 476
2518 476
2519 476
2520 476 2491
2521 476
2522 476 629 2491 3197
2523 476
2524 476 2491
2525 476 630 2491
2526 476 2491
2527 476 629
2528 476 2491
2529 476 629
2530 476 2491
2531 476 3197
2532 476 3845
2533 476
2534 476 2491 3848
2535 476 2491
2536 476 3845
2537 476 629
2538 476 629 3847
2539 476 1728
2540 476 629
2541 476
2542 9 438 476 631
2543 476 1728
2544 18 60 423 1210 1483 2628 3101
2545 7 423
2546 2 423
2547 423 946
2548 423 1441
2549 423 5032
2550 9 60 423
2551 60 423
2552 6 25 423
2553 60 423
2554 9 423
2555 47 423 5032
2556 423 930
2557 60 423
2558 423 923
2559 102 423
2560 6 423
2561 423 1032
2562 6
2563 801 2564 2565 2566
2564 2563 2566
2565 2563 3767 4739 6136
2566 2563 2564 4854
2567 9 31 6448
2568 9
2569 7 9
2570 7 9 20
2571 7 9
2572 2 6 7 9
2573 7 9 2629
2574 7 9
2575 9 3713 6001 6003 6471
2576 6 7 9 19 48
2577 7 9
2578 7 9
2579 7 9
2580 6 7 9 22 899 6428
2581 7 9 899
2582 9
2583 6 9
2584 9
2585 9 28 1050 5652
2586 9 6409
2587 6 9
2588 9 1907 5625
2589 9 5775 6046 6169
2590 9 1397 1418 1424 1571 3332 3443 4927 4928 4929 4930 4931 4932 4933 4934 4935 4936 4937
2591 2 6 9 12 57 3469 4961
2592 9 21 63 551 857 2181 3641 3642 3643
2593 9 1204 2920 2941 3264 3825 4919 4929 5469 5484 5787 6184 6257 6356
2594 6 7 9 3435 5898 5899 5900 5901 5902 5903
2595 9 86
2596 6 9 1151
2597 9 1232 6171
2598 9 26
2599 9 1201 4006
2600 9 24 737 748 1870
2601 2 9
2602 9 2689 3789 4705
2603 9
2604 9 16 4502 5560 5592 5593
2605 9 16 5601 5602
2606 9 16 5055 5600
2607 9 16
2608 9 24 60 3173 4454 4455 4456 4457
2609 9 510 960
2610 7 9 21 28 63 365 3754 3755 3760 3763 3765 3768 4739 4741 4773 4776 4778 4781 4783 4785 4786 4789 4790 4797 4798 4799 4800 4803 4804 4808 4815 4827 4853 4854 4906 4907 5146 5181 5194 5195 5196 5197 5198 5199 5200 5201 5202 5203 5204 5205
2611 9 906 1641 2173 3750 4429
2612 9 114 393
2613 9
2614 6 7 9 221 280 670 1360 3711 4058 4850 4880
2615 9 22 144 1517 6045
2616 9 1409
2617 6 7 9 454 914 3309
2618 9
2619 9
2620 9 3751
2621 2 9
2622 6 9
2623 9 848 4459 4937 5818 6149
2624 9
2625 9
2626 9 2650 3112 4759
2627 9 52 2661 5577
2628 7 9 2544
2629 9 611 2573 3977
2630 9 5689
2631 9
2632 6 9
2633 6 9 844 1032 3995
2634 9 653
2635 9 28 3753 3754 3755 3756 3757 3758 3759 3760 3761 3762 3763 3764 3765 3766 3767 3768 3769 3770
2636 9 5300
2637 9 172 2868 4058
2638 9 22
2639 9 22
2640 9 22 110
2641 9 22
2642 6 9
2643 7 9
2644 7 9
2645 6 9
2646 9 27
2647 9 1137 1196
2648 6 9 1032
2649 9 1066 4550 4988 5670 5671 5672
2650 9 1405 2626
2651 9 1032
2652 9 21
2653 9 1032
2654 7 9
2655 9
2656 9
2657 9 12 5060 5234
2658 9 28
2659 9 56
2660 6 9 28 1196
2661 9 2627
2662 9
2663 9
2664 9
2665 6 9
2666 9
2667 9 61 1196 6406
2668 9
2669 9
2670 9 5600 6408
2671 9 60 4476
2672 9 22
2673 2 7 9
2674 6 9
2675 9
2676 2 9 34
2677 9 31
2678 9 102
2679 6 9
2680 9 1506
2681 9 1286
2682 6 9
2683 9
2684 9
2685 9
2686 9 28 1118
2687 9
2688 9 579 1118
2689 9 2602 5175
2690 9 1561
2691 9 28
2692 9 28 2218 3070 5325
2693 9 579
2694 9 28 5175
2695 6 9 579 4189 5760 5765
2696 9
2697 6 9 28 1576
2698 9 1403
2699 9
2700 9
2701 9 117
2702 9
2703 9
2704 6 9 733
2705 9
2706 9
2707 9 4426
2708 9 86
2709 9 3114
2710 9 24
2711 9 25
2712 9 121
2713 9 653
2714 6 9
2715 6 9
2716 2 9
2717 9
2718 9
2719 7 9
2720 2 9
2721 9 22
2722 7 9
2723 9
2724 9
2725 9
2726 9
2727 9
2728 9 26
2729 6 9 5701
2730 9 4976
2731 9
2732 9 2106
2733 9
2734 9
2735 6 9
2736 9 60 1079 1643 1673 3313 3314 3315
2737 6 9 1032
2738 9 26
2739 6 9
2740 6 9 26
2741 9 4547
2742 9 914
2743 9 1196
2744 9 1418 3410 4987
2745 6 9 12 438 5234 5235
2746 6 9 1196
2747 6 9 28 631 5059 5185 5186
2748 9 4924 5143
2749 6 9 5060
2750 9 131
2751 7 9
2752 6 9 22
2753 6 9
2754 7 9 19
2755 9
2756 6 9
2757 9
2758 6 9
2759 9
2760 9 24
2761 9
2762 9
2763 9 930
2764 2 9
2765 9
2766 9 22
2767 6 9
2768 6 9
2769 9 20
2770 9 1285
2771 6 9 119
2772 6 9
2773 9 24
2774 9
2775 9
2776 6 9 6038
2777 9
2778 7 9
2779 9 52
2780 9
2781 9
2782 9
2783 6 9
2784 6 9
2785 6 9
2786 2 9
2787 6 9
2788 9
2789 6 9
2790 6 9
2791 6 9
2792 6 9 20 31 5700
2793 6 9
2794 9
2795 9
2796 9 1032
2797 6 9
2798 9
2799 9
2800 9 20
2801 6 9 1032
2802 6 9 733
2803 6 9
2804 6 9
2805 6 9 48
2806 6 7 9
2807 6 7 9
2808 9 4426
2809 9 123
2810 9 60
2811 6 9
2812 2 9
2813 9 22
2814 9
2815 9
2816 6 9
2817 6 9
2818 9
2819 9 28 868
2820 9
2821 9 4662
2822 6 9
2823 6 9
2824 6 9
2825 6 9
2826 6 9
2827 6 9
2828 9 4641
2829 9 48
2830 9 914
2831 9 31
2832 9
2833 9 60 63
2834 6 9 607
2835 9 1032
2836 6 9 394
2837 6 9
2838 6 9
2839 6 9
2840 6 7 9
2841 6 9
2842 9
2843 9
2844 9 60 820
2845 9 102
2846 9
2847 9
2848 9
2849 6 9
2850 9 31
2851 9
2852 9
2853 9 1921
2854 6 9
2855 9
2856 9 1953
2857 9 60
2858 9 1285
2859 9 5680
2860 9
2861 9 180
2862 9 131
2863 9 943
2864 9 673
2865 9 22
2866 9
2867 2 9
2868 9 22 2637
2869 9
2870 9 26
2871 6 9 22
2872 9
2873 9
2874 9 1630
2875 9
2876 9 820
2877 9 1032
2878 9
2879 9
2880 6 9
2881 7 9
2882 9
2883 9 1273
2884 9 1277
2885 9 76
2886 9
2887 9 3893 5751 6410
2888 6 9
2889 9
2890 9
2891 9
2892 2 9 22
2893 9
2894 9
2895 9 5971
2896 9 22
2897 6 9
2898 6 9
2899 9
2900 9
2901 9 930
2902 9 102
2903 9 923
2904 9 47
2905 9 923
2906 9 946
2907 6 9
2908 9 4968
2909 9 1032
2910 9 1277 6049
2911 9 76
2912 6 9 2913
2913 9 2912
2914 9 63 1285 4415
2915 6 1339 2916 2917 2918 2919 2920 2921 2922 2923
2916 2915 3646
2917 2915 4170
2918 2915 3646
2919 1196 2915 2920
2920 248 2593 2915 2919 5934 6189 6227 6228 6229
2921 2915 4170
2922 2915 3646
2923 2915
2924 15
2925 2199
2926 6
2927 2197 4207 4212 5278 5449 5450
2928 10 65 857 2197
2929 2197
2930 10 551 817 2197 3378
2931 10 551 817 2197
2932 856 2197
2933 2197
2934 15
2935 550 2206
2936 864 2206
2937 2206
2938 2206 3796
2939 864 2206
2940 550 2206
2941 550 2206 2593 4199
2942 2206 3796
2943 2206 4190 4197
2944 2206
2945 868 2206
2946 2206
2947 2206
2948 864 2206
2949 2206
2950 2206 3796
2951 2206
2952 2206 3796
2953 2206 3796
2954 2206
2955 864 2206 3796
2956 2206 3796
2957 2206 3796
2958 65 550 856 857 892 995 1112 3031 3153 3397 3940 5497 5925
2959 132 550 995
2960 902 995
2961 995 3036 3040
2962 67 995
2963 995
2964 67 995 3941 5408 6343
2965 995
2966 67 995
2967 995 4213
2968 995 3350
2969 995 4216 6351
2970 67 995
2971 995 3350
2972 902 995
2973 67 995
2974 67 995 4349
2975 67 995
2976 995 2220
2977 995 2260
2978 901 995
2979 902 995
2980 995
2981 995 3251
2982 995
2983 995
2984 901 995
2985 995 3010
2986 995
2987 995 4213
2988 550 551 857 901 930 995 2181
2989 67 995
2990 995 4215
2991 995 5351
2992 995 3003
2993 67 995
2994 995 4213
2995 995
2996 892 995
2997 67 995
2998 67 995 3025 6284
2999 995 3350
3000 876 892 901 3022 3032 5916 6335 6336 6337
3001 892
3002 66 892 4216 5427 6312
3003 62 892 2992 3617
3004 892 3010
3005 892 4213
3006 892
3007 67 892 3260 6334
3008 892 3350
3009 892 4216
3010 551 892 1112 2985 3004 3066 3254 4142 4216 4261 5868 5872 5895 5896 5897
3011 551 892 901 1112 6260
3012 62 892
3013 892 3034
3014 892 3350
3015 68 550 892 901
3016 550 892
3017 892
3018 132 892
3019 892 902 5896
3020 892 3350
3021 892
3022 892 1112 3000 5339
3023 62 892
3024 892 3044
3025 892 2998
3026 892
3027 892 4215
3028 892 1403 6464
3029 67 892
3030 876 892 3350
3031 900 2958
3032 900 3000
3033 900
3034 900 3013
3035 552 900
3036 900 2961
3037 900 3505 6330 6331
3038 54 550 868 900 6223
3039 132 900
3040 900 2961
3041 900
3042 900
3043 54 62 900 902
3044 900 3024
3045 3 8 28 60 1372
3046 2 932 1372
3047 552
3048 552 2181
3049 59 552
3050 552 5582
3051 550 552 857
3052 552 2181
3053 552 2181
3054 552
3055 847 854 3056
3056 847 848 3055 4901
3057 2218 3184 3389 3938
3058 6 28 2144 2218 2236 3062 3481 3485 3490 3493 3494 3774 3777 3780 3781 3810 3901 3903 3904 3910 3912 3916 3917 3920 4094 4096 4105 4108 4417 4576 5462 5470 5485 5854 5911 5922 5927 5933 5950 5954 5968 6204 6208 6230 6231 6232 6233 6234 6235 6236 6237 6238 6239 6240 6241 6242 6243 6244
3059 2218 4205 5917 5918
3060 2218 4286 4287 4288
3061 62 901 2218
3062 2218 3058 3481 3482 3483 3484 3485 3486 3487 3488 3489 3490 3491 3492 3493 3494 3495 3496 3497
3063 2218 5525 5528 6220 6221 6222
3064 68 579 2218 3252 4049
3065 2218
3066 2218 3010
3067 2218 3778 3786 3883 3884 3885
3068 28 2195 2218 4116
3069 550 579 868 2218
3070 28 2218 2692 3898 5913 6291 6333
3071 2218 5460
3072 28 2218 5947
3073 2218 5919 5920
3074 2218
3075 65 2218
3076 551 2218
3077 62 241 2218
3078 2407
3079 2183 2405
3080 2405
3081 2407
3082 2407 3083
3083 3082
3084 2405
3085 384 2405 2407 3175 3176 3177
3086 2405
3087 2405
3088 2405
3089 2183 2405
3090 6 393 819
3091 18
3092 18 3093 3094
3093 627 1613 2390 3092 3116 3117 3118
3094 848 3092
3095 18 535 1478 1596 3096 3097 3098 3099 3100
3096 490 491 3095
3097 3095
3098 16 1286 3095
3099 3095
3100 1054 3095
3101 923 2544
3102 18 282 1391 3103 3104 3105
3103 3102 3172
3104 47 673 3102
3105 3102
3106 18 299 589 1356 3107 3108
3107 1079 3106
3108 3106
3109 18
3110 18
3111 18 942 3112
3112 2626 3111
3113 18
3114 18 1189 2709
3115 18
3116 7 624 626 3093 4675
3117 15 3093
3118 3093
3119 2401
3120 7 635
3121 15
3122 15
3123 1000
3124 1000
3125 1000
3126 1000
3127 1000
3128 1000
3129 1000
3130 2196
3131 2196
3132 2196
3133 2196
3134 2196
3135 2196
3136 2196
3137 2196
3138 2196
3139 2196
3140 416 2196
3141 2196
3142 2196
3143 2196
3144 2196
3145 15
3146 7
3147 3148
3148 18 3147
3149 1054 3150
3150 47 550 551 868 876 2194 3149 3291 3891 4051 4074 4164 5502 5538 5773 5904 6198
3151 176 1390
3152 176 1390
3153 18 589 2958 3154 3155
3154 3153
3155 3153 3163
3156 176
3157 176
3158 176
3159 18 2181 3160
3160 3159
3161 18 3162
3162 3161
3163 18 3155
3164 18 1859
3165 1054
3166 1116 3819
3167 1116 3819
3168 1116 1339
3169 42 844 2416
3170 42 2414
3171 42
3172 3103
3173 528 2608
3174 2407
3175 876 3085
3176 3085
3177 3085
3178 2407
3179 2407
3180 2407
3181 2407
3182 2407
3183 15 420 2341
3184 3057
3185 2401
3186 988
3187 26
3188 7 26
3189 7 26
3190 6 7 26
3191 6 26 899 6411
3192 7 26 2194 3921
3193 7 26
3194 2 26 47 63 620 2158 3771 3772
3195 26
3196 26
3197 26 56 118 820 2495 2522 2531 3506 3845 3846 3847 3848 3865 3868 5109 5238 6120 6140 6141 6142
3198 26
3199 26 820
3200 26 820
3201 26 135
3202 26 2181
3203 26
3204 26 31
3205 26
3206 26 1470
3207 26 1285 5039
3208 26 1295 3540 3606
3209 26
3210 26 394 5314 5319 5320 5321 6273 6279 6286 6320 6379 6430
3211 2 26
3212 26
3213 26
3214 2 26
3215 2 26 47
3216 6 26
3217 26
3218 2 26
3219 26
3220 26 856 857 922 2470 3385 3978 6384
3221 26 87
3222 6 26
3223 2 26
3224 7 26
3225 2 26
3226 2 26
3227 6 26
3228 6 26
3229 26 1032
3230 26 1032
3231 26
3232 26 1403
3233 26 70
3234 26
3235 26
3236 7 26
3237 26
3238 26 1111 4752
3239 26 38
3240 988 3899
3241 988
3242 988
3243 148
3244 148
3245 437 551 856 876 1558 2257 4332 5508
3246 64 551 3272 3285 6219 6226 6271 6272 6273 6274 6275
3247 62 551
3248 551 4301
3249 551
3250 551 3414 3801
3251 551 2194 2981 4227 6284 6285
3252 68 551 857 2181 3064 3928 5095 5433 5509 5518 5519 5520
3253 12 63 551 856 2483
3254 2 3 8 21 550 551 857 2181 3010 4356 5581 5582 5583 5584
3255 551 981 1112 4142 5464 5465
3256 490 551
3257 60 551 5033
3258 551 2199 4549 5531 5874 6203
3259 551 3475
3260 551 3007 5497 6180 6250 6251
3261 551 1112 2243 3822 4138 4213
3262 551 4200
3263 551
3264 551 2593
3265 54 551 1112
3266 248 551 3277 4217 4225 5956
3267 551 4301
3268 54 551 6213 6275 6276
3269 6 551
3270 551 5387 5388 5389
3271 551
3272 551 3246
3273 551 868 5904
3274 551 857
3275 28 551 600 857
3276 550 551 4179
3277 551 3266 5420
3278 10 551 3280 5951 5952
3279 21 551 1112 1558 3398 3400 3401 5508
3280 551 3278
3281 551 1558
3282 437 551 4127 6258 6289
3283 551
3284 551 2199
3285 551 3246
3286 551 1112
3287 551
3288 551 5769 6286
3289 551
3290 551 4216
3291 439 551 2183 3150
3292 551 868 5873
3293 551
3294 551
3295 551 1118
3296 551
3297 551
3298 129 551
3299 551 890
3300 551 4276
3301 551
3302 551 3796
3303 551
3304 551
3305 2195 3901 6246
3306 1312 2195 5496
3307 59 459 2181
3308 110
3309 2617
3310 860 1046
3311 2 86 2368 3312
3312 3311
3313 1337 2736
3314 2736
3315 24 31 180 2736
3316 6 7 394 899
3317 394
3318 6 394 4476
3319 394
3320 394
3321 6 394
3322 2 394
3323 394
3324 22 394
3325 7 394
3326 394
3327 20 60 394
3328 6 394
3329 3330
3330 6 7 1108 3329
3331 2 1291
3332 10 1196 2590 3446
3333 10
3334 10
3335 24
3336 848
3337 61
3338 61
3339 6 7 61 76 5349
3340 61
3341 817 3342
3342 3341
3343 861
3344 861
3345 64 861
3346 64 861
3347 64 861
3348 854
3349 3350
3350 978 983 2968 2971 2999 3008 3014 3020 3030 3349 3942 3945 4131 4334 6260 6380 6381
3351 2181
3352 2181
3353 59 2181
3354 2181
3355 59 2181
3356 1120 2181 3642
3357 2181 3362
3358 550 857 2181 5414
3359 243 550 857 2181 3882 4328 4356 4357 4358 4359
3360 2181
3361 2181 6055
3362 62 65 131 550 857 2181 3357
3363 1481 2181 5414 6346
3364 59 2181 3389
3365 43 2181
3366 2181 6055
3367 2181 5308
3368 1120 2181
3369 550 857 2181
3370 28 817
3371 383 410
3372 1046
3373 1046
3374 1046 5957
3375 1046
3376 1046 6226
3377 3 7
3378 2930
3379 817 3380 3381 3382 3383 3384
3380 490 491 2199 3379 3381 3384 4549 5468 5524 5526 5529 6220 6225 6288
3381 3379 3380
3382 3379
3383 3379 5524
3384 3379 3380 5526
3385 2190 3220
3386 62 856 2190
3387 585 868 2190
3388 1112 2190
3389 384 902 2190 3057 3364 3796 4219 4362
3390 62 65 856 2190
3391 2190 2239
3392 2190
3393 865 903
3394 865 903
3395 865 903
3396 865 903
3397 860 2958
3398 860 3279
3399 860 5762
3400 860 3279
3401 860 3279 5762
3402 860 4213
3403 890
3404 6
3405 1000
3406 1000
3407 1000
3408 1000
3409 1000
3410 6 2744 3411 3412 3413
3411 3410
3412 3410
3413 1418 3410
3414 3250
3415 490 491 3416 3417 3418
3416 1500 3415
3417 3415
3418 3415
3419 2407
3420 2407
3421 2407
3422 2407
3423 2407
3424 2407
3425 2407
3426 490 491 3427 3428 3429 3430 3431 3432 3433
3427 3426 3442 3443
3428 3426
3429 3426
3430 3426
3431 3426
3432 3426
3433 3426 4929
3434 1559 3435
3435 28 1117 2143 2594 3434 5328 5899 5902 5931 6252 6267 6269 6287 6317 6356 6366 6374 6378 6379
3436 6 7
3437 110
3438 31 1301
3439 19
3440 868 1112
3441 438
3442 2204 3427 4302
3443 1557 2590 3427 4302 4349 4350 4351 4352 4353
3444 3445
3445 22 3444
3446 182 248 3332 4550 5776 6162
3447 3 52 180 1959 4842
3448 180
3449 49 180
3450 6 7 180 1032 1600 5612
3451 6 180
3452 180
3453 20 180
3454 180
3455 180 1288
3456 180
3457 180
3458 3 52 180
3459 180
3460 24 180 1032
3461 180
3462 7 180
3463 24 60 180 1032 4850
3464 31 180
3465 2 180
3466 180 1032
3467 180 820
3468 12 28 3469
3469 8 438 538 1295 1741 2591 3468 3542 3566 4573 5185
3470 1032
3471 1305 3472
3472 1305 3471 3473
3473 393 3472
3474 2407
3475 6 1118 3259 5370
3476 129
3477 219 248 5584
3478 219
3479 219
3480 219
3481 3058 3062
3482 3062
3483 3062 3969
3484 3062 3899
3485 3058 3062 3486 4295 4296 4297 4298 4299 4300
3486 28 3062 3485 3504 3505 3775 3776 3951 4060 4180 4187 4316 4343 4417 5429 5436 5438 5487 5488 5489 5490 5491 5492 5493 5494 5495
3487 3062
3488 3062
3489 3062 3915
3490 3058 3062
3491 3062
3492 3062
3493 3058 3062
3494 3058 3062
3495 3062
3496 3062
3497 3062 3774
3498 1119 2253 3499
3499 2253 3498
3500 67
3501 1564
3502 28 1139
3503 3504 3505
3504 3486 3503 3899
3505 3037 3486 3503 3806 3810 3811 3812
3506 3 16 30 251 275 1068 1113 1296 1309 1340 1787 1874 1963 1990 2109 2321 3197 4017 4392 5585 5586 5587 5588 5589 5590 5591
3507 1296
3508 2414 2422
3509 579
3510 2407
3511 2407
3512 2407
3513 2407
3514 2407
3515 2407
3516 2407
3517 2407
3518 1335
3519 7 1335
3520 2401
3521 52 503 520 3522
3522 3521
3523 7
3524 579
3525 550 903
3526 28 549 959
3527 2 663 3528 3529 3530
3528 663 3527
3529 663 3527
3530 663 3527
3531 8 547 1295 3573 4036
3532 8 192 631 2464 3534 3572 3583 3584 3585 3586 3587 3588 3589 3590
3533 8 547 631 3565 3571 3592 3595 3596 3630 3633 3634 3636 3639 4042 6098 6099 6100 6101
3534 8 631 3532 3584 3598 3599 3600 3601 3602 3603 3604
3535 8 2464
3536 8 631 5156 5164 6102
3537 8 631 1318 3564 3575 3579 3597 3605
3538 8
3539 8 539 547 631 3597 5160 5161 5163 6108
3540 8 547 631 1295 3208 3570 3605 3606 3607 3608 3609 3610 3611
3541 8
3542 8 631 3469 3640
3543 8 547 631 3633 5165 5171 5172
3544 8 631 2307 3629
3545 8 1318 3563 3579 4560 5147 5148 5149
3546 8 547 631 1295 3559 3563
3547 8 631 1295
3548 8 547 1166 1295 1318 3595 3596
3549 8 547 631
3550 8 539 3578
3551 8 547 631
3552 8 16 3562 3832 3833
3553 8 562 631 5158
3554 8 537 1197 4544
3555 8 21 547
3556 8 3595 3630
3557 8 547
3558 8 631
3559 8 631 3546
3560 8 631
3561 8
3562 8 3552
3563 8 248 3545 3546 5152
3564 8 3537
3565 8 3533 3576
3566 8 547 3469 4544
3567 8 547
3568 8 631
3569 8 537 562 5156
3570 8 3540
3571 8 537 3533
3572 6 8 631 3532
3573 8 3531 6109
3574 8 3612
3575 8 3537
3576 8 3565
3577 8 562
3578 8 3550
3579 8 3537 3545
3580 8
3581 8
3582 8 547
3583 2464 3532
3584 52 407 3532 3534 3586 3600 3601 3602 4854
3585 3532
3586 2464 3532 3584 3592
3587 2464 3532 3594
3588 3532 5169 5170
3589 2464 3532
3590 2464 3532
3591 2464
3592 2464 3533 3586
3593 912
3594 3587
3595 3533 3548 3556
3596 3533 3548
3597 3537 3539
3598 917 3534
3599 3534
3600 3534 3584
3601 3534 3584
3602 631 3534 3584
3603 562 3534
3604 3534
3605 562 631 3537 3540
3606 1295 3208 3540
3607 3540
3608 562 3540
3609 3540
3610 3540
3611 3540
3612 631 2287 3574 5149 5154 5156 5157 5159 5160 5161 5162
3613 631 3626
3614 631
3615 631 3905 5470
3616 631 4160 5416
3617 631 3003
3618 631 1418
3619 547 562 631
3620 438 631
3621 6 28 631 1432 4518 5179 5217 5838 5839
3622 631
3623 631
3624 562 631
3625 561 631
3626 6 28 631 1118 1349 3613 5182 5183
3627 631
3628 631
3629 547 631 3544
3630 562 3533 3556
3631 537 539 562
3632 537 562
3633 562 3533 3543
3634 562 3533
3635 562 6143
3636 562 3533
3637 539 562
3638 562
3639 3533
3640 3542
3641 856 1112 2592
3642 883 2592 3356 5486
3643 883 2592
3644 60
3645 3646
3646 490 491 2916 2918 2922 3645 4170 4189 4315 5390 5391 5392 5393 5394 5395 5396 5397 5398 5399 5400 5401 5402 5403 5404 5405
3647 7 22
3648 7 22
3649 7 22
3650 6 22 899 6411
3651 22
3652 22 1043 4432 5242 5251 5256 5267
3653 22 1226
3654 22
3655 22
3656 22 5657
3657 2 22
3658 22 1559 5787 5899 6270 6365
3659 22
3660 22 3893
3661 22
3662 22
3663 22
3664 2 22 922
3665 2 22
3666 6 22
3667 7 22
3668 6 22 60 214 336
3669 22 77
3670 22
3671 22 131
3672 22 63 86
3673 22 4575
3674 22
3675 22
3676 6 22
3677 22
3678 22
3679 22 653
3680 2 21 22 3688
3681 22 60
3682 22 131
3683 2 22
3684 22 86
3685 6 22
3686 22 138
3687 22 1374
3688 22 3680
3689 2 22
3690 22 923
3691 22
3692 22
3693 6 22
3694 22 1383
3695 22 173
3696 6 22
3697 6 22 24
3698 22
3699 22
3700 6 22
3701 22 1032
3702 20 22 24 922
3703 22 257
3704 22
3705 6 22
3706 6 7 22
3707 22
3708 22 923
3709 22
3710 22
3711 22 2614
3712 7 22
3713 22 2575
3714 6 22
3715 22
3716 22 24 1470
3717 22
3718 22
3719 22 1032
3720 22
3721 22 49
3722 22 38
3723 22 24
3724 22 60 1032
3725 22
3726 22
3727 7 22
3728 22
3729 22 1374
3730 22 76
3731 22 31
3732 22 38
3733 22 47 1032
3734 22
3735 6 22
3736 22 38
3737 22 1032
3738 22 77
3739 847
3740 6 131
3741 131
3742 131
3743 131
3744 131
3745 24 131
3746 38 131
3747 7 131
3748 131
3749 131 1458
3750 906 1290 2611 3751
3751 450 950 2620 3750 4429 5744 6163
3752 7 930
3753 2635 4854
3754 2610 2635
3755 801 2610 2635
3756 2635
3757 2635
3758 2635 4742
3759 2635
3760 2610 2635
3761 2635
3762 2635 4742
3763 2610 2635
3764 2635 4740
3765 2610 2635
3766 2635
3767 2565 2635
3768 2610 2635
3769 2635
3770 2635
3771 1543 3194
3772 134 3194
3773 515
3774 6 3058 3497 3775 3776 3777 3778 3779 3780 3781 3782 3783 3784 3785 3786
3775 3486 3774 3788 3952
3776 3486 3774
3777 3058 3774 6259
3778 3067 3774
3779 3774 3900
3780 28 437 857 2144 3058 3774 3781 3872 3900 3903 3911 4090 4091 4092 4093 4094 4095 4096 4097 4098 4099 4100
3781 3058 3774 3780
3782 3774
3783 3774
3784 3774
3785 3774
3786 3067 3774
3787 2203
3788 3775
3789 2188 2204 2602 3790 3791 3792 3793 3794
3790 2204 3789
3791 3789
3792 2188 3789
3793 3789 6187
3794 3789
3795 3796
3796 550 1118 1568 2198 2938 2942 2950 2952 2953 2955 2956 2957 3302 3389 3795 4190 4240 4246 4248 4249 4251 4290 4291 5364 5372 5373 5455 5456 5521 5845 5846 5847 5848 5849 5850
3797 490 491 3798
3798 28 1112 3797 5844
3799 817
3800 817
3801 3250
3802 2211
3803 62 65 490 491 894
3804 1558 2204
3805 7
3806 3505
3807 1008
3808 28 443 1008 1015 1032 1050 2418 2422 2426 2437 2438 2440 4733 5803
3809 1008
3810 3058 3505 5435 6341
3811 3505
3812 3505
3813 16
3814 16 651 688 3893
3815 16
3816 16
3817 16
3818 16
3819 1045 3166 3167 4345 4346 4347 4348
3820 1045
3821 28 437 1045
3822 21 1045 3261
3823 1045 1339
3824 64 1045
3825 6 1045 2593
3826 1045
3827 1045 1558
3828 1045
3829 1045
3830 1045
3831 1045
3832 3552 4449 5143
3833 3552
3834 438 3835 3836
3835 3834 4950
3836 3834
3837 6
3838 659
3839 955
3840 2491 4427 4428
3841 21 2491 4861
3842 2491 5109
3843 2491
3844 1401 2491
3845 2 21 56 2491 2505 2506 2512 2516 2532 2536 3197 3846 3849 3855 3858 3864 3866 3869 5109 6083 6120 6121 6122 6123 6124 6125 6126 6127 6128 6129
3846 2491 3197 3845
3847 248 630 2491 2503 2504 2538 3197
3848 2491 2534 3197
3849 2491 3845
3850 2491
3851 2491
3852 2491 4427
3853 1401 2491
3854 2491
3855 2491 3845
3856 2491
3857 2491
3858 2491 3845
3859 1728 2491
3860 2491
3861 1401 2491
3862 629 1401 2491
3863 1196 2491
3864 2491 3845
3865 2491 3197 6070
3866 1727 2491 3845
3867 1739 2491
3868 2491 3197
3869 629 1728 2491 3845
3870 1729 2491
3871 2491
3872 3780 3873
3873 3872
3874 1019 2412
3875 28 2412 2463 4466 6175
3876 2412
3877 2412 5063
3878 2412
3879 2412
3880 2412 2418
3881 438
3882 857 3359
3883 3067
3884 3067
3885 3067 5462
3886 863 2191 5377
3887 2191
3888 2191
3889 2191 2252
3890 62 1117 2191
3891 58 2191 2194 3150
3892 3 6 65
3893 2 3 25 47 85 1665 2887 3660 3814 4392 5305 5971 6153 6154 6155 6156 6157 6158 6159
3894 2 3 21 922
3895 3 2489 5191 5192 5206 5207 5208 5209 5210 5211 5212 5213 5214
3896 3 6 31
3897 3
3898 3070
3899 3240 3484 3504 4095 4180 4181 4182 4183 4184 4185 4186 4187 4188
3900 28 248 3779 3780 3901 3902 3903 3904 3905 3906 3907 3908 3909 3910 3911 3912 3913 3914 3915 3916 3917 3918 3919 3920
3901 3058 3305 3900 4090 6311
3902 3900 4481
3903 3058 3780 3900
3904 28 3058 3900 5860
3905 3615 3900
3906 437 3900
3907 3900
3908 3900
3909 438 3900
3910 3058 3900
3911 3780 3900
3912 3058 3900
3913 709 3900 5462
3914 2248 3900
3915 3489 3900
3916 3058 3900
3917 3058 3900
3918 3900
3919 3900 6208
3920 3058 3900
3921 6 629 3192
3922 59 857 868 876 5473 5906 6327 6328
3923 59 2194 4308 4607
3924 59
3925 59 550
3926 59 550 4917
3927 59 4582
3928 59 3252
3929 59
3930 59 876 883
3931 59
3932 6 28 1500 2193 2194 3937 4110 5476 5914 5949 6313 6314 6315 6316
3933 1500
3934 1500 4110
3935 1500 4110
3936 1500
3937 1500 3932
3938 3057
3939 67 2220
3940 2220 2958
3941 2220 2964 6465
3942 2220 3350
3943 885 2220 5320
3944 876 2220 4338 5347
3945 2220 3350 6380
3946 248 550 2245 3947 3948 3949 3950
3947 3946
3948 550 3946
3949 248 3946 5434
3950 3946
3951 3486
3952 3775
3953 6 1316
3954 24 393 3955
3955 1274 3954
3956 60 661
3957 661
3958 393
3959 2 28 3960 3961 3962 3963 3964
3960 248 3959
3961 3959
3962 3959
3963 3959
3964 1424 3959
3965 6
3966 2 7
3967 2
3968 2 6 7
3969 2 1570 3483 4117 4118 4119 4120 4121 4122 4123 4124 4125 4126 4127 4128 4129
3970 2 88
3971 2 6153
3972 2 1291 4722
3973 2 518 4753
3974 2 434
3975 2
3976 2 1332 6145
3977 2 2629
3978 2 21 47 2513 3220
3979 2
3980 2
3981 2 1291 4984
3982 2
3983 2 922 1285
3984 2 7
3985 2
3986 2 6
3987 2 155
3988 2 872 1040
3989 2 48
3990 2
3991 2 3998
3992 2
3993 2
3994 2 31
3995 2 2633
3996 2 1032
3997 2 1032
3998 2 3991
3999 2
4000 2 874
4001 2 6
4002 2 1032
4003 2
4004 2 6
4005 2
4006 2 2599
4007 2 6
4008 2
4009 2 1032
4010 2 21
4011 2 1032
4012 2
4013 2 1032
4014 2 31
4015 2
4016 2 7
4017 2 820 3506
4018 2 1291 4722
4019 2 1032
4020 2 5790
4021 2
4022 2 932
4023 2 21 5602
4024 2 57
4025 2
4026 2 7
4027 2 6
4028 2
4029 2 60
4030 2 47 49 1032
4031 2 933 1032
4032 2 60
4033 2 922
4034 2
4035 2 21
4036 2 3531
4037 2 47
4038 2 47
4039 2
4040 6 537
4041 537
4042 537 3533
4043 537 1574
4044 537
4045 903 4284
4046 903 2183
4047 384 903
4048 903 2183 5375
4049 903 3064
4050 384 903
4051 903 3150
4052 903 2183
4053 903 2183
4054 903 2183
4055 384 903
4056 903 5892 5969
4057 384 903
4058 2614 2637
4059 1431
4060 3486 4061 4062
4061 4060
4062 4060
4063 6
4064 542 4537
4065 28 1718
4066 1558
4067 384 2183
4068 384 2183
4069 384 2183 4262
4070 384 868 2183
4071 384
4072 384 868 4284
4073 62 384 439 550 4083 4158 4334 5506 5855 5856
4074 384 3150
4075 384 4262
4076 384 1117 1118
4077 384 2183
4078 384 2183
4079 384 1558
4080 384 876 2183
4081 384 2183
4082 384 2183
4083 384 4073
4084 384 2183
4085 384 2183
4086 384 2183
4087 384 570
4088 384 2183
4089 384
4090 3780 3901
4091 917 3780
4092 3780
4093 3780
4094 3058 3780
4095 3780 3899
4096 3058 3780
4097 3780
4098 3780
4099 3780
4100 3780
4101 867 4106
4102 495
4103 1558 4104
4104 4103
4105 3058
4106 248 4101 4344
4107 6 4108
4108 3058 4107
4109 2201
4110 3932 3934 3935 4111
4111 4110
4112 1556
4113 1558 4114 4115
4114 4113 4305
4115 1558 4113 4305 6205 6324 6325 6326
4116 877 3068
4117 3969
4118 60 3969
4119 2184 3969 5511 5867
4120 3969
4121 3969 5926
4122 3969
4123 3969
4124 3969 4318
4125 3969
4126 3969
4127 437 3282 3969
4128 3969
4129 28 3969 4318
4130 67 550 5335
4131 67 3350
4132 67
4133 67 902
4134 62 67 2268 6186
4135 62 67 6336
4136 67
4137 67 2268 4323 5509 5510
4138 54 64 67 3261 5366
4139 67
4140 67 901
4141 67 2187
4142 67 3010 3255
4143 67 2187
4144 67 550 857
4145 21 67 857
4146 67 242 550
4147 67 5342
4148 62 67
4149 67
4150 67
4151 67
4152 67
4153 67 2187
4154 67 863 4913
4155 1117 2183
4156 439 2183
4157 2183
4158 2183 4073 4262
4159 2183
4160 2183 3616
4161 2183
4162 2183
4163 2183
4164 1117 2183 3150
4165 2183
4166 2183
4167 2183
4168 2183
4169 4170
4170 1112 2917 2921 3646 4169 4558 5760
4171 2204 4172 4173 4174 4175 4176
4172 4171
4173 4171 5867
4174 4171
4175 4171
4176 4171
4177 550 901 4178 4179
4178 54 550 893 901 1112 4177 4360 4365 5357 5891 5967 6348
4179 901 1112 2193 3276 4177 4201 4360 4361 4362 4363 4364 4365 4366 4367 4368 4369 4370 4371
4180 3486 3899
4181 3899
4182 3899
4183 3899
4184 3899
4185 3899
4186 3899 5487
4187 3486 3899
4188 3899
4189 2695 3646
4190 2943 3796 4191 4192 4193 4194 4195 4196 4197 4198 4199
4191 4190
4192 1558 4190
4193 4190
4194 1558 4190 4244
4195 4190
4196 4190 4244
4197 2943 4190
4198 4190
4199 2941 4190
4200 129 3262
4201 4179 4202
4202 248 4201
4203 2401
4204 4205
4205 3059 4204
4206 129
4207 129 2927
4208 129
4209 129 868
4210 129 2260
4211 129
4212 129 2927
4213 62 550 901 1112 2967 2987 2994 3005 3261 3402 4311 5408 6180 6181 6182
4214 1112
4215 54 550 1112 2990 3027
4216 66 550 901 1112 2969 3002 3009 3010 3290 5422 5868 5869 5870 5871 5872
4217 1112 3266
4218 64 570 1112
4219 6 1112 2210 3389
4220 1112
4221 1112
4222 1112
4223 1112 1573 4331
4224 901 1112
4225 1112 3266 5387 6202
4226 62 550 1112 4274
4227 1112 3251
4228 1112
4229 7 550 857 1112
4230 65 857 1112
4231 20 550 1112
4232 1112
4233 1112
4234 1112 4368
4235 1112
4236 1112
4237 1112
4238 864 1558 4244
4239 864
4240 864 3796
4241 864
4242 864 5455 5456
4243 550 864 4920
4244 550 864 868 2194 4194 4196 4238 5372 6361
4245 864
4246 864 3796
4247 864
4248 864 3796
4249 864 3796
4250 864
4251 864 3796
4252 864
4253 550 864
4254 864
4255 64
4256 64 1119 2202 6383
4257 64 2202
4258 54 64 2202
4259 64 2202
4260 64 972
4261 62 64 3010 5895
4262 64 4069 4075 4158 6372
4263 64
4264 64 2182 5374
4265 64
4266 64 972 2202
4267 64 2202
4268 64 2202
4269 64 2202
4270 64 2202
4271 64 2202
4272 64
4273 64 2202
4274 64 4226
4275 64 2202
4276 64 3300
4277 64
4278 62 863 4913
4279 863
4280 863
4281 863
4282 863 2229
4283 439 550 1117
4284 439 550 868 876 1117 4045 4072
4285 439 1117
4286 3060
4287 3060
4288 28 3060
4289 43 4290 4291 4292 4293 4294
4290 3796 4289
4291 3796 4289
4292 4289
4293 4289
4294 4289
4295 3485
4296 3485 4297
4297 3485 4296
4298 3485
4299 3485
4300 3485
4301 248 902 3248 3267 5448 5522
4302 6 28 902 3442 3443 4350 4353 4929 5368 5440 5441 5442 5443 5444
4303 902
4304 902
4305 6 28 902 1572 4114 4115 5923 6206 6253 6318 6344
4306 902 2204
4307 902
4308 902 3923 5359 5928 5929 5930
4309 902
4310 62 902
4311 902 4213 6181
4312 902
4313 902
4314 902
4315 3646
4316 3486
4317 4318
4318 4124 4129 4317 4481 5417
4319 877
4320 877
4321 248 2268 4338
4322 868 2268 5414
4323 2268 4137
4324 241 2268
4325 2268
4326 857 876 1196 2268 6342
4327 241 2268
4328 2268 3359
4329 2268
4330 21 2268 4338
4331 4223
4332 43 65 856 3245
4333 570 856 4355
4334 28 47 65 550 856 857 876 883 901 3350 4073 4875 6055 6190 6191 6192 6193 6194
4335 65 856
4336 62 65 856 876 2479
4337 248 856 5498 5499 5500
4338 62 550 856 857 3944 4321 4330 5842 5882 5883
4339 43 856 6462 6463
4340 62 856 857 941 6300
4341 856 2194
4342 972 2202
4343 3486
4344 2203 4106
4345 3819
4346 1339 3819
4347 3819
4348 3819 4547
4349 2194 2974 3443 5859
4350 3443 4302
4351 3443 4575
4352 3443
4353 3443 4302
4354 550 570 4355
4355 550 570 4333 4354 5345
4356 3254 3359
4357 3359 5416
4358 3359
4359 3359 5582
4360 4178 4179
4361 550 4179
4362 7 550 891 901 2194 2267 3389 4179 4363 4369 4371 5376 6201 6347 6348
4363 4179 4362
4364 4179
4365 4178 4179
4366 550 4179
4367 4179
4368 550 901 1118 4179 4234 5357 6332
4369 4179 4362
4370 550 4179
4371 4179 4362
4372 47
4373 47 6473
4374 6 47 57 77
4375 47
4376 47 1523
4377 47
4378 47 56
4379 47 217
4380 6 47
4381 47
4382 47
4383 47
4384 47
4385 47 52
4386 47 635
4387 21 24 47 63 92 1032
4388 20 47
4389 47
4390 47 60 134
4391 24 47 6446
4392 47 3506 3893
4393 47 76
4394 47 70 72 76 77 82
4395 38 47
4396 47
4397 37 86 191 922 1554
4398 6 438 2285 2291 2292 4747 4748 4749 4750 4751
4399 24 52
4400 6 86 2131
4401 1358
4402 6
4403 1285 1919 4717 5066 5070 5749 5750
4404 1285
4405 173 1285
4406 1285 4547 4963
4407 937 1285
4408 1285 4471
4409 1285
4410 24 1285
4411 1285
4412 1285
4413 1285 4471
4414 1285
4415 1285 2914
4416 1285
4417 3058 3486
4418 6 4419
4419 4418
4420 60 119 6469
4421 119
4422 119
4423 24 119
4424 6 119
4425 6
4426 7 871 904 933 2707 2808 4865 4866
4427 28 629 2313 3840 3852
4428 3840
4429 2611 3751
4430 7
4431 4432
4432 1108 1720 3652 4431 5034
4433 450 1103
4434 6
4435 540 5143 5180 6111
4436 540
4437 540
4438 540 5225
4439 540
4440 12 540
4441 540
4442 438 540 4444 4452
4443 540
4444 540 4442 5180
4445 540
4446 540
4447 540
4448 540
4449 21 540 3832
4450 540 5143
4451 540
4452 540 4442 5180
4453 540
4454 6 49 117 2608
4455 1032 2608 4457
4456 2608
4457 2608 4455
4458 1097 1098 1535
4459 847 2623
4460 86
4461 86 922
4462 86 550 868 876 5033 5341
4463 21 86
4464 86
4465 56 86
4466 959 3875
4467 28 959 1022
4468 959
4469 6 874
4470 60
4471 60 63 76 183 243 600 922 1413 4408 4413 4962 5842
4472 60 1217
4473 48 60
4474 60 6442
4475 60 938
4476 6 60 788 2671 3318
4477 60
4478 60 937
4479 60 1894
4480 60
4481 60 3902 4318
4482 60
4483 52 60 1032
4484 60
4485 6 7 60
4486 60 1032
4487 60 1672 1746
4488 60
4489 38 60
4490 28 52 60 1833 5042 5043
4491 60 63
4492 7 60
4493 60
4494 24 60
4495 56 60 1032
4496 48 60
4497 60
4498 60 1032
4499 21 60
4500 60 63
4501 60
4502 60 2604
4503 60 923
4504 60 117 874
4505 60
4506 24 60
4507 60
4508 60 653
4509 6 60
4510 60
4511 34 60 63
4512 34 60
4513 60
4514 60 923
4515 60 938
4516 60
4517 60
4518 3621
4519 819
4520 1447 4571
4521 6 7
4522 6 7
4523 6 7
4524 6 7
4525 6 7
4526 6 7
4527 6 7
4528 6
4529 6 7
4530 6 7
4531 6 7
4532 6 7 899
4533 6 7 31 899
4534 6 7 899
4535 6 7
4536 6 7
4537 6 7 899 1096 4064
4538 6 34
4539 6 7 102
4540 6 393 5305 5306
4541 6
4542 6
4543 6 20 1338
4544 6 21 3554 3566
4545 6
4546 6 202 1108 1362 5984
4547 6 7 28 248 2741 4348 4406 5445 5446 5912 5961 5965 5966 6185 6293 6301 6302 6303 6304 6305 6306 6307 6308 6309
4548 6 7
4549 6 28 868 3258 3380 5523 5524 5525 5526 5527 5528 5529 5530 5531 5532 5533 5534 5535
4550 6 675 2649 3446
4551 6 19
4552 6
4553 6 653
4554 6 27 52 102
4555 6 27
4556 6
4557 6 57
4558 6 1118 4170 6261
4559 6 819
4560 6 3545
4561 6 76
4562 6
4563 6
4564 6
4565 6 624
4566 6
4567 6 38
4568 6
4569 6
4570 6 220
4571 6 4520
4572 6 801 4793 4817 5145 5146
4573 6 12 3469 4608 5035 5129 5130 5131 5132 5133 5134 5135 5136 5137 5138 5139
4574 6 1338
4575 6 878 3673 4351 5368 5369
4576 6 1570 2194 3058 5361 5943 5944 5945 5946
4577 6 28
4578 6 28 5453 5863 5864
4579 6 28 6196 6330
4580 6
4581 6 28 579
4582 6 3927 5414
4583 6
4584 6
4585 6 7 28 1260 4843
4586 6 1382
4587 6 7
4588 6 696
4589 6 7 20 21 5653
4590 6 922
4591 6 1382
4592 6 1032
4593 6 1032
4594 6
4595 6
4596 6
4597 6 19
4598 6
4599 6 7
4600 6
4601 6 820
4602 6
4603 6 7
4604 6 1032
4605 6 12 5229 5230
4606 6 5177
4607 6 3923 5175
4608 6 100 4573 5170 5193
4609 6 563
4610 6
4611 6 7
4612 6
4613 6 7
4614 6
4615 6 1287
4616 6
4617 6
4618 6 216
4619 6 5835
4620 6 7
4621 6
4622 6 1537
4623 6
4624 6
4625 6 24
4626 6 7
4627 6
4628 6 904
4629 6
4630 6 7
4631 6 48
4632 6 21
4633 6 938
4634 6
4635 6
4636 6
4637 6
4638 6 102
4639 6 28
4640 6 7 1103
4641 6 938 2828
4642 6
4643 6 257
4644 6 31
4645 6 31 4690
4646 6
4647 6
4648 6 1196
4649 6 1305
4650 6 7
4651 6
4652 6 1383
4653 6 904
4654 6 20
4655 6
4656 6 7
4657 6
4658 6 938
4659 6 7
4660 6 7
4661 6 27
4662 6 24 2821
4663 6 24
4664 6 1032
4665 6 6433
4666 6
4667 6
4668 6 63
4669 6
4670 6 923
4671 6 1032
4672 6
4673 6 1490
4674 6
4675 6 3116
4676 6
4677 6
4678 6 7
4679 6 7
4680 6 7
4681 6 700
4682 6 7
4683 6
4684 6
4685 6
4686 6
4687 6 1278
4688 6
4689 6
4690 6 4645
4691 6 5701
4692 6
4693 6
4694 6
4695 6 56
4696 6
4697 6 7
4698 6 7
4699 6
4700 6 57
4701 6
4702 6 7
4703 6
4704 6 24
4705 6 2602
4706 6 1032
4707 6 154
4708 6 7
4709 6 7
4710 6 31 38
4711 6 7 38
4712 6
4713 6
4714 6 1284
4715 6
4716 6
4717 6 4403
4718 6
4719 6
4720 6
4721 52
4722 393 3972 4018 4756 4757
4723 854
4724 1042
4725 28 1050
4726 844 1050 1336
4727 1050 2414
4728 1050 2414
4729 1050
4730 1050
4731 1050
4732 1050
4733 1050 3808
4734 1050 2414
4735 1050
4736 28 1050
4737 1050 2435
4738 1397 1398
4739 563 2565 2610 4740 4741 4742 4743
4740 3764 4739 6116 6117 6118
4741 2610 4739
4742 3758 3762 4739
4743 4739
4744 4745
4745 100 4744 4774 4775
4746 848
4747 4398
4748 4398
4749 4398
4750 4398
4751 536 4398
4752 52 1111 3238
4753 1287 3973
4754 393 1066
4755 944
4756 1291 4722
4757 1291 4722
4758 1291
4759 7 2626
4760 56
4761 21 217
4762 21
4763 63 257 1032
4764 420
4765 420
4766 1424
4767 1346 1424
4768 1424
4769 1346 1424
4770 1346 1424
4771 21 1284 5281
4772 1490
4773 801 2610
4774 921 4745
4775 4745
4776 2610
4777 801
4778 801 2610
4779 801
4780 801
4781 801 2610
4782 801
4783 801 2610 5144
4784 801
4785 801 2610
4786 801 2610
4787 801
4788 801 1730
4789 801 2610
4790 801 2610
4791 801
4792 801
4793 801 4572
4794 801
4795 801
4796 801
4797 801 2610
4798 801 2610
4799 801 2610
4800 801 2610
4801 801
4802 801
4803 801 2610
4804 801 2610 5301
4805 801
4806 801
4807 801
4808 801 2610
4809 801
4810 801
4811 801
4812 801
4813 801
4814 801
4815 801 2610
4816 801
4817 801 4572
4818 801
4819 801
4820 801
4821 801
4822 563 801
4823 801
4824 801
4825 801
4826 801
4827 801 2610
4828 801
4829 801
4830 801 1730
4831 801
4832 801
4833 801
4834 801
4835 801
4836 801
4837 7 801
4838 801
4839 801
4840 801
4841 563 801
4842 7 3447
4843 248 4585
4844 110 389
4845 1337
4846 848
4847 2416 2435
4848 1397 1398
4849 1397
4850 1288 2614 3463 4851 4852
4851 4850
4852 4850
4853 2610 4854
4854 2566 2610 3584 3753 4853
4855 20
4856 928 1374
4857 1032 1374
4858 1374
4859 4860
4860 28 4859 5037 5101
4861 1013 1740 2313 3841 5057 5058
4862 52
4863 45
4864 45
4865 27 4426
4866 102 4426
4867 48 1032
4868 2390
4869 21
4870 462
4871 653
4872 164 653
4873 653
4874 653
4875 63 550 857 4334
4876 63
4877 63
4878 63
4879 63
4880 63 1288 2614
4881 21 63 5414
4882 63 937
4883 63
4884 57 63
4885 34 63
4886 56 63
4887 7 63 76
4888 63
4889 63 1032
4890 63
4891 63
4892 63 1032
4893 34 63
4894 21 63
4895 63 76
4896 63
4897 25 63 820 1032 5596
4898 63 1032
4899 63 1032
4900 63
4901 7 852 1371 3056 5658 5704 5706 5710 5713 5814 5818 6432
4902 563
4903 563
4904 438 563
4905 563
4906 563 2610
4907 563 2610
4908 563
4909 563
4910 563
4911 1066 1097 1290 1315 1327
4912 248 550 600 857
4913 248 2189 2230 4154 4278
4914 248 5948
4915 248 6209
4916 248 5645 6167
4917 248 857 868 3926 5356 6263 6264 6265
4918 248
4919 248 2593
4920 248 4243 5850
4921 248 1362 5283 6168
4922 248 4925 4988 4989 4999 5006 5015 5017 5021 5023 5823 5824
4923 248
4924 248 2748
4925 248 4922 6166
4926 248
4927 2590
4928 28 1118 2590
4929 2590 2593 3433 4302 5371 5483 5484
4930 28 2590
4931 28 2590 5752
4932 28 1403 2590
4933 1139 2590
4934 28 2590
4935 28 1118 2590
4936 28 1196 2590
4937 2590 2623
4938 92
4939 7 25 92
4940 92 1032
4941 438 536
4942 536
4943 438 536
4944 536
4945 536
4946 536
4947 438 536
4948 536
4949 536
4950 12 438 536 2290 2297 3835 5104 5105 5106 5107 5108
4951 536
4952 438 536
4953 536 1295
4954 536
4955 438 536
4956 438 536 1197
4957 438 536
4958 536
4959 536
4960 536
4961 2591
4962 166 936 4471
4963 1384 4406
4964 31
4965 930
4966 7 930
4967 930
4968 930 2908
4969 462
4970 7 20
4971 20
4972 20 52
4973 20 1032
4974 20 21 1032 5653 5654
4975 20 1032
4976 20 1032 2730
4977 20 1418
4978 20 874
4979 20 923
4980 20 1032
4981 20 1423
4982 20 1032
4983 20
4984 3981
4985 1418
4986 1418
4987 1418 2744 4988 6413
4988 1418 2649 4922 4987 4997 5004 5007 6402 6449 6450 6451
4989 1418 4922
4990 1418
4991 1418
4992 1418
4993 1418
4994 1418
4995 1418
4996 1418
4997 1418 4988
4998 28 1418 5023 5823 6470
4999 1418 4922
5000 1418 6176 6177 6178
5001 1418 5002
5002 1418 5001
5003 1418 5006
5004 1418 4988
5005 1418
5006 1418 1558 4922 5003 5824 6403
5007 1418 4988
5008 1418
5009 1418
5010 1418
5011 1418
5012 1418 1558
5013 1418
5014 1418
5015 1418 4922
5016 1418
5017 1418 4922
5018 1418
5019 1418
5020 1418
5021 1418 4922 5022
5022 1418 5021
5023 1418 4922 4998
5024 1418
5025 1418
5026 1196 1418
5027 1418
5028 1418
5029 1418
5030 1334
5031 1334
5032 1032 2549 2555
5033 3257 4462
5034 1720 4432
5035 7 28 4573 5036 5037
5036 5035
5037 4860 5035 5174
5038 1093
5039 938 3207
5040 7 1395 2369
5041 1395
5042 4490
5043 4490 6459
5044 904
5045 904
5046 904 1032
5047 904
5048 904
5049 904
5050 904
5051 21
5052 24 52 722 927
5053 31
5054 1543
5055 38 1543 2606
5056 56
5057 4861
5058 4861
5059 2747 5060
5060 7 21 1741 2657 2749 5059 5174 5179 5186 5216 5233 5239 5795 5838 5839 6392
5061 199
5062 21 199
5063 2422 3877
5064 847 848
5065 938
5066 938 4403
5067 938
5068 938 1079
5069 938
5070 938 4403
5071 938
5072 938 1527
5073 938
5074 938 1032
5075 31 874 5686
5076 874
5077 874
5078 31 874
5079 85
5080 7 27
5081 7 27
5082 27
5083 27 102
5084 27 52
5085 389
5086 56 77 820
5087 56
5088 56 1485
5089 56 57
5090 56 1383
5091 56
5092 56
5093 56
5094 56 1032
5095 68 857 3252
5096 28 438 5097
5097 5096
5098 438
5099 438
5100 28 868
5101 4860
5102 535 538 921
5103 28 538
5104 4950
5105 4950
5106 21 438 1295 4950 5117
5107 438 4950
5108 4950
5109 2512 2513 3197 3842 3845 5238 6058 6113 6114 6115
5110 438
5111 438 1118
5112 438
5113 438
5114 438
5115 438
5116 438
5117 438 5106
5118 438
5119 438 595 1403 1732 5184 5217
5120 438
5121 438
5122 438
5123 118 5189 6386
5124 118
5125 118
5126 118
5127 118
5128 118
5129 4573
5130 4573
5131 4573
5132 4573
5133 4573
5134 28 4573 5175 6119
5135 4573
5136 28 100 4573
5137 4573 5175
5138 28 4573 5176
5139 4573
5140 21
5141 535
5142 535
5143 28 2748 3832 4435 4450 5218 5221 5223 6096 6110 6138
5144 4783
5145 4572
5146 2610 4572
5147 3545
5148 3545
5149 3545 3612
5150 539
5151 547
5152 539 3563
5153 547
5154 547 3612
5155 547
5156 3536 3569 3612
5157 3612
5158 3553
5159 3612
5160 3539 3612
5161 3539 3612 6108
5162 3612
5163 3539
5164 539 3536 6103
5165 539 3543
5166 539
5167 539
5168 539
5169 3588 5233
5170 3588 4608
5171 3543
5172 3543
5173 629
5174 28 5037 5060 5175 5176
5175 55 1115 2689 2694 4607 5134 5137 5174 5768
5176 5138 5174
5177 21 4606 5178 5179
5178 5177
5179 3621 5060 5177
5180 7 21 4435 4444 4452 5220 5221 5222 5223 5224
5181 2610
5182 2194 3626 5759
5183 3626
5184 5119
5185 2747 3469
5186 2747 5060
5187 2489
5188 2489
5189 2489 5123
5190 2489
5191 2489 3895
5192 2489 3895
5193 4608
5194 2610
5195 2610
5196 2610
5197 2610
5198 1730 2610
5199 2610
5200 2610
5201 2610
5202 1730 2610
5203 2610
5204 2610
5205 2610
5206 3895
5207 3895
5208 3895
5209 3895
5210 3895
5211 3895
5212 3895
5213 3895
5214 3895
5215 21 100 1574 5216 5217
5216 5060 5215
5217 3621 5119 5215
5218 21 5143 5219
5219 5218
5220 5180
5221 5143 5180
5222 1734 5180
5223 5143 5180
5224 5180
5225 4438 6096
5226 1728
5227 1728
5228 1728
5229 4605
5230 4605
5231 12
5232 629
5233 5060 5169
5234 2657 2745
5235 2745
5236 28
5237 629
5238 1739 3197 5109
5239 5060 5240
5240 5239
5241 49 121
5242 1108 3652
5243 1108
5244 1108
5245 1108
5246 1108
5247 1108
5248 1108
5249 1108
5250 1108
5251 1108 3652
5252 1108 1720
5253 1108
5254 1108
5255 1108
5256 1108 1720 3652
5257 1108
5258 1108
5259 1108
5260 1108
5261 1108
5262 1108 1721
5263 1108
5264 1108
5265 1108
5266 1108
5267 1108 3652
5268 1108
5269 1108
5270 1108
5271 1108
5272 1108
5273 7
5274 724 1641
5275 1032
5276 1043 1720
5277 922
5278 922 2927
5279 922 1814
5280 21 922 5554 6146
5281 4771
5282 49
5283 1196 4921
5284 31
5285 173
5286 19
5287 19
5288 19
5289 19
5290 19
5291 19
5292 19
5293 19 87
5294 19 52
5295 19 216
5296 19 87
5297 19 1969
5298 19 52
5299 19 24
5300 391 2636
5301 4804
5302 914 1213
5303 7
5304 7
5305 3893 4540
5306 4540
5307 1032
5308 868 1120 3367
5309 1032 1423
5310 1326
5311 1326
5312 1326
5313 1326
5314 2204 3210 5318
5315 2204
5316 2204
5317 2204
5318 2204 5314
5319 2204 3210
5320 2204 3210 3943
5321 2204 3210
5322 28 1558 2204 5875
5323 2204
5324 2204 5865 5866
5325 2204 2692
5326 2204
5327 2204
5328 1558 2204 3435
5329 2204
5330 2204
5331 58 550 857
5332 43 550
5333 62 550 901 2187
5334 550 5884
5335 550 2251 4130
5336 550 876
5337 62 550 972 2202
5338 550 876 5351
5339 54 550 901 3022 5407 5890
5340 550 600
5341 550 565 4462 5862
5342 550 876 4147 5862
5343 28 58 550 1117
5344 550 2202
5345 550 570 901 4355
5346 550 600 5416
5347 550 876 3944 5481
5348 550 6461
5349 76 550 857 3339 5630
5350 54 550 876
5351 54 550 2991 5338 5466 5467
5352 550
5353 550 2199 5851 5852 5853
5354 550 5414
5355 550
5356 550 4917
5357 550 4178 4368
5358 550
5359 4308
5360 5361
5361 28 4576 5360 5938
5362 65
5363 2234 5364
5364 3796 5363
5365 55 1115
5366 4138 5762
5367 883 5414
5368 4302 4575
5369 4575
5370 3475
5371 4929
5372 3796 4244
5373 3796
5374 4264
5375 2194 4048
5376 2194 4362
5377 2194 3886
5378 2194 5857 5858
5379 2194 2199
5380 2194
5381 2194
5382 2194
5383 2194 6277
5384 2194
5385 62 2194
5386 28 2194
5387 3270 4225
5388 3270
5389 3270
5390 3646
5391 3646
5392 3646
5393 3646
5394 3646
5395 3646
5396 3646
5397 3646
5398 3646
5399 3646
5400 3646
5401 3646
5402 3646 5469
5403 3646
5404 3646
5405 3646
5406 901
5407 868 901 5339
5408 901 2964 4213 6343
5409 901
5410 901
5411 901 2187
5412 54 901
5413 876 901
5414 65 857 3358 3363 4322 4582 4881 5354 5367 5439
5415 65 600
5416 65 600 857 876 1389 3616 4357 5346 5908 5909
5417 1570 2199 4318 6247
5418 62 585
5419 2199
5420 3277
5421 2187
5422 2187 4216
5423 2187
5424 2187
5425 2187 5896
5426 62 2187
5427 2187 3002 6312
5428 2187
5429 3486
5430 62 857 6268
5431 600 857
5432 242
5433 242 3252
5434 3949
5435 3810
5436 3486
5437 2401
5438 3486
5439 5414
5440 4302
5441 4302
5442 4302
5443 4302
5444 4302
5445 1339 4547
5446 1339 4547
5447 1339
5448 4301
5449 2927 6377
5450 2927
5451 2210
5452 941
5453 4578
5454 1118
5455 3796 4242
5456 3796 4242 6299
5457 579 2193
5458 579 5955
5459 2401
5460 3071 5894
5461 5462
5462 28 3058 3885 3913 5461 5861 6281 6282 6283
5463 1118
5464 3255 6188
5465 3255
5466 5351
5467 5351
5468 3380
5469 437 1567 2593 5402 6256 6338 6339 6340
5470 28 437 3058 3615 5887 5888 5889
5471 437
5472 437
5473 437 3922
5474 241 437
5475 437
5476 437 3932
5477 1557
5478 2199
5479 2199
5480 2199
5481 868 5347
5482 1117
5483 4929
5484 2593 4929
5485 3058
5486 3642
5487 3486 4186
5488 3486
5489 3486
5490 3486
5491 3486
5492 3486
5493 3486
5494 3486
5495 3486
5496 62 3306
5497 2958 3260
5498 4337
5499 4337
5500 4337
5501 1117
5502 1117 3150
5503 1117
5504 1117
5505 868 1117
5506 1117 4073
5507 1117
5508 3245 3279
5509 68 3252 4137 5906 5907
5510 4137
5511 4119
5512 2211
5513 2211
5514 2211
5515 885 1558
5516 885 6322
5517 885
5518 3252
5519 3252
5520 3252
5521 3796
5522 28 4301
5523 4549
5524 3380 3383 4549
5525 3063 4549
5526 3380 3384 4549
5527 1558 4549
5528 3063 4549
5529 3380 4549
5530 4549
5531 3258 4549
5532 4549
5533 4549
5534 4549 6225
5535 4549 6288
5536 5537
5537 1119 5536 5880
5538 3150
5539 52
5540 52 1032
5541 52
5542 52
5543 52 5626
5544 52 1833
5545 52
5546 52
5547 52
5548 24 52
5549 7 52
5550 52
5551 52
5552 52 1032
5553 52 102
5554 52 5280
5555 52
5556 7 31
5557 24 31
5558 31 5669
5559 31
5560 31 2604
5561 24 31 5810
5562 31
5563 31 1273
5564 24 31
5565 31
5566 31
5567 31 1032
5568 24 31
5569 31
5570 31 5979
5571 31 1032
5572 31 820
5573 31 276
5574 31 1032
5575 31
5576 409
5577 1032 2627
5578 663
5579 1403 5580
5580 5579 5970
5581 3254
5582 876 3050 3254 4359
5583 3254
5584 3254 3477
5585 38 3506
5586 3506
5587 3506
5588 34 3506
5589 3506
5590 3506
5591 3506
5592 2604
5593 2604
5594 820
5595 77 820
5596 820 4897
5597 820 1032
5598 820
5599 820
5600 24 2606 2670
5601 2605
5602 2605 4023 5791
5603 7 1403
5604 1215 1403
5605 1403
5606 28 1403
5607 1403 6435
5608 673 1403
5609 7 1403
5610 38 135
5611 38 135
5612 7 24 3450
5613 24 5690
5614 24
5615 24
5616 24 38
5617 7 24
5618 24
5619 24
5620 24
5621 24
5622 24 1098
5623 24
5624 24
5625 24 2588
5626 24 5543
5627 24
5628 24
5629 24
5630 24 5349
5631 24 1032
5632 24 1032
5633 24
5634 1497
5635 1196 1346
5636 926
5637 1346
5638 1346
5639 21 1346
5640 1346
5641 1346
5642 1346
5643 1346
5644 1346
5645 4916
5646 12
5647 7
5648 7
5649 7
5650 87
5651 126
5652 2422 2585
5653 7 4589 4974
5654 1104 4974
5655 15
5656 15
5657 413 3656
5658 847 1503 4901
5659 847 1371
5660 923 1588
5661 7 1079
5662 1079
5663 1079
5664 1032 1079
5665 1103
5666 196
5667 77
5668 1102
5669 5558
5670 2649 6056
5671 2649
5672 1137 1196 2649
5673 1032
5674 38 629
5675 38
5676 38
5677 38
5678 38
5679 38
5680 38 1032 2859
5681 38
5682 38
5683 38
5684 1032 1928 5756
5685 673
5686 7 5075
5687 7 1066
5688 28 186 5944
5689 7 2630
5690 1273 5613
5691 57 1272
5692 1272
5693 7 88
5694 1998
5695 923
5696 923
5697 923
5698 663
5699 822
5700 2792
5701 1059 2729 4691 5702
5702 5701
5703 2414
5704 847 848 4901
5705 848
5706 848 4901
5707 848
5708 848
5709 848
5710 848 4901
5711 848
5712 847 848
5713 847 848 1196 4901
5714 668 1032 5831
5715 1032
5716 1032
5717 1032
5718 21 1032
5719 1032
5720 1032
5721 1032
5722 1032 5831
5723 1032
5724 1032
5725 1032
5726 1032
5727 1032
5728 1032
5729 1032
5730 1032
5731 1032
5732 1032
5733 1032
5734 1032
5735 25 1032
5736 1032
5737 1032
5738 1032 1986
5739 7 1032
5740 1032
5741 1032
5742 1032
5743 164 393 819
5744 1292 3751
5745 7 625
5746 207
5747 943
5748 1260 1362 5757 5809
5749 4403
5750 4403
5751 928 2887
5752 7 4931
5753 28 2422
5754 914
5755 1330
5756 5684
5757 1362 5748
5758 1362
5759 7 28 5182
5760 28 2695 4170
5761 28
5762 28 1118 3399 3401 5366
5763 28
5764 28
5765 28 2695
5766 28
5767 28
5768 28 5175
5769 28 3288 6286
5770 28 1196
5771 28
5772 28
5773 28 3150
5774 28
5775 28 2589 6046
5776 28 3446
5777 28 1576
5778 28 100
5779 28
5780 28
5781 28
5782 28
5783 28
5784 28
5785 28 1118
5786 28 62
5787 28 2593 3658
5788 21
5789 21
5790 21 2320 4020
5791 21 1639 5602 6049
5792 21
5793 21
5794 21 2502
5795 21 5060
5796 21
5797 21
5798 21
5799 21
5800 21
5801 21
5802 21
5803 2420 3808
5804 7 49
5805 49
5806 49
5807 49
5808 7
5809 5748
5810 1490 5561
5811 7
5812 847
5813 847
5814 847 4901
5815 847
5816 847
5817 847
5818 847 2623 4901
5819 847
5820 847
5821 847
5822 847
5823 4922 4998
5824 4922 5006
5825 845
5826 845
5827 845
5828 845
5829 207
5830 7 1118
5831 5714 5722
5832 7
5833 1605
5834 7 5835
5835 4619 5834
5836 1396
5837 2458
5838 3621 5060
5839 3621 5060
5840 5841
5841 5840 5879 6210
5842 76 600 4338 4471
5843 600
5844 3798
5845 3796 6367
5846 3796
5847 3796
5848 3796
5849 3796
5850 3796 4920
5851 5353
5852 5353
5853 5353
5854 3058
5855 4073
5856 4073
5857 5378
5858 5378
5859 4349
5860 246 3904
5861 246 5462
5862 62 5341 5342
5863 4578
5864 4578
5865 5324
5866 5324
5867 4119 4173 5958 5959 5960
5868 54 3010 4216
5869 4216
5870 4216
5871 4216
5872 3010 4216
5873 1119 3292 5877
5874 3258
5875 1558 5322
5876 972
5877 5873
5878 1557
5879 1119 5841 5880 5881
5880 5537 5879
5881 5879
5882 4338
5883 4338
5884 2202 5334
5885 2202
5886 2202
5887 5470
5888 5470
5889 5470
5890 5339
5891 4178
5892 2188 4056
5893 2188 5969
5894 2188 5460 6373 6466
5895 3010 4261
5896 3010 3019 5425 6362
5897 3010
5898 1558 2594
5899 2594 3435 3658
5900 2594 5903
5901 2594 6270
5902 2594 3435
5903 1558 2594 5900 6317
5904 3150 3273
5905 1118 6195
5906 3922 5509
5907 5509
5908 868 5416
5909 5416
5910 5911
5911 3058 5910
5912 4547
5913 3070
5914 3932
5915 5916
5916 3000 5915
5917 3059
5918 3059
5919 3073
5920 3073
5921 868
5922 3058
5923 4305 5924
5924 1196 5923 6325
5925 2958
5926 4121 5927
5927 3058 5926
5928 4308
5929 4308
5930 4308
5931 1558 3435 5932
5932 5931
5933 3058
5934 1573 2920
5935 1573
5936 5937
5937 1558 5936 6321 6371
5938 5361
5939 241 6328
5940 241
5941 241
5942 241
5943 4576 6467
5944 4576 5688
5945 4576
5946 1196 4576
5947 3072 6341 6468
5948 4914 5949
5949 3932 5948
5950 3058
5951 3278
5952 3278
5953 246
5954 3058
5955 5458
5956 3266
5957 3374
5958 5867
5959 5867
5960 5867
5961 1510 4547 5962 5963 5964 5965 5966
5962 5961
5963 5961
5964 5961
5965 4547 5961
5966 4547 5961
5967 4178
5968 3058
5969 4056 5893 6184
5970 110 5580
5971 110 2895 3893
5972 110
5973 110
5974 739
5975 450 1103
5976 1103
5977 1103
5978 1103
5979 57 5570 6436
5980 57
5981 57
5982 57
5983 130
5984 4546
5985 7 102
5986 7 1408
5987 7
5988 7 1756 6148
5989 7 1104
5990 7
5991 7
5992 7
5993 7
5994 7
5995 7
5996 7
5997 7
5998 7
5999 7
6000 7
6001 7 2575
6002 7
6003 7 2575
6004 7
6005 7
6006 7
6007 7
6008 7
6009 7
6010 7 1085
6011 7 899
6012 7
6013 7
6014 7
6015 7
6016 7
6017 7
6018 7 685
6019 7
6020 7
6021 7
6022 7
6023 7
6024 7
6025 7
6026 7
6027 7 158
6028 7
6029 7 77
6030 7
6031 7
6032 7
6033 7
6034 154
6035 117
6036 117
6037 1083
6038 2776
6039 321
6040 91 819
6041 393 819
6042 819
6043 393 819
6044 1010
6045 2615
6046 263 2589 5775
6047 76
6048 940
6049 2910 5791
6050 1720
6051 1720
6052 1720
6053 1196 1720
6054 6055
6055 3361 3366 4334 6054
6056 5670
6057 76
6058 1729 5109
6059 629
6060 629
6061 629
6062 629
6063 629
6064 629
6065 629
6066 629
6067 629
6068 629
6069 629
6070 629 3865
6071 629
6072 629
6073 629
6074 629
6075 629
6076 629
6077 629
6078 629
6079 629
6080 629
6081 629
6082 629
6083 629 3845
6084 629
6085 629
6086 629
6087 629
6088 629
6089 629
6090 629
6091 629
6092 629
6093 629
6094 629
6095 629
6096 5143 5225
6097 1727 6130 6131
6098 3533
6099 3533
6100 3533
6101 3533
6102 3536
6103 5164
6104 1295
6105 1295
6106 1295 1741
6107 1295
6108 3539 5161
6109 3573
6110 5143 6111
6111 4435 6110 6139
6112 2290
6113 5109
6114 5109
6115 5109
6116 4740
6117 4740
6118 4740
6119 5134
6120 3197 3845
6121 3845
6122 3845
6123 3845
6124 3845
6125 3845
6126 3845
6127 3845
6128 3845
6129 3845
6130 6097
6131 6097
6132 921
6133 921
6134 1401 6388
6135 1401
6136 2565
6137 1741
6138 5143
6139 6111
6140 3197
6141 3197
6142 3197
6143 3635
6144 76
6145 1332 3976
6146 5280
6147 77
6148 635 5988
6149 2623
6150 658 1085
6151 663
6152 1195
6153 3893 3971
6154 3893
6155 3893
6156 3893
6157 3893
6158 1361 3893 6472
6159 3893
6160 1907
6161 161 660
6162 1137 3446
6163 3751 6164
6164 6163
6165 946
6166 4925
6167 4916
6168 4921
6169 2589
6170 182
6171 1085 2597
6172 1061
6173 1061
6174 1764
6175 2460 3875
6176 5000
6177 5000
6178 5000
6179 931
6180 3260 4213
6181 4213 4311
6182 4213
6183 1558 6184
6184 2593 5969 6183
6185 1384 4547
6186 4134
6187 3793
6188 975 5464
6189 1558 2920
6190 4334 6464
6191 4334
6192 4334
6193 4334
6194 4334
6195 5905
6196 4579
6197 62
6198 3150
6199 6200
6200 878 6199 6249
6201 4362
6202 4225
6203 3258
6204 3058
6205 1567 4115
6206 1567 4305
6207 1567 6253
6208 3058 3919
6209 4915
6210 5841
6211 2184 2265
6212 6213
6213 3268 6212 6224 6363
6214 868
6215 868
6216 868
6217 62 868
6218 2248
6219 3246
6220 3063 3380
6221 3063
6222 3063
6223 3038
6224 6213
6225 3380 5534
6226 54 3246 3376
6227 2920
6228 2920
6229 2920
6230 3058 6319
6231 3058
6232 3058
6233 3058
6234 3058
6235 3058
6236 3058
6237 3058
6238 3058 6364
6239 3058
6240 3058
6241 3058
6242 3058
6243 3058
6244 3058
6245 1384
6246 3305
6247 5417
6248 878
6249 6200
6250 3260 6299
6251 3260
6252 1562 3435
6253 1558 4305 6207 6254 6255 6256 6257
6254 6253
6255 6253
6256 5469 6253
6257 2593 6253
6258 3282
6259 3777
6260 3011 3350
6261 1558 4558
6262 2182
6263 4917
6264 4917
6265 4917
6266 1558 1562 6267
6267 3435 6266
6268 62 5430
6269 3435 6270
6270 1558 3658 5901 6269
6271 3246
6272 3246
6273 3210 3246 6310
6274 3246
6275 3246 3268
6276 1558 3268
6277 5383
6278 1558
6279 3210
6280 1558
6281 5462
6282 5462
6283 5462
6284 2998 3251
6285 3251
6286 3210 3288 5769 6331
6287 3435
6288 3380 5535
6289 3282
6290 6291
6291 3070 6290
6292 1384
6293 1384 4547
6294 1384 1510
6295 1558
6296 246
6297 246
6298 6299
6299 5456 6250 6298
6300 4340
6301 4547
6302 4547
6303 4547
6304 4547
6305 4547
6306 4547
6307 4547
6308 1510 4547
6309 4547
6310 6273
6311 3901
6312 3002 5427
6313 3932
6314 3932
6315 3932
6316 3932
6317 3435 5903
6318 1565 4305
6319 6230
6320 3210 6321 6322 6323
6321 5937 6320
6322 5516 6320
6323 6320
6324 4115
6325 4115 5924 6345
6326 4115
6327 3922
6328 3922 5939
6329 1566
6330 3037 4579
6331 3037 6286
6332 4368
6333 3070
6334 3007
6335 3000
6336 3000 4135
6337 3000
6338 5469
6339 1565 5469
6340 5469
6341 3810 5947
6342 4326
6343 2964 5408
6344 1558 4305
6345 6325
6346 3363
6347 4362
6348 4178 4362
6349 62
6350 62
6351 62 2969
6352 62
6353 62
6354 62
6355 1565
6356 2593 3435
6357 1510
6358 245
6359 245
6360 876
6361 4244
6362 5896
6363 6213
6364 6238
6365 3658
6366 3435
6367 2201 5845
6368 876
6369 876
6370 876
6371 5937
6372 4262
6373 5894
6374 1558 3435
6375 1510
6376 1510
6377 5449
6378 3435
6379 3210 3435
6380 3350 3945
6381 3350
6382 1558
6383 4256
6384 3220
6385 1730
6386 5123
6387 1196
6388 6134
6389 1196
6390 6391
6391 1196 6390
6392 5060
6393 450
6394 450
6395 450
6396 450
6397 450
6398 663
6399 1196
6400 1196
6401 1196
6402 1196 4988
6403 5006
6404 393
6405 393
6406 2667
6407 1211
6408 2670
6409 2586
6410 2887
6411 3191 3650
6412 90
6413 4987
6414 1505
6415 76
6416 76 82
6417 76
6418 76
6419 76
6420 76
6421 76
6422 76
6423 34
6424 34
6425 77
6426 82
6427 82
6428 2580
6429 2131
6430 3210
6431 72
6432 4901
6433 4665
6434 1101
6435 5607
6436 5979
6437 409
6438 663
6439 663
6440 663
6441 393
6442 4474
6443 340
6444 68
6445 68
6446 4391
6447 25
6448 2567
6449 4988
6450 4988
6451 4988
6452 1630
6453 393
6454 1173
6455 70
6456 146
6457 146
6458 1576
6459 5043
6460 878
6461 5348
6462 4339
6463 4339
6464 3028 6190
6465 3941
6466 5894
6467 5943
6468 5947
6469 4420
6470 4998
6471 2575
6472 6158
6473 4373
