9877 25973
0 760 2930 8406
1 1037 3553
2 102 464 724 903 6038 7934 8223 9358 9416
3 178 5587
4 7259
5 964 2944 7877 8097
6 8630 9442
7 3770 6977
8 2592 6602
9 327
10 7145
11 5186 6983
12 13 76 216 520 1011 1090 1631 1698 1748 1898 2341 2381 2469 3225 4167 4886 5197 5503 5686 5699 7406 7577 8174 8319 8372 8488 8582 9314 9699 9815
13 12 1011 1090 1748 1898 2617 2939 3225 7406 7577 8319 8372 9098 9699
14 4792
15 5108 7275
16 346 641 1353 1817 5681 7282 8696
17 284 923 4684
18 3284 3979 4094 5965 5974 7668 8830 9016
19 398 8583 8648
20 5372 5959 9036
21 183 539 2520 3621 4144 4273 4341 4732 7024 7038 7733 7935
22 8287
23 9191
24 2309
25 1636
26 179 2763 7956
27 81 323 4172 7982
28 1645 2018 5048 6136 7589 9488
29 245 1471 9657
30 1012 5858
31 4135 7419
32 713 6233 6982 9177
33 520 1003 1748 2093 2841 3341 3539 3661 5822 6102 6112 6367 6372 8122 9517
34 2379 7613
35 66 1225
36 2254 3634 8247
37 668 5282 9760
38 325 1725 4458 5013 9264
39 839
40 350 2096
41 2500
42 599 5917 9091
43 78 1567 2376 2712 3091 3512 3592 4214 4995 6380 6437 7491 8342 8370 8778 9076 9492
44 8563
45 3337 4818 9441
46 2360
47 939 1802 2990 3258 3590 4539 4870 5178 6425 6797 7367 9057 9074
48 3299 8257
49 8835
50 4815 6120
51 2940 4301 8211 9100 9111 9193
52 737 839 1375
53 1531 2291 5996
54 7406 7785
55 2150 4291 5905 6018 7398 8567
56 2257 6880 8132
57 6970 7914 7947
58 724 935 2523 8744 9416
59 3240 3601
60 528 7996
61 125
62 1326 2952 3484 6179 7144
63 744 862 899 939 949 1542 1676 2296 2362 2660 2777 3445 3554 3615 3789 4668 5310 5325 5403 5483 5735 6106 6583 6787 6872 6985 7111 7362 7450 7699 7950
64 7430
65 669 1505
66 35 794 1225 2792 3936 6214
67 9764
68 319 2516 2767 5246 8631 8851
69 8277
70 191 2830
71 5675 5784 8052
72 2167 3779 4975 5407 5996 7617
73 231 771 2175 3534 4124 5592 7816 9355 9531
74 96 7316
75 2134 3182 3745 3880 5027 6430 7009 7509 7563 7678 8605 9428 9506
76 12 1012 4167 5686
77 764 9442 9692
78 43 2900 2994 3512 4033 4277 5048 5573 5615 6555 6914 7844 8476 8859 9076
79 7075
80 290 2318 9731
81 27 177 178 2763 4171 4172 7982 8582
82 178 4172
83 1220 3013 3775 6786 7910
84 1194
85 266 1322 1589 1641 2403 8424
86 1243 1283 3264
87 1872 3958
88 1872 3958
89 377 2231 9478
90 1706 5892 6694 7618
91 8248
92 1133 2537 2970 6220
93 231 1558 2858 6263 6916 7210 7338 8416 9078
94 522 735 2016 2313 2497 2669 2882 3065 3207 3693 3938 4359 4547 4585 5151 5473 6397 6463 6630 6724 7072 7734 7805 7889 8132 8300 8301 8302 8456 8753 9492 9603 9641
95 181
96 74 1132 2860 3873 3888 4232 7316 7691
97 5853 7497 8595
98 1810 2091 9001 9639
99 589 1446 1839 2306 3514 3743 3757 3860 4206 4209 4396 4494 4746 4754 5917 5990 6084 6311 6312 6481 6636 7201 7252 7300 7794 7946 8028 8151 8313 8372 8679 9510 9594 9596 9668
100 1316 6364
101 1497 1499 6559
102 2 464 724 7934
103 830
104 4088 4255 6182 6187 8943
105 3696 6936
106 7366 7508 8874
107 655 3222 5456 6785 8628
108 224 2016 2080 2479 3875 4271 4748 5407 5420 5534 6070
109 2587 4321 7495 7665
110 3290
111 4488 7075
112 1813
113 222 1508 1664 1748 1753 3015 3276 4001 4784 5107 5701 6185 6859 8355 9173 9191
114 1266 3981 7270
115 1429 1818 2744 4630 6884 7907 7989 8214 9856
116 4486 9267 9268
117 674 8024
118 1583 1885 5720 8745
119 2331 9379
120 5166
121 516 2086 4529 4549 9827
122 1831
123 9286
124 5707
125 61
126 5315
127 3160 3990 8572 9032
128 687 872 2731 3251
129 984 4748 8610 9325 9673
130 8389
131 1667 5045 6621
132 1159 1278 2861 3050 4999 8911 9072 9170
133 913 2442 6869 7452
134 5387
135 1739 4407 7707 9362
136 1050 4902 7300 9043 9693
137 1733 2324 2917 4569
138 507
139 1133 2542 5113 7137 8192 8911
140 5134
141 216 1318 1748 2301 2875 4775 7037 8121 9079
142 346 657 2050 3354 7267 7741 9062 9539
143 4687
144 1185 1343 3070 3815 5261 6039 6043 8627
145 184 261 447 904 2457 2501 3621 5151 6260 7024 7036 9050 9233
146 908 909 2285 6620 8623
147 256 541 1178 2525 6618 6684
148 2447
149 493 7219
150 5420 6260
151 6160
152 1151 1404 2263 2548 2551 3038 4283 5157 5476 5624 5784 6895 7155 7720 7787 8209 8469 8824 8934 9512
153 3005
154 1638 1897 6971 7911
155 8708
156 3146 4452
157 1012 2111 2112 4904 5113 8228 8315
158 1010 2292 4444 5407 6890 7524 7645
159 2451 2462 7381 7803
160 4394 7842 9691
161 4105 4873 9134
162 490 3678 5760 5957 6831 7139 8416 9622
163 6026
164 6901 8862 9064
165 734 1753 1969 2228 4427 4615 5464 5746 6507 9059
166 1316 2384
167 844 1314 2968 3706 4790 4791 5192 6502 6972 8269 8275 9243
168 4262 4754 4800 5226 6952 7069 8476 9451
169 4598 4899 6248
170 562 2596 4620
171 172 423 1837 2792 2927 3543 3758 3935 4038 5004 5073 5631 6780 7074 7305 8284 8569 8756 8758 8760 9003 9018
172 171 6780 9003
173 7234 7585
174 4153 4544
175 2940
176 4263 4837
177 81 4172
178 3 81 82 323 327 4038 4172 7485 7498 7982 8826
179 26 323 1014 2308 2695 2763 3739 4085 5213 6463 7466 7999 9618
180 5053
181 95 2407 3292 7173 8210 9346
182 601 2042 2195 5416 6468 6692
183 21 2993 3621 4273 7024
184 145 261 2457 6260
185 1097 4607 6715
186 7916
187 2077 5711
188 924 1130 1685 6385 7767 9195
189 1126 1331 1843 2778 3361 6512 6572 6847 7226 8415
190 1017 2529
191 70 627 1317 1483 1710 2830 2875 4654 4982 5459 6204 6473 7182
192 6101 7312
193 3579
194 3811 5469 6423 8127
195 960 1250 1637 2347 2641 3684 5285 6890 8117 8667 9029
196 1993 5171 5462 7621
197 456 6083
198 1069 2099 2292 4631 9345
199 2957
200 8148
201 5669
202 3775
203 1649 1799 2521 7444 8770
204 1364
205 5620
206 611 2260 2884
207 2682 5287
208 6134
209 210 481 539 639 640 1337 1683 1952 2181 3279 3747 4439 4955 5003 5178 5250 6625 9144 9287 9699 9715 9736 9868
210 209 303 481 539 932 1337 1345 2000 2627 2878 2941 3371 4526 4793 5003 5190 5287 5420 5469 6423 7190 9179
211 1509 2473
212 2381 3013 4611 6365 6696
213 2360 3084 4921 8155 9468
214 1601
215 627 768
216 12 141 1748
217 1775 2080 2875 6699 6824 8121
218 1097 2441 3709 5081 6324 7667
219 3406
220 680 1274 4783 7406 7785
221 7466
222 113 230 346 406 783 795 970 1129 1238 1405 1581 1634 1779 2088 2228 2292 2614 2766 2789 2984 3168 3210 3246 3306 3469 3542 3627 3796 3833 3871 3889 3929 4027 4092 4444 4466 4491 4956 5107 5141 5322 5626 5791 5984 6149 6187 6363 6735 6989 7348 7660 7687 7688 7880 7881 7907 8308 8571 8786 9191 9339 9389 9418 9667 9731
223 2131 2745 4383 4742
224 108 363 478 688 1096 1761 1877 2010 2167 2765 3013 3567 4271 4341 4453 5034 5134 5407 5990 5996 6070 6245 6786 7252 7350 7391 7910 7926 8571
225 1153
226 2275 2315 4981 6440
227 544 1003 1775 2298 3356 8764 9517
228 3073 6402 8248
229 3661 6017 7220 9517
230 222 417 795 981 1312 1545 2276 2432 3203 3245 3469 3542 3627 3833 3929 4092 4466 4491 4956 5107 5244 6187 6363 7842 8744 8786 9339 9667
231 73 93 1482 3157 9078 9313
232 993 5047 6299 7995
233 5149 6103 8553
234 2833 6360
235 4235
236 9851
237 3725 3747 8647
238 2716 3705
239 725 2122 2340 2855 5427 6260 6381 6615 7197 7837 7971 8562 8910 9874
240 8969
241 5858
242 3777 6640
243 293 8464
244 885 3834 6363
245 29 1471 3181 6179 6912 8404 9657
246 621 720 916 1016 1294 1861 2193 3205 4119 4159 4744 4896 5058 6379 6489 7260 7698 8138 8239 8691 9505
247 2337 8871
248 905 2990 8427
249 1607 3146 3443 4298 4977 5817 5873 6633 8690
250 1088 3899
251 3970
252 2647
253 5149 6100
254 2359 5805
255 888 1511 1555 2500 3341 3806 6813 7343 7628 8863 9098
256 147 3085 6618 6684
257 7193 8321
258 1715 4277 5048 5606 7453 9617
259 573 1844 2018 2328 6451
260 2028 3838 9835
261 145 184 6260
262 736
263 757 1336 1613 1795 1879 2352 2513 2786 3057 3366 4937 5111 5606 6971 7612 8262 8905 9137 9864
264 1214 1823 2774 3700 6195 7355 8266 8309 8353 8755
265 551 3887
266 85 1322 1589 1641 2403 8424
267 1901 8808
268 287 345 785 857 1768 2067 2445 2611 6942 7510 8371
269 2393 6775 7563
270 3879 8105
271 4679
272 5207
273 3561 4622 5925 6633 7133 7460 9865
274 7300 9102
275 606 1787 5138 6576 7981
276 1941 2946 8778
277 8551
278 2402 5193 5195 7356 8270 9694
279 806 2209 2513 2518 2808 3022 3866 4111 6927 8312 9700
280 2167 5996 9259
281 402 499 1301 3066 5245 8208 8332
282 4275 5475
283 2215 2747 8876
284 17 923
285 6733 7964 8263
286 7447 8865
287 268 341 444 685 1768 1877 1940 2067 2099 2258 2352 2445 2713 2824 3667 4235 4439 4703 5417 5606 5817 5893 6002 6271 6293 6456 6577 6832 6900 7031 7282 7510 8484 8641 8693 8840
288 6978
289 677 1363 2328 3262 9692
290 80 2113 8147
291 3449 5989
292 933
293 243 1063 1137 1747 3268 5038 6616 6827 8948
294 2385 3211 3421 5038 6827 8908
295 765 3425 9615
296 6202 8791
297 3722 3736 4088 4255 6187 8590 8943
298 1907 3517 3627 5773 8323 8518 8600 8654 8724 8854
299 2837 3436 4203 4825 5940 9762
300 3228 4202 5983 6349 7668 8638 8650 9285 9579
301 4332 5340 9102
302 3727 3731 4203 5096
303 210 2627
304 4058
305 1193 2882 6407
306 2131 7515
307 1421 1549 1970 2058 6269 6908 7127 7607 7762 7848 7902 8085 8127 8733 9448 9626
308 918 2032 4240
309 798 1650 5103 6140 6742 7260 9700
310 6308 7666
311 333 4175
312 4254 5605 6335
313 3747 4556 8831
314 5975 6431 8943
315 3011 3012
316 8657
317 3741
318 1596 1775 2360 2874 4819 5461 6196 6474 7121 9140 9829
319 68 2516 8851
320 1622
321 4265 6776 9161 9826
322 539 1238 1336 1613 1795 2513 2882 3057 3241 5322 6380 8905 9144
323 27 178 179 327 2308 2763 3707 4085 5213 6579 7499 7999
324 976 3117 7148 7209 7794
325 38 361 678 2366 2814 3759 4420 4458 5468 5836 6576 7476 9240 9263 9264 9854
326 4244
327 9 178 323 3773 3972 5681 6579 7999 8066 9619
328 7527
329 2190 2824 3546 8077 9468
330 1087 4276 6528
331 582 1109 1926 1940 2028 2291 2554 2788 3025 3693 4772 4999 5059 5226 6004 6660 6861 7889 7971 8456 8476 8785 8991 9492
332 7039 7522
333 311 4175 4728 7193
334 4728 7193
335 2610 5617 5888 7046 9041
336 4073 4568 7523 9580
337 8727 9566
338 3863
339 340 342 595 1062 3809 4533 9245
340 339 595 1062 3809 9245
341 287 1421 1549 1940 1970 2099 2741 2818 2986 3176 3970 4011 4033 4363 5051 5226 5812 5906 6222 6927 7104 7128 7762 8224 8526 9284 9380
342 339 4533
343 2655 2997 5742 6273 6998 7937
344 1756 5858 8400
345 268 1014 2545 2563 4359 4974 5606 7467 8301 8753 8908
346 16 142 222 618 1120 1353 1489 2509 4027 5626 6869 7058 7267 7302 7741 7880 7881 8308
347 3338 9686
348 643 1775 5739 7987 9254 9557 9785
349 1441 2498 2607 2705 4526 5791 6524 8799 9660
350 40 1368 2096 6027 9525
351 8228
352 467 2473 2655 4526 8175
353 3150 4687 6659 8405
354 1603 6358 8915 9721
355 2143 2813 3714 5927 6895 8292
356 1222 3133
357 7558
358 1145 6275 8696
359 4014 8301
360 5550 6084
361 325 1405 2123 2553 5468 6520 6738 6859 6885 8262 8382 8393 8753 8934
362 1566 2734 3616 3646 4305 4610 6114 8997
363 224
364 3566
365 4856
366 3141
367 3855 5649 7254
368 4243 4535 8507 8608 8726
369 3406 3745 4353 6029 7900 8658 9664
370 4579 6343 8508 9651
371 900 995 1298 3713 5753 7700 7833 9862
372 1364 2181 8315
373 4192 8221
374 2906 3534
375 452 644 1617 1778 2046 2270 3603 3718 4468 4487 4837 4956 5264 5825 7416 7753 8228 8496 8681 8767 9484 9726
376 3103 4848 9526
377 89 1244 2231 2274 4975 5052 7555 7556 7974 8113 9478
378 1999 2028 2982 3036 4078 4715 4989 5792 6861
379 2633
380 695 4843
381 3389 4113
382 675 6072 7500 7842
383 2094 7724 9306
384 5925
385 1824 4651 7132 9712
386 3456 5698 6693 9239
387 3788 5949 9498
388 1637
389 2432 6141
390 5151 8541 9076 9492
391 850 3125 5253
392 1830 5963
393 620 1922
394 1133 2387 4736 4961 5147
395 6704
396 8342
397 5819 6757
398 19 8648
399 1198 2121 3490 3821 4992 5321 5847 8186 9270
400 8299
401 7576
402 281 499 1301 5245 8208 8332 9066 9110
403 5809
404 9421
405 3774 3881
406 222 3168 7880
407 436 805 2509 3844 4753 7349 7396 8308 8629
408 1456 3967 4103 4378
409 630 2226 5181 5314 5483 5570 6844 7301 8919 9199
410 5121 8173
411 1209 1882 3804 4484 5177 8185
412 1019 2225 3977 7754
413 1364 3871
414 1525 5213 9843
415 1396 2588 3432 3612 4516 4851 5381 5609 5777 6230 6288 7018 8055 9570 9580 9651
416 8155
417 230 2432 3866 4111 4687 5703 6148 6702 8744 8869
418 1992 9352
419 3142
420 2684 5080 5211 7025 8736
421 3893 7859 9478
422 4739 5818
423 171 516 1118 1489 2081 2164 3375 3772 4543 5034 5077 5821 6685 7305 7614 8885
424 2634 4637 5040
425 8926
426 1532 1596 2260
427 3736
428 3736 4088 6330
429 984 1620 1743 3340 3923 4242 6610 8240 8501 9151
430 3016 6842
431 1429 1720 2892 3394 4447 4459 5727 6664 6698 8237 9478
432 4597 6580
433 2263 4274 6155
434 3023
435 2901 7992 8180
436 407 743 805 4486 8218 8629
437 1982 2160
438 2238 3457
439 4161 4201
440 7968 8181
441 2442 2543 4047 9728
442 473 674 2293 2567 2806 5945
443 5343 6712
444 287 472 871 1177 1654 1930 2028 2067 2258 2977 3506 4235 6271 6397 6577 6745 6746 6832 6927 7063 7847 7850 8693 8840 9106 9468 9593
445 4062 4274 6662
446 5538 7306 8253
447 145 3621 9050
448 1465 4222 5738 6490
449 1936 5875
450 1205
451 2722 4642 6136 9409
452 375 1617 1985 4468 8694
453 490 8416 8894 9080 9622
454 2398 3507 4708 5451 7420 8661
455 604 825 1214 1355 4153 5158 7023 7421 7423 9840
456 197 2368 2648 2781 5344 5781 6083 6800 6924 7103 7104 9531 9781 9870
457 801 1241
458 761 5477 6131
459 500 529 1108 2817 4826 7974 8062 8818 9520
460 556 5239
461 6442 6708 8400
462 2011 2514 6788
463 9805
464 2 102 724 7934
465 789 9416
466 5600 7961
467 352 2228 2473 4215 4342 8153 8175
468 8220
469 1057
470 4464 4995 7491 8778
471 2016 3808 3876 4455 6857
472 444 718 2977
473 442 2567 5945
474 871 2047 2845 4397 5784 5880 6457 6979 7814 8204 8465 8813
475 2609
476 6207 6504 8598 8880 9119 9289
477 1128 2105 7546 7599 9026 9789
478 224 728 1213 3269 3775 4033 4215 4746 4747 4752 4753 4754 5603 6324 6555 6786 7201 7660 7910 8259 9627 9636
479 1059 8990
480 2742 3525 8824 9563
481 209 210 801 972 1014 1234 1877 2432 4111 4235 6559 7949 8046
482 1018 1086 1198 4149 4992 6998 7890 8606
483 2271
484 506 1009 2022 6981 8402 9083 9696
485 2194 2465
486 2471
487 8200
488 1429 3063 3847 4044 6884 7790 8223 9196
489 605 7663 7962 8614
490 162 453 613 808 1374 1929 1983 2203 2934 3105 3678 3869 4653 4753 4933 5261 5296 5435 5707 5743 6282 6404 7422 7576 7663 7914 7968 8124 8145 8314 8335 8365 8416 8716 8894 9080 9622
491 4135 4782
492 5115 9301
493 149 629 1288 3691 6469 7219
494 5099 7443
495 735 871 2788 2800 2900 3279 3509 4064 4137 4266 4471 4688 4715 4772 5609 6001 7062 7393 8456 8891 8909 9188 9466
496 1959
497 662 877 1135 7047
498 509 2466 5681 6504 7776
499 281 402 2252 2554 6139 7974 8332 8544 9754
500 459 2817 8062
501 8884
502 3092
503 1009 7752 7759 9083
504 1139
505 2281 4367 4733
506 484 1009 1416 6981 9083 9696
507 138 1338 1753 2475 3140 4697 8790
508 1328 3028 3375 6068 6377 6544 7614
509 498 2323 2466 3293 3332 3531 5681 6144 6145 6504 6607 6781 7776 7895 9391
510 3529 5511
511 4634 5870 6519 7886 8362 8363 8528
512 622 1073 1364 1375 1603 1658 2676 2786 2872 2955 3356 3619 5304 5509 6425 7269 7723 8123 8699 9197 9721
513 4724
514 9628
515 8656 8661
516 121 423 517 737 1326 3757 3772 4023 4549 4740 5034 5415 6262 6599 6877 6947 7440 8318 8860 9024 9258 9795 9827
517 516
518 1391 1811 5643
519 520 1736 2771
520 12 33 519 544 1358 1580 2771 3316 4547 5173 5249 5699 5861 7405 7406 7701 9517
521 1108 6863
522 94 735 1730 1941 2028 2410 2977 3524 4266 4987 5299 5739 5812 6075 6380 7428 7889 8012 8132 8400 8476 8539
523 9150
524 2737 5251
525 6975 9131
526 4696 7112 8929
527 4394
528 60 3233 6655 7996
529 459 1639 2817 6177 9520
530 2252
531 918 1821 2161 2378 2756 4240
532 1874 2135 9746
533 7058 8308
534 5700 6511 7016
535 6719 6729
536 4192 5544
537 6212
538 1600 1671 3176 4989 5763 6222 7128 7872
539 21 209 210 322 932 1683 1851 2181 2882 4266 4341 5003 5178 6545 6597 7038 7093 7763 9144 9868
540 3376
541 147 1178 2525 2649 4135 6684
542 8228
543 4867 9239
544 227 520 1003 1592 1771 1775 2771 5249 6232 6372 7037 7422 7567 8126 8328 9517
545 889 1275 2492 2830 3842 4780 4905 5771 5832 5998 6102 6462 6929 7022 7100 7299 8122 8311 9210
546 4153 8513
547 2479 6462
548 745 4381 8246 8788
549 3524
550 3415 3920
551 265 2014 3887 5488 5589 6700
552 1279 2707 5672 6753
553 2857
554 698 1537 1957 5241 8078 8203 8227 9381
555 4856
556 460 3205 4853 5058 5239
557 1611
558 1236 1839
559 2849
560 593 594 8983
561 2733 3017
562 170 1017 1595 2596 2967 2985 3009 3356 3600 3603 4620 8188 8378 8679
563 4930 8865
564 2554 6546
565 1246 1610 5066 6259 6974
566 1665 2485 2786 6714 6912 7431 9410
567 3347 6882
568 1110 9074
569 2004 3574 4804 5332
570 6829 7974
571 2210
572 1503 1734 2109 2419 2698 3386 4331 4561 4829 5074 5113 5909 6447 6967 7604 9351 9501
573 259 1844 3949 4439 5381 5609 7201 7830 7949 7999 8615 9131 9603
574 4911 9072
575 1098 1238 5322 6926 7453 7605
576 3914
577 2655 2997 6998
578 5343 7260
579 8497
580 4701 9759
581 8163 9141 9493
582 331 2554 2788 4999 8476 8785
583 1778 3121 3977 4193 4558 5627 6097 8274 9215 9821
584 2722 3095 6136
585 9255
586 2181 7189
587 1811
588 627 4982
589 99 1846 2306 2637 2959 4206 7204 7252 8372 8892
590 689
591 1836 4259 6675 7291
592 4219
593 560 5113 5558 8983
594 560 5134 8983
595 339 340 1062 3809 9245
596 8887
597 8774
598 2905 3325 3946 4867 5074 6661 6887 8309 8637 8947 9226 9239 9312
599 42 648 786 1560 3013 3336 4559 6007 6138 8093 8877 9198 9200 9253 9719
600 4742
601 182 1610 2494 2972 3999 5032 5416 5526 6864
602 1588 1629 1711 1787 2553 4902 6163 6205 6324 6734 7721 8934 9857
603 780 3105 3408 3791 4552 5173 7090 9021 9286
604 455 1355 3865
605 489 7962
606 275 1787 7981
607 4111
608 734 1753 3009 5053 5263 6950 8995
609 624 2535 4554 6418 7535 7876 8549 9686 9811
610 2432 6108 7687 7688
611 206 2260 2884
612 4846 6424
613 490 2874 4705 8124 8716
614 2438
615 1056 1745 6082 7587
616 1270 1609 2786 5515 8005 8541 9069
617 930 1512 1744 4205 8457
618 346 743 1649 2518 3140 3751 7444 8246 8792
619 2392 2636 7572
620 393 671 2967 2977 3996 4686 4983 6072 6324 6793 7038 7426 7706 7989 8155 8663 9409 9866
621 246 720 916 1016 1861 2193 3205 4119 4159 4744 5058 6379 6489 7698 8138 8239 8691 9505
622 512 1658 1887 2190 3356 6425 7368 8350 9025
623 2743 3116
624 609 628 6418 9686
625 6616
626 8896
627 191 215 588 768 950 1054 2122 2413 3661 3679 3775 4696 4776 4883 4982 5069 5512 5743 5788 6017 6635 6776 7113 7220 7628 7858 8135 8833 8910 9168 9517
628 624 2163 3398 4170 5036 6156 9332 9714
629 493
630 409 1597 5113 5314 5483 7301 8919 9199
631 819 1551 6766
632 2982 4721 6861 9492
633 6509 8887
634 1714 1752
635 1568 2822 3675
636 3376
637 4741
638 3935
639 209 640 2181 5178 5792 6397 6463 6880 8476 8934 9641
640 209 639 2181 5178 5792 6397 6463 6880 8476 8934 9641
641 16 1045 1239 1353 1817 5261 7023
642 2922 4248 6150 6952
643 348 1775 3529 7075 9254
644 375 2046 2270 4487 4837 9484
645 2414 2895 3367
646 3874 5134
647 1708 4234 4682 5354 9307
648 599 6007
649 1888 2084 7833 8888 9405
650 6274 6636 6739 9855
651 732 1095 1144 1234 1368 1722 1746 2018 2446 2472 2622 3091 3171 3382 3811 3966 4989 5048 5116 5685 7062 7327 7491 7704 7838 8072 8525 8778 9488 9509
652 717 3876
653 1701 3356 4300 7786 7946
654 2926 5413 5858 7385
655 107 3222 5456 6785 8628
656 1891 6394
657 142 2328 2543 3062 6289 8472 9062
658 1429 6884
659 1311 2567 4867 5282 7855 9239
660 3557 7520 7522
661 2088
662 497 877
663 1511 1699 2361 3341 6620
664 2320 4045 5896 6014
665 5845 5879 6163 7715 9102
666 5218
667 2686 2734 6114 6830
668 37 5282 9760
669 65 1505 9095
670 2567 3732 5363 8663 8893
671 620 966 5128 7349 9197
672 1412 3179
673 7193
674 117 442 1878 2293 2632 2897 2996 3757 4494 4741 6087 6591 6794 8024 8247 8313
675 382 9869
676 6515
677 289 1363 2328 3659
678 325 2814 4420 5468 7476
679 2667 4531
680 220 950 1274 2093 2382 4783 6028 7022 7406 7785
681 7974
682 771
683 2527
684 6024 6256 9097
685 287 4703 6463 7031 7921
686 2435 7356
687 128 765 872 2079 2080 2329 3883 5478 5601 5802 7682 8149
688 224 1761
689 590 3055
690 3775 4752 6786
691 8220
692 2499 4240 7615
693 5244 6374
694 1002 3180 3782 4279 7480 9693 9872
695 380 4843
696 7211 7522
697 3557 5268 7879
698 554 1019 1537 1957 5241 8078 8203 8227 9381
699 2550 6148 9511
700 2940
701 7527
702 963 5132 5456
703 1110 1460 5205 7484
704 7764 8547
705 4782
706 755
707 2916 4624 5689
708 3639 8975
709 1807 2790 8220
710 2419
711 1630 1952 2410 3387 3827 4266 4772 5151 6024 6471 7424 9059
712 2289 2830 2905 3326 3456 4130 7100 9432
713 32 6233 6982
714 1351 2913 4313 4341 5416 6692 8687 9678
715 3450 9213
716 6591
717 652 828 4958 5259 6999 9417
718 472 1272 7589
719 5610
720 246 621 916 1016 1861 2193 3205 4119 4159 4426 4744 5058 6379 6489 7698 8138 8239 8691 9505
721 2062 9311
722 7172
723 2156 7907 8571
724 2 58 102 464 935 2523 7934 8744 9416
725 239 2122 6260 7837 8910 9874
726 1209 1882 1952 2167 2291 2457 2800 2982 3358 3579 3804 3871 3938 4078 4277 5414 5609 5996 6437 7012 7024 8753 9537 9736
727 1781 2669 3387 4035 7076
728 478 1061 2313 2611 2800 3207 3509 3512 4033 4359 4876 5002 6343 8507 8788 9636 9869
729 3775
730 2080 2787
731 7924
732 651 739 801 871 910 1170 1661 1701 1879 2198 2248 2882 2977 3171 3592 3811 3966 4962 5003 6324 6423 6514 6530 6681 6971 7327 7367 7704 7946 7948 8008 8262 8318 8404 8525 8813 8885 9131 9489
733 4501
734 165 608 1753 3886 7427 8788
735 94 495 522 1463 2028 3938 4022 4471 4585 4772 5739 6001 6880 7201 7424 7428 7844 7889 7943 8012 8077 8132 8400 8456 9188 9492
736 262 2878 5428 6420 6636 7751 8113 9332
737 52 516 751 1375 2116 2519 3091 3284 3293 3549 3592 4775 5464 6324 7912 8109 8318 9076 9092 9409 9492 9818 9869
738 7813
739 732 1206 1326 2952 4690 6150 6179 6548 7704 8525
740 8576
741 1362 1961 2078 2524 2962 3913 4422 5765 6686 6687 7427 7910 8037 8197 8904 9507 9588
742 7682
743 436 618 1657 2710 2719 3172 3408 3913 4044 4566 4742 5075 5354 5355 6596 7164 7928 8218 9286 9531
744 63 862 899 939 949 1542 1676 2296 2362 2660 2777 3445 3554 3615 3789 4668 5310 5325 5403 5483 5735 6106 6583 6787 6872 6985 7111 7362 7450 7699 7950
745 548 8246
746 1061 8539 8883
747 4178
748 2873 7153 8700
749 3341 7974
750 1076 1911 2821 3008 3462 7150 7907 8251 8558
751 737 1325 1440 2982 3293 3693 3866 3938 3953 4585 4721 4806 5792 6083 6397 6521 7500 9076 9082 9333 9818 9869
752 2256 2984 6362
753 4346 8567
754 1072 2247 2908 3240 5796 7712 9760
755 706 7742
756 2291 2339 3207 3732 5363 6599
757 263 1206 1336 1795 2352 2366 2512 2513 3237 3604 3634 4807 5111 5266 6260 6271 6720 7467 7576 7872 8905 9148 9411
758 1260 2388 5531 9170
759 1599 4967
760 0 1070 2930 6771 8406
761 458 5477 6131
762 2696 4504 4505 7727 7867
763 5762
764 77 9442 9692
765 295 687 3425 9416 9615
766 1606 3175 3503 5200 9074 9266
767 2516 5389 9354
768 215 627 1555 1713 2359 3088 4187 5124 5490 7165 7312 9079
769 1778 1871 4153 4714 5138 5240 5911 7913 8547
770 4015 6519
771 73 682 1674 1851 2827 3529 4266 4619 7752 9355
772 3560
773 1315 4341 8281 8655 8959
774 4153
775 2767 5643
776 1474 3823 5859 7422 7912
777 4617 5758
778 2662
779 4544 5116 5868
780 603
781 6045 6721
782 1129 3929 6735
783 222 1129 3876 3929 5758 6735 6749 7177 8581 8786 9515
784 1186 8477
785 268 1091 1543 1554 1903 2266 2352 2518 2567 2713 2977 4446 4944 5282 5748 6002 6815 6942 7395 7510 8188 8371
786 599 3013
787 1348 5254 7522
788 3018 3038 4470 6922 7005 7846 9533
789 465 9416
790 6821
791 3534 5844 8671
792 5008
793 4478 4479
794 66 6214
795 222 230 1076 1376 2780 3469 3542 6187 9446
796 2227 2776 2943
797 8539
798 309 1650 2808 5045 6742 9700
799 814 7049
800 5481 6505 9481
801 457 481 732 1186 1241 1490 1877 2353 4341 7367 7467 7677 7946 7949
802 1876 4325 4326
803 1129 4511 6735 8581 8786
804 1032 1114 1267 1269 1306 1321 2322 2394 2625 3418 4481 4640 4813 5339 5433 5448 5770 7029 7379 7594 7905 8187 9357
805 407 436 4486 8629
806 279 1157 1213 1283 1336 1666 1735 1795 1859 2253 2352 2512 2513 2646 2808 4807 4869 5106 5525 6526 6720 6971 6984 7161 7372 7467 7866 8312 8917 9148 9700 9724
807 1559 3502 4871 6180
808 490 1223 2203 2934 3105 3634 3684 3869 4653 4933 5002 5195 5261 5919 7576 8145 8335 8416 8667 8716 9029 9080 9241
809 3095
810 7245
811 1540 1824 2067 2168 2626 2809 3015 3027 4675 6818 7096 8693 9531
812 3319 3846 9642
813 5764 6535 8025 9112 9159 9764
814 799 3086 3336 7816
815 2564 7847
816 3105 4125 5695 7085 7255 7494 7914 8274 9455
817 2788 3258 8476
818 2887 3464 5259 5361 5844 5878 6999 8895
819 631 5436 6766 7228
820 2758 7559
821 4139 4741
822 4877 9299
823 4544 5117 5863 6941 7138 7919
824 2701 2933 5938 7065 8517
825 455 4153 7421
826 8109
827 3345 6005
828 717 4958 5259 6999 9417
829 1514 1593 5556 5667 6069 7569 7570 8801
830 103 1458 1470 8586
831 3537
832 5778 7846 8286 8680 9098 9766
833 2690 3333 6173 6276 6920 7694 8152 9129 9282
834 6376
835 3785
836 1110 6386 9213
837 4596
838 2315 7781
839 39 52 6820 8844
840 3120 3463 6623 6719 6980 7289 7325 7769
841 4780 5104 8311 8663 9169 9210
842 1920 4362
843 5987 5992
844 167 1221 2973 3077 3357 3706 3863 6590 8367 9164 9243 9435
845 2911
846 2376 2713 3592 3604 3839 6002 6380 6530 8782
847 5257
848 3749
849 3883 4416
850 391 6675
851 6350
852 4676
853 5031
854 4425 4662 7465
855 1926 3258 3693 9700
856 1479 1680 1808 4863 4922 5408 7972 9527 9802
857 268 1020 2137 2431 2457 2611 2846 3347 3494 3523 3580 4415 4439 4544 5048 6451 7755 7938 9486
858 4580
859 8426
860 2070
861 1986
862 63 744 899 939 949 1542 1676 2296 2362 2660 2777 3445 3554 3615 3789 4668 5310 5325 5403 5483 5735 6106 6583 6787 6872 6985 7111 7362 7450 7699 7950
863 2870 4816 6303 7965 8223 9228
864 2235 2564 4087
865 4631 5450 8214
866 1418
867 4659 5934 7151
868 3220 7216 7712
869 3067 3382 4989
870 1083 2090
871 444 474 495 732 1541 1930 2047 2243 2323 2845 3185 3239 3494 3512 4137 4140 4407 5609 5766 5792 6163 6271 6397 6463 6551 6597 6646 7294 7367 7393 7707 7721 7938 7989 8188 8662 8813 9187 9188 9298 9320 9641
872 128 687 3883 5478 7682 8149
873 4065 9487
874 4139 4699
875 2799 4969 7946 8916 8917
876 2749 3383 8694
877 497 662 5633 6920 7694
878 3770 4251
879 2844
880 1738 4483 5033 8580
881 3247 3959 4194 5091 5639 5809 8688 9434
882 6177 8575
883 3214 4434
884 7709 9310
885 244 3834 6363
886 4065 7798 8469
887 1967 7507 7983
888 255 1511 1555 3341 5744 6525 6820 7653 8311 8844 9210
889 545 2217 6462 7299
890 1278 9170
891 1278 1663 3238 4735 6255 9170
892 9131
893 1013 1112
894 1293 4957
895 2651 5282 7117
896 1232 1523 1524 7030
897 1010 1307 5689 6890 7198 9730
898 1785 2164 2265 3987 4356 4368 4786 5026 5405 7023
899 63 744 862 939 949 1542 1676 2296 2362 2660 2777 3445 3554 3615 3789 4668 5310 5325 5403 5483 5735 6106 6583 6787 6872 6985 7111 7362 7450 7699 7950 8324
900 371 1328 1506 2413 2776 5345 6688 8307 8671
901 908 985 5230 5363 6098 8732 8841 8860
902 1065
903 2 1549 7150 7432 9416
904 145 1792 5151 5228 8137 8902 9198
905 248 1388 2181 2990 8427
906 1296 2294 9085
907 1796 2247
908 146 901 909 1490 1555 1596 4494 4927 5168 5282 6098 6620 7169 7255 7571 7772 7999 8313 8732 8841 9230 9544 9716
909 146 908 6620
910 732 6423 6514 6646 7367 7946 8188 8885
911 4585
912 4526 6317 8231 9261
913 133 2442 4407 5182 6192 6869 7452 7931 8060
914 3819 4767 7044
915 4748
916 246 621 720 1016 1861 2193 3205 4119 4159 4744 5058 6379 6489 7698 8138 8239 8691 9505
917 1111 7813 9645
918 308 531 1150 1821 2032 2161 2284 2378 2756 2798 2858 3349 4240 4643 4810 4900 5810 6095 6163 6841 7615 7726 8184 9134 9273
919 7218 7847
920 2031 2464 2687 7353 8314 8535 8911 9074
921 1052 2179 2469 3506 4609 5476 6918 7324 7713 7722 7758 8542 9296
922 2959 9403
923 17 284 1371 4684 6761 8941
924 188 1636 1685 5217 7658 8612
925 2539 5766
926 4661 4806 7846 7946 8311
927 8976
928 950 2301 3539
929 1429 2256 3063 4584 9162 9837
930 617 3185 4868 7847
931 3666 3961
932 210 539 4793 5003
933 292
934 4421 5034 5328 6903 8243
935 58 724 1119 2523 8744 9416
936 3466 4371 6884 7744 8769 9196
937 6383
938 2356 2495 4151 6467 9264
939 47 63 744 862 899 949 1542 1676 2296 2362 2660 2777 3445 3554 3615 3789 4668 4870 5310 5325 5403 5483 5735 6106 6583 6787 6872 6985 7111 7362 7450 7699 7950 9057
940 6605 6890 8574
941 942
942 941 2550 2909 6148
943 4285 4812 6615 7255 9054
944 7454
945 2273
946 999 1057 3982
947 5519
948 4437
949 63 744 862 899 939 1542 1676 2296 2362 2660 2777 3445 3554 3615 3789 4668 5310 5325 5403 5483 5735 6106 6583 6787 6872 6985 7111 7362 7450 7699 7950
950 627 680 928 1003 1054 2093 2301 3539 6028
951 1060 5800 8461 9260
952 1736 3023 4024 4952 4990 5416 5956 6562 6654
953 5681
954 4274 6662
955 6531
956 5595 8228
957 2023 8165 9071
958 1311
959 5441
960 195 1250 1637 5285 6890 8117
961 1705 4572 5546
962 1962 3198
963 702 5132 5456
964 5 2944 7877 8097 9225 9413
965 2893 9817
966 671 5128 7349 9197
967 8782
968 7879
969 1756 2219 3057 3356 6163
970 222 4092 4105 6149 7348 9339
971 5289 5745 7193
972 481 1234 2028 5662 7248 7777
973 5354
974 1364 3303 3970 4896 5161 6880 7104 8476
975 2497 3090
976 324 1237 1446 3117 5027 5350 5425 5910 6163 6815 7240 7794 8423
977 2703 4220 4689 4895 6768 7306
978 1388 1636 2017 2328 2990 3311 4358 6705 7246 7909 8664 9348
979 3157
980 3819
981 230 1312 1374 1545 2276 2497 2867 3090 3203 3245 3869 5244 5440 5707 5768 7746 7842 8365 8786 8894 9335
982 7277 7888 8495
983 2416 8825 9620
984 129 429 1006 1275 1607 1620 1792 1891 3485 4547 4748 5292 6846 7564 8125 8137 8157 8251 8610 9151 9325 9673
985 901 4542 5277 7437 9442 9692
986 2638 5964
987 1183 3981
988 9683 9807
989 6491
990 4550 8339
991 1938
992 2699 4643 6538 7703 9165
993 232 5047 6299
994 6159
995 371 1334 5753 6592 9114 9862
996 1846 2924 4908 9049 9785
997 1113 1147 1459 2913 3493 4211 4344 5277 5624 5784 6072 6289 7436 7658 8541 8551 9118
998 1078
999 946 1057
1000 2051 3738 5794
1001 5032 6458
1002 694 9872
1003 33 227 544 950 1775 2841 3356 5721 8328 8764 9517
1004 5287 9138
1005 2726
1006 984 3485 4748
1007 5070 7647
1008 1154 1275 1318 2001 2479 2491 5188 7723
1009 484 503 506 1590 2022 5719 6822 6981 8320 9083 9696
1010 158 897 5689 6890 9730
1011 12 13 7577
1012 30 76 157 1083 1270 1802 2013 2111 2112 2388 3183 3572 3894 3921 4220 4851 4890 5032 5113 5123 5290 5496 5858 5946 6974 7260 7870 8315 8911 9598 9784 9804 9824
1013 893 1112
1014 179 345 481 2176 2882 3065 3091 3750 4014 4661 4670 5778 6369 6463 6813 7846 7949 8301 8311 8430 8753 9603 9604
1015 5032
1016 246 621 720 916 1861 2193 3205 4119 4159 4744 5058 6379 6489 7698 8138 8239 8691 9505
1017 190 562 1775 2037 2080 2529 2882 3009 3069 3356 4289 4484 5078 5346 5447 6549 6971 7110 8121 8141 8692 8752 8917 9450
1018 482 1198 4992 7890 8606
1019 412 698 2795 2932 3407 4240 4677 7306 9134 9611
1020 857 1209 1881 2966 3347 4921 5172 6437
1021 3575
1022 2631
1023 1083 1406 1802 2168 2282 3027 4636 5174 5290 5823 6463 7214 7216 7686 8983 9538
1024 6282 8413
1025 5036
1026 1364 3811 5003 6714 7149 7506
1027 4708 4999 5559 5925 6645 8389 8476 9076
1028 5532
1029 4711 5133
1030 1572 2073 2104 2278 3589 3676
1031 2072 5008 6912 8404
1032 804 1114 1267 1269 1306 1321 2322 2394 2625 3418 4481 4640 4813 5339 5433 5448 5770 7029 7379 7594 7905 8187 9357
1033 1936 5840 6828 6944 8179
1034 8260
1035 2684 5364
1036 3155 7572
1037 1 1150 2817 2883 3553 3831 5223 5366 5601 5757 6095 6148 6217 6277 6293 6429 6752 6820 6841 8273 9458 9671
1038 1869 3409 4105 5006 9746
1039 2241 3988 5058
1040 2719 4566
1041 5153 9312
1042 1157 4278 9724
1043 2031 2687 3360 8314
1044 2368 3621 5893 6680 7733 9870
1045 641 1145 1353 1817 1889 1896 2613 2797 2886 2965 3253 3504 4269 4421 4560 5017 5523 6609 6810 7432 8696 8705 8840 9831
1046 3524 4064 6838 8891
1047 1548
1048 4193 6879
1049 1326 3221 4392 5535 6947 7096 8976 9131 9537
1050 136 2313 3446 3602 4902 5868 7300 8224 9043
1051 7058
1052 921 2179 9296
1053 6715 9462
1054 627 950 1722 2122 8910 9655
1055 5161 5560 8419 8476 9263
1056 615 6082 7587
1057 469 946 999 2940 3982 4066 4432 4479 8668
1058 4303
1059 479
1060 951 3393 4711 5800 8460 8461 9260 9701
1061 728 746 1463 3130 3207 3693 6343 7093 8456 8539 8883
1062 339 340 595 3809 9245
1063 293 1747 2167 2689 3421 3584 3608 4043 5068 5426 7592 7766 8366
1064 7269
1065 902
1066 3500
1067 2440
1068 5494
1069 198 2099 2292
1070 760 2930 4407 6771 8201 8406
1071 1213 1673 1850 2703 3966 4876 5019 5028 6423
1072 754 1111 2201 2908 3617 5796 7712 9202
1073 512 6425 7269
1074 2488
1075 2190 2613 5017 5336 6546 6916 8350
1076 750 795 1207 1376 1869 3796 5358 5438 6408 7397 8558 8642 9203 9446
1077 3603
1078 998
1079 1669 5197 9657
1080 1605 3538 4304 6744
1081 2696 4341 4452 4924 7181
1082 2507 4479
1083 870 1012 1023 1802 2013 2090 5032 5314 6574 7214
1084 3339 3501 8827 9156 9478
1085 2507 4479
1086 482 1198 2655 4992 5244 6998 8606
1087 330 4276 6528
1088 250 2459 3215 3899 9256
1089 3181
1090 12 13 1775 3114 3573 9699 9796
1091 785 1543 2266 2567 4944
1092 2514 9178
1093 5954
1094 2748 5074 8293
1095 651 1952 2028 2197 2622 3207 3578 4033 4715 4989 5048 5060 5114 7072 7360 7424 7755 7787
1096 224 4453
1097 185 218 2139 2311 2448 2630 2699 2806 3149 5088 5413 5858 6458 8400 8484 9165
1098 575 1238 2567 5322 6697 6926 7453 7605 8663 8893
1099 3732 6258
1100 4817 6515
1101 7986
1102 2886 4074 4421 5077 5134 5328 5521 6533 7179 8229
1103 8768
1104 6291 9764
1105 6293 9764
1106 6809
1107 1108 1999 3757 4589 6458
1108 459 521 1107 1722 2491 2703 2817 2875 3424 3680 3757 4509 4589 4895 5053 5636 6293 6458 6591 6716 6747 6768 6863 7276 7588 7974 8003 8101 8822 8934 8951 9609
1109 331 2531 3387 4266 6645 6880 8068 8934 8991 9739
1110 568 703 836 2858 4754 4942 6952 8983 9074
1111 917 1072 1766 2011 2046 2439 3139 4967 5756 5887 6333 7290 7369 7813 8470 8520 9178 9645
1112 893 1013 2515 3799
1113 997 2334 9196
1114 804 1032 1267 1269 1306 1321 2322 2394 2625 3418 4481 4640 4813 5339 5433 5448 5770 7029 7379 7594 7905 8187 9357
1115 6223 8075 9838
1116 4377
1117 2360 7146
1118 423 1489 2081 3375 3772 5077 5821 6685 7614 8885
1119 935 8744 9416
1120 346 6229 7058 7302
1121 1748 9699
1122 3830 4916 7436 7954
1123 5629 8180
1124 1401
1125 8802
1126 189 1331 1756 2699 2708 4781 5103 5479 6366 6819 9042 9165
1127 3534 7745
1128 477 2105 7546 7599 9026 9789
1129 222 782 783 803 3876 3929 4455 4491 4511 6735 8581 8786
1130 188 7289 8812 9304
1131 1341 3348 6046 6591 8951
1132 96
1133 92 139 394 1540 1591 1877 1918 1983 2387 2406 2537 3022 3193 3621 3975 4310 4613 4736 4961 5050 5086 5137 5147 5247 5298 5360 5739 5925 6220 6486 7024 7031 7076 7137 8192 9743 9744 9781
1134 1263 4558
1135 497 1937 5584 7047
1136 2161 3412 5105
1137 293 2151 3225 4788 7602 8768 8948
1138 3250 6874
1139 504
1140 1226 2045
1141 1981 8471
1142 1829 3031 3481 5620 5621
1143 2303 2728 2839 6567 9540 9758
1144 651 1368 5479
1145 358 1045 4116 4859 5841 6609 8696 9711 9810
1146 1579
1147 997
1148 2503 6839 6973
1149 8495
1150 918 1037 1547 1694 2161 2283 2883 2954 4240 4595 6148 6217 6293 6820 8140 8273 9112 9458 9764
1151 152 2263 2543 7787
1152 1973 4461 7179 9294
1153 225 7249
1154 1008 2491 3494 5760 5917 5998 6996 7167 7398 7406 7723
1155 7276
1156 2874 3072 8319 9829
1157 806 1042 1368 1859 2513 4278 5316 6949 6971 7418 7491 8330 9554 9724
1158 2988 8894
1159 132 2861 3373 4014 4999 5176 6582
1160 2398 3693 4078 9076
1161 1336 1795 2352
1162 9513
1163 1853 4526
1164 1268 1316 1554 4278 5577 5715
1165 2802 4734 5085 5447
1166 1728 4683 7180
1167 4290
1168 3103 3905 9325 9526
1169 2626 2647
1170 732 1461 3848 4215 5009 5642 5931 6324 6552 7422 8259 8885 9531 9785
1171 5015 6079 6938
1172 9529
1173 2670 3103 8709
1174 1284 1535 2707 6753 6754
1175 2782 5289 7193 8412
1176 1283 1330 2652 6657 9203
1177 444 5149 6211 6746 8553
1178 147 541 6684
1179 1309 1547 4278 7491 9112 9764
1180 6082
1181 6100
1182 9816
1183 987 1364 2786 3981 4675
1184 8436
1185 144 1343 3070 6043
1186 784 801 2333 2517 2788 3065 3081 3258 4035 4266 5027 5151 6645 7688 8476 8477 8592 8785 8934 9451 9629
1187 2546 3926 6086 7833 9405 9496
1188 1995 4127
1189 2817 8995
1190 1871 2183 3561 5420 9179
1191 2629 4728
1192 5080 5364 5571
1193 305 1208 2199 2288 6407
1194 84
1195 6545 7091 7626
1196 1611
1197 1322 2449 8697
1198 399 482 1018 1086 4149 4492 4992 6998 7890 8606
1199 2167 5407 5996 6535
1200 3970 3980 5088 6366
1201 2833 5593
1202 4192 8221
1203 1305 1693 2684 7566
1204 3477 3561 8306 9179 9446
1205 450 1689 2343 2347 4233 5025 5736 5895 8333 8667 9414
1206 739 757 1326 2366 2513 2952 4690 5281 6150 6179 7576 8525 8905
1207 1076 3264 6408 6657 7397 8642 9203
1208 1193 2199 2288
1209 411 726 1020 1882 1908 1952 2434 2457 2966 3579 3804 4078 5177 5792 6437 6564 6690 7024 7076 7318 8185
1210 4740 8860
1211 1586 2202 2426 2427 3244 3302 3413 4204 4463 4646 5465 5716 8310 8819 8977 9157 9337 9348 9752 9830
1212 5064
1213 478 806 1071 1673 1907 2080 3775 4734 4747 5197 9148 9869
1214 264 455 1823 3700 3922 6195 7421 7423 8755 8918 9840
1215 5518 7910
1216 9151
1217 7966 8487 9638
1218 6167
1219 7380 8976
1220 83 5046 8285 9494
1221 844 9243
1222 356 3133 5731 6962 7340
1223 808 5195 5261
1224 1505 1573 1768 2080 2742 3078 3583 4697 5110 5508 6965 8146 8824 8924 9095 9185 9212 9755
1225 35 66 1681 4869 5126 5266 5267 5836 6756 6759
1226 1140 2045
1227 2354 4318 4639 5718 7422
1228 2369 2512 2819 2832 4702 4807 5700 6472 7034 7866 8682 9426 9755
1229 1314 6511 6657 7397 7865 9203
1230 8788
1231 4044 5184
1232 896 1523 1524 7030
1233 4801 7487
1234 481 651 972 1715 1746 2622 3966 4018 5029 5048 5685 6458 7201 7491 9488
1235 4782
1236 558 1839 3131 5917 8144
1237 976 1686 3216 3217 5350 5424 5425 5563 5910 8423 9314 9781
1238 222 322 575 1098 2614 5282 5322 6380
1239 641 1533 1817 2451 2941 5261 6015 7097 7277 9122
1240 4872
1241 457 801
1242 1656 2567 2984 5282 6236 8278 8900
1243 86 1283 3264 4384 4547 5104 5110 5906 8724
1244 377 2274 4341 6078 8699 9002
1245 3354 7784
1246 565 1281 1610 3425 5452 5761 5893 6259
1247 1254 2860 4730 5697 5698 6691 6693 9239
1248 5156
1249 3698 4063 7817
1250 195 960 1637 2347 2641 2778 3684 5021 6657 6890 8117 8667 9029 9203
1251 1694
1252 5491 6082
1253 3862 4497 5040 5489 5769
1254 1247 4730
1255 9340
1256 2029
1257 2567
1258 3838 5273
1259 2820
1260 758 2388 5531 9170
1261 2680
1262 4885 5122 5810
1263 1134 1416 1825 3337 4324 4558 5816 6508 8773
1264 7343 8863
1265 4332 4390
1266 114 2128 2297 2518 2724 3127 3258 3346 3467 3754 3981 4013 4426 4662 6339 6386 6425 6485 7008 7270 8315 8694 8911 9295
1267 804 1032 1114 1269 1306 1321 2322 2394 2625 3418 4481 4640 4813 5339 5433 5448 5770 7029 7379 7594 7905 8187 9357
1268 1164 1316 4278 5402 5577
1269 804 1032 1114 1267 1306 1321 2322 2394 2625 3418 4481 4640 4813 5339 5433 5448 5770 7029 7379 7594 7905 8187 9357
1270 616 1012 1802 2665 2990 4675 5515 6731 9069
1271 1610 2699 3609 5088
1272 718
1273 6527 8553
1274 220 680 2382 4783 6028
1275 545 984 1008 1318 1627 2001 2492 3894 8121
1276 1511 5490 6823 6836
1277 3341 6369 7653 8311 9210
1278 132 890 891 1663 2252 2388 3050 3238 4735 5419 5566 6255 9072 9170
1279 552 1717 1998 2058 2707 5198 5672 6010 6753 7607
1280 1914
1281 1246 2220 2879 4939 5893 6042
1282 2502 7658
1283 86 806 1176 1243 1330 1735 2403 2832 3021 3264 5106 5107 5110 6526 6657 6825 6909 6984 7134 8682 9203 9231 9731
1284 1174 1535 2413 2707 5672 6753 6754 8867
1285 2162 2190 3750 5336 6263 6546 6652 7965
1286 4332
1287 5725 9059
1288 493 3691
1289 5648
1290 2491
1291 3303
1292 3153 3297 3906 4818 6730 8773
1293 894 4957
1294 246 2518 5218
1295 4971 5195
1296 906 3757 9085
1297 4759 8694
1298 371 1336 1795 2352 2513 3713 6484 6711 7034 7700 8289 8905
1299 2543 2854 4408 5620
1300 7193
1301 281 402 2960 3066 4614 5119 6016 6629 6856 7319 8332
1302 6728
1303 1876
1304 1876
1305 1203 1693 2684 7566
1306 804 1032 1114 1267 1269 1321 2322 2394 2625 3418 4481 4640 4813 5339 5433 5448 5770 7029 7379 7594 7905 8187 9357
1307 897
1308 5381 8519 9033
1309 1179 9112
1310 8559
1311 659 958 1652 2334 2548 2567 2651 4367 4968 5282 6642 7255 7394 8663 8842 9760
1312 230 981 2276 2988 3869 4028 4342 5440 7184 8786 9335
1313 3596 5680 8718
1314 167 1229 6657 6972 7397 8269 9203
1315 773 4341 4839 7563 8100 8655 8959
1316 100 166 1164 1268 2252 2307 2384 2495 5577 5714 6364 9042
1317 191 1710
1318 141 1008 1275 2001 2492 2774 3894 7001 8266
1319 1774 7705
1320 6720 9148
1321 804 1032 1114 1267 1269 1306 2322 2394 2625 3418 4481 4640 4813 5339 5433 5448 5770 7029 7379 7594 7905 8187 9357
1322 85 266 1197 1589 1641 2403 2449 6891 8424 8697
1323 2161
1324 2778 3248 3312 6483 8905
1325 751 2338 3693 6397 9076
1326 62 516 739 1049 1206 2366 2952 3122 3484 4690 5584 6150 6179 6947 7144 7576 8318 8525 8885 8937 9258 9411
1327 2824 4205 4902
1328 508 900 2776 3375 3706 5312 6377 6688 7117 7614 8112 8307 8671 9243
1329 6228
1330 1176 1283 6657 9203
1331 189 1126
1332 2065 4792
1333 1969 5265
1334 995 2401 3428 5089 6592 7797 7833 9114 9405 9862
1335 2615 4144 5893 8873
1336 263 322 757 806 1161 1298 1613 1746 1795 2352 2513 3057 3966 4806 4989 5111 6971 7161 8312 8905
1337 209 210
1338 507 3140 4697
1339 4806
1340 5817 8806
1341 1131 6046
1342 1834
1343 144 1185
1344 3013 7910
1345 210 9179
1346 5930 8577
1347 4215 4218 4219 6561
1348 787 5254 7522
1349 2484 5051 6075 6908 9380
1350 4185 4319 5286 8479 9530
1351 714 1416 1457 1751 1853 2268 2336 2849 2874 3309 4313 4321 4543 4752 5305 5733 6186 6894 6953 6959 7341 7999 8951 8978 9121 9678 9816
1352 1971 3996 7999
1353 16 346 641 1045 1817 7282 8696
1354 3234 4553 5859
1355 455 604
1356 3791
1357 3901 5866
1358 520 2934 5136 7701
1359 6612 6653
1360 1781 2669 3537 7076 9404
1361 2083 4692 4796 4839 8983
1362 741 1961 2078 2204 3207 4422 4741 6024 6153 7300 7721 8106 8109 8197 9043 9452
1363 289 677 3659
1364 204 372 413 512 974 1026 1183 1695 2110 2181 2209 2786 3303 3481 3871 4033 4642 5925 6051 6714 7149 8048 8065 8315
1365 7149
1366 2517 5835 9399
1367 9235
1368 350 651 1144 1157 1585 2043 2334 2352 2551 2786 2956 3966 4278 5316 5479 6027 7491 9260 9724
1369 1408 1492 2669 3268 4498 4753 4887 6613 9188 9596
1370 1907
1371 923 6761 8941
1372 1373 5197
1373 1372 1669 1722 5197
1374 490 981 2203 2934 5707 7663 7746 7968 8365
1375 52 512 737 2955 7269 7723 8123 8915 9721
1376 795 1076 9446
1377 1382 6767 7425
1378 8961
1379 5609 6340 8304 8621
1380 2032
1381 1616 2291 3442 5976 6335 7073 9573
1382 1377
1383 7939
1384 3059 3103 5011 8169
1385 3543 4927 8020 9328 9600
1386 2960
1387 6954
1388 905 978 2071 2181 2990 7432
1389 9456
1390 2181 8664
1391 518 5643
1392 8623 9714
1393 6027
1394 2095 2663 6519 7121 8362 8513
1395 9581 9691
1396 415 1418 1500 3458 3747 3871 4851 4999 5058 5609 6231 6399 6880
1397 2662
1398 2029
1399 5747
1400 3497 4760 6560
1401 1124
1402 3897 4201
1403 8318 9606
1404 152 2548 2551
1405 222 361 2443 2553 4164 4491 5141 6500 9731
1406 1023
1407 1942 3103 3747 4198 4856 4887 5380 5899 7530 8709 9011 9526
1408 1369 2042 2649 3098 3236 4004 4887 5095 5140 7506 7976 9596
1409 4514 9531
1410 3103 3189 3433 5051 6908 9526
1411 2286 3543 8020 9600
1412 672 1469 2080 2857 3179 4881 6398
1413 2290 3104 4924 5040 9799
1414 6125
1415 2548 7893
1416 506 1263 1351 1750 2268 2336 2411 3745 4321 4558 4752 4770 4849 4851 4926 5040 5141 5197 5733 5816 5998 6117 6120 7430 7907 9531 9816
1417 1860 1981 2265 3103 4855 8522 9318 9377 9602
1418 866 1396 2207 3317 3320 3543 3555 4756 4886 5040 6231 6268 8887 8961 9525 9526 9601
1419 1636
1420 3559 4564 4890 4922
1421 307 341 1970 3176 3415 4852 5344 6875 7953 9320
1422 3454 9630
1423 4857 9777
1424 2595 4520 5569 8026 8957
1425 5141 7339 8934 9731
1426 2574 5654 6300 6345 7354 9009
1427 2318 4145 8119 8556
1428 4022 7844
1429 115 431 488 658 929 3063 3660 4072 4249 4371 4459 5971 6884 7750 8551 9196 9710 9856
1430 9848
1431 6243 9703
1432 2281 4367 4733 9152
1433 4274 6095
1434 6598 8936
1435 4274 4685 6107 7823
1436 2669 4498 5579 9641
1437 8373
1438 3452
1439 7286
1440 751 1952 2982 3036 3866 3998 4277 4721 9617 9735
1441 349 9660
1442 8025 9804
1443 6591
1444 4374
1445 3285
1446 99 976 6636 7240
1447 9071 9204
1448 1910 2739 4007 4008 5131 6534
1449 2154 5622 8389
1450 5582
1451 2850 8534
1452 2161 4435 8033
1453 6003 9235
1454 3556 9315 9762
1455 1921 1970 2741 3318 3415
1456 408
1457 1351 2550 2852 4313 6148 6773
1458 830 1470
1459 997 2174 4000 4064 4211 4344 7658 8341 8891
1460 703 6017 9213
1461 1170 3614 4211 4752 4760 5990 6314 6555 7907
1462 3848 4215 4747 6560 7252 7477 8258
1463 735 1061 3693 4471 8456
1464 3428 5089 8398
1465 448 4221 4222 4752 5133 5738 6111 6490 9407
1466 1607 2643 3945 5221 5605 6924 8157 8937
1467 1496 4209 4211 4219 4752 4753 5893 6178
1468 3962 5740 8034 8295 9767
1469 1412 3179
1470 830 1458 3439 4874 6956
1471 29 245 9657
1472 3966 7062 7201 8072 9509
1473 5957 6895
1474 776 3823 7912
1475 1623 3899
1476 6480
1477 6475
1478 1551 2979
1479 856 1680 1808 4863 4922 5408 9527 9802
1480 5197
1481 2554 3219 4687 5093 9174
1482 231 9313
1483 191 1511 1710 2361 2955 3341 3806 5216 6103 6210 6738 6854 7723 8123 9247
1484 2142 2194 3896 4428 4594
1485 5137
1486 1910 2739 4409 9077
1487 5951
1488 4199 7324
1489 346 423 1118 2509 3772 5077 7025 7380 7833 8976 9181 9349 9862
1490 801 908 2018 2982 3454 3549 4005 4179 4851 5034 5089 7255 7467 7866 7948 8068 8398 8893 9409 9531 9711 9715 9862
1491 2838
1492 1369
1493 1510 2237 8216 9251
1494 7470 8666
1495 1875 5522 6420 6636
1496 1467 4209
1497 101 1499 3891 5990 6559 8046
1498 1806 1867 2241 2520 4362 7260 8816
1499 101 1497 6314 6559
1500 1396 2588 3458 5058 7971 8991
1501 4753 9188
1502 7956
1503 572 2109 2419 5909 6967 9351 9501
1504 3607 4004 4888 6118 8933
1505 65 669 1224 2405 9095
1506 900 2413 2776 8307 8671
1507 2479 4973 7723
1508 113 1598 5701 5719 8454 9061 9191
1509 211 2473
1510 1493
1511 255 663 888 1276 1483 1555 2361 2500 3018 3341 4661 6813 7637 7846
1512 617 4205 8457
1513 4757 6555
1514 829 5556 6069 7570
1515 8926
1516 6483
1517 2888 6374 6658 8454
1518 7596
1519 1881 2940 5172
1520 9098
1521 3737 6798
1522 2332 4871 8685
1523 896 1232 1524 7030
1524 896 1232 1523 7030
1525 414 9843
1526 4996 6246
1527 1628
1528 3254
1529 1879 2311 3095 3500 3966 4270 4546 6971 7062 7294 8106 8662 8731 8885 9488 9863
1530 1858 5677
1531 53 1536 1722 2167 2220 2241 2291 4667 4838 5996 7384 7679 8648 9159 9303 9320
1532 426 1596 2252 2260 2649 5827 9852
1533 1239 2451 2941 7277 9122
1534 4230 4526 7143
1535 1174 1284 2707 6753 6754
1536 1531 2291
1537 554 698 1957 5241 8078 8203 8227 9381
1538 8564
1539 3186
1540 811 1133 1591 2387 2406 3027 3916 5085 5360 5739 6471 7935 9075 9224
1541 871 3185 4235 6271
1542 63 744 862 899 939 949 1676 2296 2362 2660 2777 3445 3554 3615 3789 4668 5310 5325 5403 5483 5735 6106 6583 6787 6872 6985 7111 7362 7450 7699 7950
1543 785 1091 1554 2266 2567 2699 4944 7580 9042
1544 7491 8778
1545 230 981 2276 3203 3245 5244
1546 6426 6714
1547 1150 1179 2161 4239 4240 4278 4737 7974 9112 9764
1548 1047
1549 307 341 903 2741 4011 4033 5812 6075 7150 7432 7762 8085
1550 3534
1551 631 1478 6766
1552 2104 6703 8425
1553 6370
1554 785 1164 1543 2266 2567
1555 255 768 888 908 1511 1596 2500 3088 3341 5351 6674 6813 6886 8863
1556 6151 9174
1557 4924 6678 8959 9316
1558 93 2858 3589 6263 6916 6952 7210 7338 9078 9451
1559 807 3502 4871 6180
1560 599 6007
1561 6412
1562 4425
1563 6412 7907
1564 1846 2167 3581 5407 5996
1565 1736 2771
1566 362 2559 2734 3646 4610 6114
1567 43
1568 635 3675 8843
1569 3861
1570 3476 3485 5292
1571 7698
1572 1030 3676
1573 1224 4437 5917
1574 5579 7601 9151
1575 3140 4526 4697 5760 8894
1576 7242
1577 3606
1578 4245 7616 7801
1579 1146
1580 520 3316 7405
1581 222 6989
1582 2390 2895 3984 7321
1583 118 1885 5324 5720 5782 6453 8745
1584 3935 6966
1585 1368 1756 2028 2062 2312 4479 4653 7842
1586 1211 2202 2426 2427 3244 3302 3413 4204 4463 4646 5465 5716 8310 8819 8977 9157 9337 9348 9752 9830
1587 6018
1588 602
1589 85 266 1322 1641 2403 8424
1590 1009 6981
1591 1133 1540 2406 3871 5925 8592
1592 544 1775 8863
1593 829 7570
1594 3126 7724 8863
1595 562 2985
1596 318 426 908 1532 1555 1898 2213 2260 2360 2792 2874 5231 6813 6939 7637 8863 9230 9544 9829
1597 630 5113
1598 1508
1599 759 4967
1600 538 1671 2652 6819 7128 7872 8478
1601 214
1602 9182
1603 354 512 6358 8915 9721
1604 2230 8959
1605 1080 3538 4304 6744
1606 766 3175 3503 5200 9074 9266
1607 249 984 1466 1809 3146 3613 4153 4298 4647 5221 5605 5817 6633 7379 8157 8251 8513 9151
1608 4341 4754 4973 8387 8571
1609 616 8541
1610 565 601 1246 1271 1612 2112 2699 2972 3609 4628 4870 4871 5032 5066 5088 5416 6259 6588 6864 6974 7071 7506 8425 8911 9146 9151 9312
1611 557 1196 1959 2684 3039 3298 7058 7730 7743 8906
1612 1610
1613 263 322 1336 1795 2513 3057 8731 8905
1614 9213
1615 5739 7093
1616 1381 2291 6580 6864 9424 9535 9571 9703
1617 375 452 1640 1688 1691 2872 4468 5616 6254 6478 6804 7025 7202 7380 7469 8234 8496 9282 9726
1618 9295
1619 3782 3844 4999 7093
1620 429 984 3340 3485 4547 5416 9151
1621 1645 3366 7742 8694 9451
1622 320
1623 1475 3899
1624 3668 5327
1625 3819 5421 8939
1626 2504 2786 4829 5677 8345 8375
1627 1275 5787 8121 9588
1628 1527
1629 602 3638 3953 4672 6163
1630 711 1952 2410 2434 3095 5151 5453 6471 6815 7424 9333 9701
1631 12
1632 5002 5760 7723
1633 7768
1634 222 3237 4491 4956 9421
1635 6890 7230
1636 25 924 978 1419 1846 2017 7246 7658 8011 8664
1637 195 388 960 1250 2657 6866 6890 7274 7766 8117 9158 9721
1638 154 1897 6971 7911
1639 529
1640 1617 7025
1641 85 266 1322 1589 2403 6891 8424
1642 5428
1643 6404
1644 6641 8326
1645 28 1621 1722 3130 3366 6530 6714
1646 2267 5366
1647 5210
1648 9116
1649 203 618 2668 3751 7444
1650 309 798 6742 9700
1651 3765 4726 5494
1652 1311 2548 2567 2651 4968 5282 7255 7394 8663 9760
1653 9238
1654 444 9468
1655 2301 5504 6067 7056 7625 7888 8878
1656 1242 8278
1657 743 4044 5355
1658 512 622 3356 6425
1659 9711
1660 5066 7402
1661 732 5008 6912 8404 8885
1662 2506 3840 4664 6110 8415
1663 891 1278 3238 4735
1664 113 3015 3276
1665 566 2528 4079 9635
1666 806 2611 2882 3258 4471 4688 5346 6971 7372 8917
1667 131 5045
1668 9423
1669 1079 1373 5197
1670 3621 5227
1671 538 1600 6140 7128 7872
1672 2753 3913 4712 5008 6912 7413 7776 8404 8890
1673 1071 1213 5935 7777 8694
1674 771 2827 3529 4619 7150 7752 8992 9355 9554
1675 7429
1676 63 744 862 899 939 949 1542 2296 2362 2660 2777 3445 3554 3615 3789 4668 5310 5325 5403 5483 5735 6106 6583 6787 6872 6985 7111 7362 7450 7699 7950
1677 9288
1678 8915 9721
1679 3405 5366
1680 856 1479 1808 4863 4922 5408 9527 9802
1681 1225 2819 5126 5267
1682 2334 9439
1683 209 539 2028 5739
1684 6206
1685 188 924
1686 1237 5910
1687 7087
1688 1617 5616 6478 7380 7469 8234
1689 1205 8667
1690 6830 7100 7376 7915 8815
1691 1617 5616 6478 7380 7469 8234 9282
1692 2252 3772 5584 6039 6040 6043 6044 8627
1693 1203 1305 2684 4801
1694 1150 1251 2883 6371
1695 1364 2209 2518 2946 3027 3481 3970 4179 4363 4485 4772 5906 6397 6463 6924 7104 7466 7762 7949 7953 8058 8189 8733
1696 4021 6434
1697 9828
1698 12 2341 9314
1699 663 6620
1700 1887 6927 9866
1701 653 732 1879 3171 6971 9489
1702 1926 2735 7390
1703 2878 2891 4974 8113
1704 6673 6692
1705 961 1812 4572 5546 5708 6550 7266 7398 7723 9280
1706 90 5892 6694
1707 6686 6724
1708 647 4682 5354
1709 8716
1710 191 1317 1483 3341 5216 6210
1711 602 6205
1712 5266 6133 6756 6759 7488
1713 768 6055 7165
1714 634 1752
1715 258 1234 1999 4277 4415 4473 5029 5048 5606 5685 7201 7453 8753 9617
1716 9390
1717 1279 1998 2707
1718 2703 7306
1719 2271 2760 6895 9013 9697
1720 431
1721 3994 4206 4754 9247
1722 651 1054 1108 1373 1531 1645 1856 2072 2220 2241 2622 2786 3002 3065 3552 3592 4667 4688 4924 5008 5009 5302 6217 6293 6458 6747 6864 6912 7201 7491 7502 7664 8068 8267 8404 8890 8934 9050 9145 9320 9655 9670
1723 1803 3002 8267
1724 1894 5130 9136
1725 38 5013
1726 4551 8570 9065
1727 6245
1728 1166 4683 7180
1729 2712 3258 5174 6555 7090 8909 9076 9297
1730 522 2028 4987
1731 1732 8205
1732 1731 1836 6162 8205
1733 137 1971 2324 2435 3603 4462 4653 5340 6098 6544 8170
1734 572 4193 4477 4687 6968 8579 9795
1735 806 1283 5106 6526 6984
1736 519 952 1565 2771 2931 3901 4024 5074 6532 7208 8162 8973
1737 3537 4021
1738 880 4483 5033 5236 5329 6036 6928 7163 8473 8580 9259
1739 135 9362
1740 5073
1741 1942 4845 4856 6776 8297
1742 2517
1743 429
1744 617 7304
1745 615
1746 651 1234 1336 1795 2253 2352 2511 2513 3382 3966 4740 5048 6971 8318 8731 8860 8905 9701
1747 293 1063 3871 4266 5791 7602 9347
1748 12 13 33 113 141 216 1121 1753 2093 3225 3539 8122 9173 9699
1749 5420 5698 6105
1750 1416 4748 6117 6120 6313
1751 1351 4543 8264
1752 634 1714
1753 113 165 507 608 734 1748 3009 3140 3345 3886 4466 5107 6087 6148 6185 6363 6427 8272 8355 8881 9173 9417
1754 5242
1755 7492
1756 344 969 1126 1585 2222 2312 3057 3356 3816 3913 5858 6136 6893 7183 7716 9165 9213 9350
1757 5084
1758 8452
1759 8856
1760 2990
1761 224 688
1762 8079
1763 2366 3081 3963 4137 4266 4505 6895 7748 8432 8524
1764 2103 6750
1765 4831
1766 1111 3478
1767 2027 3280 3828 4192 5212
1768 268 287 1224 2067 3078 5110 7510
1769 3787 7123 7206 7559 7927
1770 8084
1771 544
1772 5075 5354
1773 4562
1774 1319 2476 7705 8845
1775 217 227 318 348 544 643 1003 1017 1090 1592 1816 2080 2301 2529 2650 3539 3573 4190 5117 5487 6514 6699 6709 6921 7110 7121 7422 7948 7999 8121 8151 8692 8863 9254 9517
1776 3795 5863
1777 5601
1778 375 583 769 1779 1906 2726 2767 2768 2786 3603 3844 4082 4324 4558 5138 5174 5197 5358 5643 5863 5864 6576 7088 7090 7201 7646 8536 8909 9080 9287 9562 9754
1779 222 1778 3929 4956 5138 6136 6859 7090 7646
1780 1970 7104 7337
1781 727 1360 1842 2669 3366 3432 3614 3823 3966 4035 5474 5864 6312 6555 7076 7584 7938 7977 7999 8679 9641
1782 1783
1783 1782 2611 2977 8393
1784 3829 5205
1785 898 2164 2265 3987 4356 4368 4786 5026 5405 7023
1786 2444 4110 4262 5293 5428 5499
1787 275 602 606 3215 7088 7663 7962 7981 8299 9684
1788 1789
1789 1788
1790 3273 3820
1791 2769 5911 8162
1792 904 984 3485 4748 5228 5791 6809 9151
1793 4990 8314
1794 4105 4427
1795 263 322 757 806 1161 1298 1336 1613 1746 2352 2513 3057 4439 4806 4937 4938 4989 5111 5606 6971 7161 8312 8905 9115 9137 9219
1796 907 2085 2247 3090 6108 9445
1797 1906 3130 3324 5174 5615 6260 9080 9287
1798 2723 4030 4745 5199 6634 7841 8858 9256 9301
1799 203 2444 3855 5649 5986 6337 6722
1800 5210
1801 3481 4179 5391
1802 47 1012 1023 1083 1270 1804 3248 3579 4191 4803 5286 6706 6797 7071 7214 7967 8911 9057 9192
1803 1723 3002 8267
1804 1802 6706 8911 9192
1805 7409 8582
1806 1498 2241 3395 4667 6686 7284
1807 709 1836 3042 3967 6433 8220 8668 8684 9063
1808 856 1479 1680 4863 4922 5408 9527 9802
1809 1607 4647
1810 98 2091 3828 4120
1811 518 587
1812 1705 4572
1813 112
1814 2256 2778 2789 2984 3210 5472 6362 6483 6512 6801 7397 9203
1815 5594
1816 1775 9240
1817 16 641 1045 1239 1353 5261 7023
1818 115 7907
1819 7446 7758
1820 7799 7946 8106 8766 8917
1821 531 918 2161 2378 2756 4240
1822 2291 3999
1823 264 1214 3700 8755
1824 385 811 2067 2099 2168 2609 3229 4651 4675 5028 7096 7132 9069 9081 9712
1825 1263 3337 4324 8773
1826 4101 7948 8525 8657
1827 4101 7948 8525
1828 3265 4447
1829 1142 3481 5620
1830 392 5173 5855 5963
1831 122 2259 2769 5428 6329 8955
1832 8056
1833 2763 5197
1834 1342 2309 2556 3444 7791
1835 4739 5818 8811
1836 591 1732 1807 2165 3965 4479 5421 7269 7291 7323 8782 9290
1837 171 2323 2509 2646 2648 2753 2792 2927 3549 3757 4494 5004 5104 5112 6813 7058 7683 8262 8284 8308 8313 8569 8758 8760 8863 9500
1838 2336 9419
1839 99 558 1236 3021 5917 8144
1840 6900 7031
1841 2979
1842 1781 5474 7584 7977
1843 189 2462 2778 8415
1844 259 573 5609
1845 2517
1846 589 996 1564 1636 2659 2924 3022 3581 3587 4908 4963 5084 6163 8080 9724 9785
1847 7728 9080
1848 2812 2875 5506 6017 8121
1849 8184
1850 1071 4193 4623 5019 5925
1851 539 771 4266 7310 7763
1852 4328
1853 1163 1351 4526 4543 6953 7999 8978
1854 5557
1855 8200
1856 1722 2220 2241 4667 8025
1857 9782
1858 1530 5677
1859 806 1157 2513 2982 6720 6971 7054 7131 7946 8482 8916 8917 9724
1860 1417 4855 9602
1861 246 621 720 916 1016 2193 3205 4119 4159 4744 5058 6379 6489 7698 8138 8239 8691 9505
1862 1863 8555
1863 1862 8555
1864 1954 9374
1865 4741
1866 4248 4649 6952
1867 1498 2269
1868 8161 9209
1869 1038 1076 3796 8642
1870 2599 2935 5402
1871 769 1190 2183 4153 4714 5240 9179
1872 87 88 3958
1873 3658 5354 5734 7747
1874 532 2135
1875 1495 5522 6420 6636
1876 802 1303 1304 4325 4326 6389 8703 8964
1877 224 287 481 801 1133 4439 5019 7024 7031 7677 7949
1878 674 2240 2632 2817 5053 6112 6367 6372
1879 263 732 1529 1701 2786 3171 3366 3966 4546 6971 7612 8885 9489
1880 4842 8313
1881 1020 1519 2940 4027 4112 4238 4257 4403 5172 8407 9130
1882 411 726 1209 1952 3579 3804 6437 6564
1883 3165 6596
1884 1989 4077 5858
1885 118 1583 2487 2602 5720 6453 8745 8755
1886 2930
1887 622 1700 2080 2505 2786 2872 3013 3356 3775 4754 4830 5007 5425 6584 6895 6927 7643 7850 7910 8396 8699 8702 8746 9025 9298
1888 649 2084 2096 4115 7833 8888 9405
1889 1045
1890 4682 5354
1891 656 984 3485 5180 5224 6394 7564 7885 9151
1892 2836 3526 4907 7084 7744
1893 7494 9478
1894 1724 5130 9136
1895 2144
1896 1045 4421
1897 154 1638 4741 4842 6265 6302 6971 7747 7911
1898 12 13 1596 2213 2423 2812 2875 3356 5231 6939 8121 8863
1899 4742
1900 2934 4082
1901 267 8808
1902 2458 2645 3242 4020 5062 5698 5924 6880
1903 785 2518 3065 3207 3293 3524 3708 4033 4076 5642 6397 6815 9869
1904 4153 4544 4545
1905 2703 7101
1906 1778 1797 4255 4632 5174 9287 9646
1907 298 1213 1370 2080 2204 2518 2621 3991 4486 5358 5395 5602 6694 6770 6832 7124 7479 7536 8118 8189 9378
1908 1209 2028 2197 2434 2882 3091 3702 5739 5792 7076 7360 7889 9492
1909 5399 6750 9731
1910 1448 1486 2167 2739 4007 4008 4443 4627 5131 5407 5996 6534 6541 9077
1911 750 4274 7024 8251 8924
1912 3341 4148 5771 6823
1913 4782
1914 1280 6103
1915 8412
1916 2350 7358 9090
1917 2221 7766
1918 1133 1983
1919 4999
1920 842 2711 4362 5586 6889 8398 9405
1921 1455 3318
1922 393
1923 2897 7555
1924 8083 8226 9822
1925 5359 9536
1926 331 855 1702 2067 2291 2762 4363 5101 5226 5802 5925 7260 8991
1927 2992 6049 7462 8435
1928 6758
1929 490 4621 7139 7674 7920 8365
1930 444 871 3512 4140 5151 5739 5766 5792 6397 6555 6862 7814 7938 9187 9188
1931 4397
1932 7742
1933 3096 7397
1934 3390 8413 9208 9352
1935 2072 4924 5291 5447 6122 7664 7816 8016
1936 449 1033 5840 5875 8179 8467 8996 9101
1937 1135 7047
1938 991
1939 2292 4111 4417 4444 6141
1940 287 331 341 2099 2181 2818 2824 3938 3970 4011 4657 4715 5226 6900 7031 7128 8132 8526 8744 9380
1941 276 522 2028 2119 2946 2972 4772 5081 5812 6075 6183 7072 7104 7889 7953 8058 8132 8778
1942 1407 1741 4845 8297 9526
1943 2234
1944 5097 8115
1945 3902 4848 9319
1946 2924 3543 9323 9785 9790
1947 4148 6813 6823
1948 2816 3181 4193 6682
1949 6146 6342
1950 6897 7275 9048
1951 5809
1952 209 711 726 1095 1209 1440 1630 1882 2034 2982 3207 3579 3938 4033 4439 5114 5250 5792 6437 9715
1953 2421 8422 8623
1954 1864 3037 9374
1955 3339 9478
1956 2793 7961
1957 554 698 1537 5241 8078 8203 8227 9381
1958 3927
1959 496 1611
1960 2072 5606 6859 7062 7948
1961 741 1362 2078 2962 3913 4422 6686 6687 7427 7910 8197 8904
1962 962
1963 8596
1964 3147 3196 8213
1965 2038 6089
1966 5968
1967 887 7507 7983
1968 2757 6047 7785
1969 165 1333 2228 3380 5265 6666 8706
1970 307 341 1421 1455 1780 2741 3176 3415 6908 6924 7104 9626
1971 1352 1733 2435 3603 3996
1972 2156 4341 5141 5784 7907 8571 9390
1973 1152 4461 9294
1974 2945
1975 3778
1976 4392 9131
1977 2044 3968 4405 5194 5195 5922 6175 6896 7374
1978 2859 4722 6030 9061 9793
1979 5480
1980 2704
1981 1141 1417 4685 5674 8471
1982 437 5550 6084
1983 490 1133 1918 3294 3792 4753 4839 5296 6282 6953
1984 6426
1985 452
1986 861 2838 3530 4673 4924 5717 6000 9492
1987 3093
1988 2655 5742
1989 1884 4077
1990 2144 2520 4180 6236 9710
1991 5053 7979
1992 418 8876 8986 9352
1993 196 5171 5462 7621
1994 9733
1995 1188 4127 7635
1996 4832
1997 8800
1998 1279 1717 2707 5234
1999 378 1107 1715 2966 4176 5032 6458 6521 8400 8983 9297 9492
2000 210 3371
2001 1008 1275 1318 3634
2002 2649 3713 6591 7276 7376 8247 8318 8712 8951 9260 9849
2003 8676 8903
2004 569 2999 3461 4804 4847 4892 5332
2005 2040 3529 3717 4750 4925 5430 8747 9776
2006 3111 8074
2007 2615 2715 3056 3372 7250 9249
2008 2678 3487 4391 8868
2009 2111 3993
2010 224 5990 7926
2011 462 1111 2514 5756 6788 7290 8470
2012 2311 6458
2013 1012 1083 5032 5314 6574
2014 551 5488 5589
2015 7246
2016 94 108 471 2511 3481 3482 3588 3808 3876 4179 4271 4303 4547 4582 5391 5407 6569 8199 8859 9102 9388
2017 978 1636 2082 5394 6816 6867 6984 7134 7246 7459 7658 8682 8783 9231 9348
2018 28 259 651 1490 6452 6716 6958
2019 5065
2020 2871 5504
2021 2214 4329 5409 5580 8391
2022 484 1009 2140 2778 3803 4412 5471 8018 8147 9083
2023 957 8165 9071
2024 3245 3781 4840 5244 5299 6123 6793 6996 7611 9468
2025 5205 8189
2026 6681
2027 1767 3280 4226
2028 260 331 378 444 522 735 972 1095 1585 1683 1730 1908 1941 2398 2882 2977 2982 3524 3592 3754 3838 3934 4069 4078 4105 4715 4772 4849 4851 4923 4987 4999 5299 5739 5792 6072 6397 6880 6937 7106 7360 7842 7844 7847 7889 8012 8382 8476 9076 9869
2029 1256 1398 9445
2030 2712 2786 2788 2990 3524 4064 4129 8535 8891
2031 920 1043 2687 2712 2786 3360 3524 8314 8535 8749
2032 308 918 1380 2499 4240 9504
2033 2795 4240
2034 1952
2035 5026 6281
2036 9366
2037 1017 3067 3600 3757 4589 6163 8262 8752
2038 1965 6089
2039 3166
2040 2005 3529 3717 4750 4925 5430 8747 9776
2041 5204 8964
2042 182 1408 3098 5416
2043 1368
2044 1977 5195 6896
2045 1140 1226 3356
2046 375 644 1111 2270 2439 2767 4487 4837 8520 9484
2047 474 871 2845 6979 8813 9274
2048 2555 4538 8431
2049 6780 8757
2050 142 3354 7267
2051 1000 3738 5794
2052 6193 8346 9497
2053 3035 3750 6397 8934
2054 3511 4659 7151
2055 3549
2056 9592
2057 2341 2561 3850 3853 4852 4929 9550 9595 9775
2058 307 1279 7607 8127
2059 8386
2060 8556
2061 9536
2062 721 1585 2600 3151 3356 3713 4135 5089 5338 5562 5823 7007 8629 8824 9197 9311
2063 2903 4865 7432 8102 8806
2064 5163 9785
2065 1332 4792
2066 4792
2067 268 287 444 811 1768 1824 1926 2762 3027 5823 7096 7260 7510
2068 7952 8469
2069 9478
2070 860 2514 3600 7724 7813
2071 1388
2072 1031 1722 1935 1960 2236 2352 2786 3552 4186 4924 5008 5009 5302 5606 6124 6354 6859 6912 7062 7491 7664 7948 8404 8885 8890 9165 9492
2073 1030 3676
2074 5284 7696 8113 9428
2075 9400
2076 3414 5501
2077 187 5711
2078 741 1362 1961 2962 3900 3913 4422 6225 6686 6687 7427 7910 8037 8197 8904 8905 8982
2079 687 3883 6709
2080 108 217 687 730 1017 1213 1224 1412 1775 1887 1907 2329 2529 2787 3013 3178 3179 3775 4341 4452 4754 4881 5007 5201 5478 5802 6699 7110 7271 7816 7910 8149 8692 8702 8774 8924 8956 9521 9755
2081 423 1118 5077
2082 2017 8682
2083 1361 4692 4796
2084 649 1888 7833 8888 9405
2085 1796 3090
2086 121 5232
2087 7512
2088 222 661 3889 4491 4747 6092 8786
2089 7987 9478
2090 870 1083 2665 2699 4561 5483 7545 9165 9190
2091 98 1810
2092 9764
2093 33 680 950 1748 2301 3539 6028 7022 7631 8481
2094 383 7724
2095 1394 2663 6519 7121 8513
2096 40 350 1888 4115
2097 3531 3533 6459 6504
2098 8084 8899
2099 198 287 341 1069 1824 1940 2292 2609 2818 3545 3953 3970 4341 4360 4583 4923 5028 6199 6900 6927 7106 7128 7883 7921 7955 7975 8025 8268 8584 8641 9074 9081 9213 9712
2100 2310 4183 5527 8993
2101 3901
2102 2649 9846 9849
2103 1764 6750
2104 1030 1552 2278 3676 5058 7067
2105 477 1128 4166 4457 7435 7546 7599 9026 9789
2106 3818 3871 4899 8539
2107 2453 3112 4059 7463 7765 8165
2108 9711
2109 572 1503 2419 5909 6967 9351 9501
2110 1364 2788 3524 4064 4365 8891
2111 157 1012 2009 3993 4220
2112 157 1012 1610 2178 2982 3107 3162 4231 4999 5095 5123 6574 6748 8068 8315 9312 9326
2113 290 4184 4286 4369 4370 7329 8147 8828 9260 9820
2114 3650 4376 6200 8646
2115 7174
2116 737
2117 5891 7351
2118 5655 8023
2119 1941 2972
2120 4856
2121 399 4992
2122 239 627 725 1054 2570 2780 2876 3083 5250 5323 6260 6312 7723 7837 8679 8680 8910 9874
2123 361 2352 3549 6738 6796 7816 8262 9409
2124 6543
2125 3345 4246 4262 6005 8166
2126 4364
2127 2491 3583 9755
2128 1266
2129 3965 6062
2130 5957
2131 223 306 2745 4742 8337
2132 3508
2133 7854 8461
2134 75 8605
2135 532 1874 2736 2738 2755 3512 3741 3861 3996 6776 7535 8284 8505 8569 9333 9544 9570 9599
2136 9089 9151
2137 857 2323 2611 3494 3523 3576 3580 8194
2138 2574 4555
2139 1097 2448
2140 2022 3803 5471
2141 2523 6282 8413
2142 1484 2194 4428 4594 4841 7869 8935
2143 355 2813 8292
2144 1895 1990 9532 9710 9739
2145 3534 8462 8675
2146 4298 5817
2147 6282 8413
2148 4517 5903
2149 4172 5214 5687
2150 55 5563 8567
2151 1137
2152 7794
2153 3965 4788 8768
2154 1449 5447 5622 8081 8389
2155 8938
2156 723 1972 4341 7907 8571
2157 9756
2158 9078
2159 7038
2160 437 2330 2467 2824 3693 4585 6652 6832 7038 7648 7850 8927 9165
2161 531 918 1136 1150 1323 1452 1547 1821 2378 2383 2478 2717 2756 3412 3597 3776 4000 4095 4240 4526 4810 4992 5055 5105 5764 5937 6217 6293 6778 7361 7974 8033 8503 8798 8999 9112 9134 9764
2162 1285 7965
2163 628
2164 423 898 1785 2265 4450 8243
2165 1836 5421
2166 5912 7407 8685 9235
2167 72 224 280 726 1063 1199 1531 1564 1910 2291 2292 2545 2689 2739 2767 3095 3970 3999 4043 4636 4799 4955 4975 5407 5645 5996 6366 6534 6875 6876 7012 7282 7592 8778 9259 9472 9649 9701
2168 811 1023 1824 3438 4675 7686 7776 9352 9416 9522
2169 2339 3323 5673 8694
2170 2195 3221 3944 4324 4880 6717 8183 9037 9703
2171 3965 6616
2172 2796 4191 4508 5143 6852 7468 9266 9551
2173 3709 7096
2174 1459 4064 8891
2175 73
2176 1014 3862 4506 4661 4670 5778 6813 7109 7846 8286 8311 9766
2177 2866 3213 4036
2178 2112 3107 3162
2179 921 1052 4587 7324 7363 9296 9383
2180 3537 4524
2181 209 372 539 586 639 640 905 1364 1388 1390 1940 2786 2990 3130 3524 3871 5178 5346 5925 7149 7494 7624 8315 8664 8713 8885
2182 4419 4575 6217 7668 7925 8503
2183 1190 1871 9179
2184 2742 3066 3663 3942 6196 6474 7860 8824
2185 3950 6326 7673
2186 6179 8525 9411
2187 2256 4671 4833 7017 7173 7718
2188 3677 5000 9148
2189 3950
2190 329 622 1075 1285 3546 3750 5336 6546 7038 7210 7368 8350 8664 9468
2191 3732 5001 5935 7090 7091 7212 7626 7777
2192 4086 5988
2193 246 621 720 916 1016 1861 3205 4119 4159 4744 5058 6379 6489 7698 8138 8239 8691 9505
2194 485 1484 2142 2465 4428 4594 4841 8935
2195 182 2170 3878 3944 4137 5416 5884 6363 6692 7115 8206 9214
2196 2328 2527 6414 7436
2197 1095 1908 2882 7360
2198 732 3966
2199 1193 1208 2288
2200 4716
2201 1072 5796
2202 1211 1586 2426 2427 3244 3302 3413 4204 4463 4646 5465 5716 8310 8819 8977 9157 9337 9348 9752 9830
2203 490 808 1374 2934 4653 4933 5751 5999 6801 7968 8335 8716
2204 1362 1907 2518 3108 4237 6426 6694 7461 8103
2205 3757
2206 7907 8571 9731
2207 1418 8887
2208 3920 4277 8068 8331 8430
2209 279 1364 1695 2518 3027 3207 3481 3866 4179 4485 6001 6924 7104 7953 8058 8189 8733
2210 571
2211 2313
2212 4067 4549 8469
2213 1596 1898 6939 8863
2214 2021 4329 5409 5580 8391 9634
2215 283 2747 8876
2216 5271 7627
2217 889 7299
2218 7639 9711
2219 969
2220 1281 1531 1722 1856 2241 4667 6042 7031 7260 7391 9320 9870
2221 1917 2657 4801 5509 7766
2222 1756
2223 8081 9448
2224 4048 9493
2225 412 3977 4240 5570 5628 6887 7622 8447
2226 409 5181 5314 5483 5570 6844 7301 9199
2227 796 2776
2228 165 222 467 1969 5360 7660 8673
2229 3333 6276 8898 9248
2230 1604 2493 3749 3770 4407 4698 8959 9018
2231 89 377 2274 7555 7556 8113
2232 2593 2941 9122
2233 3296
2234 1943 2528 2730 4162 4177 4234 7196 8485
2235 864 4087
2236 2072 2611 3278 3481 4186 5009 5084 5092 5606 5821 6714 8965
2237 1493 2781 3115 5996 6302 8216
2238 438 3457 3560 3871 6269 6742 7762 7848 7902 7971
2239 6134 7278 8390
2240 1878
2241 1039 1498 1531 1722 1806 1856 2220 3988 4667 5058 9320
2242 2371
2243 871 3185 5906 9114 9320
2244 2445 6301 8753
2245 5802 6185 9834
2246 2857
2247 754 907 1796 2497 3090 3240 4491 9834
2248 732 3171 3592 3811 5003 6514 7367 7704 8885 9489 9713
2249 3725 5381 5899
2250 3260
2251 3109 4153 6519
2252 499 530 1278 1316 1532 1692 2554 5419 6039 6040 6044 6139 7466 7974 8544 9754
2253 806 1746 2511 2513 3057 5525 7169 8731 8841 8905 9700 9716
2254 36 2366 3634 6755 7346 9165 9215
2255 6515
2256 752 929 1814 2187 2789 2984 3756 5843 6362 7173 8912 9695 9837
2257 56 3509
2258 287 444 4235 6271 6577 8693 9106 9593
2259 1831 5428
2260 206 426 611 1532 1596 2884 6656 7974 8350
2261 2853 6088
2262 2388 9072 9170
2263 152 433 1151 2532 2551 4053 4403 6155 7007 7070 7787 8809 9257
2264 2403 7020
2265 898 1417 1785 2164 8522 9318
2266 785 1091 1543 1554 2567
2267 1646 6618
2268 1351 1416 2372 6491 6820 8032 8280
2269 1867 3006
2270 375 644 2046 4487 4837 9484
2271 483 1719 2930 4842 5885 6265 8452 9016 9697 9793
2272 5913 6491
2273 945
2274 377 1244 2231 2718 2719 4975 5052 7555 8113
2275 226 2315
2276 230 981 1312 1545 3203 3245 5244 8786
2277 8134
2278 1030 2104 3676
2279 6366 7402 8358
2280 2756 4713 5803 6293
2281 505 1432 3207 4367 4733 5575
2282 1023 3027 4636 6875
2283 1150 2883 4595
2284 918 2499 4240 4948 5914 6843 7152 7615 7638 8276 9134 9478
2285 146 9197
2286 1411 3543 8020 9600 9602
2287 9675
2288 1193 1208 2199
2289 712
2290 1413 3104 4924 5040 9799
2291 53 331 726 756 1381 1531 1536 1616 1822 1926 2167 3187 5226 5327 5363 5996 6366 6603 6864 6933 7012 7679 7971 8787 9159 9244 9303
2292 158 198 222 1069 1939 2099 2167 3210 4111 4417 4444 5407 5645 5707 5996 6141 7687 8786
2293 442 674 3101 6009
2294 906 9085
2295 2343 2462 2640 2721 3429 4233 4664 5736 5895 8355 9249
2296 63 744 862 899 939 949 1542 1676 2362 2660 2777 3445 3554 3615 3789 4668 5310 5325 5403 5483 5735 6106 6583 6787 6872 6985 7111 7362 7450 7699 7950
2297 1266 2863 2951 3127 3128 3140 3790 4179 5028 6386 7069 8166 9371
2298 227
2299 5447
2300 3496 6761 8952
2301 141 928 950 1655 1775 2093 5504 6067 7037 7056 7625 7888 8245 8878 9079
2302 4581 9379
2303 1143 2728 6567 9540 9758
2304 2609 7848
2305 7813
2306 99 589 2490 4105 4206 5036 7252 9442 9594 9714
2307 1316 2356 2495 7068
2308 179 323 2763 4085 6579
2309 24 1834 6467 8483
2310 2100 8993
2311 1097 1529 2012 4270 5029 5048 6458 8106 8731 9488
2312 1585 1756
2313 94 728 1050 2211 3602 4846 5141 5151 5868 6363 8224 8331 9693 9731
2314 4780 7637 8311
2315 226 838 2275 7781
2316 7738
2317 5195 5570 6135
2318 80 1427 4145 8556
2319 9827
2320 664 4045 5896 6014
2321 4500 4785 5830
2322 804 1032 1114 1267 1269 1306 1321 2394 2625 3418 4481 4640 4813 5339 5433 5448 5770 7029 7379 7594 7905 8187 9357
2323 509 871 1837 2137 2612 2646 3240 3494 5278 6404 6504 7004 7444 8957 9478
2324 137 1733 2917 4569 9682
2325 5778 7109 7846 9766
2326 8196
2327 2530 6811
2328 259 289 657 677 978 2196 2527 3062 5155 6565 7191 7436 7729 7909 8177 8450 8664 8807 9117
2329 687 2080 4282 5196 6654 7200 7697 8284 8569 9746
2330 2160 2824 8927
2331 119 7244 9379
2332 1522 4561 4723 4871 7878 8685 9144
2333 1186 2517 7586
2334 1113 1311 1368 1682 2551 2552 2564 2679 2983 4338 4742 4896 6596 7847 8816 8842 9117 9196 9439
2335 5108 7275 8922
2336 1351 1416 1838 2874 5305 5733 6953 7341 9419
2337 247 8871
2338 1325 3693 4383 4808 5027 6048 7563 8695 9076 9333 9714
2339 756 2169 3207 3323 4033 4848 5673 6960 8297 9050
2340 239 2855 5226 5344 5781 7938 7971 9451
2341 12 1698 2057 5513 6125 7011 9314 9329 9591 9607 9722 9788 9814
2342 4638
2343 1205 2295 2640 2721 4233 5025 5736 5895 8333 9249 9414
2344 4643 6095 6538 7703
2345 5694
2346 2642 3084 3481 5620
2347 195 1205 1250 2641 3684 8667 9029
2348 3752 3753 4849 5998
2349 3095 5213 8618
2350 1916 7358 9090
2351 3813 7952 9167
2352 263 287 757 785 806 1161 1298 1336 1368 1746 1795 2072 2123 2513 2557 2713 2786 2808 3095 3258 3966 4111 4186 4439 4806 4937 4989 5111 5151 5326 5606 6002 6577 6927 6942 6971 7062 7161 7224 7510 8262 8312 8371 8445 8476 8693 8905 9076 9115 9137 9219 9700 9864 9870
2353 801 4725 8243 9052
2354 1227 2967 5718 6791 7015
2355 6621 6790
2356 938 2307 2495 7068 9264
2357 3356 6991 7951 8136
2358 9555
2359 254 768 2841 3088 3341 5805 6929
2360 46 213 318 1117 1596 2753 2874 3084 4774 5461 5620 6365 7146 7232 7597 7683 7850 9829
2361 663 1483 1511 3341
2362 63 744 862 899 939 949 1542 1676 2296 2660 2777 2940 3445 3554 3615 3774 3789 3881 4341 4668 5310 5325 5403 5483 5735 6106 6583 6787 6872 6985 7111 7362 7450 7699 7950 8571 8702
2363 8891
2364 3125 3598 3682 7361
2365 2897 5284
2366 325 757 1206 1326 1763 2254 2513 3634 3963 4266 4420 4690 5266 5281 6179 7075 7576 8432 8524 8905 8937 9148 9411 9602
2367 8702 9387
2368 456 1044 9870
2369 1228 5700 6472
2370 6636 7021 7134 8598
2371 2242 3405 4100 8713 9178 9395
2372 2268 8280
2373 4978 9405
2374 6037 6839 9127
2375 3819
2376 43 846 3592 3670 4224 4334 5323 5425 5460 6380 6498 6530 7098 8141 8342 8370 9082
2377 2941 4933 9122
2378 531 918 1821 2161 2756 4240
2379 34 7613
2380 7232
2381 12 212 3013
2382 680 1274 6028
2383 2161 9112 9764
2384 166 1316 3713 3762 4573
2385 294 3211 3421 5038 6827 8908
2386 5235 7732
2387 394 1133 1540 4736 4961 5147 5360 5739
2388 758 1012 1260 1278 2262 3050 5269 5531 9072 9170
2389 6890
2390 1582 2877 2895 3984 5265 6387 7321 9793
2391 7729
2392 619 2636 7572 8651
2393 269
2394 804 1032 1114 1267 1269 1306 1321 2322 2625 3418 4481 4640 4813 5339 5433 5448 5770 7029 7379 7594 7905 8187 9357
2395 8544
2396 6937
2397 8230 9617
2398 454 1160 2028 3693 4078 4708 5250 5451 7360 7420 9076
2399 6952 8476 8909
2400 5252 5917 6942 7021 7134 7396 7510 8142 8372
2401 1334 5089 5669 7833 8398 9405
2402 278 5193 5195 7356 8270 9694
2403 85 266 1283 1322 1589 1641 2264 2635 2832 3264 5334 5470 6825 6984 7020 8424 9231
2404 4834 4937
2405 1505
2406 1133 1540 1591
2407 181 7173
2408 4361 5782
2409 3045 4549 9134
2410 522 711 1630 2882 2902 3187 4054 4266 5151 5453 5812 6471 6937 7072 7424 7889 8012 8539
2411 1416 9531
2412 7972 9327
2413 627 900 1284 1506 2707 2776 5069 5117 6394 6635 6754 6776 6779 7113 7858 8307 8671 8867
2414 645 2895 3367
2415 5248 7265 7433 7873
2416 983 4274 8825 9620
2417 2564 3610 7909 8807
2418 5806 8855
2419 572 710 1503 2109 2801 5909 6967 9351 9501 9751
2420 3417 3885 5264 8437 8795 8991 9295 9338
2421 1953 2557 8141 8422 8593 8623
2422 7151
2423 1898 2812 2875 8121
2424 2544 3967 4413 4432 4479 7749 8220 8668 8684
2425 4837
2426 1211 1586 2202 2427 3244 3302 3413 4204 4463 4646 5465 5716 8310 8819 8977 9157 9337 9348 9752 9830
2427 1211 1586 2202 2426 3244 3302 3413 4204 4342 4463 4646 5465 5716 8310 8819 8977 9157 9276 9337 9348 9752 9830
2428 8892 8976
2429 3145 7198 7768 7816
2430 7396
2431 857 3110 6048 9125
2432 230 389 417 481 610 4111 4799 6141 6702 6895 7687 7688 8744 8997
2433 6810
2434 1209 1630 1908 5453 5792 6437 7076 8185
2435 686 1733 1971 3603 6681 7356 7948 9225
2436 5149 5590
2437 7100 8553
2438 614
2439 1111 2046 8520
2440 1067
2441 218 3709
2442 133 441 913 4470 5112 6404 6869 7452 7494 7775 8446
2443 1405 2913 6072 7388 7436
2444 1786 1799 3701 3855 4110 4743 4754 5583 5635 5649 5986 6337 6992 7018 8765 9332 9397 9590
2445 268 287 2244 4989 8430 8753
2446 651
2447 148 2812 4536
2448 1097 2139 5103 5413 8484 9165
2449 1197 1322 8697
2450 2730 3696 9875
2451 159 1239 1533 2462 2941 7277 9122
2452 7154
2453 2107
2454 4590 8086
2455 4234 9750
2456 9714
2457 145 184 726 857 1209 3369 3579 3621 3804 4078 4273 4544 5048 5792 6260 6437 7024 9050 9233
2458 1902 2645 3242 4020 5062 5924 6880
2459 1088 4835 9256
2460 6102 6372
2461 9804
2462 159 1843 2295 2451 3391 3429 4466 4664 6677 6698 6765 6935 8210 8355 8369
2463 3897 5644 6631 7494 8451 8827 9375 9447 9478
2464 920 4563 6763 7353 8553 9523 9673
2465 485 2194
2466 498 509 3136 3531 3533 5681 6504 6774 7776 9518
2467 2160 2824 3693 7038
2468 6458 8753 9297
2469 12 921 4609 7363 7713 7722 9474
2470 6856 6987
2471 486
2472 651 2772 3495 4111 4636 4710 4989 6178 6514 7807 7838 8753
2473 211 352 467 1509 2655 4215 4342 5249 6998 8153 8175
2474 9074
2475 507 4697
2476 1774 8845
2477 7674
2478 2161 5937 6293
2479 108 547 1008 1507 2491 3087 4452 4780 4973 5149 5385 5420 6260 6462 7106 7347 7398 7638 7723 8311 8553 8717 8906 9169
2480 4336 7946
2481 8693
2482 5604
2483 8891
2484 1349 6075 9380
2485 566
2486 6453 9154
2487 1885 2602 6453 8755
2488 1074
2489 3354
2490 2306 5036 9714
2491 1008 1108 1154 1290 2127 2479 2569 3583 4258 4903 4973 5053 5188 5760 5835 6100 6501 6716 7345 7398 7723 9755
2492 545 1275 1318 2830 3894 7100
2493 2230 3749 3770 4407 6760
2494 601 2826 4130 4924 5526 5684 7337 8069 8512 9076
2495 938 1316 2307 2356 7068 9264
2496 6511
2497 94 975 981 2247 2710 2803 2867 3090 3751 4491 4585 4808 5354 7916 9603 9834 9855
2498 349 9660
2499 692 2032 2284 4240 4948 7615
2500 41 255 1511 1555 2847 3341 6683 6813 7169
2501 145 3621 7036 9050
2502 1282 7658
2503 1148 6240 6600 6973
2504 1626
2505 1887 7910
2506 1662 3840 4342 4664 4958 6110 8415
2507 1082 1085 4479
2508 6754 8351
2509 346 407 1489 1837 7058 7396 7856 7866 8308 8863
2510 6511
2511 1746 2016 2253 2513 3481 4303 8731 8859 8905
2512 757 806 1228 2646 4807 4869 5266 5919 6720 7034 7467 7866 8466 9148 9755
2513 263 279 322 757 806 1157 1206 1298 1336 1613 1746 1795 1859 2253 2352 2366 2511 2808 3057 3604 3634 4807 5111 5525 5606 6260 6720 6971 7161 7169 7576 7872 8312 8731 8841 8905 8917 9700 9716 9724
2514 462 1092 2011 2070 2611 6788 7441 9178
2515 1112 7787
2516 68 319 767 5246 5389 8851 9354
2517 1186 1366 1742 1845 2333 3258 3505 5606 5739 7028 9399 9492
2518 279 618 785 1266 1294 1695 1903 1907 2204 2209 3008 3022 3065 3140 3359 3524 3866 3872 4033 4186 4697 5002 5218 5358 5395 5604 5642 5892 6397 6425 6426 6485 6694 6815 7124 7271 8188 8189 9212 9333
2519 737 3523 9409
2520 21 1498 1990 4341 4840
2521 203 4468 5129 6807 7006 7416
2522 4001
2523 58 724 935 2141 4918 6282 6631 8413 8744 9416
2524 741 7554 9507
2525 147 541
2526 8539 8883
2527 683 2196 2328 3935 5865 7050 7191 8573 9326
2528 1665 2234 3858 4234 9326
2529 190 1017 1775 2080 3069 5078 5447 7110 7630 8121 8692
2530 2327 6811 9692
2531 1109 6880
2532 2263 6155 7070
2533 2967 8172 9391
2534 3840
2535 609 4554 7535 8472 9702 9811
2536 9511
2537 92 1133 2929 5906 6220
2538 7842
2539 925 5766 9492
2540 3761
2541 7166
2542 139 8911
2543 441 657 1151 1299 2854 3874 4047 4303 4323 4408 5620 5917 6365 7827 8144 9728
2544 2424 4413 4479 7749 8220 8684
2545 345 2167 3207 4043 5034 8301 8908 9711
2546 1187
2547 5106 7467
2548 152 1311 1404 1415 1652 2848 2947 2956 3275 3506 4132 5230 5282 6642 7155 7787 7847 7893 8482 8770 9293 9617
2549 4818 5799
2550 699 942 1457 2852 4313 6148 6773
2551 152 1368 1404 2263 2334 2564 2719 2956 6642 7787 7847
2552 2334 4338 4687 4896
2553 361 602 1405 4266 5468 6738 6885 8200 8247 8753 8934
2554 331 499 564 582 1481 2252 2601 2726 2788 3353 3738 4558 4687 4999 5306 6139 6485 6546 8158 8274 8476 8544 8785 9222 9754
2555 2048 4538 8431
2556 1834 7178 7791
2557 2352 2421 8422 9700
2558 3018 5795 6922 7846
2559 1566
2560 7658
2561 2057 3850 4929 9775
2562 9319
2563 345 8301
2564 815 864 2334 2417 2551 2658 2704 2743 3590 3610 4061 4484 4806 5050 7140 7459 7734 7735 7847 7909 8807 9150 9293
2565 7768 7847
2566 5071 6298
2567 442 473 659 670 785 1091 1098 1242 1257 1311 1543 1554 1652 2266 2651 4944 5282 5363 5748 5945 7057 7255 7395 7580 7653 8311 8663 8893 8900 9169 9210 9760
2568 4728 7199
2569 2491 4973 5760
2570 2122 3083 3771 4794 5323
2571 3183 9804
2572 5381
2573 3673 3681 3747 4123 5656 6324 7018 7658 8954 8957
2574 1426 2138 2598 3491 4055 4555 5654 6300 6345 7551 8551 9009
2575 9286
2576 3721 4516 4597 6310 6355 8548 8725
2577 4091 9599
2578 6342 7822 9572 9798
2579 4548 5960 7609 9573 9663
2580 3409
2581 8095
2582 3431 3951 4535 6316 7899 8603 9578
2583 3636 3637 4419 4517 4575 4576 5095 8548 8551 8585 8624 9526
2584 9570 9599
2585 3680 3727 9578
2586 3535
2587 109 4091
2588 415 1500 3536 3722 4088 4255 5381 5384 6182 6288 6400 7018 7537 7971 8647 8943 9558
2589 7540
2590 4354
2591 3979 5146
2592 8 6602
2593 2232
2594 2817 5263 8995
2595 1424 4078 8957
2596 170 562 4620 8378
2597 3747 6400
2598 2574 4055 6181 7551
2599 1870 2935
2600 2062 2658 3151 3713 6301 6620 6739 7007 8824
2601 2554 2726 4558 5570 6008 6485 8274 9754
2602 1885 2487 6453 8755
2603 3681 5962 6198
2604 3071 4430 6321
2605 4354 7018
2606 4556 5981 6324 6355 9810
2607 349 9660
2608 4174 8288 8453
2609 475 1824 2099 2304 3545 3953 4360 5028 6199 6927 7848 7883 7921 8025 9081
2610 335
2611 268 728 857 1666 1783 2137 2236 2514 2668 2838 2977 3258 3293 4083 4876 6071 6714 7155 7441 7714 7912 8393 9348 9869
2612 2323 7004
2613 1045 1075 5017 5336 6546 7368 8350
2614 222 1238 5322
2615 1335 2007 2715 2892 4144 5893 6664 8873
2616 8383 9071
2617 13 9098
2618 6479
2619 7981
2620 2657 7037 7766
2621 1907
2622 651 1095 1234 1722 3480 5029 5048 5116 5685 7491 8427
2623 8899 9608
2624 5048
2625 804 1032 1114 1267 1269 1306 1321 2322 2394 3418 4481 4640 4813 5339 5433 5448 5770 7029 7379 7594 7905 8187 9357
2626 811 1169 3797 5066 5906 6076 6366 7644 8693 9531 9546 9862
2627 210 303
2628 7124 7912 9869
2629 1191 4728
2630 1097 6282
2631 1022
2632 674 1878 2817 3757 4494 4741 5053
2633 379
2634 424
2635 2403 5334 5470
2636 619 2392 7572
2637 589 2959 8892
2638 986 5964
2639 5284
2640 2295 2343 2721 4233 5736 5895 9249
2641 195 1250 2347 3684 8667 9029
2642 2346 3084 3481 5620
2643 1466
2644 7864
2645 1902 2458 3242 4020 5062 5924 6880
2646 806 1837 2323 2512 3757 4807 4869 8313 8466
2647 252 1169 7756 8535 9490 9513
2648 456 1837 3549 3757 6301 8262 8404
2649 541 1408 1532 2002 2102 2684 4109 4135 4814 5095 7476 7506 7976 9260 9846 9849
2650 1775 5576
2651 895 1311 1652 2567 4367 5282 7057
2652 1176 1600
2653 6949 9554
2654 5601
2655 343 352 577 1086 1988 2473 2997 4837 5264 5742 5746 6273 6998 7937 9020 9059 9181
2656 2967 5090
2657 1637 2221 2620 2740 4801 4948 5509 6866 7094 7276 7342 7766 9158 9182 9183 9721
2658 2564 2600 6620 6739 9150 9348
2659 1846 5084 9348
2660 63 744 862 899 939 949 1542 1676 2296 2362 2777 3445 3554 3615 3789 4668 5310 5325 5403 5483 5735 6106 6583 6787 6872 6985 7111 7362 7450 7699 7950
2661 3976
2662 778 1397 7920
2663 1394 2095 4153 5159 6488 6519 7121 8513
2664 5159 8513
2665 1270 2090 6731 6871 7545 9470
2666 6496
2667 679 4531 4787
2668 1649 2611 3451 3800 4638 7444 9307
2669 94 727 1360 1369 1436 1781 2900 3207 3754 4035 4498 5579 5792 5812 7076 7093 7676 7889 7938 8301 8302 9603
2670 1173 3103
2671 7363 8011
2672 3102 9531
2673 4851 8794 9602 9783
2674 3015 4247 4724
2675 4081
2676 512 2679 2893 3356 5318 7141
2677 4263 6375
2678 2008 3487 4391
2679 2334 2676 2983 4338 4896 4897 7031 7036 8538 8816 9312 9715
2680 1261 4943 5364 5749 5761 6159 6273 6692 6856 6987 7032 7094 7489 8984 9050 9763
2681 6185 9173
2682 207
2683 7558
2684 420 1035 1203 1305 1611 1693 2649 4109 5080 5211 5364 7025 8736 8906
2685 3081 4300 4894 6906 9059 9181
2686 667 2734 6114 6830
2687 920 1043 2031 3360 8314 8535
2688 3107 3108
2689 1063 2167 3046 4043 7592
2690 833 3333 6276
2691 2788 8476
2692 6556 8444
2693 5422
2694 3231
2695 179 5925
2696 762 1081 4341 4452 4504 4505 7727 7867
2697 4240 4932 5637 5858 6386 6997 7545 7656 8650 9074 9213
2698 572
2699 992 1097 1126 1271 1543 1610 2090 2806 5103 5117 5479 5858 6790 7223 7261 7545 9042 9165
2700 9493
2701 824 2933
2702 2979 7133 7139 7382
2703 977 1071 1108 1718 1905 3022 3091 3579 3648 3940 4139 4220 4310 4311 4589 4689 4895 6190 6217 6293 6667 6768 6776 7042 7101 7300 7306 8101 8109 8281 8548 9363 9492
2704 1980 2564 7375 7734 7735 7847 7909
2705 349 5791
2706 4671 7173
2707 552 1174 1279 1284 1535 1717 1998 2413 5198 5672 6010 6753 6754 8867
2708 1126 4878 5103 5614 6819 9042
2709 3429 3793 4664 5458 6517 7084 7708 7895 7907 8252
2710 743 2497 3172 3751 4808 6596
2711 1920 7416
2712 43 1729 2030 2031 2786 2788 2882 3258 3524 3592 4064 4206 4214 4334 4642 4754 4924 4999 5281 5346 5925 6493 6530 6555 6931 7295 8590 8859 8885 8891 9297 9409 9636 9713
2713 287 785 846 2352 3199 3824 5748 6002 7649 8693 8782 9184
2714 3106 4617 5357
2715 2007 2615
2716 238 3705 3939 8737
2717 2161 2817 2883 6293 8033
2718 2274
2719 743 1040 2274 2551 4566 8824 8889
2720 4854 8521
2721 2295 2343 2640 4233 5736 5895 9249
2722 451 584 3095 3681 4335 5656 6136 8742 9409
2723 1798
2724 1266 3467 9295
2725 3812 4161 4201 8974
2726 1005 1778 2554 2601 3603 4558 5197 5305 8469 9705
2727 3494 7286
2728 1143 2303 6567 9540 9758
2729 7180
2730 2234 2450 4496 4691 4743 7196 8088 8219 8765 9875
2731 128 3251
2732 3720 7656 8065 8650
2733 561 3017 3257 5791
2734 362 667 1566 2686 3616 3646 4305 4610 6114 6830
2735 1702 7390
2736 2135 2738 2755 8284 8569 9544
2737 524 3623 5251
2738 2135 2736 2755 8284 8569 9544
2739 1448 1486 1910 2167 4007 4008 4443 4627 5131 5407 5996 6534 6541 9077
2740 2657
2741 341 1455 1549 1970 2962 3163 3415 4012 5775 6435
2742 480 1224 2184 8824
2743 623 2564 3116 4022 4134 6249 7850
2744 115 4152 4170 4433 4731 5277 5624 5784 6382 7903 7989
2745 223 2131 4742 5772
2746 3018 3038 6922 7846 9533
2747 283 2215 3853 5086 5712 8876
2748 1094 5074 8306
2749 876 3383
2750 7031 9416
2751 4951 5533
2752 9269
2753 1672 1837 2360 3084 5381 6404 7146 7413 7589 7683 7776
2754 3475
2755 2135 2736 2738 3884 4019 6515 8284 8569 9544
2756 531 918 1821 2161 2280 2378 2817 2954 4240 4448 4713 4719 5803 5850 5879 5883 6087 6252 6253 6293 7287 7974 8033 9764
2757 1968 3828 6047 7723 7785 8761
2758 820 7559
2759 2928 7927
2760 1719
2761 5469
2762 1926 2067 4363 5295 6463 6900 7260 7326 7975
2763 26 81 179 323 1833 2308 3631 4038 4085 4172 5197 6579 7956 8065
2764 3055
2765 224 6127 6178 7391 8430
2766 222 3989 4687 5967
2767 68 775 1778 2046 2167 4552 5088 5117 5407 5643 6887 8631 9165 9484
2768 1778 5864
2769 1791 1831 2771 4153 5911 6519 8181
2770 7111
2771 519 520 544 1565 1736 2769 5868 6614 7088 7422
2772 2472 3675 3823 4632 5116 5864 6514 7912 8753 9076
2773 9714
2774 264 1318 5162 6453 7001 8266
2775 5183 7640
2776 796 900 1328 1506 2227 2413 5345 6688 8307 8671
2777 63 744 862 899 939 949 1542 1676 2296 2362 2660 3445 3554 3615 3789 4668 5310 5325 5403 5483 5735 6106 6583 6787 6872 6985 7111 7362 7450 7699 7950
2778 189 1250 1324 1814 1843 2022 5021 5357 5729 6483 6801 8018 8147 8415 8905
2779 6483
2780 795 2122 6260 7723
2781 456 2237 4924 5957 5996 6137 6927 7181 9151 9679
2782 1175 5289 7193 7600 8412
2783 3084 5092
2784 9776
2785 5287 7457 9151
2786 263 512 566 616 1183 1364 1368 1626 1722 1778 1879 1887 2030 2031 2072 2181 2352 2712 2977 3269 3366 3488 3512 3524 3592 3630 3631 3720 3966 4064 4359 4642 4896 4924 4962 5008 5217 5358 6425 6530 6714 6912 6971 7118 7246 7431 7457 7471 7586 7612 8065 8396 8404 8541 8885 8891 9395 9409 9465 9636
2787 730 2080
2788 331 495 582 817 1186 2030 2110 2554 2691 2712 3148 3258 3524 3938 4076 4661 4715 4913 4999 6080 6256 6803 6880 7104 7393 8012 8476 8778 8785 9188
2789 222 1814 2256 2984 6362
2790 709
2791 4407 6156 6636 7267
2792 66 171 1596 1837 2927 3018 5004 6142 6214 6813 6845 6922 7637 7846 8284 8569 8753 8758 8760
2793 1956 3835 4645 4671 7816 7961 9094 9402 9416
2794 7067
2795 1019 2033 4240 6555 9134
2796 2172 4191 4508 5143 6852 7278 7468 9266 9551
2797 1045 2886 4421
2798 918 5810 7268 9045
2799 875 4969 7946
2800 495 726 728 2994 3509 3871 4359 5609 6880 6914 7062 8507
2801 2419
2802 1165 4734 5447
2803 2497 5739 7024 9834
2804 7729
2805 3022 7300 7612 9043 9724
2806 442 1097 2699 5479 5543 5858 6782 7975 8715 9165
2807 5085
2808 279 798 806 2352 2513 2824 4807 6720 6742 6927 8312 8905 9700
2809 811 3015 6818
2810 6296 6695
2811 6260 8136
2812 1848 1898 2423 2447 2875 4536 5506 6017 6747 7276 7365 8121
2813 355 2143 8292
2814 325 678 4420 5468
2815 6543
2816 1948 3181 6682
2817 459 500 529 1037 1108 1189 1878 2594 2632 2717 2756 2883 2885 4509 4713 4826 6293 6716 6776 7482 7974 8003 8033 8062 8095 8818 8995 9520 9839
2818 341 1940 2099 5051 5906 7128 7260 8744 8816 9396
2819 1228 1681 4702 5126 9426
2820 1259 4193 4990 5264 8461 9747
2821 750 2892 3462 6108 7150 7395 8743 9165
2822 635 3185 3675
2823 4205
2824 287 329 1327 1940 2160 2330 2467 2808 3693 4111 4235 4585 6577 6597 6652 6927 7038 7300 7648 7850 7889 7971 8077 8927 8934 9165 9492 9700
2825 3349 6810 7814
2826 2494 4130 7337 8385
2827 771 1674 3529 4619 7752 9355
2828 6662
2829 3234 3880 5331 6715 9300 9462 9783
2830 70 191 545 712 2492 3329 3550 4362 7100
2831 9353
2832 1228 1283 2403 3264 4795 5107 6825 6984 8682 9231
2833 234 1201 5593 6360
2834 5054
2835 6082
2836 1892 3526 4907 7084 7744 8480
2837 299 8009
2838 1491 1986 2611 5717
2839 1143
2840 5538 6157 6351
2841 33 1003 2359
2842 3354 5024 6860
2843 7818
2844 879
2845 474 871 2047 8813
2846 857 4415 5048
2847 2500 3341 6067 6673 6683
2848 2548 5230
2849 559 1351 4313 5567 5568
2850 1451 3664 4188 4910 5661 6623 6719 8534
2851 4297
2852 1457 2550 4313 6773 8951
2853 2261 6088
2854 1299 2543 3689 3749 3770 4407 5900 6977 9286
2855 239 2340 5427 6615 7197 7971 8562
2856 7408 9482
2857 553 1412 2246 6398
2858 93 918 1110 1558 3522 4847 4920 6163 6263 6580 6916 7210 7338 8159 8983 9078 9134
2859 1978 6030
2860 96 1247 3873 3888 6693
2861 132 1159 4999
2862 6485
2863 2297 3128 5028 7069 8166
2864 6714 6834 8789
2865 4731
2866 2177 3213 4036 5623
2867 981 2497 3090 5768
2868 9416
2869 5811 7559
2870 863 3810 4011 4816 6303 6701 6769 7055 7965
2871 2020 5504
2872 512 1617 1887 3356 3474 4064 5264 5304 8699 8891
2873 748 7153 8685 8700
2874 318 613 1156 1351 1596 2336 2360 3072 4543 4705 5461 6196 6474 7146 7232 7683 7850 8130 8319 9829
2875 141 191 217 1108 1848 1898 2423 2812 4654 5148 5150 5506 6017 6747 6824 7276 7308 8121
2876 2122 5250 5323
2877 2390 2895 7321 9793
2878 210 736 1703 3371 3373 3811 4974 5190 6423 7190 7442 8113 8127 9736
2879 1281 5893
2880 7986
2881 5134
2882 94 305 322 539 732 1014 1017 1666 1908 2028 2197 2410 2712 2902 3065 3091 3379 3979 4054 4264 4575 4661 4940 4974 5346 5347 5473 6397 6471 6549 6906 6937 6971 7091 7107 7298 7466 7593 8012 8141 8548 8885 9144 9378 9482 9715
2883 1037 1150 1694 2283 2717 2817 4595 6217 6293 8140 8995 9458 9764
2884 206 611 2260
2885 2817 8995
2886 1045 1102 2797 4421 5328
2887 818 4861 5361 5844 8895
2888 1517 6658
2889 6260 7723 8123
2890 8383 9071
2891 1703 9151
2892 431 2615 2821 3462 5727 6108 6664 6698 7150 8147 8237
2893 965 2676 5318 7141 9817
2894 6183
2895 645 1582 2390 2414 2877 3367 3984 5265 6387 7321 9793
2896 4542 4902 6554 7300 7721 9043 9452
2897 674 1923 2365 3089 5284 7555 9275
2898 3425
2899 8855
2900 78 495 2669 2977 3035 3324 4688 5151 5615 5864 7093 7889 8356 8476 9076
2901 435 3125 4584 5324 5622 6618 7980 7992 8081
2902 2410 2882 4014 4054 5453 6471 6937 8301 8753 9603
2903 2063 4865 7432 8102
2904 4589 5053 7979
2905 598 712 3946 5074
2906 374 3534
2907 8004 8180 9837
2908 754 1072 5796 7712 9760
2909 942
2910 4764
2911 845
2912 5417 8576
2913 714 997 2443 3091 3866 4341 4418 4486 5141 5277 5624 5784 6072 6289 6414 7436 7636 7903 8025 9081 9262 9685 9692
2914 3727
2915 7361
2916 707 5689 6890
2917 137 2324
2918 3049 3599 3716 5276 8987
2919 3281
2920 6349 9013
2921 4850
2922 642 4248 6150 6952
2923 7583
2924 996 1846 1946 3399 3587 3712 4908 4963 8439 8939 9049 9785 9791
2925 3560 6924 7408
2926 654
2927 171 1837 2792 5004 8284 8569 8758 8760
2928 2759 7927
2929 2537 5781 5906
2930 0 760 1070 1886 2271 4263 5022 5784 6771 7119 8406 9217
2931 1736
2932 1019
2933 824 2701 3824 3869 5138 7646
2934 490 808 1358 1374 1900 2203 3105 3869 4082 7090 7963 7968 8181 8527 9080 9622
2935 1870 2599 5402 7162
2936 9735
2937 4653 5261 9211
2938 5354
2939 13 9098
2940 51 175 700 1057 1519 1881 2362 3881 4479 5172 6796 9193
2941 210 1239 1533 2232 2377 2451 3698 4724 4933 5261 5287 7277 7817 9122 9241
2942 6906
2943 796 6161
2944 5 964
2945 1974
2946 276 1695 1941 4363 4485 5753 7104 8733 8778
2947 2548 3275 3506 9617
2948 5179 7557
2949 9492
2950 7459 9348
2951 2297 3140 3790 7017 9371
2952 62 739 1206 1326 3484 4690 6150 6179 7144 8525
2953 6880
2954 1150 2756 6293
2955 512 1375 1483 5760 6494 7723 8123
2956 1368 2548 2551 7155 7787
2957 199
2958 5044
2959 589 922 2637 7574 8892 9030 9403
2960 1301 1386 5119 6016
2961 9794
2962 741 1961 2078 2741 3163 3953 6686 7389 7427
2963 5806 8452
2964 6530 6910
2965 1045 3504
2966 1020 1209 1999 3108 5792 6437 6458 9492
2967 562 620 2354 2533 2656 3600 4306 5090 6163 6883 6927 7015 8172 8176 8401 9391 9866
2968 167 4791 6972 8269 8275 8707
2969 9416
2970 92 4839 8983
2971 5407
2972 601 1610 1941 2119 5032 6864 7506
2973 844 6590 9243
2974 3765 4215
2975 5416
2976 7148
2977 444 472 522 620 732 785 1783 2028 2611 2786 2900 3130 3258 3592 4446 4585 4599 4642 5739 6530 6714 6880 7038 7367 7395 7850 7938 8885 9106
2978 3579
2979 1478 1841 2702 2980 2981 3411
2980 2979 2981
2981 2979 2980
2982 378 632 726 751 1440 1490 1859 1952 2028 2112 3036 3579 3866 3998 4231 4721 5358 5792 6390 6861 6974 7131 7371 7721 8068 8476 9076 9636
2983 2334 2679 4338 4896 8376 8816
2984 222 752 1242 1814 2256 2789 6362 6363 8788
2985 562 1595 3356
2986 341 9284
2987 4235 4439 6271 6746 6832 7282
2988 1158 1312 3104 4497 5040 8786 8894
2989 7393
2990 47 248 905 978 1270 1388 1760 2030 2181 3258 3425 4539 4622 5739 6477 7432 7624 8102 8427 8891
2991 4818 5878
2992 1927 4002 4994 5026 6049 7462 7524 8435 9216 9324
2993 183 7024
2994 78 2800 4022 4076
2995 4779 5103 7262
2996 674 3757 4494 6591
2997 343 577 2655 6998 7937
2998 4872 4984
2999 2004 3461
3000 3965 4768 5895
3001 5082 6507 9556
3002 1722 1723 1803 7201 8267
3003 4197
3004 8539
3005 153
3006 2269
3007 3251
3008 750 2518 3872 5392 6007 6412 6422 6517 6866 7271 7872 7907 8251 8809 8914
3009 562 608 1017 1753 3356 5053 7909 8807
3010 3012
3011 315 3012 8995
3012 315 3010 3011 8995
3013 83 212 224 599 786 1344 1887 2080 2381 3775 4754 5007 6007 6681 6786 6809 7910 9095 9198 9719
3014 5721
3015 113 811 1664 2674 2809 3276 3382 4247 4724 6818
3016 430 6156 6636 6842 7821 9332 9811
3017 561 2733
3018 788 1511 2558 2746 2792 3038 4470 5795 6142 6845 6922 7005 7846 9433 9533
3019 6237 6238 7768
3020 4730 6220 8189
3021 1283 1839 5110 5917
3022 279 1133 1846 2518 2703 2805 3866 3975 4310 4311 5335 5550 5925 6084 6136 6163 6486 6667 6971 7024 7038 7300 7612 7946 8109 8281 8548 8592 8916 9043 9363 9488 9724 9743
3023 434 952
3024 6176
3025 331 8991
3026 5910
3027 811 1023 1540 1695 2067 2209 2282 3481 4485 5823 6875 7024 7686 7935 8677 9737
3028 508 3375 4429 4570 6377 7614
3029 8267
3030 3333 5080 5571 5851 6276 8898
3031 1142 3481 5621
3032 4413 6849
3033 6873 8178 8399
3034 4424 7096 8421
3035 2053 2900 3268 3750 4266 5398 6072 6115 6397 6703 8214 8694 8934
3036 378 1440 2982 3998 6916
3037 1954 4333 6783
3038 152 788 2746 3018 4283 4462 4470 4549 4676 4864 5076 5089 6922 6953 6959 7005 7116 7461 7757 7787 7843 7846 8398 8475 9433 9533
3039 1611
3040 8463 9264
3041 7166
3042 1807
3043 4777 7993
3044 4856 6812 9316
3045 2409 3471 4549 9134
3046 2689
3047 3221 4902 6224 7300 9480
3048 9475 9711
3049 2918 3599 4936 8987
3050 132 1278 2388 9170
3051 5027 7148
3052 3098
3053 3454 3611 7093
3054 4856 9644
3055 689 2764 6819
3056 2007 3372 5244 6550 9249
3057 263 322 969 1336 1613 1756 1795 2253 2513 3356 7169 8731 8841 8905 9700 9716
3058 6667 9724
3059 1384 3103 8169
3060 9681
3061 6540 6616 9359
3062 657 2328
3063 488 929 1429 3660 6884 8434 8551 9196 9710
3064 4307 4622 6424
3065 94 1014 1186 1722 1903 2518 2882 3091 3268 3387 3524 4033 4266 4467 5008 5151 5642 6072 6397 6463 6645 6815 6893 6912 7107 7989 8292 8934 9260 9333 9492
3066 281 1301 2184 3942 4798 6061 6196 6256 6460 6474 8332
3067 869 2037 3382 4989 8752
3068 4489 4541 9817
3069 1017 2529
3070 144 1185 3815 5261 6043
3071 2604 4430 6321
3072 1156 2874 8319 9829
3073 228 6402 8248
3074 6918 7651 8625 9086 9223
3075 5171 8612
3076 5839 7892 9367 9417 9454
3077 844 9164
3078 1224 1768 3931 4384 5110 8548 9834
3079 4967 7290 9178 9444
3080 6459
3081 1186 1763 2685 4505 7688 8524 8592 9181
3082 5171
3083 2122 2570 3771 4794 5323 5410
3084 213 2346 2360 2642 2753 2783 3481 5092 5620 7683
3085 256 6684
3086 814 3336 7816
3087 2479 5760 6260 7723
3088 768 1555 2359 3341 4962
3089 2897 5284 8474 9275
3090 975 981 1796 2085 2247 2497 2867 4491 5768 6149
3091 43 651 737 1014 1908 2703 2882 2913 3065 4022 4266 5624 6437 6703 6893 6898 7107 8072 8336 8859 9076 9092 9492
3092 502
3093 1987
3094 3605 5854 9756
3095 584 809 1529 1630 2167 2349 2352 2722 3966 4139 4335 5609 6136 7062 8618 9333 9701 9863
3096 1933 7397
3097 4026
3098 1408 2042 3052
3099 6431
3100 3665 3666
3101 2293 6009
3102 2672 9531
3103 376 1168 1173 1384 1407 1410 1417 2670 3059 3849 3905 4848 4856 5011 8169 8709 9325 9329 9377 9526 9783 9792
3104 1413 2290 2988 4497 4924 5040 9799
3105 490 603 808 816 2934 3352 3869 5261 6037 6839 7075 7385 7576 7914 8145 8343 8416 8979 9080 9127 9622
3106 2714 4617
3107 2112 2178 2688 3108 3162 4717 6748 9326
3108 2204 2688 2966 3107 3775 4237 6458 6786 6895 7093 8916
3109 2251 4153 4545 5682 6519 7078 8362
3110 2431 5027 5575 6048
3111 2006
3112 2107
3113 4247
3114 1090 7932 9796
3115 2237 6302
3116 623 2743 7496
3117 324 976 4742 5027 7075 7794 9241
3118 9554
3119 9117
3120 840 6719 6980
3121 583 9215 9754 9821
3122 1326 5584 6179 8525 9411
3123 3158 3446 4902 7578 8524 9043
3124 3358
3125 391 2364 2901 3200 3270 3497 3682 5253 5622 7158 7803 8081 8082 8182 8644 9457 9586
3126 1594 7724
3127 1266 2297 6386 7104 8271
3128 2297 2863 7069 8166
3129 6530 8885
3130 1061 1645 1797 2181 2977 3324 4599 5615 6703 7491 7672 8331 8476 9106
3131 1236 3832 4469 7225 9206
3132 5063
3133 356 1222 7340
3134 9658
3135 5364 6261 9053 9221
3136 2466 6774
3137 3172
3138 4415 4989 5048 5270 7768 8159
3139 1111
3140 507 618 1338 1575 1753 2297 2518 2951 3790 3872 4526 4638 4697 5760 6381 7742
3141 366
3142 419
3143 3289 5370 5382 5665
3144 8782
3145 2429 7768 7816
3146 156 249 1607 4298 4452 5817 6633 8806
3147 1964 3196 8213
3148 2788 9188
3149 1097
3150 353 3820 4643 4902 6095 7300 7328 7504 9043 9360
3151 2062 2600 3713 6301 6919 7007 8371 8824
3152 4480 8578 9153
3153 1292 3906 6730 8773
3154 4470 8103
3155 1036 7572
3156 3636 6355 8548
3157 231 979 6552 8495
3158 3123 4902 8524 9693
3159 4976
3160 127 3990 8572 9032
3161 3202 8046
3162 2112 2178 3107 4195 4213 4219 6314 6748 9326
3163 2741 2962
3164 4193
3165 1883 6596
3166 2039
3167 4154
3168 222 406 7880
3169 3969 5597 6873 8178 8721 8722 9227
3170 9173
3171 651 732 1701 1879 2248 3592 5003 6971 7704 9489
3172 743 2710 3137 6596 9838
3173 7851 9368
3174 5638
3175 766 1606 3503 5200 9074 9266
3176 341 538 1421 1970 4363 5906 6222 6352 8224 9380
3177 5020 7779 7780
3178 2080
3179 672 1412 1469 2080 4881 4959
3180 694 4880
3181 245 1089 1948 2816 6425 6682
3182 75
3183 1012 2571 9804
3184 3570
3185 871 930 1541 2243 2822 4235 6271 6551 7839 7847 8246 8788 9320
3186 1539
3187 2291 2410 4359 7072 8539
3188 3726 8508 8943
3189 1410 3263 3433 9775
3190 5970 5973
3191 3673 6324 8726
3192 4928 9155 9460
3193 1133 5560 7985
3194 7834 8015 9376
3195 4276 6528
3196 1964 3147 8213
3197 3793 7907 8531 9448
3198 962
3199 2713 4625 5748 6002 7999 9184
3200 3125 7158
3201 4219 5457 6250
3202 3161 8046
3203 230 981 1545 2276 3245 5244
3204 3494 4965 8241
3205 246 556 621 720 916 1016 1861 2193 4119 4159 4744 4853 5058 5239 6379 6489 7698 8138 8239 8691 9505 9593 9781
3206 4344 4599 4749 4753
3207 94 728 756 1061 1095 1362 1903 1952 2209 2281 2339 2545 2669 3323 3512 3693 3708 4033 4076 4266 4359 4876 5048 6001 6463 6832 6861 6960 7072 7889 8301 8456 8916 9050 9492 9700
3208 4770
3209 6242
3210 222 1814 2292 4342 4444 5472 8786
3211 294 2385 3421 5038 6827 8908
3212 6766 7156 7681
3213 2177 2866 4036
3214 883 4434
3215 1088 1787 3899 9684
3216 1237 5350 5424
3217 1237 5350
3218 6438
3219 1481 4687
3220 868 7216 7712
3221 1049 2170 3047 4042 4392 4773 4902 6148 8997 9131 9205 9480 9703
3222 107 655 5132 5456 6785 8628
3223 9651
3224 3855 4387 6288 8055
3225 12 13 1137 1748 3339 6344 8418 8506 8654 9559
3226 7607 7728 9371 9586
3227 3643 5094 5652 5978 8632 8866
3228 300 4202 6349 7668 9285
3229 1824 9069 9712
3230 3733 5434
3231 2694
3232 4153 4628 5154 8181 8907
3233 528
3234 1354 2829 4553 5313 5859 6715 7125 9127 9300 9462 9783
3235 9783
3236 1408 4004 5140
3237 757 1634 6271 7688 9411
3238 891 1278 1663 4735 5566 8416
3239 871 8813
3240 59 754 2247 2323 3601 3749 4565 5278 5444 5734 7414 8887 9436 9475 9485
3241 322 6380 8188 8274
3242 1902 2458 2645 4020 5062 5924 6880
3243 3899 8225
3244 1211 1586 2202 2426 2427 3302 3413 4204 4463 4646 5465 5716 8310 8819 8977 9157 9337 9348 9752 9830
3245 230 981 1545 2024 2276 3203 3919 5244 5299 6793 9468
3246 222 9389 9421
3247 881 5639
3248 1324 1802 3312 4191 6765 7071
3249 8717
3250 1138 6874
3251 128 2731 3007 4622 5264
3252 8691
3253 1045 4269 4560 8696 8705
3254 1528
3255 3549
3256 7370
3257 2733 5791
3258 47 817 855 1186 1266 1666 1729 2352 2517 2611 2712 2788 2977 2990 3509 3938 4426 4471 4539 4585 4662 4688 4924 4999 5299 5606 5739 6339 6880 7295 7437 8012 8132 8476 9076 9297
3259 7443
3260 2250
3261 4440 5977 8963
3262 289 9692
3263 3189 3433
3264 86 1207 1243 1283 2403 2832 6657 6825 6984 7397 9203 9231 9731
3265 1828 4447
3266 4637 6145
3267 3535 5958 8726
3268 293 1369 3035 3065 3269 3432 3750 3754 4266 4467 5038 5151 6463 6827 7107 9188
3269 478 2786 3268 3281 3432 3434 4468 4746 5603 5779 5944 6397 7660
3270 3125 8644 9586
3271 3307 3514 9577
3272 5651 6450 9613
3273 1790 3820 6443 8111 8917
3274 8340
3275 2548 2947 3506 9617
3276 113 1664 3015 3382
3277 3533 9633
3278 2236 4192 5084 5821
3279 209 495 4137 5606 6001 7912 9287
3280 1767 2027 4192
3281 2919 3269 4098 5779 6166 6283 7660 8050 8656 8657 8723 9558 9574 9869
3282 3681 4882 5376 6320 7542 8588 8620
3283 4234 4340 4554 6337 8601 8942 9570
3284 18 737 3285 3979 7534 7668 7901 8109 8830 9558
3285 1445 3284 4555 4571 7668 8650 9558
3286 4315 4347 5777 9399 9531 9746
3287 4555
3288 6890
3289 3143 5370 5382 5665
3290 110 5962 9341
3291 6163 6930 7721 8233
3292 181 8210
3293 509 737 751 1903 2611 3708 4498 6144 7083 9518 9818 9869
3294 1983
3295 7137 9205
3296 2233 8748
3297 1292 4818 6730 8773
3298 1611 4017 7730
3299 48 8257
3300 7123 8582
3301 7289 8182 9457
3302 1211 1586 2202 2426 2427 3244 3413 4204 4463 4646 5465 5716 8310 8819 8977 9157 9337 9348 9752 9830
3303 974 1291 1364 3314 3385 3524 3595 5151 6485 7149 7393 8427 8476 8689 8983
3304 3722
3305 3434 3769 4252
3306 222 5984
3307 3271 3514 9577
3308 7595
3309 1351
3310 6322 6355 8548
3311 978 8664
3312 1324 3248 5374 8053
3313 6858
3314 3303
3315 4215 4752
3316 520 1580 7405
3317 1418 9525
3318 1455 1921 7012 8998
3319 812 3846 9642
3320 1418 6268
3321 9790
3322 5445
3323 2169 2339 3207 4033 5673 6960 8296 9050
3324 1797 2900 3130 5615 8356
3325 598 5074 9312
3326 712
3327 5226
3328 3333 5429 5571 6064
3329 2830 4362
3330 5890
3331 4308
3332 509
3333 833 2229 2690 3030 3328 4237 5080 5429 5571 5851 6064 6276 7000 7434 7473 8898 8931 9248
3334 7540
3335 3618 5287 9138
3336 599 814 3086 4559 4770 7816 9253
3337 45 1263 1825 3544 3562 4324 4818 5361 5878 6280 9317 9441
3338 347 9686
3339 1084 1955 3225 4497 6622 7740 8418 8827 9156 9403 9478 9753
3340 429 1620 5416 6610 9151
3341 33 255 663 749 888 1277 1483 1511 1555 1710 1912 2359 2361 2500 2847 3088 3539 4148 4780 5216 5744 5822 6067 6210 6369 6525 6673 6683 6813 6823 6929 7628 7974 8714 9210
3342 4438
3343 4663
3344 7661
3345 827 1753 2125 4246 4262 4466 6005 6363 8166
3346 1266 3938 3970 4715 5438 6880 7035 8539 8911
3347 567 857 1020 6136 6859 6882 7933 9298
3348 1131
3349 918 2825 4240
3350 4819
3351 4137
3352 3105 7075 8979
3353 2554 4687 9222
3354 142 1245 2050 2489 2842 3427 4037 5024 6413 6721 6860 7267 7626 7783 7784 7835 7923
3355 4375
3356 227 512 562 622 653 969 1003 1017 1658 1756 1887 1898 2045 2062 2357 2676 2872 2985 3009 3057 3600 3619 3913 4300 4780 5222 5304 6136 6163 6425 6991 7183 7653 7786 7850 7946 8129 8188 8202 8311 8629 8679 8699 8746 8915 9025 9169 9181 9197 9210 9350 9450 9721
3357 844 9243
3358 726 3124 5739 6000 6179 7576 7949 8188 9537 9636
3359 2518 3913 6619
3360 1043 2031 2687 8314
3361 189 6512 6572 6847 7226
3362 4474 4923 9074
3363 7043 8531
3364 4289 4484
3365 4748 8740
3366 263 1621 1645 1781 1879 2786 3432 3966 6971 7612
3367 645 2414 2895
3368 9488
3369 2457
3370 5711
3371 210 2000 2878 7190
3372 2007 3056 9249
3373 1159 2878 4974 7949
3374 3397
3375 423 508 1118 1328 3028 5732 6377 6544 7614
3376 540 636 4109
3377 4697 6589 8672
3378 4109
3379 2882 3979 7298
3380 1969 6666 8706
3381 6158
3382 651 869 1746 3015 3067 3276 4247 4989 8778 9701
3383 876 2749
3384 7727 7867 8775
3385 3303 7149 8983
3386 572
3387 711 727 1109 3065 4266 6454 8934 9739
3388 3549
3389 381
3390 1934 8413 9208 9352
3391 2462 3537 3736 6698 7322 8369
3392 5217
3393 1060 4711 8460 8461 9260
3394 431
3395 1806 6741 7284
3396 4642 6714
3397 3374 4945
3398 628 4170
3399 2924 4908 9785
3400 6155
3401 7575 9197
3402 3631 3720
3403 3746 4224 6198 6323 6324 8958 9647
3404 4097 4523 9561
3405 1679 2371 4442 5366 9395
3406 219 369 3745 4427 6185 7536
3407 1019
3408 603 743 9286
3409 1038 2580 9746
3410 3535 6251 8505 8615
3411 2979
3412 1136 2161 5105
3413 1211 1586 2202 2426 2427 3244 3302 4204 4463 4646 5465 5716 8310 8819 8977 9157 9337 9348 9752 9830
3414 2076 5501
3415 550 1421 1455 1970 2741 3920 6875 7096 8138 9320
3416 4616 7988
3417 2420 3885 8991 9338
3418 804 1032 1114 1267 1269 1306 1321 2322 2394 2625 4481 4640 4813 5339 5433 5448 5770 7029 7379 7594 7905 8187 9357
3419 6082 6432 7587 7702
3420 7762
3421 294 1063 2385 3211 5038 5426 6827 7602 8908
3422 6132
3423 7511 7656 8650 9649
3424 1108 6458 9297
3425 295 765 1246 2898 2990 3485 4130 4191 5452 5761 8468 9074
3426 7729
3427 3354 4124 5293 7267 7741
3428 1334 1464 5089 8398 9405
3429 2295 2462 2709 4664 8355
3430 6322 8548
3431 2582 8603
3432 415 1781 3268 3269 3366 3612 3726 3750 3966 4071 4106 7672
3433 1410 3189 3263 3997 5369 8019 9015 9576 9587 9775
3434 3269 3305 3992 4252 5100 5779 8507 9665
3435 5605 7529
3436 299
3437 4554 5972
3438 2168 9352
3439 1470 4874 9392
3440 7662 7845
3441 9286
3442 1381 5976 6335 8025 9573
3443 249 4977 8690
3444 1834
3445 63 744 862 899 939 949 1542 1676 2296 2362 2660 2777 3554 3615 3789 4668 5310 5325 5403 5483 5735 6106 6583 6787 6872 6985 7111 7362 7450 7699 7950
3446 1050 3123 4902
3447 4552 8238
3448 8337
3449 291 3890 3925 5989 8394
3450 715 9213
3451 2668
3452 1438 3537 4146 4747 9404
3453 3992 4215 4218 4746 6557 6561 8046
3454 1422 1490 3053 4003 4005 4851 5554 7093 8398 8679 9531 9630 9631 9862
3455 5767
3456 386 712 4130 5698 6693 9239
3457 438 2238
3458 1396 1500 5058
3459 6834
3460 5681
3461 2004 2999
3462 750 2821 2892 6108 7150
3463 840 5785 7289 7325 7769
3464 818 5259 6999
3465 4136 5309
3466 936 7744
3467 1266 2724 9295
3468 4797 5530 5548 6738 7443 7451
3469 222 230 795 6187
3470 5071 6555 9187 9867
3471 3045 4549
3472 3999 6933 7831 9159 9234
3473 6357
3474 2872
3475 2754
3476 1570 7415 8868 8901
3477 1204 9446
3478 1766 5842 9295
3479 4470 8433
3480 2622 8427
3481 1142 1364 1695 1801 1829 2016 2209 2236 2346 2511 2642 3027 3031 3084 4179 4303 4547 4761 5391 5404 5620 5621 6000 6559 6597 8058 8733 8859 8893 9102
3482 2016
3483 3808
3484 62 1326 2952 6179 7603
3485 984 1006 1570 1620 1792 1891 3425 4130 4547 4748 5292 6846 7201 7564 8125 8137 8157 9074 9151
3486 4379 6495
3487 2008 2678 4391
3488 2786 3533 3819 3886 4135 4453 5077 5290 5577 6127 6266 6647 7246 7847 9298
3489 4688 9451
3490 399 5847
3491 2574 8551
3492 9612
3493 997 4594 7057
3494 857 871 1154 2137 2323 2727 3204 3523 3580 5917 6722 6996
3495 2472 7807
3496 2300 6761 8952
3497 1400 3125 4211 4219 4760 5622 6560 7213 8081 8151 9448 9703
3498 3994 5649 9413
3499 4218 4219 4342 4521 4746 5926 6311 6561 7406 9654
3500 1066 1529 6971
3501 1084 8413 9430
3502 807 1559
3503 766 1606 3175 5200 9074 9266
3504 1045 2965
3505 2517
3506 444 921 2548 2947 3275 4105 4427 6559 6832 6859 7126 8542 9617
3507 454 4708 5451 8661
3508 2132
3509 495 728 2257 2800 3258 4471 5609 9492
3510 7772
3511 2054 4659 7151
3512 43 78 728 871 1930 2135 2786 3207 3708 3741 4022 4033 4140 5766 5792 6397 6463 7938 8859 9076 9544 9599 9636 9641
3513 3973
3514 99 3271 3307 8028 9577
3515 5654 8661 8957
3516 5095 7542 7549 8587
3517 298 8654 8724
3518 6023 8127
3519 3922
3520 3560
3521 3524 5739 8396
3522 2858
3523 857 2137 2519 3494 3580 9409
3524 522 549 1046 1903 2028 2030 2031 2110 2181 2518 2712 2786 2788 3065 3303 3521 3577 3750 3782 4064 4998 4999 5095 5151 5264 5299 5642 5925 6397 6880 7393 7912 8396 8476 8539 8590 8885 8891 8934 9392 9596 9746
3525 480 9563
3526 1892 2836 4907 7084 7744 8480
3527 9027
3528 3533
3529 510 643 771 1674 2005 2040 2827 3717 4619 4750 4925 5430 5511 7075 7752 8747 9355 9776
3530 1986
3531 509 2097 2466 3533 4048 6504 8598
3532 9633
3533 2097 2466 3277 3488 3528 3531 5077 6504 6866 9633
3534 73 374 791 1127 1550 2145 2906 4648 6652 7641 7745 8462 8675
3535 2586 3267 3410 6355 7672 8505 8726
3536 2588 4088 4277 4858 6305 7528 8602 8753 9617
3537 831 1360 1737 2180 3391 3452 3736 4021 4524 5984 7322 7644 8643 8702 9404
3538 1080 1605 4304 6744
3539 33 928 950 1748 1775 2093 3341 5822 8844
3540 4200 4556 7542
3541 3687 3877 7655 7659 8049 8649 9663
3542 222 230 795 6187 8943
3543 171 1385 1411 1418 1946 2286 3566 5073 6668 7861 8020 9328 9600 9602 9682 9790
3544 3337 9317
3545 2099 2609 4983 7883 8025
3546 329 2190 5003 8664 9468
3547 4599 5280 7968
3548 3711 4507 4754 5217 5821 7359 8541
3549 737 1490 1837 2055 2123 2648 3255 3388 3772 4101 4642 4763 4902 6403 6530 6796 7053 7440 7816 7948 8262 8525 8885 9408 9409
3550 2830 7100
3551 4648
3552 1722 2072 4924 5008 5009 5302 6912 7664 8890
3553 1 1037
3554 63 744 862 899 939 949 1542 1676 2296 2362 2660 2777 3445 3615 3789 4668 5310 5325 5403 5483 5735 6106 6583 6787 6872 6985 7111 7362 7450 7699 7950
3555 1418 4886
3556 1454
3557 660 697 4138 5268 7520 7522 7879
3558 4266 4585
3559 1420 3569 4747 4890 9594
3560 772 2238 2925 3520 6269 6924 7607 7728 7848 7902
3561 273 1190 1204 3620 3841 4357 5341 5420 6551 7133 8414 9785
3562 3337 4818 5361 5878
3563 9325 9526 9782 9801
3564
3565 4921 9617
3566 364 3543
3567 224
3568 3851 3862 4497 4853 4862 5040 5769
3569 3559 4747 4890
3570 3184
3571 4917
3572 1012 9598 9784
3573 1090 1775 7990 9632
3574 569 4804 5588
3575 1021
3576 2137
3577 3524 7107 8539 8883
3578 1095 4989 7955
3579 193 726 1209 1802 1882 1952 2457 2703 2978 2982 3804 4589 5609 6437 7024
3580 857 2137 3494 3523
3581 1564 1846
3582 9721
3583 1224 2127 2491 9755
3584 1063 6005 6108
3585 4871 6458 8400 8685 9297
3586 4122 5987
3587 1846 2924 9785
3588 2016 5391
3589 1030 1558 3676
3590 47 2564 7367 7721 7734 7847 8325 9293
3591 4321 6083
3592 43 732 737 846 1722 2028 2248 2376 2712 2786 2977 3171 3913 4157 4186 5003 5460 6423 6498 6530 6971 7098 7704 8281 8342 8885 9143 9748
3593 4417 6141
3594 5060 7755
3595 3303 6485 8689
3596 1313 5680 8718
3597 2161 3776 6293
3598 2364 3682
3599 2918 3049
3600 562 2037 2070 2967 3356 6163 6947 7724 8188 8401 9298
3601 59 3240 5256
3602 1050 2313 8224 9693
3603 375 562 1077 1733 1778 1971 2435 2726 3793 5135 5306 6261 6373
3604 757 846 2513 3634 6260 7872 8782
3605 3094 5854 9756
3606 1577
3607 1504 4004 4888 6118 8933
3608 1063 4747 5068 6064 7766
3609 1271 1610 6213
3610 2417 2564 5263 7212 7292 7578 7909 8807
3611 3053
3612 415 3432 3674 8507
3613 1607 4153
3614 1461 1781 4195 4211 4218 4747 4751 4752 4753 4759 6312 6555 8046 8047 8298 8679 9627
3615 63 744 862 899 939 949 1542 1676 2296 2362 2660 2777 3445 3554 3789 4668 5310 5325 5403 5483 5735 6106 6583 6787 6872 6985 7111 7362 7450 7699 7950
3616 362 2734 4305 6114
3617 1072
3618 3335 5287 9138
3619 512 3356 9197
3620 3561
3621 21 145 183 447 1044 1133 1670 2457 2501 4273 5029 5227 5893 7024 7036 7250 7391 7733 9050 9233
3622 6027
3623 2737
3624 4604
3625 8669
3626 8504
3627 222 230 298 3833 4092 9339 9667
3628 3948 5352 6410 9559
3629 4102 4223 5373 6393 7538 7672 7898 8611 8944
3630 2786 3651 6293 8946 9684
3631 2763 2786 3402 3720 5197 6278 8065 8866
3632 3701 3855 5649 5979 8829
3633 5757 5764
3634 36 757 808 2001 2254 2366 2513 3604 3911 3963 4846 5002 6260 7089 7346 7466 7872 9813
3635 8878
3636 2583 3156 4576 6355 8548 8551 8624
3637 2583 3742 3979 4419 4517 4575 5095 8240 8585
3638 1629 3953 4672
3639 708 6722 8975
3640 3899
3641 6917
3642 4465
3643 3227 5978
3644 5420
3645 8940
3646 362 1566 2734 4610 6114
3647 8604
3648 2703 6768 7101
3649 3934 4876 4999
3650 2114 4376 8646
3651 3630
3652 3952 8612 9566
3653 4224 4376 5666 5967 8502 9660
3654 3722 4088 5678 5984 7660
3655 4250 5980 6449 7670
3656 8065
3657 4360 6506 6955
3658 1873 5734 7747
3659 677 1363
3660 1429 3063 4671 5259 5877 6884 7173 7750 8551 8793
3661 33 229 627 4782 6017 6112 7220 9517
3662 9795
3663 2184 7860
3664 2850 4910 6013 6719 8771
3665 3100 3666
3666 931 3100 3665 3961 5484 5782 8407
3667 287 8840 8930 9511
3668 1624 5327
3669 5312 6608 8112 8251 9232 9243
3670 2376 5425
3671 7660 9648
3672 4376 5901 8051
3673 2573 3191 6324
3674 3612 7542 7652 8507 8587 9343 9593
3675 635 1568 2772 2822 5864 7850 8753 9603
3676 1030 1572 2073 2104 2278 3589 8716
3677 2188 5000 9148
3678 162 490 6718 9622
3679 627 4982
3680 1108 2585 3727 4441 5857 5920 6290 6293 6308 7666 8033 9578
3681 2573 2603 2722 3282 3996 4387 4882 5656 5962 6198 6288 7531 8949 9016 9544 9579 9785
3682 2364 3125 3598 7361
3683 7601
3684 195 808 1250 2347 2641 8667 9029
3685 9330
3686 3922 5388
3687 3541 3877 8649
3688 6331 9264
3689 2854 7658
3690 8979
3691 493 1288
3692 5506
3693 94 331 751 855 1061 1160 1325 1463 2160 2338 2398 2467 2824 3207 3938 4078 4264 4546 4772 5792 6937 7038 7500 7889 8012 8189 8456 8778 9076
3694 5965
3695 8329
3696 105 2450 6530 6810 6936 8541 9711
3697 6814 9090
3698 1249 2941 4063 4462 5301 7817
3699 9739
3700 264 1214 1823 3922 6063 6195 7421 7423 8353 8755
3701 2444 3632 3855 4110 5155 5649 5979 8829 9590
3702 1908
3703 9460
3704 8925
3705 238 2716
3706 167 844 1328 4643 5312 6404 7117 7494 8112 8567 9243 9447 9500
3707 323
3708 1903 3207 3293 3512 4054 4076 6001 6071 9076 9869
3709 218 2173 2441 7096
3710 9307
3711 3548 5821 6543
3712 2924 9785
3713 371 1298 2002 2062 2384 2600 3151 4543 4573 6301 6921 7007 7619 8247 8824 8951 9250
3714 355 4773 5002 5324 5927 6453 6895 9125 9205
3715 4902 8524 8754
3716 2918 5276
3717 2005 2040 3529 4750 4925 5430 8747 9776
3718 375 4898 7802
3719 4055 8660
3720 2732 2786 3402 3631 3723 4331 5969 7940 8650
3721 2576
3722 297 2588 3304 3654 3736 4088 4255 5678 5984 6182 6355 7660 7672 8590 8943
3723 3720 5630 5969 6341 6396
3724 4068 7665
3725 237 2249 3747 8647 9010
3726 3188 3432 4071 5381 8505 8511 9340
3727 302 2585 2914 3680 3731 5096 5920 6279 8548 9578
3728 3767 5655 9578 9582 9661
3729 4578 7550
3730 5371 8511 9574
3731 302 3727 5096
3732 670 756 1099 2191 4611 5363 5859 6258 6599 7091 7777
3733 3230 5434
3734 6994
3735 6543
3736 297 427 428 3391 3537 3722 4025 4084 4088 4225 4255 6330 7201 7322 7548 8590 8648 8943 9291
3737 1521 6798
3738 1000 2051 2554 5794 5871 8274
3739 179 4661 6463 6845 7109 7537 7846
3740 5098 6323 8504 8588 8828
3741 317 2135 3512 3996 5092 5317 5941 6283 6734 7536 7660 8726 9544 9599
3742 3637 3979 4071 4556 4575 6324 7534 7690 8240 9023
3743 99 4070 4219 6314 7475 7670 8510 9586
3744 8657
3745 75 369 1416 3406 4353 5856 6185 7009 7536
3746 3403 6198
3747 209 237 313 1396 1407 2573 2597 3725 4198 4350 4556 5178 5380 5784 5899 5972 6399 6400 7147 8613 8831 8943 9699
3748 3758 4205
3749 848 2230 2493 2854 3240 3770 4407 8201
3750 1014 1285 2053 2190 3035 3268 3432 3524 4014 4266 5151 5336 5864 6546 8301 8753 8934 9603 9604
3751 618 1649 2497 2710 4808 7444 9855
3752 2348 4849 5998
3753 2348 5998
3754 1266 2028 2669 3268 5051 6425 7093
3755 6736 7320 9126
3756 2256 5843 8912 9695
3757 99 516 674 1107 1108 1296 1837 2037 2205 2632 2646 2648 2996 4023 4139 4494 4589 4741 5154 6301 6458 6591 6794 8262 8313 8545 8752 8863 9024 9085 9864
3758 171 3748 4205 4902 7300 8284 8569 9018
3759 325 5836 7476 9240 9264
3760 8967
3761 2540 6530
3762 2384
3763 4741 6918 7163
3764 8912
3765 1651 2974 4215 5494
3766 8661
3767 3728 5655 9578 9582 9661
3768 9295
3769 3305
3770 7 878 2230 2493 2854 3749 4251 4407 6977 8201 9018
3771 2570 3083 4794
3772 423 516 1118 1489 1692 3549 4642 5034 5077 6039 6040 6044 6530 6685 8885
3773 327 5687 7559
3774 405 2362 3881 5681 6226 6523 6575
3775 83 202 478 627 690 729 1213 1887 2080 3013 3108 3934 4425 4752 4927 5019 5957 6425 6786 6895 7150 7808 7910 8043 9869
3776 2161 3597 6293 7974
3777 242 4652 4664 4706 6446 6640 7917 8355 9173
3778 1975
3779 72
3780 5354
3781 2024 4840 6793
3782 694 1619 3524 3992 4867 5390 5925 9166 9266
3783 6099 9120
3784 7230 9038
3785 835
3786 4270 7054 7946 8917 9102 9488
3787 1769 5663 7123 7206
3788 387 5949 9498
3789 63 744 862 899 939 949 1542 1676 2296 2362 2660 2777 3445 3554 3615 4668 5310 5325 5403 5483 5735 6106 6583 6787 6872 6985 7111 7362 7450 7699 7950
3790 2297 2951 3140 5692 6454 7017 9371 9461
3791 603 1356 3843 7090
3792 1983 4472 4788 7882 8359
3793 2709 3197 3603 6517 7907 8531 9448 9731 9804
3794 3795 5443 7086
3795 1776 3794 5443 5863 7086
3796 222 1076 1869 3929 4491 5358 8642 8786
3797 2626 6301 7644
3798 4747
3799 1112
3800 2668 9307
3801 3836 9171 9480
3802 7693
3803 2022 2140 5471
3804 411 726 1209 1882 2457 3579 5177 6437 7024
3805 9277
3806 255 1483 4782 6854 7343 7723 8366 8515 8559 8863 9720
3807 6243 6540 6721 9310 9515 9703
3808 471 2016 3483 3876 6857 9372
3809 339 340 595 1062 9245
3810 2870 4011
3811 194 651 732 1026 2248 2878 5003 5469 5863 6423 7367 7704 8127
3812 2725 4201 8974
3813 2351 5210 7952
3814 5894 9763
3815 144 3070
3816 1756 7716
3817 6172 6227
3818 2106 3871
3819 914 980 1625 2375 3488 3965 4453 4767 5421 8939
3820 1790 3150 3273 5479 6443
3821 399 8186
3822 5859 7692
3823 776 1474 1781 2772 4153 5174 5863 5864 6514 6646 7088 7106 7912 8530 9135 9287 9646
3824 2713 2933 3869 5138 6002 7646 7649
3825 4811
3826 4241
3827 711 4772
3828 1767 1810 2757 3843 4226 6503 7665
3829 1784 5205
3830 1122 4192 5629 7954
3831 1037 4902 5185 5601
3832 3131 7225
3833 222 230 3627 4092 9339 9667
3834 244 885 6363
3835 2793 4645 5995 7524 8254 9094 9402 9834
3836 3801 9171 9480
3837 6551 6552 9652
3838 260 1258 2028 5273
3839 846 8782
3840 1662 2506 2534 4664 6110 8415
3841 3561 6551
3842 545 4780 6929 7653 8311 9169 9210
3843 3791 3828 6503 8439
3844 407 1619 1778 4106 4327 4753 4851 5358 5578 6258 7093 7310 8679 8857 9651
3845 3901 9235
3846 812 3319 9642
3847 488 7201
3848 1170 1462 3918 4209 4215 4747 4755 6555 7477 8259
3849 3103 4856 9526
3850 2057 2561
3851 3568 3862 4497 4853 4862 5040 5239 5769
3852 6130
3853 2057 2747 9550 9595
3854 9542
3855 367 1799 2444 3224 3632 3701 4110 4354 4387 4693 5583 5649 5979 5986 6288 6326 6734 6992 7018 7253 7254 8055 8829 9413 9590
3856 8113
3857 9325 9591 9675
3858 2528 9326
3859 6077
3860 99 4494
3861 1569 2135 5950 7659 8523 9544
3862 1253 2176 3568 3851 4497 5040 5489 5769 6813 7435
3863 338 844 8986 9243
3864 6260
3865 604 5173 5240 5634 7525
3866 279 417 751 1440 2209 2518 2913 2982 3022 4721 4727 5033 5703 6148 6521 7500 8869 9076
3867 3898
3868 5778 7846 8311
3869 490 808 981 1312 2933 2934 3105 3824 3919 5138 5707 5743 8786 9080 9207 9301
3870 8046 8259
3871 222 413 726 1364 1396 1591 1747 2106 2181 2238 2800 3818 3938 3970 4186 4997 5791 5925 6485 6645 6742 6880 7393 7971 8342 9347 9427 9736
3872 2518 3008 3140 4638 4697 5892 7271 9212
3873 96 2860
3874 646 2543 4303 6365
3875 108
3876 471 652 783 1129 2016 3808 4455 4511 6857
3877 3541 3687 5376 8649 9663
3878 2195 5884 9214
3879 270 5229 6951 8105 8861
3880 75 2829 5027 6715
3881 405 2362 2940 3774 5681 6226 6523 6796
3882 6248
3883 687 849 872 2079 4416 5478 6566 7682 8149 9467
3884 2755 5910
3885 2420 3417 8437 8991 9338
3886 734 1753 3488 5077 6163 6549 6647 6971 7949 8106 8272 8731 8917 9102
3887 265 551 5488 5589
3888 96 2860
3889 222 2088 6092 7687 8786 9421
3890 3449 3925 8394
3891 1497 5990
3892 4193
3893 421 9478
3894 1012 1275 1318 2492 5290
3895 4866
3896 1484 4594
3897 1402 2463 4201 6799 9375
3898 3867
3899 250 1088 1475 1623 3215 3243 3640 4694 7269 9298
3900 2078
3901 1357 1736 2101 3845 5074 8163 9235
3902 1945 4848 9319
3903 4574
3904 3944 6974
3905 1168 3103 4921 9325 9526 9544
3906 1292 3153
3907 6171 6777 9709 9844
3908 4242 8075
3909 8344
3910 4047 4296 8549
3911 3634 7964
3912 4586 5780
3913 741 743 1672 1756 1961 2078 3356 3359 3592 5008 6136 6619 6687 6912 7427 7910 8129 8904 8905
3914 576 9058 9220
3915 4602
3916 1540 5085 9075
3917 4741 6918
3918 3848 6555 8259
3919 3245 3869 9080
3920 550 2208 3415 4700 8331 8430 9416
3921 1012 5496
3922 1214 3519 3686 3700 4041 4263 4809 5388 6195 7421 8918
3923 429
3924 7815
3925 3449 3890 8394
3926 1187 5704 7760 7797 7833 8448 9405 9496
3927 1958 7863
3928 4804 9463
3929 222 230 782 783 1129 1779 3796 4491 4511 4956 6243 6735 9191 9339 9703
3930 4603 6467 8494 8763
3931 3078
3932 4299 8549
3933 4224
3934 2028 3649 3775 4876 4999 6425 6937 7072 7201 8012 8456 8694
3935 171 638 1584 2527 4819 6966 7050 8214 8756 8824 8916 9292 9326 9589
3936 66
3937 4644 6053 7642
3938 94 726 735 751 1940 1952 2788 3258 3346 3693 3871 3970 4078 4277 4546 4715 4806 5414 5438 5739 5792 6463 6638 6880 7500 7829 7889 8132 8909 9076 9188 9492 9641 9736
3939 2716 8737
3940 2703 6217 6293 8503
3941 8313
3942 2184 3066 6196 6474
3943 4747 4759 6551 6552 9640 9652
3944 2170 2195 3904 6974 7768 9385
3945 1466 7902
3946 598 2905 5074 8637
3947 4631 7458 7810 7975
3948 3628 5352 6410 9559
3949 573 4069 5381 6309 8615
3950 2185 2189 6326 7673
3951 2582 8603
3952 3652 6326 8612
3953 751 1629 2099 2609 2962 3638 4672 7339 8068 8693 8991 9076 9279
3954 4975 5996 6487
3955 6065
3956 6531 6853 9308 9336
3957 6264
3958 87 88 1872 8381
3959 881 4194 9434
3960 9175
3961 931 3666 4010 5484 8407
3962 1468 5740 9767
3963 1763 2366 3634 5281 5836 6155 8432
3964 5082 6507 8338
3965 1836 2129 2153 2171 3000 3819 4788 5843 6037 6062 6616 6827 6988 7293 8768 8782 8939
3966 651 732 1071 1234 1336 1368 1472 1529 1746 1781 1879 2198 2352 2786 3095 3366 3432 4064 4338 4359 4546 4896 4897 5048 5685 6423 6530 6645 6971 6975 7062 7072 7201 7327 8072 8476 8539 8868 8885 8934 9488 9509 9863
3967 408 1807 2424 4103 4104 4432 6976 8409 9180
3968 1977 5195
3969 3169 4594 5597 6873
3970 251 341 974 1200 1695 1940 2099 2167 3346 3871 3938 4186 4264 4341 4715 4870 4896 5088 5226 5479 5925 6366 7412 8012 8132 8375 8526 8539 8733 8911 9649
3971 7051
3972 327
3973 3513 4349 5966
3974 6388 7551
3975 1133 3022 4310 6486 7024 9743
3976 2661
3977 412 583 2225 4142 4193 4240 5053 5282 5570 5628 5796 6596 6887
3978 5783
3979 18 2591 2882 3284 3379 3637 3742 4575 4940 5146 5347 6906 7298 7534 7901 8141 8830 9715
3980 1200
3981 114 987 1183 1266 4423 5028 5226 7270 8883 9322
3982 946 1057 5197
3983 5895
3984 1582 2390 2895 6387 7321
3985 5144 8056
3986 8240 8617
3987 898 1785
3988 1039 2241 4230 5058 6714 8025 9322 9876
3989 2766
3990 127 3160 5383 7665 8572 8820 9032
3991 1907 8118
3992 3434 3453 3782 4214 4752 5925 5931
3993 2009 2111
3994 1721 3498 4206 4754 5649 9413
3995 4707 7019
3996 620 1352 1971 2135 3681 3741 6326 7649 8155 9016 9544 9570 9599 9613
3997 3433 9015 9576
3998 1440 2982 3036
3999 601 1822 2167 3472 4341 5088 5407 5526 5996 6366 6933 7282 8641 9139 9472
4000 1459 2161 5320 6293
4001 113 2522
4002 2992 6049 8435 9324
4003 3454 4747 4754 4760
4004 1408 1504 3236 3607 4888 5140 6118 6663 8933 9779
4005 1490 3454 4748 4762
4006 4407
4007 1448 1910 2739 5131
4008 1448 1910 2739 5131
4009 4444 5032 5414 5712 9850
4010 3961
4011 341 1549 1940 2870 3810 4033 4802 4999 5151 5560 5812 5906 6075 6222 7762 8476 9380 9482
4012 2741 5775
4013 1266
4014 359 1014 1159 2902 3750 4941 4989 5029 5176 8301 8753 9488 9603
4015 770 6519 7977
4016 8744
4017 3298
4018 1234 5685 9488
4019 2755
4020 1902 2458 2645 3242 5062 5924 6880
4021 1696 1737 3537 6434 9508
4022 735 1428 2743 2994 3091 3512 4593 6415 6976 7938 8193 8456
4023 516 3757 6591 6794 7994 9024
4024 952 1736 4106 4150 4156 4544 5116 5117 5138 6514 7919 7920 8159 8167 8530
4025 3736 4206 5957 6895 7548
4026 3097
4027 222 346 1881 4238 5219 5626 5660 7880 8308
4028 1312
4029 4513
4030 1798 4745
4031 4288
4032 5053
4033 78 341 478 728 1095 1364 1549 1903 1952 2339 2518 3065 3207 3323 3512 4011 4076 4321 4359 4517 5048 5573 5812 6051 7104 8224 8859 9050 9850
4034 5192
4035 727 1186 1781 2669 7076
4036 2177 2866 3213 9445 9746
4037 3354 5005 6499
4038 171 178 2763 4172 5809
4039 6155
4040 8565 9360
4041 3922 4809
4042 3221 4773
4043 1063 2167 2545 2689 5575 7464 7592
4044 488 743 1231 1657 5184 5355 7790
4045 664 2320 5896 6014
4046 4139
4047 441 2543 3910 7795 9728
4048 2224 3531 5213 6504 7285 9493
4049 7278
4050 4274
4051 9575
4052 5776 6353
4053 2263 7191 8472 9257
4054 2410 2882 2902 3708 5453 6471 6937
4055 2574 2598 3719 6181 7551 8609 8660 9762
4056 5649 6734 9686
4057 6416 6733 8263 9028
4058 304
4059 2107 8165
4060 7280 7281
4061 2564 4111 4806 5050 6577 7847 9293
4062 445 4274 6662
4063 1249 3698 7817
4064 495 1046 1459 2030 2110 2174 2712 2786 2872 3524 3966 4962 5264 5932 6423 8868 8885 8891 9466
4065 873 886 7798 8469 8767 9487
4066 1057 8668
4067 2212 4549 4873
4068 3724 7665 8042
4069 2028 3949 5981 6230 6309 6397 7018 7672 8055 8165 8616
4070 3743
4071 3432 3726 3742 4579 6336 7690 8240 9023
4072 1429 4249 5971 6884 8551
4073 336 6217 8503 9580
4074 1102 7023
4075 4525 6217 8503
4076 1903 2788 2994 3207 3708 4033 7104 7953 8058
4077 1884 1989
4078 378 726 1160 1209 2028 2398 2457 2595 3693 3938 4277 4715 4921 5414 5438 5792 6437 6861 9076
4079 1665 6248 7045 9635
4080 8228
4081 2675
4082 1778 1900 2934 5138 7090 8527
4083 2611 8598 9348
4084 3736 7548
4085 179 323 2308 2763 6579
4086 2192 4321 5988 6328
4087 864 2235 4967 5837
4088 104 297 428 2588 3536 3654 3722 3736 4092 4255 4579 5678 5984 6182 6187 6330 7660 8590 8943 8946 9339 9684
4089 7533 8250 9421
4090 5690 9007 9570 9599 9665
4091 2577 2587 9580 9599
4092 222 230 970 3627 3833 4088 5678 6148 6465 7669 8499 8950 9006 9035 9339 9667
4093 7660
4094 18
4095 2161 5095 6217 6293 7542 8503
4096 4144 4321 4372 4517 6178 6361 9342 9573
4097 3404 4523 9561
4098 3281 4203 6355 8608 8726
4099 8425 9593
4100 2371 7052 9295
4101 1826 1827 3549 7948 8525 8657
4102 3629 8944
4103 408 3967 4378 8274
4104 3967 6976 8409
4105 161 970 1038 1794 2028 2306 3506 4427 4585 5575 6072 8347 8382 8934 9442 9538 9835
4106 3432 3844 4024 5902 6136 7672 8943 9651
4107 6832 9298
4108 5053 7979
4109 2649 2684 3376 3378 9687
4110 1786 2444 3701 3855 4262 4354 4387 5428 5499 5649 6734 9413 9590
4111 279 417 481 607 1939 2292 2352 2432 2472 2824 4061 4235 4444 5032 5089 5469 5823 6534 6577 7466 7838 7949 8641 9700 9850
4112 1881 5172 9359
4113 381
4114 6899
4115 1888 2096
4116 1145
4117 7155 7386 9125
4118 4402 7792
4119 246 621 720 916 1016 1861 2193 3205 4159 4744 5058 6379 6489 7698 8138 8239 8691 9505
4120 1810
4121 4324 4558 4927 5019 5218 6817
4122 3586
4123 2573 5656 7529 7665
4124 73 3427 4263 5134 5181 5197 6154
4125 816 6970 7914 9455
4126 6129
4127 1188 1995
4128 4282 5196 6263 7200
4129 2030 5432 9348
4130 712 2494 2826 3425 3456 3485 6581 7201 7337 9074 9432
4131 8147
4132 2548 8482 8770
4133 4886
4134 2743
4135 31 491 541 2062 2649 3488 4782 5089 5290 5577 7419
4136 3465 4465 5309 8313
4137 495 871 1763 2195 3279 3351 4471 4505 4876 5358 6001 6425 7115 7393 9399
4138 3557 5268 7879
4139 821 874 2703 3095 3757 4046 4699 4741 4797 5664 6190 6563 7451 9044 9864
4140 871 1930 3512 5766 5792 7388 7938 8214
4141 5214
4142 3977 5282
4143 8392
4144 21 1335 2615 4096 4321 4732 5790 5893 8873
4145 1427 2318 8556
4146 3452
4147 7002
4148 1912 1947 3341 4215 4400 6100 6823 7079 7229 7613 7920 8609 9201
4149 482 1198 4992 6998
4150 4024
4151 938 6467
4152 2744 4731 5277 5624 5784 6382 6495 7908 9692 9794
4153 174 455 546 769 774 825 1607 1871 1904 2251 2663 2769 3109 3232 3613 3823 4545 4714 5085 5173 5240 5911 6519 6543 7023 7121 7138 7379 7421 7913 8181 8513 8547 8907
4154 3167
4155 4451 4827
4156 4024 4544 5117 6867 7658 7919 8612
4157 3592
4158 6815 9333
4159 246 621 720 916 1016 1861 2193 3205 4119 4744 5058 6379 6489 7698 8138 8239 8691 9505
4160 4172
4161 439 2725 4201
4162 2234 5067 5155 7332 7388 9708
4163 9061
4164 1405
4165 4338 4896 8816
4166 2105 4457 7435 7546
4167 12 76 5686
4168 5141
4169 6095
4170 628 2744 3398 4731 4742 5034 5624 5784 5798 6495 8442 8839
4171 81
4172 27 81 82 177 178 2149 2763 4038 4160 5214 5687 6022 7485 7956 7982 8582
4173 8693
4174 2608 8288
4175 311 333 6522 6571
4176 1999 6458 7889 8400 8983 9188 9297
4177 2234
4178 747
4179 1490 1695 1801 2016 2209 2297 3481 4761 5391 6924 7069 7953 8058 8166 8199 8859 8893 9102 9388
4180 1990 4410 6902 9081
4181 9271
4182 6087 7515
4183 2100
4184 2113 4286 5169 9820
4185 1350 5286 9530
4186 2072 2236 2352 2518 3592 3871 3970 4608 5009 5606 5925 6124 6423 6877 7062
4187 768 5490 8537
4188 2850 5661 6623 6719 7373
4189 4190 5008 6912
4190 1775 4189 5008 6912 7948 9327 9548
4191 1802 2172 2796 3248 3425 4508 4803 5143 6852 7071 7468 7967 9266 9551
4192 373 536 1202 1767 3278 3280 3830 4612 5238 5544 5629 6873 8221
4193 583 1048 1734 1850 1948 2820 3164 3892 3977 4811 5306 5847 6879 8163 8376 9478 9747
4194 881 3959 5091 8688 9434
4195 3162 3614 4206 4215 4219 4747 4759 6314 6552 6555 7201 7475 7665 8046 9187 9188 9627
4196 9390
4197 3003
4198 1407 3747
4199 1488 7438 7439
4200 3540 4556 7542 8639
4201 439 1402 2725 3812 3897 4161 8974
4202 300 3228 6349 7668 9285
4203 299 302 4098 5985 6005 6108
4204 1211 1586 2202 2426 2427 3244 3302 3413 4463 4646 5465 5716 8310 8819 8977 9157 9337 9348 9752 9830
4205 617 1327 1512 2823 3748 3758 4752 4902 8457 9627
4206 99 589 1721 2306 2712 3994 4025 4195 4207 4212 4219 4312 4601 4746 4747 4754 5012 5603 5953 5957 6561 7201 7252 8256 9594 9627 9636
4207 4206 4286 4600 4757 7296 8259
4208 4209 4214 4746 4747 9596
4209 99 1467 1496 3848 4208 4211 4214 4215 4219 4746 4747 4752 4755 4759 5066 5555 5603 5738 5876 5893 6311 6551 6552 6557 8634 9596 9627 9652 9653 9656
4210 4746 9596
4211 997 1459 1461 1467 3497 3614 4209 4214 4216 4344 4605 4606 4650 4747 4752 4755 4759 4760 5931 6178 6551 6552 7658 8046 8118 8514 9652 9656
4212 4206 4219 4746 6561 8294 9596
4213 3162 6314
4214 43 2712 3992 4208 4209 4211 4219 4221 4746 4747 4752 5281 5931 6493 6520 6555 7201 8753 9297 9596 9627 9636
4215 467 478 1170 1347 1462 2473 2974 3315 3453 3765 3848 4148 4195 4209 4218 4219 4330 4342 4746 4747 4752 4754 4958 5213 5494 6311 6314 6485 6561 7201 7252 7477 7613 7665 7920 8046 8153 8258 8259 9627
4216 4211 4606
4217 5396 6733 6850 8379 9127
4218 1347 3453 3499 3614 4215 4219 4747 4748 4753 6311 6313 6553 6555 6557 6561 8046 9628 9654 9655
4219 592 1347 1467 3162 3201 3497 3499 3743 4195 4206 4209 4212 4214 4215 4218 4221 4752 4754 4759 5095 5457 5738 6250 6314 6553 6557 6561 7201 7252 7406 7475 7536 7665 8046 8151 8510 8948 9586 9655
4220 977 1012 2111 2703 4689 4895 6768 7306
4221 1465 4214 4219 4754 4760 8514
4222 448 1465
4223 3629 4316 8957
4224 2376 3403 3653 3933 5666 6198 6284 8378 8958 9082 9269 9858
4225 3736 4255 8648 9291
4226 2027 3828
4227 4876 4949 7805 8301 9390 9603
4228 9416
4229 7918
4230 1534 3988 7143 9322
4231 2112 2982 7260 8068
4232 96
4233 1205 2295 2343 2640 2721 5025 5736 5895 8333 9249 9414
4234 647 2234 2455 2528 3283 4554 4915 5354 5975 6337 7916 7929 8601 8972 9307 9570
4235 235 287 444 481 1541 2258 2824 2987 3185 4111 4439 5029 5048 6271 6745 6746 6832 7282 8247 8693 8744 8840 9106
4236 8983 9483
4237 2204 3108 3333 7473
4238 1881 4027 4911 5626 7687 8580
4239 1547
4240 308 531 692 918 1019 1150 1547 1821 2032 2033 2161 2225 2284 2378 2499 2697 2756 2795 3349 3977 4526 4810 6293 6555 7152 7615 8855 9112 9134 9764
4241 3826
4242 429 3908 8075
4243 368 6319 7660
4244 326
4245 1578 7616 7801
4246 2125 3345 6005 6108 9276
4247 2674 3015 3113 3382
4248 642 1866 2922 4649 6776 6952 8284 8569
4249 1429 4072 5971 6884 8551
4250 3655 5317 5980 6449 7670
4251 878 3770 5129 8201 8735
4252 3305 3434
4253 6323 6324 8726 9599 9810
4254 312 7607
4255 104 297 1906 2588 3722 3736 4088 4225 4575 6182 6187 8030 8590 8614 8943
4256 6187 9012
4257 1881 8407 9128 9130
4258 2491
4259 591 6675 7803 8182 9457
4260 5210
4261 4773 5927
4262 168 1786 2125 3345 4110 4800 5428 5499
4263 176 2677 2930 3922 4124 4837 6375 7952 9344
4264 2882 3693 3970 4546 4715 5438 5473 7107 8012 8778
4265 321 6722 6776 9133 9826
4266 495 522 539 711 771 1109 1186 1747 1763 1851 2366 2410 2553 3035 3065 3091 3207 3268 3387 3558 3750 4341 4467 5027 5151 5358 5398 5864 6072 6454 6597 6645 6893 7035 7072 7107 7310 7763 7989 8214 8456 8539 8694 8785 8934 9412 9492 9629 9739
4267 4782 7481
4268 4540 6529
4269 1045 3253 4560 6346 8305 8696 9479 9831
4270 1529 2311 3786 8106 8731 9102 9488
4271 108 224 2016 5407 6070 7454 8876
4272 9173
4273 21 183 2457 3621 4989 7024 7036
4274 433 445 954 1433 1435 1911 2416 4050 4062 4643 4685 5543 6095 6107 6211 6662 7823 7952 8498 8784 8924
4275 282 5475
4276 330 1087 3195 6528
4277 78 258 726 1440 1715 2208 3536 3938 4078 4415 4806 4858 5029 5048 5414 6463 7286 7755 8753 9076 9333 9603 9617 9735
4278 1042 1157 1164 1179 1268 1368 1547 5316 5577 6667 6738 7491 8173 8635 9724
4279 694
4280 9511
4281 9491
4282 2329 4128 5196 5458 7200 8756 8759
4283 152 3038 4366 6565 6904 6953 7944 8322 8469 8934
4284 5034
4285 943 4812 7255
4286 2113 4184 4207 8828 9820
4287 6169 6170 8626 9051
4288 4031
4289 1017 3364 4484 9810
4290 1167
4291 55 4762 5411 6187 6363 7461 9393
4292 6866 8892 9836
4293 8469
4294 4761
4295 5236
4296 3910 7535 8549
4297 2851
4298 249 1607 2146 3146 5817 6633
4299 3932 5307 7731 8060 8549
4300 653 2685 3356 7786
4301 51 9100 9193 9194
4302 6594 6595 7055
4303 1058 2016 2511 2543 3481 3874 6365
4304 1080 1605 3538 6744
4305 362 2734 3616 6114 7204
4306 2967 8176
4307 3064 4622 6424
4308 3331
4309 7986
4310 1133 2703 3022 3975 5197 6486 7024 7300 8109 8281 9743
4311 2703 3022 6667 8548
4312 4206 4746 4747 5603
4313 714 1351 1457 2550 2849 2852 6773 6894 8951 9678
4314 5173 8503
4315 3286 4347 9746
4316 4223 8661 8957
4317 9013
4318 1227 4639
4319 1350 5286 8479
4320 4456 8250
4321 109 1351 1416 3591 4033 4086 4096 4144 4372 4517 4882 5712 5976 6209 6328 7665 8036 8039 8724 9013 9342 9543 9850
4322 8778
4323 2543 7623
4324 1263 1778 1825 2170 3337 4121 4558
4325 802 1876
4326 802 1876
4327 3844 5578 6258 6312 6617 7310 8679
4328 1852
4329 2021 2214 8391
4330 4215 4342
4331 572 3720 7940 8518
4332 301 1265 1286 9623
4333 3037 6783
4334 2376 2712 5346 8342 8885 9713
4335 2722 3095 6136 7589
4336 2480 7946
4337 6534 6541
4338 2334 2552 2679 2983 3966 4165 4896 5871 6870 6971 8376 8816 8934
4339 5095
4340 3283 4554 6337 8601
4341 21 224 539 714 773 801 1081 1244 1315 1608 1972 2080 2099 2156 2362 2520 2696 2913 3970 3999 4266 4418 4452 4754 4839 4973 5052 5407 5707 5784 5826 5835 6128 6366 6536 6819 6893 6894 6933 7038 7175 7391 7618 7837 7907 8025 8281 8571 8655 8702 8959 9000 9081 9390 9421 9804
4342 467 1312 2427 2473 2506 3210 3499 4215 4330 4958 7184 8153 8411 8786 8881 9173 9276 9321 9804
4343 7184 8786
4344 997 1459 3206 4211 4599 4749 4753 7658
4345 4747 4753 6551 8151
4346 753
4347 3286 4315 5777 8055 9531 9746
4348 5319 8599
4349 3973 5144 5966
4350 3747 8613
4351 5630 6396 8115
4352 6324
4353 369 3745 7536 7537 8657
4354 2590 2605 3855 4110 4387 4407 5583 5649 7018 8201 9585
4355 4386 7530 8591 9011
4356 898 1785
4357 3561 7133
4358 978 8664
4359 94 345 728 2786 2800 3187 3207 3966 4033 4502 7062 7072 8539
4360 2099 2609 3657 6199 6506 6955
4361 2408
4362 842 1498 1920 2830 3329 7260 8157 8358 8816
4363 341 1695 1926 2762 2946 3176 5226 5295 5906 8733
4364 2126
4365 2110
4366 4283 6904
4367 505 1311 1432 2281 2651 4733 5282 5575 9152
4368 898 1785 4786 5026 7023
4369 2113 4370 8828
4370 2113 4369 8828
4371 936 1429 6884 9196
4372 4096 4321
4373 8619
4374 1444
4375 3355
4376 2114 3650 3653 3672 5253 5901 5967 8051 8597 8646 9660
4377 1116
4378 408 4103 4432
4379 3486
4380 6868
4381 548 7842 8979
4382 7137
4383 223 2338 4742 4808 5027 5917 7563
4384 1243 3078 4547 5104 5110 5906 6805 8334 8548 8620 8724
4385 5958
4386 4355 5145 5961 7530 8591 9011
4387 3224 3681 3855 4110 4354 5649 6288 6734 6992 8055 9413 9785
4388 5969 8059 8847
4389 5935
4390 1265 4656
4391 2008 2678 3487
4392 1049 1976 3221 9131 9706
4393 9465
4394 160 527 5189 7842 8260 9237 9691 9845
4395 7529 7532 9660
4396 99 7563
4397 474 1931 4594 5880 7814 8204
4398 8417 9711
4399 5170 7082 7330
4400 4148 6100 6587 7613 9201
4401 6578 9266
4402 4118 5537 5849 5882 7177 7792
4403 1881 2263 4431 4486 5172
4404 4824 6035 8171 8645 9088
4405 1977 5195 5922
4406 7529
4407 135 871 913 1070 2230 2493 2791 2854 3749 3770 4006 4354 4698 6192 6400 6977 7307 7707 8060 8201 9018
4408 1299 2543 4665 5428 5620 7307 7795 7827
4409 1486 9077
4410 4180
4411 6504
4412 2022
4413 2424 2544 3032 4479 6849 7749 8220 8684
4414 5206 6136 7589 7590
4415 857 1715 2846 3138 4277 5048 5573 6451 7768
4416 849 3883
4417 1939 2292 3593 4444 6141 6940
4418 2913 4341
4419 2182 2583 3637 4575 7668 8585
4420 325 678 2366 2814 5468 7476
4421 934 1045 1102 1896 2797 2886 5034 5328 6903 8243
4422 741 1362 1961 2078
4423 3981
4424 3034 7096 8421
4425 854 1562 3775 4662 4769 5540 6714 6796 6935 7465
4426 720 1266 3258 4662 5195 6162 6339 8921
4427 165 1794 3406 3506 4105 4486 4585 5608 6072 8382 9106 9442 9538 9692
4428 1484 2142 2194
4429 3028 4570
4430 2604 3071 6321
4431 4403 5172
4432 1057 2424 3967 4378 4911
4433 2744
4434 883 3214
4435 1452 8033
4436 4859 5876 6552 6990 8089 9327 9785
4437 948 1573 5917
4438 3342
4439 209 287 573 857 1795 1877 1952 2352 2987 4235 4544 4955 5029 5048 5250 6271 6624 6625 6745 6746 6832 7239 7282 9870
4440 3261 5977 8963
4441 3680 5920
4442 3405
4443 1910 2739 4627
4444 158 222 1939 2292 3210 4009 4111 4417 5032 5407 5414 5707 6141 7687 7688 8786
4445 8846
4446 785 2977 7395 8371
4447 431 1828 3265 6698 7796 8846
4448 2756 7003 8057
4449 6433 8075 8834
4450 2164
4451 4155 4827
4452 156 1081 2080 2479 2696 3146 4341 4582 4676 7382 7573 7837 8025 8214 8558 8702
4453 224 1096 3488 3819 5479 6244
4454 7179
4455 471 1129 3876 4511
4456 4320 8250
4457 2105 4166 7435
4458 38 325 9264
4459 431 1429
4460 7151 7828
4461 1152 1973 9061 9294
4462 1733 3038 3698 4653 5301 6963 7772 9533
4463 1211 1586 2202 2426 2427 3244 3302 3413 4204 4646 5465 5716 8310 8819 8977 9157 9337 9348 9752 9830
4464 470 4995 9429
4465 3642 4136 9176
4466 222 230 1753 2462 3345 6363 6935
4467 3065 3268 4266
4468 375 452 1617 2521 3269 6807 7006 7416
4469 3131 9206
4470 788 2442 3018 3038 3154 3479 6127 6922 7846 8103 8433 9374 9533
4471 495 735 1463 1666 3258 3509 4137 4688 4715 5299 7072 8012 8027 8106 8456 8909 9451
4472 3792 7882
4473 1715
4474 3362 4923 8911
4475 5251
4476 6136 6859 8382
4477 1734 8579
4478 793 4479
4479 793 1057 1082 1085 1585 1836 2424 2507 2544 2940 4413 4478 5571 7749 8220 8684
4480 3152 8578 9153
4481 804 1032 1114 1267 1269 1306 1321 2322 2394 2625 3418 4640 4813 5339 5433 5448 5770 7029 7379 7594 7905 8187 9357
4482 7154 7562
4483 880 1738 5033 8580
4484 411 1017 2564 3364 4289 5177 6168 7243 7515 7734 7755 7847 8185 9810
4485 1695 2209 2946 3027 8733
4486 116 436 805 1907 2913 4403 4427 4909 5277 5608 5624 5784 6770 8629 9107 9267 9442 9692
4487 375 644 2046 2270 4837 9484
4488 111 7075
4489 3068 9817
4490 7070
4491 222 230 1129 1405 1634 2088 2247 2497 3090 3796 3929 4956 5141 6149 6363 9339
4492 1198 4992
4493 5832 6462
4494 99 674 908 1837 2632 2996 3757 3860 4741 5154 6591 6794 6921 8313 8766 8863 9864
4495 8150
4496 2730 4691 4743 7196 8765
4497 1253 2988 3104 3339 3568 3851 3862 5040 5489 5769 7435 7740
4498 1369 1436 2669 3293 4759 5579
4499 9446
4500 2321 4785 5830
4501 733
4502 4359
4503 6776 9136
4504 762 2696 7727 7867
4505 762 1763 2696 3081 4137 6462 8432 8524
4506 2176 7109 7846 8286
4507 3548
4508 2172 2796 4191 5143 6852 7468 9266 9551
4509 1108 2817 6716
4510 6993
4511 803 1129 3876 3929 4455 6735 8581 8786
4512 5443 7942 9742
4513 4029
4514 1409 9531
4515 8007
4516 415 2576 5777 6288 6310 8055
4517 2148 2583 3637 4033 4096 4321 5095 5712 5903 6257 8036 8585 8724 8886 9850
4518 5145 5961 7530
4519 6307 7530 9613
4520 1424 5569
4521 3499 5926 6561
4522 8724
4523 3404 4097 9561
4524 2180 3537 7122 8613 9307 9647 9662 9810
4525 4075 6217 8503
4526 210 349 352 912 1163 1534 1575 1853 2161 3140 4240 4697 5760 5791 6113 6935 8231 8799 9261
4527 7501
4528 7863 8516
4529 121 5760 6412
4530 8650
4531 679 2667 4787 6810 9711
4532 9369
4533 339 342
4534 5852
4535 368 2582 6316 8608 9869
4536 2447 2812
4537 5541 6865 7836 8254
4538 2048 2555 8431
4539 47 2990 3258
4540 4268 6529 6586
4541 3068 9817
4542 985 2896 6554 7300 7339
4543 423 1351 1751 1853 2874 3713 5206 7130 7305 7658 7849 8191 8935
4544 174 779 823 857 1904 2457 4024 4156 4439 5048 5116 5634 5863 5868 6050 6518 7138 7919 9076
4545 1904 3109 4153 6519
4546 1529 1879 3693 3938 3966 4264 6971 7072 8132 8885
4547 94 520 984 1243 1620 2016 3481 3485 4384 5861 5906 6846 7564 8916 9151
4548 2579 9573 9663
4549 121 516 2212 2409 3038 3045 3471 4067 4873 6959 7843 8469 8796 9134 9827
4550 990 8339
4551 1726 6034
4552 603 2767 3447 5643 7057 8455 8925
4553 1354 3234 5859
4554 609 2535 3283 3437 4234 4340 5635 5972 5975 6326 6337 7535 8549 8601 8942 9008 9570 9811
4555 2138 2574 3285 3287 5375 8650
4556 313 2606 3540 3742 3747 4200 5981 6324 7534 8831
4557 8876
4558 583 1134 1263 1416 1778 2554 2601 2726 4121 4324 4988 5305 5467 5816 6751 8002 8469
4559 599 3336 9253
4560 1045 3253 4269 8305 8696 8705 9479
4561 572 2090 2332 7545 9144
4562 1773
4563 2464 9523
4564 1420
4565 3240
4566 743 1040 2719
4567 8232
4568 336 7523 9580
4569 137 2324
4570 3028 4429
4571 3285
4572 961 1705 1812 5546 5708 6550 7266
4573 2384 3713
4574 3903
4575 2182 2583 2882 3637 3742 3979 4255 4419 6217 6309 8030 8503 8585
4576 2583 3636 8624
4577 8616
4578 3729 5773 5786 7550
4579 370 4071 4088 6343 7201 8508 9651
4580 858
4581 2302 9379
4582 2016 4452 7382
4583 2099 4592 4754 7887 7975 8806 8816 9213 9377
4584 929 2901 9162
4585 94 735 751 911 2160 2497 2824 2977 3258 3558 4105 4427 4688 4772 5250 5299 5739 6380 6652 7038 7515 7648 7850 7889 8927
4586 3912 5780
4587 2179
4588 6405
4589 1107 1108 2037 2703 2904 3579 3757 5053 5422 6458 6747 7884 7979 8101 8262 8752 8753 8934 9609
4590 2454
4591
4592 4583 7975 8806 8816
4593 4022 6415 8817 9252
4594 1484 2142 2194 3493 3896 3969 4397 4841 5597 6167 7057 7561 8191 8935 9104
4595 1150 2283 2883
4596 837
4597 432 2576 6310 8160 9356
4598 169 4899 6248
4599 2977 3130 3206 3547 4344 4749 4753 5280 7968 9106
4600 4207
4601 4206 4747 5603
4602 3915
4603 3930 6467
4604 3624
4605 4211 4752 7955
4606 4211 4216
4607 185 6715
4608 4186
4609 921 2469 7713 7722
4610 362 1566 2734 3646 6114
4611 212 3732 4935 5001 5250 6696 7091 9076
4612 4192
4613 1133 9744
4614 1301
4615 165
4616 3416 7988
4617 777 2714 3106 5758
4618 4766
4619 771 1674 2827 3529 7752 9355
4620 170 562 2596 5255 8378
4621 1929 7674
4622 273 2990 3064 3251 4307 5264 6424 6633 9865
4623 1850 5925
4624 707 5689
4625 3199 7999 8882
4626 9865
4627 1910 2739 4443
4628 1610 3232 8181 9312
4629 8804
4630 115 7907
4631 198 865 3947 7458 7810 7975
4632 1906 2772 5174 5864 9287
4633 5915 6651 6888 7632
4634 511 5870 7886 8363
4635 7913
4636 1023 2167 2282 2472 4710 5032 5397 6152 6178 6458 6630 6875 6876 6923 8778
4637 424 3266 5040 6145
4638 2342 2668 3140 3872 4925
4639 1227 4318 7422
4640 804 1032 1114 1267 1269 1306 1321 2322 2394 2625 3418 4481 4813 5339 5433 5448 5770 7029 7379 7594 7905 8187 9357
4641 5134 6121
4642 451 1364 2712 2786 2977 3396 3549 3772 6530 7494 8859 8885 9409
4643 918 992 2344 3150 3706 4274 6095 6538 7703 9243
4644 3937 7642
4645 2793 3835 9094 9402
4646 1211 1586 2202 2426 2427 3244 3302 3413 4204 4463 5465 5716 8310 8819 8977 9157 9337 9348 9752 9830
4647 1607 1809 6263
4648 3534 3551 8073 8683
4649 1866 4248 6952
4650 4211
4651 385 1824 7132 9712
4652 3777 4706
4653 490 808 1585 1733 2203 2937 4462 4933 5089 5261 5340 7416 8335 8571 8716 9207 9211 9301
4654 191 2875 5459
4655 9605
4656 4390
4657 1940
4658 5366
4659 867 2054 3511 5934 6163 7151 8692
4660 9441 9519
4661 926 1014 1511 2176 2788 2882 3739 4670 4806 4974 4999 6803 6845 7109 7846 7946 8311 8992
4662 854 1266 3258 4425 4426 6339 6796 7465
4663 3343
4664 1662 2295 2462 2506 2709 3429 3777 3840 6110 6446 8355 8415
4665 4408 7795
4666 7443
4667 1531 1722 1806 1856 2220 2241 6686 7887 8456 9320
4668 63 744 862 899 939 949 1542 1676 2296 2362 2660 2777 3445 3554 3615 3789 5310 5325 5403 5483 5735 6106 6583 6787 6872 6985 7111 7362 7450 7699 7950
4669 7814
4670 1014 2176 4661 6813 7333 7846 8311
4671 2187 2706 2793 3660 7017 7173 7213 7718 7771 8710
4672 1629 3638 3953
4673 1986
4674 4840 7527
4675 811 1183 1270 1824 2168 5074 5095 5820 7315 7656 8309 9312
4676 852 3038 4452 5563 6155 7116 7474 7573 7907 8571
4677 1019 7306
4678 7399
4679 271
4680 7527
4681 6148 7478
4682 647 1708 1890 5354 9225
4683 1166 1728 7180
4684 17 923
4685 1435 1981 4274 5674 6107 7823 8471
4686 620 6072 6324 6793
4687 143 353 417 1481 1734 2552 2554 2766 3219 3353 4960 4992 5093 6137 7601 9151 9174
4688 495 1666 1722 2900 3258 3489 4471 4585 4772 5299 7704 8106 8909 9451
4689 977 2703 4220 4895 6768 7306
4690 739 1206 1326 2366 2952 5281 6150 6179 8525
4691 2730 4496 4743 7196 8765
4692 1361 2083 4796
4693 3855 5649 6992
4694 3899
4695 7430
4696 526 627 7112 7447 8929
4697 507 1224 1338 1575 2475 2518 3140 3377 3872 4526 5050 5218 5284 5760 5791 6426 6589 8672 8673 9212
4698 2230 4407
4699 874 4139
4700 3920 8331 8430
4701 580 9759
4702 1228 2819 9426
4703 287 685
4704 7198 9416
4705 613 2874
4706 3777 4652
4707 3995 7019
4708 454 1027 2398 3507 5451 7420 8389 8661
4709 6463 8301
4710 2472 4636 6178
4711 1029 1060 3393 5133 8461 9260
4712 1672 5008 6912 8404 8890
4713 2280 2756 2817 5165 5803 5883 6087 6102 6293 6372 7192
4714 769 1871 4153 5240 5911 7913 8547
4715 378 495 1095 1940 2028 2788 3346 3938 3970 4078 4264 4471 5299 5438 6072 7360 8012 8132 8909 9076
4716 2200 5449
4717 3107
4718 7633 8365
4719 2756 7287
4720 7710 7955
4721 632 751 1440 2982 3866 6861 7131 7339 9097 9636
4722 1978 9061
4723 2332 9144
4724 513 2674 2941 3015 7817
4725 2353
4726 1651
4727 3866 5033
4728 333 334 1191 2568 2629 7193 7199
4729 7276
4730 1247 1254 3020
4731 2744 2865 4152 4170 5624 5784 6495 7908
4732 21 4144 5790
4733 505 1432 2281 4367 5575
4734 1165 1213 2802 5002 5085 5197 5447 5603 6519 7139
4735 891 1278 1663 3238
4736 394 1133 2387 4961 5147 5264 5925 6485 9477
4737 1547
4738 5297 6590 8269
4739 422 1835 5818
4740 516 1210 1746 5230 6262 6599 8318 8860
4741 637 674 821 1362 1865 1897 2632 3757 3763 3917 4139 4494 6000 6153 6563 6918 7593 8109 8313 8344 9864
4742 223 600 743 1899 2131 2334 2745 3117 4170 4383 4808 5027 5036 5772 5917 6083 6495 7492 7563 8193 8218 9076 9333
4743 2444 2730 4496 4691 6337 7196 8765 9397
4744 246 621 720 916 1016 1861 2193 3205 4119 4159 5058 6379 6489 7698 8138 8239 8691 9505
4745 1798 4030
4746 99 478 3269 3453 3499 4206 4208 4209 4210 4212 4214 4215 4312 4747 4752 4754 5603 5737 5990 6324 6551 6561 7252 7660 9596
4747 478 1213 1462 2088 3452 3559 3569 3608 3614 3798 3848 3943 4003 4195 4206 4208 4209 4211 4214 4215 4218 4312 4345 4601 4746 4748 4752 4753 4754 4759 4760 4890 5603 6064 6551 6552 6559 7075 7477 8151 9594 9596 9636 9640 9652
4748 108 129 915 984 1006 1750 1792 3365 3485 4005 4218 4747 4815 5272 5437 5534 6120 6313 7411 7581 8081 8125 8157 9151 9325 9469 9673
4749 3206 4344 4599 4753
4750 2005 2040 3529 3717 4925 5430 8747 9776
4751 3614 4760 9627
4752 478 690 1351 1416 1461 1465 1467 3315 3614 3775 3992 4205 4209 4211 4214 4215 4219 4605 4746 4747 4753 5056 5931 5965 6324 6490 6552 6561 7213 8047 9016 9596 9627 9816
4753 407 478 490 1369 1467 1501 1983 3206 3614 3844 4218 4344 4345 4599 4747 4749 4752 4759 5296 5500 5603 5893 6282 6551 6561 6590 8151 9056 9627
4754 99 168 478 1110 1608 1721 1887 2080 2444 2712 3013 3548 3994 4003 4206 4215 4219 4221 4341 4583 4746 4747 4760 4942 5007 5226 5957 5990 6268 6555 6559 6952 6992 7910 8046 8695 8859 9377 9397 9596 9636 9637
4755 3848 4209 4211
4756 1418 8961
4757 1513 4207 6397 6555 8662
4758 5600
4759 1297 3614 3943 4195 4209 4211 4219 4498 4747 4753 5095 5603 5615 5841 6551 6552 6555 6645 7107 7201 7536 7665 7889 8151 8694 8785 9640 9652 9653 9831
4760 1400 1461 3497 4003 4211 4221 4747 4751 4754 5603 6314 6560 7907 9240 9601 9627
4761 3481 4179 4294 5391 9816
4762 4005 4291
4763 3549
4764 2910
4765 5217 7814
4766 4618
4767 914 3819
4768 3000 5895
4769 4425
4770 1416 3208 3336 5287 7227 8368 9459
4771 5610
4772 331 495 711 735 1695 1941 2028 3693 3827 4585 4688 5081 6880 7104 7128 7424 7704 7844 7889 8189 8456 9492
4773 3221 3714 4042 4261 5927 6895 9125 9205
4774 2360
4775 141 737 7276
4776 627 4883 5743
4777 3043 6648 7993
4778 7109 7846 9766
4779 2995 5103 7262
4780 545 841 2314 2479 3341 3356 3842 4905 5104 6210 6462 6791 6929 7182 7637 7653 7654 8311 8663 9169 9210 9218
4781 1126 5017 5290 6366 9069
4782 491 705 1235 1913 3661 3806 4135 4267 7481 8515 9720
4783 220 680 1274
4784 113 8355 9454
4785 2321 4500 5830
4786 898 1785 4368
4787 2667 4531
4788 1137 2153 3792 3965 5713 6066 6404 8025 8768 9621
4789 7804
4790 167 4791 6502 8269 8707
4791 167 2968 4790 6502 6972 8269 8275 8707
4792 14 1332 2065 2066 7313 7404 9142
4793 210 932 5287 5290 7457
4794 2570 3083 3771
4795 2832
4796 1361 2083 4692
4797 3468 4139 5530 7451
4798 3066 6061 6460 9754
4799 2167 2432 4955 5407 5996 6895 7282 8886 8997
4800 168 4262
4801 1233 1693 2221 2657 5509 7487
4802 4011 7762
4803 1802 4191
4804 569 2004 3574 3928 9463
4805 8210
4806 751 926 1336 1339 1795 2352 2564 3938 4061 4277 4661 4989 5049 5050 5414 5606 6083 7847 7946 8222 8430 8753 9076 9293 9333 9603
4807 757 806 1228 2512 2513 2646 2808 4869 5106 5266 6720 7467 7866 8312 8466 9148 9755
4808 2338 2497 2710 3751 4383 4742 5027 5036 6596 7492 7563 7928 8144 8193 9855
4809 3922 4041
4810 918 2161 4240 6293 7361 8033 8999 9764
4811 3825 4193 6601 6661 6879 6985 8309 8376
4812 943 4285 6441 7255
4813 804 1032 1114 1267 1269 1306 1321 2322 2394 2625 3418 4481 4640 5339 5433 5448 5770 7029 7379 7594 7905 8187 9357
4814 2649
4815 50 4748 6120
4816 863 2870 7965
4817 1100 9076 9617 9735
4818 45 1292 2549 2991 3297 3337 3562 5361 5799 5878 8773 9373 9441
4819 318 3350 3935 5309
4820 6183 7889
4821 9840
4822 5451 8957
4823 5016 7150
4824 4404 6035 8171 8645 9088
4825 299
4826 459 2817 6382 8818 9848
4827 4155 4451
4828 8642
4829 572 1626
4830 1887 6689
4831 1765
4832 1996
4833 2187
4834 2404 4937
4835 2459 9256
4836 8526
4837 176 375 644 2046 2270 2425 2655 4263 4487 5264 5825 6998 8767 9484
4838 1531
4839 1315 1361 1983 2970 4341 8281 8959 8983
4840 2024 2520 3781 4674 6793 7527 8142
4841 2142 2194 4594
4842 1880 1897 2271 7146 7163 8313 9690
4843 380 695
4844 7430
4845 1741 1942 8297
4846 612 2313 3634
4847 2004 2858 5332 6580
4848 376 1945 2339 3103 3902 8297 8298 9319 9526 9800
4849 1416 2028 2348 3752 5998 8382 9492
4850 2921 9549
4851 415 1012 1396 1416 1490 2028 2673 3454 3844 4887 4890 5299 5609 7514 8642 9531 9651 9784
4852 1421 2057 9785 9816
4853 556 3205 3568 3851 4862 4975 5058 5239 5996 9365
4854 2720 7010 8521 9326
4855 1417 1860 9602 9806 9812
4856 365 555 1407 1741 2120 3044 3054 3103 3849 5073 9325 9526 9596 9644 9774
4857 1423 4929 7819 7822 9798
4858 3536 4277 4921 4925 6305 7286 8823 9617 9858
4859 1145 4436 5219 5555 5838 5841 5876 6552 6990 8089 8696 9327 9785 9786 9810 9831
4860 8713
4861 2887 4886 6890 8464 9547
4862 3568 3851 4853
4863 856 1479 1680 1808 4922 5408 9527 9802
4864 3038
4865 2063 2903 7432
4866 3895
4867 543 598 659 3782 5390 6887 7855 8293 9239
4868 930
4869 806 1225 2512 2646 4807 5266 5919 6756 6759 9148
4870 47 939 1610 3970 4871 5066 5153 8425 9057 9312
4871 807 1522 1559 1610 2332 3585 4870 5117 5364 6180 6217 6293 8685 9053 9312
4872 1240 2998 4984 8108 8279 8776
4873 161 4067 4549 9134
4874 1470 3439
4875 7444 9186
4876 728 1071 2611 3207 3649 3934 4137 4227 4999 5358 6425 6703 8301
4877 822 9299 9352
4878 2708 5614 6819 9790
4879 4953 6448 7486
4880 2170 3180 6717 8183
4881 1412 2080 3179
4882 3282 3681 4321
4883 627 4776 5743
4884 5008 6458 6555 6912 7171
4885 1262 5122
4886 12 1418 3555 4133 4861 6031 6032 6851 8464 9314
4887 1369 1407 1408 4851 8304 9531 9596
4888 1504 3607 4004 6118 8933
4889 6118 6590 7286
4890 1012 1420 3559 3569 4747 4851 9784
4891 9329
4892 2004
4893 6519
4894 2685 9059 9181
4895 977 1108 2703 4220 4689 6768 7306
4896 246 974 2334 2552 2679 2786 2983 3966 3970 4165 4338 4897 5547 5858 6423 6645 6971 6975 7260 7656 8072 8376 8539 8650 8816 8934 9312 9649
4897 2679 3966 4896 5547 8539
4898 3718 6714 7802
4899 169 2106 4598 6248 8539
4900 918
4901 6318 9473
4902 136 602 1050 1327 2896 3047 3123 3150 3158 3221 3446 3549 3715 3758 3831 4205 6224 7300 7578 8524 8554 8754 9043 9452 9693 9795
4903 2491
4904 157 5072 8228
4905 545 4780 6102 7022 7654 8311 9210
4906 7503
4907 1892 2836 3526 7084 7744 8480
4908 996 1846 2924 3399 4963 8939 9049 9785
4909 4486 7121 9442 9692
4910 2850 3664 6719
4911 574 4238 4432 8580 9072 9151
4912 6723
4913 2788
4914 5274 5722
4915 4234
4916 1122
4917 3571
4918 2523 5218 6631 8744
4919 5625 6982
4920 2858 6163
4921 213 1020 3565 3905 4078 4858 4925 5553 9325 9526 9617 9676
4922 856 1420 1479 1680 1808 4863 5408 9527 9802
4923 2028 2099 3362 4474 5560 5739 6669 8375 8934 9074 9780 9869
4924 1081 1413 1557 1722 1935 1986 2072 2290 2494 2712 2781 2786 3104 3258 3552 5008 5009 5040 5302 5606 6912 6927 7062 7181 7491 7664 8404 8890 9316 9398 9799
4925 2005 2040 3529 3717 4638 4750 4858 4921 5430 8747 9617 9776
4926 1416 5040
4927 908 1385 3775 4121 5019 5171 5218 9544
4928 3192 9155
4929 2057 2561 4857 7819 8521 8794 9798
4930 563 8865
4931 6409
4932 2697 9213
4933 490 808 2203 2377 2941 4653 5181 5261 5407 5570 6661 8335 8571 8716 9122 9241 9717
4934 5507 5762 6419 6425
4935 4611 7091 7422 7626
4936 3049
4937 263 1795 2352 2404 4834 7195 9115 9700
4938 1795
4939 1281 5893
4940 2882 3979
4941 4014 4989
4942 1110 4754 6952
4943 2680 9050
4944 785 1091 1543 2567 7580
4945 3397
4946 5756 8470
4947 9811 9855
4948 2284 2499 2657 5509 7152 7342 7615 9087
4949 4227 6463 7805 8301 9603
4950 5756 8470
4951 2751 5533
4952 952
4953 4879 6448 7486
4954 6116
4955 209 2167 4439 4799 5996 6625
4956 222 230 375 1634 1779 3929 4491 5825 6149 7348 8686 9191
4957 894 1293 5420 5726 7278 7466
4958 717 828 2506 4215 4342 5259 6999 9417
4959 3179
4960 4687
4961 394 1133 2387 4736 5147
4962 732 2786 3088 4064 8885 8891
4963 1846 2924 4908
4964 8079
4965 3204 8241
4966 5348
4967 759 1111 1599 3079 4087 5837 7166 7290 9178 9444
4968 1311 1652
4969 875 2799 7946 8916 8917
4970 8797 8898
4971 1295 5195
4972 8797 8898
4973 1507 1608 2479 2491 2569 4341 5760 7345 7347 7723 8571
4974 345 1703 2878 2882 3373 4661 4999 6417 8113 8992
4975 72 377 2167 2274 3954 4853 5052 5407 5996 6487 7445 7974 8412 9679 9825
4976 3159 8066
4977 249 3443
4978 2373 7446 9405
4979 5757 6527 8553
4980 6151
4981 226 6440
4982 191 588 627 3679
4983 620 3545 5189 5739 6072 6898 7989 8025 9081
4984 2998 4872 8108 8279
4985 6073 7989
4986 9529
4987 522 1730 2028
4988 4558
4989 378 538 651 869 1095 1336 1795 2352 2445 2472 3067 3138 3382 3578 4014 4273 4806 4941 5029 5270 5564 5763 6183 8159 8301 8753 8778 9488 9603
4990 952 1793 2820 5142 5264 6562 6654 7393 7416 7756 8141 8314 9430 9465 9476
4991 7313 8327 9142
4992 399 482 1018 1086 1198 2121 2161 4149 4492 4687 5420 5847 6293 6961 6998 7361 7601 7890 8606
4993 8353
4994 2992 7524
4995 43 470 4464 7491 8778 8821
4996 1526 6246
4997 3871 6485
4998 3524 5205 9746
4999 132 331 582 1027 1159 1396 1619 1919 2028 2112 2554 2712 2788 2861 3258 3524 3649 3934 4011 4661 4876 4974 5151 5925 6380 6645 6880 7093 7844 8476 8539 8785 8911 9019 9043 9076
5000 2188 3677 6423 9148
5001 2191 4611 5250 5935 7212 7777
5002 728 808 1632 2518 3634 3714 4734 5603 5760 6453 7271 7723
5003 209 210 539 732 932 1026 2248 3171 3546 3592 3811 6423 7704
5004 171 1837 2792 2927 8284 8569 8758 8760
5005 4037 6499
5006 1038
5007 1887 2080 3013 4754 7910
5008 792 1031 1661 1672 1722 2072 2786 3065 3552 3913 4189 4190 4712 4884 4924 5009 5117 5302 5863 6179 6458 6912 7061 7062 7502 7664 7799 7948 8404 8766 8885 8890 9145 9327 9409 9548 9791
5009 1170 1722 2072 2236 3552 4186 4924 5008 5302 5606 6324 6912 7313 7422 7664 8159 8890 9531
5010 9482
5011 1384 3103
5012 4206 5953 9524 9627
5013 38 1725 9264
5014 6019 6155 8870
5015 1171 6079 6938
5016 4823 7150
5017 1045 1075 2613 4781 5290 8350 9069
5018 6169
5019 1071 1850 1877 3775 4121 4927 5218 6813 8311 9850
5020 3177 5801 7779 7780
5021 1250 2778 5729 6483 8717
5022 2930 9217
5023 7454
5024 2842 3354 6860
5025 1205 2343 4233 5736 5895 8333 9414
5026 898 1785 2035 2992 4368 6281 7023
5027 75 976 1186 2338 3051 3110 3117 3880 4266 4383 4742 4808 5151 5917 7148 7563 7794
5028 1071 1824 2099 2297 2609 2863 3981 7069 8911 9322 9377
5029 1234 1715 2311 2622 3621 4014 4235 4277 4439 4989 5685 6458 7391 8753 9488
5030 5760 7723
5031 853
5032 601 1001 1012 1015 1083 1610 1999 2013 2972 4009 4111 4444 4636 5414 6152 6458 6864 6923 8190 8404 9297 9573
5033 880 1738 3866 4483 4727 8580
5034 224 423 516 934 1490 2545 3772 4170 4284 4421 5328 5798 6234 6245 6903 6947 7350 7442 8243 8318 8429 8839 9711
5035 8416 9565
5036 628 1025 2306 2490 4742 4808 6992 7563 7989 9714
5037 5220 6820 8701 9096
5038 293 294 2385 3211 3268 3421 5358 6616 6827 8908 8948
5039 7819 9643 9798
5040 424 1253 1413 1416 1418 2290 2988 3104 3568 3851 3862 4497 4637 4924 4926 5489 5769 7435 8297 9325 9526 9799
5041 7970 8169 9816
5042 9055
5043 7193 8412
5044 2958
5045 131 798 1667 5348 6241 6621 6807 9095
5046 1220 8285 9494
5047 232 993 6299
5048 28 78 258 651 857 1095 1234 1715 1746 2311 2457 2622 2624 2846 3138 3207 3966 4033 4235 4277 4415 4439 4544 5116 5573 5685 6136 6451 6458 7201 7491 8224 9488 9850
5049 4806 7847
5050 1133 2564 4061 4697 4806 7024 7847 9293
5051 341 1349 1410 2818 3754 5226 5906 6908 7128 7762 8526 8733 9425
5052 377 2274 4341 4975
5053 180 608 1108 1878 1991 2491 2632 2904 3009 3977 4032 4108 4589 5263 6716 7884 7979 8001 8995
5054 2834
5055 2161 9134
5056 4752
5057 7930
5058 246 556 621 720 916 1016 1039 1396 1500 1861 2104 2193 2241 3205 3458 3988 4119 4159 4744 4853 5239 5925 6379 6489 6924 7067 7104 7698 8138 8239 8691 8909 9320 9505 9781
5059 331 8991
5060 1095 3594 7755 9486
5061 5129
5062 1902 2458 2645 3242 4020 5924 6880
5063 3132
5064 1212
5065 2019
5066 565 1610 1660 2626 4209 4870 5153 5906 6974 7071 7260 7402 8425 8911 9312
5067 4162 7332 8497
5068 1063 3608 7766
5069 627 2413 6635 6776 7113 7858
5070 1007 7647
5071 2566 3470 6298
5072 4904
5073 171 1740 3543 4856 7861 8859 9599
5074 572 598 1094 1736 2748 2905 3325 3901 3946 4675 6532 7208 7519 7526 7656 8637 9312
5075 743 1772 5354 6083 7928 9305 9333
5076 3038 5089 8398
5077 423 1102 1118 1489 2081 3488 3533 3772 3886 5821 6647
5078 1017 2529
5079 6105
5080 420 1192 2684 3030 3333 5364 5571 5851 6276 7025
5081 218 1941 4772
5082 3001 3964 6507 7787 8338 9556
5083 6795
5084 1757 1846 2236 2659 3278 5434 5821 8080 9348
5085 1165 1540 2807 3916 4153 4734 6519 6543 7139 7547 9075
5086 1133 2747 5147 5712 6792 7024 8410
5087 6453
5088 1097 1200 1271 1610 2767 3970 3999 6366 9165
5089 1334 1464 1490 2062 2401 3038 3428 4111 4135 4653 5076 5338 5823 7505 7797 7833 8179 8398 9405 9850
5090 2656 2967
5091 881 4194 8688
5092 2236 2783 3084 3741 5620 6734 7058 7542
5093 1481 4687 9174
5094 3227
5095 1408 2112 2583 2649 3516 3524 3637 4095 4219 4339 4517 4675 4759 5144 5657 5871 6012 7536 7542 7549 7656 7976 8048 8065 8585 8589 8632 8866 8947 9312 9558 9560 9649
5096 302 3727 3731 6279 8548
5097 1944 8094 8115
5098 3740 8588
5099 494 7443
5100 3434 8507
5101 1926
5102 9216
5103 309 1126 2448 2699 2708 2995 4779 6140 6772 6819 7260 7262 8484 9042 9165
5104 841 1243 1837 4384 4780 5110 6813 6984 7221 7637 7706 8311 8663 9169 9210 9500
5105 1136 2161 3412
5106 806 1283 1735 2547 4807 5266 6526 7467 9148
5107 113 222 230 1283 1753 2832 6185 8786 9231
5108 15 2335 7275 8922
5109 5334 7904
5110 1224 1243 1283 1768 3021 3078 4384 5104
5111 263 757 1336 1795 2352 2513
5112 1837 2442 6404 7494 7775 9500
5113 139 157 572 593 630 1012 1597 7604 8228 8390
5114 1095 1952
5115 492
5116 651 779 2622 2772 4024 4544 5048 5118 5685 5863 7491 7918 8159 8161
5117 823 1775 2413 2699 2767 4024 4156 4871 5008 5487 5863 6394 6497 6514 6779 6912 6941 7422 7844 8159 8161 9165
5118 5116 8161
5119 1301 2960 6016 7319
5120 7444
5121 410 8173
5122 1262 4885 5810 6212
5123 1012 2112
5124 768 5724
5125 8743
5126 1225 1681 2819 5267
5127 8397
5128 671 966 7349 9197
5129 2521 4251 5061 7626 8201 8735
5130 1724 1894 9136
5131 1448 1910 2739 4007 4008 5407 6534
5132 702 963 3222 5456
5133 1029 1465 4711 9260
5134 140 224 594 646 1102 2881 4124 4641 5255 5545 6121 6296 7066 7317 7442 7817
5135 3603 7941
5136 1358
5137 1133 1485 6220 7024 7076 9781
5138 275 769 1778 1779 2933 3824 3869 4024 4082 7646 7920 7981 8045 8167 8530
5139 7912
5140 1408 3236 4004
5141 222 1405 1416 1425 1972 2313 2913 4168 4491 6187 6363 7903 7907 8224 8571 9731
5142 4990
5143 2172 2796 4191 4508 6852 7468 9266 9551
5144 3985 4349 5095 5966 8056 8589 8866
5145 4386 4518 5961 7530
5146 2591 3979
5147 394 1133 2387 4736 4961 5086 7024
5148 2875 8121
5149 233 253 1177 2436 2479 5150 5590 6100 6103 6211 6930 7347 8120 8552 8553
5150 2875 5149 7308 8121
5151 94 145 390 711 904 1186 1630 1930 2313 2352 2410 2900 3065 3268 3303 3524 3750 4011 4266 4999 5027 5222 5560 5615 5739 6024 6260 6397 6463 6645 7466 7889 8291 8301 8476 8539 9076 9187 9492 9603 9629
5152 5275 8143
5153 1041 4870 5066 9312
5154 3232 3757 4494 5631 7074 8181
5155 2328 3701 4162
5156 1248
5157 152 5476
5158 455 5517 5860 6606 7023 7645
5159 2663 2664 7121 8513
5160 9738
5161 974 1055 8356 8419 8476
5162 2774 8266
5163 2064
5164 7233
5165 4713 5803
5166 120 6272
5167 9776 9819
5168 908 7571
5169 4184 9820
5170 4399 7082 7330
5171 196 1993 3075 3082 4927 5462 7621
5172 1020 1519 1881 2940 4112 4403 4431
5173 520 603 1830 3865 4153 4314 5868 8503
5174 1023 1729 1778 1797 1906 3823 4632 6463 7090 7201 9080 9287 9646
5175 7136
5176 1159 4014
5177 411 1209 3804 4484 8185
5178 47 209 539 639 640 2181 3747 9144 9699
5179 2948 7557
5180 1891
5181 409 2226 4124 4933 5197 5314 5483 5570 6661 6844 7301 8335 9199
5182 913 7931 8472
5183 2775 7640
5184 1231 4044
5185 3831
5186 11 6983
5187 5998 8910
5188 1008 2491 7723
5189 4394 4983 5233
5190 210 2878
5191 8178
5192 167 4034 9243
5193 278 2402 5195 7356 8270 9694
5194 1977 5195 7374
5195 278 808 1223 1295 1977 2044 2317 2402 3968 4405 4426 4971 5193 5194 5261 5506 5570 5922 6135 6162 6175 6896 7374 8270 8921 9241 9694
5196 2329 4128 4282 5458 7200 8759
5197 12 1079 1213 1372 1373 1416 1480 1669 1778 1833 2726 2763 3631 3982 4124 4310 4734 5181 5789 6325 7288 7393 8065 8274 9314
5198 1279 2707 6010
5199 1798
5200 766 1606 3175 3503 9074 9266
5201 2080
5202 7540
5203 9662
5204 2041 7800 8964
5205 703 1784 2025 3829 4998 7484 8189 8320 8426
5206 4414 4543 5584 7589
5207 272
5208 7824
5209 9850
5210 1647 1800 3813 4260 6113 6219 6475 7587
5211 420 2684 8736
5212 1767
5213 179 323 414 2349 4048 4215 7285
5214 2149 4141 4172 5687 6022 7936
5215 8524
5216 1483 1710 3341 6210 6930 7628
5217 924 2786 3392 3548 4765 5521 5910 6019 6810 7359 7658 7814 7958 8541
5218 666 1294 2518 4121 4697 4918 4927 5019 7069 8673 9212
5219 4027 4859 5487 5555 5660 5838 5841 6087 6738 7687 8696 9785
5220 5037 6820 8844 9096 9520
5221 1466 1607 5605 8157
5222 3356 5151 7850
5223 1037 5601 9134
5224 1891 6394
5225 6459 7332
5226 168 331 341 1926 1940 2291 2340 3327 3970 3981 4363 4754 5051 5906 6952 7938 8375 8911 9425 9451
5227 1670 3621 7036
5228 904 1792 6394 7185 8137
5229 3879
5230 901 2548 2848 4740 5363 8490 8860 9674
5231 1596 1898
5232 2086
5233 5189 5350
5234 1998
5235 2386 7732
5236 1738 4295 6928 7457
5237 6463 9603
5238 4192 6873 8178 8719 8722
5239 460 556 3205 3851 4853 5058
5240 769 1871 3865 4153 4714 5634
5241 554 698 1537 1957 8078 8203 8227 9381
5242 1754
5243 6160
5244 230 693 981 1086 1545 2024 2276 3056 3203 3245 5299 5808 6374 6476 6550 6793 7222 7266 7455 8594 9468 9861
5245 281 402 8332
5246 68 2516
5247 1133
5248 2415 7265 7433 7873
5249 520 544 2473 6103 7100 8610
5250 209 1952 2122 2398 2876 4439 4585 4611 5001 5323 5606 5739 6679 7742 8476 9076 9715
5251 524 2737 4475
5252 2400 7021 7134
5253 391 3125 4376
5254 787 1348 7522
5255 4620 5134 8074
5256 3601
5257 847
5258 8228
5259 717 818 828 3464 3660 4958 5877 6999 7552 8793 9417
5260 7381 7803
5261 144 490 641 808 1223 1239 1817 2937 2941 3070 3105 4653 4933 5195 7576 8145 8270 8335 8416 9211 9241 9694
5262 8270 9694
5263 608 2594 3610 5053 7014 7578 7603 8095 8255
5264 375 2420 2655 2820 2872 3251 3524 4064 4622 4736 4837 4990 5825 5925 6645 6998 7393 8127 8314 8535 8767 8891 8911 9295
5265 1333 1969 2390 2895 5416 6650 7321
5266 757 1225 1712 2366 2512 4807 4869 5106 6133 6720 6756 6759 7467 7488 9148
5267 1225 1681 5126 7856
5268 697 3557 4138 6053 7879
5269 2388 9072 9170
5270 3138 4989
5271 2216 7627
5272 4748 7411
5273 1258 3838
5274 4914 5722
5275 5152 7924 8143 9172
5276 2918 3716
5277 985 997 2744 2913 4152 4486 5282 5624 5784 6382 6414 6495 7436 7437 9442 9488 9685 9692
5278 2323 3240
5279 7907 8571
5280 3547 4599 7968
5281 1206 2366 2712 3963 4214 4690 5573 5836 6179 9297
5282 37 659 668 785 895 908 1238 1242 1311 1652 2548 2567 2651 3977 4142 4367 5277 5322 5784 7057 7117 7255 7395 7510 8311 8357 8663 8900 9210 9544 9660 9760
5283 6900
5284 2074 2365 2639 2897 3089 4697 6203 7314 7696 8113 9428
5285 195 960 8117
5286 1350 1802 4185 4319 8479 9530
5287 207 210 1004 2785 2941 3335 3618 4770 4793 7227 7457 7598 9122 9138
5288 6926
5289 971 1175 2782 5745 6455 7193 8872
5290 1012 1023 3488 3894 4135 4781 4793 5017 5577 6104 6731 6829 7216 7843 8242 9069
5291 1935 5447 8016
5292 984 1570 3485 9151
5293 1786 3427 7267 7563 7741
5294 9179
5295 2762 4363 9396
5296 490 1983 4753 6282 6386 8110
5297 4738 6590 8269
5298 1133 7024 7076 9781
5299 522 2024 2028 3245 3258 3524 4471 4585 4688 4715 4851 5244 5431 5739 6380 6793 7514 7889 9333 9468
5300 6109 7493
5301 3698 4462 9533
5302 1722 2072 3552 4924 5008 5009 6912 7664 8890
5303 5323 7098
5304 512 2872 3356 8699 8915 9721
5305 1351 2336 2726 4558
5306 2554 3603 4193 6261 8380
5307 4299 7731 8060
5308 5516 6103 6482 8772
5309 3465 4136 4819
5310 63 744 862 899 939 949 1542 1676 2296 2362 2660 2777 3445 3554 3615 3789 4668 5325 5403 5483 5735 6106 6583 6787 6872 6985 7111 7362 7450 7699 7950
5311 5772 5917
5312 1328 3669 3706 7117 8112 9243
5313 3234 9127
5314 409 630 1083 2013 2226 5181 5483 5570 6574 6844 7301 8919 9199
5315 126 7099
5316 1157 1368 4278 7491 9724
5317 3741 4250 6187 7536 7543 8509
5318 2676 2893 7141
5319 4348 8599
5320 4000
5321 399
5322 222 322 575 1098 1238 2614 5282 6380
5323 2122 2376 2570 2876 3083 5250 5303 5754 6694 7098 7894
5324 1583 2901 3714 5927 6357 6453 7247 7980 9837
5325 63 744 862 899 939 949 1542 1676 2296 2362 2660 2777 3445 3554 3615 3789 4668 5310 5403 5483 5735 6106 6583 6787 6872 6985 7111 7362 7450 7699 7950
5326 2352 6927 7872 7933 8133 8445
5327 1624 2291 3668
5328 934 1102 2886 4421 5034 6903 8243
5329 1738 6036 7163 8473 9259
5330 8096
5331 2829 9438
5332 569 2004 4847
5333 7959 8582
5334 2403 2635 5109 5470 7904
5335 3022 7946 8916
5336 1075 1285 2190 2613 3750 6546 6916 8350
5337 7403
5338 2062 5089 5823
5339 804 1032 1114 1267 1269 1306 1321 2322 2394 2625 3418 4481 4640 4813 5433 5448 5770 7029 7379 7594 7905 8187 9357
5340 301 1733 4653 7529 7659 8548
5341 3561
5342 6178 8753
5343 443 578 6712 7260
5344 456 1421 2340 5781 6800 9781
5345 900 2776 8307 8671
5346 1017 1666 2181 2712 2882 4334 6119 6971 8141 8885 9713
5347 2882 3979 5759
5348 4966 5045
5349 9216
5350 976 1237 3216 3217 5233 5424 5910 8088 8155 8423 9616
5351 1555 7034
5352 3628 3948 6410 9559
5353 7142 8360
5354 647 743 973 1708 1772 1873 1890 2497 2938 3780 4234 4682 5075 7122 7916 9307 9348 9553
5355 743 1657 4044
5356 7968
5357 2714 2778 7913
5358 1076 1778 1907 2518 2786 2982 3796 3844 4137 4266 4876 5038 5395 6390 6425 7088 7090 7124 8642
5359 1925 9536
5360 1133 1540 2228 2387 5739
5361 818 2887 3337 3562 4818 5844 5878 8895
5362 7120 9240 9601
5363 670 756 901 2291 2567 3732 5230 6599 8860 8893
5364 1035 1192 2680 2684 3135 4871 5080 5571 5730 5741 5746 6261 9053 9221
5365 5396 5913
5366 1037 1646 1679 3405 4658 5757 9109
5367 6136
5368 7787 8209
5369 3433
5370 3143 3289 5382 5665
5371 3730 7897
5372 20 5959 9036
5373 3629 6393 7538 8611 9138
5374 3312 8053
5375 4555
5376 3282 3877 6320 7542 8661 9663
5377 7536 7537 8064 8657 9007
5378 5655 6216 6332 9582
5379 5948
5380 1407 3747 5899 9648
5381 415 573 1308 2249 2572 2588 2753 3726 3949 5899 6288 6355 8022 8055 8505 8511 8615 9033 9580
5382 3143 3289 5370 5665
5383 3990
5384 2588 7537
5385 2479 5939 9005
5386 8506 9559
5387 134
5388 3686 3922
5389 767 2516 9354
5390 3782 4867
5391 1801 2016 3481 3588 4179 4761 8199 8859 9102 9388
5392 3008 8251 8914
5393 7276
5394 2017
5395 1907 2518 5358 7124 8539 8883
5396 4217 5365 5913 6733 6850 8379 9127
5397 4636
5398 3035 4266 5575 8214 9736
5399 1909
5400 7952
5401 7866
5402 1268 1870 2935
5403 63 744 862 899 939 949 1542 1676 2296 2362 2660 2777 3445 3554 3615 3789 4668 5310 5325 5483 5735 6106 6583 6787 6872 6985 7111 7362 7450 7699 7950
5404 3481
5405 898 1785
5406 5996
5407 72 108 158 224 1199 1564 1910 2016 2167 2292 2739 2767 2971 3999 4271 4341 4444 4799 4933 4975 5131 5645 5707 5996 6070 6534 6535 6541 7282 7445 7645 8571 8641 9259 9421 9472
5408 856 1479 1680 1808 4863 4922 9527 9802
5409 2021 2214 5580
5410 3083
5411 4291
5412 9061 9294
5413 654 1097 2448
5414 726 3938 4009 4078 4277 4444 4806 5032 6178 8430 8753 9076 9293 9333
5415 516 6947 7440 8318
5416 182 601 714 952 1610 1620 2042 2195 2975 3340 5265 5505 6259 6468 6514 6692 7506 7999 9320
5417 287 2912 5817 5957 8377
5418 9730
5419 1278 2252
5420 108 150 210 1190 1749 2479 3561 3644 4957 4992 5681 5698 5726 6260 7278 7466
5421 1625 1836 2165 3819 8939
5422 2693 4589
5423 6426
5424 1237 3216 5350
5425 976 1237 1887 2376 3670 6163 6815 7643 8396 8539 9314 9455 9781
5426 1063 3421 5752 5982 6827 7293 8266
5427 239 2855 6615 7197 8562
5428 736 1642 1786 1831 2259 4110 4262 4408 5499 6420 6636 7751 9332
5429 3328 3333 5571 6064
5430 2005 2040 3529 3717 4750 4925 8747 9776
5431 5299
5432 4129
5433 804 1032 1114 1267 1269 1306 1321 2322 2394 2625 3418 4481 4640 4813 5339 5448 5770 7029 7379 7594 7905 8187 9357
5434 3230 3733 5084
5435 490 6404 7914 8314 8365
5436 819 7228
5437 4748 6120 8081
5438 1076 3346 3938 4078 4264 4715 8539 8642 8778 8883
5439 6000 9666
5440 981 1312 9335
5441 959
5442 8670
5443 3794 3795 4512 5886 7086 7942 9742
5444 3240 5734
5445 3322
5446 8855
5447 1017 1165 1935 2154 2299 2529 2802 4734 5291 5622 6122 7151 7494 7816 8016 8081
5448 804 1032 1114 1267 1269 1306 1321 2322 2394 2625 3418 4481 4640 4813 5339 5433 5770 7029 7379 7594 7905 8187 9357
5449 4716
5450 865 8214
5451 454 2398 3507 4708 4822 7420 8661 8957
5452 1246 3425 5761
5453 1630 2410 2434 2902 4054 6471 6937
5454 8013
5455 6436 6665
5456 107 655 702 963 3222 5132 6785 8628
5457 3201 4219
5458 2709 4282 5196 8756 8759
5459 191 4654
5460 2376 3592 8342
5461 318 2360 2874 9829
5462 196 1993 5171 7621
5463 6160
5464 165 737 5757 9059
5465 1211 1586 2202 2426 2427 3244 3302 3413 4204 4463 4646 5716 8310 8819 8977 9157 9337 9348 9752 9830
5466 5646 5647 7601 9151
5467 4558
5468 325 361 678 2553 2814 4420 7476 9264 9854
5469 194 210 2761 3811 4111 6423 9850
5470 2403 2635 5334
5471 2022 2140 3803
5472 1814 3210
5473 94 2882 4264 7107 8012 8426 9482
5474 1781 1842 7584 7977
5475 282 4275
5476 152 921 5157 7758 9512
5477 458 761 6131
5478 687 872 2080 3883 6303 8149
5479 1126 1144 1368 2699 2806 3820 3970 4453 6178 6361 9042 9165
5480 1979
5481 800 9481
5482 8218
5483 63 409 630 744 862 899 939 949 1542 1676 2090 2226 2296 2362 2660 2777 3445 3554 3615 3789 4668 5181 5310 5314 5325 5403 5570 5735 6106 6583 6787 6844 6872 6985 7111 7301 7362 7450 7699 7950 8919 9165 9190 9199
5484 3666 3961
5485 5488
5486 8384
5487 1775 5117 5219 5660 5838
5488 551 2014 3887 5485 5589 6506 6700 7263 8440 8561
5489 1253 3862 4497 5040 5769
5490 768 1276 4187 6643 8174 8244
5491 1252 6082 8129
5492 8283
5493 9384
5494 1068 1651 3765 4215
5495 6082 8129
5496 1012 3921
5497 6136
5498 6197
5499 1786 4110 4262 5428
5500 4753
5501 2076 3414 6091 6221
5502 6102 6112 6372 7309 8610
5503 12 9314
5504 1655 2020 2301 2871 8878
5505 5416
5506 1848 2812 2875 3692 5195 6017 8121
5507 4934 5762 6419 6425
5508 1224 8146 9755
5509 512 2221 2657 4801 4948 7342
5510 5743
5511 510 3529
5512 627 7628
5513 2341 9314
5514 5813
5515 616 1270 9069
5516 5308 5815 6103 6482 6820 8772
5517 5158 6606 7645
5518 1215 5669 6649 6883 7910
5519 947 6236
5520 6294
5521 1102 5217
5522 1495 1875 6420 6636
5523 1045
5524 6616
5525 806 2253 2513 7488 9700
5526 601 2494 3999
5527 2100 7023 8221
5528 5529 8988
5529 5528
5530 3468 4797 5548 7443 7451
5531 758 1260 2388 9170
5532 1028
5533 2751 4951
5534 108 4748
5535 1049 8788 8934 9131
5536 7820 9415 9431
5537 4402
5538 446 2840 6157 6351 6406 7306 8253
5539 7166
5540 4425
5541 4537 6865 7836 8254
5542 7177
5543 2806 4274 7975
5544 536 4192
5545 5134
5546 961 1705 4572 6550 9746
5547 4896 4897 6645 8785
5548 3468 5530 7451
5549 5550
5550 360 1982 3022 5549 6084 8885 8959 9151
5551 5565 6773
5552 9238
5553 4921
5554 3454
5555 4209 4859 5219 5841 5876 6552 8634 9786 9810
5556 829 1514 6069 7570
5557 1854
5558 593
5559 1027 5925
5560 1055 3193 4011 4923 5151 7985 8356 8476 9263
5561 9636
5562 2062
5563 1237 2150 4676 5910 6681 7474 7871
5564 4989 7999
5565 5551 6773
5566 1278 3238
5567 2849 5568
5568 2849 5567
5569 1424 4520
5570 409 2225 2226 2317 2601 3977 4933 5181 5195 5314 5483 6008 6135 6661 6844 7301 8335 9199 9241
5571 1192 3030 3328 3333 4479 5080 5364 5429 6064 6276 7832 8898
5572 7203
5573 78 4033 4415 5048 5281
5574 6155 8472
5575 2281 3110 4043 4105 4367 4733 5398 7464
5576 2650 8114 8121 9105
5577 1164 1268 1316 3488 4135 4278 5290 8428 9465
5578 3844 4327 6258 6312 6554 7093 8679 8890
5579 1436 1574 2669 4498 6072 7601 7676 7938 9151
5580 2021 2214 5409
5581 9732
5582 1450
5583 2444 3855 4354 5649 5986 7018
5584 1135 1326 1692 3122 5206 6039 6043 6179 6795 7047 7694 9411
5585 7694
5586 1920
5587 3
5588 3574
5589 551 2014 3887 5488 6506 6700 7263 8440
5590 2436 5149
5591 7035 8694
5592 73
5593 1201 2833
5594 1815 6407 6969
5595 956 8228
5596 5739
5597 3169 3969 4594 6873
5598 7231
5599 7148
5600 466 4758 7961
5601 687 1037 1777 2654 3831 5223 6094 6095 6120 6217 6293 6334 6429 7682 8282 9764
5602 1907 7536
5603 478 3269 4206 4209 4312 4601 4734 4746 4747 4753 4759 4760 5002 6552 6559 7660 9652 9653
5604 2482 2518 6083 6895 9076 9333 9869
5605 312 1466 1607 3435 5221 8157 8287
5606 258 263 287 345 1715 1795 1960 2072 2236 2352 2513 2517 3258 3279 4186 4806 4924 5009 5250 5739 6002 7062 7510 7847 7989 8476 8753 8841 8905 8937 9106 9492
5607 5991 6260 7276
5608 4427 4486 9442 9692
5609 415 495 573 726 871 1379 1396 1844 2800 3095 3509 3579 4851 5957 6340 7062 8621 8998 9602 9651 9701
5610 719 4771
5611 8879
5612 5976 7656
5613 5970 6338
5614 2708 4878 6819 7058 8308 9736 9790
5615 78 1797 2900 3130 3324 4759 5151 6260 7035 7107 7889 8476
5616 1617 1688 1691 6478 7380 7469 8234 8976 9282
5617 335 7046
5618 6686 6724
5619 6570 9142
5620 205 1142 1299 1829 2346 2360 2543 2642 3084 3481 4408 5092 6559
5621 1142 3031 3481 6000 6597
5622 1449 2154 2901 3125 3497 5447 7907 8081 8082 8389 9448 9586
5623 2866
5624 152 997 2744 2913 3091 4152 4170 4486 4731 5277 5784 6382 6495 7907 9225 9692 9794
5625 4919 6982
5626 222 346 4027 4238 7880 8308
5627 583 9215 9821
5628 2225 3977 6887
5629 1123 3830 4192 8180
5630 3723 4351 5965 5969 5978 6341 6396
5631 171 5154 7074
5632 6964 7998
5633 877 7694
5634 3865 4544 5240 6518
5635 2444 4554 6337 8601 9008
5636 1108 6716
5637 2697
5638 3174
5639 881 3247
5640 8438 8449
5641 7092
5642 1170 1903 2518 3065 3524 6164 6324 6496 7422
5643 518 775 1391 1778 2767 4552
5644 2463 6631 8827 9478
5645 2167 2292 5407 5996
5646 5466 7601 9151
5647 5466 7601 9151
5648 1289 7868
5649 367 1799 2444 3498 3632 3701 3855 3994 4056 4110 4354 4387 4693 5583 5979 5986 6326 6734 6992 7018 7254 8829 9413 9590 9686
5650 8040 9022
5651 3272 6401 6450 9613 9769
5652 3227 8632 8866
5653 7251 8104 8852
5654 1426 2574 3515 6300 6345 8661 8957
5655 2118 3728 3767 5378 6216 6332 8023 9578 9582 9661
5656 2573 2722 3681 4123 6324 7811 8590 8653 9570 9577
5657 5095 8947
5658 9566
5659 6869 7881
5660 4027 5219 5487 5838 5841
5661 2850 4188 6623 7373
5662 972 7248 7777
5663 3787
5664 4139 9044 9068 9386
5665 3143 3289 5370 5382
5666 3653 4224 8502 9660
5667 829 7570
5668 6933 7339
5669 201 2401 5518 7778 7910
5670 7331
5671 6514 7919
5672 552 1279 1284 2707 6753
5673 2169 2339 3323 7912 8694 9869
5674 1981 4685 8471
5675 71 5784 8052
5676 8911
5677 1530 1626 1858
5678 3654 3722 4088 4092 5984 7660 9339
5679 7409 7483
5680 1313 3596 8718
5681 16 327 498 509 953 2466 3460 3774 3881 5420 5807 6504 7776 8139
5682 3109 6519
5683 6945
5684 2494 5994 6692 6835 8512
5685 651 1234 1715 2622 3966 4018 5029 5048 5116 7201 7491 8072 9488 9701
5686 12 76 4167 6912 8404 9401 9548 9699
5687 2149 3773 4172 5214 7559
5688 6827
5689 707 897 1010 2916 4624 6890 9730
5690 4090 6327 6392 9599
5691 7927
5692 3790 6454
5693 8066
5694 2345
5695 816
5696 6056 6384
5697 1247 6691 9239
5698 386 1247 1749 1902 3456 5420 6693 9239
5699 12 520
5700 534 1228 2369 6472 6511 7016
5701 113 1508 5719 8454 9191
5702 8141
5703 417 3866
5704 3926 7797 7833 9405
5705 8236 9837
5706 6428
5707 124 490 981 1374 2292 3869 4341 4444 5407 5743 7385 8571
5708 1705 4572 6550
5709 6060
5710 6078
5711 187 2077 3370
5712 2747 4009 4321 4517 5086 6074 7768 7816 8886 9850
5713 4788 8768
5714 1316
5715 1164 8296 8298
5716 1211 1586 2202 2426 2427 3244 3302 3413 4204 4463 4646 5465 8310 8819 8977 9157 9337 9348 9752 9830
5717 1986 2838
5718 1227 2354
5719 1009 1508 5701 6981 8454
5720 118 1583 1885 8745
5721 1003 3014 5725 8906
5722 4914 5274
5723 7279
5724 5124
5725 1287 5721 9059
5726 4957 5420
5727 431 2892 6066 6698
5728 8650
5729 2778 5021 6483
5730 5364 5746
5731 1222 6692 6962 7340 7416 8767 9181
5732 3375 6377 7614
5733 1351 1416 2336 7341 9121
5734 1873 3240 3658 5444 7747
5735 63 744 862 899 939 949 1542 1676 2296 2362 2660 2777 3445 3554 3615 3789 4668 5310 5325 5403 5483 6106 6583 6787 6872 6985 7111 7362 7450 7699 7950
5736 1205 2295 2343 2640 2721 4233 5025 5895 8333 9249 9414
5737 4746 7252
5738 448 1465 4209 4219 7201 9627
5739 348 522 735 1133 1540 1615 1683 1908 1930 2028 2387 2517 2803 2977 2990 3258 3358 3521 3938 4585 4923 4983 5151 5250 5299 5360 5596 5606 6072 6075 6679 6861 6862 7093 7148 7428 7676 7889 7989 8012 8132 8476 8694 8937 9187 9188 9492 9557 9869
5740 1468 3962 9767
5741 5364
5742 343 1988 2655 6190 9020
5743 490 627 3869 4776 4883 5510 5707
5744 888 3341
5745 971 5289 7193
5746 165 2655 5364 5730 9059 9181
5747 1399
5748 785 2567 2713 3199 6002 6859 6942 7027 7872 7933 8663 8782 8905 9184 9298
5749 2680 6856
5750 9059
5751 2203 5999 6801
5752 5426 8266
5753 371 995 2946 6895 9862
5754 5323 7098
5755 9232
5756 1111 2011 4946 4950 7290 8470
5757 1037 3633 4979 5366 5464
5758 777 783 4617 6735 6749 7177
5759 5347
5760 162 1154 1575 1632 2491 2569 2955 3087 3140 4526 4529 4697 4973 5002 5030 5957 5998 6260 6412 7139 7398 7723
5761 1246 2680 3425 5452
5762 763 4934 5507 5908 6419 6425
5763 538 4989
5764 813 2161 3633 8395 9112 9764
5765 741
5766 871 925 1930 2539 3512 4140 5792 7938 9492
5767 3455 8751
5768 981 2867 3090
5769 1253 3568 3851 3862 4497 5040 5489 7435
5770 804 1032 1114 1267 1269 1306 1321 2322 2394 2625 3418 4481 4640 4813 5339 5433 5448 7029 7379 7594 7905 8187 9357
5771 545 1912 8610
5772 2745 4742 5311 5917 7794
5773 298 4578 5786 8323 8518 8724 8854
5774 8065
5775 2741 4012
5776 4052 6353 8550
5777 415 3286 4347 4516 6288 8055
5778 832 1014 2176 2325 3868 6369 6813 7109 7846 8286 8311 8680 9766
5779 3269 3281 3434 5972 8723
5780 3912 4586 6637
5781 456 2340 2929 5344 5906 6924
5782 1583 2408 3666 6453
5783 3978
5784 71 152 474 997 1972 2744 2913 2930 3747 4152 4170 4341 4486 4731 5277 5282 5624 5675 6382 6495 6979 7903 7907 8052 9225 9390 9692
5785 3463 7325
5786 4578 5773
5787 1627
5788 627
5789 5197 7393
5790 4144 4732
5791 222 349 1747 1792 2705 2733 3257 3871 4526 4697 8342 8799 8981 9347 9427
5792 378 639 640 751 871 1209 1908 1930 1952 2028 2434 2457 2669 2966 2982 3512 3693 3938 4078 4140 5766 6397 6437 6463 6861 7076 7500 7889 7938 8476 9076 9641
5793 7755
5794 1000 2051 3738
5795 2558 3018 6922 7846
5796 754 1072 2201 2908 3977 6596 7712
5797 5917 7273
5798 4170 5034 8839
5799 2549 4818
5800 951 1060 8461 9260
5801 5020 6957 7779 8354
5802 687 1926 2080 2245 5925 6108 6185 7536 7973 9148 9834
5803 2280 2756 4713 5165 7192
5804 7023 8221
5805 254 2359
5806 2418 2963 6052 6881 8031 8855
5807 5681 8139
5808 5244 6550
5809 403 881 1951 4038 6776 7582
5810 918 1262 2798 5122
5811 2869 7559
5812 341 522 1549 1941 2410 2669 4011 4033 8539
5813 5514
5814 8849 9568
5815 5516 6820
5816 1263 1416 4558
5817 249 287 1340 1607 2146 3146 4298 5417 6633 8806
5818 422 1835 4739 8811
5819 397
5820 4675
5821 423 1118 2236 3278 3548 3711 5077 5084
5822 33 3341 3539 6525
5823 1023 2062 2067 3027 4111 5089 5338 7510 8179 9850
5824 7658
5825 375 4837 4956 5264 8686 8767 9160
5826 4341 6536 6819 7391 7618
5827 1532
5828 8066
5829 5844
5830 2321 4500 4785
5831 5910 6780
5832 545 4493 6462
5833 9240
5834 9124
5835 1366 2491 4341 8959 9399
5836 325 1225 3759 3963 5281 9240 9264
5837 4087 4967
5838 4859 5219 5487 5660 9810 9831
5839 3076 9367
5840 1033 1936 8179 8467
5841 1145 4759 4859 5219 5555 5660 6087 6552 6990 8089 8633 8696 9785 9786 9810 9831
5842 3478
5843 2256 3756 3965 6616 8912 9695
5844 791 818 2887 5361 5829 8671 8895
5845 665
5846 7129
5847 399 3490 4193 4992 8163
5848 7816 9163 9375
5849 4402
5850 2756
5851 3030 3333 5080
5852 4534
5853 97 7497 8595
5854 3094 3605 9756
5855 1830 5963
5856 3745 8038
5857 3680 5920 8614
5858 30 241 344 654 1012 1097 1756 1884 2697 2699 2806 4896 6386 6974 8315 8400 8911 9165 9213 9478 9754
5859 776 1354 3234 3732 3822 4553 6258 6513 7125 7692 7777 7999 9437
5860 5158
5861 520 4547
5862 6612 8685
5863 823 1776 1778 3795 3811 3823 4544 5008 5116 5117 6514 6518 6912 7061 7918 9548
5864 1778 1781 2768 2772 2900 3675 3750 3823 4266 4632 7076 8536 8859 9076
5865 2527
5866 1357
5867 7912
5868 779 1050 2313 2771 4544 5173 7138 8224
5869 7914 7920 8530
5870 511 4634 7886 8363
5871 3738 4338 5095 8065
5872 6480 8364
5873 249
5874 6552 8634
5875 449 1936 9101
5876 4209 4436 4859 5555 6324 6552 6990 8089 8634 9327 9776 9785 9810
5877 3660 5259 8793
5878 818 2991 3337 3562 4818 5361 7129
5879 665 2756 7287 7715 8738
5880 474 4397
5881 7816 9375
5882 4402 7177
5883 2756 4713
5884 2195 3878 9214
5885 2271
5886 5443
5887 1111 7795 8520
5888 335 9041
5889 6837 9532
5890 3330
5891 2117 7351
5892 90 1706 2518 3872 6694 9212
5893 287 1044 1246 1281 1335 1467 2615 2879 3621 4144 4209 4753 4939 7031 7250 7733 8873
5894 3814 9763
5895 1205 2295 2343 2640 2721 3000 3983 4233 4768 5025 5736 8333 9249 9309 9414
5896 664 2320 4045 6014
5897 7613
5898 8750
5899 1407 2249 3747 5380 5381
5900 2854
5901 3672 4376 8051
5902 4106
5903 2148 4517
5904 8953 9578
5905 55 6018
5906 341 1243 1695 2243 2537 2626 2818 2929 3176 4011 4363 4384 4547 5051 5066 5226 5781 6222 6366 6680 7128 9114 9320 9593
5907 7967
5908 5762
5909 572 1503 2109 2419 6967 9351 9501
5910 976 1237 1686 3026 3884 5217 5350 5563 5831 6780 8423 9314
5911 769 1791 2769 4153 4714 7913
5912 2166 7407
5913 2272 5365 5396 6491
5914 2284 7615 7638 8276
5915 4633 6651 6888 7632
5916 8173
5917 42 99 1154 1236 1573 1839 2400 2543 3021 3494 4383 4437 4742 5027 5311 5772 5797 6667 6996 7273 7563 8142 8144 8193 9091
5918 9669 9778
5919 808 2512 4869 8416 9241
5920 3680 3727 4441 5857 6290 6293
5921 8653
5922 1977 4405 5195
5923 9254
5924 1902 2458 2645 3242 4020 5062 6880
5925 273 384 1027 1133 1364 1591 1850 1926 2181 2695 2712 3022 3524 3782 3871 3970 3992 4186 4623 4736 4999 5058 5264 5559 5802 6485 6645 6703 7024 7393 7412 8476 8592 8885 9076 9320 9477
5926 3499 4521 6561
5927 355 3714 4261 4773 5324 6357 6895 7247 9125
5928 5929
5929 5928
5930 1346 8577
5931 1170 3992 4211 4214 4752 6324 6552 9785
5932 4064
5933 7151 7843
5934 867 4659 7151
5935 1673 2191 4389 5001 7212 7248 7777 9537
5936 6948 9847
5937 2161 2478 6293
5938 824 7606 8517
5939 5385 9005
5940 299 9762
5941 3741 6198 6283 7536
5942 8548
5943 6185
5944 3269
5945 442 473 2567
5946 1012
5947 8029
5948 5379
5949 387 3788 9498
5950 3861 8511
5951 1487
5952 7524
5953 4206 5012 9627
5954 1093 7155 8730 9400
5955 7090
5956 952
5957 162 1473 2130 2781 3775 4025 4206 4754 5417 5609 5760 6786 6895 7106 7139 9377
5958 3267 4385 6251 8615 9017
5959 20 5372 9036
5960 2579 7609
5961 4386 4518 5145 7530
5962 2603 3290 3681 6198
5963 392 1830 5855 6187 9566
5964 986 2638
5965 18 3694 4752 5630 9016
5966 3973 4349 5144
5967 2766 3653 4376
5968 1966
5969 3720 3723 4388 5630 5978 8059 8847
5970 3190 5613 6338
5971 1429 4072 4249 6884 8551
5972 3437 3747 4554 5779
5973 3190
5974 18 6333
5975 314 4234 4554 6431 8549 8942 8943
5976 1381 3442 4321 5612 6209 6335 7656 8724 9573
5977 3261 4440 8963
5978 3227 3643 5630 5969
5979 3632 3701 3855 5649 8829
5980 3655 4250 6449 7670
5981 2606 4069 4556 6230 6323 8505 8612 8616 8948 9035 9647 9648 9662
5982 5426
5983 300 7668 8650
5984 222 3306 3537 3654 3722 4088 5678 7660 8551
5985 4203
5986 1799 2444 3855 5583 5649 6495 8622 8669 9570
5987 843 3586 5992 6585 9680
5988 2192 4086 7544
5989 291 3449
5990 99 224 1461 1497 2010 3891 4746 4754 6312 6381 6559 7926 8046 8151
5991 5607 6260
5992 843 5987 6585
5993 7048
5994 5684 6692
5995 3835 6890 7524 8254
5996 53 72 224 280 726 1199 1531 1564 1910 2167 2237 2291 2292 2739 2781 3954 3999 4799 4853 4955 4975 5406 5407 5645 6534 7012 7445 9159 9259 9303 9472 9679 9825
5997 7234 7585
5998 545 1154 1416 2348 3752 3753 4849 5187 5760 7168 7579 8910
5999 2203 5751 6801
6000 1986 3358 3481 4741 5439 5621 6597 9492 9666
6001 495 735 2209 3207 3279 3708 4137 7104 8456
6002 287 785 846 2352 2713 3199 3824 5606 5748 7649 8693 8782 9184
6003 1453 9235
6004 331 7107
6005 827 2125 3345 3584 4203 4246 6108 6187 8166 9276
6006 8181
6007 599 648 1560 3008 3013 6661 8093 8877 9198 9200
6008 2601 5570
6009 2293 3101
6010 1279 2707 5198
6011 9710
6012 5095 8866 9558
6013 3664 8771
6014 664 2320 4045 5896
6015 1239
6016 1301 2960 5119
6017 229 627 1460 1848 2812 2875 3661 5506 7220 8121 8553 8833 9213 9517
6018 55 1587 5905 6282
6019 5014 5217 6155 8870
6020 8127 8375 8911
6021 8809
6022 4172 5214 6051
6023 3518 8127
6024 684 711 1362 5151 6163 6165 7151 7721 8106 8109 8411 9097
6025 8127
6026 163
6027 350 1368 1393 3622 8566 9573
6028 680 950 1274 2093 2382 7022
6029 369 6341 6880 7536 7668 7672
6030 1978 2859 7739 9793
6031 4886 6032 6851
6032 4886 6031 6851
6033 6081 6703 6986 7035 8292
6034 4551
6035 4404 4824 8171 9088
6036 1738 5329 7163 8473 9259
6037 2374 3105 3965 6839 6988 8343 9127
6038 2 9358
6039 144 1692 2252 3772 5584 6040 6043 6044 8627
6040 1692 2252 3772 6039 6044
6041 7100
6042 1281 2220
6043 144 1185 1692 3070 5584 6039 8627
6044 1692 2252 3772 6039 6040
6045 781 6721
6046 1131 1341
6047 1968 2757
6048 2338 2431 3110 9451
6049 1927 2992 4002 7136 7462 8435 9324
6050 4544 6518
6051 1364 4033 6022 7205
6052 5806
6053 3937 5268 7879
6054 8899
6055 1713 7165
6056 5696 6384 8669
6057 6217
6058 9768
6059 7719
6060 5709
6061 3066 4798 6460
6062 2129 3965
6063 3700
6064 3328 3333 3608 4747 5429 5571 8116
6065 3955
6066 4788 5727 6404 8388 8768
6067 1655 2301 2847 3341 6673 8878
6068 508
6069 829 1514 5556 7570
6070 108 224 4271 5407
6071 2611 3708 9076
6072 382 620 997 2028 2443 2913 3035 3065 4105 4266 4427 4686 4715 4983 5579 5739 7436 7842 7938 7989 9076
6073 4985 7989
6074 5712 7768 7816
6075 522 1349 1549 1941 2484 4011 5739 6183 7889 8058 8456 9380
6076 2626 9531
6077 3859
6078 1244 5710 6795 7161
6079 1171 5015 6938
6080 2788 6561
6081 6033 6703 7035
6082 615 1056 1180 1252 2835 3419 5491 5495 7587 7628 7702 8129
6083 197 456 751 3591 4742 4806 5075 5604 9076 9333 9610 9781
6084 99 360 1982 3022 5550 8885 8959 9151
6085 7496
6086 1187 7494
6087 674 1753 2756 4182 4713 5219 5841 7098 8247 8719 8720 8722 8951
6088 2261 2853 9328
6089 1965 2038
6090 8173
6091 5501
6092 2088 3889
6093 8969
6094 5601 6095 8282
6095 918 1037 1433 2344 3150 4169 4274 4643 5601 6094 6841 7703
6096 7490
6097 583
6098 901 908 1733 8170 8841 9230
6099 3783 9120
6100 253 1181 2491 4148 4400 5149 7613 9201
6101 192 7312
6102 33 545 2460 4713 4905 5502 6112 6367 6368 6372 6462 7022 7309 8122 8311
6103 233 1483 1914 5149 5249 5308 5516 6211 6482 6738 8553 9247
6104 5290 6731 7843
6105 1749 5079
6106 63 744 862 899 939 949 1542 1676 2296 2362 2660 2777 3445 3554 3615 3789 4668 5310 5325 5403 5483 5735 6583 6787 6872 6985 7111 7362 7450 7699 7950
6107 1435 4274 4685 7823
6108 610 1796 2821 2892 3462 3584 4203 4246 5802 6005 7150 7973 9276
6109 5300 7493
6110 1662 2506 3840 4664 8415
6111 1465 9407
6112 33 1878 3661 5502 6102 6368 6372 7309 8610 9517
6113 4526 5210 6935
6114 362 667 1566 2686 2734 3616 3646 4305 4610
6115 3035
6116 4954
6117 1416 1750
6118 1504 3607 4004 4888 4889 8933
6119 5346 6259 6714 7378 8885
6120 50 1416 1750 4748 4815 5437 5601 6313 8081
6121 4641 5134
6122 1935 5447
6123 2024 7611
6124 2072 4186
6125 1414 2341 9597
6126 6960
6127 2765 3488 4470 6178 6266 6361
6128 4341
6129 4126
6130 3852
6131 458 761 5477
6132 3422
6133 1712 5266 6756 6759 7488
6134 208 2239 7278 8390
6135 2317 5195 5570
6136 28 451 584 1756 1779 2722 3022 3095 3347 3356 3913 4106 4335 4414 4476 5048 5367 5497 6365 6832 6859 7038 7589 8382 8838 9298 9409 9488
6137 2781 4687 6586 6925 9151
6138 599 9198
6139 499 2252 2554 8544 9754
6140 309 1671 5103 7128 7260
6141 389 1939 2292 2432 3593 4417 4444 6940
6142 2792 3018 6463 6845 6922 7846
6143 9864
6144 509 3293 6145 6607 6781 7589 7895 9391
6145 509 3266 4637 6144 6607 6781 7895 9391
6146 1949 6342 6464
6147 8486 9787
6148 417 699 942 1037 1150 1457 1753 2550 3221 3866 4092 4681 6182 6506 6955 7448 7449 7669 8272 8533 8869 9511 9703
6149 222 970 3090 4491 4956 7348 7687 9339
6150 642 739 1206 1326 2922 2952 4690 6151 6179 6952 8525
6151 1556 4980 6150 7014 9174
6152 4636 5032 6178 9573
6153 1362 4741
6154 4124 6546
6155 433 2263 2532 3400 3963 4039 4676 5014 5574 6019 6510 6582 7070 8359 8472 8809 8870 9236
6156 628 2791 3016 6636 7247 7876 9331 9332
6157 2840 5538 6351 6406
6158 3381
6159 994 2680 6273 7094 8992
6160 151 5243 5463 6273 7376 8249 8815 9217 9625
6161 2943 7377
6162 1732 4426 5195 8921
6163 602 665 871 918 969 976 1629 1846 2037 2858 2967 3022 3291 3356 3600 3886 4659 4920 5425 6024 6217 6293 6646 6883 6927 6947 6971 7151 7457 7721 7751 7794 7946 8106 8188 8411 8752 8917 9097 9102 9134 9298 9488
6164 5642 6496
6165 6024 9097
6166 3281
6167 1218 4594 6516 7057 8191 9302
6168 4484
6169 4287 5018 6170 8626 9051
6170 4287 6169
6171 3907 6777 9709 9844
6172 3817
6173 833
6174 8371 8824
6175 1977 5195
6176 3024
6177 529 882 8575 9444
6178 1467 2472 2765 4096 4211 4636 4710 5342 5414 5479 6127 6152 6361 6661 8309 8331 8430 8753 9573
6179 62 245 739 1206 1326 2186 2366 2952 3122 3358 3484 4690 5008 5281 5584 6150 6912 7144 7576 8404 8525 8937 9409 9411
6180 807 1559 4871
6181 2598 4055 7551
6182 104 2588 3722 4088 4255 6148
6183 1941 2894 4820 4989 6075 7889 7953 8058
6184 6866 7146 7432
6185 113 1753 2245 2681 3406 3745 5107 5802 5943 7536 9173 9417 9834
6186 1351
6187 104 222 230 297 795 3469 3542 4088 4255 4256 4291 5141 5317 5963 6005 6363 8508 8571 8640 8943 9144 9191
6188 8657
6189 9021 9286
6190 2703 4139 5742 6776 7077 7948
6191 8113
6192 913 4407 8060 8605
6193 2052 8346 9497
6194 9014
6195 264 1214 3700 3922
6196 318 2184 2874 3066 3942 6474 9140 9829
6197 5498
6198 2603 3403 3681 3746 4224 5941 5962 6323 6324 7536 8958
6199 2099 2609 4360
6200 2114
6201 7591
6202 296 8791 9677
6203 5284 8113
6204 191
6205 602 1711
6206 1684
6207 476 9119 9289
6208 8726 9599
6209 4321 5976 8724
6210 1483 1710 3341 4780 5216 7628
6211 1177 4274 5149 6103 8498 8553
6212 537 5122
6213 3609
6214 66 794 2792
6215 6932
6216 5378 5655 6332 9582
6217 1037 1150 1722 2161 2182 2703 2883 3940 4073 4075 4095 4525 4575 4871 5601 6057 6163 6273 6284 6293 6309 6429 7025 7469 8503 8815 9579 9764
6218 7169
6219 5210
6220 92 1133 2537 3020 5137 7024 7076 8189 9781
6221 5501
6222 341 538 3176 4011 5906 6352 8224 9380
6223 1115 8075 9838
6224 3047 4902
6225 2078
6226 3774 3881
6227 3817
6228 1329
6229 1120 7302
6230 415 4069 5981 6288 8616
6231 1396 1418
6232 544 7567
6233 32 713 6982
6234 5034 7442
6235 7863
6236 1242 1990 5519
6237 3019
6238 3019
6239 7772
6240 2503 6600 6973
6241 5045
6242 3209
6243 1431 3807 3929 6540 9310 9703
6244 4453
6245 224 1727 5034 7350 7442 8307 8671 8839
6246 1526 4996
6247 7188
6248 169 3882 4079 4598 4899
6249 2743
6250 3201 4219
6251 3410 5958 8505 8615
6252 2756
6253 2756
6254 1617 7565 8496
6255 891 1278 9170
6256 684 2788 3066
6257 4517
6258 1099 3732 3844 4327 5578 5859 7777
6259 565 1246 1610 5416 6119 7378
6260 145 150 184 239 261 725 757 1797 2122 2457 2479 2513 2780 2811 2889 3087 3604 3634 3864 5151 5420 5607 5615 5760 5991 6381 6554 7723 7742 7837 7872 8123 8890 8910 9874
6261 3135 3603 5306 5364 9053
6262 516 4740 6554 6599 8318 8815 8860 9258
6263 93 1285 1558 2858 4128 4647 6916 7210 7338 8085 9078
6264 3957 6626
6265 1897 2271
6266 3488 6127
6267 8156
6268 1418 3320 4754 9601
6269 307 2238 3560 7737 7848 7902
6270 6546
6271 287 444 757 871 1541 2258 2987 3185 3237 4235 4439 6746 6832 7038 9106 9411
6272 5166
6273 343 2655 2680 6159 6160 6217 6293 6309 6429 6856 6998 7025 7094 7203 7376 7401 7469 7489 8249 8815 9217
6274 650 6636
6275 358 8696
6276 833 2229 2690 3030 3333 5080 5571 7434 7832 8898 9248
6277 1037 6293
6278 3631 7667 8065 8866
6279 3727 5096 8548
6280 3337
6281 2035 5026
6282 490 1024 1983 2141 2147 2523 2630 4753 5296 6018 6953 7618 8413
6283 3281 3741 5941 7536 7537 8853 9558
6284 4224 6217 8860
6285 6335
6286 8508 9684
6287 7671
6288 415 2588 3224 3681 3855 4387 4516 5381 5777 6230 6992 7018 8055 9785
6289 657 997 2913 7436 9062
6290 3680 5920
6291 1104 9764
6292 7361
6293 287 1037 1105 1108 1150 1722 2161 2280 2478 2703 2717 2756 2817 2883 2954 3597 3630 3680 3776 3940 4000 4095 4240 4713 4810 4871 4992 5601 5920 5937 6163 6217 6273 6277 6309 6429 6681 6778 7025 7192 7361 7469 7974 8033 8503 8815 8964 9478 9579 9656 9764
6294 5520
6295 7473
6296 2810 5134 6695 6762
6297 9551
6298 2566 5071
6299 232 993 5047
6300 1426 2574 5654 6345 9009
6301 2244 2600 2648 3151 3713 3757 3797 7007 8824 9862
6302 1897 2237 3115
6303 863 2870 5478 7965
6304 6433
6305 3536 4858 9617
6306 8603
6307 4519 7530 9613
6308 310 3680 7666
6309 3949 4069 4575 6217 6273 6293 8503 9579
6310 2576 4516 4597 8160 9356
6311 99 3499 4209 4215 4218 6313 6555 6561 9628 9654
6312 99 1781 2122 3614 4327 5578 5990 6555 8151 8679
6313 1750 4218 4748 6120 6311 9654
6314 1461 1499 3162 3743 4195 4213 4215 4219 4760 6475 6555 6557 6559 7252 7475
6315 7533
6316 2582 4535
6317 912
6318 4901 8235 9473
6319 4243
6320 3282 5376 7542 8620
6321 2604 3071 4430
6322 3310 3430 6355 8548 9614
6323 3403 3740 4253 5981 6198 6324 8548 9648 9662
6324 218 478 602 620 732 737 1170 2573 2606 3191 3403 3673 3742 4253 4352 4556 4686 4746 4752 5009 5642 5656 5876 5931 6198 6323 6734 6793 7422 7534 8041 8548 8850 8885 9531 9596 9810
6325 5197 7288
6326 2185 3855 3950 3952 3996 4554 5649 7673 8549
6327 5690 9599
6328 4086 4321
6329 1831
6330 428 3736 4088
6331 3688 9264
6332 5378 5655 6216 9582
6333 1111 5974 7369
6334 5601
6335 312 1381 3442 5976 6285 9573
6336 4071
6337 1799 2444 3283 4234 4340 4554 4743 5635 8549 8601 8765 8942 9008 9332 9397 9570
6338 5613 5970
6339 1266 3258 4426 4662
6340 1379 5609 8621
6341 3723 5630 6029 6396 7668
6342 1949 2578 6146 6464 7819 7822 9572 9798
6343 370 728 1061 4579 6397 8508 8726 9651
6344 3225 8654
6345 1426 2574 5654 6300
6346 4269 8696
6347 7770 8704
6348 9246
6349 300 2920 3228 4202 7668 9285
6350 851 6383 6515
6351 2840 5538 6157
6352 3176 6222 8224
6353 4052 5776 8550
6354 2072 9165
6355 2576 2606 3156 3310 3535 3636 3722 4098 5381 6322 7672 8505 8548 9614
6356 9213
6357 3473 5324 5927 7247
6358 354 1603 8915 9721
6359 6709
6360 234 2833
6361 4096 5479 6127 6178 9573
6362 752 1814 2256 2789 2984
6363 222 230 244 885 1753 2195 2313 2984 3345 3834 4291 4466 4491 5141 6187 8224 9731
6364 100 1316
6365 212 2360 2543 3874 4303 6136 7038 7683 7850 8983 9040
6366 1126 1200 2167 2279 2291 2626 3970 3999 4341 4781 5088 5906 6933 7402 8358 9649
6367 33 1878 6102 6372
6368 6102 6112 6372
6369 1014 1277 3341 5778 6813 7159 7846 8311
6370 1553
6371 1694
6372 33 544 1878 2460 4713 5502 6102 6112 6367 6368 7309 8610
6373 3603
6374 693 1517 5244
6375 2677 4263
6376 834
6377 508 1328 3028 3375 5732 7321 7614 9475
6378 7777
6379 246 621 720 916 1016 1861 2193 3205 4119 4159 4744 5058 6489 7698 8138 8239 8691 9505
6380 43 322 522 846 1238 2376 3241 4585 4999 5299 5322 7106 8342 8476
6381 239 3140 5990 6260 7742 8571
6382 2744 4152 4826 5277 5624 5784 7336 9848
6383 937 6350
6384 5696 6056
6385 188 7767 9195
6386 836 1266 2297 2697 3127 5296 5858 8110 9213
6387 2390 2895 3984 7321
6388 3974 7551
6389 1876 8964
6390 2982 5358
6391 8674 8702
6392 5690 9599
6393 3629 5373 8611
6394 656 1891 2413 5117 5224 5228 6568 6779 7185
6395 6951 8636
6396 3723 4351 5630 6341 8115
6397 94 444 639 640 751 871 1325 1695 1903 1930 2028 2053 2518 2882 3035 3065 3269 3512 3524 4069 4757 5151 5792 6343 6463 6555 7062 7294 7660 8012 8188 8291 8662 8733 9076 9641
6398 1412 2857
6399 1396 3747
6400 2588 2597 3747 4407 8647
6401 5651 9613 9769
6402 228 3073 8248
6403 3549 6530
6404 490 1643 2323 2442 2753 3706 4788 5112 5435 6066 6631 7146 7444 7494 7683 7775 7914 8314 8359 8365 8461 8768 8957 9447 9478 9500
6405 4588
6406 5538 6157 7306
6407 305 1193 5594 6549 6906 6969 8832
6408 1076 1207 7397 8642 9203
6409 4931 9460
6410 3628 3948 5352 9559
6411 9746
6412 1561 1563 3008 4529 5760 6517 7907
6413 3354 7626 7835
6414 2196 2913 5277 7436 9475
6415 4022 4593
6416 4057 6733 8263 9028
6417 4974
6418 609 624 9686
6419 4934 5507 5762 6425
6420 736 1495 1875 5428 5522 6636
6421 7768
6422 3008 7907
6423 194 210 732 910 1071 2878 3592 3811 3966 4064 4186 4896 5000 5003 5469 6530 6645 6971 7327 7367 8868
6424 612 3064 4307 4622
6425 47 512 622 1073 1266 1658 2518 2786 3181 3356 3754 3775 3934 4137 4876 4934 5358 5507 5762 6419 6485 7269 7457 7586 8694 9164
6426 1546 1984 2204 2518 4697 5423 6737 8079
6427 1753 8881 9173
6428 5706
6429 1037 5601 6217 6273 6293
6430 75 7563
6431 314 3099 5975 8943
6432 3419
6433 1807 4449 6304 8075 8668 8834 9776
6434 1696 4021
6435 2741
6436 5455 6665 8491 9144
6437 43 726 1020 1209 1882 1952 2434 2457 2966 3091 3579 3804 4078 5792 7024 7318 8185
6438 3218
6439 9071
6440 226 4981
6441 4812
6442 461 6708 8400
6443 3273 3820
6444 9462
6445 9462
6446 3777 4664 8355
6447 572
6448 4879 4953 7486
6449 3655 4250 5980 7670
6450 3272 5651 9613
6451 259 857 4415 5048
6452 2018
6453 1583 1885 2486 2487 2602 2774 3714 5002 5087 5324 5782 8266 8745 8755 9154
6454 3387 3790 4266 5692 9492
6455 5289 7193
6456 287
6457 474
6458 1001 1097 1107 1108 1234 1722 1999 2012 2311 2468 2966 3108 3424 3585 3757 4176 4589 4636 4884 5008 5029 5032 5048 6521 6555 6912 7171 7491 7889 8400 8404 8753 8983 9297
6459 2097 3080 5225 7332
6460 3066 4798 6061
6461 7299
6462 545 547 889 2479 4493 4505 4780 5832 6102 7299 8311 9169
6463 94 179 639 640 685 871 1014 1023 1695 2762 3065 3207 3268 3512 3739 3938 4277 4709 4949 5151 5174 5237 5792 6142 6397 6521 6597 6861 7466 7537 7999 8301 8733 9297 9603 9641 9670
6464 6146 6342
6465 4092 8499
6466 8044
6467 938 2309 3930 4151 4603 6470 8494 9725
6468 182 5416
6469 493
6470 6467 9725
6471 711 1540 1630 2410 2882 2902 4054 5453 6937 7424 7938 8419
6472 1228 2369 5700
6473 191 7182
6474 318 2184 2874 3066 3942 6196 9140 9829
6475 1477 5210 6314 7117 7587 7742 8932 9718
6476 5244 6550 8594
6477 2990
6478 1617 1688 1691 5616 7380 7469 8234 9282
6479 2618
6480 1476 5872 7969 8361 8364
6481 99
6482 5308 5516 6103
6483 1324 1516 1814 2778 2779 5021 5729 6801 8905
6484 1298
6485 1266 2518 2554 2601 2862 3303 3595 3871 4215 4736 4997 5925 6425
6486 1133 3022 3975 4310 7024 9743
6487 3954 4975
6488 2663 8513
6489 246 621 720 916 1016 1861 2193 3205 4119 4159 4744 5058 6379 7698 8138 8239 8691 9505
6490 448 1465 4752
6491 989 2268 2272 5913 8032
6492 6733 8263
6493 2712 4214 9297
6494 2955 7723 8123
6495 3486 4152 4170 4731 4742 5277 5624 5784 5986 6685 8669
6496 2666 5642 6164
6497 5117
6498 2376 3592 7098
6499 4037 5005
6500 1405
6501 2491
6502 167 4790 4791 8269
6503 3828 3843 6544 8439
6504 476 498 509 2097 2323 2466 3531 3533 4048 4411 5681 7776 8598 8880 9289
6505 800
6506 3657 4360 5488 5589 6148 6955
6507 165 3001 3964 5082 7342 8338 9182 9556
6508 1263
6509 633 8887
6510 6155 9236
6511 534 1229 2496 2510 5700 7016 7865
6512 189 1814 3361 6572 6847 7226 7397 9203
6513 5859 7692 9437
6514 732 910 1775 2248 2472 2772 3823 4024 5117 5416 5671 5863 6692 7367 7422 7704 7919 7946 9489
6515 676 1100 2255 2755 6350
6516 6167
6517 2709 3008 3793 6412 7907 8251 8571 9390 9804
6518 4544 5634 5863 6050
6519 511 770 1394 2095 2251 2663 2769 3109 4015 4153 4545 4734 4893 5085 5682 6543 7078 7121 7139 7547 8362 8513 8528
6520 361 4214 7201 8393 8753
6521 751 1999 3866 6458 6463 6555 7500 9076 9297
6522 4175
6523 3774 3881
6524 349 8266
6525 888 3341 5822
6526 806 1283 1735 5106
6527 1273 4979 7312 8553
6528 330 1087 3195 4276
6529 4268 4540 6586 6925
6530 732 846 1645 2376 2712 2786 2964 2977 3129 3549 3592 3696 3761 3772 3966 4642 6403 6423 6910 7367 7466 7704 8342 8404 8541 8741 8859 8885 8934
6531 955 3956 6853 7730 9336
6532 1736 5074 7208
6533 1102 7179
6534 1448 1910 2167 2739 4111 4337 5131 5407 5996 6541
6535 813 1199 5407 6764 6814 7706
6536 4341 5826 6819 7391 7618
6537 9416
6538 992 2344 4643 7703 8158
6539 6632 6719 8215
6540 3061 3807 6243 6616 6839 7709 9310 9359 9703
6541 1910 2739 4337 5407 6534
6542 6604
6543 2124 2815 3711 3735 4153 5085 6519 7392
6544 508 1733 3375 6503
6545 539 1195 7091
6546 564 1075 1285 2190 2554 2613 3750 5336 6154 6270 6834 6916 8350
6547 9235
6548 739 8274 9451
6549 1017 2882 3886 6407 6906 7298 7593 8832 8917
6550 1705 3056 4572 5244 5546 5708 5808 6476 7222 7266 7455 8594 9746 9861
6551 871 3185 3561 3837 3841 3943 4209 4211 4345 4746 4747 4753 4759 6552 8151 9596 9640 9652 9656
6552 1170 3157 3837 3943 4195 4209 4211 4436 4747 4752 4759 4859 5555 5603 5841 5874 5876 5931 6551 7665 8089 8259 8634 9640 9652 9653 9776 9785 9831
6553 4218 4219 6561
6554 2896 4542 5578 6260 6262 6912 7300 7502 7721 7837 8890 9043
6555 78 478 1461 1513 1729 1781 1930 2712 2795 3470 3614 3848 3918 4195 4214 4218 4240 4754 4757 4759 4884 6311 6312 6314 6397 6458 6521 6914 7036 7171 7201 7814 7844 8259 8294 8662 8679 9050 9134 9636
6556 2692 8444
6557 3453 4209 4218 4219 6314 6561 9627 9655
6558 7252 8258
6559 101 481 1497 1499 3481 3506 4747 4754 5603 5620 5990 6314 8046
6560 1400 1462 3497 4760 7252 8258
6561 1347 3453 3499 4206 4212 4215 4218 4219 4521 4746 4752 4753 5926 6080 6311 6553 6557 7406 8046 8476 9654 9655 9656
6562 952 4990 6654 7133
6563 4139 4741
6564 1209 1882
6565 2328 4283
6566 3883 9467
6567 1143 2303 2728 9540 9758
6568 6394
6569 2016 7515 9557
6570 5619 9142
6571 4175
6572 189 3361 6512 6847 7226
6573 7397
6574 1083 2013 2112 5314 8315 8390
6575 3774
6576 275 325 1778 9240 9264
6577 287 444 2258 2352 2824 4061 4111 6832 8693 9700
6578 4401 9266
6579 323 327 2308 2763 4085
6580 432 1616 2858 4847 8159 9424 9571 9703
6581 4130
6582 1159 6155
6583 63 744 862 899 939 949 1542 1676 2296 2362 2660 2777 3445 3554 3615 3789 4668 5310 5325 5403 5483 5735 6106 6787 6872 6985 7111 7362 7450 7699 7950
6584 1887 9298
6585 5987 5992
6586 4540 6137 6529 6925
6587 4400 7730 8179
6588 1610 7071
6589 3377 4697 8672 8673
6590 844 2973 4738 4753 4889 5297 7286 8269 9243
6591 674 716 1108 1131 1443 2002 2996 3757 4023 4494 6794 6921 7276 7376 8318 8815 8863 8951
6592 995 1334 9114 9862
6593 7928
6594 4302 6595
6595 4302 6594
6596 743 1883 2334 2710 3165 3172 3977 4808 5796 7928
6597 539 871 2824 3481 4266 5621 6000 6463 6742 7346 8188
6598 1434 8936
6599 516 756 3732 4740 5363 6262 6877 8318 8860 9258
6600 2503 6240 6973
6601 4811 6661 8309
6602 8 2592
6603 2291
6604 6542
6605 940 6740 6890 8574
6606 5158 5517 7645
6607 509 6144 6145 6781 7895 9391
6608 3669 8251
6609 1045 1145 6810 8696
6610 429 3340
6611 7363
6612 1359 5862 8685
6613 1369 9188
6614 2771
6615 239 943 2855 5427 7197 8562 9054
6616 293 625 2171 3061 3965 5038 5524 5843 6540 6827 8908 8948 9359
6617 4327 7310
6618 147 256 2267 2901 6684
6619 3359 3913
6620 146 663 908 909 1699 2600 2658 6739
6621 131 2355 5045 6790 9093
6622 3339
6623 840 2850 4188 5661 6719 7325 7373
6624 4439 7239 9870
6625 209 4439 4955
6626 6264
6627 8374
6628 8171
6629 1301 8665
6630 94 4636 6875 7201 8398 8753 9603
6631 2463 2523 4918 5644 6404 8359 8827 9478
6632 6539 6719 7041 8215
6633 249 273 1607 3146 4298 4622 5817 9865
6634 1798
6635 627 2413 5069 6776 7113 7858
6636 99 650 736 1446 1495 1875 2370 2791 3016 5428 5522 6156 6274 6420 6739 7134 7225 7267 7876 9331 9332 9811 9855
6637 5780
6638 3938 9188
6639 9264
6640 242 3777
6641 1644 8326
6642 1311 2548 2551 7847 9293
6643 5490 8174
6644 9213
6645 1027 1109 1186 3065 3871 3966 4266 4759 4896 4999 5151 5264 5547 5925 6423 6880 6971 7393 8476 8539 8785 9076
6646 871 910 3823 6163 8188
6647 3488 3886 5077 6859 7847 7946 7949 9106 9298 9411 9488 9713
6648 4777
6649 5518
6650 5265
6651 4633 5915 6888 7632
6652 1285 2160 2824 3534 4585 7038 8106
6653 1359
6654 952 2329 4990 6562 8396
6655 528
6656 2260 7974
6657 1176 1207 1229 1250 1283 1314 1330 3264 7397 9203
6658 1517 2888
6659 353
6660 331
6661 598 4811 4933 5181 5570 6007 6178 6601 8309 8947
6662 445 954 2828 4062 4274
6663 4004 9779
6664 431 2615 2892 6698
6665 5455 6436
6666 1969 3380
6667 2703 3022 3058 4278 4311 5917 6710 6971 7160 7612 7946 8548 8635 9724
6668 3543 8020 9682
6669 4923 9780
6670 7096 9545
6671 7432 8806 8913
6672 7842
6673 1704 2847 3341 6067 6692 7974
6674 1555 6886
6675 591 850 4259
6676 8314 9513
6677 2462
6678 1557 8959
6679 5250 5739 7676
6680 1044 5906 9870
6681 732 2026 2435 3013 5563 6293 7948 8404 8885
6682 1948 2816 3181
6683 2500 2847 3341
6684 147 256 541 1178 3085 6618
6685 423 1118 3772 6495 7058 9736
6686 741 1707 1806 1961 2078 2962 4667 5618 6724 7427
6687 741 1961 2078 3913 7427 7910 8904
6688 900 1328 2776 8307 8671
6689 4830 7874 8734
6690 1209 7076 8185
6691 1247 5697 9239
6692 182 714 1704 2195 2680 5416 5684 5731 5994 6514 6673 6835 6905 9763
6693 386 1247 2860 3456 5698 9239
6694 90 1706 1907 2204 2518 5323 5892 7894
6695 2810 6296 8142 8892
6696 212 4611
6697 1098
6698 431 2462 2892 3391 4447 5727 6664 8237 8369
6699 217 1775 2080
6700 551 5488 5589
6701 2870 6713 6769 7055
6702 417 2432
6703 1552 3035 3091 3130 4876 5925 6033 6081 7035 8592 9043
6704 395
6705 978
6706 1802 1804 9192
6707 7857
6708 461 6442 8400
6709 1775 2079 6359
6710 6667 7040 7272 7612 9724
6711 1298
6712 443 5343
6713 6701 7055
6714 566 1026 1364 1546 1645 2236 2611 2786 2864 2977 3396 3988 4425 4898 6119 6834 6912 6935 7149 7431 7844 8713 8789 9876
6715 185 1053 2829 3234 3880 4607 8578 9300 9462 9783
6716 1108 2018 2491 2817 4509 5053 5636 8822
6717 2170 4880 8183
6718 3678
6719 535 840 2850 3120 3664 4188 4910 6539 6623 6632 6980 7325 8215
6720 757 806 1320 1859 2512 2513 2808 4807 5266 6971 7467 7866 8838 8905 8917 9148 9724
6721 781 3354 3807 6045
6722 1799 3494 3639 4265 7267 7825 8975
6723 4912
6724 94 1707 5618 6686 8301 9603
6725 9820
6726 9243
6727 9193
6728 1302
6729 535 7513
6730 1292 3153 3297 8773
6731 1270 2665 5290 6104 6829 7257 7843 9069
6732 9825
6733 285 4057 4217 5396 6416 6492 6850 7964 8263 8379 9028 9124 9127
6734 602 3741 3855 4056 4110 4387 5092 5649 6324 7122 8664 9675 9686
6735 222 782 783 803 1129 3929 4511 5758 6749 7177 8581 8786
6736 3755 7320 9126
6737 6426
6738 361 1483 2123 2553 3468 4278 5219 6103 7443 7816 8173 8188 8262 9247 9724
6739 650 2600 2658 6620 6636 9348 9855
6740 6605 6890
6741 3395 7284
6742 309 798 1650 2238 2808 3871 6597 6927 7467 9700
6743 6807
6744 1080 1605 3538 4304
6745 444 4235 4439 7282
6746 444 1177 2987 4235 4439 6271 6832 7218 7282
6747 1108 1722 2812 2875 4589 7276 8121 8934 9609
6748 2112 3107 3162 9326
6749 783 5758 6735 7177
6750 1764 1909 2103
6751 4558 8002
6752 1037
6753 552 1174 1279 1284 1535 2707 5672 6754
6754 1174 1284 1535 2413 2508 2707 6753 8351 8867
6755 2254 9165 9215
6756 1225 1712 4869 5266 6133 6759 7488 9215
6757 397
6758 1928
6759 1225 1712 4869 5266 6133 6756 7488
6760 2493
6761 923 1371 2300 3496 8941 8952
6762 6296
6763 2464 7353
6764 6535 7706
6765 2462 3248 8717 9494
6766 631 819 1551 3212 7156 7681
6767 1377 7425
6768 977 1108 2703 3648 4220 4689 4895 7101 7306
6769 2870 6701 7055
6770 1907 4486
6771 760 1070 2930 8406
6772 5103 7260
6773 1457 2550 2852 4313 5551 5565 8247
6774 2466 3136
6775 269 7563
6776 321 627 1741 2135 2413 2703 2817 4248 4265 4503 5069 5809 6190 6635 7113 7858 8095 8284 8297 8569 9136 9826
6777 3907 6171 9709 9844
6778 2161 6293
6779 2413 5117 6394
6780 171 172 2049 5831 5910 8757 9003
6781 509 6144 6145 6607 7895 9391
6782 2806
6783 3037 4333 8403
6784 7572
6785 107 655 3222 5456 8628
6786 83 224 478 690 3013 3108 3775 5957 6895 7910
6787 63 744 862 899 939 949 1542 1676 2296 2362 2660 2777 3445 3554 3615 3789 4668 5310 5325 5403 5483 5735 6106 6583 6872 6985 7111 7362 7450 7699 7950
6788 462 2011 2514
6789 9784 9785
6790 2355 2699 6621 9165
6791 2354 4780 7015 7637 8311
6792 5086
6793 620 2024 3245 3781 4686 4840 5244 5299 6324 6996 9468
6794 674 3757 4023 4494 6591
6795 5083 5584 6078
6796 2123 2940 3549 3881 4425 4662 8262 9409
6797 47 1802 9057
6798 1521 3737
6799 3897
6800 456 5344 9781
6801 1814 2203 2778 5751 5999 6483
6802 7870 9425
6803 2788 4661
6804 1617
6805 4384
6806 9359
6807 2521 4468 5045 6743 7416
6808 8392
6809 1106 1792 3013 7271 8744
6810 1045 2433 2825 3696 4531 5217 6609 7814 8696 9711
6811 2327 2530
6812 3044 9316
6813 255 1014 1511 1555 1596 1837 1947 2176 2500 2792 3341 3862 4670 5019 5104 5778 6369 7221 7637 7846 8311 9500
6814 3697 6535
6815 785 976 1630 1903 2518 3065 4158 5425 9333
6816 2017 6867 7256 7459 8682 9348
6817 4121
6818 811 2809 3015
6819 1126 1600 2708 3055 4341 4878 5103 5614 5826 6536 7128 7260 8478 9042 9700
6820 839 888 1037 1150 2268 5037 5220 5516 5815 8547 8701 8844 9096
6821 790
6822 1009 8320 9083
6823 1276 1912 1947 3341 4148 6836 7229 7653 8848
6824 217 2875 8121
6825 1283 2403 2832 3264 9231
6826 9216
6827 293 294 2385 3211 3268 3421 3965 5038 5426 5688 6616 7293 7602 8908 8948
6828 1033 6944
6829 570 5290 6731 7620 7974 8128 8242
6830 667 1690 2686 2734 7100 7915
6831 162 8416
6832 287 444 1907 2160 2987 3207 3506 4107 4235 4439 6136 6271 6577 6746 6859 7038 7842 8693 9298
6833 8198
6834 2864 3459 6546 6714 8476 8789
6835 5684 6692
6836 1276 6823 7653 8848
6837 5889
6838 1046
6839 1148 2374 3105 6037 6540 7709 8343 9127 9310
6840 9761
6841 918 1037 6095
6842 430 3016
6843 2284 9478
6844 409 2226 5181 5314 5483 5570 7301 9199
6845 2792 3018 3739 4661 6142 6922 7109 7846 9766
6846 984 3485 4547 7564 8992 9151
6847 189 3361 6512 6572 7226
6848 7745
6849 3032 4413
6850 4217 5396 6733 8379 8817 9127
6851 4886 6031 6032
6852 2172 2796 4191 4508 5143 7468 9266 9551
6853 3956 6531 7730 9336
6854 1483 3806 7723
6855 7558
6856 1301 2470 2680 5749 6273 6987 7032 7094 8984
6857 471 3808 3876
6858 3313
6859 113 361 1779 1960 2072 3347 3506 4476 5748 6136 6647 6832 7872 7933 7946 8382 9298 9488
6860 2842 3354 5024
6861 331 378 632 2982 3207 4078 4721 5739 5792 6463 7093 7889 7971 9492
6862 1930 5739
6863 521 1108
6864 601 1610 1616 1722 2291 2972 5032 9320
6865 4537 5541 7836 8254
6866 1637 2657 3008 3533 4292 6184 7146 8251 8892 9721
6867 2017 4156 6816 7459 7658 8682 9348
6868 4380 9514
6869 133 346 913 2442 5659 7452 7880 7881 8308 8446
6870 4338
6871 2665 9074 9470
6872 63 744 862 899 939 949 1542 1676 2296 2362 2660 2777 3445 3554 3615 3789 4668 5310 5325 5403 5483 5735 6106 6583 6787 6985 7111 7362 7450 7699 7950 8324
6873 3033 3169 3969 4192 5238 5597 8178 9227
6874 1138 3250
6875 1421 2167 2282 3027 3415 4636 6630 6876 8778 9320
6876 2167 4636 6875
6877 516 4186 6599 8318 8860
6878 8159 8860
6879 1048 4193 4811 6985 8376
6880 56 639 640 735 974 1109 1396 1902 2028 2458 2531 2645 2788 2800 2953 2977 3242 3258 3346 3524 3871 3938 4020 4772 4999 5062 5924 6029 6645 6937 7844 7889 8012 8132 8456 8476 8539 8785 8883 8934 9019 9492 9602
6881 5806 8989 9465
6882 567 3347
6883 2967 5518 6163 6927 8290 8374
6884 115 488 658 936 1429 3063 3660 4072 4249 4371 5971 8551 9196 9446 9710 9856
6885 361 2553 9735
6886 1555 6674
6887 598 2225 2767 3977 4867 5628 8947 9165 9226
6888 4633 5915 6651 7632
6889 1920 8398 9405
6890 158 195 897 940 960 1010 1250 1635 1637 2389 2916 3288 4861 5689 5995 6605 6740 7230 7524 8117 8464 8574 8667 9547 9730
6891 1322 1641
6892 9795
6893 1756 3065 3091 4266 4341 7472
6894 1351 4313 4341 7999
6895 152 355 1473 1719 1763 1887 2432 3108 3714 3775 4025 4773 4799 5604 5753 5927 5957 6786 8209 8997 9125 9697
6896 1977 2044 5195
6897 1950 7275 9048
6898 3091 4983
6899 4114
6900 287 1840 1940 2099 2762 5283 7031 7128
6901 164
6902 4180 7922
6903 934 4421 5034 5328 8243
6904 4283 4366 8322
6905 6692
6906 2685 2882 2942 3979 6407 6549 7568 8014 8832 9715
6907 7787 8742
6908 307 1349 1410 1970 5051 6924 9626
6909 1283 7134
6910 2964 6530 8564
6911 9071
6912 245 566 1031 1661 1672 1722 2072 2786 3065 3552 3913 4189 4190 4712 4884 4924 5008 5009 5117 5302 5686 5863 6179 6458 6554 6714 7062 7357 7431 7502 7664 7799 7875 7948 8404 8766 8885 8890 9145 9327 9409 9548 9791
6913 9548
6914 78 2800 6555 7844
6915 7971
6916 93 1075 1558 2858 3036 5336 6263 6546 7210 7338 8350 9078
6917 3641
6918 921 3074 3763 3917 4741 6947 7163 7324 7651 8344 8625 9086 9223
6919 3151
6920 833 877 7694
6921 1775 3713 4494 6591 7619
6922 788 2558 2746 2792 3018 3038 4470 5795 6142 6845 7005 7846 9433 9533
6923 4636 5032 7838
6924 456 1466 1695 1970 2209 2925 3560 4179 5058 5781 6908 7103 7104 7953 8058 8909 8937
6925 6137 6529 6586
6926 575 1098 5288 7453
6927 279 341 444 1700 1887 2099 2352 2609 2781 2808 2824 2967 4924 5326 6163 6742 6883 7038 7104 7426 8374 8445 9700
6928 1738 5236
6929 545 2359 3341 3842 4780 8311 9210
6930 3291 5149 5216 8552 8553
6931 2712 8859 8885
6932 6215
6933 2291 3472 3999 4341 5668 6366 7339
6934 8976
6935 2462 4425 4466 4526 6113 6714
6936 105 3696
6937 2028 2396 2410 2882 2902 3693 3934 4054 5453 6471 6880 8012 8456
6938 1171 5015 6079
6939 1596 1898 2213 8863
6940 4417 6141
6941 823 5117
6942 268 785 2352 2400 5748 7224 7510 8371
6943 7981
6944 1033 6828
6945 5683
6946 9529
6947 516 1049 1326 3600 5034 5415 6163 6918 8318 9131 9298
6948 5936 9847
6949 1157 2653 7417 7418 8330 9554
6950 608
6951 3879 6395 8636 8861
6952 168 642 1110 1558 1866 2399 2922 4248 4649 4754 4942 5226 6150 8476 8909 9213 9451
6953 1351 1853 1983 2336 3038 4283 6282 7999 8978
6954 1387
6955 3657 4360 6148 6506
6956 1470
6957 5801 8354
6958 2018
6959 1351 3038 4549 7843 7999 8978
6960 2339 3207 3323 6126 8916
6961 4992 6998
6962 1222 5731 7340
6963 4462 7817
6964 5632 7998
6965 1224
6966 1584 3935
6967 572 1503 2109 2419 5909 9351 9501
6968 1734
6969 5594 6407
6970 57 4125 7914
6971 154 263 732 806 1017 1157 1336 1529 1638 1666 1701 1746 1795 1859 1879 1897 2352 2513 2786 2882 3022 3171 3366 3500 3592 3886 3966 4338 4546 4896 5346 6163 6423 6645 6667 6720 7160 7161 7327 7372 7612 7948 8106 8312 8885 8917 9101 9102 9488 9489 9724
6972 167 1314 2968 4791 8269
6973 1148 2503 6240 6600
6974 565 1012 1610 2982 3904 3944 5066 5858 7371 7768 9385
6975 525 3966 4896 7884 8072 9131
6976 3967 4022 4104 8409
6977 7 2854 3770 4407
6978 288 8472
6979 474 2047 5784
6980 840 3120 6719
6981 484 506 1009 1590 5719 9083 9696
6982 32 713 4919 5625 6233 7400 9177
6983 11 5186
6984 806 1283 1735 2017 2403 2832 3264 5104 8682 9231 9731
6985 63 744 862 899 939 949 1542 1676 2296 2362 2660 2777 3445 3554 3615 3789 4668 4811 5310 5325 5403 5483 5735 6106 6583 6787 6872 6879 7111 7362 7450 7699 7950
6986 6033 8292
6987 2470 2680 6856 8984
6988 3965 6037
6989 222 1581
6990 4436 4859 5841 5876 9327 9785 9810 9831
6991 2357 3356
6992 2444 3855 4387 4693 4754 5036 5649 6288 8055 9397
6993 4510
6994 3734
6995 9229
6996 1154 2024 3494 5917 6793 7167
6997 2697 8650
6998 343 482 577 1086 1198 2473 2655 2997 4149 4837 4992 5264 6273 6961
6999 717 818 828 3464 4958 5259 9417
7000 3333 8931
7001 1318 2774 8266
7002 4147
7003 4448 8057
7004 2323 2612
7005 788 3018 3038 6922 7846 8560 9433 9533
7006 2521 4468
7007 2062 2263 2600 3151 3713 6301 8824
7008 1266 8315
7009 75 3745
7010 4854 9326
7011 2341 9329
7012 726 2167 2291 3318 5996 8998
7013 9790
7014 5263 6151
7015 2354 2967 6791 8311
7016 534 5700 6511
7017 2187 2951 3790 4671 7173 7718 9371
7018 415 2444 2573 2588 2605 3855 4069 4354 5583 5649 6288 8055
7019 3995 4707
7020 2264 2403
7021 2370 2400 5252 7134 8682
7022 545 680 2093 4905 6028 6102
7023 455 641 898 1785 1817 4074 4153 4368 5026 5158 5527 5804 8221 9108 9840
7024 21 145 183 726 1133 1209 1877 1911 2457 2803 2993 3022 3027 3579 3621 3804 3975 4273 4310 5050 5086 5137 5147 5298 5925 6220 6437 6486 7031 7076 8677 8924 9050 9737 9743 9781
7025 420 1489 1617 1640 2684 5080 6217 6273 6293 7380 7469 9181
7026 7980
7027 5748
7028 2517
7029 804 1032 1114 1267 1269 1306 1321 2322 2394 2625 3418 4481 4640 4813 5339 5433 5448 5770 7379 7594 7905 8187 9357
7030 896 1232 1523 1524
7031 287 685 1133 1840 1877 1940 2220 2679 2750 5893 6900 7024 9870
7032 2680 6856
7033 8393
7034 1228 1298 2512 5351 7307 7311 7866
7035 3346 4266 5591 5615 6033 6081 6703 7124 7424 7889 8694
7036 145 2501 2679 3621 4273 5227 6555 9050 9715
7037 141 544 2301 2620 8099 9079
7038 21 539 620 2159 2160 2190 2467 2824 2977 3022 3693 4341 4585 6136 6271 6365 6652 6832 6927 7648 7734 7850 8934 9165 9488
7039 332 7522 9765
7040 6710 7272
7041 6632
7042 2703 7306
7043 3363 8531
7044 914 7186
7045 4079
7046 335 5617
7047 497 1135 1937 5584 9278
7048 5993
7049 799
7050 2527 3935 9326
7051 3971
7052 4100 9295
7053 3549 7440 7948
7054 1859 3786 7946 8212 8482 8917
7055 2870 4302 6701 6713 6769
7056 1655 2301 8878 8980
7057 2567 2651 3493 4552 4594 5282 6167 8191 8532
7058 346 533 1051 1120 1611 1837 2509 5092 5614 6685 7302 7946 8308 8863 9736
7059 7409
7060 9869
7061 5008 5863
7062 495 651 1472 1529 1960 2072 2352 2800 3095 3966 4186 4359 4924 5008 5606 5609 6397 6912 7072 7201 7294 8072 8662 9509 9863
7063 444 8840
7064 8359
7065 824
7066 5134
7067 2104 2794 5058
7068 2307 2356 2495
7069 168 2297 2863 3128 4179 5028 5218 8166 8911 9451
7070 2263 2532 4490 6155
7071 1610 1802 3248 4191 5066 6588 7967 8911
7072 94 1095 1941 2410 3187 3207 3934 3966 4266 4359 4471 4546 7062 7424 8012 8539 8934 9509
7073 1381
7074 171 5154 5631
7075 79 111 643 2366 3105 3117 3352 3529 4488 4747 7088 7914 8335 8979 9241 9602
7076 727 1133 1209 1360 1781 1908 2434 2669 4035 5137 5298 5792 5864 6220 6690 7024 7938 9781
7077 6190
7078 3109 6519
7079 4148
7080 8220
7081 8180
7082 4399 5170 7330
7083 3293 9518
7084 1892 2709 2836 3526 4907 7708 7744 8252 8480
7085 816 7914
7086 3794 3795 5443
7087 1687
7088 1778 1787 2771 3823 5358 7075 7090 7646 7663 7914 8909
7089 3634
7090 603 1729 1778 1779 2191 2934 3791 4082 5174 5358 5955 7088 7091 7626 7646 9562
7091 1195 2191 2882 3732 4611 4935 6545 7090 7422 7626 8141 8885
7092 5641
7093 539 1061 1615 1619 2669 2900 3053 3108 3454 3754 3844 4999 5578 5739 6861 8679 8785 9297
7094 2657 2680 6159 6273 6856 7489
7095 7601 9151
7096 811 1049 1824 2067 2173 3034 3415 3709 4424 6670 8421
7097 1239
7098 2376 3592 5303 5323 5754 6087 6498 7298 8281 8370
7099 5315
7100 545 712 1690 2437 2492 2830 3550 5249 6041 6830 7915 8553
7101 1905 2703 3648 6768
7102 8923
7103 456 6924
7104 341 456 974 1695 1780 1941 1970 2209 2788 2946 3127 4033 4076 4772 5058 6001 6924 6927 7128 7840 8058 8090 8189 8271 8526 8733 8778 9043
7105 7553 8458
7106 2028 2099 2479 3823 5957 6380 7975 8458 8584
7107 2882 3065 3091 3268 3577 4264 4266 4759 5473 5615 6004 7889 8012 9492
7108 8303 9869
7109 2176 2325 3739 4506 4661 4778 5778 6845 7846 8286 9766
7110 1017 1775 2080 2529
7111 63 744 862 899 939 949 1542 1676 2296 2362 2660 2770 2777 3445 3554 3615 3789 4668 5310 5325 5403 5483 5735 6106 6583 6787 6872 6985 7362 7450 7699 7913 7950
7112 526 4696 7447 8929
7113 627 2413 5069 6635 6776 7858
7114 9727
7115 2195 4137
7116 3038 4676
7117 895 1328 3706 5282 5312 6475 8112 8867 9243 9718
7118 2786
7119 2930
7120 5362 8372 9240 9601
7121 318 1394 1775 2095 2663 4153 4909 5159 6519 8513
7122 4524 5354 6734 7776 9307 9389 9675 9810
7123 1769 3300 3787 7206 8582
7124 1907 2518 2628 5358 5395 7035 7912 9869
7125 3234 5859
7126 3506
7127 307 8733 9448
7128 341 538 1600 1671 1940 2099 2818 4772 5051 5906 6140 6819 6900 7104 7872 8090 8478 9396 9700
7129 5846 5878
7130 4543 8935
7131 1859 2982 4721
7132 385 1824 4651 9712
7133 273 2702 3561 4357 6562 7139
7134 1283 2017 2370 2400 5252 6636 6909 7021 8372 8598 8682 9091
7135 7383 9327
7136 5175 6049
7137 139 1133 3295 4382 8192 8779 9205
7138 823 4153 4544 5868
7139 162 1929 2702 4734 5085 5760 5957 6519 7133 7548 7633 7920 8320 8365
7140 2564 7734 7847
7141 2676 2893 5318
7142 5353 8360
7143 1534 4230
7144 62 1326 2952 6179
7145 10
7146 1117 2360 2753 2874 4842 6184 6404 6866 7683 8472 9610 9829 9859
7147 3747
7148 324 2976 3051 5027 5599 5739 7209 7563 7794
7149 1026 1364 1365 2181 3303 3385 6714 8048 8065
7150 750 903 1549 1674 2821 2892 3462 3775 4823 5016 6108 7432 7808 8166 8992 9554
7151 867 2054 2422 3511 4460 4659 5447 5933 5934 6024 6163 7828 7843 8411
7152 2284 4240 4948
7153 748 2873 8685 8700
7154 2452 4482 7562
7155 152 2548 2611 2956 4117 5954 7335 7787 8730 9348
7156 3212 6766 7681
7157 8520
7158 3125 3200
7159 6369 7846
7160 6667 6971 7612 7946 8739 9724
7161 806 1336 1795 2352 2513 6078 6971 8312 9745
7162 2935
7163 1738 3763 4842 5329 6036 6918 8473 9259 9690
7164 743
7165 768 1713 6055
7166 2541 3041 4967 5539 8371 8824 8968
7167 1154 6996
7168 5998 8910
7169 908 2253 2500 2513 3057 6218 8841 9700 9716
7170 7828
7171 4884 6458 6555
7172 722
7173 181 2187 2256 2407 2706 3660 4671 7017 7718 7771 7812 8710 8827 9820
7174 2115
7175 4341
7176 7416
7177 783 4402 5542 5758 5882 6735 6749
7178 2556
7179 1102 1152 4454 6533 8229 8990
7180 1166 1728 2729 4683
7181 1081 2781 4924 9377
7182 191 4780 6473 8311
7183 1756 3356 9350
7184 1312 4342 4343 8786
7185 5228 6394
7186 7044
7187 7238
7188 6247 7422
7189 586
7190 210 2878 3371
7191 2328 2527 4053 7563 9117
7192 4713 5803 6293
7193 257 333 334 673 971 1175 1300 2782 4728 5043 5289 5745 6455 7600 8321 8412 8872
7194 8412
7195 4937
7196 2234 2730 4496 4691 4743 8088 8765
7197 239 2855 5427 6615 8562
7198 897 2429 4704 7675 7768 7816 9416
7199 2568 4728
7200 2329 4128 4282 5196
7201 99 478 573 735 1234 1472 1715 1722 1778 3002 3485 3736 3847 3934 3966 4130 4195 4206 4214 4215 4219 4579 4759 5048 5174 5685 5738 6520 6555 6630 7062 7665 8072 8693 8753 9043 9287 9488 9509 9627
7202 1617
7203 5572 6273 7401
7204 589 4305
7205 6051
7206 1769 3787 7123
7207 7517 7936
7208 1736 5074 6532
7209 324 7148 7794
7210 93 1558 2190 2858 6263 6916 7338 9078
7211 696 7520 7522
7212 2191 3610 5001 5935 7777
7213 3497 4671 4752 8151 9703
7214 1023 1083 1802 9192
7215 7999
7216 868 1023 3220 5290 7712
7217 8540
7218 919 6746 7847
7219 149 493
7220 229 627 3661 6017 8553 8833 9517
7221 5104 6813
7222 5244 6550 7455 9861
7223 2699
7224 2352 6942 7510
7225 3131 3832 6636
7226 189 3361 6512 6572 6847
7227 4770 5287
7228 819 5436
7229 4148 6823
7230 1635 3784 6890 9038
7231 5598
7232 2360 2380 2874 9829
7233 5164
7234 173 5997 7585
7235 9475
7236 8314
7237 9377
7238 7187
7239 4439 6624 9870
7240 976 1446
7241 7842
7242 1576
7243 4484 7515
7244 2331 9379
7245 810
7246 978 1636 2015 2017 2786 3488 7658
7247 5324 5927 6156 6357
7248 972 5662 5935 7777
7249 1153
7250 2007 3621 5893
7251 5653 8104 8852
7252 99 224 589 1462 2306 4206 4215 4219 4746 5737 6314 6558 6560 8258 8372 9594
7253 3855
7254 367 3855 5649
7255 816 908 943 1311 1490 1652 2567 4285 4812 5282 8663 9760
7256 6816
7257 6731 9069
7258 7806 8960
7259 4
7260 246 309 578 1012 1498 1926 2067 2220 2762 2818 4231 4362 4896 5066 5103 5343 6140 6772 6819 7391 8816 8911
7261 2699
7262 2995 4779 5103
7263 5488 5589
7264 7734 9189
7265 2415 5248 7433 7873
7266 1705 4572 5244 6550
7267 142 346 2050 2791 3354 3427 5293 6636 6722 7741 7825
7268 2798 9045
7269 512 1064 1073 1375 1836 3899 6425 8025 9081 9262
7270 114 1266 3981
7271 2080 2518 3008 3872 5002 6809 8744
7272 6710 7040
7273 5797 5917
7274 1637 9158
7275 15 1950 2335 5108 6897 8922 9048
7276 1108 1155 2002 2657 2812 2875 4729 4775 5393 5607 6591 6747 8121 8318 8951 9721
7277 982 1239 1533 2451 2941 9122
7278 2239 2796 4049 4957 5420 6134 8390
7279 5723
7280 4060
7281 4060
7282 16 287 1353 2167 2987 3999 4235 4439 4799 5407 6745 6746 8641 8696 9472
7283 9242
7284 1806 3395 6741
7285 4048 5213
7286 1439 2727 4277 4858 4889 6590 9617
7287 2756 4719 5879
7288 5197 6325
7289 840 1130 3301 3463 7769 9457
7290 1111 2011 3079 4967 5756 8470 9178
7291 591 1836
7292 3610
7293 3965 5426 6827
7294 871 1529 6397 7062 8662 9863
7295 2712 3258 9297 9823
7296 4207
7297 7557
7298 2882 3379 3979 6549 7098
7299 545 889 2217 6461 6462
7300 99 136 274 1050 1362 2703 2805 2824 2896 3022 3047 3150 3758 4310 4542 4902 6554 7794 7946 8109 8281 8934 9043 9102 9187 9452 9488 9724
7301 409 630 2226 5181 5314 5483 5570 6844 8919 9199
7302 346 1120 6229 7058
7303 7634
7304 1744
7305 171 423 4543
7306 446 977 1019 1718 2703 4220 4677 4689 4895 5538 6406 6768 7042 9611
7307 4407 4408 7034 7311 7866
7308 2875 5150 8121
7309 5502 6102 6112 6372
7310 1851 3844 4266 4327 6617 8857
7311 7034 7307 7866
7312 192 768 6101 6527 8553 9079
7313 4792 4991 5009 8327 8392 9142
7314 5284 8113
7315 4675
7316 74 96
7317 5134
7318 1209 6437
7319 1301 5119
7320 3755 6736 9126
7321 1582 2390 2877 2895 3984 5265 6377 6387 9475 9793
7322 3391 3537 3736
7323 1836
7324 921 1488 2179 6918
7325 840 3463 5785 6623 6719
7326 2762 7975
7327 651 732 3966 6423 6971 8525
7328 3150
7329 2113 9820
7330 4399 5170 7082
7331 5670
7332 4162 5067 5225 6459
7333 4670
7334 8337
7335 7155 7787
7336 6382
7337 1780 2494 2826 4130
7338 93 1558 2858 6263 6916 7210 9078
7339 1425 3953 4542 4721 5668 6933 8109 9097 9293
7340 1222 3133 5731 6962
7341 1351 2336 5733 9121
7342 2657 4948 5509 6507
7343 255 1264 3806 8863
7344 8328 8780
7345 2491 4973
7346 2254 3634 6597 7665
7347 2479 4973 5149
7348 222 970 4956 6149 7687 9339 9439
7349 407 671 966 5128 9197
7350 224 5034 6245
7351 2117 5891
7352 8320 8673
7353 920 2464 6763
7354 1426
7355 264
7356 278 686 2402 2435 5193 8270 9694
7357 6912 7948 8404
7358 1916 2350 9090
7359 3548 5217
7360 1095 1908 2028 2197 2398 4715
7361 2161 2364 2915 3682 4810 4992 6292 6293 7517 8033 8964
7362 63 744 862 899 939 949 1542 1676 2296 2362 2660 2777 3445 3554 3615 3789 4668 5310 5325 5403 5483 5735 6106 6583 6787 6872 6985 7111 7450 7699 7950
7363 2179 2469 2671 6611
7364 8543
7365 2812
7366 106 7508 8874
7367 47 732 801 871 910 2248 2977 3590 3811 6423 6514 6530 7704 7946 8500 8813 8885 9440 9489
7368 622 2190 2613 8350
7369 1111 6333
7370 3256
7371 2982 6974
7372 806 1666 6971 8917
7373 4188 5661 6623
7374 1977 5194 5195 9241 9416
7375 2704
7376 1690 2002 6160 6273 6591 8249 8815 8875 8951
7377 6161
7378 6119 6259
7379 804 1032 1114 1267 1269 1306 1321 1607 2322 2394 2625 3418 4153 4481 4640 4813 5339 5433 5448 5770 7029 7594 7905 8187 9357
7380 1219 1489 1617 1688 1691 5616 6478 7025 7469 8234 8976 9181 9282
7381 159 5260 7803
7382 2702 4452 4582 8341
7383 7135 9327
7384 1531
7385 654 3105 5707
7386 4117 9125
7387 9795
7388 2443 4140 4162 7903 8214
7389 2962
7390 1702 2735
7391 224 2220 2765 3621 4341 5029 5826 6536 7260 7618 7645 7733
7392 6543
7393 495 871 2788 2989 3303 3524 3871 4137 4990 5197 5264 5789 5925 6645
7394 1311 1652
7395 785 2567 2821 2977 4446 5282 8371 8743 9165
7396 407 2400 2430 2509 8308
7397 1076 1207 1229 1314 1814 1933 3096 3264 6408 6512 6573 6657 8642 9203
7398 55 1154 1705 2479 2491 5760 7638 7723
7399 4678
7400 6982 9177
7401 6273 7203
7402 1660 2279 5066 6366 8358
7403 5337
7404 4792
7405 520 1580 3316 7406
7406 12 13 54 220 520 680 1154 3499 4219 6561 7405 7723 7785 8761
7407 2166 5912
7408 2856 2925 8189
7409 1805 5679 7059 7483 7982 8582
7410 9179
7411 4748 5272
7412 3970 5925
7413 1672 2753
7414 3240
7415 3476 8868
7416 375 2521 2711 4468 4653 4990 5731 6807 7176 8228 8767 9047
7417 6949 9554
7418 1157 6949 8330 9554
7419 31 4135
7420 454 2398 4708 5451
7421 455 825 1214 3700 3922 4153 7423
7422 490 544 776 1170 1227 1775 2771 4639 4935 5009 5117 5642 6324 6514 7091 7188 7626 8159 8164 9531
7423 455 1214 3700 7421 9840
7424 711 735 1095 1630 2410 4772 6471 7035 7072 7889
7425 1377 6767 7563 9492
7426 620 6927 7706
7427 734 741 1961 2078 2962 3913 6686 6687 7910 8788 8904 9588
7428 522 735 5739 8012
7429 1675
7430 64 1416 4695 4844
7431 566 2786 6714 6912
7432 903 1045 1388 1549 2063 2903 2990 4865 6184 6671 7150 8096 8102 8696 8806 8913 9831
7433 2415 5248 7265 7873
7434 3333 6276
7435 2105 3862 4166 4457 4497 5040 5769 7546
7436 997 1122 2196 2328 2443 2913 5277 6072 6289 6414 7954
7437 985 3258 5277 9442 9692
7438 4199 7439 7768 9261
7439 4199 7438
7440 516 3549 5415 7053 7948 8318 8525
7441 2514 2611
7442 2878 5034 5134 6234 6245 8839 9711 9736
7443 494 3259 3468 4666 5099 5530 6738
7444 203 618 1649 2323 2668 3751 4875 5120 6404 8770 8957 9186 9307 9419 9478
7445 4975 5407 5996
7446 1819 4978 7758 9405
7447 286 4696 7112 8865
7448 6148 7449
7449 6148 7448 8533 9833
7450 63 744 862 899 939 949 1542 1676 2296 2362 2660 2777 3445 3554 3615 3789 4668 5310 5325 5403 5483 5735 6106 6583 6787 6872 6985 7111 7362 7699 7950
7451 3468 4139 4797 5530 5548 8976
7452 133 913 2442 6869
7453 258 575 1098 1715 6926 9617
7454 944 4271 5023
7455 5244 6550 7222 9861
7456 9151
7457 2785 2786 4793 5236 5287 6163 6425 7586
7458 3947 4631 7975
7459 2017 2564 2950 6816 6867 7847 8682 9348
7460 273
7461 2204 3038 4291 7725 8103 8475
7462 1927 2992 6049 8435
7463 2107 7765
7464 4043 5575 9603
7465 854 4425 4662
7466 179 221 1695 2252 2882 3634 4111 4957 5151 5420 6463 6530 7949 7999 8539 8733 8785 8934
7467 345 757 801 806 1490 2512 2547 4807 5106 5266 6720 6742 7866 7872 9148 9700
7468 2172 2796 4191 4508 5143 6852 9266 9551
7469 1617 1688 1691 5616 6217 6273 6293 6478 7025 7380 8234 9282
7470 1494 8666
7471 2786
7472 6893
7473 3333 4237 6295 7974
7474 4676 5563
7475 3743 4195 4219 6314 7665
7476 325 678 2649 3759 4420 5468 9264
7477 1462 3848 4215 4747
7478 4681
7479 1907 9557
7480 694 9693
7481 4267 4782
7482 2817
7483 5679 7409
7484 703 5205
7485 178 4172 7498 7936
7486 4879 4953 6448
7487 1233 4801 8915 9721
7488 1712 5266 5525 6133 6756 6759
7489 2680 6273 7094 8815
7490 6096
7491 43 470 651 1157 1179 1234 1368 1544 1722 2072 2622 3130 4278 4924 4995 5048 5116 5316 5685 6458 8281 8778 9103 9488 9724
7492 1755 4742 4808 7563
7493 5300 6109
7494 816 1893 2181 2442 2463 3706 4642 5112 5447 6086 6404 7775 7914 8081 8274 9388 9447 9478 9500
7495 109 7665
7496 3116 6085
7497 97 5853 8595
7498 178 7485
7499 323
7500 382 751 3693 3866 3938 5792 6521 9076
7501 4527
7502 1722 5008 6554 6912 7875 8890
7503 4906 8340
7504 3150 9360
7505 5089
7506 1026 1408 1610 2649 2972 5416
7507 887 1967 7983
7508 106 7366 8874
7509 75
7510 268 287 785 1768 2067 2352 2400 5282 5606 5823 6942 7224 8371 9760
7511 3423 7656
7512 2087
7513 6729
7514 4851 5299
7515 306 4182 4484 4585 6569 7243
7516 7936
7517 7207 7361 7936
7518 8767 9178 9471
7519 5074 7526 8086
7520 660 3557 7211 7522
7521 8250
7522 332 660 696 787 1348 3557 5254 7039 7211 7520 7879 9765
7523 336 4568 9580
7524 158 2992 3835 4994 5952 5995 6890 8254
7525 3865
7526 5074 7519
7527 328 701 4674 4680 4840
7528 3536 8602
7529 3435 4123 4395 4406 5340 7532 8040 9291 9660
7530 1407 4355 4386 4518 4519 5145 5961 6307 8591 8709 9011 9526 9613
7531 3681 9579
7532 4395 7529 8040 9660
7533 4089 6315 8250
7534 3284 3742 3979 4556 6324 8831
7535 609 2135 2535 4296 4554 8060 8549 8942 9034 9811
7536 1907 3406 3741 3745 4219 4353 4759 5095 5317 5377 5602 5802 5941 6029 6185 6198 6283 7537 7543 7668 8048 8064 8509 8589 8657 8853 9007 9649
7537 2588 3739 4353 5377 5384 6283 6463 7536 8853
7538 3629 5373
7539 8588 8620
7540 2589 3334 5202
7541 8056
7542 3282 3516 3540 3674 4095 4200 5092 5095 5376 6320 7652 8587 8588 8620 8661 9583
7543 5317 7536 8509
7544 5988
7545 2090 2665 2697 2699 4561 9165
7546 477 1128 2105 4166 7435 7599 9026 9789
7547 5085 6519 9132
7548 3736 4025 4084 7139
7549 3516 5095
7550 3729 4578 7659
7551 2574 2598 3974 4055 6181 6388 9762
7552 5259 8793
7553 7105 8458
7554 2524
7555 377 1923 2231 2274 2897 8261
7556 377 2231
7557 2948 5179 7297
7558 357 2683 6855
7559 820 1769 2758 2869 3773 5687 5811 7927
7560 9074
7561 4594 8191
7562 4482 7154
7563 75 269 1315 2338 4383 4396 4742 4808 5027 5036 5293 5917 6430 6775 7148 7191 7425 7492 8100 8144 8193 9333 9361 9714
7564 984 1891 3485 4547 6846 9151
7565 6254 8496
7566 1203 1305
7567 544 6232
7568 6906 8014
7569 829 7570
7570 829 1514 1593 5556 5667 6069 7569 8801
7571 908 5168
7572 619 1036 2392 2636 3155 6784
7573 4452 4676
7574 2959 9403
7575 3401
7576 401 490 757 808 1206 1326 2366 2513 3105 3358 5261 6179 8145 8416 8905 8937
7577 12 13 1011 9699
7578 3123 3610 4902 5263 8524 9043
7579 5998
7580 1543 2567 4944
7581 4748 9469
7582 5809
7583 2923
7584 1781 1842 5474 7977
7585 173 5997 7234
7586 2333 2786 6425 7457
7587 615 1056 3419 5210 6082 6475 7702
7588 1108
7589 28 718 2753 4335 4414 5206 6136 6144
7590 4414
7591 6201
7592 1063 2167 2689 4043
7593 2882 4741 6549
7594 804 1032 1114 1267 1269 1306 1321 2322 2394 2625 3418 4481 4640 4813 5339 5433 5448 5770 7029 7379 7905 8187 9357
7595 3308
7596 1518
7597 2360 9147
7598 5287
7599 477 1128 2105 7546 9026 9789
7600 2782 7193
7601 1574 3683 4687 4992 5466 5579 5646 5647 7095 7906 9151
7602 1137 1747 3421 6827
7603 3484 5263
7604 572 5113 8390
7605 575 1098
7606 5938
7607 307 1279 2058 3226 3560 4254 7717 7728 7848 8127 9371
7608 9013
7609 2579 5960
7610 8055
7611 2024 6123
7612 263 1879 2786 2805 3022 3366 6667 6710 6971 7160 8739 9724
7613 34 2379 4148 4215 4400 5897 6100 8609 9201
7614 423 508 1118 1328 3028 3375 5732 6377
7615 692 918 2284 2499 4240 4948 5914 7638 8276 9134
7616 1578 4245 7801
7617 72
7618 90 4341 5826 6282 6536 7391 8413
7619 3713 6921
7620 6829
7621 196 1993 5171 5462
7622 2225
7623 4323
7624 2181 2990
7625 1655 2301 8711 8878
7626 1195 2191 3354 4935 5129 6413 7090 7091 7422
7627 2216 5271
7628 255 627 3341 5216 5512 6082 6210 8714 9098
7629 8328 8780
7630 2529
7631 2093 8481
7632 4633 5915 6651 6888
7633 4718 7139 8365
7634 7303
7635 1995
7636 2913 7903
7637 1511 1596 2314 2792 4780 5104 6791 6813 8311 8663 9169 9210
7638 2284 2479 5914 7398 7615 7723 8276
7639 2218 9711
7640 2775 5183
7641 3534
7642 3937 4644
7643 1887 5425
7644 2626 3537 3797 8702
7645 158 5158 5407 5517 6606 7391 7663
7646 1778 1779 2933 3824 5138 7088 7090
7647 1007 5070
7648 2160 2824 4585 7038
7649 2713 3824 3996 6002
7650 7912
7651 3074 6918 8625 9086 9223
7652 3674 7542 8587
7653 888 1277 2567 3356 3842 4780 6823 6836 7654 8311 8663 9169 9210
7654 4780 4905 7653 8311 9210
7655 3541 7659
7656 2697 2732 3423 4675 4896 5074 5095 5612 5976 7511 8065 8650 9004 9312
7657 9613
7658 924 997 1282 1459 1636 2017 2502 2560 2573 3689 4156 4211 4344 4543 5217 5824 6867 7246 7849 8612
7659 3541 3861 5340 7550 7655 8548
7660 222 478 2228 3269 3281 3654 3671 3722 3741 4088 4093 4243 4746 5603 5678 5984 6397 8507
7661 3344
7662 3440
7663 489 490 1374 1787 7088 7645
7664 1722 1935 2072 3552 4924 5008 5009 5302 6912 8890
7665 109 3724 3828 3990 4068 4123 4195 4215 4219 4321 4759 6552 7201 7346 7475 7495 7768 8548 8820 9627 9704
7666 310 3680 6308
7667 218 6278
7668 18 300 2182 3228 3284 3285 4202 4419 5983 6029 6341 6349 7536 8650 9285 9558 9579
7669 4092 6148 9006
7670 3655 3743 4250 5980 6449
7671 6287
7672 3130 3432 3535 3629 3722 4069 4106 6029 6355 8943
7673 2185 3950 6326
7674 1929 2477 4621
7675 7198
7676 2669 5579 5739 6679 8728 8729 9871
7677 801 1877
7678 75
7679 1531 2291
7680 8387
7681 3212 6766 7156
7682 687 742 872 3883 5601
7683 1837 2360 2753 2874 3084 6365 6404 7146 7684 9040 9829 9859
7684 7683
7685 9187
7686 1023 2168 3027
7687 222 610 2292 2432 3889 4238 4444 5219 6149 7348 7688 7689 7774 9359
7688 222 610 1186 2432 3081 3237 4444 7687 7689 8592 9359
7689 7687 7688
7690 3742 4071 8240 9023
7691 96
7692 3822 5859 6513 9437
7693 3802 8371 8824
7694 833 877 5584 5585 5633 6920
7695 9757
7696 2074 5284 8113 9428
7697 2329 9746
7698 246 621 720 916 1016 1571 1861 2193 3205 4119 4159 4744 5058 6379 6489 8138 8239 8691 9505
7699 63 744 862 899 939 949 1542 1676 2296 2362 2660 2777 3445 3554 3615 3789 4668 5310 5325 5403 5483 5735 6106 6583 6787 6872 6985 7111 7362 7450 7950
7700 371 1298
7701 520 1358
7702 3419 6082 7587
7703 992 2344 4643 6095 6538
7704 651 732 739 2248 3171 3592 3811 4688 4772 5003 6514 6530 7367 8525
7705 1319 1774
7706 620 5104 6535 6764 7426 9866
7707 135 871 4407
7708 2709 7084 8252
7709 884 6540 6839 9310
7710 4720 7955
7711 8090 8290 8411 8881 9173 9451
7712 754 868 1072 2908 3220 5796 7216
7713 921 2469 4609
7714 2611
7715 665 5879
7716 1756 3816
7717 7607
7718 2187 4671 7017 7173
7719 6059
7720 152 8469
7721 602 871 1362 2896 2982 3291 3590 6024 6163 6554 7734 8068 8106
7722 921 2469 4609
7723 512 1008 1154 1375 1483 1507 1632 1705 2122 2479 2491 2757 2780 2889 2955 3087 3806 4973 5002 5030 5188 5760 6260 6494 6854 7398 7406 7638 7785 8123 8531 8761 8907 9280
7724 383 1594 2070 2094 3126 3600 9306 9394
7725 7461 8103
7726 918
7727 762 2696 3384 4504 7867 8775
7728 1847 3226 3560 7607 9080 9371
7729 2328 2391 2804 3426 8724 9117
7730 1611 3298 6531 6587 6853 8179
7731 4299 5307 8060
7732 2386 5235
7733 21 1044 3621 5893 7391
7734 94 2564 2704 3590 4484 7038 7140 7264 7721 7847 8325 8371 9189 9293 9603
7735 2564 2704 7847
7736 9193
7737 6269
7738 2316
7739 6030
7740 3339 4497
7741 142 346 3427 5293 7267
7742 755 1621 1932 3140 5250 6260 6381 6475
7743 1611
7744 936 1892 2836 3466 3526 4907 7084 8480 8769
7745 1127 3534 6848
7746 981 1374 8365
7747 1873 1897 3658 5734 7852
7748 1763
7749 2424 2544 4413 4479 8220 8684
7750 1429 3660
7751 736 5428 6163 9332
7752 503 771 1674 2827 3529 4619 7759 9355
7753 375
7754 412
7755 857 1095 3594 4277 4484 5060 5793 8185 9486
7756 2647 4990 8535 9490 9513
7757 3038
7758 921 1819 5476 7446 8000
7759 503 7752
7760 3926 9862
7761 9417
7762 307 341 1549 1695 2238 3420 4011 4802 5051 8085 8189 8526 8733
7763 539 1851 4266 8762 8934
7764 704 8547
7765 2107 7463
7766 1063 1637 1917 2221 2620 2657 3608 5068 9182 9721
7767 188 6385
7768 1633 2429 2565 3019 3138 3145 3944 4415 5712 6074 6421 6974 7198 7438 7665 7816 7847 8369 9261 9385 9704
7769 840 3463 7289
7770 6347 8704
7771 4671 7173
7772 908 3510 4462 6239 7999 8841
7773 9409
7774 7687
7775 2442 5112 6404 7494
7776 498 509 1672 2168 2466 2753 5681 6504 7122
7777 972 1673 2191 3732 5001 5662 5859 5935 6258 6378 7212 7248 9537
7778 5669
7779 3177 5020 5801
7780 3177 5020
7781 838 2315
7782 8768
7783 3354
7784 1245 3354
7785 54 220 680 1968 2757 7406 7723 7952 8761 8971
7786 653 3356 4300
7787 152 1095 1151 2263 2515 2548 2551 2956 3038 5082 5368 6907 7155 7335 8209 8469 8742
7788 8768
7789 8169 9808
7790 488 4044
7791 1834 2556
7792 4118 4402
7793 7952
7794 99 324 976 2152 3117 5027 5772 6163 7148 7209 7300 7946 9187 9188
7795 4047 4408 4665 5887
7796 4447 8846
7797 1334 3926 5089 5704 7833 9405
7798 886 4065 8469
7799 1820 5008 6912 9327 9548
7800 5204
7801 1578 4245 7616
7802 3718 4898
7803 159 3125 4259 5260 7381 8182 9420 9457
7804 4789
7805 94 4227 4949 8301 9390 9603
7806 7258
7807 2472 3495
7808 3775 7150
7809 8869
7810 3947 4631
7811 5656
7812 7173 8827 9820
7813 738 917 1111 2070 2305 9443 9444
7814 474 1930 2825 4397 4669 4765 5217 6555 6810 8204 9711
7815 3924
7816 73 814 1935 2080 2123 2429 2793 3086 3145 3336 3549 5447 5712 5848 5881 6074 6738 7198 7768 8262 9163 9409
7817 1249 2941 3698 4063 4724 5134 6963 9853 9873
7818 2843
7819 4857 4929 5039 6342 9572 9643 9798
7820 5536 9415 9431
7821 3016
7822 2578 4857 6342 9572 9798
7823 1435 4274 4685 6107 8784
7824 5208
7825 6722 7267
7826 8568
7827 2543 4408
7828 4460 7151 7170
7829 3938 8132 8909
7830 573 9333
7831 3472 9234
7832 5571 6276
7833 371 649 1187 1334 1489 1888 2084 2401 3926 5089 5704 7797 8888 9349 9405 9496 9862
7834 3194 8015 9376
7835 3354 6413
7836 4537 5541 6865 8254
7837 239 725 2122 4341 4452 6260 6554 7867 8702 8890 8910 9874
7838 651 2472 4111 6923
7839 3185
7840 7104
7841 1798 9301
7842 160 230 382 981 1585 2028 2538 4381 4394 6072 6672 6832 7241 8934 9691
7843 3038 4549 5290 5933 6104 6731 6959 7151
7844 78 735 1428 2028 4772 4999 5117 6555 6714 6880 6914 7889 7912 9492
7845 3440
7846 788 832 926 1014 1511 2176 2325 2558 2746 2792 3018 3038 3739 3868 4470 4506 4661 4670 4778 5778 5795 6142 6369 6813 6845 6922 7005 7109 7159 8286 8311 8680 9433 9533 9766
7847 444 815 919 930 2028 2334 2548 2551 2564 2565 2704 3185 3488 3590 4061 4484 4806 5049 5050 5606 6642 6647 7140 7218 7459 7734 7735 7768 8753 9293
7848 307 2238 2304 2609 3560 6269 7607 7902 9693
7849 4543 7658
7850 444 1887 2160 2360 2743 2824 2874 2977 3356 3675 4585 5222 6365 7038 7889 8753 9165 9603 9829
7851 3173 9368
7852 7747
7853 8408 8817
7854 2133 8461
7855 659 4867 9239
7856 2509 5267 7866 8308
7857 6707
7858 627 2413 5069 6635 6776 7113
7859 421
7860 2184 3663
7861 3543 5073
7862 9808
7863 3927 4528 6235 8516
7864 2644
7865 1229 6511
7866 806 1228 1490 2509 2512 4807 5401 6720 7034 7307 7311 7467 7856 8308 9148 9755
7867 762 2696 3384 4504 7727 7837 8775
7868 5648
7869 2142
7870 1012 6802 9425 9824
7871 5563
7872 538 757 1600 1671 2513 3008 3604 3634 5326 5748 6260 6859 7128 7467 7933 8133 8251 9298 9870
7873 2415 5248 7265 7433
7874 6689 8734
7875 6912 7502
7876 609 6156 6636 9332
7877 5 964 8097
7878 2332
7879 697 968 3557 4138 5268 6053 7522
7880 222 346 406 3168 4027 5626 6869 7881 8308 8786
7881 222 346 5659 6869 7880 8308
7882 3792 4472 8768
7883 2099 2609 3545
7884 4589 5053 6975 7979 8101 9131
7885 1891
7886 511 4634 5870 8363
7887 4583 4667 8456 9213
7888 982 1655 2301
7889 94 331 522 735 1908 1941 2028 2410 2669 2824 2900 3207 3693 3938 4176 4585 4759 4772 4820 5151 5299 5615 5739 5792 6075 6183 6458 6861 6880 7035 7107 7424 7844 7850 7938 8012 8132 8400 8456 8476 8539 8883 8983 9492
7890 482 1018 1198 4992 8606
7891 8777
7892 3076 9417
7893 1415 2548
7894 5323 6694
7895 509 2709 6144 6145 6607 6781 9391
7896 8964
7897 5371
7898 3629
7899 2582 9578
7900 369 9651
7901 3284 3979
7902 307 2238 3560 3945 6269 7848
7903 2744 2913 5141 5784 7388 7636 8214
7904 5109 5334
7905 804 1032 1114 1267 1269 1306 1321 2322 2394 2625 3418 4481 4640 4813 5339 5433 5448 5770 7029 7379 7594 8187 9357
7906 7601 9151
7907 115 222 723 750 1416 1461 1563 1818 1972 2156 2206 2709 3008 3197 3793 4341 4630 4676 4760 5141 5279 5622 5624 5784 6412 6422 6517 8081 8251 8531 8571 8809 9000 9390 9448 9531 9731 9804
7908 4152 4731 7945
7909 978 2328 2417 2564 2704 3009 3610 8177 8664 8807
7910 83 224 478 741 1215 1344 1887 1961 2078 2080 2505 3013 3775 3913 4754 5007 5518 5669 6687 6786 7427 8904 8905 9095
7911 154 1638 1897
7912 737 776 1474 2611 2628 2772 3279 3524 3823 5139 5673 5867 7124 7650 7844 7938 9076 9869
7913 769 4153 4635 4714 5357 5911 7111 7988
7914 57 490 816 3105 4125 5435 5869 6404 6970 7075 7085 7088 7494 7920 7947 8314 8365 9455
7915 1690 6830 7100
7916 186 2497 4234 5354 9307
7917 3777 9173
7918 4229 5116 5863
7919 823 4024 4156 4544 5671 6514
7920 1929 2662 4024 4148 4215 5138 5869 7139 7914 8167 8365 8530
7921 685 2099 2609
7922 6902
7923 3354
7924 731 5275 9172
7925 2182 8503
7926 224 2010 5990
7927 1769 2759 2928 5691 7559
7928 743 4808 5075 6593 6596
7929 4234
7930 5057
7931 913 5182 8472
7932 3114
7933 3347 5326 5748 6859 7872 8133 9298 9870
7934 2 102 464 724
7935 21 1540 3027
7936 5214 7207 7485 7516 7517
7937 343 2655 2997
7938 857 871 1781 1930 2340 2669 2977 3512 4022 4140 5226 5579 5766 5792 6072 6471 7076 7889 7912 8419 8539 9076 9451 9492 9735
7939 1383
7940 3720 4331
7941 5135
7942 4512 5443 9742
7943 735 8077
7944 4283 9383
7945 7908
7946 99 653 732 801 875 910 926 1820 1859 2480 2799 3022 3356 3786 4336 4661 4806 4969 5335 6163 6514 6647 6667 6859 7054 7058 7160 7300 7367 7794 8008 8106 8308 8766 8916 8917 9488 9724
7947 57 7914 9073 9382
7948 732 1490 1775 1826 1827 1960 2072 2435 3549 4101 4190 5008 6190 6681 6912 6971 7053 7357 7440 8151 8262 8404 8525 8657 8885 9327 9409 9548
7949 481 573 801 1014 1695 1877 3358 3373 3886 4111 6647 7466 8188 8733 8934
7950 63 744 862 899 939 949 1542 1676 2296 2362 2660 2777 3445 3554 3615 3789 4668 5310 5325 5403 5483 5735 6106 6583 6787 6872 6985 7111 7362 7450 7699
7951 2357
7952 2068 2351 3813 4263 4274 5400 7785 7793 8469
7953 1421 1695 1941 2209 4076 4179 6183 6924 8058 8909
7954 1122 3830 7436
7955 2099 3578 4605 4720 7710 8268
7956 26 1502 2763 4172 8582
7957 8778
7958 5217
7959 5333 8582
7960 8995 9270
7961 466 1956 2793 5600
7962 489 605 1787
7963 2934 7968 8181
7964 285 3911 6733 8263
7965 863 1285 2162 2870 4816 6303
7966 1217 8487
7967 1802 4191 5907 7071
7968 440 490 1374 2203 2934 3547 4599 5280 5356 7963 8181
7969 6480 8361
7970 5041 8169 9816
7971 239 331 1500 2238 2291 2340 2588 2824 2855 3871 6861 6915 9076
7972 856 2412 8928 9327
7973 5802 6108
7974 377 459 499 570 681 749 1108 1547 2161 2252 2260 2756 2817 3341 3776 4975 6293 6656 6673 6829 7473 8101 8265 8614
7975 2099 2762 2806 3947 4583 4592 4631 5543 7106 7326 7458 8806 8816
7976 1408 2649 5095
7977 1781 1842 4015 5474 7584
7978 8717
7979 1991 2904 4108 4589 5053 7884 8001
7980 2901 5324 7026
7981 275 606 1787 2619 5138 6943
7982 27 81 178 4172 7409
7983 887 1967 7507
7984 9272
7985 3193 5560
7986 1101 2880 4309
7987 348 2089 9557 9785
7988 3416 4616 7913
7989 115 620 871 2744 3065 4266 4983 4985 5036 5606 5739 6072 6073 9076 9106
7990 3573 9632
7991 9131
7992 435 2901
7993 3043 4777
7994 4023
7995 232
7996 60 528
7997 8063
7998 5632 6964
7999 179 323 327 573 908 1351 1352 1775 1781 1853 3199 4625 5416 5564 5859 6463 6894 6953 6959 7215 7466 7772 8066 8841 8978 9131
8000 7758
8001 5053 7979
8002 4558 6751
8003 1108 2817
8004 2907 8180 9837
8005 616
8006 8011 9329
8007 4515
8008 732 7946 9327
8009 2837
8010 9554
8011 1636 2671 8006 9329
8012 522 735 2028 2410 2788 2882 3258 3693 3934 3970 4264 4471 4715 5473 5739 6397 6880 6937 7072 7107 7428 7889 8456 8476 8539
8013 5454
8014 6906 7568
8015 3194 7834 9376
8016 1935 5291 5447
8017 8178 8268
8018 2022 2778 8147
8019 3433
8020 1385 1411 2286 3543 6668 9323 9328 9600 9602 9682
8021 8065
8022 5381
8023 2118 5655
8024 117 674
8025 813 1442 1856 2099 2609 2913 3442 3545 3988 4341 4452 4788 4983 7269 8214 8768 8976 9081 9159 9262
8026 1424
8027 4471
8028 99 3514
8029 5947
8030 4255 4575
8031 5806
8032 2268 6491
8033 1452 2161 2717 2756 2817 3680 4435 4810 6293 7361
8034 1468 8295
8035 8657 8945
8036 4321 4517
8037 741 2078
8038 5856
8039 4321
8040 5650 7529 7532 9022
8041 6324 9810
8042 4068
8043 3775
8044 6466
8045 5138
8046 481 1497 3161 3202 3453 3614 3870 4195 4211 4215 4218 4219 4754 5990 6559 6561 8259 9654
8047 3614 4752 9627
8048 1364 5095 7149 7536 8065 8589
8049 3541 9663
8050 3281
8051 3672 4376 5901
8052 71 5675 5784
8053 3312 5374
8054 8945
8055 415 3224 3855 4069 4347 4387 4516 5381 5777 6288 6992 7018 7610
8056 1832 3985 5144 7541
8057 4448 7003
8058 1695 1941 2209 3481 4076 4179 6075 6183 6924 7104 7953 9043
8059 4388 5969 8847
8060 913 4299 4407 5307 6192 7535 7731 8549 8605 9034 9286
8061 8221 9740
8062 459 500 2817
8063 7997
8064 5377 7536
8065 1364 2732 2763 2786 3631 3656 5095 5197 5774 5871 6278 7149 7656 8021 8048 8866
8066 327 4976 5693 5828 7999
8067 9216
8068 1109 1490 1722 2112 2208 2982 3953 4231 7721 8085 8991 9050 9279 9338
8069 2494
8070 8154 9084
8071 9698
8072 651 1472 3091 3966 4896 5685 6975 7062 7201 9509
8073 4648 8683
8074 2006 5255
8075 1115 3908 4242 4449 6223 6433 8834 9838
8076 8785
8077 329 735 2824 7943
8078 554 698 1537 1957 5241 8203 8227 9381
8079 1762 4964 6426
8080 1846 5084
8081 2154 2223 2901 3125 3497 4748 5437 5447 5622 6120 7494 7907 9448
8082 3125 5622
8083 1924
8084 1770 2098 8899
8085 307 1549 6263 7762 8068 8991
8086 2454 7519 9688
8087 9134
8088 2730 5350 7196
8089 4436 4859 5841 5876 6552 9785 9831
8090 7104 7128 7711 9173 9495
8091 8214
8092 8290
8093 599 6007
8094 5097 8115
8095 2581 2817 5263 6776
8096 5330 7432
8097 5 964 7877
8098 8692
8099 7037
8100 1315 7563
8101 1108 2703 4589 7884 7974
8102 2063 2903 2990 7432
8103 2204 3154 4470 7461 7725
8104 5653 7251 8852
8105 270 3879
8106 1362 1529 1820 2311 3886 4270 4471 4688 6024 6163 6652 6971 7721 7946 8731 8917 9102 9488
8107 9151
8108 4872 4984 8279
8109 737 826 1362 2703 3022 3284 4310 4741 6024 7300 7339
8110 5296 6386
8111 3273 8917
8112 1328 3669 3706 5312 7117 9243
8113 377 736 1703 2074 2231 2274 2878 3856 4974 5284 6191 6203 7314 7696 9428
8114 5576 8121 9105
8115 1944 4351 5097 6396 8094
8116 6064
8117 195 960 1250 1637 5285 6890 8223
8118 1907 3991 4211
8119 1427 8556 8985
8120 5149 8553
8121 141 217 1017 1275 1627 1775 1848 1898 2423 2529 2812 2875 5148 5150 5506 5576 6017 6747 6824 7276 7308 8114 9105
8122 33 545 1748 6102
8123 512 1375 1483 2889 2955 6260 6494 7723
8124 490 613 8716
8125 984 3485 4748 8157
8126 544
8127 194 307 2058 2878 3518 3811 5264 6020 6023 6025 7607 8375 8911
8128 6829
8129 3356 3913 5491 5495 6082
8130 2874 8319 9829
8131 8326
8132 56 94 522 735 1940 1941 3258 3938 3970 4546 4715 5739 6880 7829 7889 8298 8539 9492
8133 5326 7872 7933 9870
8134 2277
8135 627 9168
8136 2357 2811
8137 904 984 3485 5228 9151
8138 246 621 720 916 1016 1861 2193 3205 3415 4119 4159 4744 5058 6379 6489 7698 8239 8691 9505
8139 5681 5807
8140 1150 2883 9458
8141 1017 2376 2421 2882 3979 4990 5346 5702 7091 8593 8752 8885 9476
8142 2400 4840 5917 6695 8892
8143 5152 5275
8144 1236 1839 2543 4808 5917 7563
8145 490 808 3105 5261 7576 8416 9565
8146 1224 5508 9755
8147 290 2022 2113 2778 2892 4131 8018
8148 200
8149 687 872 2080 3883 5478
8150 4495
8151 99 1775 3497 4219 4345 4747 4753 4759 5990 6312 6551 7213 7948 9703
8152 833 9129
8153 467 2473 4215 4342 8881
8154 8070 9084
8155 213 416 620 3996 5350 9468
8156 6267 8541
8157 984 1466 1607 3485 4362 4748 5221 5605 8125 8358
8158 2554 6538
8159 2858 3138 4024 4989 5009 5116 5117 6580 6878 7422 8860
8160 4597 6310 9356
8161 1868 5116 5117 5118 9209
8162 1736 1791
8163 581 3901 4193 5847 9141 9493
8164 7422
8165 957 2023 2107 4059 4069 9071 9659
8166 2125 2297 2863 3128 3345 4179 6005 7069 7150
8167 4024 5138 7920
8168 9076
8169 1384 3059 3103 5041 7789 7970 9808 9816
8170 1733 6098
8171 4404 4824 6035 6628 8645 9088
8172 2533 2967 9391
8173 410 4278 5121 5916 6090 6738 9724
8174 12 5490 6643
8175 352 467 2473
8176 2967 4306
8177 2328 7909 8807
8178 3033 3169 5191 5238 6873 8017 8268 8719 8722 9227
8179 1033 1936 5089 5823 5840 6587 7730
8180 435 1123 2907 5629 7081 8004 9837
8181 440 2769 2934 3232 4153 4628 5154 6006 7963 7968 8907
8182 3125 3301 4259 7803 9457
8183 2170 4880 6717
8184 918 1849 8810 9734
8185 411 1209 2434 4484 5177 6437 6690 7755
8186 399 3821 9270
8187 804 1032 1114 1267 1269 1306 1321 2322 2394 2625 3418 4481 4640 4813 5339 5433 5448 5770 7029 7379 7594 7905 9357
8188 562 785 871 910 2518 3241 3356 3358 3600 6163 6397 6597 6646 6738 7949 8274 8885 9298
8189 1695 1907 2025 2209 2518 3020 3693 4772 5205 6220 7104 7408 7762 8224 8733
8190 5032
8191 4543 4594 6167 7057 7561 8616
8192 139 1133 7137
8193 4022 4742 4808 5917 7563 8353 9333
8194 2137
8195 8778
8196 2326
8197 741 1362 1961 2078
8198 6833
8199 2016 4179 5391 9388
8200 487 1855 2553 8247
8201 1070 3749 3770 4251 4354 4407 5129 8735
8202 3356
8203 554 698 1537 1957 5241 8078 8227 9381
8204 474 4397 7814
8205 1731 1732
8206 2195
8207 8892
8208 281 402 8332 9066
8209 152 5368 6895 7787
8210 181 2462 3292 4805
8211 51 9111 9193
8212 7054
8213 1964 3147 3196
8214 115 865 3035 3935 4140 4266 4452 5398 5450 7388 7903 8025 8091 9173 9196
8215 6539 6632 6719
8216 1493 2237
8217 8280
8218 436 743 4742 5482
8219 2730
8220 468 691 709 1807 2424 2544 4413 4479 7080 7749 8668 8684 9180
8221 373 1202 4192 5527 5804 7023 8061 8976 9740
8222 4806 9333
8223 2 488 863 8117 9228
8224 341 1050 2313 3176 3602 4033 5048 5141 5868 6222 6352 6363 8189 9380 9731
8225 3243 8855
8226 1924
8227 554 698 1537 1957 5241 8078 8203 9381
8228 157 351 375 542 956 4080 4904 5113 5258 5595 7416 8304
8229 1102 7179
8230 2397 9617
8231 912 4526 9261
8232 4567
8233 3291
8234 1617 1688 1691 5616 6478 7380 7469 9282
8235 6318
8236 5705 9837
8237 431 2892 6698
8238 3447
8239 246 621 720 916 1016 1861 2193 3205 4119 4159 4744 5058 6379 6489 7698 8138 8691 9505
8240 429 3637 3742 3986 4071 7690 8501 8617 9023
8241 3204 4965
8242 5290 6829
8243 934 2164 2353 4421 5034 5328 6903 9052
8244 5490
8245 2301 8878
8246 548 618 745 3185
8247 36 674 2002 2553 3713 4235 6087 6773 8200 8951
8248 91 228 3073 6402
8249 6160 6273 7376 8815
8250 4089 4320 4456 7521 7533 9070
8251 750 984 1607 1911 3008 3669 5392 6517 6608 6866 7872 7907 8809 8914 8924 9151
8252 2709 7084 7708
8253 446 5538
8254 3835 4537 5541 5995 6865 7524 7836
8255 5263
8256 4206
8257 48 3299
8258 1462 4215 6558 6560 7252
8259 478 1170 3848 3870 3918 4207 4215 6552 6555 8046 9627
8260 1034 4394
8261 7555 8374
8262 263 361 732 1837 2037 2123 2352 2648 3549 3757 4589 6738 6796 7816 7948 8752 9409 9864
8263 285 4057 6416 6492 6733 7964 9028
8264 1751
8265 7974
8266 264 1318 2774 5162 5426 5752 6453 6524 7001 8309 9723
8267 1722 1723 1803 3002 3029
8268 2099 7955 8017 8178
8269 167 1314 2968 4738 4790 4791 5297 6502 6590 6972 8275 8707
8270 278 2402 5193 5195 5261 5262 7356 9694
8271 3127 7104 9451
8272 1753 3886 6148
8273 1037 1150
8274 583 816 2554 2601 3241 3738 4103 5197 6548 7494 8188
8275 167 2968 4791 8269
8276 2284 5914 7615 7638
8277 69
8278 1242 1656
8279 4872 4984 8108
8280 2268 2372 8217
8281 773 2703 3022 3592 4310 4341 4839 7098 7300 7491 8655 8778 8959
8282 5601 6094
8283 5492
8284 171 1837 2135 2329 2736 2738 2755 2792 2927 3758 4248 5004 6776 8569 8758 8760 9018 9544 9746
8285 1220 5046 9494
8286 832 2176 4506 5778 7109 7846 8680 9766
8287 22 5605
8288 2608 4174
8289 1298
8290 6883 7711 8092 8355 8374 8411 8881 9173 9804
8291 5151 6397
8292 355 2143 2813 3065 6033 6986 8695
8293 1094 4867 9239
8294 4212 6555 8571
8295 1468 8034
8296 3323 5715 8298
8297 1741 1942 2339 4845 4848 5040 6776 9325 9526
8298 3614 4848 5715 8132 8296 9627
8299 400 1787
8300 94 8753 9603
8301 94 345 359 1014 2545 2563 2669 2902 3207 3750 4014 4227 4709 4876 4949 4989 5151 6463 6724 7805 8753 8908 9390 9603 9604 9739
8302 94 2669 9603
8303 7108 8489 9869
8304 1379 4887 8228
8305 4269 4560 9479
8306 1204 2748
8307 900 1328 1506 2413 2776 5345 6245 6688 8671
8308 222 346 407 533 1837 2509 4027 5614 5626 6869 7058 7396 7856 7866 7880 7881 7946 8863 9736
8309 264 598 4675 4811 6178 6601 6661 8266 8947
8310 1211 1586 2202 2426 2427 3244 3302 3413 4204 4463 4646 5465 5716 8819 8977 9157 9337 9348 9752 9830
8311 545 841 888 926 1014 1277 2176 2314 2479 2567 3356 3842 3868 4661 4670 4780 4905 5019 5104 5282 5778 6102 6369 6462 6791 6813 6929 7015 7182 7637 7653 7654 7846 8663 8680 9169 9210 9218 9760
8312 279 806 1336 1795 2352 2513 2808 4807 6971 7161
8313 99 674 908 1837 1880 2646 3757 3941 4136 4494 4741 4842 8863
8314 490 920 1043 1793 2031 2687 3360 4990 5264 5435 6404 6676 7236 7914 8365 8496 8535 9513
8315 157 372 1012 1266 1364 2112 2181 5858 6574 7008
8316 8317 9405
8317 8316 9405
8318 516 732 737 1326 1403 1746 2002 4740 5034 5415 6262 6591 6599 6877 6947 7276 7440 8860 8863 8885 8951 9258 9606
8319 12 13 1156 2874 3072 8130 8372 9829
8320 1009 5205 6822 7139 7352 8426 8997 9083
8321 257 7193
8322 4283 6904
8323 298 5773 8518 8724 9660
8324 899 6872
8325 3590 7734
8326 1644 6641 8131
8327 4991 7313 9142
8328 544 1003 7344 7629 8780
8329 3695
8330 1157 6949 7418 9554
8331 2208 2313 3130 3920 4700 6178 8430 8693
8332 281 402 499 1301 3066 5245 8208 9110
8333 1205 2343 4233 5025 5736 5895 9414
8334 4384
8335 490 808 2203 4653 4933 5181 5261 5570 7075 8716 9211 9229 9241
8336 3091
8337 2131 3448 7334
8338 3964 5082 6507
8339 990 4550
8340 3274 7503 8452 8541
8341 1459 7382
8342 43 396 2376 3592 3871 4334 5460 5791 6380 6530 8370 9040
8343 3105 6037 6839 9127
8344 3909 4741 6918
8345 1626 8375
8346 2052 6193 9497
8347 4105
8348 9603
8349 8352 9767
8350 622 1075 2190 2260 2613 5017 5336 6546 6916 7368
8351 2508 6754
8352 8349 9767
8353 264 3700 4993 8193
8354 5801 6957
8355 113 1753 2295 2462 3429 3777 4664 4784 6446 8290 8411 8881 9173
8356 2900 3324 5161 5560 8476 9263
8357 5282 9660
8358 2279 4362 6366 7402 8157
8359 3792 6155 6404 6631 7064
8360 5353 7142
8361 6480 7969 8364
8362 511 1394 3109 6519 8528
8363 511 4634 5870 7886
8364 5872 6480 8361
8365 490 981 1374 1929 4718 5435 6404 7139 7633 7746 7914 7920 8314
8366 1063 3806
8367 844 9243 9435
8368 4770
8369 2462 3391 6698 7768
8370 43 2376 7098 8342 8934
8371 268 785 2352 3151 4446 6174 6942 7166 7395 7510 7693 7734 8824
8372 12 13 99 589 2400 7120 7134 7252 8319 8682
8373 1437
8374 6627 6883 6927 8261 8290
8375 1626 3970 4923 5226 6020 8127 8345 8441 8911 9074
8376 2983 4193 4338 4811 4896 6879 8947 9649
8377 5417
8378 562 2596 4224 4620 9269
8379 4217 5396 6733 6850 9127
8380 5306
8381 3958
8382 361 2028 4105 4427 4476 4849 6136 6859 9538
8383 2616 2890 9071
8384 5486
8385 2826
8386 2059
8387 1608 7680
8388 6066 8493 9173 9571 9703
8389 130 1027 1449 2154 4708 5622
8390 2239 5113 6134 6574 7278 7604 9074
8391 2021 2214 4329
8392 4143 6808 7313
8393 361 1783 2611 6520 7033
8394 3449 3890 3925
8395 5764
8396 1887 2786 3521 3524 5425 6654
8397 5127
8398 1464 1490 1920 2401 3038 3428 3454 5076 5089 6630 6889 9405
8399 3033
8400 344 461 522 735 1097 1999 3585 4176 5858 6442 6458 6708 7889 8983 9297
8401 2967 3600
8402 484
8403 6783
8404 245 732 1031 1661 1672 1722 2072 2648 2786 4712 4924 5008 5032 5686 6179 6458 6530 6681 6912 7357 7948 8885 8890 9297 9327 9409 9548
8405 353
8406 0 760 1070 2930 6771
8407 1881 3666 3961 4257 9128 9130
8408 7853 8817
8409 3967 4104 6976
8410 5086
8411 4342 6024 6163 7151 7711 8290 8355 8881 9173 9804
8412 1175 1915 2782 4975 5043 7193 7194
8413 1024 1934 2141 2147 2523 3390 3501 6282 7618 9208 9352 9430
8414 3561
8415 189 1662 1843 2506 2778 3840 4664 6110
8416 93 162 453 490 808 3105 3238 5035 5261 5919 6831 7576 8145 8894 9241 9565
8417 4398 9711
8418 3225 3339 9403 9753
8419 1055 5161 6471 7938 8476 9636 9735
8420 9241
8421 3034 4424 7096
8422 1953 2421 2557 8623
8423 976 1237 5350 5910
8424 85 266 1322 1589 1641 2403
8425 1552 1610 4099 4870 5066 9312 9593
8426 859 5205 5473 8320 9482
8427 248 905 2622 2990 3303 3480
8428 5577
8429 5034 9711
8430 1014 2208 2445 2765 3920 4700 4806 5414 6178 8331 9333
8431 2048 2555 4538
8432 1763 2366 3963 4505
8433 3479 4470
8434 3063 9710
8435 1927 2992 4002 6049 7462 9324
8436 1184
8437 2420 3885 8991 9338
8438 5640 8449 9707
8439 2924 3843 6503
8440 5488 5589 8561
8441 8375 8911 9074
8442 4170 8839
8443 8768
8444 2692 6556
8445 2352 5326 6927
8446 2442 6869
8447 2225
8448 3926
8449 5640 8438
8450 2328
8451 2463
8452 1758 2271 2963 8340
8453 2608
8454 1508 1517 5701 5719 9061
8455 4552
8456 94 331 495 735 1061 1463 3207 3693 3934 4022 4266 4471 4667 4772 6001 6075 6880 6937 7887 7889 8012 9050 9700
8457 617 1512 4205
8458 7105 7106 7553
8459 8840
8460 1060 3393 9260
8461 951 1060 2133 2820 3393 4711 5800 6404 7854 9260
8462 2145 3534
8463 3040 9264
8464 243 4861 4886 6890
8465 474
8466 2512 2646 4807
8467 1936 5840
8468 3425
8469 152 886 2068 2212 2726 4065 4283 4293 4549 4558 7720 7787 7798 7952
8470 1111 2011 4946 4950 5756 7290
8471 1141 1981 4685 5674
8472 657 2535 4053 5182 5574 6155 6978 7146 7931 9702
8473 1738 5329 6036 7163 9259
8474 3089
8475 3038 7461 9178 9502
8476 78 168 331 522 582 639 640 817 974 1027 1055 1186 2028 2352 2399 2554 2691 2788 2900 2982 3130 3258 3303 3524 3966 4011 4999 5151 5161 5250 5560 5606 5615 5739 5792 5925 6380 6561 6645 6834 6880 6952 7889 8012 8356 8419 8785 8909 9076 9263 9492 9617 9735
8477 784 1186
8478 1600 6819 7128 8744
8479 1350 4319 5286
8480 2836 3526 4907 7084 7744
8481 2093 7631
8482 1859 2548 4132 7054 8770 8917
8483 2309
8484 287 1097 2448 5103
8485 2234
8486 6147 9787
8487 1217 7966 9638
8488 12 9314
8489 8303
8490 5230 9674
8491 6436
8492 8995
8493 8388 9703
8494 3930 6467
8495 982 1149 3157 9123
8496 375 1617 6254 7565 8314
8497 579 5067
8498 4274 6211
8499 4092 6465 8950 9035
8500 7367 9440
8501 429 8240
8502 3653 5666
8503 2161 2182 3940 4073 4075 4095 4314 4525 4575 5173 6217 6293 6309 7925 9579
8504 3626 3740 8828
8505 2135 3410 3535 3726 5381 5981 6251 6355 8511
8506 3225 5386 8654 9559
8507 368 728 2800 3434 3612 3674 5100 7660 8726
8508 370 3188 4579 6187 6286 6343 8944 9106 9651
8509 5317 7536 7543
8510 3743 4219 9586
8511 3726 3730 5381 5950 8505 9574
8512 2494 5684
8513 546 1394 1607 2095 2663 2664 4153 5159 6488 6519 7121
8514 4211 4221
8515 3806 4782 9720
8516 4528 7863
8517 824 5938
8518 298 4331 5773 8323 8724 8854
8519 1308
8520 1111 2046 2439 5887 7157
8521 2720 4854 4929 9674 9809
8522 1417 2265 9318
8523 3861
8524 1763 2366 3081 3123 3158 3715 4505 4902 5215 7578 8754 9043
8525 651 732 739 1206 1326 1826 1827 2186 2952 3122 3549 4101 4690 6150 6179 7327 7440 7704 7948 8657 9411
8526 341 1940 3970 4836 5051 7104 7762
8527 2934 4082 9080
8528 511 6519 8362
8529 9323 9790
8530 3823 4024 5138 5869 7920 9135
8531 3197 3363 3793 7043 7723 7907 9448
8532 7057
8533 6148 7449
8534 1451 2850
8535 920 2030 2031 2647 2687 5264 7756 8314 9080 9490 9513
8536 1778 5864 8859
8537 4187
8538 2679
8539 522 746 797 1061 2106 2410 2526 3004 3187 3346 3524 3577 3966 3970 4266 4359 4896 4897 4899 4999 5151 5395 5425 5438 5812 6645 6880 7072 7466 7889 7938 8012 8132 8785 8883 9019 9455 9492
8540 7217
8541 390 616 997 1609 2786 3548 3696 5217 6530 8156 8340
8542 921 3506
8543 7364
8544 499 2252 2395 2554 6139 9754
8545 3757
8546 8943
8547 704 769 4153 4714 6820 7764 8844
8548 2576 2583 2703 2882 3022 3078 3156 3310 3430 3636 3727 4311 4384 5096 5340 5942 6279 6322 6323 6324 6355 6667 7659 7665 9526 9614
8549 609 3910 3932 4296 4299 4554 5975 6326 6337 7535 8060 9034 9570 9686
8550 5776 6353
8551 277 997 1429 2574 2583 3063 3491 3636 3660 4072 4249 5971 5984 6884 9650
8552 5149 6930 8553
8553 233 1177 1273 2437 2464 2479 4979 5149 6017 6103 6211 6527 6930 7100 7220 7312 8120 8552
8554 4902
8555 1862 1863
8556 1427 2060 2318 4145 8119
8557 8803 8817
8558 750 1076 4452
8559 1310 3806
8560 7005
8561 5488 8440
8562 239 2855 5427 6615 7197
8563 44
8564 1538 6910
8565 4040 9360
8566 6027
8567 55 753 2150 3706
8568 7826
8569 171 1837 2135 2329 2736 2738 2755 2792 2927 3758 4248 5004 6776 8284 8758 8760 9018 9060 9544 9746
8570 1726
8571 222 224 723 1608 1972 2156 2206 2362 4341 4653 4676 4933 4973 5141 5279 5407 5707 6187 6381 6517 7907 8294 9421 9717 9731
8572 127 3160 3990 9032
8573 2527
8574 940 6605 6890
8575 882 6177
8576 740 2912
8577 1346 5930
8578 3152 4480 6715 9153
8579 1734 4477
8580 880 1738 4238 4483 4911 5033
8581 783 803 1129 4511 6735 8786
8582 12 81 1805 3300 4172 5333 7123 7409 7956 7959
8583 19
8584 2099 7106
8585 2583 3637 4419 4517 4575 5095
8586 830
8587 3516 3674 7542 7652
8588 3282 3740 5098 7539 7542 8620
8589 5095 5144 7536 8048 8866
8590 297 2712 3524 3722 3736 4088 4255 5656 8943 9012
8591 4355 4386 7530
8592 1186 1591 3022 3081 5925 6703 7688
8593 2421 8141
8594 5244 6476 6550
8595 97 5853 7497
8596 1963
8597 4376
8598 476 2370 3531 4083 6504 7134 8880 9289 9348
8599 4348 5319
8600 298 8724 8854
8601 3283 4234 4340 4554 5635 6337 8942 9008 9570
8602 3536 7528
8603 2582 3431 3951 6306
8604 3647
8605 75 2134 6192 8060
8606 482 1018 1086 1198 4992 7890
8607 9613
8608 368 4098 4535 8659
8609 4055 4148 7613
8610 129 984 5249 5502 5771 6112 6372
8611 3629 5373 6393
8612 924 3075 3652 3952 4156 5981 7658 8616 8948
8613 3747 4350 4524
8614 489 4255 5857 7974
8615 573 3410 3949 5381 5958 6251 8726 9017
8616 4069 4577 5981 6230 8191 8612
8617 3986 8240
8618 2349 3095
8619 4373 9018
8620 3282 4384 6320 7539 7542 8588
8621 1379 5609 6340
8622 5986
8623 146 1392 1953 2421 8422 9841
8624 2583 3636 4576
8625 3074 6918 7651 9086 9223
8626 4287 6169
8627 144 1692 6039 6043
8628 107 655 3222 5456 6785
8629 407 436 805 2062 3356 4486 9197
8630 6 9442
8631 68 2767
8632 3227 5095 5652 8866 9560
8633 5841 8696 9831
8634 4209 5555 5874 5876 6552 9776
8635 4278 6667
8636 6395 6951
8637 598 3946 5074
8638 300
8639 4200
8640 6187 8943
8641 287 2099 3999 4111 5407 7282 9472
8642 1076 1207 1869 3796 4828 4851 5358 5438 6408 7397 9203
8643 3537 8702
8644 3125 3270 9586
8645 4404 4824 8171 9088
8646 2114 3650 4376
8647 237 2588 3725 6400
8648 19 398 1531 3736 4225 9291
8649 3541 3687 3877
8650 300 2697 2732 3285 3423 3720 4530 4555 4896 5728 5983 6997 7656 7668 9579
8651 2392
8652 8814
8653 5656 5921
8654 298 3225 3517 6344 8506 8724 9012 9559 9569 9586
8655 773 1315 4341 8281 8959
8656 515 3281 8661
8657 316 1826 3281 3744 4101 4353 5377 6188 7536 7948 8035 8525 8945 9007 9574 9584
8658 369 9664
8659 8608
8660 3719 4055
8661 454 515 3507 3515 3766 4316 4708 5376 5451 5654 7542 8656 8957
8662 871 1529 4757 6397 6555 7062 7294 9863
8663 620 670 841 1098 1311 1652 2567 4780 5104 5282 5748 7255 7637 7653 8311 8893 9169 9210 9218 9760
8664 978 1390 1636 2181 2190 2328 3311 3546 4358 6734 7909 9464
8665 6629
8666 1494 7470
8667 195 808 1205 1250 1689 2347 2641 3684 6890 9029
8668 1057 1807 2424 4066 6433 8220
8669 3625 5986 6056 6495 9117
8670 5442
8671 791 900 1328 1506 2413 2776 5345 5844 6245 6688 8307
8672 3377 4697 6589
8673 2228 4697 5218 6589 7352
8674 6391 8702
8675 2145 3534
8676 2003
8677 3027 7024 9737
8678 8679
8679 99 562 1781 2122 3356 3454 3614 3844 4327 5578 6312 6555 7093 8678 8680
8680 832 2122 5778 7846 8286 8311 8679 9098 9766
8681 375
8682 1228 1283 2017 2082 2832 6816 6867 6984 7021 7134 7459 8372 8783 9091 9231 9348
8683 4648 8073
8684 1807 2424 2544 4413 4479 7749 8220
8685 1522 2166 2332 2873 3585 4871 5862 6612 7153 8700
8686 4956 5825
8687 714
8688 881 4194 5091
8689 3303 3595
8690 249 3443
8691 246 621 720 916 1016 1861 2193 3205 3252 4119 4159 4744 5058 6379 6489 7698 8138 8239 9505
8692 1017 1775 2080 2529 4659 8098
8693 287 444 811 2258 2352 2481 2626 2713 3953 4173 4235 6002 6577 6832 7201 8331 9076
8694 452 876 1266 1297 1621 1673 2169 3035 3934 4266 4759 5591 5673 5739 6425 7035
8695 2338 4754 8292
8696 16 358 1045 1145 1353 3253 4269 4560 4859 5219 5841 6275 6346 6609 6810 7282 7432 8633 8840 9810 9831
8697 1197 1322 2449
8698 9422
8699 512 1244 1887 2872 3356 5304 9181 9721
8700 748 2873 7153 8685
8701 5037 6820 8844 9096
8702 1887 2080 2362 2367 3537 4341 4452 6391 7644 7837 8643 8674 9387
8703 1876
8704 6347 7770
8705 1045 3253 4560
8706 1969 3380
8707 2968 4790 4791 8269 8976 9475
8708 155
8709 1173 1407 3103 7530 9011 9526
8710 4671 7173
8711 7625 8878
8712 2002 8951
8713 2181 2371 4860 6714 8804
8714 3341 7628
8715 2806
8716 490 613 808 1709 2203 3676 4653 4933 8124 8335
8717 2479 3249 5021 6765 7978 9494
8718 1313 3596 5680
8719 5238 6087 8178
8720 6087
8721 3169 8722
8722 3169 5238 6087 8178 8721 8951
8723 3281 5779
8724 298 1243 3517 4321 4384 4517 4522 5773 5976 6209 7729 8323 8518 8600 8654 8854 9117 9567 9850
8725 2576
8726 368 3191 3267 3535 3741 4098 4253 6208 6343 8507 8615 9017 9599
8727 337 9566
8728 7676 8729 9871
8729 7676 8728
8730 5954 7155
8731 1529 1613 1746 2253 2311 2511 2513 3057 3886 4270 8106 8905 8917 9102 9488
8732 901 908 8841
8733 307 1695 2209 2946 3481 3970 4363 4485 5051 6397 6463 7104 7127 7466 7762 7949 8189 9448
8734 6689 7874
8735 4251 5129 8201
8736 420 2684 5211
8737 2716 3939
8738 5879
8739 7160 7612 9724
8740 3365
8741 6530
8742 2722 6907 7787
8743 2821 5125 7395 9165
8744 58 230 417 724 935 1119 1940 2432 2523 2818 4016 4235 4918 6809 7271 8478 8840 9416
8745 118 1583 1885 5720 6453
8746 1887 3356
8747 2005 2040 3529 3717 4750 4925 5430 9776
8748 3296
8749 2031
8750 5898
8751 5767
8752 1017 2037 3067 3757 4589 6163 8141 8262
8753 94 345 361 726 1014 1715 2244 2445 2468 2472 2553 2772 2792 2902 3536 3675 3750 4014 4214 4277 4589 4806 4989 5029 5342 5414 5606 6178 6458 6520 6630 7201 7847 7850 8300 8301 8934 9297 9603 9604 9617 9627
8754 3715 4902 8524
8755 264 1214 1823 1885 2487 2602 3700 6453
8756 171 3935 4282 5458
8757 2049 6780
8758 171 1837 2792 2927 5004 8284 8569 8760
8759 4282 5196 5458
8760 171 1837 2792 2927 5004 8284 8569 8758
8761 2757 7406 7723 7785
8762 7763
8763 3930
8764 227 1003
8765 2444 2730 4496 4691 4743 6337 7196 9397
8766 1820 4494 5008 6912 7946 8917 9102 9327 9548
8767 375 4065 4837 5264 5731 5825 7416 7518 9160 9471
8768 1103 1137 2153 3965 4788 5713 6066 6404 7782 7788 7882 8025 8443 9621
8769 936 7744
8770 203 2548 4132 7444 8482 9419
8771 3664 6013
8772 5308 5516
8773 1263 1292 1825 3153 3297 4818 6730
8774 597 2080 8956 9521
8775 3384 7727 7867
8776 4872
8777 7891 9617
8778 43 276 470 651 1544 1941 2167 2788 2946 3382 3693 4264 4322 4636 4989 4995 5438 6875 7104 7491 7957 8195 8281 9103
8779 7137
8780 7344 7629 8328
8781 9475 9711
8782 846 967 1836 2713 3144 3604 3839 3965 5748 6002
8783 2017 8682
8784 4274 7823
8785 331 582 1186 2554 2788 4266 4759 4999 5547 6645 6880 7093 7466 8076 8476 8539 9019
8786 222 230 783 803 981 1129 1312 2088 2276 2292 2988 3210 3796 3869 3889 4342 4343 4444 4511 5107 6735 7184 7880 8581 9418
8787 2291
8788 548 728 734 1230 2984 3185 5535 7427 8934
8789 2864 6714 6834
8790 507
8791 296 6202
8792 618
8793 3660 5259 5877 7552
8794 2673 4929
8795 2420
8796 4549
8797 4970 4972 8898
8798 2161
8799 349 4526 5791
8800 1997
8801 829 7570
8802 1125
8803 8557
8804 4629 8713
8805 9071
8806 1340 2063 3146 4583 4592 5817 6671 7432 7975 8816 8913 9860
8807 2328 2417 2564 3009 3610 7909 8177
8808 267 1901
8809 2263 3008 6021 6155 7907 8251 9731
8810 8184
8811 1835 5818
8812 1130
8813 474 732 871 2047 2845 3239 7367
8814 8652
8815 1690 6160 6217 6262 6273 6293 6591 7376 7489 8249 8875 8951
8816 1498 2334 2679 2818 2983 4165 4338 4362 4583 4592 4896 7260 7975 8806
8817 4593 6850 7853 8408 8557 9252
8818 459 2817 4826
8819 1211 1586 2202 2426 2427 3244 3302 3413 4204 4463 4646 5465 5716 8310 8977 9157 9337 9348 9752 9830
8820 3990 7665
8821 4995
8822 1108 6716
8823 4858 9617
8824 152 480 1224 2062 2184 2600 2719 2742 3151 3713 3935 6174 6301 7007 7166 7693 8371 8889
8825 983 2416 9620
8826 178
8827 1084 2463 3339 5644 6631 7173 7812 9478 9820
8828 2113 3740 4286 4369 4370 8504 9820
8829 3632 3701 3855 5649 5979
8830 18 3284 3979
8831 313 3747 4556 7534
8832 6407 6549 6906
8833 627 6017 7220
8834 4449 6433 8075
8835 49
8836 8897
8837 8983
8838 6136 6720 9488
8839 4170 5034 5798 6245 7442 8442
8840 287 444 1045 3667 4235 7063 8459 8696 8744 8930 9511
8841 901 908 2253 2513 3057 5606 6098 7169 7772 7999 8732 9700 9716
8842 1311 2334
8843 1568
8844 839 888 3539 5220 6820 8547 8701
8845 1774 2476
8846 4445 4447 7796
8847 4388 5969 8059
8848 6823 6836
8849 5814 9568
8850 6324
8851 68 319 2516
8852 5653 7251 8104
8853 6283 7536 7537
8854 298 5773 8518 8600 8724
8855 2418 2899 4240 5446 5806 8225
8856 1759
8857 3844 7310
8858 1798 9256 9301
8859 78 2016 2511 2712 3091 3481 3512 4033 4179 4642 4754 5073 5391 5864 6530 6931 8536 8885 9102 9599 9637
8860 516 901 1210 1746 4740 5230 5363 6262 6284 6599 6877 6878 8159 8318 9258
8861 3879 6951
8862 164 8947 9064
8863 255 1264 1555 1592 1594 1596 1775 1837 1898 2213 2509 3757 3806 4494 6591 6939 7058 7343 8308 8313 8318 9785
8864 8979
8865 286 563 4930 7447
8866 3227 3631 5095 5144 5652 6012 6278 8065 8589 8632 8947 9558 9560
8867 1284 2413 2707 6754 7117 9718
8868 2008 3476 3966 4064 6423 7415
8869 417 3866 6148 7809
8870 5014 6019 6155
8871 247 2337 9113
8872 5289 7193
8873 1335 2615 4144 5893
8874 106 7366 7508
8875 7376 8815
8876 283 1992 2215 2747 4271 4557 8986
8877 599 6007
8878 1655 2301 3635 5504 6067 7056 7625 8245 8711
8879 5611
8880 476 6504 8598
8881 1753 4342 6427 7711 8153 8290 8355 8411 9173 9804
8882 4625
8883 746 1061 2526 3577 3981 5395 5438 6880 7889 8539
8884 501
8885 423 732 910 1118 1170 1326 1529 1661 1879 2072 2181 2248 2712 2786 2882 2977 3129 3524 3549 3592 3772 3966 4064 4334 4546 4642 4962 5008 5346 5550 5925 6084 6119 6324 6530 6681 6912 6931 6971 7091 7367 7948 8141 8188 8318 8404 8859 8891 8959 9713
8886 4517 4799 5712 9850
8887 596 633 1418 2207 3240 6509 9436
8888 649 1888 2084 7833 9405
8889 2719 8824
8890 1672 1722 2072 3552 4712 4924 5008 5009 5302 5578 6260 6554 6912 7502 7664 7837 8404 9548
8891 495 1046 1459 2030 2110 2174 2363 2483 2712 2786 2872 2990 3524 4064 4962 5264 8885 9466
8892 589 2428 2637 2959 4292 6695 6866 8142 8207
8893 670 1098 1490 2567 3481 4179 5363 8663
8894 453 490 981 1158 1575 2988 8416
8895 818 2887 5361 5844
8896 626
8897 8836
8898 2229 3030 3333 4970 4972 5571 6276 8797 9248
8899 2098 2623 6054 8084 9608
8900 1242 2567 5282
8901 3476 9850
8902 904
8903 2003
8904 741 1961 2078 3913 6687 7427 7910
8905 263 322 757 1206 1298 1324 1336 1613 1746 1795 2078 2253 2352 2366 2511 2513 2778 2808 3057 3913 5606 5748 6483 6720 7576 7910 8731
8906 1611 2479 2684 5721
8907 3232 4153 7723 8181
8908 294 345 2385 2545 3211 3421 5038 6616 6827 8301
8909 495 1729 1778 2399 3938 4471 4688 4715 5058 6924 6952 7088 7829 7953 8476 9080
8910 239 627 725 1054 2122 5187 5998 6260 7168 7837 9874
8911 132 139 920 1012 1266 1610 1802 1804 2542 3346 3970 4474 4999 5028 5066 5226 5264 5676 5858 6020 7069 7071 7260 8127 8375 8441 9074
8912 2256 3756 3764 5843 9695
8913 6671 7432 8806 9262
8914 3008 5392 8251
8915 354 1375 1603 1678 3356 5304 6358 7487 9721
8916 875 1859 3022 3108 3207 3935 4547 4969 5335 6960 7946 8917
8917 806 875 1017 1666 1820 1859 2513 3273 3786 3886 4969 6163 6549 6720 6971 7054 7372 7946 8106 8111 8482 8731 8766 8916 9102 9724
8918 1214 3922
8919 409 630 5314 5483 7301 9199
8920 9503
8921 4426 5195 6162
8922 2335 5108 7275
8923 7102
8924 1224 1911 2080 4274 7024 8251 9755
8925 3704 4552
8926 425 1515
8927 2160 2330 2824 4585
8928 7972
8929 526 4696 7112
8930 3667 8840 9511
8931 3333 7000
8932 6475
8933 1504 3607 4004 4888 6118
8934 152 361 602 639 640 1108 1109 1186 1425 1722 2053 2553 2824 3035 3065 3387 3524 3750 3966 4105 4266 4283 4338 4589 4896 4923 5535 6530 6747 6880 7038 7072 7300 7466 7763 7842 7949 8370 8753 8788 9076 9260 9603 9731 9739
8935 2142 2194 4543 4594 7130
8936 1434 6598
8937 1326 1466 2366 5606 5739 6179 6924 7576
8938 2155
8939 1625 2924 3819 3965 4908 5421 9785
8940 3645 9832 9836
8941 923 1371 6761 9842
8942 3283 4554 5975 6337 7535 8601
8943 104 297 314 2588 3188 3542 3722 3736 3747 4088 4106 4255 5975 6187 6431 7672 8546 8590 8640
8944 3629 4102 8508 9580
8945 8035 8054 8657
8946 3630 4088 9684
8947 598 5095 5657 6661 6887 8309 8376 8862 8866 9226 9560 9649
8948 293 1137 4219 5038 5981 6616 6827 8612 9586
8949 3681
8950 4092 8499 9035
8951 1108 1131 1351 2002 2852 3713 4313 6087 6591 7276 7376 8247 8318 8712 8722 8815
8952 2300 3496 6761
8953 5904 9578
8954 2573 8957
8955 1831
8956 2080 8774
8957 1424 2323 2573 2595 3515 4223 4316 4822 5451 5654 6404 7444 8661 8954 9478
8958 3403 4224 6198
8959 773 1315 1557 1604 2230 4341 4839 5550 5835 6084 6678 8281 8655 8885
8960 7258
8961 1378 1418 4756
8962 9098
8963 3261 4440 5977
8964 1876 2041 5204 6293 6389 7361 7896
8965 2236
8966 9795
8967 3760
8968 7166
8969 240 6093
8970 9188
8971 7785
8972 4234
8973 1736
8974 2725 3812 4201
8975 708 3639 6722
8976 927 1049 1219 1489 2428 5616 6934 7380 7451 8025 8221 8707 9475 9537
8977 1211 1586 2202 2426 2427 3244 3302 3413 4204 4463 4646 5465 5716 8310 8819 9157 9337 9348 9752 9830
8978 1351 1853 6953 6959 7999
8979 3105 3352 3690 4381 7075 8864
8980 7056
8981 5791 9377
8982 2078
8983 560 593 594 1023 1110 1361 1999 2858 2970 3303 3385 4176 4236 4839 6365 6458 7889 8400 8837 9040 9483
8984 2680 6856 6987
8985 8119
8986 1992 3863 8876
8987 2918 3049
8988 5528
8989 6881 9465
8990 479 7179
8991 331 1109 1500 1926 2420 3025 3417 3885 3953 5059 8068 8085 8437 9279 9338
8992 1674 4661 4974 6159 6846 7150 9554
8993 2100 2310
8994 9043
8995 608 1189 2594 2817 2883 2885 3011 3012 5053 7960 8492 9131 9270 9749
8996 1936
8997 362 2432 3221 4799 6895 8320
8998 3318 5609 7012
8999 2161 4810
9000 4341 7907
9001 98 9639
9002 1244
9003 171 172 6780
9004 7656
9005 5385 5939
9006 4092 7669
9007 4090 5377 7536 8657 9599
9008 4554 5635 6337 8601
9009 1426 2574 6300
9010 3725
9011 1407 4355 4386 7530 8709 9526
9012 4256 8590 8654 9569 9586
9013 1719 2920 4317 4321 7608 9697
9014 6194
9015 3433 3997 9576
9016 18 2271 3681 3996 4752 5965 9544
9017 5958 8615 8726
9018 171 2230 3758 3770 4407 8284 8569 8619
9019 4999 6880 8539 8785
9020 2655 5742
9021 603 6189 9286
9022 5650 8040
9023 3742 4071 7690 8240
9024 516 3757 4023
9025 622 1887 3356
9026 477 1128 2105 7546 7599 9789
9027 3527
9028 4057 6416 6733 8263
9029 195 808 1250 2347 2641 3684 8667
9030 2959 9403
9031 9733
9032 127 3160 3990 8572
9033 1308 5381
9034 7535 8060 8549 9286
9035 4092 5981 8499 8950 9647
9036 20 5372 5959
9037 2170
9038 3784 7230
9039 9167
9040 6365 7683 8342 8983
9041 335 5888
9042 1126 1316 1543 2699 2708 5103 5479 6819 9149 9165
9043 136 1050 1362 2805 2896 3022 3123 3150 4902 4999 6554 6703 7104 7201 7300 7578 8058 8524 8994 9452 9724
9044 4139 5664
9045 2798 7268
9046 9295
9047 7416
9048 1950 6897 7275
9049 996 2924 4908
9050 145 447 1722 2339 2457 2501 2680 3207 3323 3621 4033 4943 6555 7024 7036 8068 8456 9233 9320
9051 4287 6169
9052 2353 8243
9053 3135 4871 5364 6261
9054 943 6615
9055 5042
9056 4753
9057 47 939 1802 4870 6797
9058 3914 9220
9059 165 711 1287 2655 2685 4894 5464 5725 5746 5750 9181
9060 8569
9061 1508 1978 4163 4461 4722 5412 8454 9294
9062 142 657 6289
9063 1807
9064 164 8862
9065 1726
9066 402 8208
9067 9797
9068 5664 9386
9069 616 1270 1824 3229 4781 5017 5290 5515 6731 7257 9712
9070 8250
9071 957 1447 2023 2616 2890 6439 6911 8165 8383 8805 9204
9072 132 574 1278 2262 2388 4911 5269 9170
9073 7947 9382
9074 47 568 766 920 1110 1606 2099 2474 2697 3175 3362 3425 3485 3503 4130 4923 5200 6871 7560 8375 8390 8441 8911 9266
9075 1540 3916 5085
9076 43 78 390 737 751 1027 1160 1325 1729 2028 2338 2352 2398 2494 2772 2900 2982 3091 3258 3512 3693 3708 3866 3938 3953 4078 4277 4544 4611 4715 4742 4806 4817 4999 5151 5250 5414 5604 5792 5864 5925 6071 6072 6083 6397 6521 6645 7500 7912 7938 7971 7989 8168 8476 8693 8934 9333 9492 9869
9077 1486 1910 2739 4409
9078 93 231 1558 2158 2858 6263 6916 7210 7338
9079 141 768 2301 7037 7312
9080 453 490 808 1778 1797 1847 2934 3105 3869 3919 5174 7728 8527 8535 8909 9287 9622
9081 1824 2099 2609 2913 4180 4341 4983 7269 8025 9262 9685 9710
9082 751 2376 4224 9818
9083 484 503 506 1009 2022 6822 6981 8320
9084 8070 8154
9085 906 1296 2294 3757
9086 3074 6918 7651 8625 9223
9087 4948
9088 4404 4824 6035 8171 8645
9089 2136
9090 1916 2350 3697 7358
9091 42 5917 7134 8682
9092 737 3091
9093 6621
9094 2793 3835 4645 9402
9095 669 1224 1505 3013 5045 7910 9185
9096 5037 5220 6820 8701
9097 684 4721 6024 6163 6165 7339 9238
9098 13 255 832 1520 2617 2939 7628 8680 8962
9099 9213 9470
9100 51 4301 9193
9101 1936 5875 6971 9488
9102 274 301 665 2016 3481 3786 3886 4179 4270 5391 6163 6971 7300 8106 8731 8766 8859 8917 9488
9103 7491 8778
9104 4594
9105 5576 8114 8121
9106 444 2258 2977 3130 4235 4427 4599 5606 6271 6647 7989 8508 9411
9107 4486
9108 7023
9109 5366
9110 402 8332
9111 51 8211 9193
9112 813 1150 1179 1309 1547 2161 2383 4240 5764 9764
9113 8871 9726
9114 995 1334 2243 5906 6592 9320 9862
9115 1795 2352 4937
9116 1648
9117 2328 2334 3119 7191 7729 8669 8724
9118 997
9119 476 6207 9289
9120 3783 6099
9121 1351 5733 7341
9122 1239 1533 2232 2377 2451 2941 4933 5287 7277
9123 8495
9124 5834 6733
9125 2431 3714 4117 4773 5927 6895 7386
9126 3755 6736 7320
9127 2374 3105 3234 4217 5313 5396 6037 6733 6839 6850 8343 8379
9128 4257 8407
9129 833 8152 9282
9130 1881 4257 8407
9131 525 573 732 892 1049 1976 3221 4392 5535 6947 6975 7884 7991 7999 8995 9706
9132 7547
9133 4265
9134 161 918 1019 2161 2284 2409 2795 2858 3045 4240 4549 4873 5055 5223 6163 6555 7615 8087 9754
9135 3823 8530
9136 1724 1894 4503 5130 6776
9137 263 1795 2352
9138 1004 3335 3618 5287 5373
9139 3999
9140 318 6196 6474
9141 581 8163 9493
9142 4792 4991 5619 6570 7313 8327
9143 3592
9144 209 322 539 2332 2882 4561 4723 5178 6187 6436
9145 1722 5008 6912
9146 1610 9151
9147 7597
9148 757 806 1213 1320 2188 2366 2512 3677 4807 4869 5000 5106 5266 5802 6720 7467 7866
9149 9042
9150 523 2564 2658
9151 429 984 1216 1574 1607 1610 1620 1792 1891 2136 2781 2785 2891 3340 3485 4547 4687 4748 4911 5292 5466 5550 5579 5646 5647 6084 6137 6846 7095 7456 7564 7601 7906 8107 8137 8251 9146 9325
9152 1432 4367
9153 3152 4480 8578
9154 2486 6453
9155 3192 4928
9156 1084 3339 9478
9157 1211 1586 2202 2426 2427 3244 3302 3413 4204 4463 4646 5465 5716 8310 8819 8977 9337 9348 9752 9830
9158 1637 2657 7274
9159 813 1531 2291 3472 5996 8025
9160 5825 8767
9161 321
9162 929 4584
9163 5848 7816
9164 844 3077 6425
9165 992 1097 1126 1756 2072 2090 2160 2254 2448 2699 2767 2806 2821 2824 5088 5103 5117 5479 5483 5858 6354 6755 6790 6887 7038 7395 7545 7850 8743 9042 9190 9215
9166 3782
9167 2351 9039
9168 627 8135
9169 841 2479 2567 3356 3842 4780 5104 6462 7637 7653 8311 8663 9210 9218
9170 132 758 890 891 1260 1278 2262 2388 3050 5269 5531 6255 9072
9171 3801 3836 9480
9172 5275 7924
9173 113 1748 1753 2681 3170 3777 4272 4342 6185 6427 7711 7917 8090 8214 8290 8355 8388 8411 8881 9703 9804
9174 1481 1556 4687 5093 6151
9175 3960
9176 4465
9177 32 6982 7400
9178 1092 1111 2371 2514 3079 4967 7290 7518 8475 9502
9179 210 1190 1204 1345 1871 2183 5294 7410
9180 3967 8220
9181 1489 2655 2685 3081 3356 4894 5731 5746 7025 7380 8699 9059
9182 1602 2657 6507 7766
9183 2657
9184 2713 3199 5748 6002
9185 1224 9095
9186 4875 7444
9187 871 1930 3470 4195 5151 5739 7300 7685 7794 9188 9867
9188 495 735 871 1369 1501 1930 2788 3148 3268 3938 4176 4195 5739 6613 6638 7794 8970 9187
9189 7264 7734
9190 2090 5483 9165
9191 23 113 222 1508 3929 4956 5701 6187
9192 1802 1804 6706 7214
9193 51 2940 4301 6727 7736 8211 9100 9111
9194 4301
9195 188 6385
9196 488 936 1113 1429 2334 3063 4371 6884 8214 9856
9197 512 671 966 2062 2285 3356 3401 3619 5128 7349 8629
9198 599 904 3013 6007 6138
9199 409 630 2226 5181 5314 5483 5570 6844 7301 8919
9200 599 6007
9201 4148 4400 6100 7613
9202 1072
9203 1076 1176 1207 1229 1250 1283 1314 1330 1814 3264 6408 6512 6657 7397 8642
9204 1447 9071
9205 3221 3295 3714 4773 7137
9206 3131 4469
9207 3869 4653 9301
9208 1934 3390 8413 9352
9209 1868 8161
9210 545 841 888 1277 2567 3341 3356 3842 4780 4905 5104 5282 6929 7637 7653 7654 8311 8663 9169 9760
9211 2937 4653 5261 8335 9229
9212 1224 2518 3872 4697 5218 5892
9213 715 836 1460 1614 1756 2099 2697 3450 4583 4932 5858 6017 6356 6386 6644 6952 7887 9099 9470
9214 2195 3878 5884
9215 583 2254 3121 5627 6755 6756 9165 9821
9216 2992 5102 5349 6826 8067
9217 2930 5022 6160 6273
9218 4780 8311 8663 9169
9219 1795 2352
9220 3914 9058
9221 3135 5364
9222 2554 3353
9223 3074 6918 7651 8625 9086
9224 1540
9225 964 2435 4682 5624 5784
9226 598 6887 8947
9227 3169 6873 8178
9228 863 8223
9229 6995 8335 9211
9230 908 1596 6098
9231 1283 2017 2403 2832 3264 5107 6825 6984 8682
9232 3669 5755
9233 145 2457 3621 9050
9234 3472 7831
9235 1367 1453 2166 3845 3901 6003 6547
9236 6155 6510
9237 4394
9238 1653 5552 9097
9239 386 543 598 659 1247 3456 4867 5697 5698 6691 6693 7855 8293
9240 325 1816 3759 4760 5362 5833 5836 6576 7120 9263 9264 9601
9241 808 2941 3117 4933 5195 5261 5570 5919 7075 7374 8335 8416 8420 9416 9694
9242 7283
9243 167 844 1221 1328 2973 3357 3669 3706 3863 4643 5192 5312 6590 6726 7117 8112 8367 9435
9244 2291
9245 339 340 595 1062 3809
9246 6348
9247 1483 1721 6103 6738
9248 2229 3333 6276 8898
9249 2007 2295 2343 2640 2721 3056 3372 4233 5736 5895
9250 3713
9251 1493
9252 4593 8817
9253 599 3336 4559
9254 348 643 1775 5923 9697
9255 585
9256 1088 1798 2459 4835 8858 9301
9257 2263 4053
9258 516 1326 6262 6599 8318 8860
9259 280 1738 2167 5329 5407 5996 6036 7163 8473
9260 951 1060 1368 2002 2113 2649 3065 3393 4711 5133 5800 8460 8461 8934 9478
9261 912 4526 7438 7768 8231
9262 2913 7269 8025 8913 9081
9263 325 1055 5560 8356 8476 9240 9264
9264 38 325 938 2356 2495 3040 3688 3759 4458 5013 5468 5836 6331 6576 6639 7476 8463 9240 9263 9265
9265 9264
9266 766 1606 2172 2796 3175 3503 3782 4191 4401 4508 5143 5200 6578 6852 7468 9074 9551 9564
9267 116 4486
9268 116
9269 2752 4224 8378 9858
9270 399 7960 8186 8995
9271 4181
9272 7984
9273 918
9274 2047
9275 2897 3089
9276 2427 4246 4342 6005 6108
9277 3805
9278 7047
9279 3953 8068 8991
9280 1705 7723
9281 9370
9282 833 1617 1691 5616 6478 7380 7469 8234 9129
9283 9496
9284 341 2986
9285 300 3228 4202 6349 7668
9286 123 603 743 2575 2854 3408 3441 6189 8060 9021 9034
9287 209 1778 1797 1906 3279 3823 4632 5174 7201 9080 9646
9288 1677
9289 476 6207 6504 8598 9119
9290 1836
9291 3736 4225 7529 8648
9292 3935
9293 2548 2564 3590 4061 4806 5050 5414 6642 7339 7734 7847
9294 1152 1973 4461 5412 9061
9295 1266 1618 2420 2724 3467 3478 3768 4100 5264 7052 9046 9851
9296 921 1052 2179
9297 1729 1999 2468 2712 3258 3424 3585 4176 4214 5032 5281 6458 6463 6493 6521 7093 7295 8400 8404 8753
9298 871 1887 3347 3488 3600 3899 4107 5748 6136 6163 6584 6647 6832 6859 6947 7872 7933 8188
9299 822 4877 9368
9300 2829 3234 6715 9462 9783
9301 492 1798 3869 4653 7841 8858 9207 9256
9302 6167
9303 1531 2291 5996
9304 1130
9305 5075
9306 383 7724
9307 647 2668 3710 3800 4234 4524 5354 7122 7444 7916 9810
9308 3956
9309 5895
9310 884 3807 6243 6540 6839 7709 9703
9311 721 2062
9312 598 1041 1610 2112 2679 3325 4628 4675 4870 4871 4896 5066 5074 5095 5153 7656 8425
9313 231 1482
9314 12 1237 1698 2341 4886 5197 5425 5503 5513 5910 8488 9781 9815
9315 1454 9762
9316 1557 3044 4924 6812
9317 3337 3544
9318 1417 2265 8522
9319 1945 2562 3902 4848 9624
9320 871 1421 1531 1722 2220 2241 2243 3185 3415 4667 5058 5416 5906 5925 6864 6875 9050 9114
9321 4342
9322 3981 3988 4230 5028
9323 1946 8020 8529 9682 9790
9324 2992 4002 6049 8435
9325 129 984 1168 3103 3563 3857 3905 4748 4856 4921 5040 8297 9151 9526 9544 9673 9801
9326 2112 2527 2528 3107 3162 3858 3935 4854 6748 7010 7050 9589 9810
9327 2412 4190 4436 4859 5008 5876 6912 6990 7135 7383 7799 7948 7972 8008 8404 8766 9548 9591 9785 9791
9328 1385 3543 6088 8020 9600 9602 9682
9329 2341 3103 4891 7011 8006 8011 9771
9330 3685
9331 6156 6636
9332 628 736 2444 3016 5428 6156 6337 6636 7751 7876
9333 751 1630 2135 2338 2518 3065 3095 4158 4277 4742 4806 5075 5299 5414 5604 6083 6815 7563 7830 8193 8222 8430 9076 9599 9701
9334 9686
9335 981 1312 5440
9336 3956 6531 6853
9337 1211 1586 2202 2426 2427 3244 3302 3413 4204 4463 4646 5465 5716 8310 8819 8977 9157 9348 9752 9830
9338 2420 3417 3885 8068 8437 8991
9339 222 230 970 3627 3833 3929 4088 4092 4491 5678 6149 7348 9667
9340 1255 3726
9341 3290
9342 4096 4321
9343 3674 9593
9344 4263
9345 198
9346 181
9347 1747 3871 5791
9348 978 1211 1586 2017 2202 2426 2427 2611 2658 2659 2950 3244 3302 3413 4083 4129 4204 4463 4646 5084 5354 5465 5716 6739 6816 6867 7155 7459 8310 8598 8682 8819 8977 9157 9337 9413 9752 9830
9349 1489 7833 9862
9350 1756 3356 7183
9351 572 1503 2109 2419 5909 6967 9501
9352 418 1934 1992 2168 3390 3438 4877 8413 9208
9353 2831
9354 767 2516 5389
9355 73 771 1674 2827 3529 4619 7752
9356 4597 6310 8160
9357 804 1032 1114 1267 1269 1306 1321 2322 2394 2625 3418 4481 4640 4813 5339 5433 5448 5770 7029 7379 7594 7905 8187
9358 2 6038
9359 3061 4112 6540 6616 6806 7687 7688
9360 3150 4040 7504 8565
9361 7563
9362 135 1739
9363 2703 3022
9364 9422
9365 4853
9366 2036
9367 3076 5839 9454
9368 3173 7851 9299
9369 4532
9370 9281
9371 2297 2951 3226 3790 7017 7607 7728
9372 3808
9373 4818
9374 1864 1954 4470
9375 2463 3897 5848 5881
9376 3194 7834 8015
9377 1417 3103 4583 4754 5028 5957 7181 7237 8981 9636
9378 1907 2882
9379 119 2302 2331 4581 7244
9380 341 1349 1940 2484 3176 4011 6075 6222 8224
9381 554 698 1537 1957 5241 8078 8203 8227
9382 7947 9073
9383 2179 7944
9384 5493
9385 3944 6974 7768
9386 5664 9068
9387 2367 8702
9388 2016 4179 5391 7494 8199
9389 222 3246 7122
9390 1716 1972 4196 4227 4341 5784 6517 7805 7907 8301
9391 509 2533 2967 6144 6145 6607 6781 7895 8172
9392 3439 3524
9393 4291
9394 7724
9395 2371 2786 3405
9396 2818 5295 7128
9397 2444 4743 4754 6337 6992 8765
9398 4924
9399 1366 2517 3286 4137 5835 9531 9746
9400 2075 5954
9401 5686
9402 2793 3835 4645 9094
9403 922 2959 3339 7574 8418 9030 9753
9404 1360 3452 3537
9405 649 1187 1334 1888 1920 2084 2373 2401 3428 3926 4978 5089 5704 6889 7446 7797 7833 8316 8317 8398 8888 9496
9406 9482
9407 1465 6111
9408 3549
9409 451 620 737 1490 2123 2519 2712 2722 2786 3523 3549 4642 5008 6136 6179 6796 6912 7773 7816 7948 8262 8404
9410 566
9411 757 1326 2186 2366 3122 3237 5584 6179 6271 6647 8525 9106 9537
9412 4266
9413 964 3498 3855 3994 4110 4387 5649 9348
9414 1205 2343 4233 5025 5736 5895 8333
9415 5536 7820 9431
9416 2 58 465 724 765 789 903 935 1119 2168 2523 2750 2793 2868 2969 3920 4228 4704 6537 7198 7374 8744 9241
9417 717 828 1753 3076 4958 5259 6185 6999 7761 7892 9454
9418 222 8786
9419 1838 2336 7444 8770
9420 7803
9421 404 1634 3246 3889 4089 4341 5407 8571
9422 8698 9364
9423 1668
9424 1616 6580 9535
9425 5051 5226 6802 7870
9426 1228 2819 4702
9427 3871 5791
9428 75 2074 5284 7696 8113
9429 4464
9430 3501 4990 8413
9431 5536 7820 9415
9432 712 4130
9433 3018 3038 6922 7005 7846 9533
9434 881 3959 4194
9435 844 8367 9243
9436 3240 8887
9437 5859 6513 7692
9438 5331
9439 1682 2334 7348 9556
9440 7367 8500
9441 45 3337 4660 4818
9442 6 77 764 985 2306 4105 4427 4486 4909 5277 5608 7437 8630 9692
9443 7813
9444 3079 4967 6177 7813
9445 1796 2029 4036
9446 795 1076 1204 1376 3477 4499 6884 9856
9447 2463 3706 6404 7494
9448 307 2223 3197 3497 3793 5622 7127 7907 8081 8531 8733
9449 9818
9450 1017 3356
9451 168 1186 1558 1621 2340 3489 4471 4688 5226 6048 6548 6952 7069 7711 7938 8271
9452 1362 2896 4902 7300 9043
9453 9534
9454 3076 4784 9367 9417
9455 816 4125 5425 7914 8539
9456 1389
9457 3125 3301 4259 7289 7803 8182
9458 1037 1150 2883 8140
9459 4770
9460 3192 3703 6409
9461 3790
9462 1053 2829 3234 6444 6445 6715 9300 9783
9463 3928 4804
9464 8664
9465 2786 4393 4990 5577 6881 8989
9466 495 4064 8891
9467 3883 6566
9468 213 329 444 1654 2024 2190 3245 3546 5244 5299 6793 8155
9469 4748 7581
9470 2665 6871 9099 9213
9471 7518 8767
9472 2167 3999 5407 5996 7282 8641
9473 4901 6318
9474 2469
9475 3048 3240 6377 6414 7235 7321 8707 8781 8976 9711
9476 4990 8141
9477 4736 5925
9478 89 377 421 431 1084 1893 1955 2069 2089 2284 2323 2463 3339 3893 4193 5644 5858 6293 6404 6631 6843 7444 7494 8827 8957 9156 9260 9754
9479 4269 4560 8305
9480 3047 3221 3801 3836 9171 9703
9481 800 5481
9482 2856 2882 4011 5010 5473 8426 9406
9483 4236 8983
9484 375 644 2046 2270 2767 4487 4837
9485 3240
9486 857 5060 7755
9487 873 4065
9488 28 651 1234 1529 2311 3022 3368 3786 3966 4014 4018 4270 4989 5029 5048 5277 5685 6136 6163 6647 6859 6971 7038 7201 7300 7491 7946 8106 8731 8838 9101 9102
9489 732 1701 1879 2248 3171 6514 6971 7367
9490 2647 7756 8535 9513
9491 4281
9492 43 94 331 390 632 735 737 1908 1986 1999 2072 2517 2539 2703 2824 2949 2966 3065 3091 3207 3509 3938 4266 4772 4849 5151 5606 5739 5766 6000 6454 6861 6880 7107 7425 7844 7889 7938 8132 8476 8539 9076 9617 9869
9493 581 2224 2700 4048 8163 9141
9494 1220 5046 6765 8285 8717
9495 8090
9496 1187 3926 7833 9283 9405
9497 2052 6193 8346
9498 387 3788 5949
9499 9869
9500 1837 3706 5104 5112 6404 6813 7494
9501 572 1503 2109 2419 5909 6967 9351
9502 8475 9178
9503 8920
9504 2032
9505 246 621 720 916 1016 1861 2193 3205 4119 4159 4744 5058 6379 6489 7698 8138 8239 8691
9506 75
9507 741 2524
9508 4021
9509 651 1472 3966 7062 7072 7201 8072
9510 99
9511 699 2536 3667 4280 6148 8840 8930
9512 152 5476
9513 1162 2647 6676 7756 8314 8535 9490
9514 6868
9515 783 3807
9516 9756
9517 33 227 229 520 544 627 1003 1775 3661 6017 6112 7220
9518 2466 3293 7083
9519 4660
9520 459 529 2817 5220
9521 2080 8774
9522 2168
9523 2464 4563
9524 5012
9525 350 1418 3317
9526 376 1168 1407 1410 1418 1942 2583 3103 3563 3849 3905 4848 4856 4921 5040 7530 8297 8548 8709 9011 9325 9544 9783 9801
9527 856 1479 1680 1808 4863 4922 5408 9802
9528 9552 9773
9529 1172 4986 6946
9530 1350 4185 5286
9531 73 456 743 811 1170 1409 1416 1490 2411 2626 2672 3102 3286 3454 4347 4514 4851 4887 5009 6076 6324 7422 7907 9399 9596 9672 9677 9813
9532 2144 5889
9533 788 2746 3018 3038 4462 4470 5301 6922 7005 7846 9433
9534 9453
9535 1616 9424
9536 1925 2061 5359
9537 726 1049 3358 5935 7777 8976 9411
9538 1023 4105 4427 8382
9539 142
9540 1143 2303 2728 6567 9758
9541 9689 9741 9803
9542 3854
9543 4321
9544 908 1596 2135 2736 2738 2755 3512 3681 3741 3861 3905 3996 4927 5282 8284 8569 9016 9325 9526 9599
9545 6670
9546 2626
9547 4861 6890
9548 4190 5008 5686 5863 6912 6913 7799 7948 8404 8766 8890 9327
9549 4850
9550 2057 3853
9551 2172 2796 4191 4508 5143 6297 6852 7468 9266
9552 9528 9773
9553 5354
9554 1157 1674 2653 3118 6949 7150 7417 7418 8010 8330 8992
9555 2358
9556 3001 5082 6507 9439
9557 348 5739 6569 7479 7987 9785
9558 2588 3281 3284 3285 5095 6012 6283 7668 8866
9559 3225 3628 3948 5352 5386 6410 8506 8654
9560 5095 8632 8866 8947
9561 3404 4097 4523
9562 1778 7090
9563 480 3525
9564 9266
9565 5035 8145 8416
9566 337 3652 5658 5963 8727
9567 8724
9568 5814 8849
9569 8654 9012 9586
9570 415 2135 2584 3283 3996 4090 4234 4554 5656 5986 6337 8549 8601 9599
9571 1616 6580 8388 9703
9572 2578 6342 7819 7822 9798
9573 1381 2579 3442 4096 4548 5032 5976 6027 6152 6178 6335 6361 9663
9574 3281 3730 8511 8657
9575 4051
9576 3433 3997 9015
9577 3271 3307 3514 5656
9578 2582 2585 3680 3727 3728 3767 5655 5904 7899 8953 9582 9661
9579 300 3681 6217 6293 6309 7531 7668 8503 8650
9580 336 415 4073 4091 4568 5381 7523 8944 9599
9581 1395
9582 3728 3767 5378 5655 6216 6332 9578 9661
9583 7542
9584 8657
9585 4354
9586 3125 3226 3270 3743 4219 5622 8510 8644 8654 8948 9012 9569
9587 3433
9588 741 1627 7427
9589 3935 9326
9590 2444 3701 3855 4110 5649
9591 2341 3857 9327
9592 2056
9593 444 2258 3205 3674 4099 5906 8425 9343 9781
9594 99 2306 3559 4206 4747 7252
9595 2057 3853
9596 99 1369 1408 3524 4208 4209 4210 4212 4214 4746 4747 4752 4754 4856 4887 6324 6551 9531 9677
9597 6125
9598 1012 3572 9784
9599 2135 2577 2584 3512 3741 3996 4090 4091 4253 5073 5690 6208 6327 6392 8726 8859 9007 9333 9544 9570 9580
9600 1385 1411 2286 3543 8020 9328 9785
9601 1418 4760 5362 6268 7120 9240
9602 1417 1860 2286 2366 2673 3543 4855 5609 6880 7075 8020 9328 9682 9806 9812
9603 94 573 1014 2497 2669 2902 3675 3750 4014 4227 4277 4806 4949 4989 5151 5237 6463 6630 6724 7464 7734 7805 7850 8300 8301 8302 8348 8753 8934
9604 1014 3750 8301 8753
9605 4655
9606 1403 8318
9607 2341 9722 9788
9608 2623 8899
9609 1108 4589 6747
9610 6083 7146
9611 1019 7306
9612 3492
9613 3272 3996 4519 5651 6307 6401 6450 7530 7657 8607 9769
9614 6322 6355 8548
9615 295 765
9616 5350
9617 258 1440 1715 2397 2548 2947 3275 3506 3536 3565 4277 4817 4858 4921 4925 6305 7286 7453 8230 8476 8753 8777 8823 9492 9735
9618 179
9619 327
9620 983 2416 8825
9621 4788 8768
9622 162 453 490 2934 3105 3678 9080
9623 4332
9624 9319
9625 6160
9626 307 1970 6908
9627 478 3614 4195 4205 4206 4209 4214 4215 4751 4752 4753 4760 5012 5738 5953 6557 7201 7665 8047 8259 8298 8753
9628 514 4218 6311
9629 1186 4266 5151
9630 1422 3454
9631 3454
9632 3573 7990
9633 3277 3532 3533
9634 2214
9635 1665 4079
9636 478 728 2712 2786 2982 3358 3512 4206 4214 4721 4747 4754 5561 6555 8419 9377
9637 4754 8859
9638 1217 8487
9639 98 9001
9640 3943 4747 4759 6551 6552 9652
9641 94 639 640 871 1436 1781 3512 3938 5792 6397 6463
9642 812 3319 3846
9643 5039 7819 9798
9644 3054 4856
9645 917 1111
9646 1906 3823 5174 9287
9647 3403 4524 5981 9035
9648 3671 5380 5981 6323 9662
9649 2167 3423 3970 4896 5095 6366 7536 8376 8947
9650 8551
9651 370 415 3223 3844 4106 4579 4851 5609 6343 7900 8508
9652 3837 3943 4209 4211 4747 4759 5603 6551 6552 9640 9653
9653 4209 4759 5603 6552 9652
9654 3499 4218 6311 6313 6561 8046
9655 1054 1722 4218 4219 6557 6561
9656 4209 4211 6293 6551 6561
9657 29 245 1079 1471
9658 3134
9659 8165
9660 349 1441 2498 2607 3653 4376 4395 5282 5666 7529 7532 8323 8357
9661 3728 3767 5655 9578 9582
9662 4524 5203 5981 6323 9648
9663 2579 3541 3877 4548 5376 8049 9573
9664 369 8658
9665 3434 4090
9666 5439 6000
9667 222 230 3627 3833 4092 9339
9668 99
9669 5918 9778
9670 1722 6463
9671 1037
9672 9531
9673 129 984 2464 4748 9325
9674 5230 8490 8521
9675 2287 3857 6734 7122 9772
9676 4921
9677 6202 9531 9596
9678 714 1351 4313
9679 2781 4975 5996
9680 5987
9681 3060
9682 2324 3543 6668 8020 9323 9328 9602
9683 988 9807
9684 1787 3215 3630 4088 6286 8946
9685 2913 5277 9081
9686 347 609 624 3338 4056 5649 6418 6734 8549 9334
9687 4109
9688 8086
9689 9541 9741 9803
9690 4842 7163
9691 160 1395 4394 7842
9692 77 289 764 985 2530 2913 3262 4152 4427 4486 4909 5277 5608 5624 5784 7437 9442
9693 136 694 2313 3158 3602 4902 7480 7848 9795
9694 278 2402 5193 5195 5261 5262 7356 8270 9241
9695 2256 3756 5843 8912
9696 484 506 1009 6981
9697 1719 2271 6895 9013 9254
9698 8071
9699 12 13 209 1090 1121 1748 3747 5178 5686 7577
9700 279 309 798 806 855 1650 2253 2352 2513 2557 2808 2824 3057 3207 4111 4937 5525 6577 6742 6819 6927 7128 7169 7467 8456 8841 9716
9701 1060 1630 1746 2167 3095 3382 5609 5685 9333
9702 2535 8472
9703 1431 1616 2170 3221 3497 3807 3929 6148 6243 6540 6580 7213 8151 8388 8493 9173 9310 9480 9571 9866
9704 7665 7768
9705 2726
9706 4392 9131
9707 8438
9708 4162
9709 3907 6171 6777 9844
9710 1429 1990 2144 3063 6011 6884 8434 9081
9711 1145 1490 1659 2108 2218 2545 3048 3696 4398 4531 5034 6810 7442 7639 7814 8417 8429 8781 9475 9729
9712 385 1824 2099 3229 4651 7132 9069
9713 2248 2712 4334 5346 6647 8885
9714 628 1392 2306 2338 2456 2490 2773 5036 7563
9715 209 1490 1952 2679 2882 3979 5250 6906 7036
9716 908 2253 2513 3057 7169 8841 9700
9717 4933 8571
9718 6475 7117 8867
9719 599 3013
9720 3806 4782 8515
9721 354 512 1375 1603 1637 1678 2657 3356 3582 5304 6358 6866 7276 7487 7766 8699 8915
9722 2341 9607 9788
9723 8266
9724 806 1042 1157 1368 1846 1859 2513 2805 3022 3058 4278 5316 6667 6710 6720 6738 6971 7160 7300 7491 7612 7946 8173 8739 8917 9043
9725 6467 6470
9726 375 1617 9113
9727 7114
9728 441 2543 4047
9729 9711
9730 897 1010 5418 5689 6890
9731 80 222 1283 1405 1425 1909 2206 2313 3264 3793 5141 6363 6984 7907 8224 8571 8809 8934
9732 5581
9733 1994 9031
9734 8184
9735 1440 2936 4277 4817 6885 7938 8419 8476 9617
9736 209 726 2878 3871 3938 5398 5614 6685 7058 7442 8308
9737 3027 7024 8677
9738 5160
9739 1109 2144 3387 3699 4266 8301 8934
9740 8061 8221
9741 9541 9689 9803
9742 4512 5443 7942
9743 1133 3022 3975 4310 6486 7024
9744 1133 4613
9745 7161
9746 532 1038 2329 3286 3409 3524 4036 4315 4347 4998 5546 6411 6550 7697 8284 8569 9399
9747 2820 4193
9748 3592
9749 8995
9750 2455
9751 2419
9752 1211 1586 2202 2426 2427 3244 3302 3413 4204 4463 4646 5465 5716 8310 8819 8977 9157 9337 9348 9830
9753 3339 8418 9403
9754 499 1778 2252 2554 2601 3121 4798 5858 6139 8544 9134 9478
9755 1224 1228 2080 2127 2491 2512 3583 4807 5508 7866 8146 8924
9756 2157 3094 3605 5854 9516
9757 7695
9758 1143 2303 2728 6567 9540
9759 580 4701
9760 37 668 754 1311 1652 2567 2908 5282 7255 7510 8311 8663 9210
9761 6840
9762 299 1454 4055 5940 7551 9315
9763 2680 3814 5894 6692
9764 67 813 1104 1105 1150 1179 1547 2092 2161 2383 2756 2883 4240 4810 5601 5764 6217 6291 6293 9112
9765 7039 7522
9766 832 2176 2325 4778 5778 6845 7109 7846 8286 8680
9767 1468 3962 5740 8349 8352
9768 6058
9769 5651 6401 9613
9770 9793
9771 9329
9772 9675
9773 9528 9552
9774 4856
9775 2057 2561 3189 3433
9776 2005 2040 2784 3529 3717 4750 4925 5167 5430 5876 6433 6552 8634 8747 9785 9819
9777 1423
9778 5918 9669
9779 4004 6663
9780 4923 6669
9781 456 1133 1237 3205 5058 5137 5298 5344 5425 6083 6220 6800 7024 7076 9314 9593
9782 1857 3563
9783 2673 2829 3103 3234 3235 6715 9300 9462 9526
9784 1012 3572 4851 4890 6789 9598 9785
9785 348 996 1170 1846 1946 2064 2924 3399 3561 3587 3681 3712 4387 4436 4852 4859 4908 5219 5841 5876 5931 6288 6552 6789 6990 7987 8089 8863 8939 9327 9557 9600 9776 9784 9791 9810 9816 9831
9786 4859 5555 5841 9810
9787 6147 8486
9788 2341 9607 9722
9789 477 1128 2105 7546 7599 9026
9790 1946 3321 3543 4878 5614 7013 8529 9323
9791 2924 5008 6912 9327 9785
9792 3103
9793 1978 2271 2390 2877 2895 6030 7321 9770
9794 2961 4152 5624
9795 516 1734 3662 4902 6892 7387 8966 9693
9796 1090 3114
9797 9067
9798 2578 4857 4929 5039 6342 7819 7822 9572 9643
9799 1413 2290 3104 4924 5040
9800 4848
9801 3563 9325 9526
9802 856 1479 1680 1808 4863 4922 5408 9527
9803 9541 9689 9741
9804 1012 1442 2461 2571 3183 3793 4341 4342 6517 7907 8290 8411 8881 9173
9805 463
9806 4855 9602 9812
9807 988 9683
9808 7789 7862 8169 9813
9809 8521
9810 1145 2606 4253 4289 4484 4524 4859 5555 5838 5841 5876 6324 6990 7122 8041 8696 9307 9326 9785 9786 9831
9811 609 2535 3016 4554 4947 6636 7535 9855
9812 4855 9602 9806
9813 3634 9531 9808
9814 2341
9815 12 9314
9816 1182 1351 1416 4752 4761 4852 5041 7970 8169 9785
9817 965 2893 3068 4489 4541
9818 737 751 3293 9082 9449 9869
9819 5167 9776
9820 2113 4184 4286 5169 6725 7173 7329 7812 8827 8828
9821 583 3121 5627 9215
9822 1924
9823 7295
9824 1012 7870
9825 4975 5996 6732
9826 321 4265 6776
9827 121 516 2319 4549
9828 1697
9829 318 1156 1596 2360 2874 3072 5461 6196 6474 7146 7232 7683 7850 8130 8319
9830 1211 1586 2202 2426 2427 3244 3302 3413 4204 4463 4646 5465 5716 8310 8819 8977 9157 9337 9348 9752
9831 1045 4269 4759 4859 5838 5841 6552 6990 7432 8089 8633 8696 9785 9810
9832 8940
9833 7449
9834 2245 2247 2497 2803 3078 3835 5802 6185
9835 260 4105 9855
9836 4292 8940
9837 929 2256 2907 5324 5705 8004 8180 8236
9838 1115 3172 6223 8075
9839 2817
9840 455 1214 4821 7023 7423
9841 8623
9842 8941
9843 414 1525
9844 3907 6171 6777 9709
9845 4394
9846 2102 2649 9849
9847 5936 6948
9848 1430 4826 6382
9849 2002 2102 2649 9846
9850 4009 4033 4111 4321 4517 5019 5048 5089 5209 5469 5712 5823 8724 8886 8901
9851 236 9295
9852 1532
9853 7817
9854 325 5468
9855 650 2497 3751 4808 4947 6636 6739 9811 9835
9856 115 1429 6884 9196 9446
9857 602
9858 4224 4858 9269
9859 7146 7683
9860 8806
9861 5244 6550 7222 7455
9862 371 995 1334 1489 1490 2626 3454 5753 6301 6592 7760 7833 9114 9349
9863 1529 3095 3966 7062 7294 8662
9864 263 2352 3757 4139 4494 4741 6143 8262
9865 273 4622 4626 6633
9866 620 1700 2967 7706 9703
9867 3470 9187
9868 209 539
9869 675 728 737 751 1213 1903 2028 2611 2628 3281 3293 3708 3775 4535 4923 5604 5673 5739 7060 7108 7124 7912 8303 9076 9492 9499 9818
9870 456 1044 2220 2352 2368 4439 6624 6680 7031 7239 7872 7933 8133
9871 7676 8728
9872 694 1002
9873 7817
9874 239 725 2122 6260 7837 8910
9875 2450 2730
9876 3988 6714
