26197 14484
0
1
2
3
4
5
6
7
8
9
10
11
12
13 7596 11196 19170
14 14171
15
16
17
18
19
20
21
22 106 11183 15793 19440 22618 25043
23
24 3858 15774 19517 23161
25 22891
26 1407 4550 11801 13096 13142
27 11114 19081 24726 25540
28 7916
29 20243
30
31
32
33
34
35
36
37
38
39
40
41
42
43
44
45 570 773 1186 1653 2212 2741 2952 3372 4164 4180 4511 4513 6179 6610 6830 7956 8879 9785 11241 11472 12365 12496 12679 12781 12851 14540 14807 15003 15659 17655 17692 18719 18866 18894 19423 19961 20108 20562 20635 21012 21281 21508 21847 22691 22887 23293 24955 25346 25758
46 570 773 1653 2212 2741 2952 3372 4164 4511 6179 6610 6830 7956 8879 9785 11241 11472 12365 12496 12781 12851 14540 14807 15003 15659 17655 17692 18894 19423 19961 20108 20562 20635 21012 21281 21508 21847 22887 23293 24955 25346 25758
47
48
49
50
51
52
53
54
55
56
57
58
59
60
61
62 2710 6575 7579 13190 16148 23751 25469
63
64
65 357 358 11609 22100 23300 24960 25777
66
67
68
69
70 4727 15559
71 3316
72
73
74 2298 16129
75 17245
76
77
78 8254 8862 12155 17379
79
80 8742 11733
81 5287 20000
82 3844
83
84
85 18171
86
87
88 1995 2338 2449 2530 2535 4355 4755 5210 6340 6512 7197 7444 7635 8727 9313 9656 9869 10350 12507 12710 14648 14766 15010 15244 15245 15457 15933 16654 17807 18225 18453 18778 19114 19446 19645 19939 20574 20576 21178 22504 23712 24718
89
90
91
92
93 4018 16608 17419 20328 21621
94
95 3048 15524
96
97 161 19583
98 12248
99
100
101
102
103
104
105
106 22 2710 11183 15793
107
108
109
110
111
112
113 2155 3383 13346 25172
114 5597
115 5268 10679
116
117
118
119
120
121
122 851 4825 6911 9593 13520 15250 15589 16921
123 4727
124 7307 14181
125
126
127
128 3113 6920 8198 16877
129
130
131
132
133
134
135 1776 3916 4102 6408 9889 12311 12675 14599 15816 19945 26176
136
137
138
139
140 17304 18587 19404 22462 23986 24122
141 8408 14102 17286 17443
142 16886 18626
143
144
145
146
147
148
149
150
151
152
153
154
155
156
157
158
159
160
161 97 3105 11418 19583
162
163 15528 19423
164 11318 17124
165 3804 17194
166
167
168
169
170
171
172
173
174
175
176
177
178 1000 1248 9800 10130 12701 18879 20641 23363
179 19675 20062 23614
180
181
182
183 5194
184
185 215 351 1074 1858 3939 4512 6892 8280 14542 17751 18095 18143 18649 18943 19573 22601 22793
186
187 1821 21386
188 17461 22920
189
190
191
192 677 1023 4426 8122
193 10819 22917 23038 23114
194 8628
195 20100 20119 22366
196
197 7510 8851
198
199 13702 17874
200 492 6708 7013 8151 9020 9021 9208 9471 9722 16882 17022 19586 19678 24861
201
202
203
204
205 3716 8391 13614 23708 24101 24385
206
207
208
209
210
211
212
213
214 3113 6512 10590 13989 18757 19161 21831
215 185 351 1074 1858 3939 4512 6892 8280 14542 17751 18095 18143 18649 18943 19573 22601 22793
216
217
218
219
220
221
222
223
224
225
226
227
228
229
230
231 345 1841 2450 2741 2980 2982 5578 6774 8503 8589 9482 12503 14807 14924 15538 16611 16994 17655 18543 20850 21012 22457 22691 22937 23363 23452 24001 24841 24955 25228
232 12587
233
234
235
236
237
238 8442 10412 16543 16563
239
240
241
242
243
244 1353 3286 4765 14952 16900 18030 22246
245 15144 16976
246
247
248
249
250
251
252 8298
253 4634 5363 21051
254 7572
255
256
257
258
259
260 2710 5794 13318 13989 21910
261
262
263
264
265
266
267 8301 13153 24240
268
269 1217 9974 25648
270
271
272 2912 11811 11840 15300 19012 20305
273
274
275
276
277
278
279
280
281 1404 2562 11199 15477 18552 20567 23529 24032
282
283 15959 24009
284 6427
285
286
287
288
289
290
291
292
293 3804 6556
294 8626
295
296
297
298
299 14174 18746 22051 22075 24713
300
301
302 11490 13008
303
304
305
306
307
308
309 9591 10677 17015 17453 20560
310
311
312 15395 21149
313
314
315 21297
316
317
318
319
320 1594 5602 6024 15108 17464 18042
321 6857 19059
322
323
324
325
326
327
328
329
330
331
332
333
334
335
336
337
338
339 2250 2654 3032 3310 3730 4743 4748 5621 6700 7717 9713 9755 11015 11026 11868 13714 14767 17414 17439 17603 18971 19216 19640 20511 20534 21321 22376 24295 25205 25396
340
341
342
343
344
345 231 676 2980 3372 11785 12365 12503 18866 19954 20850 21012 22691 23452
346
347
348 5660 15847
349
350 951 25676
351 185 215 1074 1858 3939 4512 6892 8280 14542 17751 18095 18143 18649 18943 19573 22601 22793
352 17228 21943 23513
353
354
355
356
357 65 11609 23300 24960
358 65 22100
359
360 2304 7602 8307
361
362
363
364 10391 15214 17359 21650
365 6774 9889 14552 15585 18579
366
367
368
369 2073 6183 7727 16433 16570
370
371
372 14131
373 21579
374 15706
375 10268
376 2611 16620
377
378
379 3909 6524
380 19996 20078 21401
381
382
383
384
385 1606 6264 7985 12849 14377 15850
386
387
388
389
390
391
392 14265
393
394
395
396 4469 7098 15214 17359
397
398
399
400 2072
401
402
403 13364
404
405
406
407
408 13834 17149
409 6746 13813 19204
410 4366
411
412
413
414 19974
415
416
417
418
419
420
421
422
423
424
425
426
427
428
429
430
431
432
433
434
435
436
437
438
439
440
441
442
443
444
445
446
447
448
449 500 2085 2568 3099 3547 4468 4631 7091 9892 10358 10458 10615 11011 12074 13469 13971 14079 14707 16754 18783 19612 20552 20553 21032 22876 23355 24454 25086 25180 25785
450 8666
451
452
453
454
455
456
457
458
459
460
461
462
463
464
465
466
467
468
469
470
471
472
473
474
475
476
477
478
479
480
481
482 939 1172 1834 5056 5934 13664 14037 15066 16469 16940 19613 20424 21048
483
484
485
486
487
488
489
490
491 1124 1818 4552 5739 6823 7882 13328 17039 17082 22028 23454
492 200 6708 7013 8151 9020 9021 9208 9471 9722 16882 17022 19586 19678 24861
493
494
495 1854 2846 9458 17968
496
497
498
499
500 449 9892 10458 11011 13469 13971 25086 25785
501
502
503
504
505
506
507
508
509
510 11502 24210
511
512
513
514
515
516
517
518
519
520
521
522
523 8701 20550
524
525
526
527
528
529
530
531
532
533
534
535
536
537
538
539
540
541
542
543 1958 2193 3501 4458 5547 5659 5812 6434 7883 8387 12313 12453 15160 16976 17248 19325 19675 20853 21205 22831 23614 23693 24833 26196
544
545
546 18455 23855
547 1829 4458 18870 19675 23614
548
549
550
551
552
553
554
555
556
557
558
559
560
561
562
563
564
565
566
567
568
569
570 45 46 773 1653 2212 2741 2952 3372 4164 4180 4511 4513 6179 6610 6830 7956 8701 8879 9785 11241 11472 12365 12496 12679 12781 12851 14540 14807 15003 15659 17655 17692 18894 19423 19961 20108 20562 20635 21012 21281 21508 21847 22691 22887 23293 24955 25346 25758
571
572
573 1356 4966 13142 19657
574 13276 19489
575
576
577
578
579
580 6431 23576
581
582
583
584
585
586
587
588
589
590
591
592
593 1008 2185 7893 8369 9082 11824 12066 12386 12627 13333 16778 16888 18051 20808 21815 23896
594
595
596
597
598 23465
599
600
601
602
603
604
605
606
607
608
609
610
611
612
613
614
615 2846 4515 5773 8612 9306 10590 11604 12308 12606 13501 15814 15935 16083 16216 17932 18276 19107 23145
616
617
618
619
620
621
622
623
624 1254 2654 3420 3731 4743 5407 6700 9099 10130 10762 15184 16032 19640 23577 23649 24293 25201
625
626
627
628 5825
629
630
631
632
633
634
635
636
637
638
639 4241 7125 9647 10039 15846 19297 23714
640
641
642
643
644
645
646
647
648
649
650
651
652
653
654
655
656
657
658
659
660
661
662
663
664
665
666
667
668
669
670
671
672
673
674
675
676 345 824 4466 4846 6934 7811 10456 10549 11746 11785 12085 12365 12545 13220 13411 17285 17439 17655 18739 18866 19954 20850 21800 22269 22457 24293
677 192 4426
678
679
680
681
682
683
684
685
686
687
688
689
690
691
692
693
694
695
696
697
698
699
700
701
702
703
704
705
706
707
708
709
710
711
712
713
714
715 6506 16042 19101 21811
716
717 24159
718
719
720
721
722
723
724
725
726
727 2287 6375 8457 8471 18030 18140
728
729
730
731 18719
732
733 19233 19297
734 21303
735 23772
736
737
738
739
740
741
742
743 4269 7245 8612 9710 12334 17932 19159 26159 26190
744
745
746
747
748 23458
749 14690
750 17911 19641
751 17800
752
753
754
755
756
757
758
759
760
761
762
763
764
765
766
767
768
769
770
771
772
773 45 46 570 1186 1653 1997 2212 2741 2952 3372 4164 4511 4513 5134 6179 6610 6830 7956 8879 9341 9785 11241 11472 12365 12496 12781 12851 13060 14540 14807 15003 15659 17655 17692 18719 18866 18894 19423 19791 19961 20108 20562 20635 21012 21281 21508 21847 22691 22887 23293 23452 23628 24955 25346 25758
774
775
776
777
778 1048 1278 22235
779
780
781
782 11539 15227 16655
783
784
785
786
787 12940 20883
788
789
790
791
792
793
794
795
796
797
798
799
800 13167 15485
801
802
803
804
805
806
807
808
809
810
811 6468 9964 11919 15123 16083 17021 19517 22989 23485
812
813
814
815
816
817
818
819
820 2515 14414
821
822 9518 16358
823
824 676 2133 4846 6610 6700 11082 11785 12928 14419 17330 18487 22779 23382
825
826
827
828
829
830 16802 23757
831 11280
832 3387 4703 7447 9764 10117 14340 14370 15006 16231 16590 16730 19957 21848 22320 22423
833 17951
834 2490 5570 11447
835
836 13955 16747 19489
837
838
839 3743 5848
840
841
842
843
844 890 11197
845
846
847
848
849
850
851 122 4825 9593 15250 15589 25034
852
853 12927 17231 19810 22493
854
855 21695
856
857
858
859
860
861
862
863
864 1685
865
866 12884 20173
867
868
869 2404 3618 14709 14807 22421
870
871
872
873
874
875
876
877
878
879
880 7824 12053 12065
881
882 3547 8807 14707 17245
883
884 24699 24781
885 2505 17192 18222
886
887 6023 9634
888 1520 7007 7712 13614 22598 23351
889
890 844 11197
891
892
893
894 5441 5717 10762 14351 22734
895
896 7188 8279 17038 18866 21158
897
898
899 5052 16148 22415
900
901
902
903
904
905
906
907
908
909
910
911
912
913
914 1493 2243 3442 3811 5162 9090 18633
915 16154 18624
916
917
918
919
920 7317 8523
921 6815 7188
922
923
924
925 8615
926
927
928
929
930 4493 17189 23720 25904 25931
931
932
933
934 6700 14991 16032 20644 23293 25080 25516
935
936
937 3466 4135 8579 14924 18233
938 5087 5202
939 482
940
941 3386 4555 13712 16727 22321 23151 23383 25080 25442
942
943
944
945
946
947
948
949
950 1653 7087 10153 19423 21281 21379 23051
951 350 25676
952
953 3909 5993 22184
954
955
956
957
958
959
960
961
962
963
964
965
966
967
968
969
970
971
972
973
974
975
976
977
978
979
980
981
982
983
984
985
986
987
988
989
990
991
992
993
994
995
996
997
998
999
1000 178 1149 1694 2115 4575 5107 5605 6288 9829 12016 12070 13008 13469 14485 16101 18250 20667 20716 22644 23107 23344 23939 24199 25402 25948
1001
1002
1003
1004
1005
1006 8968 16210
1007
1008 593 2185 11824 12066 12627 20808 21815 23896
1009
1010 2749
1011
1012
1013 19011
1014 5209 12478 19150 25902
1015
1016
1017
1018
1019
1020
1021
1022
1023 192 1563 2457 2512 3534 4364 4639 4959 5065 6271 6387 6867 10427 12101 14379 15145 15562 15708 15714 15805 17580 17584 18396 18952 19677 23241 24616 24617 24819
1024 1817 12552
1025 18215
1026 1696 18215
1027
1028 9924 12262 18619 18751 19683 21558 22744
1029 5287 17273
1030
1031
1032
1033
1034
1035
1036
1037
1038
1039
1040
1041
1042
1043
1044 3409 5809 9485 10435 13597 14698 16123 21823
1045 8854
1046
1047
1048 778 1278 22235
1049
1050 17120
1051 4245 25664
1052
1053
1054
1055
1056
1057
1058 1667 3310 3685 14661 15244 18208 19562 23723 24477
1059 10791 11125 23529
1060
1061
1062
1063
1064
1065
1066
1067
1068
1069
1070
1071
1072
1073 2750 6154 20668
1074 185 215 351 1858 3939 4512 6892 8280 14542 17751 18095 18143 18649 18943 19573 22601 22793
1075 12587
1076
1077
1078 5164 13371 17116 18365 19741
1079
1080
1081
1082
1083
1084
1085
1086
1087
1088
1089
1090 7307 13831 14319 18052 18940 23256
1091
1092 3196 23226
1093 3059 10251 23637
1094
1095
1096
1097
1098 4351 4483 6264
1099
1100
1101 9030 17854
1102
1103
1104 7811 8335
1105 11891
1106
1107 6973
1108
1109 10655 11696 12742
1110
1111
1112
1113
1114
1115
1116 1157 6305 7023 7726 7768 14870 14872 16334 20316
1117
1118
1119
1120
1121
1122
1123
1124 491 1267 6823 14834 17082 18102 24718
1125 20765
1126
1127
1128
1129
1130
1131
1132
1133
1134
1135
1136
1137
1138
1139
1140
1141
1142
1143
1144
1145
1146
1147
1148
1149 1000 1425 4189 4575 12016 16234 17251 18373 20557
1150 1217 24126 25648
1151 2410 3843 6301 6823 15414 17385 18743 22032 22903 23674 24294 24706 25998
1152
1153 17501
1154 12017 12930
1155
1156
1157 1116 7023 16334
1158
1159
1160
1161
1162
1163
1164
1165
1166
1167
1168
1169
1170
1171
1172 482 3441 10268 11372 19355 21048 22018 25660
1173
1174 2712 21177
1175
1176
1177
1178
1179
1180
1181
1182
1183
1184
1185
1186 45 773 2741 2980 3409 7844 11148 12365 13013 13597 16722 16876 18719 18866 18899 21012 22937
1187 6290
1188
1189
1190
1191
1192
1193
1194 21858
1195
1196
1197
1198
1199
1200
1201
1202
1203
1204
1205
1206
1207
1208
1209
1210
1211
1212
1213
1214
1215
1216
1217 269 1150 1611 2165 3944 5488 6033 8128 9974 12491 12735 13384 14430 14615 15829 17089 19877 20495 21638 21708 22242 23233 24126 25648
1218
1219
1220
1221
1222
1223
1224
1225
1226
1227
1228
1229 9471 11107 12263 12842 17911 20879 26127
1230
1231
1232
1233
1234 5134 20827 21012 21432 22691 23452 25053
1235
1236
1237
1238
1239
1240
1241
1242
1243
1244
1245
1246
1247
1248 178 10130 16331
1249
1250
1251
1252
1253
1254 624 5385 20511
1255
1256
1257
1258 12032 12599 12659 12797
1259
1260
1261
1262
1263
1264
1265 1839 3502 9980 15126 16389 16881 17828 21281 23864 25910
1266
1267 1124 14834 18102 24718
1268
1269
1270
1271
1272
1273
1274
1275
1276
1277
1278 778 1048 6218 15125 16743 21220 22235 22798
1279 1787 14550
1280 1958 16921 20207
1281 3653 10163 12551 18621 24207 25287
1282
1283
1284
1285
1286
1287
1288
1289 1560 4365 10906
1290
1291
1292 6648 10341 14840
1293 2621 2623 3283 3812 3820 3824 4834 5131 6222 6456 6525 6868 7525 7650 8448 9433 12802 13482 13526 14157 14373 15148 17600 17819 17823 17824 18000 18444 22324 22901 24474 24479 24615 26039
1294
1295
1296
1297
1298
1299
1300
1301
1302
1303
1304
1305
1306
1307
1308
1309
1310 2922 4493 7926 9124 9870 14627 17379 23186 23720 24475 25931
1311 1685 3983 21075
1312
1313
1314
1315
1316
1317
1318
1319
1320
1321 4952 17911 21075 21089
1322 6638 16068
1323 6264 7985
1324
1325
1326
1327 21543
1328
1329
1330
1331
1332
1333
1334
1335
1336
1337
1338
1339 3164 15580 16393 17330 20478
1340
1341 6218 7355 14357 20373
1342
1343 8851 15416
1344 18126
1345
1346 6448
1347 19992
1348
1349
1350 5993
1351
1352
1353 244 3286 4765 18030
1354
1355
1356 573 6825 16258 16676
1357
1358
1359
1360
1361
1362
1363
1364
1365
1366
1367
1368
1369
1370
1371
1372
1373 7245 8031 13056 14690 24696
1374
1375 3053 9572
1376 4267
1377
1378 7877
1379
1380
1381
1382
1383 3377
1384
1385
1386 2720 9124 9829
1387
1388
1389
1390
1391
1392
1393
1394
1395
1396
1397
1398
1399
1400
1401
1402
1403 2368 2783 7007 9408 10130 17721 20168
1404 281 2562 11199 20567
1405 3547 19865
1406
1407 26 4550 11801 13096 13142 16967
1408 9184 18736 20373
1409
1410
1411
1412
1413
1414
1415
1416
1417
1418
1419
1420
1421
1422
1423
1424
1425 1149 4724 6832 7105 15552 19557 22177 23841 25286
1426
1427 4298 11037
1428
1429
1430 19657 21075
1431
1432
1433
1434
1435
1436 18331 20064 21220
1437
1438
1439
1440
1441
1442
1443
1444
1445
1446
1447
1448
1449
1450
1451
1452
1453
1454
1455
1456
1457
1458
1459
1460
1461
1462
1463
1464
1465
1466
1467
1468
1469
1470
1471
1472
1473
1474
1475
1476
1477
1478
1479
1480
1481
1482
1483
1484
1485
1486
1487
1488 1667 3076 4258 4896 5608 5771 6675 7386 7444 9194 11661 12247 12968 13096 13801 13989 15108 16264 17401 17797 18741 19895 20059 20148 20315 20574 21629 22620 23741 25107 25439
1489
1490 20813
1491
1492
1493 914 2243 2452 3442 3811 5162 9027 9090 14153 14872 18633
1494
1495
1496
1497 6724 16890
1498 3033 3547 14707
1499 10600 20261
1500
1501
1502
1503
1504
1505
1506
1507
1508 7188 8279 18866
1509
1510
1511 14834 18278 19489
1512
1513
1514
1515
1516
1517
1518
1519 21754 24270 25435
1520 888 7007 7712 13614 22598 23351
1521
1522
1523
1524
1525
1526
1527
1528
1529
1530
1531
1532
1533
1534
1535
1536
1537
1538
1539
1540
1541
1542
1543
1544
1545 5107 7007 8547 10791 10919 11275 12212 15600 15608 16644 22074 24568 25996 26098
1546
1547
1548
1549 8349 22766 23168 24732
1550 5835 6408 20952
1551 8058
1552 2054
1553
1554
1555
1556 11965 14096 23154
1557
1558
1559
1560 1289
1561 13989
1562
1563 1023 2457 3534 4364 4639 5065 6271 6387 14379 15145 15562 15708 15714 15805 17580 17584 18396 18952 19677 23241 24616 24617 24819
1564
1565
1566
1567
1568
1569
1570
1571
1572
1573
1574
1575
1576
1577
1578
1579
1580
1581
1582
1583
1584
1585
1586
1587
1588 5695 5901 8063 8972 9066 10652 13056 13801 15814 16274 17984 18540 22147 22979 23805 23967 24592 24696 25006
1589 7603
1590
1591
1592
1593
1594 320 6838 10871 15108 15382
1595 24559
1596
1597
1598
1599 11052
1600 14020 21635
1601
1602
1603
1604
1605
1606 385 6264 7985 19442 23620
1607
1608 6264 20660
1609
1610
1611 1217 21638 23233
1612
1613 13422 13992 15217 16154
1614
1615
1616
1617
1618
1619
1620 3310 3677 7689 15329 21321 22791 24057
1621 6576 7109
1622
1623
1624
1625
1626
1627
1628
1629
1630
1631
1632
1633
1634
1635
1636
1637
1638
1639
1640
1641
1642
1643
1644
1645
1646
1647
1648
1649
1650
1651
1652
1653 45 46 570 773 950 2212 2741 2952 3372 4164 4511 4513 5639 6179 6610 6830 7956 8879 9755 9785 11241 11472 11612 12365 12496 12781 12851 14540 14807 15003 15659 17655 17692 17875 18894 19423 19961 20108 20116 20562 20635 21012 21281 21379 21508 21847 22691 22887 23095 23293 24023 24944 24955 25346 25684 25758
1654
1655
1656 4040 5828 11842 21531
1657
1658 5346 6023 9124 19682 22275 23945
1659
1660 3377 23068 25631 25678
1661
1662 2613 15413
1663
1664
1665
1666
1667 1058 1488 4484 13989 14661 15244 19562 23723 24477
1668 4834 4835
1669 12703
1670 14894
1671
1672 8079 11461 16755 18676
1673
1674 3323 17559 20004 21943 25034 25516
1675 12101
1676
1677
1678
1679
1680
1681
1682
1683
1684
1685 864 1311 3983 4952 7625 17843 20383 21075 26013
1686
1687
1688
1689
1690
1691
1692
1693
1694 1000 4575 5605 6288 12070 12496 13008 18719 25201 25402
1695 19380
1696 1026 18215
1697
1698
1699 2303 18122 18771 25875
1700
1701
1702
1703
1704
1705
1706
1707
1708
1709
1710
1711 3174 3922 6726 6813 10711 13703 20046 20854
1712
1713
1714
1715
1716
1717
1718
1719
1720
1721
1722
1723
1724
1725
1726
1727 4241 9800 10896 16258 20716 20915 22848
1728 5656 8045 18488 22610
1729
1730
1731
1732
1733
1734
1735
1736 1914 7586 10539 12070 14424 19462
1737
1738 9124 11611 20779
1739
1740
1741
1742
1743
1744
1745
1746
1747
1748
1749
1750
1751
1752
1753
1754
1755
1756
1757
1758
1759
1760
1761
1762
1763
1764
1765 8087 15081 15523 16148 17339 19711 20307 20660
1766
1767
1768
1769
1770
1771
1772
1773
1774
1775
1776 135 14599 15816 19945
1777
1778
1779
1780
1781
1782 3066 10726
1783
1784
1785
1786
1787 1279 13056 14550
1788
1789
1790
1791
1792
1793 8786 14078
1794
1795
1796 3386 5052
1797
1798 4828 5404
1799
1800
1801
1802
1803
1804
1805
1806
1807
1808
1809
1810
1811
1812
1813
1814
1815
1816
1817 1024 5366 12552 16513 21806
1818 491 17039 17082
1819
1820
1821 187 21386
1822 6503
1823 21220
1824
1825 19140 26193
1826
1827
1828
1829 547 4458 18870 19675 22464 23614
1830
1831
1832 9397 9755 14385
1833 8177 12107
1834 482 5056
1835
1836 8400
1837
1838 10268 12733
1839 1265 3502 15126 16389 16881 17828 21281 23864 25910
1840 4713 6824 12492 16020 24696
1841 231 2980 12503 16611 21012 22937
1842
1843
1844
1845
1846
1847
1848
1849
1850
1851
1852
1853
1854 495 2655 2846 9458 10310 17968 20008 25866
1855 2009 6482
1856
1857 3967 12053
1858 185 215 351 1074 3939 4512 6892 8280 14542 17751 18095 18143 18649 18943 19573 22601 22793
1859 4416 21798
1860 4135
1861
1862 12842
1863
1864
1865
1866
1867
1868
1869
1870
1871
1872
1873
1874
1875
1876
1877 2042 15880 16101 16967 19710 20014 20373 21075 23163 23225
1878 12338 15800
1879 6675
1880 24009
1881
1882
1883
1884
1885
1886
1887
1888
1889
1890
1891
1892
1893
1894
1895
1896 7829 8063 8973 11102 14600 19101 23138 25220
1897 15108 18042
1898
1899
1900
1901
1902
1903
1904
1905
1906
1907
1908 2611 16620 16621 17173
1909
1910 9316 24559
1911
1912
1913
1914 1736 12070 14424 19462
1915 2630
1916 20953 24463
1917
1918
1919
1920
1921
1922
1923
1924
1925
1926
1927
1928
1929
1930
1931
1932
1933
1934
1935
1936
1937
1938
1939
1940
1941 4241 7350 10055 15846 22528 22832 25102
1942
1943
1944
1945
1946
1947
1948
1949
1950
1951
1952
1953
1954
1955
1956
1957
1958 543 1280 2193 4458 5812 9216 11591 13520 16921 16976 19675 20207 20853 22507 23614 23693 24696 24833 26196
1959 9723 15568
1960
1961
1962 9413 21125
1963 10711 17359
1964
1965
1966 7911 8048 15717
1967 11969 18996
1968 9082
1969 8472 24141
1970
1971
1972
1973
1974
1975
1976 23672
1977
1978
1979
1980
1981 5468 5668 6908 8187 18034 19879 25444
1982 4458 19675 23614
1983 13012 20943
1984
1985 10597 19223
1986
1987
1988
1989 4106 7515 17782 18231
1990
1991
1992 24057
1993
1994
1995 88 2338 2449 2530 2535 4355 4755 5210 6340 6512 7197 7444 7635 8727 9313 9656 9869 10350 12507 12710 14648 14766 15010 15244 15245 15457 15933 16654 17807 18225 18453 18778 19114 19446 19645 19939 20574 20576 21178 22504 23712 24718
1996
1997 773 2741 13060 14807 21012 21847 22691 24955
1998
1999
2000
2001 7935 19204 23204
2002
2003 17999 21220
2004 21191
2005
2006
2007
2008
2009 1855 5057 6482 8403 15571 18579
2010 8064 16039 20599
2011
2012
2013
2014
2015
2016
2017
2018
2019
2020
2021
2022
2023
2024
2025
2026
2027
2028
2029
2030
2031
2032
2033
2034
2035
2036
2037
2038
2039
2040
2041
2042 1877 3683 3845 6748 14664 15880 16065 16101 16963 16967 19710 20014 20373 20650 21075 23163 23225
2043 6315 14886
2044 3618 4490 17001 18013
2045
2046
2047 3632 6575 15383 24385
2048
2049 9915 24293
2050
2051
2052
2053
2054 1552 8719 9760 10355 13741
2055 12365 15003
2056
2057
2058
2059 11785
2060
2061
2062
2063
2064
2065
2066
2067
2068
2069
2070
2071
2072 400 4379 6541 6905 7071 8195 8216 8471 11227 12927 13190 14498 15258 15951 19657 22278
2073 369 16433 16570
2074 5107 14067
2075 4182 10439 21075
2076 8612 16083
2077
2078
2079
2080 4069 5385
2081 7504
2082
2083
2084
2085 449 3099 10539 10615
2086
2087 2993 4364 4377 6271 7023 13404
2088
2089
2090
2091
2092
2093
2094
2095
2096
2097
2098
2099
2100
2101
2102
2103
2104
2105
2106
2107
2108
2109
2110
2111
2112
2113
2114
2115 1000 4756 5302 5497 8298 8666 9241 10983 12110 12141 12709 13711 18443 18658 18667 20716 26157
2116 9189 9765 9774 12034 17935
2117 6300
2118 19936
2119 7637
2120 8157
2121
2122
2123 19011
2124 25152
2125
2126
2127 11712
2128
2129
2130
2131
2132
2133 824 4846 6610 6700 11082 12928 14419 17330 18487 22779 23382 24029
2134
2135
2136 9591 17453
2137
2138
2139
2140
2141
2142 13283 16800 20924 23858 24601
2143 23355
2144 2774 3055 3652 3655 3766 3814 6388 6583 7096 9249 12051 12423 12885 14808 15173 15189 15999 18942 19705 20250 21030 21825 25108
2145
2146
2147
2148
2149
2150
2151
2152
2153
2154
2155 113 4416 9511 9889 13142 13346 16817 17187 20122 25172
2156
2157
2158
2159
2160
2161
2162
2163
2164
2165 1217 3501 6033 12491 13384 14181 14430 16278 21708 22242 22462 23233 24705
2166
2167
2168
2169 4353 5209 5938 8340 12545
2170
2171
2172
2173
2174
2175
2176
2177
2178
2179
2180
2181
2182 3553 7578 10406 14746 15571
2183
2184 15998 24183 26004
2185 593 1008 11824 12066 12627 20808 21815 23896
2186 9591
2187
2188
2189
2190 6172 8592 14933 18904
2191
2192
2193 543 1958 5812 16976 23693 24833
2194
2195
2196
2197
2198
2199
2200 8520 20052 21089 22074
2201 14868 16226
2202 9829 12212 17233 24271
2203 20182
2204
2205
2206
2207
2208
2209
2210
2211
2212 45 46 570 773 1653 2741 2952 3372 4164 4511 4513 6179 6610 6830 7956 8879 9785 10041 11241 11472 12365 12496 12781 12851 13995 14540 14807 15003 15659 17655 17692 18894 19423 19961 20108 20562 20635 21012 21281 21508 21847 22691 22887 23293 24955 25346 25758
2213
2214
2215 2222 15695 21309
2216
2217
2218
2219
2220
2221
2222 2215 10792 15695 20422 21309
2223 4266 20216
2224
2225
2226
2227
2228
2229
2230
2231
2232
2233
2234
2235
2236
2237
2238
2239 4125 4164 22894 25069
2240
2241
2242
2243 914 1493 3442 3811 5162 9090 18633
2244
2245
2246
2247 9606
2248 8409
2249 5957 6077 6611 8672 12118 19955 21832 24814
2250 339 2654 4743 4748 5621 7717 9755 11015 13714 14767 17439 18971 19216 20511 20534 25205 25396
2251
2252
2253
2254
2255 7324 9017 16801 17075 24219
2256
2257
2258
2259 10317
2260
2261
2262
2263
2264
2265
2266
2267
2268
2269
2270
2271
2272
2273
2274
2275
2276
2277
2278
2279
2280
2281
2282
2283
2284
2285
2286
2287 727 5052 6375 10235 10519 11861 18580 18623 20217 20613 23297 25271 25396 25436
2288
2289
2290
2291
2292
2293 3037 17266 24559
2294
2295 19800
2296
2297
2298 74 16129
2299
2300
2301
2302
2303 1699 8541 18122 18771 24593 25875
2304 360 7602 8307
2305
2306 8446 10514 24340 24713
2307 16032 22457
2308
2309 6532 9763 17626
2310
2311
2312
2313
2314
2315
2316 11929 11939 16935
2317
2318
2319
2320
2321
2322
2323
2324
2325
2326 2912 6266 10211 15300 15799 19048 26088
2327
2328 8058
2329 17178 24846
2330
2331 15181
2332 18544 21596
2333
2334 10180 17587
2335 13008 16108
2336
2337
2338 88 1995 2449 2530 2535 4355 4755 5210 6340 6512 7197 7444 7635 8727 9313 9656 9869 10350 12507 12710 14648 14766 15010 15244 15245 15457 15933 16654 17807 18225 18453 18778 19114 19446 19645 19939 20574 20576 21178 22504 23712 24718
2339 24594
2340 2443 8116 16906
2341 2959 5712
2342 10923 16013 19964
2343
2344
2345
2346
2347
2348 5597
2349
2350 10956 25405
2351
2352 22502
2353
2354
2355 7861
2356 4525
2357
2358
2359
2360
2361
2362
2363
2364
2365
2366
2367
2368 1403 3977 6094 10130 12927 13310 18511 20168 22366
2369
2370
2371
2372
2373
2374
2375
2376
2377
2378
2379
2380
2381
2382
2383
2384
2385 10956 20783 22574
2386 2394 18899
2387
2388 3716 16955 24385
2389
2390
2391
2392
2393
2394 2386 3743 13480 18899 22100
2395
2396
2397
2398
2399
2400
2401
2402
2403
2404 869 3618 14709 14807 17569 21012 22421 24955
2405
2406
2407
2408
2409 3522 4286 4288 18970
2410 1151 3843 6301 6823 15414 17385 18743 22032 22903 23674 24294 24706 25998
2411
2412
2413
2414
2415
2416
2417
2418
2419
2420 5621 10130 16032 19350 25959
2421
2422
2423
2424
2425
2426
2427
2428
2429
2430
2431
2432
2433
2434
2435
2436
2437
2438
2439
2440
2441
2442
2443 2340 6918 7650 8116 8184 8625 13369 14369 15395 16906 17583 17738 23051
2444
2445
2446
2447
2448
2449 88 1995 2338 2530 2535 4355 4755 5175 6340 6512 7197 7635 9313 9656 9869 10350 12507 14648 14766 15010 15244 15933 16654 17807 18225 18453 18778 19114 19645 19939 20576 21178 22197 22415
2450 231 21012
2451 20248
2452 1493 3811 9027 14153 14872
2453
2454
2455 14353 14886
2456
2457 1023 1563 3534 4364 4639 5065 6271 6387 14379 15145 15562 15708 15714 15805 17580 17584 18396 18952 19677 23241 24616 24617 24819
2458
2459 22144
2460
2461
2462
2463
2464
2465 3977 5993 8254 12927
2466
2467
2468
2469
2470
2471
2472
2473
2474 13813 18344 20373
2475 12135 21928 24765
2476 18984
2477
2478
2479
2480
2481
2482
2483
2484
2485 4743 14265
2486
2487 3052
2488
2489
2490 834 3193 5570 11227 11447
2491
2492
2493
2494
2495
2496
2497
2498
2499
2500
2501 5564 6804 7317 8552 19624 22177 22758 23708 24110 24559
2502
2503 9631 10898 12472
2504 18592 19585
2505 885 17192 18222
2506 9962 10682
2507
2508
2509
2510
2511 8523 14051 18271 19865 21910
2512 1023 10427 12101
2513
2514
2515 820
2516 10923 19964 21998
2517
2518
2519
2520
2521
2522
2523
2524
2525
2526 6494 6857 7853 14976 21853 24781
2527 6482 8403
2528
2529
2530 88 1995 2338 2449 2535 4355 4755 5210 6340 6512 7197 7444 7635 8727 9313 9656 9869 10350 12507 12710 14648 14766 15010 15244 15245 15457 15933 16654 17807 18225 18453 18778 19114 19446 19645 19939 20574 20576 21178 22504 23712 24718
2531
2532 15365
2533
2534
2535 88 1995 2338 2449 2530 4355 4755 5210 6340 6512 7197 7444 7635 8727 9313 9656 9869 10350 12507 12710 14648 14766 15010 15244 15245 15457 15933 16654 17807 18225 18453 18778 19114 19446 19645 19939 20574 20576 21178 22504 23712 24718
2536 2870 16041 22555 24753
2537
2538
2539
2540
2541
2542
2543
2544
2545
2546
2547
2548
2549
2550
2551
2552
2553
2554
2555
2556 4952 5385 8335 10895 13422 13556 15108 16349 17543 17778 17979
2557 4272
2558 15538 21910
2559 5543 21771 24097
2560 4146 9785 10926 12553 13164 15003 16594 18668 21508
2561 23094
2562 281 1404 11199 20567
2563 26088
2564
2565
2566 6078 9124 16779
2567
2568 449 11011 16754 19612 25086
2569 5546
2570
2571
2572
2573
2574
2575
2576
2577
2578
2579
2580
2581
2582
2583
2584
2585
2586
2587
2588
2589
2590
2591 3909 8916 10762 13276 16765 18517
2592 3977 8254
2593 10433
2594
2595
2596 6666 23464 25644
2597
2598
2599
2600
2601
2602
2603
2604
2605
2606
2607 3450 4588 5130 5353 9450 12165 12722 20003 20184 21718 24330
2608
2609
2610
2611 376 1908 16620 16621
2612
2613 1662 15413
2614 3310 10801
2615
2616
2617
2618
2619
2620 3501 6442 7442 10024 12453 17681 20587 24371
2621 1293 2623 3283 3812 3820 3824 4834 5131 6222 6456 6525 6868 7525 7650 8448 9433 12802 13482 13526 14157 14373 15148 17600 17819 17823 17824 18000 18444 22324 22901 24474 24479 24615 26039
2622 23297
2623 1293 2621 3283 3812 3820 3824 4834 5131 6222 6456 6525 6868 7525 7650 8448 9433 12802 13482 13526 14157 14373 15148 17600 17819 17823 17824 18000 18444 22324 22901 24474 24479 24615 26039
2624 24202
2625
2626
2627
2628
2629
2630 1915 6724 7563 14403 18088
2631
2632
2633
2634
2635
2636
2637
2638
2639
2640
2641
2642
2643
2644
2645
2646
2647
2648
2649
2650
2651
2652
2653
2654 339 624 2250 3243 3420 3890 4743 4748 4846 5621 6700 7717 7985 9755 10130 11015 12085 12306 12365 13714 14767 16032 16056 16310 16994 17414 17439 18487 18971 19216 20511 20534 20850 21776 21860 23382 25205 25396
2655 1854
2656 14560 24251
2657
2658
2659
2660
2661 8067 11132 12980 14969 22556 23382 24845
2662
2663
2664 7504
2665
2666 10872 24250
2667
2668
2669
2670
2671
2672
2673
2674
2675
2676
2677
2678
2679
2680
2681
2682
2683
2684
2685
2686
2687
2688
2689
2690
2691
2692
2693
2694
2695
2696
2697
2698
2699
2700
2701
2702
2703
2704
2705
2706
2707
2708
2709
2710 62 106 260 2959 3677 4708 5172 5541 5794 5807 6575 8458 10601 11401 13026 13205 13659 13989 14007 14009 14599 15301 16148 18757 20934 21543 22184 23647 23708 25916 26023 26051 26100
2711
2712 1174 21177
2713 13199 19568 25034
2714
2715
2716
2717
2718
2719
2720 1386 6913 9124
2721
2722
2723
2724
2725
2726
2727
2728
2729
2730
2731
2732
2733
2734
2735
2736
2737
2738
2739
2740
2741 45 46 231 570 773 1186 1653 1997 2212 2952 2980 3372 3409 4164 4511 4513 4632 6179 6610 6774 6830 7956 8503 8879 9482 9785 9889 11241 11472 12365 12496 12781 12851 13060 13597 14512 14540 14807 15003 15659 16594 17655 17692 18208 18719 18866 18894 19423 19961 20108 20562 20635 20774 21012 21281 21508 21847 22691 22887 22937 23293 23363 24955 25346 25758
2742 2846
2743
2744
2745
2746
2747
2748
2749 1010
2750 1073
2751
2752 14123 16258 19297 19340
2753
2754 5511 7265 7479 10056
2755
2756
2757
2758
2759
2760
2761 2959 5172 14599 19433
2762 22378
2763
2764
2765
2766
2767
2768
2769
2770 6806 9432 12654 14033
2771 5655 13619 18585 22426
2772
2773 6337 6529 6543 8511 20030
2774 2144 3055 3652 3655 3766 3814 6388 6583 7096 9249 12051 12423 12885 14808 15173 15189 15999 18942 19705 20250 21030 21825 25108
2775
2776
2777
2778
2779
2780
2781
2782
2783 1403 9408
2784 5425 16109 21808
2785 3682 17280 19956
2786
2787
2788
2789 7281 7307 13831 14924 25597
2790
2791
2792
2793
2794
2795
2796
2797 7011 8702 10456 14952 15971 17113 18159 20315
2798
2799
2800
2801
2802
2803 7533
2804
2805 14128 25006
2806 9209 24885
2807
2808
2809
2810 3204 11557 25937
2811
2812
2813
2814
2815
2816
2817
2818
2819
2820
2821
2822
2823 5564 7317 9127 22177
2824
2825
2826 3858 8857 12235 23161 23216
2827
2828
2829
2830
2831
2832
2833
2834
2835
2836
2837
2838
2839
2840
2841
2842
2843
2844
2845
2846 495 615 1854 2742 3965 5622 7855 8928 8968 9458 9572 10942 13556 17968 18375 23647
2847
2848 11275 18511
2849
2850
2851 11416 25469
2852 4868 25721
2853
2854
2855
2856
2857
2858
2859
2860
2861
2862
2863
2864
2865
2866
2867
2868
2869
2870 2536 6963 9207 9732 12654 16041 19340 20391 22555 24753 25870
2871
2872
2873
2874
2875
2876
2877 5695 14403 21154
2878
2879 9758
2880
2881
2882
2883 4015 15552
2884
2885
2886
2887
2888
2889
2890
2891
2892
2893
2894
2895
2896
2897
2898
2899
2900
2901
2902
2903
2904
2905
2906
2907
2908
2909
2910
2911
2912 272 2326 4351 4483 6175 6264 6266 8215 8310 10211 10931 11811 11840 15300 19012 19048 20305 21401
2913
2914
2915 10711 13174 17359
2916
2917 6031 16039
2918
2919
2920
2921
2922 1310 11275 17379
2923
2924
2925
2926 17721 22275
2927
2928
2929
2930
2931
2932
2933
2934
2935
2936 9829
2937
2938 18581
2939
2940
2941
2942
2943
2944
2945
2946
2947
2948
2949 3839 4743 12141 12637 13615 14265 14485 16674 25758
2950 5359
2951
2952 45 46 570 773 1653 2212 2741 3372 4164 4511 4513 6179 6610 6830 7956 8879 9785 11241 11472 12365 12496 12781 12851 14540 14807 15003 15659 17655 17692 18894 19423 19961 20108 20562 20635 21012 21281 21508 21847 22691 22887 23293 24955 25346 25758
2953
2954
2955
2956
2957
2958
2959 2341 2710 2761 5172 5541 5712 8458 13659 14661 17794
2960
2961
2962
2963
2964
2965
2966
2967
2968
2969
2970
2971
2972
2973
2974
2975
2976
2977
2978
2979
2980 231 345 1186 1841 2741 3409 5578 6774 8503 9482 12503 13597 14376 14807 16611 17655 18543 21012 22457 22691 22937 23363 23452 24955
2981 4427
2982 231 15538 22691
2983
2984 8731 10564
2985
2986
2987
2988
2989
2990
2991 8701 8851
2992
2993 2087 4364 6271 7023 13404
2994
2995
2996
2997 6888 11664 24412
2998
2999
3000
3001
3002
3003
3004
3005
3006 5695 5953 7578 13801 14834 15311 15821 22100 23134 23939
3007 4697 25537
3008
3009
3010
3011
3012
3013
3014
3015
3016
3017
3018
3019
3020
3021
3022
3023
3024
3025
3026
3027
3028
3029
3030
3031
3032 339 5840 6732 7442 7768 8614 13847 15081 16148 22415 22609 24371
3033 1498 3547 14707
3034 6154 15435
3035
3036
3037 2293 22265
3038
3039
3040
3041
3042
3043
3044
3045
3046
3047
3048 95 3547 5838 11109 21562
3049
3050
3051
3052 2487 5605 6711 16232 22725
3053 1375
3054
3055 2144 2774 3652 3655 3766 3814 6388 6583 7096 9249 12051 12423 12885 14808 15173 15189 15999 18942 19705 20250 21030 21825 25108
3056 9017 15455 17075
3057
3058 11815 12101
3059 1093 10251 23637
3060
3061
3062 16892 19572
3063 18210 21281 25917
3064
3065
3066 1782 7991 8116 10726 11609 22457
3067 18721
3068 3996
3069
3070
3071
3072
3073 3607
3074 23416
3075
3076 1488 6512 12968 21629
3077
3078
3079
3080
3081
3082
3083
3084
3085
3086
3087
3088
3089
3090
3091
3092
3093
3094
3095
3096 4027 5052 6732 7442 7450 12806 13955 15235 17207 18286 23967 24371
3097
3098
3099 449 2085 10539 10615 12074
3100 18098
3101
3102 12414 18562 24439
3103
3104
3105 161
3106
3107
3108
3109
3110
3111
3112
3113 128 214 4353 6558 6920 8312 10765 11621 14865 15941 16310 16877 17538 18924 19161 21831 25978
3114
3115
3116
3117
3118
3119 15516 19004
3120
3121
3122
3123
3124
3125
3126
3127
3128
3129
3130
3131
3132
3133
3134
3135
3136 5862 9248 11108 13966
3137
3138
3139
3140
3141
3142
3143
3144
3145
3146
3147
3148
3149
3150
3151
3152
3153
3154
3155
3156
3157
3158
3159
3160
3161
3162
3163
3164 1339 8824 13364 17330 18487 21995
3165
3166
3167
3168
3169
3170
3171 19297
3172
3173 14265
3174 1711
3175
3176
3177
3178 3386 4458 4989 19675 23614
3179
3180
3181
3182
3183
3184
3185 10081
3186 11991
3187
3188 20892
3189
3190
3191
3192
3193 2490 4371 5862 7959 17113 24183 26004
3194 12842
3195 19252
3196 1092
3197 14924 16994 22790
3198
3199 19507
3200 4264 17468
3201
3202
3203
3204 2810 3922 11557 14667 20046 25937
3205
3206 6535 6579
3207 25480
3208
3209 12135 15973
3210
3211
3212
3213
3214
3215
3216
3217
3218
3219
3220
3221
3222
3223
3224
3225
3226
3227
3228 3654 3804 11557 14154 15477 15882
3229
3230
3231 4705 4773 6411 8261 8549 8823 9639 11464 16352 17997 19808 19870 20532 21931 22369
3232
3233
3234
3235
3236
3237
3238
3239 11465 11577
3240
3241
3242
3243 2654 7125 21544
3244
3245
3246
3247
3248
3249
3250
3251
3252
3253
3254
3255
3256
3257
3258
3259
3260
3261
3262
3263
3264
3265 4138 8298 10496 13622 16324 17149 22018 25034 26038
3266
3267
3268
3269
3270
3271
3272
3273
3274
3275
3276
3277
3278
3279 25510
3280 12781 23403
3281
3282
3283 1293 2621 2623 3812 3820 3824 4834 5131 6222 6456 6525 6868 7525 7650 8448 9433 12802 13482 13526 14157 14373 15148 17600 17819 17823 17824 18000 18444 22324 22901 24474 24479 24615 26039
3284
3285
3286 244 1353 18030
3287
3288
3289
3290
3291 4371 11557 20046
3292 21650
3293 22834 25053
3294
3295
3296
3297 5667 17936 23461
3298
3299
3300
3301
3302
3303
3304
3305
3306
3307
3308
3309
3310 339 1058 1620 2614 3730 3909 5143 7449 7689 10801 12545 14661 21321 22376 22415 24295
3311
3312 8408 11493 23770
3313
3314
3315
3316 71 24814
3317
3318
3319
3320
3321 6465 6823 15891
3322
3323 1674 13190 17559 21653 21943
3324
3325
3326
3327
3328
3329
3330
3331
3332
3333
3334
3335
3336
3337
3338
3339
3340
3341
3342
3343
3344
3345 3430 5266 5995 7999 8047 8178 8868 9710 10824 15144 19107 19806 22439 23304 24431
3346
3347 3362
3348
3349
3350
3351
3352
3353
3354
3355
3356
3357
3358
3359
3360
3361
3362 3347 16957
3363
3364
3365
3366
3367
3368
3369
3370
3371
3372 45 46 345 570 773 1653 2212 2741 2952 4164 4511 4513 6179 6610 6830 7956 8879 9785 11241 11472 12365 12496 12781 12851 13060 14540 14807 15003 15659 17655 17692 18894 19423 19961 20108 20562 20635 21012 21281 21508 21847 22691 22887 23293 23452 23628 24955 25346 25758
3373
3374
3375
3376
3377 1383 1660 23068 25631 25678
3378
3379
3380
3381
3382
3383 113
3384
3385
3386 941 1796 3178 5052 13712 16727 22321 23151 23383 23614 25442
3387 832 4703 7447 9764 10117 14340 14370 15006 16231 16590 16730 19957 21848 22320 22423
3388 3818 6735 23167
3389
3390
3391
3392
3393
3394
3395
3396
3397
3398
3399
3400
3401
3402
3403
3404
3405
3406
3407
3408
3409 1044 1186 2741 2980 7956 9800 11148 12085 12365 13597 18866 19992 21012 22937 25346 26141
3410
3411 5934 15066 16469
3412 10762 13847 17207
3413
3414
3415
3416
3417
3418 3765 4798 7307 12866 20196
3419
3420 624 2654 9241
3421
3422
3423
3424
3425
3426
3427
3428
3429
3430 3345 9710 14606 22144 24431
3431 23506
3432
3433
3434
3435
3436
3437
3438
3439
3440
3441 1172 5674 10268 12691 14265 26194
3442 914 1493 2243 3811 5162 9090 18633
3443
3444
3445
3446
3447
3448
3449 15353 21048
3450 2607 24330
3451 26065
3452 3501 12453
3453
3454
3455
3456
3457
3458
3459
3460
3461
3462
3463
3464
3465
3466 937 5233 8579 10310 15931 17038 18720 19607
3467
3468
3469
3470
3471
3472
3473
3474
3475
3476
3477
3478
3479
3480
3481
3482
3483
3484
3485
3486
3487
3488
3489
3490
3491
3492
3493
3494
3495
3496
3497
3498
3499
3500
3501 543 2165 2620 3452 3594 6442 9968 10024 12453 14181 14383 14430 14652 17681 19501 19895 20587 20765 20942 21592 22523 23614 23713
3502 1265 1839 15126 16389 16881 17828 21281 23864 25910
3503
3504
3505
3506
3507 11626 12419 19877
3508 5712
3509
3510
3511 3547 14707
3512
3513
3514
3515
3516 7053 12618 13144 15413 18634
3517
3518
3519
3520
3521
3522 2409 4286 4288 18970
3523
3524 10555 17581
3525
3526 15786 25408
3527
3528
3529
3530
3531
3532 12842
3533
3534 1023 1563 2457 4364 4639 5065 6271 6387 14379 15145 15562 15708 15714 15805 17580 17584 18396 18952 19677 23241 24616 24617 24819
3535
3536
3537
3538
3539
3540
3541
3542
3543
3544
3545
3546
3547 449 882 1405 1498 3033 3048 3511 5901 7091 14707 17245 18340 19865
3548
3549
3550
3551
3552
3553 2182 10406
3554
3555
3556
3557
3558
3559
3560
3561 4697 7007 8231 9616 15365 16931 21407 22046 22082
3562
3563
3564
3565
3566
3567
3568
3569
3570
3571
3572
3573
3574
3575
3576
3577
3578
3579
3580
3581
3582
3583
3584
3585
3586
3587
3588
3589
3590
3591
3592
3593 4638 7504 14265 16607 23186 23909
3594 3501 12453 22523 23713
3595 4511 11241 20635 23293
3596
3597
3598
3599 14130
3600
3601
3602
3603
3604
3605
3606
3607 3073 14690
3608
3609
3610
3611
3612
3613
3614
3615
3616
3617
3618 869 2044 2404 4416 4490 14709 14807 17001 18013 21125 21798 22421 24398
3619
3620
3621
3622
3623
3624
3625
3626
3627
3628
3629
3630 4416 7715 7911 8150 8768 13142 16817 23939
3631 7801
3632 2047 6575 15383 24385
3633 19204 23204
3634
3635
3636
3637
3638
3639
3640
3641
3642
3643
3644
3645
3646
3647
3648
3649
3650
3651 3877 4354 5412 5827 6351 6527 6544 6891 7357 7485 7719 8552 9389 9397 10162 10477 10881 11445 12788 17266 17379 17536 18185 18904 19246 19463 20716 20780 21861 22284 22601 22741 23153 23514 24924
3652 2144 2774 3055 3655 3766 3814 6388 6583 7096 9249 12051 12423 12885 14808 15173 15189 15999 18942 19705 20250 21030 21825 25108
3653 1281 10163 12551 18621 24207 25287
3654 3228 11557 15477
3655 2144 2774 3055 3652 3766 3814 6388 6583 7096 9249 12051 12423 12885 14808 15173 15189 15999 18942 19705 20250 21030 21825 25108
3656
3657
3658
3659
3660
3661
3662
3663
3664
3665
3666
3667
3668
3669
3670
3671
3672
3673
3674
3675
3676
3677 1620 2710 5172 7204 12545 15329 18140 18724 18739 20954 23991 24057
3678
3679 4550 7442 9862
3680
3681 13328 17082 18540
3682 2785 17280 19956
3683 2042
3684 18314 18370
3685 1058 14661
3686
3687
3688
3689
3690
3691
3692
3693
3694
3695
3696
3697
3698
3699
3700
3701
3702
3703
3704
3705
3706
3707
3708
3709
3710
3711
3712
3713
3714
3715
3716 205 2388 4704 6218 6575 8391 8801 12695 15125 15420 16955 24101 24385
3717
3718 7511 19489
3719 5067 6907 8072 8375 9025 9639 13649 19545 22527 25060 25289
3720
3721 6023 19404
3722
3723
3724
3725 5505 15911 21806 24009
3726
3727
3728
3729
3730 339 3310 17414
3731 624 5407 9099 15184 19640 23577 23649 24293 25201
3732
3733
3734
3735
3736
3737
3738
3739
3740
3741
3742
3743 839 2394 5848 7098 12478 12642 13480 21184
3744 10178 24133
3745
3746
3747
3748 17503
3749
3750 14149 19560 23530
3751
3752 4765 14952 24174
3753
3754 8185 16496 17918
3755
3756
3757
3758
3759
3760
3761
3762
3763
3764
3765 3418 4798 7307 12866 14500 20196 23066
3766 2144 2774 3055 3652 3655 3814 6388 6583 7096 9249 12051 12423 12885 14808 15173 15189 15999 18942 19705 20250 21030 21825 25108
3767
3768
3769
3770
3771
3772 22830
3773 6503
3774
3775
3776
3777
3778
3779
3780
3781
3782
3783
3784
3785
3786
3787
3788
3789
3790
3791
3792
3793
3794
3795
3796
3797
3798
3799
3800
3801
3802
3803
3804 165 293 3228 6218 6364 6556 6857 15880 17194 23967
3805
3806
3807
3808
3809
3810
3811 914 1493 2243 2452 3442 5162 9027 9090 14153 14872 18633
3812 1293 2621 2623 3283 3820 3824 4834 5131 6222 6456 6525 6868 7525 7650 8448 9433 12802 13482 13526 14157 14373 15148 17600 17819 17823 17824 18000 18444 22324 22901 24474 24479 24615 26039
3813
3814 2144 2774 3055 3652 3655 3766 6388 6583 7096 9249 12051 12423 12885 14808 15173 15189 15999 18942 19705 20250 21030 21825 25108
3815
3816
3817
3818 3388 6735 23167
3819 5287
3820 1293 2621 2623 3283 3812 3824 4834 5131 6222 6456 6525 6868 7525 7650 8448 9433 12802 13482 13526 14157 14373 15148 17600 17819 17823 17824 18000 18444 22324 22901 24474 24479 24615 26039
3821 4798
3822
3823
3824 1293 2621 2623 3283 3812 3820 4834 5131 6222 6456 6525 6868 7525 7650 8448 9433 12802 13482 13526 14157 14373 15148 17600 17819 17823 17824 18000 18444 22324 22901 24474 24479 24615 26039
3825 15528 20893
3826 16469 19111
3827 4442 14534 25896
3828
3829
3830
3831
3832
3833
3834
3835
3836
3837
3838
3839 2949 4146 4284 9643 9785 13615 13837 15194 15623 16674 17250 21864 23470 25094 26067
3840
3841
3842
3843 1151 2410 4488 6301 6823 9018 13404 14374 15414 17385 18299 18743 19687 22032 22903 23674 24294 24706 25998
3844 82
3845 2042
3846
3847
3848
3849 3988 5225 16348
3850 12040
3851 16598
3852 7877 11622
3853 14265
3854
3855
3856
3857
3858 24 2826 19517 23161
3859
3860
3861
3862
3863
3864
3865
3866
3867
3868
3869
3870
3871
3872 5109 7533 11175 12409 15552 16174 20101 23096
3873 21075 21156
3874
3875 17968
3876 5695 12611 12861
3877 3651 4354 5412 6544 7357 7719 9397 10477 11445 12788 18185 19246 19463 20716 20780 21861 22284 22601 22741 23514
3878 10062 12406 16584
3879
3880
3881
3882
3883
3884
3885
3886
3887
3888
3889
3890 2654 7985 9306 12085 12306 12365 16056 18487 23145
3891
3892
3893
3894
3895
3896
3897
3898
3899
3900
3901
3902
3903
3904
3905
3906
3907
3908
3909 379 953 2591 3310 4814 5787 5993 6064 7689 9439 10907 16575 19179 21432 21491 22184 22393
3910 19179
3911
3912
3913
3914
3915
3916 135 4102 5352 5729 10490 10588 24614 26176
3917 12478 18398 24833
3918
3919
3920
3921
3922 1711 3204 6468 7689 10711 11557 14667 20046 24753 25937
3923
3924
3925
3926
3927 3937 14265
3928
3929
3930
3931
3932
3933
3934
3935
3936
3937 3927 4743 9522 14265
3938
3939 185 215 351 1074 1858 4512 6892 8280 14265 14542 17751 18095 18143 18649 18943 19573 22601 22793
3940
3941
3942
3943
3944 1217 15829 20495
3945
3946 25931
3947
3948 4013 16640
3949
3950
3951
3952
3953 15568 17163 22119 22954
3954
3955 10532 16674 23470
3956
3957
3958
3959
3960
3961
3962
3963
3964 9414 12640 20328
3965 2846 5622
3966
3967 1857 12053
3968
3969
3970
3971
3972
3973
3974
3975
3976
3977 2368 2465 2592 5993 8254 13310 19890
3978
3979
3980 15559 16962
3981
3982 5385
3983 1311 1685 21075
3984
3985
3986
3987
3988 3849
3989 17471
3990 14746 15166 18940
3991
3992
3993
3994
3995
3996 3068 5631 16067 17228 19569
3997
3998 8513 10497 26038
3999 4550
4000 13196
4001
4002
4003
4004
4005
4006
4007
4008
4009
4010
4011
4012
4013 3948 7154 8786 10878 14078 16640 20059 21289 23855 25516
4014
4015 2883 15552
4016
4017 7888 17291
4018 93 20328
4019 5626 24957
4020
4021 4826 26022
4022
4023 10801 20647 22394
4024
4025
4026
4027 3096
4028
4029
4030
4031
4032 5194 15880
4033 17194 20782 23730
4034 9715 9717
4035
4036 8786 13032 22691
4037 9327 25663
4038 7058 23811
4039
4040 1656
4041
4042
4043
4044
4045
4046 6610
4047
4048
4049
4050
4051 21187 21313 26092
4052 18511
4053
4054
4055
4056
4057
4058
4059
4060
4061
4062
4063
4064
4065
4066
4067
4068 8768 9993 13929 16210 16389 16414 21491 21994 22699 23038 23806 25569 25698
4069 2080
4070
4071
4072
4073
4074
4075
4076
4077
4078
4079
4080 11861 14746 14747 19324
4081 4275 13625 24471
4082
4083
4084
4085
4086
4087
4088
4089
4090
4091
4092
4093
4094
4095
4096
4097
4098
4099
4100
4101
4102 135 3916 10376 12311 13801 15325 17911 26127 26176
4103 12312 13346 17419
4104 4431 18208 18995 25607
4105
4106 1989 7515 17782 18231
4107
4108
4109
4110 16523 17696
4111
4112
4113
4114
4115 12938 22691 23511 25528 25836
4116 24214
4117 16471 24614
4118
4119
4120
4121
4122
4123
4124
4125 2239 4164 14123 16258 22894
4126
4127
4128 22253
4129
4130
4131
4132
4133
4134
4135 937 1860 8579 16498 24559
4136
4137
4138 3265 12733
4139 10496 11372 12720 20002
4140
4141 9267 13859 17755 22395
4142
4143 5216 11293 17127 21466 25718
4144 18596 23771
4145
4146 2560 3839 9785 10926 12553 13164 13837 15003 16594 16674 17250 18668 21508
4147
4148 9862 9863
4149
4150
4151
4152
4153
4154
4155
4156
4157
4158
4159
4160
4161
4162
4163
4164 45 46 570 773 1653 2212 2239 2741 2952 3372 4125 4511 4513 6179 6610 6830 7956 8879 8922 9283 9488 9785 11241 11472 12365 12496 12781 12851 13164 14540 14807 15003 15659 16594 17182 17655 17692 18681 18894 19423 19961 20108 20562 20635 21012 21281 21508 21847 22691 22887 23293 24955 25346 25758
4165
4166
4167
4168
4169
4170
4171
4172
4173
4174
4175
4176
4177
4178
4179
4180 45 570 4673 10055 15846 25758
4181 17992
4182 2075 10439 21075
4183 17501
4184
4185
4186 13675
4187
4188
4189 1149 5829
4190
4191
4192
4193
4194
4195 7007 8737 12587 13862 24402
4196 15401
4197
4198
4199 6443 19932 19936 25864
4200
4201
4202
4203
4204
4205
4206
4207
4208
4209
4210
4211 5392 7104 7541 11670 11876 17626 17808 24121 25962
4212
4213 17075 18094 20645
4214
4215
4216
4217
4218
4219
4220
4221
4222
4223
4224
4225
4226
4227
4228
4229
4230
4231
4232
4233
4234
4235
4236
4237
4238
4239
4240
4241 639 1727 1941 5227 7015 7125 9647 10055 10476 12852 13813 15846 16333 16347 19297 21705 21771 24924
4242 8222 21495
4243
4244
4245 1051 25664
4246
4247 4250 11372 11400
4248
4249 11801 19489
4250 4247 11372 11400
4251
4252 24451
4253
4254 9337
4255 4771 5251 18256 18337 20511
4256
4257
4258 1488 5608 5771 6675 16264 18741 25107 25439
4259 13486 18688
4260
4261 21695
4262 20333
4263 6859 9037 18282
4264 3200 17468
4265 5267 5271 24841
4266 2223 20216
4267 1376
4268
4269 743 7245 26159
4270
4271
4272 2557
4273 5259 6264 7355 20373
4274
4275 4081 10022 13625 17878 24471
4276 24159
4277
4278 18183
4279
4280
4281
4282
4283 6408 13142 23134
4284 3839 21864
4285
4286 2409 3522 4288 18970
4287
4288 2409 3522 4286 18970
4289 9306 12606
4290 23836
4291
4292
4293 6303 24489 25304
4294
4295
4296
4297
4298 1427 4416 17274 18941
4299
4300
4301 5901 24614
4302 8475 10711 19022 26181
4303
4304
4305
4306
4307
4308
4309
4310
4311
4312
4313
4314
4315
4316
4317
4318
4319 5255 12758 15770
4320
4321
4322
4323
4324
4325
4326
4327
4328
4329
4330
4331
4332
4333
4334
4335
4336
4337
4338
4339
4340
4341
4342
4343
4344
4345
4346
4347
4348
4349
4350
4351 1098 2912 4483 6218 6264 7154 8968 16107 26171
4352
4353 2169 3113 6558 8340 14865 15941
4354 3651 3877 5412 6544 7357 7719 9397 10477 11445 12788 18185 19246 19463 20716 20780 21861 22284 22601 22741 23514
4355 88 1995 2338 2449 2530 2535 4755 6340 6512 7197 7635 9313 9656 9869 10350 12507 14648 14766 15010 15244 15933 16654 17807 18225 18453 18778 19114 19645 19939 20576 21178
4356
4357
4358
4359
4360
4361
4362
4363
4364 1023 1563 2087 2457 2993 3534 4377 4639 5065 6271 6387 7013 7023 7442 13404 14379 15145 15562 15708 15714 15805 17345 17580 17584 18396 18952 19677 20231 23241 23967 24616 24617 24819
4365 1289
4366 410
4367
4368
4369
4370
4371 3193 3291 11557 12696 24183 26004
4372 10880 16598
4373
4374
4375
4376 10652 18246 20934 25209
4377 2087 4364 6271 7023
4378
4379 2072 8471 23623
4380 16756 24402
4381
4382 6179
4383 9755
4384
4385
4386
4387
4388
4389
4390
4391
4392
4393
4394
4395
4396
4397
4398
4399
4400
4401
4402
4403
4404
4405
4406
4407
4408
4409
4410
4411
4412
4413
4414
4415
4416 1859 2155 3618 3630 4298 7911 9511 9889 13142 14344 15192 16817 17187 17274 18941 20902 21798 23939 25006
4417
4418
4419
4420
4421
4422 6264 7355 9471 11107 14357 18331 20373 24332
4423
4424
4425 9248 13387 14639 21125 22048
4426 192 677
4427 2981
4428 5934 15066 16469
4429
4430
4431 4104 18208 18995 25607
4432 14763
4433 4952 7625
4434
4435
4436
4437
4438
4439
4440
4441
4442 3827 7695 8595 12106 12675 14534 14691 18208 23134 25896
4443
4444
4445
4446 19316 21281 25080 25910
4447
4448
4449
4450
4451 20303 24330
4452
4453
4454
4455
4456
4457
4458 543 547 1829 1958 1982 3178 4989 18870 19675 23614
4459
4460
4461
4462
4463
4464
4465
4466 676 5302 12545 13199 18739 21432
4467 4819
4468 449 18783
4469 396
4470
4471
4472 5052 5634 6376 19865
4473
4474
4475
4476
4477
4478
4479
4480
4481
4482
4483 1098 2912 4351 6175 6264 7072 18234
4484 1667 13989
4485 12616 16266
4486
4487
4488 3843 9018 13404 14374 17385 18299 19687 22903 25998
4489
4490 2044 3618 17001 18013
4491
4492
4493 930 1310 17189 23720 25931
4494
4495 6350
4496
4497
4498
4499
4500
4501
4502
4503
4504
4505
4506
4507
4508
4509
4510
4511 45 46 570 773 1653 2212 2741 2952 3372 3595 4164 6179 6610 6830 7956 8879 9785 11241 11472 12365 12496 12781 12851 14540 14807 15003 15659 17655 17692 18174 18894 19423 19961 20108 20562 20635 21012 21281 21508 21847 22887 23293 24955 25346 25758
4512 185 215 351 1074 1858 3939 6892 8280 14542 17751 18095 18143 18649 18943 19573 22601 22793
4513 45 570 773 1653 2212 2741 2952 3372 4164 6179 6610 6830 7956 8879 9785 11241 11472 12365 12496 12781 12851 14540 14807 15003 15659 17655 17692 18894 19423 19961 20108 20562 20635 21012 21281 21508 21847 22691 22887 23293 24955 25346 25758
4514
4515 615 7893 8612 11604 16083 16778 17932 18051
4516
4517
4518
4519
4520
4521
4522
4523
4524
4525 2356 6337 10490 10588 17419 18105 21754 24762
4526
4527
4528
4529
4530
4531
4532
4533
4534
4535
4536
4537
4538
4539
4540
4541
4542
4543
4544
4545
4546
4547
4548
4549
4550 26 1407 3679 3999 4552 5807 7442 8211 9862 11801 12373 12968 13096 13142 13740 15108 16967 17308 20059 22476 25006
4551
4552 491 4550 17082
4553
4554 20174 24559
4555 941 25080
4556
4557
4558
4559
4560
4561
4562
4563
4564
4565
4566
4567
4568
4569
4570
4571
4572
4573
4574
4575 1000 1149 1694 4635 4782 7926 12016 15582 16953 17472 18250 18940 19356 19707 19992 21930 22644 24835 25948
4576 24924
4577
4578
4579
4580
4581
4582
4583 10310 13614 19084
4584
4585
4586
4587
4588 2607 9030 9450 12165 15108 24330
4589
4590
4591
4592
4593
4594
4595
4596
4597
4598
4599
4600
4601
4602
4603
4604
4605
4606
4607
4608
4609
4610
4611
4612
4613
4614
4615
4616
4617
4618
4619
4620
4621
4622
4623
4624 5355 6863 7689 12606 12968 15770 21322 22265 22336 23099 23880 25111
4625 12286
4626
4627
4628
4629
4630 9921 10672 12512
4631 449 12074 13469
4632 2741 7956 9785 12365 12781 14512 15003 16594 18866 20774 21508 25346
4633 18415
4634 253 5363 21051
4635 4575 18940
4636
4637
4638 3593
4639 1023 1563 2457 3534 4364 5065 6271 6387 14379 15562 15708 15714 15805 17580 18396 18952 19677 24617 24819
4640 7882 18215 19248
4641 17937 22224
4642 18109
4643 20320
4644
4645
4646
4647
4648
4649
4650 6280 14952
4651
4652
4653
4654
4655
4656 18196 23303 24841
4657
4658
4659
4660
4661
4662
4663
4664
4665
4666
4667
4668
4669
4670
4671
4672
4673 4180 6703 7475 10211 12687 12803 15300 15596 17592 18920
4674
4675
4676
4677
4678
4679
4680
4681
4682
4683
4684
4685 24640
4686
4687
4688
4689
4690
4691
4692
4693
4694
4695
4696
4697 3007 3561 14599 22082 25537
4698
4699
4700 5606 9124
4701
4702 13740 19784
4703 832 3387 7447 9764 10117 14340 14370 15006 16231 16590 16730 19957 21848 22320 22423
4704 3716 8801 12695
4705 3231 4773 6411 8261 8549 8823 9639 16352 19808 19870 21931
4706
4707
4708 2710 14007 25916
4709
4710
4711
4712 11026
4713 1840 6824 12492 16020 24696
4714
4715
4716
4717
4718
4719
4720
4721
4722
4723
4724 1425 18065 19865 25668
4725
4726
4727 70 123 15559 23240
4728
4729
4730
4731
4732
4733
4734
4735
4736
4737
4738
4739
4740
4741
4742
4743 339 624 2250 2485 2654 2949 3937 4748 5621 6700 7717 9755 11015 13714 14265 14767 17439 18971 19216 19640 20511 20534 23382 25205 25396
4744
4745
4746
4747
4748 339 2250 2654 4743 4846 5621 7717 9755 11015 13714 14767 17439 18971 19216 20511 20534 20850 25205 25396
4749
4750 16747 19147
4751
4752
4753
4754
4755 88 1995 2338 2449 2530 2535 4355 5210 6340 6512 7197 7444 7635 8727 9313 9656 9869 10350 12507 12710 14648 14766 15010 15244 15245 15457 15933 16654 17807 18225 18453 18778 19114 19446 19645 19939 20574 20576 21178 22504 23712 24718
4756 2115 8666 9241
4757
4758
4759 18940 24860
4760 23720 25931
4761
4762
4763
4764
4765 244 1353 3752 9241 14952 18030 24174
4766 5175 22415
4767
4768
4769
4770
4771 4255 5251 18256 18337 18613 20511
4772
4773 3231 4705 6411 8261 8549 8823 9639 11464 16352 17997 19808 19870 20532 21931 22369
4774 5673 6838 16717 19603
4775 20229 22483
4776
4777 15396 18238 19064 26180
4778
4779
4780
4781 19697 19781 23429
4782 4575 15582 17472 19707 19992 21930 24835
4783
4784
4785
4786
4787
4788
4789
4790
4791
4792
4793 6218 15516 16543 16553 16563 16565 22964
4794
4795
4796
4797
4798 3418 3765 3821 12866 14627 17991
4799
4800
4801
4802
4803
4804
4805
4806
4807
4808
4809
4810
4811
4812
4813
4814 3909 6064 8161 8340 9439 10762 12054 19109 21468 23246
4815
4816
4817
4818
4819 4467 8177
4820
4821
4822 5346 18600
4823
4824
4825 122 851 8037 9593 14621 19608
4826 4021 26022
4827
4828 1798 5404
4829
4830
4831
4832
4833
4834 1293 1668 2621 2623 3283 3812 3820 3824 4835 5131 6222 6456 6525 6868 7525 7650 8448 9433 12802 13482 13526 14157 14373 15148 17600 17819 17823 17824 18000 18444 22324 22901 24474 24479 24615 26039
4835 1668 4834
4836 9593
4837
4838
4839
4840
4841
4842
4843
4844
4845
4846 676 824 2133 2654 4748 5672 6610 6700 7350 10549 11082 12928 13220 14419 17330 17439 18487 20850 22779 23382 24029 24293
4847 10842 11293 12739
4848
4849
4850
4851
4852
4853
4854
4855
4856
4857
4858
4859
4860
4861
4862
4863
4864
4865
4866
4867
4868 2852 12599 22046 25056 25721 25827
4869
4870 5175 8282 22046
4871
4872
4873
4874
4875 10476 11284 11844
4876
4877 7459 8862 24932
4878 11967 12491
4879
4880
4881
4882
4883
4884
4885
4886
4887
4888
4889
4890
4891
4892
4893
4894
4895
4896 1488 7324 9095 11275 12043 12587 18742 20827 22890 26044
4897
4898
4899
4900
4901
4902
4903
4904
4905
4906
4907
4908
4909
4910
4911
4912
4913
4914
4915
4916
4917
4918
4919
4920
4921
4922
4923
4924
4925
4926
4927
4928
4929
4930
4931
4932
4933
4934
4935
4936
4937
4938
4939
4940
4941
4942
4943
4944
4945
4946
4947
4948
4949
4950
4951
4952 1321 1685 2556 4433 5125 7625 8134 10490 10588 10895 11899 12687 13711 13801 16159 16162 16475 16899 17655 17843 19167 19387 21089 21727 23409 23863 24696 25565
4953
4954 4955
4955 4954
4956
4957
4958 9606 10884 16353
4959 1023
4960 7844 16347
4961
4962
4963
4964
4965
4966 573 13142 19657
4967 18208 22109
4968
4969
4970
4971
4972
4973
4974
4975 6941 13597 16347 22937 24140
4976
4977
4978
4979
4980
4981
4982
4983 15144 15814
4984
4985
4986
4987
4988 12722 16717 17125
4989 3178 4458 19675 23614
4990
4991
4992
4993
4994
4995
4996
4997
4998
4999
5000
5001
5002
5003
5004
5005
5006
5007
5008
5009
5010
5011
5012
5013
5014
5015
5016
5017
5018
5019
5020
5021
5022
5023
5024
5025
5026
5027
5028
5029
5030
5031
5032
5033
5034
5035
5036
5037
5038
5039
5040
5041
5042
5043
5044
5045
5046
5047
5048
5049
5050
5051
5052 899 1796 2287 3096 3386 4472 5346 5740 6094 6376 9124 10235 10427 10597 15159 16148 16741 18235 18549 19297 20511 20595 20613 24371 24559 24731 25102 25271 25396
5053
5054
5055 8254
5056 482 1834
5057 2009 6482
5058
5059 21530
5060 20660
5061 11132
5062 9426
5063
5064
5065 1023 1563 2457 3534 4364 4639 6271 6387 14379 15145 15562 15708 15714 15805 17580 17584 18396 18952 19677 23241 24616 24617 24819
5066
5067 3719 6907 8072 8375 9025 9639 13649 15683 19545 19923 20664 21824 22527 25060 25289 25359
5068
5069
5070
5071
5072
5073
5074
5075
5076
5077
5078 10346 15687 19143 19383 20122 20182 21130 25172
5079
5080
5081 12256
5082
5083 5084 8711
5084 5083 8711
5085
5086
5087 938 5202
5088
5089
5090
5091
5092
5093
5094
5095
5096
5097
5098
5099
5100
5101
5102
5103
5104
5105
5106
5107 1000 1545 2074 5116 7504 7615 7689 9829 10996 12212 14067 14265 14864 15657 17800 19080 20427 25565
5108
5109 3872 12409
5110
5111
5112
5113
5114
5115
5116 5107 13469 14067 19080 20427
5117
5118
5119 10517
5120
5121
5122
5123
5124
5125 4952 10235 21727
5126
5127
5128
5129
5130 2607 9450 12722 24330
5131 1293 2621 2623 3283 3812 3820 3824 4834 6222 6456 6525 6868 7525 7650 8448 9433 12802 13482 13526 14157 14373 15148 17600 17819 17823 17824 18000 18444 22324 22901 24474 24479 24615 26039
5132
5133
5134 773 1234 14807 21012 22691 23452 25053
5135
5136 13556 22177
5137 6884
5138
5139
5140
5141
5142
5143 3310 22415
5144 14159 24852
5145
5146
5147
5148
5149
5150
5151
5152
5153
5154
5155
5156 7483 10904 12707 14282 17933
5157
5158
5159
5160
5161
5162 914 1493 2243 3442 3811 9090 18633
5163
5164 1078 17116 18365 19741
5165
5166 5597 14308 17414
5167
5168
5169
5170
5171
5172 2710 2761 2959 3677 5181 5435 18091 18757 23559 24456
5173
5174
5175 2449 4766 4870 8282 22046 22415
5176
5177
5178
5179
5180
5181 5172 13635 18091 24456
5182 13311 25107
5183
5184 8643 12491 21779
5185
5186
5187
5188
5189
5190
5191
5192
5193
5194 183 4032 6154 15880 22184
5195
5196
5197
5198
5199
5200
5201
5202 938 5087 24699
5203
5204
5205
5206
5207
5208
5209 1014 2169 5717 5938 7090 8774 12478 12545 13647 19150 24057 25902
5210 88 1995 2338 2530 2535 4755 6340 6512 7197 7635 8727 9656 9869 10350 12507 12710 14766 15010 15244 15245 15457 15933 16654 17807 18225 19446 19645 19939 20574 20576 22504 23712 24718
5211 11028 21171 22730
5212 6628 19015 19444 25139
5213
5214
5215
5216 4143 20155 21466
5217
5218 7601 14265
5219
5220
5221
5222
5223
5224
5225 3849 7010 7506 9312 20781 24097
5226
5227 4241 7125 9647
5228 16971 20170
5229
5230 12406 14265
5231 22110
5232 14845 19521
5233 3466 10310
5234
5235
5236
5237
5238
5239
5240 8074 9074 12425 18275 18920 20636
5241 15477
5242
5243
5244
5245
5246 11275 12337 16310
5247
5248
5249
5250
5251 4255 4771 18256 18337 18613 20511
5252
5253
5254
5255 4319 12758
5256 5257 22827
5257 5256 22827
5258
5259 4273 6264 7355 20373 26127
5260 12703
5261 6282
5262 6610
5263
5264
5265
5266 3345 5995 6030 8178 12212 24431
5267 4265 5271 24841
5268 115 10679
5269
5270
5271 4265 5267 7597 24841
5272
5273
5274
5275
5276
5277
5278
5279
5280
5281
5282
5283
5284
5285
5286
5287 81 1029 3819 17075 17273 20000 20421 20787 23836 25050
5288
5289
5290
5291
5292
5293
5294
5295
5296
5297
5298
5299
5300
5301
5302 2115 4466 5497 7899 10983 12545 16148 17738 19433 23880 24057
5303
5304
5305
5306
5307
5308
5309
5310
5311
5312
5313
5314
5315
5316
5317
5318
5319
5320
5321
5322
5323
5324
5325
5326
5327
5328
5329
5330
5331
5332
5333
5334
5335
5336
5337
5338
5339
5340
5341
5342
5343
5344
5345
5346 1658 4822 5052 6864 7689 7926 9124 10268 12971 15159 18600 20421 20886 21048 22393 23186 23214 23298 23945 24939
5347
5348
5349
5350
5351
5352 3916 5729 10490 10588
5353 2607 9450 20184 24330
5354
5355 4624 6863
5356
5357
5358
5359 2950 25215
5360 7829
5361 5843
5362
5363 253 4634 17122 21051
5364 12050
5365 15814
5366 1817 21806
5367 6891 14864 14983 19144
5368
5369
5370
5371
5372
5373
5374
5375
5376
5377
5378
5379
5380
5381
5382
5383
5384
5385 1254 2080 2556 3982 9090 12678 16568 17543 18723 20511 21090 24293 24589
5386
5387 18156
5388
5389
5390
5391
5392 4211 5934 7541 15066 16469 17665 17688 24121
5393
5394
5395 9037 11141 18314
5396
5397
5398
5399
5400 12842
5401
5402 18297
5403
5404 1798 4828
5405
5406 22435
5407 624 3731 9099 15184 19640 23577 23649 24293 25201
5408 10039 19609
5409 8623
5410
5411 10390 11186 16931
5412 3651 3877 4354 6544 7357 7719 9397 10477 11445 12788 18185 19246 19463 20716 20780 21861 22284 22601 22741 23514
5413 18171
5414
5415 20650
5416
5417 5655 13352 20513
5418
5419
5420
5421
5422
5423
5424
5425 2784 16109 16224 21808 24161
5426
5427 8335
5428
5429
5430
5431
5432 14302
5433
5434 6774 8517 16115 22457
5435 5172 18757 23559
5436
5437
5438
5439
5440
5441 894 5717 10623 10762 12659 14351 21665 22734
5442
5443
5444 13931 21608
5445 11141 18314
5446 5632 20433
5447
5448
5449
5450
5451
5452
5453
5454
5455
5456
5457
5458
5459
5460
5461
5462
5463
5464 7774 8701 11275 13653 18008 22599
5465 12472 18141 20663
5466 15641
5467
5468 1981 5668 8187 18034 19879
5469 5575 16624 24781
5470
5471
5472
5473
5474
5475
5476
5477 13497 14496
5478 5738 6538 8349
5479 21018
5480
5481 8786 14078
5482
5483 8641 19922
5484
5485 7449 23870 25229
5486 8366
5487
5488 1217 8877 12735 14615 17089
5489
5490 8474
5491
5492 5853
5493
5494
5495
5496
5497 2115 5302 10983
5498
5499
5500
5501
5502
5503 5843 11213 16931 25877
5504
5505 3725 15911 24009
5506
5507
5508
5509
5510 7103 7844 7893 11964 13636 18051 23403
5511 2754 7265 7479 10056
5512
5513
5514
5515
5516
5517
5518
5519 7154 17818 19697 23219 23809 26167
5520
5521
5522
5523
5524
5525
5526
5527
5528
5529 7247 9459 11829 23558
5530
5531
5532
5533 12611 13010
5534
5535
5536
5537
5538
5539
5540
5541 2710 2959 13659 14661 17794 24431
5542 11861
5543 2559 21771 24097
5544
5545 18003
5546 2569
5547 543 5659 12313
5548 10897
5549
5550
5551
5552
5553
5554
5555 7459 7689 7712 9572 10942 11093 22758 23647
5556
5557
5558
5559
5560
5561
5562
5563
5564 2501 2823 7317 7459 7689 9127 9572 22177 22758 23299
5565
5566
5567
5568
5569
5570 834 2490 11447
5571 13802 16823 19553
5572
5573
5574
5575 5469 16624 24781
5576
5577 23881
5578 231 2980 6774 17655 21012 22457 22937
5579 6700
5580
5581
5582
5583
5584
5585
5586
5587
5588
5589
5590
5591
5592
5593
5594
5595
5596
5597 114 2348 5166 5901 6631 8854 9066 14308 20787 23836 23841 25050
5598
5599
5600
5601 23064 23841
5602 320 15108
5603
5604
5605 1000 1694 3052 6288 6711 7615 12070 13008 22725 25402
5606 4700 9124
5607
5608 1488 4258 6675 25107
5609
5610
5611
5612
5613
5614
5615
5616
5617
5618
5619
5620
5621 339 2250 2420 2654 4743 4748 7717 9755 10130 11015 11613 13714 14767 16032 17439 18487 18971 19216 20511 20534 25205 25396
5622 2846 3965
5623
5624
5625
5626 4019 24957
5627
5628
5629 10499 13029 16718 25599
5630
5631 3996 16067
5632 5446 20433
5633
5634 4472 9124
5635
5636 22574
5637
5638
5639 1653 6009 6896 9736 21281 21379 24023
5640
5641
5642
5643
5644
5645
5646
5647
5648
5649
5650
5651
5652
5653
5654
5655 2771 5417 13352 13619 18585 19022 20513 22426
5656 1728 8045 18488 22610
5657
5658
5659 543 5547 12313
5660 348 15847
5661 6337
5662
5663
5664
5665
5666
5667 3297 14770 23461
5668 1981 5468 8187 18034 19879
5669
5670
5671
5672 4846 7350
5673 4774 6838 16717 19603
5674 3441
5675
5676
5677
5678
5679
5680
5681
5682
5683
5684
5685
5686
5687
5688
5689
5690
5691
5692
5693
5694
5695 1588 2877 3006 3876 5901 5953 7481 9338 12611 12861 12874 14403 15175 19527 22082 22493 23134
5696
5697 14358
5698 12720
5699
5700
5701
5702
5703
5704
5705
5706
5707
5708
5709
5710
5711
5712 2341 2959 3508 7204 7442 12247 12641 13068 15244 19433 20168 23723 24371 24453
5713
5714
5715
5716
5717 894 5209 5441 7090 10762 11792 13647 16831 24559
5718
5719
5720
5721
5722
5723
5724
5725
5726
5727
5728
5729 3916 5352 10588
5730 7154
5731 17235
5732
5733
5734
5735
5736
5737
5738 5478 6538 8349 12042 17252 18142
5739 491 7882 13328 22028
5740 5052
5741
5742
5743
5744
5745
5746
5747
5748
5749
5750
5751
5752
5753
5754
5755
5756
5757
5758
5759
5760
5761
5762
5763
5764
5765
5766
5767 10931 19962 20765 21771
5768
5769 12365 26190
5770
5771 1488 4258 6675 16264 18741 25107 25439
5772
5773 615 8612 15814 16083
5774 10432
5775
5776
5777
5778
5779
5780
5781
5782
5783
5784
5785
5786
5787 3909 7712 9283 9572 10942 11806 18894 23647
5788
5789
5790
5791
5792
5793
5794 260 2710 11401
5795
5796
5797
5798
5799
5800
5801
5802
5803
5804
5805
5806
5807 2710 4550 8222 11416 13929 14009 17794 21495 25006
5808
5809 1044 13597
5810
5811
5812 543 1958 2193 16976 20618 20853 23693 26196
5813
5814 17690
5815
5816
5817
5818
5819
5820
5821
5822
5823
5824
5825 628 9413 13641 24489
5826 19800
5827 3651
5828 1656 21531
5829 4189
5830 20892 22555
5831
5832
5833
5834
5835 1550 6408 7245 19164 20952 24330
5836
5837
5838 3048 16694
5839 7026 12192
5840 3032 6732
5841
5842
5843 5361 5503 25877
5844
5845
5846
5847
5848 839 3743 19675 23614
5849 11194 14337 15799
5850
5851 13520 16921 20207
5852
5853 5492
5854
5855
5856
5857
5858
5859
5860
5861
5862 3136 3193 9248 13966 17113 19642
5863
5864
5865
5866
5867
5868
5869
5870
5871
5872
5873
5874
5875
5876
5877
5878
5879
5880
5881
5882
5883
5884
5885
5886
5887
5888
5889
5890
5891
5892
5893
5894
5895
5896
5897
5898
5899
5900
5901 1588 3547 4301 5597 5695 5953 7481 7911 9066 12874 13801 14308 14403 15175 16265 16274 19527 19791 20716 21614 22082 22144 22493 22722 23134 23939 24614
5902
5903
5904
5905
5906
5907
5908
5909
5910
5911
5912
5913
5914
5915
5916
5917
5918
5919
5920
5921
5922
5923
5924
5925
5926
5927
5928
5929
5930
5931
5932
5933
5934 482 3411 4428 5392 6317 7541 10762 10871 15066 15664 16469 17207 17665 20424 24734 25378 25698
5935
5936
5937
5938 2169 5209 12545
5939
5940
5941
5942
5943
5944
5945
5946
5947
5948
5949
5950
5951
5952
5953 3006 5695 5901 12874 13142 13801 14403 16274 19493 20716 23134 23149 23939 24885
5954
5955
5956
5957 2249 6077 6611 7716 8672 11233 12118 14090 18397 19955 19980 21832 24814 25541
5958
5959
5960 8705 11662 14094 19014
5961
5962
5963
5964
5965
5966
5967
5968
5969
5970
5971
5972
5973 9606 12122
5974
5975
5976
5977
5978
5979
5980
5981
5982
5983
5984
5985
5986
5987
5988
5989
5990
5991
5992
5993 953 1350 2465 3909 3977 7689 8254 9572 16310 19179 20052 22184 23224
5994
5995 3345 5266 24431
5996
5997
5998
5999
6000
6001
6002
6003
6004
6005
6006
6007
6008 9959 20914
6009 5639 6896 9736 21281
6010 17501 22299
6011
6012 9591 11030 17453 23946 25611
6013
6014
6015
6016
6017
6018
6019
6020
6021
6022
6023 887 1658 3721 9634 14781 17721 18972 19404 19682 22275 25321
6024 320 15108
6025
6026
6027
6028
6029
6030 5266 12212 12664 14265
6031 2917 16039
6032
6033 1217 2165 12491 13384 22242 23233
6034
6035
6036
6037 17388
6038
6039 20940
6040
6041
6042
6043
6044
6045
6046
6047
6048
6049
6050
6051
6052
6053
6054
6055
6056 8116 10910 16819 16946 19423 21379 22457 24023 24034 25777
6057
6058
6059
6060
6061
6062
6063
6064 3909 4814 8340 9439 21468 23246
6065
6066
6067
6068
6069
6070
6071
6072 8887
6073 10966 12187
6074
6075 13932 14499 20345
6076 7311 12615 15163 15357 16482 17731
6077 2249 5957 6611 8672 12118 19955 21832 24814
6078 2566
6079 19941
6080
6081 19358 19781
6082 8045
6083
6084
6085
6086
6087
6088
6089
6090
6091
6092
6093
6094 2368 5052 18511 22366
6095 7446 25236 25435
6096
6097
6098
6099
6100
6101
6102
6103
6104
6105
6106
6107
6108
6109
6110
6111
6112
6113
6114
6115
6116
6117
6118
6119
6120
6121
6122
6123
6124
6125
6126
6127
6128
6129
6130
6131
6132
6133
6134
6135
6136
6137
6138
6139
6140
6141
6142
6143
6144
6145
6146
6147
6148
6149
6150
6151
6152
6153
6154 1073 3034 5194 7725 10791 14430 15435 15608 15959 18297 18399 18540 19686 20335 22523
6155
6156 14165 15244 15435 18381
6157
6158 9017 17075 23665 24722
6159 19554 24878
6160 14924 16994 19475
6161 7055
6162
6163
6164
6165
6166
6167
6168
6169
6170 8881 16609
6171
6172 2190 8592 11861 14933 18904 20613
6173
6174
6175 2912 4483 6264
6176 20940 20949
6177
6178
6179 45 46 570 773 1653 2212 2741 2952 3372 4164 4382 4511 4513 6610 6830 7956 8879 9785 11241 11472 12365 12496 12781 12851 14540 14807 15003 15659 17655 17692 18894 19423 19961 20108 20562 20635 21012 21281 21508 21847 22691 22887 23293 24955 25346 25758
6180
6181
6182
6183 369 7727 16433 16570 23841
6184 19624
6185 6524
6186
6187
6188
6189
6190 10656 11403 21994 25610
6191
6192
6193
6194
6195
6196
6197
6198
6199
6200
6201
6202
6203
6204
6205
6206
6207
6208
6209
6210
6211
6212
6213
6214
6215
6216
6217
6218 1278 1341 3716 3804 4351 4793 15125 16543 16553 16565 16743 21220 22798
6219 18160 24371 24568
6220
6221
6222 1293 2621 2623 3283 3812 3820 3824 4834 5131 6456 6525 6868 7525 7650 8448 9433 12802 13482 13526 14157 14373 15148 17600 17819 17823 17824 18000 18444 22324 22901 24474 24479 24615 26039
6223
6224
6225
6226 14317 19140
6227
6228
6229 6423 7647
6230
6231
6232
6233
6234
6235
6236
6237
6238
6239
6240
6241
6242
6243
6244
6245
6246
6247
6248
6249
6250
6251
6252
6253
6254
6255
6256
6257
6258
6259
6260
6261
6262
6263
6264 385 1098 1323 1606 1608 2912 4273 4351 4422 4483 5259 6175 7072 7355 7985 9890 11107 12849 14377 15850 17981 18234 18331 19442 20168 20373 21220 22225 22275 23506 23620 24332
6265 8854
6266 2326 2912 15300
6267
6268
6269
6270
6271 1023 1563 2087 2457 2993 3534 4364 4377 4639 5065 6387 7013 7023 13404 14379 15145 15562 15708 15714 15805 17345 17580 17584 18396 18952 19677 23241 24616 24617 24819
6272
6273
6274
6275
6276
6277
6278
6279
6280 4650 7463 16227 17297 17861
6281
6282 5261
6283
6284
6285
6286
6287
6288 1000 1694 5605 12070 13008 25402
6289
6290 1187
6291 10346 15687
6292
6293
6294
6295
6296
6297
6298
6299
6300 2117
6301 1151 2410 3843 6823 15414 17385 18743 22032 22903 23674 24294 24706 25998
6302
6303 4293 20940
6304
6305 1116 7726 14870 14872 20316
6306
6307 12751
6308
6309
6310
6311
6312
6313
6314
6315 2043 14886
6316 13635
6317 5934 15066 15664 16469
6318
6319
6320
6321
6322
6323
6324
6325
6326
6327
6328
6329
6330
6331
6332
6333
6334
6335
6336
6337 2773 4525 5661 6529 6543 8511 16486 18105 20030 24762
6338
6339
6340 88 1995 2338 2449 2530 2535 4355 4755 5210 6512 7197 7444 7635 8727 9313 9656 9869 10350 12507 12710 14648 14766 15010 15244 15245 15457 15933 16654 17807 18225 18453 18778 19114 19446 19645 19939 20574 20576 21178 22504 23712 24718
6341
6342
6343
6344
6345
6346
6347
6348
6349
6350 4495 8372 11823 13628 15246 16014 20332 23710
6351 3651 8552 17266
6352
6353
6354 15188
6355 7194 20960
6356 20803
6357
6358
6359
6360
6361
6362
6363
6364 3804 6494 6857 7853 14976 19059
6365
6366
6367
6368
6369
6370
6371
6372
6373
6374
6375 727 2287 10235 10519 18580
6376 4472 5052
6377
6378
6379
6380 22144
6381
6382
6383
6384
6385
6386
6387 1023 1563 2457 3534 4364 4639 5065 6271 14379 15145 15562 15708 15714 15805 17580 17584 18396 18952 19677 23241 24616 24617 24819
6388 2144 2774 3055 3652 3655 3766 3814 6583 7096 9249 12051 12423 12885 14808 15173 15189 15999 18942 19705 20250 21030 21825 25108
6389 6914 18279
6390 17979
6391
6392
6393
6394
6395
6396
6397
6398
6399
6400
6401
6402
6403
6404
6405
6406
6407
6408 135 1550 4283 5835 9889 12247 12311 12675 13142 20952 23134 24280
6409
6410
6411 3231 4705 4773 8261 8549 8823 9639 11464 16352 17997 19808 19870 20532 21931 22369
6412
6413
6414
6415
6416
6417
6418
6419
6420
6421 6971 7264 8224 11696 13276 23441
6422
6423 6229
6424
6425
6426
6427 284 16835 18677 21696 25854 25940
6428
6429
6430
6431 580 23576
6432
6433
6434 543 7883 14351 21162 21205 25250
6435
6436
6437
6438
6439
6440
6441
6442 2620 3501 12453 17681 19102 20587 25449
6443 4199 19932 19936 25864
6444
6445
6446 8036
6447
6448 1346
6449
6450
6451
6452
6453
6454
6455 14324
6456 1293 2621 2623 3283 3812 3820 3824 4834 5131 6222 6525 6868 7525 7650 8448 9433 12802 13482 13526 14157 14373 15148 17600 17819 17823 17824 18000 18444 22324 22901 24474 24479 24615 26039
6457
6458
6459
6460
6461
6462
6463
6464
6465 3321 6823 15891 17385 20595
6466
6467
6468 811 3922 7689 10711 11919 22598
6469
6470
6471
6472
6473
6474
6475
6476
6477
6478
6479
6480
6481
6482 1855 2009 2527 5057 8403 11785 14834 15571 17874 18227 18579 20772 26193
6483
6484
6485
6486
6487
6488
6489
6490
6491
6492
6493
6494 2526 6364 6857 7853 14976 19059 24781
6495
6496
6497
6498
6499
6500
6501
6502
6503 1822 3773 12887 21184 21695
6504
6505
6506 715 8471 9037 16042
6507
6508
6509
6510
6511
6512 88 214 1995 2338 2449 2530 2535 3076 4355 4755 5210 6340 7197 7444 7635 8727 9313 9656 9869 10350 10590 12507 12710 14648 14766 15010 15244 15245 15457 15933 16654 17807 18225 18453 18757 18778 19114 19446 19645 19939 20346 20574 20576 21178 21629 22504 23712 24453 24718
6513 23214 25138
6514
6515
6516
6517
6518
6519
6520
6521
6522
6523
6524 379 6185 9241 23224 24412 25158
6525 1293 2621 2623 3283 3812 3820 3824 4834 5131 6222 6456 6868 7525 7650 8448 9433 12802 13482 13526 14157 14373 15148 17600 17819 17823 17824 18000 18444 22324 22901 24474 24479 24615 26039
6526
6527 3651
6528
6529 2773 6337 6543 8511 20030
6530 6707 13520 16921
6531
6532 2309 9763 17626
6533 8155 13384 24204
6534 9579
6535 3206
6536
6537
6538 5478 5738 8349 16040 17252 18142
6539
6540
6541 2072 8216 8471
6542
6543 2773 6337 6529 8511 20030
6544 3651 3877 4354 5412 7357 7719 9397 10477 11445 12788 18185 19246 19463 20716 20780 21861 22284 22601 22741 23514
6545
6546
6547
6548
6549
6550
6551
6552
6553
6554
6555
6556 293 3804 10186
6557
6558 3113 4353 14865 15941
6559
6560
6561
6562
6563
6564
6565
6566
6567
6568
6569
6570
6571
6572
6573
6574
6575 62 2047 2710 3632 3716 8391 11182 14497 15383 24101 24385
6576 1621 7109
6577
6578
6579 3206
6580
6581
6582
6583 2144 2774 3055 3652 3655 3766 3814 6388 7096 9249 12051 12423 12885 14808 15173 15189 15999 18408 18782 18942 19705 20250 21030 21825 25108
6584
6585
6586
6587
6588
6589
6590
6591
6592
6593
6594
6595
6596
6597
6598
6599
6600
6601
6602
6603
6604
6605
6606
6607
6608
6609
6610 45 46 570 773 824 1653 2133 2212 2741 2952 3372 4046 4164 4511 4513 4846 5262 6179 6700 6830 7956 8045 8879 9639 9785 11082 11241 11472 12365 12496 12678 12781 12851 12928 14419 14540 14807 15003 15659 15784 16159 17330 17655 17692 18487 18894 19423 19640 19870 19961 20108 20532 20562 20635 21012 21281 21508 21847 22527 22691 22779 22798 22887 23293 23382 24955 25346 25758
6611 2249 5957 6077 8672 12118 19955 21832 24814
6612
6613
6614
6615
6616
6617
6618
6619
6620
6621
6622
6623
6624
6625
6626 10805 21927 25628
6627 18676 22598 23689
6628 5212 19015 19444 25139
6629 9974
6630
6631 5597
6632 8386 12187 24240
6633
6634
6635 24696 24814
6636
6637
6638 1322 10925 15195 16068 17467 22778
6639
6640
6641 14924
6642 14003 17277 18209
6643
6644
6645
6646
6647
6648 1292 10341 14840
6649
6650
6651
6652
6653
6654
6655
6656
6657
6658
6659
6660
6661
6662
6663
6664
6665
6666 2596 11537 23462 23464 25644
6667 10351 14123 16258
6668
6669 9865
6670
6671
6672
6673
6674
6675 1488 1879 4258 5608 5771 16264 18741 21548 25107 25439
6676
6677
6678
6679
6680
6681
6682
6683
6684
6685
6686
6687
6688
6689
6690
6691
6692
6693
6694
6695
6696
6697
6698
6699
6700 339 624 824 934 2133 2654 4743 4846 5579 6610 9755 10550 11082 12928 14419 14485 16032 17330 17331 17603 18487 19640 20644 22497 22779 23293 23382 23387 23907 24924 25080
6701 10407
6702 13008
6703 4673 12687 18920
6704
6705
6706 11459
6707 6530 13520 16921
6708 200 492 7013 8151 9020 9021 9208 9471 9722 16882 17022 19586 19678 24861
6709 18003
6710
6711 3052 5605 22725
6712
6713
6714
6715
6716
6717
6718
6719
6720
6721
6722
6723
6724 1497 2630 7563 14403 16368 17392 18088 23503
6725
6726 1711
6727
6728
6729
6730
6731
6732 3032 3096 5840 13955 15081 22609 23967
6733
6734
6735 3388 3818 13325 14502 20926 23167
6736
6737 8526 23476
6738 21543
6739
6740
6741
6742
6743
6744 9595
6745
6746 409 13813 19204
6747
6748 2042 15880
6749
6750
6751
6752
6753
6754
6755
6756
6757
6758
6759
6760
6761
6762
6763
6764
6765
6766
6767
6768
6769
6770
6771
6772
6773
6774 231 365 2741 2980 5434 5578 8049 8517 9889 10243 10383 11785 13319 14552 14807 15538 15585 16115 17655 18579 19423 21012 21583 22457 22691 22937 23452
6775
6776 24733
6777
6778
6779
6780
6781
6782
6783
6784
6785
6786
6787
6788
6789
6790
6791
6792
6793
6794
6795
6796
6797
6798
6799
6800
6801
6802
6803
6804 2501 12260 18182 19624 22826 25491 25844
6805
6806 2770 14033
6807 18782 23883
6808 7802 11293 22108 23555
6809
6810 10039 11964 17739
6811
6812
6813 1711 12411 12645 16803 20854
6814
6815 921 7188 18866
6816
6817
6818
6819
6820
6821
6822
6823 491 1124 1151 2410 3321 3843 6301 6465 10247 15414 15891 17082 17385 18743 20595 22032 22903 23674 24294 24706 25998
6824 1840 4713 12492 16020 24696
6825 1356 16258
6826
6827
6828 23647
6829
6830 45 46 570 773 1653 2212 2741 2952 3372 4164 4511 4513 6179 6610 7956 8879 9785 11241 11472 12365 12496 12781 12851 14540 14807 15003 15659 17655 17692 18894 19423 19961 20108 20562 20635 21012 21281 21508 21847 22691 22887 23293 24955 25346 25758
6831
6832 1425
6833
6834
6835 14854
6836
6837
6838 1594 4774 5673 11102 15382 16717 19603
6839
6840
6841
6842
6843
6844
6845
6846
6847
6848
6849
6850
6851
6852
6853
6854
6855
6856
6857 321 2526 3804 6364 6494 7853 14976 19059 21853 24781
6858 8148 15366 24833
6859 4263 9037 18282
6860
6861
6862
6863 4624 5355
6864 5346 21048
6865
6866
6867 1023 18396
6868 1293 2621 2623 3283 3812 3820 3824 4834 5131 6222 6456 6525 7525 7650 8448 9433 12802 13482 13526 14157 14373 15148 17600 17819 17823 17824 18000 18444 22324 22901 24474 24479 24615 26039
6869
6870
6871
6872
6873
6874
6875
6876
6877
6878 11528 22244 22848
6879
6880
6881
6882
6883
6884 5137
6885
6886
6887
6888 2997 11664 24412
6889
6890
6891 3651 5367 14864 14983 17379 17536 19144
6892 185 215 351 1074 1858 3939 4512 8280 14542 17751 18095 18143 18649 18943 19573 22601 22793
6893
6894
6895 12968
6896 5639 6009 9736 21281
6897
6898
6899
6900
6901
6902
6903
6904 12016 18271 18899 19865
6905 2072 13190
6906
6907 3719 5067 8072 8375 9025 9639 13649 15683 19545 19923 20664 21824 22527 25060 25289 25359
6908 1981 25444
6909
6910
6911 122 13520 16921
6912
6913 2720
6914 6389 18279
6915
6916
6917
6918 2443 8116 14369 17738
6919 19781
6920 128 3113 16877
6921
6922
6923
6924
6925
6926
6927
6928
6929
6930
6931
6932
6933
6934 676 9241 11868 13411 13556 16020 16032 20683 21379 22457 24023 25215 25382 25419
6935
6936
6937
6938
6939
6940
6941 4975 10850 18983 19297 24924
6942
6943 8774 22748
6944 12660 14372 21508 26178
6945
6946
6947
6948
6949
6950
6951
6952
6953
6954
6955
6956
6957
6958
6959
6960
6961
6962
6963 2870 7956 9732 11572 11964 12781 16694 16696 19340 19865 21630 23107
6964
6965
6966
6967
6968
6969
6970
6971 6421 11696 12587 13276
6972
6973 1107
6974
6975
6976
6977
6978
6979
6980
6981
6982
6983
6984
6985
6986
6987
6988
6989
6990
6991
6992
6993
6994
6995
6996
6997
6998
6999
7000
7001
7002
7003
7004
7005
7006
7007 888 1403 1520 1545 3561 4195 7069 7712 9098 10130 12587 13614 14638 15365 16931 17536 17721 21723 22046 22074 22598 22798 23351 24587 25996
7008
7009
7010 5225 19247 20781
7011 2797
7012
7013 200 492 4364 6271 6708 8151 9020 9021 9208 9471 9722 13404 16882 17022 17345 19586 19678 24861
7014 9482 9755
7015 4241 7125 9647
7016
7017
7018
7019
7020
7021
7022
7023 1116 1157 2087 2993 4364 4377 6271 13404 16334 20231
7024 9184 17393 18736
7025 26051
7026 5839 12192
7027
7028
7029
7030
7031
7032
7033
7034
7035
7036
7037
7038 23114 26065
7039 12166 25569 25783
7040
7041
7042 9269 10113 11661 21994
7043
7044
7045 7046 14710 15682 16415 17075 17157 19900 20947 23093 25172
7046 7045 14710 15682 16415 17157 23093
7047
7048
7049
7050 10113 10657 10794 12130 17172 25850
7051
7052
7053 3516
7054
7055 6161
7056
7057
7058 4038 23811
7059
7060
7061
7062
7063
7064
7065
7066
7067
7068
7069 7007 15435 16485 25996
7070
7071 2072 15258 15951
7072 4483 6264 18234
7073
7074
7075
7076
7077
7078
7079
7080
7081
7082
7083
7084
7085
7086
7087 950 9629 9984 10153 16006 16011 21379 22929 22993 25569 25777
7088 7546 12425
7089
7090 5209 5717 11792 13647 16831
7091 449 3547 14707
7092
7093 22375 24097
7094 21293
7095 9432 22483
7096 2144 2774 3055 3652 3655 3766 3814 6388 6583 9249 12051 12423 12885 14808 15173 15189 15999 18942 19705 20250 21030 21825 25108
7097
7098 396 3743 21184
7099
7100
7101
7102
7103 5510
7104 4211 17626
7105 1425 15552 22177 23841 25286
7106
7107
7108
7109 1621 6576
7110
7111
7112
7113
7114
7115
7116
7117
7118
7119
7120
7121
7122
7123
7124
7125 639 3243 4241 5227 7015 9647 20683 22758 25419 25480
7126 13328 17082
7127
7128
7129
7130
7131
7132
7133
7134
7135
7136
7137
7138
7139
7140
7141
7142
7143
7144
7145
7146
7147
7148
7149
7150
7151
7152
7153
7154 4013 4351 5519 5730 7307 11047 12842 12927 15252 20059 21289 24753 26167
7155
7156
7157
7158
7159
7160
7161
7162
7163
7164
7165
7166
7167
7168
7169
7170
7171
7172
7173
7174
7175
7176
7177
7178
7179
7180
7181
7182
7183
7184
7185
7186
7187
7188 896 921 1508 6815 7209 8279 13008 14485 17038 18605 18866 21158
7189
7190
7191
7192
7193
7194 6355 7542 15322 18415 20960
7195
7196
7197 88 1995 2338 2449 2530 2535 4355 4755 5210 6340 6512 7444 7635 8727 9313 9656 9869 10350 12507 12710 14648 14766 15010 15244 15245 15457 15933 16654 17807 18225 18453 18778 19114 19446 19645 19939 20574 20576 21178 22504 23712 24718
7198
7199
7200
7201
7202
7203
7204 3677 5712 18140 18447 20168 25354
7205
7206 24924
7207
7208
7209 7188 18719 18866
7210
7211
7212
7213
7214
7215
7216
7217
7218
7219
7220
7221
7222
7223
7224
7225
7226
7227
7228
7229
7230
7231
7232
7233
7234
7235
7236
7237
7238
7239
7240
7241
7242
7243
7244
7245 743 1373 4269 5835 8031 14690 19164 26159
7246 11490 17240
7247 5529 9459 11829
7248
7249
7250
7251
7252
7253
7254
7255
7256
7257
7258
7259
7260
7261
7262
7263
7264 6421 7383 8224 8305 11696 12286 13096 13276 13282 13740 15917 21287 22771 23441 25006
7265 2754 5511 7479 10056
7266
7267 7280 20309
7268
7269
7270
7271
7272
7273
7274
7275
7276
7277 13389 14924 15960 16766 17038 18408 18782 19089 20033
7278 21125
7279
7280 7267 20309
7281 2789
7282
7283
7284
7285
7286
7287
7288
7289
7290
7291
7292
7293
7294
7295
7296
7297
7298
7299
7300
7301
7302
7303
7304
7305
7306
7307 124 1090 2789 3418 3765 7154 9017 11047 12324 12472 13142 13831 14181 14319 15455 15663 16937 18052 18788 18940 20258 20879 21944 21968 23256 25597
7308
7309 18579
7310
7311 6076 12615 15163 15357 16482 17731
7312
7313
7314
7315
7316
7317 920 2501 2823 5564 9127 22177 22758
7318
7319
7320
7321
7322
7323
7324 2255 4896 9017 17075
7325
7326
7327
7328
7329
7330
7331
7332
7333
7334
7335
7336
7337
7338
7339
7340
7341
7342
7343
7344
7345
7346
7347
7348
7349
7350 1941 4846 5672 7712 7824 8503 8815 10055 12065 14265 14558 15306 15400 15846 17268 22528 22598 22832 25102
7351
7352
7353
7354
7355 1341 4273 4422 5259 6264 14357 20373 26127
7356 15572
7357 3651 3877 4354 5412 6544 7719 9397 10477 11445 12788 18185 19246 19463 20716 20780 21861 22284 22601 22741 23514
7358
7359
7360
7361
7362
7363
7364
7365
7366
7367
7368
7369
7370
7371
7372
7373
7374
7375
7376
7377
7378
7379
7380
7381
7382
7383 7264 11447 13371 15625 15917 16148 17266 18140 18790 20478 23038 24110 24559
7384 9785 12781
7385
7386 1488 20059
7387
7388
7389
7390
7391
7392
7393
7394
7395
7396
7397
7398
7399
7400
7401
7402
7403
7404
7405
7406
7407
7408
7409
7410
7411
7412
7413
7414
7415
7416
7417
7418
7419
7420
7421
7422
7423
7424
7425
7426
7427
7428
7429
7430
7431
7432
7433
7434
7435
7436
7437
7438
7439
7440
7441
7442 2620 3032 3096 3679 4364 4550 5712 7768 13955 14003 15235 16148 18227 19445 19495 20168 23967 24371
7443
7444 88 1488 1995 2338 2530 2535 4755 6340 6512 7197 7635 9656 10350 12507 12968 14766 15010 15244 15457 16654 17807 18225 19645 19939 20574 21629 23712 24718
7445
7446 6095 16155 25236 25435
7447 832 3387 4703 9764 10117 14340 14370 15006 16231 16590 16730 19957 21848 22320 22423
7448
7449 3310 5485 23870
7450 3096 13955 18286 23967
7451
7452 19865
7453
7454
7455
7456
7457
7458
7459 4877 5555 5564 7689 7712 8862 9572 10942 16310 23637 23647 24932
7460
7461
7462
7463 6280 12786 13673 17861 24057 25111
7464
7465
7466
7467
7468 10002
7469
7470
7471
7472
7473
7474
7475 4673 10211 10931 15300 19048 23673
7476
7477 19257 22961
7478
7479 2754 5511 7265 10056 13390
7480
7481 5695 5901 13801
7482 15681
7483 5156
7484
7485 3651 9389 24924
7486
7487
7488
7489
7490
7491
7492
7493
7494
7495
7496
7497
7498
7499
7500
7501
7502
7503
7504 2081 2664 3593 5107 9829 12212 13528 14265 14628 22574 25872
7505
7506 5225 8728 9312
7507
7508
7509
7510 197 8851
7511 3718 19489
7512
7513
7514
7515 1989 4106 17782 18231
7516
7517
7518
7519
7520
7521
7522 10096 20478 21491 23038
7523 10338 12458 19378
7524 8721 10532 15005 15372 16022 18685 22083
7525 1293 2621 2623 3283 3812 3820 3824 4834 5131 6222 6456 6525 6868 7650 8448 9433 12802 13482 13526 14157 14373 15148 17600 17819 17823 17824 18000 18444 22324 22901 24474 24479 24615 26039
7526
7527
7528
7529
7530
7531
7532
7533 2803 3872 9482 11175 12365 15552 21508 25189
7534 7536
7535
7536 7534
7537
7538
7539
7540
7541 4211 5392 5934 15066 16469 17665 17688 24121
7542 7194
7543 19466 24128
7544
7545
7546 7088 12425 18366 25217
7547
7548
7549
7550
7551
7552
7553
7554
7555
7556
7557
7558
7559
7560
7561
7562
7563 2630 6724 13801 14403 15186 18088 24248
7564
7565
7566
7567
7568
7569
7570
7571
7572 254
7573 16056
7574
7575
7576
7577
7578 2182 3006 10406 13801 22144
7579 62 13190
7580
7581
7582
7583
7584 16347 18097 19340
7585 13415 15386
7586 1736 14424 19462
7587
7588 7590
7589
7590 7588
7591
7592 11926 17113 26004
7593
7594 20182
7595 8118 21130
7596 13
7597 5271 24841
7598
7599
7600
7601 5218 14265
7602 360 2304 8307
7603 1589
7604
7605
7606
7607
7608
7609
7610
7611
7612
7613
7614
7615 5107 5605 13847 15657 18540 24371 25402
7616
7617
7618
7619
7620
7621
7622
7623
7624
7625 1685 4433 4952 16335 19078 20383
7626
7627
7628
7629
7630
7631
7632 14170 20414
7633
7634
7635 88 1995 2338 2449 2530 2535 4355 4755 5210 6340 6512 7197 7444 8727 9313 9656 9869 10350 12507 12710 14648 14766 15010 15244 15245 15457 15933 16654 17807 18225 18453 18778 19114 19446 19645 19939 20574 20576 21178 22504 23712 24718
7636 12554
7637 2119
7638 7648 13966
7639
7640
7641
7642
7643
7644
7645 11502 12158 13352 17612 18600 19256
7646
7647 6229
7648 7638 13966
7649
7650 1293 2443 2621 2623 3283 3812 3820 3824 4834 5131 6222 6456 6525 6868 7525 8116 8448 9433 12802 13482 13526 14157 14373 15148 17600 17738 17819 17823 17824 18000 18444 22324 22901 24474 24479 24615 26039
7651
7652
7653
7654
7655
7656
7657
7658
7659
7660
7661
7662
7663
7664
7665
7666
7667
7668
7669
7670
7671
7672
7673
7674
7675
7676
7677
7678
7679
7680
7681
7682
7683
7684
7685
7686
7687
7688
7689 1620 3310 3909 3922 4624 5107 5346 5555 5564 5993 6468 7459 9133 9572 9895 9907 10096 10711 11791 13276 14864 17626 18457 19131 19997 21491 22393 22426 22791 23637 25158 25316
7690
7691
7692
7693
7694
7695 4442
7696
7697
7698
7699
7700
7701
7702
7703
7704
7705
7706
7707
7708
7709
7710
7711
7712 888 1520 5555 5787 7007 7350 7459 9572 10623 10969 13321 13614 16958 18517 19109 22598 23346 23351
7713 19052
7714
7715 3630 13142
7716 5957 11233 12118 14090 18397 19980 24814 25541
7717 339 2250 2654 4743 4748 5621 9755 11015 13714 14767 17439 18971 19216 20511 20534 25205 25396
7718 19502 23970
7719 3651 3877 4354 5412 6544 7357 9397 10477 11445 12788 18185 19246 19463 20716 20780 21861 22284 22601 22741 23514
7720
7721
7722
7723
7724
7725 6154 10791 14430 15608 18540 22523
7726 1116 6305 14870 14872 20316
7727 369 6183 16433
7728
7729
7730
7731
7732
7733
7734
7735
7736
7737
7738
7739
7740
7741
7742
7743
7744
7745
7746
7747
7748
7749
7750
7751
7752
7753
7754
7755
7756
7757
7758
7759
7760
7761
7762
7763
7764
7765
7766
7767
7768 1116 3032 7442 15235 15399 16148 18222 21287 23227 24371
7769 17118 18065
7770
7771
7772 21695
7773
7774 5464 8701 18008 22599
7775
7776
7777
7778
7779
7780
7781
7782
7783
7784
7785
7786
7787
7788
7789
7790
7791
7792
7793
7794
7795
7796
7797
7798
7799
7800
7801 3631 11275 13556 14485 22555 25988
7802 6808 11293 22108 23555
7803
7804
7805
7806
7807 11828
7808
7809
7810
7811 676 1104
7812
7813
7814
7815
7816
7817
7818
7819
7820
7821
7822
7823
7824 880 7350 12053 12065
7825
7826
7827
7828
7829 1896 5360 19101 19544
7830
7831
7832
7833
7834
7835
7836
7837
7838
7839
7840
7841
7842
7843
7844 1186 4960 5510 11148 11964 12365 16347 16722 16726 16876 18719 18866 23403
7845
7846
7847
7848
7849
7850
7851
7852
7853 2526 6364 6494 6857 14976 24489
7854 11844 17006
7855 2846
7856
7857 11968 18667
7858
7859
7860
7861 2355 12704
7862
7863 8177 8596
7864
7865
7866
7867
7868
7869
7870
7871
7872
7873
7874
7875
7876
7877 1378 3852 11622 15422
7878 11231 17575 17683 18122
7879
7880
7881
7882 491 4640 5739 13328 18215 19248 22028 25486
7883 543 6434 21205
7884
7885 19551 22190
7886
7887
7888 4017 17291
7889
7890
7891
7892
7893 593 4515 5510 9360 12334 12627 16778 18037 18051
7894
7895 17536 23267
7896
7897
7898
7899 5302 10983 18109 18365 23382
7900
7901
7902
7903
7904
7905
7906
7907
7908
7909
7910
7911 1966 3630 4416 5901 8048 10918 15717 16817 19723 23939
7912
7913
7914
7915
7916 28 21515 21523
7917
7918
7919
7920
7921
7922
7923
7924
7925
7926 1310 4575 5346 9124 10942 14485 14627 23186 23647
7927
7928
7929
7930
7931
7932
7933
7934
7935 2001 19204 23134 23204
7936
7937
7938
7939
7940
7941
7942
7943
7944
7945
7946
7947
7948
7949
7950
7951
7952
7953
7954
7955
7956 45 46 570 773 1653 2212 2741 2952 3372 3409 4164 4511 4513 4632 6179 6610 6830 6963 8879 9785 9800 10041 11241 11472 12365 12496 12781 12851 13995 14512 14540 14807 15003 15659 16594 17655 17692 18866 18894 19423 19961 20108 20562 20635 20774 21012 21281 21508 21847 22691 22887 23293 24955 25346 25758 26141
7957 18895
7958 25130
7959 3193 17113
7960
7961
7962
7963
7964
7965
7966
7967
7968
7969
7970
7971
7972
7973
7974
7975
7976
7977
7978
7979
7980
7981
7982
7983
7984
7985 385 1323 1606 2654 3890 6264 10490 13966 14377 15311 16056 16872 22225 23506 23620
7986
7987
7988
7989
7990
7991 3066 8116 11609 22457
7992
7993
7994
7995
7996
7997
7998
7999 3345
8000 22375 24097
8001
8002
8003
8004
8005
8006
8007
8008
8009
8010
8011
8012
8013
8014
8015
8016
8017
8018
8019
8020
8021
8022
8023
8024
8025
8026
8027
8028
8029
8030
8031 1373 7245 14690 19164
8032
8033
8034
8035
8036 6446
8037 4825
8038
8039
8040
8041
8042
8043
8044
8045 1728 5656 6082 6610 9639 9785 12927 15784 18488 19640 19870 20532 22527 22610 23107
8046
8047 3345 22644
8048 1966 7911 15717
8049 6774 10243 15538 19423 21012 22457 22691 23452
8050
8051
8052
8053 8517 10235 10243
8054 24504
8055 18880 20765
8056
8057
8058 1551 2328
8059
8060
8061
8062
8063 1588 1896 10652 13801 25006
8064 2010 16039 20599
8065
8066
8067 2661 11132 14969 23382 24845
8068
8069 15123 22888
8070
8071 21024
8072 3719 5067 6907 8375 9025 9639 13649 19545 22527 25060 25289
8073
8074 5240 10055 14541
8075
8076
8077 13022
8078
8079 1672 11461 16755 18676
8080
8081
8082
8083
8084
8085
8086
8087 1765 15081 22309
8088
8089
8090
8091
8092
8093
8094
8095
8096
8097
8098
8099
8100
8101
8102
8103
8104
8105
8106
8107
8108
8109
8110
8111
8112
8113
8114
8115
8116 2340 2443 3066 6056 6918 7650 7991 8184 8625 11609 13369 14369 15395 16906 16946 17583 17738 22457 23051 25977
8117
8118 7595 21130
8119
8120
8121
8122 192 13801 13999
8123
8124
8125
8126
8127
8128 1217 10996 22738 24126 25648
8129
8130
8131
8132
8133
8134 4952 12687 16213 17843 20383 24870
8135
8136
8137
8138
8139
8140
8141
8142
8143
8144
8145
8146 21028
8147 14149
8148 6858 15366 24833
8149
8150 3630 8768
8151 200 492 6708 7013 9020 9021 9208 9471 9722 16882 17022 19586 19678 24861
8152
8153 15182 16728 22319 23424
8154
8155 6533 13384 14430 24204 24705
8156 18579
8157 2120
8158
8159
8160
8161 4814 12054 19109 23246
8162
8163
8164
8165
8166
8167
8168
8169
8170
8171
8172
8173
8174
8175
8176
8177 1833 4819 7863 8596 12107 13635 17848
8178 3345 5266
8179 17113
8180
8181
8182
8183
8184 2443 8116 14369 23051
8185 3754 16496
8186
8187 1981 5468 5668 18034 19879
8188
8189
8190
8191
8192
8193 16056
8194
8195 2072 15258 19739 20568
8196
8197
8198 128 13010 23880
8199
8200 12302 23836
8201
8202
8203
8204
8205
8206 15066
8207
8208 13008 23382 25379
8209
8210
8211 4550 20059
8212
8213
8214
8215 2912 10211 15300
8216 2072 6541 8471
8217
8218
8219 13096 13142
8220
8221
8222 4242 5807 11416 21495
8223
8224 6421 7264 11696 13276 22366 23441
8225
8226
8227
8228
8229
8230
8231 3561
8232
8233
8234
8235
8236
8237
8238
8239
8240
8241
8242
8243
8244
8245
8246
8247
8248
8249
8250
8251
8252
8253
8254 78 2465 2592 3977 5055 5993 8862 9265 12155 12334 19890 20341 21560
8255 24575
8256
8257
8258
8259
8260
8261 3231 4705 4773 6411 8549 8823 9639 11464 16352 17997 19808 19870 20532 20662 21860 21931 22369 22837
8262
8263 17882 25957
8264
8265
8266
8267
8268
8269
8270
8271
8272
8273
8274
8275
8276
8277
8278
8279 896 1508 7188 18866 21158
8280 185 215 351 1074 1858 3939 4512 6892 14542 17751 18095 18143 18649 18943 19573 22601 22793
8281
8282 4870 5175 22046
8283
8284
8285
8286
8287
8288
8289
8290
8291
8292
8293
8294
8295
8296
8297
8298 252 2115 3265 15418 18443
8299 8851
8300
8301 267 24240
8302 16484
8303
8304
8305 7264 12286 21287
8306
8307 360 2304 7602
8308 8557
8309
8310 2912
8311
8312 3113 10765 11621 17538 18924 25112 25978
8313
8314
8315
8316
8317
8318
8319
8320
8321
8322
8323
8324
8325
8326
8327
8328
8329
8330
8331
8332
8333
8334
8335 1104 2556 5427 13322 13529 14599 18619 18751 20511
8336 24464
8337
8338
8339
8340 2169 4353 4814 6064 9439
8341
8342
8343
8344
8345
8346
8347
8348
8349 1549 5478 5738 6538 22766 23168
8350
8351
8352 9194 22046
8353
8354
8355
8356
8357
8358
8359
8360
8361
8362
8363
8364
8365 8376 8888 9017 13067 13831 14746 15455 16128 17075 18875 23302 23665
8366 5486
8367 19900
8368
8369 593 12627 16888 23896
8370
8371
8372 6350 11823 13628 15246 20332 23710
8373
8374 17465 19865 23107
8375 3719 5067 6907 8072 9025 9639 13649 19545 22527 25060 25289
8376 8365 13067 18875
8377
8378 15846
8379
8380
8381
8382
8383
8384
8385
8386 6632 9391 12187 24240
8387 543 23614
8388
8389
8390
8391 205 3716 6575 24385
8392
8393
8394
8395 8725 11054
8396
8397
8398 9327 9867 19084
8399
8400 1836
8401
8402
8403 2009 2527 6482 15571 18579
8404 25853
8405
8406
8407
8408 141 3312 11493 14102 17286 17443 23770 24753
8409 2248
8410
8411
8412
8413
8414
8415
8416
8417
8418
8419
8420
8421
8422
8423
8424
8425
8426
8427
8428 10637 18603 21340
8429
8430
8431
8432
8433
8434
8435
8436
8437 12071 26088
8438
8439
8440
8441 12927
8442 238 10412
8443 15248 17595
8444
8445
8446 2306 24340 25649 25839
8447
8448 1293 2621 2623 3283 3812 3820 3824 4834 5131 6222 6456 6525 6868 7525 7650 9433 12802 13482 13526 14157 14373 15148 17600 17819 17823 17824 18000 18444 22324 22901 24474 24479 24615 26039
8449 13490 19528 24412
8450
8451
8452 16872
8453
8454
8455
8456
8457 727 18030
8458 2710 2959
8459
8460
8461
8462
8463
8464
8465
8466
8467
8468
8469
8470
8471 727 2072 4379 6506 6541 8216 9037 13483 14711 18140 18208 23623
8472 1969 24141
8473
8474 5490
8475 4302 10711 19022 26181
8476 10458
8477
8478
8479
8480
8481
8482
8483
8484
8485
8486
8487
8488
8489
8490
8491
8492
8493
8494
8495
8496
8497
8498
8499
8500
8501
8502
8503 231 2741 2980 7350 10055 14558 14807 17268 18719 18866 18867 21012 24943 24955
8504 15372
8505 13929 21432
8506
8507
8508
8509
8510
8511 2773 6337 6529 6543 16486 16647 20030 22503
8512 9715 25492 25511
8513 3998 26038
8514
8515
8516
8517 5434 6774 8053 10235 10243 18648 22457
8518
8519
8520 2200 21089
8521
8522
8523 920 2511
8524
8525
8526 6737 20765 23476
8527
8528
8529
8530 10906 21144
8531
8532
8533
8534 8676
8535
8536
8537
8538 25545
8539
8540
8541 2303 9924 12262 18122 18619 18751 18771 24593
8542
8543
8544
8545
8546
8547 1545 24568 25996 26098
8548
8549 3231 4705 4773 6411 8261 8823 9639 16352 19808 19870 21931
8550
8551
8552 2501 3651 6351 17266 24559
8553 17626
8554
8555
8556
8557 8308 21288 26191
8558 13717
8559
8560
8561
8562
8563
8564
8565
8566
8567
8568
8569
8570
8571
8572
8573
8574
8575
8576
8577
8578
8579 937 3466 4135 16258 19607
8580
8581
8582
8583
8584
8585
8586
8587
8588
8589 231 14924 16994 19090 24001 24582 25228
8590
8591
8592 2190 6172 11861 14933 18904 20613
8593 17923 18122 21853
8594
8595 4442 14534 14691
8596 7863 8177
8597
8598
8599
8600
8601
8602
8603
8604
8605
8606
8607
8608
8609
8610
8611
8612 615 743 2076 4515 5773 9482 10822 11175 11604 14004 15003 15552 15814 16083 17932 20001 20100 23481
8613
8614 3032
8615 925
8616
8617
8618
8619
8620
8621
8622
8623 5409
8624
8625 2443 8116 13369 14369 15395 17583 25977
8626 294
8627
8628 194
8629 15357 16483
8630 20148
8631
8632
8633
8634
8635
8636
8637
8638
8639
8640
8641 5483 18884 19922 22727 23855
8642
8643 5184 12491 21779
8644
8645
8646
8647
8648
8649
8650
8651
8652
8653
8654
8655
8656
8657
8658
8659
8660
8661
8662
8663
8664
8665
8666 450 2115 4756 9241 10081 11275 11284 11910 23477
8667
8668
8669 9038 12213 13558 21710 22318 24888
8670
8671 10679
8672 2249 5957 6077 6611 12118 19955 21832 24814
8673
8674
8675
8676 8534
8677
8678 11806 15626
8679
8680 13813 17559 19204 20344 23204
8681
8682
8683
8684
8685
8686
8687
8688
8689
8690
8691
8692
8693
8694
8695
8696
8697
8698
8699
8700
8701 523 570 2991 5464 7774 17379 18008 23385 25868 26170
8702 2797
8703
8704 12930 17591
8705 5960 11662 14094 19014
8706
8707
8708 23776
8709
8710 9522 22483
8711 5083 5084
8712
8713
8714
8715 11661 20478 23038 25582
8716
8717 10638
8718 14265 20432
8719 2054
8720
8721 7524 10532 15005 15184 15372 16022 18685 22083
8722
8723
8724
8725 8395 11054
8726 11400 15196
8727 88 1995 2338 2530 2535 4755 5210 6340 6512 7197 7635 9656 9869 10350 12507 12710 14766 15010 15244 15245 15457 15933 16654 17807 18225 19446 19645 19939 20574 20576 22504 23712 24718
8728 7506 9312
8729
8730 16817 23939 24885
8731 2984 10564
8732 14746 16659 22377
8733
8734
8735 25062
8736
8737 4195 12587
8738 13031 13334
8739 13357 25115
8740
8741
8742 80 9273 11733
8743
8744
8745
8746
8747
8748
8749
8750
8751
8752
8753
8754
8755
8756
8757
8758
8759
8760
8761
8762
8763
8764
8765
8766
8767
8768 3630 4068 8150 9937 11015 12149 13864 15669 16389 16414 20148 21379 21754 22696 22975 23038 23552 24270
8769
8770
8771
8772
8773
8774 5209 6943 10435 21823 22748 24057 25902
8775
8776
8777
8778
8779
8780
8781
8782
8783
8784
8785
8786 1793 4013 4036 5481 10878 14078
8787 17021
8788
8789
8790
8791
8792
8793
8794
8795
8796
8797
8798
8799
8800
8801 3716 4704 12695 15420
8802
8803
8804
8805
8806
8807 882 17245 21830 22074
8808
8809
8810
8811 22021
8812
8813
8814
8815 7350 13604
8816
8817
8818
8819
8820
8821
8822
8823 3231 4705 4773 6411 8261 8549 9639 9643 10500 11464 16352 17546 17997 19808 19870 20532 20662 21860 21931 22369 22466 22527 22837 25159
8824 3164 18487
8825
8826
8827
8828
8829
8830
8831
8832
8833
8834
8835
8836
8837
8838
8839
8840
8841
8842
8843
8844
8845
8846
8847
8848
8849
8850
8851 197 1343 2991 7510 8299 12334 14485 15416 15552 18088 25286
8852
8853
8854 1045 5597 6265 23836 23841
8855
8856
8857 2826 11522 12235 23216
8858
8859
8860
8861
8862 78 4877 7459 8254 12155 22598 24932
8863
8864 16131 16280 17137 25582
8865
8866
8867
8868 3345
8869 24852
8870 18094
8871 17090 25557
8872
8873
8874
8875
8876 10990 12324 12472
8877 5488
8878
8879 45 46 570 773 1653 2212 2741 2952 3372 4164 4511 4513 6179 6610 6830 7956 9785 11241 11472 12365 12496 12781 12851 14540 14807 15003 15659 17655 17692 18894 19423 19961 20108 20562 20635 21012 21281 21508 21847 22691 22887 23293 24955 25346 25758
8880
8881 6170
8882
8883
8884
8885
8886
8887 6072
8888 8365 13067 14746
8889
8890
8891 11893 25667
8892
8893
8894
8895
8896
8897
8898
8899
8900
8901
8902
8903
8904
8905
8906
8907
8908
8909
8910
8911
8912
8913
8914
8915
8916 2591 8932 9188 9572 9773 12334 13713 17536 19179 19738 23880
8917
8918
8919
8920 13142
8921
8922 4164
8923
8924
8925 16505 20255 21450
8926
8927
8928 2846
8929
8930
8931
8932 8916
8933
8934
8935
8936
8937
8938
8939
8940
8941
8942
8943
8944
8945
8946
8947
8948
8949
8950
8951
8952
8953
8954
8955
8956
8957
8958
8959
8960
8961
8962
8963
8964
8965
8966
8967
8968 1006 2846 4351 9907 11372 12733 16210 16414 21432 21491
8969 13355
8970 10564 15187
8971
8972 1588 12968 13801 25006
8973 1896
8974
8975
8976 14351 25176
8977
8978 9017 15170 15455 16589
8979
8980
8981
8982
8983
8984
8985
8986
8987
8988
8989
8990
8991
8992
8993
8994
8995
8996
8997
8998
8999
9000
9001
9002
9003
9004
9005
9006
9007
9008
9009
9010
9011
9012
9013
9014
9015
9016
9017 2255 3056 6158 7307 7324 8365 8978 9023 11444 12324 12472 13831 14746 15170 15455 16128 16589 17075 18875 19900 20000 20806 21944 21968 23302 23665 23758 24722
9018 3843 4488 18299
9019
9020 200 492 6708 7013 8151 9021 9208 9471 9722 16882 17022 19586 19678 24861
9021 200 492 6708 7013 8151 9020 9208 9471 9722 16882 17022 19586 19678 24861
9022
9023 9017
9024
9025 3719 5067 6907 8072 8375 9639 13649 15683 19545 19923 20664 21824 22527 25060 25289 25359
9026 22404
9027 1493 2452 3811 14153 14872
9028
9029
9030 1101 4588 15108 17854
9031
9032
9033
9034
9035
9036
9037 4263 5395 6506 6859 8471 11141 17999 18282 18314 21220
9038 8669 12213 13558 21710 22318 24888
9039 11911
9040
9041
9042
9043
9044
9045
9046
9047
9048
9049
9050
9051
9052
9053 12504
9054
9055
9056
9057
9058
9059
9060
9061
9062
9063
9064
9065
9066 1588 5597 5901 11979 14308 16274 22722
9067
9068
9069
9070
9071
9072
9073
9074 5240 12425 17114 20489
9075 10762 22778
9076
9077
9078
9079
9080
9081
9082 593 1968 9306 12606 15942 23896
9083
9084
9085
9086
9087
9088
9089
9090 914 1493 2243 3442 3811 5162 5385 17543 18633 24589
9091
9092 22493 23614 24833
9093 11112
9094 19061
9095 4896
9096
9097
9098 7007 12587
9099 624 3731 5407 15184 19640 23577 23649 24293 25201
9100
9101
9102
9103 13352 24877
9104
9105
9106
9107
9108
9109
9110
9111
9112
9113
9114
9115
9116
9117
9118
9119
9120
9121
9122
9123
9124 1310 1386 1658 1738 2566 2720 4700 5052 5346 5606 5634 7926 9870 10597 16741 16779 19297 20886 23186 23298 23945 24475 25102 25931
9125 15321 15943
9126 11610 11696 18453
9127 2823 5564 7317 22177
9128 12040 13346
9129
9130 25095
9131
9132
9133 7689
9134
9135 9306
9136
9137
9138 22483
9139
9140
9141
9142
9143 9184 10381 14599 14647 18736 19945 20373
9144
9145
9146
9147 9184 17001 18013
9148
9149 17346 20319
9150
9151 11047
9152
9153
9154
9155
9156
9157
9158
9159
9160
9161
9162
9163
9164
9165
9166
9167
9168
9169
9170
9171
9172
9173
9174
9175
9176
9177
9178
9179
9180
9181
9182
9183
9184 1408 7024 9143 9147 9889 10381 14599 14647 16332 17001 17393 17559 17827 17911 18013 18736 19940 20373 21646 23204 25034
9185
9186
9187
9188 8916 19179 23880
9189 2116 9765 9774 12034 17935
9190
9191
9192
9193
9194 1488 8352
9195
9196
9197
9198
9199
9200
9201
9202
9203
9204
9205
9206
9207 2870 12654 20391 22555 24753
9208 200 492 6708 7013 8151 9020 9021 9471 9722 16882 17022 19586 19678 24861
9209 2806 24885
9210
9211 13413
9212
9213
9214
9215
9216 1958 22507 24696
9217 9907 10096
9218
9219
9220
9221
9222
9223
9224 10154 11410 16830
9225
9226
9227
9228
9229
9230
9231
9232
9233
9234
9235
9236
9237
9238
9239
9240
9241 2115 3420 4756 4765 6524 6934 8666 11923 14952 22644 23477 24924 25158
9242
9243
9244
9245
9246
9247
9248 3136 4425 5862 13966 21125
9249 2144 2774 3055 3652 3655 3766 3814 6388 6583 7096 12051 12423 12885 14808 15173 15189 15999 18942 19705 20250 21030 21825 25108
9250
9251
9252
9253
9254
9255 20065 20478 23038 25698
9256
9257
9258
9259
9260
9261
9262
9263
9264 12614 15495 17426 24932 24970
9265 8254
9266 11066
9267 4141 13859 22395
9268
9269 7042 21994
9270
9271
9272
9273 8742 10841
9274
9275
9276
9277
9278
9279
9280
9281
9282
9283 4164 5787 10055 13164 14540 25034 25143
9284
9285
9286
9287
9288
9289
9290
9291
9292
9293
9294
9295
9296
9297
9298
9299
9300
9301
9302
9303
9304
9305
9306 615 3890 4289 9082 9135 12160 12606 13501 19809 23038 23145
9307
9308
9309
9310
9311
9312 5225 7506 8728
9313 88 1995 2338 2449 2530 2535 4355 4755 6340 6512 7197 7635 9656 9869 10350 12507 14648 14766 15010 15244 15933 16654 17807 18225 18453 18778 19114 19645 19939 20576 21178
9314 10456
9315
9316 1910 24559
9317
9318
9319
9320
9321
9322
9323
9324
9325 10841 11372 11379 11400 12712 17764 21409
9326
9327 4037 8398 19084 25663
9328
9329
9330
9331
9332
9333
9334
9335 12380
9336
9337 4254
9338 5695
9339
9340
9341 773 21012 21847 22691
9342
9343
9344
9345
9346
9347
9348
9349
9350
9351
9352
9353
9354
9355
9356
9357
9358
9359
9360 7893 11102 12334 15814 18037 18051 18592 22765 24696 25758
9361
9362
9363
9364
9365
9366
9367
9368
9369
9370
9371
9372
9373
9374
9375
9376
9377
9378
9379
9380
9381
9382
9383
9384
9385
9386
9387 18365
9388
9389 3651 7485 24924
9390
9391 8386 12187
9392 10871 18612
9393
9394
9395
9396
9397 1832 3651 3877 4354 5412 6544 7357 7719 9755 10477 11445 12788 14385 18185 19246 19463 20716 20780 21861 22284 22601 22741 23514
9398
9399
9400
9401
9402
9403
9404
9405
9406
9407
9408 1403 2783
9409
9410
9411
9412
9413 1962 5825
9414 3964 12640 20328
9415
9416
9417 16994 19992
9418
9419 25006
9420
9421
9422
9423
9424
9425
9426 5062 19881 24924
9427
9428
9429
9430
9431
9432 2770 7095 14033 22483 25286
9433 1293 2621 2623 3283 3812 3820 3824 4834 5131 6222 6456 6525 6868 7525 7650 8448 12802 13482 13526 14157 14373 15148 17600 17819 17823 17824 18000 18444 22324 22901 24474 24479 24615 26039
9434
9435
9436
9437
9438
9439 3909 4814 6064 8340 21468 23246
9440
9441 10388
9442
9443
9444
9445
9446
9447
9448
9449
9450 2607 4588 5130 5353 12165 12722 20003 20184 21718 24330
9451
9452
9453
9454
9455
9456
9457
9458 495 1854 2846 14967 17968
9459 5529 7247 11829
9460
9461
9462
9463
9464
9465
9466
9467
9468
9469
9470
9471 200 492 1229 4422 6708 7013 8151 9020 9021 9208 9722 11107 14599 15477 16719 16882 17016 17022 17944 19586 19678 20884 24861 24939
9472
9473
9474
9475
9476
9477
9478
9479
9480
9481
9482 231 2741 2980 7014 7533 8612 9755 11175 12365 15003 15538 15552 18910 21012 21027 21508 22937 23363 23481 24924 25189
9483 12599 25250
9484
9485 1044 16123
9486 20765
9487
9488 4164
9489
9490
9491 11379 11400 17124 17764
9492
9493
9494
9495
9496
9497
9498
9499
9500
9501
9502
9503
9504 22436 25215
9505
9506
9507
9508
9509
9510
9511 2155 4416 9889 17187 20902 25006
9512
9513
9514 15568
9515
9516
9517 13929 20169
9518 822 16358
9519
9520
9521
9522 3937 8710 9572 14265 22483
9523
9524
9525
9526
9527
9528
9529
9530
9531
9532
9533
9534
9535
9536
9537
9538
9539
9540
9541
9542
9543
9544
9545
9546
9547
9548
9549
9550
9551
9552
9553
9554
9555
9556
9557
9558
9559
9560
9561
9562
9563
9564
9565
9566
9567
9568
9569
9570
9571
9572 1375 2846 5555 5564 5787 5993 7459 7689 7712 8916 9522 9721 10158 10310 10942 13600 13614 13929 14102 14485 16310 18517 19738 21075 21316 22598 22900 23293 23637 23647 23770 25143 25601 25980
9573
9574
9575
9576
9577
9578
9579 6534 11561 16932 19451 22381
9580
9581
9582
9583
9584
9585
9586
9587
9588
9589
9590
9591 309 2136 2186 6012 10677 11030 13704 17015 17453 23946 25611
9592
9593 122 851 4825 4836
9594
9595 6744
9596
9597 11746
9598
9599
9600
9601
9602
9603
9604
9605
9606 2247 4958 5973 10884 12122 16353
9607
9608
9609
9610
9611
9612
9613
9614
9615
9616 3561 9943 10096 11629 11733 17099 21407 23063
9617
9618 11285 12193
9619
9620
9621
9622
9623
9624
9625
9626
9627
9628
9629 7087 9984 10153 10543 10967 16006 16336 20435 20479 21433 25569 25783
9630 10252 16820
9631 2503 10898
9632
9633
9634 887 6023 25321
9635
9636
9637
9638
9639 3231 3719 4705 4773 5067 6411 6610 6907 8045 8072 8261 8375 8549 8823 9025 9785 11464 13649 15784 16352 17997 19545 19640 19808 19870 20532 21931 22369 22527 25060 25289
9640
9641
9642
9643 3839 8823 21864 22527
9644
9645
9646
9647 639 4241 5227 7015 7125
9648
9649 10251 17294 17626 23637
9650
9651
9652
9653
9654
9655
9656 88 1995 2338 2449 2530 2535 4355 4755 5210 6340 6512 7197 7444 7635 8727 9313 9869 10350 12507 12710 14648 14766 15010 15244 15245 15457 15933 16654 17807 18225 18453 18778 19114 19446 19645 19939 20574 20576 21178 22504 23712 24718
9657
9658
9659 12720 13205 25598 25607 25661
9660
9661
9662
9663
9664
9665
9666
9667
9668
9669
9670
9671
9672
9673
9674
9675
9676
9677
9678
9679
9680
9681
9682
9683
9684
9685
9686
9687
9688
9689
9690
9691
9692
9693
9694
9695
9696
9697
9698
9699
9700
9701
9702
9703
9704
9705
9706
9707
9708
9709
9710 743 3345 3430 10463 10526 10841 11788 14818 15144 17746 17932 18189 19107 19159 21438 21776 22439 22611 24431 26038
9711
9712 22265 25209
9713 339 17414
9714
9715 4034 8512 9717 25492 25511
9716
9717 4034 9715
9718
9719
9720
9721 9572 19110
9722 200 492 6708 7013 8151 9020 9021 9208 9471 16882 17022 19586 19678 24861
9723 1959 15568
9724
9725
9726
9727
9728
9729
9730
9731
9732 2870 6963 19340 21583
9733
9734
9735 13142 22415 23134 26138
9736 5639 6009 6896 21281
9737
9738
9739
9740
9741
9742
9743
9744
9745
9746
9747
9748
9749
9750
9751
9752
9753
9754
9755 339 1653 1832 2250 2654 4383 4743 4748 5621 6700 7014 7717 9397 9482 11015 13714 14344 14385 14767 17439 18971 19216 19423 20511 20534 21281 21379 23382 24163 25205 25396
9756
9757
9758 2879 17006 19551
9759 24814
9760 2054
9761
9762
9763 2309 6532 10597 17626
9764 832 3387 4703 7447 10117 14340 14370 15006 16231 16590 16730 19957 21848 22320 22423
9765 2116 9189 9774 12034 17935
9766
9767
9768
9769 13801 14932 22489
9770
9771
9772
9773 8916 17536
9774 2116 9189 9765 12034 17935
9775
9776
9777
9778
9779
9780
9781
9782
9783
9784
9785 45 46 570 773 1653 2212 2560 2741 2952 3372 3839 4146 4164 4511 4513 4632 6179 6610 6830 7384 7956 8045 8879 9639 10926 11241 11472 12365 12496 12553 12781 12851 13164 13837 14512 14540 14807 15003 15659 15784 16594 16674 17250 17655 17692 18668 18866 18894 19423 19640 19870 19961 20108 20532 20562 20635 20774 21012 21281 21508 21847 22527 22691 22887 23293 24955 25346 25758
9786
9787
9788
9789
9790
9791
9792
9793
9794
9795
9796
9797
9798
9799
9800 178 1727 3409 7956 12701 18879 23363 25346 26141
9801
9802
9803
9804
9805
9806
9807
9808
9809
9810
9811
9812
9813
9814
9815
9816
9817
9818
9819
9820
9821
9822
9823
9824
9825
9826
9827
9828
9829 1000 1386 2202 2936 5107 7504 10354 12212 14051 14638 16994 17233 18905 21563 24271
9830
9831 12473
9832 11279 17750
9833
9834
9835
9836
9837
9838
9839
9840
9841
9842
9843
9844
9845
9846
9847
9848
9849
9850
9851
9852
9853
9854
9855
9856
9857
9858
9859
9860
9861
9862 3679 4148 4550 9863 12370 16853 17501
9863 4148 9862
9864
9865 6669
9866
9867 8398
9868
9869 88 1995 2338 2449 2530 2535 4355 4755 5210 6340 6512 7197 7635 8727 9313 9656 10350 12507 12710 14648 14766 15010 15244 15245 15457 15933 16654 17807 18225 18453 18778 19114 19446 19645 19939 20574 20576 21178 22504 23712 24718
9870 1310 9124 24475
9871 17179 24816
9872
9873
9874
9875
9876
9877
9878
9879
9880
9881
9882
9883
9884
9885
9886
9887
9888
9889 135 365 2155 2741 4416 6408 6774 9184 9511 12311 12675 14552 14807 15585 16906 17187 17655 18579 18736 21012
9890 6264
9891
9892 449 500 10458 11011 25086 25785
9893 20526
9894
9895 7689
9896
9897
9898
9899
9900
9901
9902
9903
9904
9905
9906
9907 7689 8968 9217 10096 16010 16414 17086 21491 23552 25585
9908
9909
9910
9911
9912
9913 15971 15998
9914
9915 2049 24293
9916
9917
9918
9919
9920
9921 4630 10672 12512
9922 18592
9923
9924 1028 8541 12262 18619 18751
9925
9926
9927
9928
9929
9930
9931
9932
9933
9934
9935
9936
9937 8768 12149 16389 16414 21754 23038 24270
9938
9939
9940
9941
9942
9943 9616 10113 10543 11733 12268 13929 16006 16357 21994 22188 23110
9944 21491
9945
9946 11495 12842
9947
9948
9949
9950
9951
9952
9953
9954
9955
9956
9957
9958
9959 6008 20914
9960
9961
9962 2506 10682 22428
9963
9964 811 23485 23751 25469
9965
9966
9967
9968 3501 14652 21592
9969
9970
9971
9972
9973
9974 269 1217 6629 25648
9975
9976
9977
9978
9979 15898
9980 1265 21281
9981
9982
9983 20303
9984 7087 9629 25569
9985
9986 25698
9987 19890
9988 11967 14620
9989
9990
9991
9992
9993 4068 16389 23038 23051
9994 17276 18383
9995
9996
9997
9998
9999
10000 25286
10001
10002 7468
10003
10004 12453 17306 20052 24713 25234
10005
10006
10007
10008
10009
10010
10011
10012
10013
10014
10015
10016
10017
10018
10019
10020
10021
10022 4275 13067 14746 17878
10023
10024 2620 3501 12453 20587 22523
10025
10026 13220 15316
10027
10028
10029
10030
10031
10032
10033
10034
10035
10036
10037
10038
10039 639 5408 6810 11964 12763 14123 16258 17739 19340 19605 19609
10040
10041 2212 7956 12781 13995 22887 25346
10042
10043
10044
10045
10046
10047
10048
10049
10050
10051
10052
10053
10054
10055 1941 4180 4241 7350 8074 8503 9283 13164 14541 15127 15846 17268 17754 18524 19297 25102 25758
10056 2754 5511 7265 7479
10057
10058
10059
10060
10061
10062 3878 12406 16102 16270 16584 22463 22790
10063
10064
10065
10066
10067
10068
10069
10070
10071
10072
10073
10074
10075
10076
10077
10078
10079
10080
10081 3185 8666 13291 20547 20792
10082
10083
10084
10085
10086
10087
10088
10089
10090
10091
10092
10093
10094
10095
10096 7522 7689 9217 9616 9907 10113 11661 11733 11734 13929 16010 16368 16414 16495 21167 21608 23038 25585
10097
10098
10099
10100
10101
10102
10103
10104
10105
10106
10107
10108
10109
10110
10111
10112
10113 7042 7050 9943 10096 11661 12130 15614 16368 17172 17285 21407 21994
10114
10115 10134 23916
10116 20236
10117 832 3387 4703 7447 9764 14340 14370 15006 16231 16590 16730 19957 21848 22320 22423
10118
10119
10120
10121
10122
10123
10124
10125
10126
10127
10128
10129
10130 178 624 1248 1403 2368 2420 2654 5621 7007 16032 16210 18681 20641 22074 24762
10131
10132
10133 18218
10134 10115
10135
10136
10137
10138
10139
10140
10141
10142
10143
10144
10145
10146
10147
10148 10847
10149
10150
10151
10152
10153 950 7087 9629 16006
10154 9224 16830
10155
10156
10157
10158 9572
10159
10160
10161
10162 3651 17379
10163 1281 3653 12551 18621 24207 25287
10164
10165
10166
10167
10168
10169
10170
10171
10172
10173
10174
10175
10176
10177
10178 3744 24133
10179
10180 2334 17587
10181
10182
10183 24781
10184
10185
10186 6556
10187
10188
10189
10190
10191
10192
10193
10194
10195
10196
10197
10198
10199
10200
10201
10202
10203
10204
10205
10206
10207
10208
10209
10210
10211 2326 2912 4673 7475 8215 11077 14181 15300 19048 26088
10212
10213
10214
10215
10216
10217
10218
10219
10220
10221
10222
10223
10224
10225
10226
10227
10228
10229
10230
10231
10232
10233
10234
10235 2287 5052 5125 6375 8053 8517 10243 10519 11785 20511 24620 25271 25396
10236
10237
10238
10239
10240
10241
10242
10243 6774 8049 8053 8517 10235 11964 15538 16694 18648 19423 21012 22457 22691 23452
10244
10245
10246 24924
10247 6823
10248
10249
10250
10251 1093 3059 9649 17626 23637
10252 9630 16820
10253 15799 20182
10254
10255
10256
10257
10258
10259
10260
10261
10262
10263
10264
10265
10266
10267
10268 375 1172 1838 3441 5346 12733 26194
10269
10270
10271
10272
10273
10274
10275
10276
10277
10278
10279
10280
10281
10282
10283
10284
10285
10286
10287
10288
10289
10290
10291
10292
10293
10294
10295
10296
10297
10298
10299
10300
10301
10302
10303
10304
10305
10306
10307
10308
10309
10310 1854 3466 4583 5233 9572 10841 13056 14982 16310 19640 23855 24372 24814
10311
10312
10313
10314
10315
10316
10317 2259 11816
10318
10319
10320
10321
10322
10323
10324
10325
10326
10327
10328
10329
10330
10331
10332
10333
10334
10335
10336
10337
10338 7523 12458 12460 14844 16651 19378
10339
10340
10341 1292 6648 14840
10342
10343
10344
10345
10346 5078 6291 15687 19143 19383
10347
10348
10349
10350 88 1995 2338 2449 2530 2535 4355 4755 5210 6340 6512 7197 7444 7635 8727 9313 9656 9869 10801 12507 12710 14648 14766 15010 15244 15245 15457 15933 16654 17807 18225 18453 18778 19114 19446 19645 19939 20574 20576 21178 22504 23712 24718
10351 6667 14123 16258
10352 19387
10353
10354 9829
10355 2054
10356 19062
10357
10358 449 10615 12074
10359
10360
10361
10362
10363
10364
10365
10366
10367
10368
10369
10370
10371
10372
10373
10374
10375
10376 4102 13801 15325 17911 26176
10377
10378
10379
10380
10381 9143 9184 12842 16332 18736 20373 22721 22830 25916
10382 25482
10383 6774 13319 16115 17655
10384
10385
10386
10387
10388 9441 10539
10389
10390 5411 11186 16931
10391 364 21650
10392
10393
10394
10395
10396
10397
10398
10399
10400
10401
10402
10403
10404
10405
10406 2182 3553 7578 14746 15571 19723 23939
10407 6701
10408
10409
10410
10411
10412 238 8442
10413
10414
10415
10416
10417
10418
10419
10420
10421
10422
10423
10424
10425
10426
10427 1023 2512 5052 12101 20595 20613 20850 20924
10428
10429
10430
10431
10432 5774 16891
10433 2593
10434
10435 1044 8774 21823
10436
10437
10438 16154 20558
10439 2075 4182 21075
10440
10441
10442
10443
10444
10445 16765 21594
10446 18723
10447
10448
10449
10450
10451
10452
10453
10454
10455
10456 676 2797 9314 12291 12639 13292 13320 17414 22046
10457
10458 449 500 8476 9892 11011 25086 25785
10459
10460
10461
10462
10463 9710 17746
10464
10465
10466
10467 13175 20892 21816
10468 19084
10469
10470
10471
10472
10473
10474
10475
10476 4241 4875 11284 13813
10477 3651 3877 4354 5412 6544 7357 7719 9397 11445 12788 18185 19246 19463 20716 20780 21861 22284 22601 22741 23514
10478 23986
10479
10480
10481
10482
10483
10484
10485
10486
10487
10488
10489
10490 3916 4525 4952 5352 7985 10588 13966 21754 24614
10491
10492
10493
10494
10495
10496 3265 4139 11372 12720 20002 21409 22018
10497 3998
10498
10499 5629
10500 8823 17546 22466 25159
10501 26038 26065
10502
10503
10504
10505
10506
10507
10508
10509
10510
10511
10512
10513 25059 25595
10514 2306 24713
10515
10516
10517 5119
10518
10519 2287 6375 10235
10520
10521
10522 10561
10523
10524 11223 16310
10525
10526 9710
10527
10528
10529
10530
10531
10532 3955 7524 8721 15005 15184 15372 16022 16674 18685 22083 23470
10533
10534
10535
10536
10537
10538
10539 1736 2085 3099 10388
10540
10541
10542
10543 9629 9943 14970 16006 16357 25783
10544
10545
10546
10547
10548
10549 676 4846 11785 22457
10550 6700 22497 23907 25080
10551
10552 11275
10553
10554
10555 3524 11591 16921 17228 20207 21646
10556
10557
10558
10559 18245
10560
10561 10522
10562
10563
10564 2984 8731 8970 15187
10565
10566
10567
10568
10569
10570
10571
10572
10573
10574
10575
10576
10577
10578
10579
10580
10581
10582
10583
10584
10585
10586
10587
10588 3916 4525 4952 5352 5729 10490 12101 13801 15311 21754 23134 24614
10589
10590 214 615 6512 12308 15935 18276 18757
10591
10592
10593
10594
10595
10596
10597 1985 5052 9124 9763 16741 21657
10598
10599
10600 1499 13493 20261 23394 23665 24002
10601 2710 15301
10602 20805
10603
10604
10605
10606
10607
10608
10609
10610
10611
10612
10613
10614
10615 449 2085 3099 10358 12074 13469 24454 25086
10616
10617
10618
10619
10620 17379 21324 22530
10621
10622
10623 5441 7712 10762 12659 18517 21665
10624
10625
10626
10627
10628
10629
10630
10631
10632
10633
10634
10635
10636
10637 8428 21340
10638 8717
10639
10640 15247 24970
10641
10642
10643
10644
10645
10646
10647
10648
10649
10650
10651
10652 1588 4376 8063 13801 22979
10653
10654
10655 1109 11696 12742
10656 6190 11403 21994 25610
10657 7050 17172
10658
10659
10660
10661
10662
10663
10664
10665
10666
10667
10668
10669
10670
10671
10672 4630 9921 12512
10673
10674
10675
10676 24961
10677 309 9591 17015
10678
10679 115 5268 8671
10680
10681
10682 2506 9962
10683
10684 20328 24877
10685
10686
10687
10688
10689
10690
10691
10692
10693
10694
10695
10696
10697
10698
10699
10700
10701
10702
10703
10704
10705
10706
10707
10708
10709
10710
10711 1711 1963 2915 3922 4302 6468 7689 8475 10942 11696 11791 13276 13282 17359 18745 18758 19022 21497 22598 22778 23558 23770 26181
10712
10713
10714
10715
10716
10717
10718
10719 11032 11034 18764 22433
10720
10721
10722
10723
10724
10725
10726 1782 3066 13521 16482 18784 22265 23151
10727
10728
10729
10730
10731
10732
10733
10734
10735
10736
10737
10738
10739
10740
10741
10742
10743
10744
10745
10746
10747
10748
10749
10750
10751
10752
10753
10754
10755
10756
10757
10758
10759
10760
10761
10762 624 894 2591 3412 4814 5441 5717 5934 9075 10623 11223 11491 11712 12659 13096 13276 13847 14351 15235 16310 17207 19807 21324 21665 22336 22734 22778 23246 23708 25698
10763 14337
10764
10765 3113 8312 11621 17538 18924 25978
10766
10767
10768
10769
10770
10771
10772
10773
10774
10775
10776
10777
10778
10779
10780
10781
10782
10783
10784
10785
10786
10787
10788
10789
10790
10791 1059 1545 6154 7725 10919 11125 11275 13705 15435 15608 16039 17821 18540 20536 23529
10792 2222 15695
10793
10794 7050 25850
10795
10796
10797
10798
10799
10800
10801 2614 3310 4023 10350 11902 13647 19146 22265 22699 23622 23870 25057
10802
10803
10804
10805 6626 21927 25628
10806
10807 14093 21466
10808
10809
10810
10811
10812
10813
10814
10815
10816
10817
10818 11016 25596
10819 193 22917 23038 23114
10820
10821
10822 8612 14004
10823
10824 3345 15144
10825 20100 21543
10826
10827
10828
10829
10830
10831
10832
10833
10834
10835
10836
10837
10838
10839
10840
10841 9273 9325 9710 10310 14818 16310 16324
10842 4847 11293 12739
10843
10844
10845
10846
10847 10148
10848
10849
10850 6941
10851
10852
10853
10854
10855
10856
10857
10858
10859
10860
10861
10862
10863
10864
10865
10866
10867
10868
10869
10870
10871 1594 5934 9392 11712 13847 15066 15382 16469 17207 18612 19517 22989 24252 25378
10872 2666 24250
10873
10874
10875
10876
10877
10878 4013 8786 14078 17990 26020
10879 11925 13659 15082
10880 4372 16598
10881 3651
10882
10883
10884 4958 9606 16353
10885
10886
10887
10888
10889
10890
10891
10892
10893
10894
10895 2556 4952 14067 16162 20086 21100 21772 24696
10896 1727
10897 5548
10898 2503 9631
10899
10900
10901
10902
10903
10904 5156 12707
10905
10906 1289 8530
10907 3909 16575
10908
10909
10910 6056 19423 25777
10911
10912 11638 14123 22836
10913
10914
10915
10916
10917
10918 7911 19723 20253
10919 1545 10791
10920
10921
10922
10923 2342 2516 16013 16368 19964 21998
10924
10925 6638 15195 17467
10926 2560 4146 9785 12553 13164 15003 16594 18668 21508
10927
10928
10929
10930
10931 2912 5767 7475 11607 15300 19048 19351 20765 21771 26088
10932
10933
10934
10935
10936 19509 19510 23687
10937
10938
10939
10940
10941
10942 2846 5555 5787 7459 7926 9572 10711 14485 17359 23558 23647
10943
10944
10945
10946
10947
10948
10949
10950
10951
10952
10953
10954
10955
10956 2350 2385 20783 22574 23344 25405
10957
10958
10959
10960
10961
10962
10963
10964
10965
10966 6073 11602 12187 13153 24240 24781
10967 9629 16336
10968
10969 7712 19109
10970
10971
10972
10973
10974
10975
10976
10977
10978
10979
10980
10981
10982
10983 2115 5302 5497 7899 12868 13711 17161 17180 17721 17738 18154 24057
10984
10985
10986 21910
10987
10988
10989
10990 8876
10991 22555
10992
10993
10994
10995
10996 5107 8128 14067 22738
10997
10998
10999
11000
11001
11002 20129 21994
11003
11004
11005
11006
11007
11008
11009 20157 21344 22990 23471
11010
11011 449 500 2568 9892 10458 25086 25785
11012 23775 25089
11013
11014
11015 339 2250 2654 4743 4748 5621 7717 8768 9755 13714 14767 16389 16414 17439 18971 19216 20511 20534 21165 21379 25205 25396
11016 10818 25596
11017 11026
11018
11019
11020
11021
11022
11023
11024
11025
11026 339 4712 11017 17414 19013 24924
11027
11028 5211 21171 22730
11029
11030 6012 9591 17453 23946 25611
11031
11032 10719 22074
11033
11034 10719 18764 22433
11035 14282
11036
11037 1427
11038
11039
11040
11041
11042
11043
11044
11045
11046
11047 7154 7307 9151 25856
11048
11049
11050
11051
11052 1599 11442 13659 13859 16091 26168
11053 12365 13411 18866 20774 21508 23403
11054 8395 8725
11055
11056
11057
11058
11059
11060
11061
11062
11063
11064
11065
11066 9266 14165 16765
11067
11068
11069
11070
11071
11072
11073
11074
11075
11076
11077 10211 12130 14972 15300 17158 17162 17403 20149 20519 21389 22951 23912 23918 25589
11078
11079
11080
11081
11082 824 2133 4846 6610 6700 12928 14419 16258 17330 18487 22779 23382
11083
11084
11085
11086
11087
11088
11089
11090
11091
11092
11093 5555 15172
11094
11095
11096
11097
11098
11099
11100
11101
11102 1896 6838 9360 25220 25758
11103
11104
11105
11106
11107 1229 4422 6264 9471 12842 14599 15477 23620
11108 3136
11109 3048 21562
11110
11111
11112 9093 13174 14864 17379
11113 21723 23836 25050
11114 27 19081 24726 25540
11115
11116
11117
11118
11119
11120 16340 17851 20233
11121 14337
11122
11123
11124
11125 1059 10791 23529
11126
11127
11128
11129
11130
11131
11132 2661 5061 8067 12980 14969 23382 24845
11133
11134
11135
11136
11137
11138
11139
11140
11141 5395 5445 9037 18314 19447
11142
11143
11144
11145
11146
11147
11148 1186 3409 7844 12365 13597 16722 16876 18719 18866 19992
11149
11150
11151
11152 15616 18208 23683
11153
11154
11155
11156
11157
11158
11159
11160
11161
11162
11163
11164
11165
11166
11167
11168
11169
11170
11171
11172
11173
11174
11175 3872 7533 8612 9482 12365 15003 15552 21508 23481
11176
11177
11178
11179
11180
11181
11182 6575 11696 13276 23441
11183 22 106 15793
11184
11185
11186 5411 10390 16931
11187
11188
11189
11190
11191
11192
11193
11194 5849 14325 14337 15799 16511 21297
11195
11196 13
11197 844 890
11198
11199 281 1404 2562 20567
11200
11201
11202
11203
11204
11205
11206
11207
11208
11209
11210
11211
11212
11213 5503 11878 18557
11214
11215 23156
11216 19598
11217
11218
11219
11220
11221
11222
11223 10524 10762 16310 18489
11224
11225
11226
11227 2072 2490 15258
11228
11229
11230
11231 7878 12654 17575 17683 18122 23038
11232
11233 5957 7716 12118 14090 18397 19980 24814 25541
11234
11235
11236
11237
11238
11239
11240
11241 45 46 570 773 1653 2212 2741 2952 3372 3595 4164 4511 4513 6179 6610 6830 7956 8879 9785 11472 12365 12496 12781 12851 14540 14807 15003 15659 17655 17692 18174 18894 19423 19961 20108 20562 20635 21012 21281 21508 21847 22691 22887 23293 24955 25271 25346 25396 25758
11242
11243
11244
11245
11246
11247
11248
11249
11250
11251
11252
11253
11254
11255
11256
11257
11258
11259
11260
11261
11262
11263
11264
11265
11266
11267
11268
11269
11270
11271
11272
11273
11274
11275 1545 2848 2922 4896 5246 5464 7801 8666 10552 10791 12884 13556 14638 15608 16123 18511 21754 22366 25988
11276
11277
11278
11279 9832 17750
11280 831
11281
11282
11283
11284 4875 8666 10476 13966
11285 9618 12193
11286
11287
11288
11289
11290
11291
11292
11293 4143 4847 6808 7802 10842 11400 12739 17127 20554 21777 22108 23555 25718
11294
11295
11296
11297
11298
11299
11300
11301
11302
11303
11304
11305
11306
11307
11308
11309
11310
11311
11312
11313
11314
11315
11316
11317
11318 164 11325 11400 12720 12733 12742 15938 17124 17126 25660 25729
11319
11320
11321
11322
11323
11324
11325 11318 12720 12733 16324 17746 25729
11326
11327
11328 11400 11405 12733 16324
11329
11330
11331
11332
11333
11334
11335
11336
11337
11338
11339
11340
11341
11342
11343
11344
11345
11346
11347
11348
11349
11350
11351
11352
11353
11354
11355
11356
11357
11358
11359
11360
11361
11362
11363
11364
11365
11366
11367
11368
11369
11370
11371
11372 1172 4139 4247 4250 8968 9325 10496 11379 11400 12712 12720 12733 14324 20002 21409 22018 25660
11373
11374
11375
11376
11377
11378
11379 9325 9491 11372 11400 17124 17764 21409 25719
11380
11381
11382
11383
11384
11385
11386
11387
11388
11389
11390
11391
11392
11393
11394
11395
11396
11397
11398
11399
11400 4247 4250 8726 9325 9491 11293 11318 11328 11372 11379 11405 13929 15196 15938 17126 17764 20148 22018
11401 2710 5794
11402 12980 14969 23382 24845
11403 6190 10656 21994 25610
11404
11405 11328 11400
11406
11407
11408
11409
11410 9224 16830
11411 24242
11412
11413
11414
11415
11416 2851 5807 8222 15244 19489 21495 25469
11417
11418 161
11419
11420
11421
11422
11423
11424
11425
11426 15300 21131 23859
11427 20414
11428
11429
11430
11431
11432
11433
11434
11435
11436
11437
11438
11439
11440
11441
11442 11052 11919 13651 23266 23485
11443
11444 9017 20000 21613
11445 3651 3877 4354 5412 6544 7357 7719 9397 10477 12788 18185 19246 19463 20716 20780 21861 22284 22601 22741 23514
11446
11447 834 2490 5570 7383
11448
11449
11450
11451
11452
11453
11454
11455
11456
11457
11458
11459 6706
11460
11461 1672 8079 18208 18676 22087 22839
11462 17141
11463
11464 3231 4773 6411 8261 8823 9639 16352 17997 19870 20532 20662 21860 22369 22837
11465 3239 11577
11466
11467 19575
11468 17804 20432
11469
11470 17804 20432
11471
11472 45 46 570 773 1653 2212 2741 2952 3372 4164 4511 4513 6179 6610 6830 7956 8879 9785 11241 12365 12496 12781 12851 14540 14807 15003 15659 17655 17692 18894 19423 19961 20108 20562 20635 21012 21281 21508 21847 22691 22887 23293 24955 25346 25758
11473
11474
11475
11476
11477
11478
11479
11480
11481
11482
11483
11484
11485
11486
11487
11488
11489
11490 302 7246 13008 17240 25091
11491 10762 12659 21324
11492
11493 3312 8408 23770
11494
11495 9946 12842 20014
11496
11497
11498
11499
11500
11501
11502 510 7645 11903 12158 17612 22285 24210
11503
11504
11505
11506
11507
11508
11509
11510
11511
11512
11513
11514
11515
11516
11517
11518
11519
11520
11521
11522 8857 12235 22129 25387
11523
11524
11525
11526
11527
11528 6878 19450
11529
11530
11531
11532
11533
11534
11535
11536
11537 6666 17986 20765 21190
11538
11539 782 15227 16655
11540
11541
11542
11543
11544
11545
11546
11547
11548
11549
11550
11551
11552
11553
11554
11555
11556
11557 2810 3204 3228 3291 3654 3922 4371 14667 15477 15998 18145 20046 21799 24183 25937
11558
11559
11560
11561 9579
11562
11563 20595
11564
11565
11566 11808 18560
11567
11568
11569
11570
11571
11572 6963 16694 18065
11573
11574
11575
11576
11577 3239 11465
11578
11579 15073
11580
11581
11582
11583 21998
11584
11585
11586
11587
11588
11589
11590
11591 1958 10555 13520 16921 19781 19927 20207 21646
11592
11593 18415
11594
11595
11596
11597
11598
11599
11600
11601
11602 10966 12187 20616 22574
11603
11604 615 4515 8612 16083 17932
11605
11606
11607 10931 19048 19351 20765
11608
11609 65 357 3066 7991 8116 22457 23300 24960
11610 9126 11696 18453
11611 1738 20779
11612 1653 24944
11613 5621 17439 18487
11614
11615
11616 14149 14662
11617 11902
11618
11619
11620
11621 3113 8312 10765 14265 17538 18924 25978
11622 3852 7877
11623 23621
11624
11625
11626 3507 12419
11627
11628
11629 9616 11951 21994
11630 12268 13929 16006 16357 22188
11631 16505 21450
11632
11633
11634
11635
11636
11637
11638 10912 22836
11639
11640 18365 25209
11641 24462
11642 25230
11643
11644
11645
11646
11647
11648
11649
11650
11651
11652
11653
11654
11655
11656
11657
11658
11659
11660
11661 1488 7042 8715 10096 10113 16210 21142 21167
11662 5960 8705 14094 19014
11663
11664 2997 6888
11665
11666
11667
11668
11669
11670 4211 11876 17626 17665 17688 17808 25962
11671
11672
11673
11674
11675
11676
11677
11678
11679
11680
11681
11682
11683
11684
11685
11686
11687
11688
11689
11690
11691
11692
11693
11694
11695
11696 1109 6421 6971 7264 8224 9126 10655 10711 11182 11610 12742 13276 16210 18445 18453 18745 22366 23441 23770
11697
11698
11699
11700 13929
11701
11702
11703
11704
11705
11706
11707
11708
11709
11710
11711
11712 2127 10762 10871 15829 16106 17207 17670 18286 18612 19234 19724 22876
11713 12720
11714
11715
11716
11717
11718 20766
11719 25698
11720
11721 12151 15221 21344
11722
11723
11724
11725
11726
11727
11728
11729
11730
11731
11732
11733 80 8742 9616 9943 10096 11734 13929 15614 16495 17285 21608 23063 25615
11734 10096 11733 21608
11735
11736
11737
11738
11739
11740
11741
11742
11743
11744
11745
11746 676 9597 11785 11820 17019 17121 25777
11747
11748
11749
11750
11751
11752
11753
11754
11755
11756
11757
11758
11759
11760
11761
11762
11763
11764
11765
11766
11767
11768
11769
11770
11771
11772
11773
11774
11775
11776
11777
11778
11779
11780
11781
11782
11783
11784
11785 345 676 824 2059 6482 6774 10235 10549 11746 12101 12365 17655 18866 19954 20595 20613 20716 20850 21800 22372 22457
11786
11787
11788 9710 14818 19159
11789
11790
11791 7689 10711 19060
11792 5717 7090 16831
11793
11794
11795
11796
11797
11798
11799
11800
11801 26 1407 4249 4550 13096 13142 19489 21718 22290 23441 24113
11802
11803
11804
11805
11806 5787 8678
11807
11808 11566 18560
11809
11810
11811 272 2912 11840 15300 19012 20305
11812 18088 18217
11813
11814
11815 3058 12101
11816 10317
11817
11818
11819
11820 11746 17019
11821 16368 21469 23503
11822 14051
11823 6350 8372 13628 23710
11824 593 1008 2185 12066 12627 20808 21815 23896
11825
11826
11827
11828 7807
11829 5529 7247 9459
11830
11831
11832
11833
11834
11835
11836
11837
11838
11839
11840 272 2912 11811 15300 19012 20305
11841 25316
11842 1656
11843
11844 4875 7854 17006
11845
11846
11847
11848
11849
11850
11851
11852
11853
11854
11855
11856
11857
11858
11859
11860
11861 2287 4080 5542 6172 8592 14746 14747 17463 19093 19324 20567 20613 21550 24220 25179 25553 25554
11862
11863 12110 17536
11864
11865 24814
11866
11867
11868 339 6934 22457
11869
11870
11871
11872
11873
11874
11875
11876 4211 11670 17626 17808 24121
11877
11878 11213
11879 26092
11880
11881
11882
11883
11884
11885
11886
11887
11888
11889
11890
11891 1105 14985 16741 20243
11892 17075
11893 8891 25667
11894
11895
11896
11897
11898 18619
11899 4952
11900
11901
11902 10801 11617 21029 23870
11903 11502 17612 24210
11904
11905
11906
11907
11908
11909
11910 8666 12141
11911 9039
11912
11913
11914
11915
11916
11917
11918
11919 811 6468 11442 13651
11920
11921
11922
11923 9241
11924 14534
11925 10879 13659 15082
11926 7592
11927
11928
11929 2316
11930
11931
11932
11933
11934
11935
11936
11937
11938
11939 2316 15235 16935
11940
11941
11942
11943
11944 16429 23503
11945
11946
11947
11948
11949
11950
11951 11629 13929 21994
11952
11953
11954
11955
11956
11957
11958
11959
11960
11961
11962
11963
11964 5510 6810 6963 7844 10039 10243 13636 16694 16696 17739 19605 19865 23107
11965 1556
11966
11967 4878 9988 12491 14620
11968 7857
11969 1967 18996
11970
11971 25211
11972
11973
11974
11975
11976
11977
11978
11979 9066 20902 20924
11980
11981
11982
11983
11984
11985
11986
11987
11988
11989
11990
11991 3186
11992
11993
11994
11995
11996
11997
11998
11999
12000
12001
12002
12003
12004
12005
12006
12007
12008
12009
12010
12011
12012
12013
12014
12015
12016 1000 1149 4575 6904 18271 18899 19865
12017 1154 12930
12018
12019
12020
12021
12022
12023
12024
12025
12026
12027
12028
12029
12030
12031
12032 1258 12599 12659 21584 25250
12033
12034 2116 9189 9765 9774 17935
12035
12036
12037
12038
12039
12040 3850 9128 13346 22336 23870
12041 14384
12042 5738
12043 4896 22890
12044
12045 15455
12046 25957
12047
12048
12049 16347 17382 19340
12050 5364
12051 2144 2774 3055 3652 3655 3766 3814 6388 6583 7096 9249 12423 12885 14808 15173 15189 15999 18942 19705 20250 21030 21825 25108
12052
12053 880 1857 3967 7824
12054 4814 8161
12055
12056 14599
12057
12058
12059
12060
12061
12062
12063
12064
12065 880 7350 7824
12066 593 1008 2185 11824 12627 20808 21815 23896
12067
12068
12069
12070 1000 1694 1736 1914 5605 6288 13008 14424 19462 25402
12071 8437 26088
12072
12073
12074 449 3099 4631 10358 10615 13469
12075
12076
12077
12078
12079
12080
12081
12082
12083
12084
12085 676 2654 3409 3890 12365 13597 17655 18719 25201
12086
12087
12088
12089
12090
12091
12092
12093
12094
12095
12096
12097
12098
12099
12100
12101 1023 1675 2512 3058 10427 10588 11785 11815 20613 20850 20924 23420
12102
12103
12104
12105
12106 4442 12675
12107 1833 8177
12108
12109
12110 2115 11863 17536
12111
12112 17440 25902
12113 16886
12114
12115
12116
12117
12118 2249 5957 6077 6611 7716 8672 11233 14090 18397 19955 19980 21832 24110 24814 25541
12119
12120
12121 13034 13749
12122 5973 9606
12123
12124
12125
12126
12127
12128
12129
12130 7050 10113 11077 13929 16006 22621 22693 22951 23110 23920 25589
12131
12132
12133
12134
12135 2475 3209 14599 15973 21928 24765
12136
12137
12138
12139
12140
12141 2115 2949 11910 19640 24199
12142
12143
12144
12145
12146
12147
12148
12149 8768 9937 23038
12150
12151 11721 15221 21344
12152
12153
12154
12155 78 8254 8862
12156
12157 17612
12158 7645 11502 17612
12159
12160 9306 12606 19809
12161 19162
12162
12163
12164
12165 2607 4588 9450 24330
12166 7039 25569 25783
12167
12168
12169
12170
12171
12172
12173
12174
12175
12176
12177
12178
12179
12180
12181
12182
12183
12184
12185
12186
12187 6073 6632 8386 9391 10966 11602 12637 13153 24240 25225
12188
12189
12190
12191
12192 5839 7026
12193 9618 11285
12194
12195
12196
12197
12198
12199
12200
12201
12202
12203
12204
12205
12206
12207
12208
12209
12210
12211
12212 1545 2202 5107 5266 6030 7504 9829 13528 14628 15206 17233 18158 21317 22574 24271
12213 8669 9038 13558 21710 22318 24888
12214
12215
12216
12217
12218
12219
12220
12221
12222
12223
12224
12225
12226
12227
12228
12229
12230
12231
12232
12233
12234
12235 2826 8857 11522 22129 23216 25387
12236
12237
12238
12239
12240
12241
12242
12243
12244
12245
12246
12247 1488 5712 6408 20168 24280
12248 98
12249
12250
12251
12252 22404
12253
12254
12255
12256 5081 17237
12257
12258
12259
12260 6804 25491
12261
12262 1028 8541 9924 18619 18751
12263 1229
12264
12265
12266 15678 17134 21436 22815 23114 23146 23488 23915 25575
12267
12268 9943 11630 13929 16006 16357 22188 23110
12269
12270
12271
12272
12273
12274
12275
12276
12277
12278
12279
12280
12281
12282
12283
12284
12285
12286 4625 7264 8305 12296 12739 20959 21287 23423 23441 25125
12287 15455 17075 20827
12288
12289
12290 17307 20031
12291 10456
12292
12293
12294
12295
12296 12286 21287 23423
12297
12298
12299
12300
12301
12302 8200 23836
12303
12304
12305
12306 2654 3890 18487
12307 14175 22980
12308 615 10590 15935 18276
12309
12310
12311 135 4102 6408 9889 12675
12312 4103 13346 17419
12313 543 5547 5659
12314
12315
12316
12317
12318 12786 13673 15150
12319
12320 12321 19222
12321 12320 19222
12322
12323
12324 7307 8876 9017 13831 21944
12325
12326
12327
12328
12329
12330
12331
12332
12333
12334 743 7893 8254 8851 8916 9360 13713 14485 14818 17932 18037 18051 26190
12335
12336
12337 5246 16310
12338 1878 15800
12339
12340
12341
12342
12343
12344
12345
12346
12347
12348
12349
12350
12351
12352
12353
12354
12355
12356
12357
12358
12359
12360
12361
12362
12363
12364
12365 45 46 345 570 676 773 1186 1653 2055 2212 2654 2741 2952 3372 3409 3890 4164 4511 4513 4632 5769 6179 6610 6830 7533 7844 7956 8879 9482 9785 11053 11148 11175 11241 11472 11785 12085 12496 12781 12851 13411 14512 14540 14807 15003 15552 15659 16594 16722 16876 17655 17692 18719 18866 18894 19423 19954 19961 19992 20108 20562 20635 20774 21012 21281 21508 21800 21847 22691 22887 23293 23403 24955 25346 25442 25758 26190
12366
12367
12368
12369 16469 22239
12370 9862 16853 17501
12371
12372
12373 4550 25006
12374
12375
12376
12377
12378
12379
12380 9335 25235 25396
12381
12382
12383
12384
12385
12386 593 12627 13333 16778 23896
12387 19520 23084
12388
12389 23708 24110
12390
12391
12392
12393
12394
12395
12396
12397
12398
12399
12400
12401
12402
12403
12404
12405
12406 3878 5230 10062 16102 16270 16584 17956 18543 20375 22463
12407
12408
12409 3872 5109 16174
12410
12411 6813 12645 16803 18595
12412
12413
12414 3102 14431 18562 24439
12415
12416
12417
12418
12419 3507 11626 19877
12420
12421
12422 14419 19423 21281
12423 2144 2774 3055 3652 3655 3766 3814 6388 6583 7096 9249 12051 12885 14808 15173 15189 15999 18942 19705 20250 21030 21825 25108
12424
12425 5240 7088 7546 9074
12426
12427
12428
12429
12430
12431
12432
12433
12434
12435
12436
12437
12438
12439
12440
12441
12442
12443
12444
12445
12446
12447
12448
12449
12450
12451
12452
12453 543 2620 3452 3501 3594 6442 10004 10024 17681 20587 20765 22523 23614 23713 24713
12454
12455
12456
12457
12458 7523 10338 12460 16651 19378
12459
12460 10338 12458 16651 19378
12461
12462
12463
12464
12465
12466
12467
12468
12469
12470
12471
12472 2503 5465 7307 8876 9017 13831 15455 18141 18875 20663 21968
12473 9831
12474
12475
12476
12477
12478 1014 3743 3917 5209 13480 18398 19150 21806 24833 25902
12479
12480
12481
12482
12483
12484
12485
12486
12487
12488
12489
12490
12491 1217 2165 4878 5184 6033 8643 11967 13384 19865 21779 22242 22876 23233 24503 24942
12492 1840 4713 6824 16020 24696
12493
12494
12495
12496 45 46 570 773 1653 1694 2212 2741 2952 3372 4164 4511 4513 6179 6610 6830 7956 8879 9785 11241 11472 12365 12781 12851 14540 14807 15003 15659 17655 17692 18719 18894 19423 19961 20108 20562 20635 21012 21281 21508 21847 22691 22887 23293 24955 25201 25346 25758
12497
12498 14265 14952
12499
12500
12501
12502
12503 231 345 1841 2980 16611 21012 22691 22937 23452
12504 9053
12505
12506
12507 88 1995 2338 2449 2530 2535 4355 4755 5210 6340 6512 7197 7444 7635 8727 9313 9656 9869 10350 12710 14648 14766 15010 15244 15245 15457 15933 16654 17807 18225 18453 18778 19114 19446 19645 19939 20574 20576 21178 22504 23712 24718
12508
12509
12510
12511
12512 4630 9921 10672
12513
12514
12515
12516
12517
12518
12519
12520
12521
12522
12523
12524
12525
12526
12527
12528
12529
12530
12531
12532
12533
12534
12535
12536
12537
12538
12539
12540
12541
12542
12543
12544
12545 676 2169 3310 3677 4466 5209 5302 5938 13199 13801 13929 16084 18365 18724 18739 19581 20478 20954 22147 23991 24057 25006
12546
12547 22876
12548
12549
12550
12551 1281 3653 10163 17588 18621 24207 25287
12552 1024 1817
12553 2560 4146 9785 10926 13164 15003 16594 18668 21508
12554 7636
12555
12556
12557
12558
12559
12560
12561
12562
12563
12564
12565
12566
12567
12568
12569
12570
12571
12572
12573
12574
12575
12576
12577
12578
12579
12580
12581
12582
12583
12584
12585
12586
12587 232 1075 4195 4896 6971 7007 8737 9098 13481 13597 13862 16742 20303 24330 24402
12588
12589
12590
12591
12592
12593
12594
12595
12596
12597
12598
12599 1258 4868 9483 12032 12797 21584 25250
12600
12601
12602
12603
12604
12605
12606 615 4289 4624 9082 9306 12160 19809
12607
12608
12609
12610
12611 3876 5533 5695 12861 13010
12612 18256 18337 19208 22233
12613
12614 9264 15495 24970
12615 6076 7311 15163 15357 16482 17731
12616 4485 16266
12617 17388
12618 3516 18634
12619
12620
12621
12622
12623
12624
12625
12626
12627 593 1008 2185 7893 8369 11824 12066 12386 13333 16778 16888 18051 20808 21815 23896
12628
12629
12630
12631
12632
12633
12634
12635
12636
12637 2949 12187 25758
12638
12639 10456 17414
12640 3964 9414 20328
12641 5712
12642 3743
12643
12644 19350
12645 6813 12411 16803
12646
12647
12648
12649
12650
12651
12652
12653
12654 2770 2870 9207 11231 14033 22555 23038 24753
12655
12656
12657
12658
12659 1258 5441 10623 10762 11491 12032 14619 21324 21665
12660 6944 14372 21508 26178
12661
12662
12663
12664 6030 15191
12665 13096
12666
12667
12668
12669
12670
12671
12672
12673
12674
12675 135 4442 6408 9889 12106 12311 21125 24280 24398
12676 14302
12677
12678 5385 6610 18723 21090
12679 45 570
12680
12681
12682
12683
12684
12685
12686
12687 4673 4952 6703 8134 12803 13801 13999 15596 17592 17843 18920
12688 13096 14599 20879
12689 17560 21697 25116
12690
12691 3441 14265
12692
12693
12694
12695 3716 4704 8801
12696 4371
12697
12698
12699
12700
12701 178 9800 18879 23363
12702
12703 1669 5260
12704 7861
12705
12706
12707 5156 10904
12708
12709 2115 26157
12710 88 1995 2338 2530 2535 4755 5210 6340 6512 7197 7635 8727 9656 9869 10350 12507 14766 15010 15244 15245 15457 15933 16654 17807 18225 19446 19645 19939 20574 20576 22504 23712 24718
12711
12712 9325 11372 12745
12713
12714
12715
12716
12717
12718
12719
12720 4139 5698 9659 10496 11318 11325 11372 11713 12733 20002 25598 25607 25661
12721
12722 2607 4988 5130 9450 16717 17125 24330
12723
12724
12725
12726
12727
12728
12729
12730
12731
12732
12733 1838 4138 8968 10268 11318 11325 11328 11372 12720 16324
12734
12735 1217 5488 14615 17089 17817
12736
12737
12738
12739 4847 10842 11293 12286 13388 18676 25125
12740
12741
12742 1109 10655 11318 11696
12743 17746 21712
12744
12745 12712
12746
12747
12748
12749 25777
12750
12751 6307
12752
12753
12754
12755
12756
12757
12758 4319 5255 15770
12759
12760
12761
12762
12763 10039 19340
12764
12765
12766
12767
12768
12769
12770
12771
12772
12773
12774
12775
12776
12777
12778
12779
12780
12781 45 46 570 773 1653 2212 2741 2952 3280 3372 4164 4511 4513 4632 6179 6610 6830 6963 7384 7956 8879 9785 10041 11241 11472 12365 12496 12851 13995 14512 14540 14807 15003 15659 16594 17655 17692 18866 18894 19423 19865 19961 20108 20562 20635 20774 21012 21281 21508 21847 22691 22887 23293 23403 24955 25346 25758
12782
12783
12784
12785
12786 7463 12318 13673 15395 24057 25111
12787 18066 21621 24877
12788 3651 3877 4354 5412 6544 7357 7719 9397 10477 11445 18185 19246 19463 20716 20780 21861 22284 22601 22741 23514
12789
12790
12791
12792
12793
12794
12795
12796
12797 1258 12599
12798 19507
12799
12800
12801 15641 19548
12802 1293 2621 2623 3283 3812 3820 3824 4834 5131 6222 6456 6525 6868 7525 7650 8448 9433 13482 13526 14157 14373 15148 17600 17819 17823 17824 18000 18444 22324 22901 24474 24479 24615 26039
12803 4673 12687
12804
12805
12806 3096 13624 14599 17207 17731 24057
12807
12808
12809
12810
12811
12812
12813
12814
12815
12816
12817
12818
12819
12820
12821
12822
12823
12824
12825
12826
12827
12828
12829
12830
12831
12832
12833
12834
12835
12836
12837
12838
12839
12840
12841
12842 1229 1862 3194 3532 5400 7154 9946 10381 11107 11495 17934 20014 22721 24129 25916
12843
12844
12845
12846
12847
12848
12849 385 6264 15850
12850
12851 45 46 570 773 1653 2212 2741 2952 3372 4164 4511 4513 6179 6610 6830 7956 8879 9785 11241 11472 12365 12496 12781 14540 14807 15003 15659 17655 17692 18894 19423 19961 20108 20562 20635 21012 21281 21508 21847 22691 22887 23293 24955 25346 25758
12852 4241
12853
12854
12855
12856
12857
12858
12859
12860 18487 21707 25271
12861 3876 5695 12611
12862
12863 18390
12864
12865 15066
12866 3418 3765 4798
12867
12868 10983
12869
12870
12871
12872
12873
12874 5695 5901 5953 13801 22144 23939
12875
12876
12877
12878
12879
12880
12881
12882
12883
12884 866 11275 17825 17984 18511 18778 20173 22147 22366
12885 2144 2774 3055 3652 3655 3766 3814 6388 6583 7096 9249 12051 12423 14808 15173 15189 15999 18942 19705 20250 21030 21825 25108
12886
12887 6503
12888
12889
12890
12891
12892
12893
12894
12895
12896
12897
12898
12899
12900
12901
12902
12903
12904
12905
12906
12907
12908
12909
12910
12911
12912
12913
12914
12915
12916
12917
12918
12919
12920
12921
12922
12923
12924
12925
12926
12927 853 2072 2368 2465 7154 8045 8441 15321 16070 16087 17231 19434 23944 24499 25034 25916
12928 824 2133 4846 6610 6700 11082 14419 17330 18487 22779 23382
12929
12930 1154 8704 12017 17591
12931
12932
12933
12934
12935
12936
12937
12938 4115 13364 22691 22726 22966 23511 25528 25836
12939
12940 787
12941
12942
12943
12944
12945
12946
12947
12948
12949
12950
12951
12952
12953
12954
12955
12956
12957
12958
12959
12960
12961
12962
12963
12964
12965
12966
12967
12968 1488 3076 4550 4624 6895 7444 8972 17308 20574 21629
12969
12970
12971 5346
12972
12973
12974
12975
12976
12977
12978
12979
12980 2661 11132 11402 14969 20317 23382 24029 24845
12981 18894
12982
12983
12984
12985
12986
12987
12988
12989
12990
12991
12992
12993
12994
12995
12996
12997
12998
12999
13000
13001
13002
13003
13004
13005
13006
13007
13008 302 1000 1694 2335 5605 6288 6702 7188 8208 11490 12070 14485 16101 16108 17174 17924 18866 23344 25402
13009
13010 5533 8198 12611 23880
13011
13012 1983 20943
13013 1186
13014
13015
13016
13017
13018
13019
13020
13021
13022 8077
13023
13024
13025
13026 2710 13196 13205 26023
13027
13028
13029 5629 26038 26065
13030
13031 8738 13334 13620
13032 4036 22691
13033
13034 12121 13749
13035 16110 26058 26130
13036 23224
13037
13038
13039
13040
13041
13042
13043
13044
13045
13046
13047
13048
13049
13050
13051
13052
13053
13054
13055
13056 1373 1588 1787 10310 14982 15814 18540 19791 22100 24696
13057
13058
13059
13060 773 1997 2741 3372 14807 21012 21847 22691 24955
13061
13062
13063
13064
13065
13066
13067 8365 8376 8888 10022 14746 18875
13068 5712
13069
13070
13071
13072
13073
13074
13075
13076
13077
13078
13079
13080
13081
13082
13083
13084
13085
13086
13087
13088
13089
13090
13091
13092
13093
13094
13095
13096 26 1407 1488 4550 7264 8219 10762 11801 12665 12688 13142 13740 14128 14599 15108 15321 20647 20827 20879 22476 23614 25006
13097
13098
13099
13100
13101
13102
13103
13104
13105
13106
13107
13108
13109
13110
13111
13112
13113
13114
13115
13116
13117
13118
13119
13120
13121
13122
13123
13124
13125
13126
13127
13128
13129
13130
13131
13132
13133
13134
13135
13136
13137
13138
13139
13140
13141
13142 26 573 1407 2155 3630 4283 4416 4550 4966 5953 6408 7307 7715 8219 8920 9735 11801 13096 14003 14924 15880 16817 19493 19657 23134 23256 24001 25006
13143
13144 3516 15413 23306
13145
13146
13147
13148
13149
13150
13151
13152
13153 267 10966 12187 24240
13154
13155
13156
13157
13158
13159
13160
13161
13162
13163
13164 2560 4146 4164 9283 9785 10055 10926 12553 14033 15003 16594 18668 21508
13165
13166
13167 800 15485
13168
13169
13170
13171
13172
13173
13174 2915 11112 14864 17379
13175 10467 21816
13176
13177 16817 23939 24885
13178
13179
13180
13181
13182
13183
13184
13185
13186
13187
13188
13189
13190 62 2072 3323 6905 7579 14007 14009 14020 15799 21653 23708
13191 21943
13192
13193
13194
13195
13196 4000 13026 22119 25516
13197
13198
13199 2713 4466 12545 19568 25034
13200
13201
13202 16703
13203
13204
13205 2710 9659 13026 25607 26023
13206
13207
13208
13209
13210
13211
13212
13213
13214
13215
13216
13217
13218
13219
13220 676 4846 10026 15316 16032 17439 20850 23470 24029 24148 24293
13221
13222
13223
13224
13225
13226
13227
13228
13229
13230
13231
13232
13233
13234
13235
13236
13237
13238
13239
13240
13241
13242
13243
13244
13245
13246
13247
13248
13249
13250
13251
13252
13253
13254
13255
13256
13257
13258
13259
13260
13261
13262
13263
13264
13265
13266
13267
13268
13269
13270
13271
13272
13273
13274
13275
13276 574 2591 6421 6971 7264 7689 8224 10711 10762 11182 11696 13282 15409 16148 18745 18758 19489 20478 21497 22366 22778 23038 23441 23770 25006 25698
13277
13278
13279
13280
13281
13282 7264 10711 13276 15409 22778
13283 2142 20924 23858 24601
13284
13285
13286
13287
13288
13289
13290
13291 10081 20547 20792
13292 10456
13293
13294
13295
13296
13297
13298
13299
13300
13301
13302
13303
13304
13305
13306
13307
13308
13309
13310 2368 3977
13311 5182 25107
13312
13313
13314
13315
13316
13317
13318 260 13749 21910
13319 6774 10383 16115 17655
13320 10456
13321 7712
13322 8335 18619 18751 20511
13323
13324
13325 6735 14502 15899 20926
13326
13327
13328 491 3681 5739 7126 7882 17082 18540 22028
13329
13330
13331
13332
13333 593 12386 12627 16778 23896
13334 8738 13031
13335
13336
13337
13338
13339
13340
13341
13342
13343
13344
13345
13346 113 2155 4103 9128 12040 12312 14746 17419 17994 20947 23770 25172 26021
13347
13348
13349
13350
13351
13352 5417 5655 7645 9103 18600 19022 20513 24877
13353
13354
13355 8969 13749 25043
13356
13357 8739 25115 25852
13358
13359
13360
13361
13362
13363
13364 403 3164 12938 21995 22691 22966 23382 25836
13365
13366
13367
13368
13369 2443 8116 8625 14369 15395 17337 17583 18065 19865
13370
13371 1078 7383 18365 24559
13372
13373
13374
13375
13376
13377
13378
13379
13380
13381
13382
13383
13384 1217 2165 6033 6533 8155 12491 14165 14430 15066 15435 22242 22876 23233 24204 24705 25911
13385 18051
13386
13387 4425 22048
13388 12739 18676
13389 7277
13390 7479
13391
13392
13393
13394
13395
13396
13397
13398
13399
13400
13401
13402
13403
13404 2087 2993 3843 4364 4488 6271 7013 7023 15372 15913 17345 17385 20231 21152 22903 25998
13405
13406
13407
13408
13409
13410
13411 676 6934 11053 12365 18866 20774 21508 23403
13412
13413 9211
13414
13415 7585 15386
13416
13417
13418
13419
13420
13421
13422 1613 2556 13992 15217 15665 16154 21159
13423
13424
13425
13426
13427
13428
13429
13430
13431
13432
13433
13434
13435
13436
13437
13438
13439
13440
13441
13442
13443
13444
13445
13446
13447
13448
13449
13450
13451
13452
13453
13454
13455
13456
13457
13458
13459
13460
13461
13462
13463
13464
13465
13466
13467
13468
13469 449 500 1000 4631 5116 10615 12074 16101 16754 19612 23137 24454
13470 19140 21281
13471
13472
13473
13474
13475
13476
13477
13478
13479
13480 2394 3743 12478 15144 15912 19974
13481 12587
13482 1293 2621 2623 3283 3812 3820 3824 4834 5131 6222 6456 6525 6868 7525 7650 8448 9433 12802 13526 14157 14373 15148 17600 17819 17823 17824 18000 18444 22324 22901 24474 24479 24615 26039
13483 8471
13484
13485 21530
13486 4259 18688
13487
13488
13489
13490 8449 19528 24412
13491
13492
13493 10600 23394 23665
13494
13495
13496 23394 23665
13497 5477
13498 16469
13499
13500
13501 615 9306
13502
13503
13504
13505
13506
13507
13508
13509
13510
13511
13512
13513
13514
13515
13516
13517
13518
13519
13520 122 1958 5851 6530 6707 6911 11591 14599 15971 16921 17599 18331 20207 21943 22224 22826
13521 10726
13522
13523
13524
13525
13526 1293 2621 2623 3283 3812 3820 3824 4834 5131 6222 6456 6525 6868 7525 7650 8448 9433 12802 13482 14157 14373 15148 17600 17819 17823 17824 18000 18444 22324 22901 24474 24479 24615 26039
13527
13528 7504 12212
13529 8335
13530
13531
13532
13533
13534
13535
13536
13537
13538
13539
13540
13541
13542
13543
13544
13545
13546
13547
13548
13549
13550
13551
13552
13553
13554
13555
13556 2556 2846 5136 6934 7801 11275 14089 14485 14967 17778 17968 17979 19738 19865 20683 21699 22177 25215 25316 25382
13557
13558 8669 9038 12213 21710 22318 24888
13559
13560
13561
13562
13563
13564
13565
13566
13567
13568
13569
13570
13571
13572
13573
13574
13575
13576
13577
13578
13579
13580
13581
13582
13583
13584
13585
13586
13587
13588
13589
13590
13591
13592
13593
13594
13595
13596
13597 1044 1186 2741 2980 3409 4975 5809 11148 12085 12587 15144 16123 18719 18866 20303 21012 22937
13598
13599
13600 9572 25980
13601
13602
13603
13604 8815
13605
13606
13607
13608
13609
13610
13611
13612
13613
13614 205 888 1520 4583 7007 7712 9572 14102 17245 18517 19084 22598 22778 23351 23708 23943
13615 2949 3839 16674
13616 17359
13617
13618
13619 2771 5655 16162 18585 22426 25540
13620 13031
13621 25388
13622 3265 26038
13623
13624 12806 14599 19682 22275 24057
13625 4081 4275 24471
13626
13627
13628 6350 8372 11823 15246 20332 23710
13629
13630
13631
13632
13633
13634
13635 5181 6316 8177 17235
13636 5510 11964
13637
13638
13639
13640
13641 5825
13642
13643
13644
13645
13646
13647 5209 5717 7090 10801 25057 25125
13648
13649 3719 5067 6907 8072 8375 9025 9639 15683 19545 19923 20664 21824 22527 25060 25289 25359
13650
13651 11442 11919
13652
13653 5464
13654
13655
13656
13657
13658
13659 2710 2959 5541 10879 11052 11925 15082 18595
13660
13661
13662
13663
13664 482 16940 19613 22487 25891
13665
13666
13667
13668
13669
13670
13671
13672
13673 7463 12318 12786 15395 19800 24057 25111
13674
13675 4186
13676
13677 18288 23206
13678
13679
13680 14864
13681
13682 16749 26038 26059
13683 21203 21778 26065
13684 14089 18283 19301
13685
13686
13687
13688
13689
13690
13691
13692
13693
13694
13695
13696
13697
13698
13699
13700
13701
13702 199 14667 16935 17874 18271 19978
13703 1711 20046
13704 9591
13705 10791
13706
13707
13708
13709
13710
13711 2115 4952 10983 16899
13712 941 3386 16727 22321 23151 23383 25442
13713 8916 12334
13714 339 2250 2654 4743 4748 5621 7717 9755 11015 14767 17439 18971 19216 20511 20534 25205 25396
13715
13716
13717 8558
13718
13719
13720
13721
13722
13723
13724
13725
13726
13727
13728
13729
13730
13731
13732
13733
13734
13735
13736
13737
13738
13739
13740 4550 4702 7264 13096 14128 19489 19527 19784 22476 25006 25486
13741 2054
13742
13743
13744
13745
13746
13747
13748
13749 12121 13034 13318 13355
13750
13751
13752
13753
13754
13755
13756
13757
13758
13759
13760
13761
13762
13763
13764
13765
13766
13767
13768
13769
13770
13771
13772
13773
13774
13775
13776
13777
13778
13779
13780
13781
13782
13783
13784
13785
13786
13787
13788
13789
13790
13791
13792
13793
13794
13795
13796
13797
13798
13799
13800
13801 1488 1588 3006 4102 4952 5901 5953 7481 7563 7578 8063 8122 8972 9769 10376 10588 10652 12545 12687 12874 13999 14746 14932 15253 15325 16647 17655 17911 19387 20100 20119 20478 21614 22144 22489 22979 23149 23412 23681 23741 23939 23967 25006 25443 26127
13802 5571 16823 19553
13803
13804
13805
13806
13807
13808
13809
13810
13811
13812
13813 409 2474 4241 6746 8680 10476 16568 17559 19204 19206 20373 21771 24620
13814
13815 19598
13816
13817
13818
13819
13820
13821
13822
13823
13824
13825
13826
13827
13828
13829
13830
13831 1090 2789 7307 8365 9017 12324 12472 15455 16128 17075 18052 18788 18940 21944 21968 25597
13832 22890
13833
13834 408
13835
13836
13837 3839 4146 9785 16674 17250
13838
13839
13840
13841
13842
13843
13844
13845
13846
13847 3032 3412 7615 10762 10871 17207 24371
13848
13849
13850
13851
13852
13853
13854
13855
13856
13857
13858
13859 4141 9267 11052 16091 17755 20053 22395 26168
13860
13861
13862 4195 12587 24402
13863
13864 8768
13865
13866
13867
13868
13869
13870
13871
13872
13873
13874
13875
13876
13877
13878
13879
13880
13881
13882
13883
13884
13885
13886
13887
13888
13889
13890
13891
13892
13893
13894
13895
13896
13897
13898
13899
13900
13901
13902
13903
13904
13905
13906
13907
13908
13909
13910
13911
13912
13913
13914
13915
13916
13917
13918
13919
13920
13921
13922
13923
13924
13925
13926
13927
13928
13929 4068 5807 8505 9517 9572 9943 10096 11400 11630 11700 11733 11951 12130 12268 12545 14093 15685 16006 16210 16357 16414 16495 17135 20116 20148 20169 20478 21432 21491 21994 22188 22189 22621 22811 22899 22975 23110 23509 23552 23805 23806 25006 25557 25562 25698
13930
13931 5444 21549 21608
13932 6075
13933
13934
13935
13936
13937
13938
13939
13940
13941
13942
13943
13944
13945
13946
13947
13948
13949
13950
13951
13952
13953
13954
13955 836 3096 6732 7442 7450 16747 18193 18286 19489 22609 23967 24371
13956
13957
13958
13959
13960
13961
13962
13963
13964
13965
13966 3136 5862 7638 7648 7985 9248 10490 11284
13967
13968
13969
13970 22028
13971 449 500
13972
13973
13974
13975
13976
13977
13978
13979
13980
13981
13982
13983
13984
13985
13986
13987
13988
13989 214 260 1488 1561 1667 2710 4484 20315 21910 22379
13990 16482 18913
13991
13992 1613 13422 15217 16154
13993
13994
13995 2212 7956 10041 12781 25346
13996
13997
13998
13999 8122 12687 13801 24870
14000
14001
14002
14003 6642 7442 13142 17277 18209 24371
14004 8612 10822
14005
14006
14007 2710 4708 13190 25916
14008
14009 2710 5807 13190
14010
14011
14012
14013
14014
14015
14016
14017
14018
14019
14020 1600 13190 15905 21635 21663
14021
14022
14023
14024
14025
14026
14027
14028
14029
14030
14031
14032
14033 2770 6806 9432 12654 13164 24753
14034
14035
14036
14037 482
14038
14039
14040
14041
14042
14043
14044
14045
14046
14047
14048
14049
14050
14051 2511 9829 11822 21016 21169 21910
14052
14053
14054
14055
14056
14057
14058
14059
14060
14061
14062
14063
14064
14065
14066
14067 2074 5107 5116 10895 10996 20427 21100 21293 21772
14068
14069
14070
14071
14072
14073
14074
14075
14076
14077
14078 1793 4013 5481 8786 10878
14079 449 21032 22876
14080
14081
14082
14083
14084
14085
14086
14087
14088
14089 13556 13684 18283 19301 25286
14090 5957 7716 11233 12118 18397 19980 24814 25541
14091
14092
14093 10807 13929 21466 22899 23552
14094 5960 8705 11662 19014
14095
14096 1556
14097
14098
14099
14100
14101
14102 141 8408 9572 13614 17286 17443 22598
14103
14104
14105
14106
14107
14108
14109
14110
14111
14112
14113
14114
14115
14116
14117
14118
14119
14120
14121
14122
14123 2752 4125 6667 10039 10351 10912 14534 16258 17268 19783 20595 21705 22836
14124
14125
14126
14127
14128 2805 13096 13740 25006
14129
14130 3599
14131 372
14132 15154
14133
14134
14135 19126
14136
14137
14138
14139
14140
14141
14142
14143
14144
14145
14146
14147
14148
14149 3750 8147 11616 14662 16648 19560 22199 23530
14150
14151
14152
14153 1493 2452 3811 9027 14872
14154 3228
14155
14156
14157 1293 2621 2623 3283 3812 3820 3824 4834 5131 6222 6456 6525 6868 7525 7650 8448 9433 12802 13482 13526 14373 15148 17600 17819 17823 17824 18000 18444 19443 22324 22901 23492 24474 24479 24615 24708 26039
14158
14159 5144 24852
14160
14161
14162
14163
14164
14165 6156 11066 13384 15244 15435 18381 22242 22523
14166
14167
14168
14169
14170 7632 20414
14171 14
14172
14173
14174 299 24713
14175 12307 22980
14176 14181 20257
14177
14178
14179
14180
14181 124 2165 3501 7307 10211 14176 14430 15300 15455 20257
14182 17537
14183
14184
14185
14186
14187
14188
14189
14190
14191
14192
14193
14194
14195
14196
14197
14198
14199
14200
14201
14202
14203
14204
14205
14206
14207
14208
14209
14210
14211
14212
14213
14214
14215
14216
14217
14218
14219
14220
14221
14222
14223
14224
14225
14226
14227
14228
14229
14230
14231
14232
14233
14234
14235
14236
14237
14238
14239
14240
14241
14242
14243
14244
14245
14246
14247
14248
14249
14250
14251
14252
14253
14254
14255
14256
14257
14258
14259
14260
14261
14262
14263
14264
14265 392 2485 2949 3173 3441 3593 3853 3927 3937 3939 4743 5107 5218 5230 6030 7350 7504 7601 8718 9522 11621 12498 12691 15251 16020 16261 17156 17626 18622 19059 19525 19738 20122 20432 21866 22074 23721
14266
14267
14268
14269
14270
14271
14272
14273
14274
14275
14276
14277
14278
14279
14280
14281
14282 5156 11035
14283
14284
14285
14286 22806 22917 22951
14287
14288
14289
14290
14291
14292
14293
14294
14295
14296
14297
14298
14299
14300
14301
14302 5432 12676
14303
14304
14305
14306
14307
14308 5166 5597 5901 9066 20787 23836 25050
14309
14310
14311
14312
14313
14314
14315
14316 14690 15516 22254
14317 6226 19140
14318
14319 1090 7307 23256
14320
14321
14322
14323
14324 6455 11372
14325 11194 15799
14326
14327
14328
14329
14330
14331
14332
14333
14334
14335
14336
14337 5849 10763 11121 11194 15799 16511 16575 16945 21157
14338 22729
14339 18608
14340 832 3387 4703 7447 9764 10117 14370 15006 16231 16590 16730 19957 21848 22320 22423
14341
14342
14343
14344 4416 9755 24163
14345 24240
14346 19865
14347
14348
14349
14350
14351 894 5441 6434 8976 10762 21162 22336 23708 25250
14352
14353 2455 14886
14354
14355
14356
14357 1341 4422 7355 20373
14358 5697
14359
14360
14361
14362
14363
14364
14365
14366
14367
14368
14369 2443 6918 8116 8184 8625 13369 15395 17583 17738 23051
14370 832 3387 4703 7447 9764 10117 14340 15006 16231 16590 16730 19957 21848 22320 22423
14371 17443
14372 6944 12660 21508 26178
14373 1293 2621 2623 3283 3812 3820 3824 4834 5131 6222 6456 6525 6868 7525 7650 8448 9433 12802 13482 13526 14157 15148 17600 17819 17823 17824 18000 18444 22324 22901 24474 24479 24615 26039
14374 3843 4488 18299 19687
14375
14376 2980
14377 385 6264 7985
14378
14379 1023 1563 2457 3534 4364 4639 5065 6271 6387 15145 15562 15708 15714 15805 17580 17584 18396 18952 19677 23241 24616 24617 24819
14380
14381
14382
14383 3501 19501
14384 12041
14385 1832 9397 9755
14386
14387
14388
14389
14390
14391
14392
14393
14394
14395
14396
14397
14398
14399
14400
14401
14402
14403 2630 2877 5695 5901 5953 6724 7563 16274 18088 21154 23741
14404
14405
14406
14407
14408
14409
14410
14411
14412
14413
14414 820 21910
14415
14416
14417
14418
14419 824 2133 4846 6610 6700 11082 12422 12928 17330 18487 19423 21281 22779 23382
14420
14421
14422
14423
14424 1736 1914 7586 12070 19462
14425
14426
14427
14428
14429
14430 1217 2165 3501 6154 7725 8155 13384 14181 18684 19501 19895 20942 21708 22523 24705
14431 12414 24439
14432
14433
14434
14435
14436
14437
14438
14439
14440
14441
14442
14443
14444
14445
14446
14447
14448
14449
14450
14451
14452
14453
14454
14455
14456
14457
14458
14459
14460
14461
14462
14463
14464
14465
14466
14467
14468
14469
14470
14471
14472
14473
14474
14475
14476
14477
14478
14479
14480
14481
14482
14483
14484
14485 1000 2949 6700 7188 7801 7926 8851 9572 10942 12334 13008 13556 16101 18866 19738 22177 22758 23344 23647 23708 24924
14486
14487
14488
14489
14490
14491
14492
14493
14494
14495
14496 5477 15108
14497 6575 24101 24385
14498 2072
14499 6075 20345
14500 3765 23066
14501
14502 6735 13325 15899 20926
14503
14504
14505
14506
14507
14508
14509
14510
14511
14512 2741 4632 7956 9785 12365 12781 14854 15003 16594 18866 20774 21508 25304 25346
14513
14514
14515
14516
14517
14518
14519
14520
14521
14522
14523
14524
14525
14526
14527
14528
14529
14530
14531
14532
14533
14534 3827 4442 8595 11924 14123 14559 14691 21125 21705 24398 25437 25896
14535
14536
14537
14538
14539
14540 45 46 570 773 1653 2212 2741 2952 3372 4164 4511 4513 6179 6610 6830 7956 8879 9283 9785 11241 11472 12365 12496 12781 12851 14807 15003 15659 17655 17692 18894 19423 19961 20108 20562 20635 21012 21281 21508 21847 22691 22887 23293 24955 25346 25758
14541 8074 10055
14542 185 215 351 1074 1858 3939 4512 6892 8280 17751 18095 18143 18649 18943 19573 22601 22793
14543 21221 25130
14544
14545
14546
14547 18487
14548
14549
14550 1279 1787
14551
14552 365 6774 9889 15585 18579
14553
14554
14555
14556
14557
14558 7350 8503
14559 14534 21125
14560 2656 24251
14561
14562 15144
14563
14564
14565
14566
14567
14568
14569
14570
14571
14572
14573
14574
14575
14576
14577
14578
14579
14580
14581
14582
14583
14584
14585
14586
14587
14588
14589
14590
14591
14592
14593
14594
14595
14596
14597
14598
14599 135 1776 2710 2761 4697 8335 9143 9184 9471 11107 12056 12135 12688 12806 13096 13520 13624 14647 15477 15816 16649 18140 18331 18736 19433 19945 20168 20879 21943 24057
14600 1896
14601
14602
14603
14604
14605
14606 3430 24431
14607
14608
14609
14610
14611
14612
14613
14614
14615 1217 5488 12735 17089 17266 18140 19454 21587 22177 24559
14616 17817 22051
14617
14618
14619 12659
14620 9988 11967
14621 4825 19608
14622
14623
14624
14625
14626
14627 1310 4798 7926 17991 25931
14628 7504 12212
14629
14630
14631
14632
14633
14634
14635
14636
14637
14638 7007 9829 11275 16994 22371
14639 4425
14640
14641
14642
14643
14644
14645
14646
14647 9143 9184 14599 18736
14648 88 1995 2338 2449 2530 2535 4355 4755 6340 6512 7197 7635 9313 9656 9869 10350 12507 14766 15010 15244 15933 16654 17807 18225 18453 18778 19114 19645 19939 20576 21178
14649
14650
14651
14652 3501 9968 21592
14653
14654
14655
14656
14657
14658
14659
14660
14661 1058 1667 2959 3310 3685 5541 15244 17794 18208 19562 21321 23723 24477
14662 11616 14149
14663
14664 2042
14665
14666
14667 3204 3922 11557 13702 18271 19978 20046 25937
14668
14669
14670
14671
14672
14673
14674
14675
14676
14677
14678
14679
14680
14681
14682
14683
14684
14685
14686
14687
14688
14689
14690 749 1373 3607 7245 8031 14316 15907 19164
14691 4442 8595 14534
14692
14693
14694
14695
14696
14697
14698 1044
14699
14700
14701
14702
14703
14704
14705
14706
14707 449 882 1498 3033 3511 3547 7091 17245
14708
14709 869 2404 3618 14807 21798 22421
14710 7045 7046 15682 16415 17157 23093
14711 8471
14712
14713
14714
14715
14716
14717
14718
14719
14720
14721
14722
14723
14724
14725
14726
14727
14728
14729
14730
14731
14732
14733
14734
14735
14736
14737
14738
14739
14740
14741
14742
14743
14744
14745
14746 2182 3990 4080 8365 8732 8888 9017 10022 10406 11861 13067 13346 13801 14932 15166 16128 16659 18940 19093 19324 20000 20373 20567 22377 23302
14747 4080 11861 19324
14748
14749
14750
14751
14752
14753
14754
14755
14756
14757
14758
14759
14760
14761
14762
14763 4432
14764
14765
14766 88 1995 2338 2449 2530 2535 4355 4755 5210 6340 6512 7197 7444 7635 8727 9313 9656 9869 10350 12507 12710 14648 15010 15244 15245 15457 15933 16654 17807 18225 18453 18778 19114 19446 19645 19939 20574 20576 21178 22504 23712 24718
14767 339 2250 2654 4743 4748 5621 7717 9755 11015 13714 17439 18971 19216 20511 20534 25205 25396
14768
14769
14770 5667 21713 23461 25470
14771 24127
14772
14773
14774
14775
14776
14777
14778
14779
14780
14781 6023 17721
14782
14783
14784
14785
14786
14787
14788
14789
14790
14791
14792
14793
14794
14795
14796
14797
14798
14799
14800
14801
14802
14803
14804
14805
14806
14807 45 46 231 570 773 869 1653 1997 2212 2404 2741 2952 2980 3372 3618 4164 4511 4513 5134 6179 6610 6774 6830 7956 8503 8879 9785 9889 11241 11472 12365 12496 12781 12851 13060 14540 14709 15003 15659 17655 17692 18894 19423 19961 20108 20562 20635 21012 21281 21508 21847 22421 22691 22887 23293 23452 23628 24955 25346 25758
14808 2144 2774 3055 3652 3655 3766 3814 6388 6583 7096 9249 12051 12423 12885 15173 15189 15999 18942 19705 20250 21030 21825 25108
14809 22806
14810
14811
14812
14813
14814
14815
14816
14817
14818 9710 10841 11788 12334 19159
14819
14820
14821
14822
14823
14824
14825
14826
14827
14828
14829
14830
14831
14832
14833
14834 1124 1267 1511 3006 6482 15793 15821 18102 19489 20772 22100 23248 24718 26193
14835
14836
14837
14838
14839
14840 1292 6648 10341
14841 24398
14842 24575
14843 18193 20569 22233
14844 10338
14845 5232 19521
14846
14847
14848
14849
14850
14851
14852
14853
14854 6835 14512 25304
14855
14856
14857
14858
14859
14860
14861
14862
14863
14864 5107 5367 6891 7689 11112 13174 13680 14983 17379 19144
14865 3113 4353 6558 15941
14866
14867
14868 2201 16226
14869 19580
14870 1116 6305 7726 14872 20316
14871
14872 1116 1493 2452 3811 6305 7726 9027 14153 14870 20316
14873
14874
14875
14876
14877
14878
14879
14880
14881
14882
14883
14884
14885
14886 2043 2455 6315 14353
14887
14888
14889
14890
14891
14892
14893
14894 1670 22927
14895
14896
14897
14898
14899
14900
14901
14902
14903
14904
14905
14906
14907
14908
14909
14910
14911
14912
14913
14914
14915
14916
14917
14918
14919
14920
14921
14922
14923
14924 231 937 2789 3197 6160 6641 7277 8589 13142 15920 15931 15959 16994 18233 18408 18940 19090 19475 22790 24001 24582 24583 25228
14925
14926
14927
14928
14929
14930
14931
14932 9769 13801 14746 22489 23681 23741
14933 2190 6172 8592 18904
14934
14935
14936
14937
14938
14939
14940
14941
14942
14943
14944
14945
14946
14947
14948
14949
14950
14951
14952 244 2797 3752 4650 4765 9241 12498 15971 16900 22246 22644 24174
14953
14954
14955
14956
14957
14958
14959
14960
14961
14962
14963
14964
14965
14966
14967 9458 13556 16741 25152 25408
14968
14969 2661 8067 11132 11402 12980 23382 24845
14970 10543 25783
14971
14972 11077 20519 23912
14973
14974
14975
14976 2526 6364 6494 6857 7853 24489
14977
14978
14979
14980
14981
14982 10310 13056
14983 5367 6891 14864 19144
14984
14985 11891
14986
14987
14988
14989
14990 25975
14991 934 25516
14992
14993
14994
14995
14996
14997
14998
14999
15000
15001
15002
15003 45 46 570 773 1653 2055 2212 2560 2741 2952 3372 4146 4164 4511 4513 4632 6179 6610 6830 7956 8612 8879 9482 9785 10926 11175 11241 11472 12365 12496 12553 12781 12851 13164 14512 14540 14807 15552 15659 16594 17655 17692 18668 18866 18894 19423 19961 20108 20562 20635 20774 21012 21281 21508 21847 22691 22887 23293 23481 24955 25346 25758
15004
15005 7524 8721 10532 15184 15372 16022 18685 22083
15006 832 3387 4703 7447 9764 10117 14340 14370 16231 16590 16730 19957 21848 22320 22423
15007 21190
15008
15009
15010 88 1995 2338 2449 2530 2535 4355 4755 5210 6340 6512 7197 7444 7635 8727 9313 9656 9869 10350 12507 12710 14648 14766 15244 15245 15457 15933 16654 17807 18225 18453 18778 19114 19446 19645 19939 20574 20576 21178 22504 23712 24718
15011
15012
15013
15014
15015
15016
15017
15018
15019
15020
15021
15022
15023
15024
15025
15026
15027
15028
15029
15030
15031
15032
15033
15034
15035
15036
15037
15038
15039
15040
15041
15042
15043
15044
15045
15046
15047
15048
15049
15050
15051
15052
15053
15054
15055
15056
15057
15058
15059
15060
15061
15062
15063
15064
15065
15066 482 3411 4428 5392 5934 6317 7541 8206 10871 12865 13384 15664 16469 17665 17688 19517 20424 22876 22989 24734 25378
15067
15068
15069
15070
15071
15072
15073 11579
15074
15075
15076
15077
15078
15079
15080
15081 1765 3032 6732 8087
15082 10879 11925 13659
15083
15084
15085
15086
15087
15088
15089
15090
15091
15092
15093
15094
15095
15096
15097
15098
15099
15100
15101
15102
15103
15104
15105
15106
15107
15108 320 1488 1594 1897 2556 4550 4588 5602 6024 9030 13096 14496 15321 16967 17464 17590 18042 20059 20827 21315 22770 25056
15109
15110
15111
15112
15113
15114
15115
15116
15117
15118
15119
15120
15121
15122
15123 811 8069 16083
15124
15125 1278 3716 6218
15126 1265 1839 3502 16389 16881 17828 21281 23864 25910
15127 10055 18524
15128
15129
15130
15131
15132
15133
15134
15135
15136
15137
15138
15139
15140
15141
15142
15143
15144 245 3345 4983 9710 10824 13480 13597 14562 15814 15912 16976 19974 22245
15145 1023 1563 2457 3534 4364 5065 6271 6387 14379 15562 15708 15714 15805 17580 17584 18396 18952 19677 23241 24616 24819
15146
15147
15148 1293 2621 2623 3283 3812 3820 3824 4834 5131 6222 6456 6525 6868 7525 7650 8448 9433 12802 13482 13526 14157 14373 17600 17819 17823 17824 18000 18444 22324 22901 24474 24479 24615 26039
15149
15150 12318
15151
15152
15153
15154 14132
15155
15156
15157
15158
15159 5052 5346 20421 22393
15160 543 19325 22831
15161 20940 20949
15162
15163 6076 7311 12615 15357 16482 17731
15164
15165
15166 3990 14746 18940
15167
15168
15169
15170 8978 9017 15455 16589
15171 15305 17864 21195 23417
15172 11093
15173 2144 2774 3055 3652 3655 3766 3814 6388 6583 7096 9249 12051 12423 12885 14808 15189 15999 18942 19705 20250 21030 21825 25108
15174
15175 5695 5901 22493
15176
15177
15178
15179
15180
15181 2331
15182 8153 16728 22319 23424
15183
15184 624 3731 5407 8721 9099 10532 15005 16022 19640 23577 23649 24293 25201
15185
15186 7563
15187 8970 10564
15188 6354
15189 2144 2774 3055 3652 3655 3766 3814 6388 6583 7096 9249 12051 12423 12885 14808 15173 15999 18942 19705 20250 21030 21825 25108
15190
15191 12664
15192 4416 21798
15193
15194 3839 26067
15195 6638 10925 17467
15196 8726 11400
15197 18195 18215
15198 21968
15199
15200 15971
15201
15202
15203
15204
15205 15666 15667 20303 24330
15206 12212
15207
15208 23759
15209 16495 23552
15210
15211
15212
15213
15214 364 396 17359
15215
15216
15217 1613 13422 13992 16154
15218 17585
15219
15220
15221 11721 12151 21344
15222
15223
15224
15225
15226
15227 782 11539 16655 18151
15228
15229
15230
15231
15232
15233
15234
15235 3096 7442 7768 10762 11939 17191 23967 24371
15236
15237
15238
15239
15240
15241
15242
15243
15244 88 1058 1667 1995 2338 2449 2530 2535 4355 4755 5210 5712 6156 6340 6512 7197 7444 7635 8727 9313 9656 9869 10350 11416 12507 12710 14165 14648 14661 14766 15010 15245 15435 15457 15933 16654 17807 18225 18381 18453 18778 19114 19446 19489 19562 19645 19939 20567 20574 20576 21178 21547 22504 23712 23723 24371 24453 24477 24718
15245 88 1995 2338 2530 2535 4755 5210 6340 6512 7197 7635 8727 9656 9869 10350 12507 12710 14766 15010 15244 15457 15933 16654 17807 18225 19446 19645 19939 20574 20576 22504 23712 24718
15246 6350 8372 13628 20332
15247 10640 24970
15248 8443 17595
15249 15624
15250 122 851
15251 14265
15252 7154
15253 13801
15254
15255
15256
15257
15258 2072 7071 8195 11227 15951 22278
15259 25136
15260
15261
15262
15263
15264
15265
15266
15267
15268
15269
15270
15271
15272
15273
15274
15275
15276
15277
15278
15279
15280
15281
15282
15283
15284
15285
15286
15287
15288
15289
15290
15291
15292
15293
15294
15295
15296
15297
15298
15299
15300 272 2326 2912 4673 6266 7475 8215 10211 10931 11077 11426 11811 11840 14181 19012 19048 20305 23673 26088
15301 2710 10601
15302
15303
15304
15305 15171 17864 20100 20511 21195 23417
15306 7350
15307
15308
15309
15310
15311 3006 7985 10588 16872 23134
15312
15313
15314
15315
15316 10026 13220 17439
15317
15318
15319
15320
15321 9125 12927 13096 15108 15943
15322 7194
15323
15324
15325 4102 10376 13801 23681
15326
15327
15328
15329 1620 3677 24057
15330
15331
15332
15333
15334
15335
15336
15337
15338
15339
15340
15341
15342
15343
15344
15345
15346
15347
15348
15349
15350
15351
15352
15353 3449 17950 18522 21048
15354
15355
15356
15357 6076 7311 8629 12615 15163 16482 16483 17731 18913
15358 18036 18338
15359
15360
15361
15362
15363
15364
15365 2532 3561 7007 16931 22046
15366 6858 8148 24833
15367
15368
15369
15370
15371
15372 7524 8504 8721 10532 13404 15005 16022 18685 21152 22083
15373
15374 15553
15375
15376
15377
15378
15379
15380
15381
15382 1594 6838 10871
15383 2047 3632 6575 24385
15384 17612 22457
15385
15386 7585 13415
15387 15388
15388 15387
15389
15390
15391
15392
15393
15394
15395 312 2443 8116 8625 12786 13369 13673 14369 16545 17583 21149 24057
15396 4777 18238 26180
15397
15398
15399 7768 18772 21287
15400 7350
15401 4196
15402
15403
15404
15405
15406
15407
15408
15409 13276 13282
15410
15411
15412
15413 1662 2613 3516 13144 23306
15414 1151 2410 3843 6301 6823 17385 18743 22032 22903 23674 24294 24706 25998
15415 24640
15416 1343 8851
15417
15418 8298
15419 16310
15420 3716 8801
15421
15422 7877
15423 18144
15424
15425
15426
15427
15428
15429
15430
15431
15432
15433
15434
15435 3034 6154 6156 7069 10791 13384 14165 15244 16485 18381 19686 20335 22242 22523
15436
15437
15438
15439
15440
15441
15442
15443
15444
15445
15446
15447
15448
15449
15450
15451
15452
15453
15454
15455 3056 7307 8365 8978 9017 12045 12287 12472 13831 14181 15170 16589 17075 20257 20827 21968 23665
15456
15457 88 1995 2338 2530 2535 4755 5210 6340 6512 7197 7444 7635 8727 9656 9869 10350 12507 12710 14766 15010 15244 15245 15933 16654 17807 18225 19446 19645 19939 20574 20576 22504 23712 24718
15458
15459
15460
15461
15462
15463
15464
15465
15466
15467
15468
15469
15470
15471
15472
15473
15474
15475
15476
15477 281 3228 3654 5241 9471 11107 11557 14599 20765
15478 18030
15479 20373 21646 25034
15480
15481
15482
15483
15484
15485 800 13167
15486
15487
15488
15489
15490
15491
15492
15493
15494
15495 9264 12614 16505 24970
15496
15497
15498
15499
15500
15501
15502
15503
15504
15505
15506
15507
15508
15509
15510
15511
15512
15513
15514
15515
15516 3119 4793 14316 16543 19004
15517
15518
15519
15520
15521
15522
15523 1765 20307
15524 95
15525
15526
15527
15528 163 3825 19423 20893
15529
15530
15531
15532
15533
15534
15535
15536
15537
15538 231 2558 2982 6774 8049 9482 10243 18910 19423 21012 21910 22457 22691 23452
15539
15540
15541
15542
15543
15544
15545
15546
15547
15548
15549
15550
15551
15552 1425 2883 3872 4015 7105 7533 8612 8851 9482 11175 12365 15003 21508 22177 23481 23841 25189 25286
15553 15374
15554
15555
15556
15557
15558
15559 70 3980 4727 16962 25006
15560
15561
15562 1023 1563 2457 3534 4364 4639 5065 6271 6387 14379 15145 15708 15714 15805 17580 17584 18396 18952 19677 23241 24616 24617 24819
15563
15564
15565
15566
15567
15568 1959 3953 9514 9723 17163 22954
15569
15570
15571 2009 2182 6482 8403 10406 18579
15572 7356
15573
15574
15575
15576
15577
15578
15579
15580 1339 16393 17330 20478 21379 22917 23038
15581
15582 4575 4782 17472 19707 19992 21930 24835
15583 17785 24272
15584
15585 365 6774 9889 14552 18579
15586
15587
15588
15589 122 851
15590
15591
15592
15593
15594
15595
15596 4673 12687 18920
15597
15598
15599
15600 1545 24568 26098
15601
15602
15603
15604
15605
15606
15607
15608 1545 6154 7725 10791 11275 18540
15609 21809
15610
15611
15612
15613
15614 10113 11733 16368 16414 17172 17285 21407
15615
15616 11152 18208 23683
15617 21613
15618
15619
15620
15621
15622
15623 3839 16674 25094
15624 15249
15625 7383
15626 8678
15627
15628
15629
15630
15631
15632
15633
15634
15635
15636
15637
15638
15639
15640
15641 5466 12801 19548
15642 16783 17563
15643
15644
15645
15646
15647
15648
15649
15650
15651
15652
15653
15654
15655
15656
15657 5107 7615
15658
15659 45 46 570 773 1653 2212 2741 2952 3372 4164 4511 4513 6179 6610 6830 7956 8879 9785 11241 11472 12365 12496 12781 12851 14540 14807 15003 17655 17692 18894 19423 19961 20108 20562 20635 21012 21281 21508 21847 22691 22887 23293 24955 25346 25758
15660
15661
15662
15663 7307
15664 5934 6317 15066 16469
15665 13422
15666 15205 20303 24330
15667 15205 20303 24330
15668 17293 25614 26006
15669 8768 22975 23552
15670
15671
15672
15673
15674
15675
15676
15677
15678 12266 17134 21436 22815 23114 23146 23488 23915 25575
15679
15680
15681 7482 20793
15682 7045 7046 14710 16415 17157 23093
15683 5067 6907 9025 13649 19923 20664 21824 22527 25289 25359
15684
15685 13929 23805
15686
15687 5078 6291 10346
15688 22692
15689
15690
15691
15692
15693
15694
15695 2215 2222 10792 20379 21309
15696
15697
15698
15699
15700
15701
15702
15703
15704
15705
15706 374 20776
15707
15708 1023 1563 2457 3534 4364 4639 5065 6271 6387 14379 15145 15562 15714 15805 17580 17584 18396 18952 19677 23241 24616 24617 24819
15709
15710
15711
15712 19596
15713
15714 1023 1563 2457 3534 4364 4639 5065 6271 6387 14379 15145 15562 15708 15805 17580 17584 18396 18952 19677 23241 24616 24617 24819
15715 20086
15716
15717 1966 7911 8048
15718 23708
15719
15720
15721
15722
15723
15724
15725
15726
15727
15728
15729
15730
15731
15732
15733
15734
15735
15736
15737
15738
15739
15740
15741
15742
15743
15744
15745
15746
15747
15748
15749
15750
15751
15752
15753
15754
15755
15756
15757
15758
15759
15760
15761
15762
15763
15764
15765
15766
15767
15768
15769
15770 4319 4624 12758 22023 23099
15771
15772
15773
15774 24
15775
15776
15777
15778
15779
15780
15781
15782
15783
15784 6610 8045 9639 9785 16174 17589 18648 19640 19870 20532 22527
15785
15786 3526 25408
15787
15788
15789
15790
15791
15792
15793 22 106 11183 14834 19440
15794
15795
15796
15797
15798
15799 2326 5849 10253 11194 13190 14325 14337 19048 20182
15800 1878 12338
15801
15802 21130
15803
15804
15805 1023 1563 2457 3534 4364 4639 5065 6271 6387 14379 15145 15562 15708 15714 17580 17584 18396 18952 19677 23241 24616 24617 24819
15806
15807
15808
15809
15810
15811
15812
15813
15814 615 1588 4983 5365 5773 8612 9360 13056 15144 16083 19107 24696
15815
15816 135 1776 14599 19945
15817
15818
15819
15820
15821 3006 14834 19801 22100
15822
15823
15824 22283
15825
15826
15827
15828
15829 1217 3944 11712 22876
15830
15831
15832
15833
15834
15835
15836
15837
15838
15839
15840
15841
15842
15843
15844
15845
15846 639 1941 4180 4241 7350 8378 10055 16607 23714 25102
15847 348 5660
15848
15849
15850 385 6264 12849 17228 21943
15851
15852
15853
15854
15855
15856
15857
15858
15859
15860
15861
15862
15863
15864
15865
15866
15867
15868
15869
15870
15871
15872
15873
15874
15875
15876
15877
15878
15879
15880 1877 2042 3804 4032 5194 6748 13142 16101 20014
15881
15882 3228
15883
15884
15885
15886
15887
15888
15889
15890
15891 3321 6465 6823 17385 20595
15892
15893
15894
15895
15896
15897
15898 9979 19927 25896
15899 13325 14502
15900
15901
15902
15903
15904
15905 14020
15906
15907 14690
15908
15909
15910
15911 3725 5505 21806 24009
15912 13480 15144
15913 13404
15914
15915
15916
15917 7264 7383 20478 23038
15918
15919
15920 14924 15959
15921
15922
15923
15924
15925
15926
15927
15928
15929
15930
15931 3466 14924 15959 18233 18720 19607 19865 23344 24009 24444
15932
15933 88 1995 2338 2449 2530 2535 4355 4755 5210 6340 6512 7197 7635 8727 9313 9656 9869 10350 12507 12710 14648 14766 15010 15244 15245 15457 16654 17807 18225 18453 18778 19114 19446 19645 19939 20574 20576 21178 22504 23712 24718
15934
15935 615 10590 12308 18276 18558
15936
15937
15938 11318 11400 25660
15939
15940
15941 3113 4353 6558 14865 16598
15942 9082
15943 9125 15321
15944
15945
15946
15947 18297
15948
15949
15950
15951 2072 7071 15258 17502 17740
15952
15953
15954
15955
15956
15957
15958
15959 283 6154 14924 15920 15931 18297 18540 24009 24444
15960 7277 18408
15961 24009
15962 25447
15963
15964
15965
15966
15967
15968
15969
15970
15971 2797 9913 13520 14952 15200
15972 16994
15973 3209 12135
15974 18408 23883
15975
15976
15977 18065
15978
15979
15980
15981
15982
15983
15984
15985
15986
15987
15988
15989
15990
15991
15992
15993
15994
15995
15996
15997
15998 2184 9913 11557 22382 24183 26004
15999 2144 2774 3055 3652 3655 3766 3814 6388 6583 7096 9249 12051 12423 12885 14808 15173 15189 18942 19705 20250 21030 21825 25108
16000
16001
16002
16003
16004
16005
16006 7087 9629 9943 10153 10543 11630 12130 12268 13929 16357 21341 21491 22188 22693 23110 23920 25569
16007
16008
16009
16010 9907 10096 16210 16414 24060 25585
16011 7087
16012
16013 2342 10923 16368 19964
16014 6350
16015 22938
16016
16017
16018
16019
16020 1840 4713 6824 6934 12492 14265 24696
16021
16022 7524 8721 10532 15005 15184 15372 18685 22083
16023
16024
16025
16026
16027
16028
16029
16030
16031
16032 624 934 2307 2420 2654 5621 6700 6934 10130 13220 17439 20644 22423 22457 23293 25080
16033
16034
16035
16036
16037
16038
16039 2010 2917 6031 8064 10791 17821 20599
16040 6538
16041 2536 2870 22555 24753
16042 715 6506
16043
16044
16045
16046
16047
16048
16049
16050
16051
16052
16053
16054
16055
16056 2654 3890 7573 7985 8193 16310 16576 16889 18521 21391 21650 25378
16057
16058
16059
16060
16061
16062
16063
16064
16065 2042
16066
16067 3996 5631
16068 1322 6638
16069
16070 12927
16071
16072
16073
16074
16075
16076
16077
16078
16079
16080
16081
16082
16083 615 811 2076 4515 5773 8612 11604 15123 15814 17932
16084 12545
16085
16086
16087 12927
16088
16089
16090
16091 11052 13859 26168
16092
16093
16094
16095
16096
16097
16098
16099
16100
16101 1000 1877 2042 13008 13469 14485 15880 20014 23137 23344
16102 10062 12406 16270 22463
16103
16104
16105
16106 11712 17670 18286 19724
16107 4351
16108 2335 13008
16109 2784 5425 21808
16110 13035 26058 26130
16111
16112
16113
16114
16115 5434 6774 10383 13319 17655 21583
16116
16117
16118
16119
16120
16121
16122
16123 1044 9485 11275 13597 21754
16124 20807 24334
16125
16126
16127
16128 8365 9017 13831 14746
16129 74 2298
16130
16131 8864 16280 17137 25582
16132
16133
16134
16135
16136
16137
16138
16139
16140
16141
16142
16143
16144
16145
16146
16147
16148 62 899 1765 2710 3032 5052 5302 7383 7442 7768 13276 17266 18757 22184 22415 23708 24371 24559
16149
16150
16151
16152
16153
16154 915 1613 10438 13422 13992 15217 18624 20558
16155 7446
16156
16157
16158
16159 4952 6610 17859 23134
16160
16161
16162 4952 10895 13619 18585 24696 25540
16163
16164
16165
16166
16167
16168
16169
16170
16171
16172
16173
16174 3872 12409 15784 18648
16175
16176
16177 21089 21100 22746
16178
16179
16180
16181
16182
16183
16184
16185
16186
16187
16188
16189
16190
16191
16192
16193
16194
16195
16196
16197
16198
16199
16200
16201
16202
16203
16204
16205
16206
16207
16208
16209
16210 1006 4068 8968 10130 11661 11696 13929 16010 16389 21142 21407 21491 24060
16211
16212
16213 8134 20383 24870
16214
16215
16216 615
16217
16218
16219
16220
16221
16222
16223
16224 5425 24161
16225 17149 26058
16226 2201 14868
16227 6280 17297
16228
16229
16230 20702
16231 832 3387 4703 7447 9764 10117 14340 14370 15006 16590 16730 19957 21848 22320 22423
16232 3052 22725
16233
16234 1149 18373
16235 23810 25582
16236
16237
16238
16239
16240
16241
16242
16243
16244
16245
16246
16247
16248
16249
16250
16251
16252
16253
16254
16255
16256
16257
16258 1356 1727 2752 4125 6667 6825 8579 10039 10351 11082 14123 16676 21194
16259
16260
16261 14265
16262 18208
16263
16264 1488 4258 5771 6675 18741 25107 25439
16265 5901 19791
16266 4485 12616
16267
16268
16269
16270 10062 12406 16102 17956 18543 20375 22463
16271
16272
16273
16274 1588 5901 5953 9066 14403
16275
16276
16277
16278 2165 22462 24705
16279
16280 8864 16131 17137 25582
16281 24728
16282
16283
16284
16285
16286
16287
16288
16289
16290
16291
16292
16293
16294
16295
16296
16297
16298
16299
16300
16301
16302
16303
16304
16305
16306
16307
16308
16309
16310 2654 3113 5246 5993 7459 9572 10310 10524 10762 10841 11223 12337 15419 16056 18924 19807 23637
16311
16312 16314
16313
16314 16312
16315
16316
16317
16318
16319
16320
16321
16322
16323
16324 3265 10841 11325 11328 12733 17149 26038
16325
16326
16327
16328
16329
16330
16331 1248 19184 20879
16332 9184 10381 20373
16333 4241
16334 1116 1157 7023
16335 7625
16336 9629 10967
16337
16338 21390
16339
16340 11120
16341
16342
16343
16344
16345
16346
16347 4241 4960 4975 7584 7844 12049 17382 19340
16348 3849
16349 2556
16350
16351
16352 3231 4705 4773 6411 8261 8549 8823 9639 11464 17997 19808 19870 20532 21931 22369
16353 4958 9606 10884
16354
16355
16356
16357 9943 10543 11630 12268 13929 16006 21432 22188 23110 25710
16358 822 9518
16359
16360
16361
16362
16363
16364
16365
16366
16367
16368 6724 10096 10113 10923 11821 15614 16013 16414 17392 21469 23503
16369
16370
16371
16372
16373
16374
16375
16376
16377
16378
16379
16380
16381
16382
16383
16384
16385
16386
16387
16388
16389 1265 1839 3502 4068 8768 9937 9993 11015 15126 16210 16414 16881 17289 17828 20116 20478 21165 21281 21379 21491 22476 23038 23051 23382 23864 25910
16390
16391
16392
16393 1339 15580 17330 20478
16394
16395
16396
16397
16398
16399
16400
16401
16402
16403
16404
16405
16406
16407
16408
16409
16410
16411
16412
16413
16414 4068 8768 8968 9907 9937 10096 11015 13929 15614 16010 16368 16389 20148 21379 21491 21754 22696 23038 23806 24270 25585
16415 7045 7046 14710 15682 17157 23093
16416
16417
16418
16419
16420
16421
16422
16423
16424
16425
16426
16427
16428
16429 11944 21608 23092 23503 25571 25784
16430
16431
16432
16433 369 2073 6183 7727 16570
16434
16435
16436
16437
16438
16439
16440
16441
16442
16443
16444
16445
16446
16447
16448
16449
16450
16451
16452
16453
16454
16455
16456
16457
16458
16459
16460
16461
16462
16463
16464
16465
16466
16467
16468
16469 482 3411 3826 4428 5392 5934 6317 7541 10871 12369 13498 15066 15664 17665 19111 20424 22239 24734 25378
16470 17822
16471 4117 24614
16472
16473
16474
16475 4952 25565
16476
16477
16478
16479
16480
16481
16482 6076 7311 10726 12615 13990 15163 15357 17731 18913 22265 23151
16483 8629 15357
16484 8302
16485 7069 15435
16486 6337 8511
16487
16488
16489
16490
16491
16492
16493
16494
16495 10096 11733 13929 15209 23552 25557
16496 3754 8185
16497
16498 4135 19442 22826 24559
16499
16500
16501
16502
16503
16504
16505 8925 11631 15495 21450 24970
16506 21650 22336 23708
16507
16508
16509
16510
16511 11194 14337 16575 19023
16512
16513 1817
16514
16515
16516
16517
16518
16519
16520
16521 17172 20148 20517 20526
16522
16523 4110
16524
16525
16526
16527
16528
16529
16530
16531
16532
16533
16534
16535
16536
16537
16538
16539
16540
16541
16542
16543 238 4793 6218 15516 16553 16563 16565 22964
16544
16545 15395 21149
16546
16547
16548
16549
16550
16551
16552
16553 4793 6218 16543 16565
16554 19101
16555
16556
16557
16558
16559
16560
16561
16562
16563 238 4793 16543 22964
16564
16565 4793 6218 16543 16553
16566
16567
16568 5385 13813 24589 24620
16569
16570 369 2073 6183 16433
16571
16572
16573
16574
16575 3909 10907 14337 16511 17501 19379
16576 16056
16577
16578
16579
16580
16581
16582
16583
16584 3878 10062 12406 17956
16585
16586
16587
16588
16589 8978 9017 15170 15455 21613
16590 832 3387 4703 7447 9764 10117 14340 14370 15006 16231 16730 19957 21848 22320 22423
16591
16592
16593
16594 2560 2741 4146 4164 4632 7956 9785 10926 12365 12553 12781 13164 14512 15003 18668 18866 20774 21508 25346
16595
16596
16597
16598 3851 4372 10880 15941
16599
16600
16601
16602
16603
16604
16605
16606
16607 3593 15846 18237 19219
16608 93 17419 20328
16609 6170
16610
16611 231 1841 2980 12503 21012 22937
16612
16613
16614
16615
16616
16617
16618
16619
16620 376 1908 2611
16621 1908 2611
16622 18454
16623
16624 5469 5575 24781
16625
16626
16627
16628
16629
16630
16631
16632
16633
16634
16635
16636
16637
16638
16639
16640 3948 4013 23855 25516 25684 26038 26098
16641
16642
16643 20035
16644 1545
16645
16646
16647 8511 13801 22503
16648 14149
16649 14599 18140 20879
16650
16651 10338 12458 12460 19378
16652
16653
16654 88 1995 2338 2449 2530 2535 4355 4755 5210 6340 6512 7197 7444 7635 8727 9313 9656 9869 10350 12507 12710 14648 14766 15010 15244 15245 15457 15933 17807 18225 18453 18778 19114 19446 19645 19939 20574 20576 21178 22504 23712 24718
16655 782 11539 15227
16656
16657
16658
16659 8732 14746 22377
16660
16661
16662
16663
16664
16665
16666
16667
16668
16669
16670
16671
16672
16673
16674 2949 3839 3955 4146 9785 10532 13615 13837 15623 17250 21281 23470 25094
16675 23986
16676 1356 16258
16677
16678
16679
16680
16681
16682
16683
16684
16685
16686
16687
16688
16689
16690
16691
16692
16693
16694 5838 6963 10243 11572 11964 18065 19865 21630 23107
16695
16696 6963 11964
16697
16698
16699
16700
16701
16702
16703 13202 22253
16704
16705
16706
16707
16708 16967 18109 19703 25316
16709
16710
16711
16712
16713
16714
16715
16716
16717 4774 4988 5673 6838 12722 17125 19603
16718 5629 25599
16719 9471 17016
16720
16721
16722 1186 7844 11148 12365 16876 18719 18866
16723
16724
16725
16726 7844 18719 18866
16727 941 3386 13712 22321 23151 23383 25442
16728 8153 15182 22319 23424
16729 24293
16730 832 3387 4703 7447 9764 10117 14340 14370 15006 16231 16590 19957 21848 22320 22423
16731
16732
16733
16734
16735
16736
16737
16738
16739
16740
16741 5052 9124 10597 11891 14967 20243 25408
16742 12587
16743 1278 6218 22798
16744
16745
16746
16747 836 4750 13955 19147 19489
16748
16749 13682 26038 26059
16750
16751 20243
16752
16753
16754 449 2568 13469 19612 20552 25086
16755 1672 8079 18676
16756 4380 24402
16757
16758
16759
16760
16761
16762
16763
16764
16765 2591 10445 11066 17721
16766 7277 17038 19089
16767
16768
16769
16770 17038 21968 24578
16771
16772
16773
16774
16775
16776
16777
16778 593 4515 7893 12386 12627 13333 18051 23896
16779 2566 9124
16780
16781
16782
16783 15642 17563
16784
16785
16786
16787
16788
16789
16790
16791
16792
16793
16794
16795
16796
16797
16798
16799
16800 2142
16801 2255
16802 830 23757
16803 6813 12411 12645
16804
16805
16806
16807
16808
16809
16810
16811
16812
16813
16814
16815
16816
16817 2155 3630 4416 7911 8730 13142 13177 23939 24885
16818 18415
16819 6056 24034
16820 9630 10252
16821
16822
16823 5571 13802 19553
16824
16825
16826
16827
16828
16829
16830 9224 10154 11410
16831 5717 7090 11792
16832
16833
16834 17501 20248
16835 6427 18677
16836
16837 25034
16838
16839
16840
16841
16842
16843
16844
16845
16846
16847
16848
16849
16850
16851
16852
16853 9862 12370 17501
16854
16855
16856
16857
16858 17038 17113 17389
16859
16860
16861
16862
16863
16864
16865
16866
16867
16868
16869
16870
16871
16872 7985 8452 15311
16873
16874
16875
16876 1186 7844 11148 12365 16722 18719 18866
16877 128 3113 6920
16878
16879
16880
16881 1265 1839 3502 15126 16389 17828 21281 23864 25910
16882 200 492 6708 7013 8151 9020 9021 9208 9471 9722 17022 19586 19678 24861
16883
16884
16885
16886 142 12113 18626
16887
16888 593 8369 12627 23896
16889 16056
16890 1497
16891 10432
16892 3062 19572
16893
16894
16895
16896
16897
16898
16899 4952 13711 17501 23135
16900 244 14952 22246
16901
16902
16903
16904
16905
16906 2340 2443 8116 9889
16907
16908
16909
16910
16911
16912
16913
16914
16915
16916
16917
16918
16919
16920
16921 122 1280 1958 5851 6530 6707 6911 10555 11591 13520 20207 21646
16922 20925
16923
16924
16925
16926
16927
16928
16929
16930
16931 3561 5411 5503 7007 10390 11186 15365 22046
16932 9579 19451
16933
16934
16935 2316 11939 13702
16936
16937 7307 20258
16938
16939
16940 482 13664 19613
16941 19313
16942
16943
16944
16945 14337
16946 6056 8116 22457
16947
16948
16949
16950
16951
16952
16953 4575 20191 22644
16954
16955 2388 3716 24385
16956
16957 3362
16958 7712
16959
16960
16961
16962 3980 15559
16963 2042
16964
16965
16966
16967 1407 1877 2042 4550 15108 16708 19703 23163
16968
16969
16970
16971 5228 20170
16972
16973
16974
16975
16976 245 543 1958 2193 5812 15144 17248 20618 20853 23693 26196
16977
16978
16979
16980
16981
16982
16983
16984
16985
16986
16987
16988
16989
16990
16991
16992
16993
16994 231 2654 3197 6160 8589 9417 9829 14638 14924 15972 17228 18940 19090 19475 20207 21776 22644 22790 24001 25228
16995
16996
16997
16998
16999
17000
17001 2044 3618 4490 9147 9184 18013
17002
17003
17004
17005
17006 7854 9758 11844 19551
17007
17008
17009
17010
17011
17012
17013
17014
17015 309 9591 10677 20560 21314
17016 9471 16719
17017 17721
17018
17019 11746 11820
17020
17021 811 8787
17022 200 492 6708 7013 8151 9020 9021 9208 9471 9722 16882 19586 19678 24861
17023
17024
17025
17026
17027
17028
17029
17030
17031
17032
17033
17034
17035
17036
17037
17038 896 3466 7188 7277 16766 16770 16858 17113 17389 18408 18866 19089 19992 20033 21968 23429 24578
17039 491 1818 17082
17040
17041
17042
17043
17044
17045
17046
17047
17048
17049
17050
17051
17052
17053
17054
17055
17056
17057
17058
17059
17060
17061
17062
17063
17064
17065
17066
17067
17068
17069
17070
17071
17072
17073
17074
17075 2255 3056 4213 5287 6158 7045 7324 8365 9017 11892 12287 13831 15455 19900 20645 20827 23264 23665 24722
17076 19018
17077
17078
17079
17080
17081
17082 491 1124 1818 3681 4552 6823 7126 13328 17039 18540
17083
17084
17085
17086 9907 20515 21491 23552
17087
17088
17089 1217 5488 12735 14615 19454 22177
17090 8871 25557
17091
17092
17093
17094
17095
17096
17097
17098
17099 9616
17100
17101
17102
17103
17104
17105
17106
17107
17108
17109
17110
17111
17112
17113 2797 3193 5862 7592 7959 8179 16858 17038 17389 19642 25729 26004
17114 9074 20489
17115
17116 1078 5164 18365 19741 23306
17117
17118 7769 18065
17119
17120 1050
17121 11746
17122 5363
17123
17124 164 9491 11318 11379 17764
17125 4988 12722 16717
17126 11318 11400
17127 4143 11293 25718
17128
17129
17130
17131 17439 20129 22917
17132
17133
17134 12266 15678 21436 22815 23114 23146 23488 23915 25575
17135 13929 25562
17136
17137 8864 16131 16280 25582
17138
17139
17140
17141 11462
17142
17143
17144
17145
17146
17147
17148
17149 408 3265 16225 16324 21404 26058
17150
17151
17152
17153
17154
17155
17156 14265 19525 23721
17157 7045 7046 14710 15682 16415 23093
17158 11077 21389 23918
17159
17160
17161 10983 17721
17162 11077 21389
17163 3953 15568 22954
17164
17165
17166
17167
17168
17169
17170
17171
17172 7050 10113 10657 15614 16521 17285 20517 21407
17173 1908
17174 13008
17175
17176
17177
17178 2329 21024 23215 24846
17179 9871 24816
17180 10983
17181
17182 4164
17183
17184
17185
17186
17187 2155 4416 9511 9889 24559
17188
17189 930 4493 23720 25931
17190
17191 15235
17192 885 2505 18222
17193
17194 165 3804 4033 20782 23730
17195
17196
17197
17198
17199
17200
17201
17202
17203
17204
17205
17206
17207 3096 3412 5934 10762 10871 11712 12806 13847 18612 25698
17208 21929 22366
17209
17210
17211
17212
17213
17214
17215
17216
17217
17218
17219
17220
17221
17222
17223
17224
17225
17226
17227
17228 352 3996 10555 15850 16994 19101 20207 20533 21943 22603 23513 25034
17229
17230
17231 853 12927
17232
17233 2202 9829 12212 24271
17234
17235 5731 13635
17236
17237 12256
17238
17239
17240 7246 11490
17241
17242
17243
17244
17245 75 882 3547 8807 13614 14707
17246
17247
17248 543 16976 22876
17249 22336
17250 3839 4146 9785 13837 16674
17251 1149
17252 5738 6538 18142
17253
17254
17255
17256
17257
17258
17259
17260
17261
17262
17263
17264
17265
17266 2293 3651 6351 7383 8552 14615 16148 21587 24559
17267
17268 7350 8503 10055 14123
17269
17270
17271
17272
17273 1029 5287 20787 23836 25050
17274 4298 4416
17275 23214
17276 9994 18383
17277 6642 14003 18209
17278
17279
17280 2785 3682 19956 24597
17281
17282
17283
17284
17285 676 10113 11733 15614 17172 21608
17286 141 8408 14102 17443
17287
17288
17289 16389 21379
17290 21466
17291 4017 7888
17292
17293 15668 25614 26006
17294 9649 17626
17295
17296
17297 6280 16227 25219
17298
17299
17300
17301
17302
17303
17304 140 18587 19404 23986
17305
17306 10004 20052 22555 25234
17307 12290
17308 4550 12968
17309 24833
17310
17311
17312
17313
17314
17315
17316
17317
17318
17319
17320
17321
17322
17323
17324
17325
17326
17327
17328
17329
17330 824 1339 2133 3164 4846 6610 6700 11082 12928 14419 15580 16393 18487 20478 20956 22779 23382
17331 6700
17332
17333
17334
17335
17336
17337 13369 25286
17338
17339 1765
17340
17341 18443
17342
17343 21621 24877
17344
17345 4364 6271 7013 13404
17346 9149 20319
17347
17348
17349
17350
17351
17352
17353
17354
17355
17356
17357
17358
17359 364 396 1963 2915 10711 10942 13616 15214 23558
17360
17361
17362
17363
17364
17365
17366
17367
17368
17369
17370
17371
17372
17373
17374
17375
17376
17377
17378
17379 78 1310 2922 3651 6891 8701 10162 10620 11112 13174 14864 17536 23153 24340
17380
17381
17382 12049 16347 19340
17383
17384
17385 1151 2410 3843 4488 6301 6465 6823 13404 15414 15891 18743 20595 22032 22903 23674 24294 24706 25998
17386
17387
17388 6037 12617
17389 16858 17038 17113
17390
17391
17392 6724 16368 23503
17393 7024 9184 18736
17394 18924
17395 24097
17396 22415
17397
17398
17399
17400
17401 1488
17402
17403 11077 20149 21389 23918
17404
17405
17406
17407
17408
17409
17410
17411
17412
17413
17414 339 2654 3730 5166 9713 10456 11026 12639 25378
17415
17416
17417
17418
17419 93 4103 4525 12312 13346 16608 20328 25172
17420
17421
17422
17423
17424
17425
17426 9264 24932
17427
17428
17429
17430
17431
17432
17433
17434
17435
17436
17437
17438
17439 339 676 2250 2654 4743 4748 4846 5621 7717 9755 11015 11613 13220 13714 14767 15316 16032 17131 18487 18971 19216 20511 20534 20850 22917 24029 24293 25205 25396
17440 12112 25902
17441
17442
17443 141 8408 14102 14371 17286 25827
17444
17445
17446
17447
17448
17449
17450
17451
17452
17453 309 2136 6012 9591 11030 23946 25611
17454
17455
17456
17457
17458
17459
17460
17461 188 22920
17462
17463 11861
17464 320 15108
17465 8374 19865 23107
17466
17467 6638 10925 15195
17468 3200 4264
17469
17470 19221
17471 3989
17472 4575 4782 15582 19707 19992 21930 24835
17473
17474
17475
17476
17477
17478
17479
17480
17481
17482
17483
17484
17485
17486
17487
17488
17489
17490
17491
17492
17493
17494
17495
17496
17497
17498
17499
17500
17501 1153 4183 6010 9862 12370 16575 16834 16853 16899 21199 22299 22309 22620
17502 15951 17740
17503 3748
17504
17505
17506
17507
17508
17509
17510
17511
17512
17513
17514
17515
17516
17517
17518
17519
17520
17521
17522
17523
17524
17525
17526
17527
17528
17529
17530
17531
17532
17533
17534
17535
17536 3651 6891 7007 7895 8916 9773 11863 12110 17379 18208
17537 14182
17538 3113 8312 10765 11621 18924 25978
17539
17540
17541
17542
17543 2556 5385 9090 24589
17544
17545
17546 8823 10500 22466 25159
17547
17548
17549
17550
17551
17552
17553
17554
17555
17556
17557
17558
17559 1674 3323 8680 9184 13813 19204 19206 19657 20373 21646 21943 23204 25034
17560 12689 21697 25116
17561
17562
17563 15642 16783
17564 18408
17565
17566
17567
17568
17569 2404
17570
17571
17572
17573
17574
17575 7878 11231 17683 18122
17576
17577
17578
17579
17580 1023 1563 2457 3534 4364 4639 5065 6271 6387 14379 15145 15562 15708 15714 15805 17584 18396 18952 19677 23241 24616 24617 24819
17581 3524
17582
17583 2443 8116 8625 13369 14369 15395
17584 1023 1563 2457 3534 4364 5065 6271 6387 14379 15145 15562 15708 15714 15805 17580 18396 18952 19677 23241 24616 24819
17585 15218
17586
17587 2334 10180
17588 12551 18621 24207
17589 15784
17590 15108 18042
17591 8704 12930
17592 4673 12687
17593
17594
17595 8443 15248 19018
17596
17597
17598
17599 13520 22826
17600 1293 2621 2623 3283 3812 3820 3824 4834 5131 6222 6456 6525 6868 7525 7650 8448 9433 12802 13482 13526 14157 14373 15148 17819 17823 17824 18000 18444 22324 22901 24474 24479 24615 26039
17601
17602
17603 339 6700 20850 21798
17604
17605
17606
17607
17608
17609
17610
17611
17612 7645 11502 11903 12157 12158 15384 18597 22457 24210
17613
17614
17615
17616
17617
17618
17619
17620
17621
17622
17623
17624
17625
17626 2309 4211 6532 7104 7689 8553 9649 9763 10251 11670 11876 14265 17294 17808 22426 23637
17627
17628
17629
17630
17631
17632
17633
17634
17635
17636
17637
17638
17639
17640
17641
17642
17643
17644
17645
17646
17647
17648
17649
17650
17651
17652
17653
17654
17655 45 46 231 570 676 773 1653 2212 2741 2952 2980 3372 4164 4511 4513 4952 5578 6179 6610 6774 6830 7956 8879 9785 9889 10383 11241 11472 11785 12085 12365 12496 12781 12851 13319 13801 14540 14807 15003 15659 16115 17692 18894 19387 19423 19961 20108 20562 20635 21012 21281 21508 21583 21800 21847 22144 22269 22457 22691 22887 22937 23293 24955 25251 25346 25758
17656
17657
17658
17659
17660
17661
17662
17663
17664
17665 5392 5934 7541 11670 15066 16469 17688
17666
17667
17668
17669
17670 11712 16106 18286 19724
17671
17672
17673
17674
17675
17676
17677
17678
17679
17680
17681 2620 3501 6442 12453 20587 21723 25449
17682
17683 7878 11231 17575 18122
17684
17685
17686
17687
17688 5392 7541 11670 15066 17665
17689
17690 5814
17691
17692 45 46 570 773 1653 2212 2741 2952 3372 4164 4511 4513 6179 6610 6830 7956 8879 9785 11241 11472 12365 12496 12781 12851 14540 14807 15003 15659 17655 18894 19423 19961 20108 20562 20635 21012 21281 21508 21847 22691 22887 23293 24955 25346 25758
17693
17694
17695
17696 4110
17697
17698
17699
17700
17701
17702
17703
17704
17705
17706
17707
17708
17709
17710
17711
17712
17713
17714
17715
17716
17717
17718
17719
17720
17721 1403 2926 6023 7007 10983 14781 16765 17017 17161 18365
17722
17723
17724 25957 25958
17725
17726
17727
17728
17729 22074 25250
17730
17731 6076 7311 12615 12806 15163 15357 16482
17732
17733
17734
17735
17736
17737
17738 2443 5302 6918 7650 8116 10983 14369 24057
17739 6810 10039 11964
17740 15951 17502
17741
17742
17743
17744
17745
17746 9710 10463 11325 12743 21712 25729
17747
17748
17749
17750 9832 11279 22976 25609
17751 185 215 351 1074 1858 3939 4512 6892 8280 14542 18095 18143 18649 18943 19573 22601 22793
17752
17753
17754 10055 25674
17755 4141 13859
17756
17757
17758
17759
17760
17761
17762
17763
17764 9325 9491 11379 11400 17124 21409 22018
17765
17766
17767
17768
17769
17770
17771
17772
17773
17774
17775
17776
17777
17778 2556 13556 17979 19159 21699
17779
17780
17781
17782 1989 4106 7515 18231
17783
17784
17785 15583 18628 24272
17786
17787
17788
17789
17790
17791
17792
17793
17794 2959 5541 5807 14661 22184
17795
17796
17797 1488
17798
17799
17800 751 5107 24699
17801
17802
17803
17804 11468 11470 20432
17805
17806
17807 88 1995 2338 2449 2530 2535 4355 4755 5210 6340 6512 7197 7444 7635 8727 9313 9656 9869 10350 12507 12710 14648 14766 15010 15244 15245 15457 15933 16654 18225 18453 18778 19114 19446 19645 19939 20574 20576 21178 22504 23712 24718
17808 4211 11670 11876 17626
17809
17810
17811
17812
17813
17814
17815
17816
17817 12735 14616 22051
17818 5519 19697 23809
17819 1293 2621 2623 3283 3812 3820 3824 4834 5131 6222 6456 6525 6868 7525 7650 8448 9433 12802 13482 13526 14157 14373 15148 17600 17823 17824 18000 18444 22324 22901 24474 24479 24615 26039
17820
17821 10791 16039
17822 16470
17823 1293 2621 2623 3283 3812 3820 3824 4834 5131 6222 6456 6525 6868 7525 7650 8448 9433 12802 13482 13526 14157 14373 15148 17600 17819 17824 18000 18444 22324 22901 24474 24479 24615 26039
17824 1293 2621 2623 3283 3812 3820 3824 4834 5131 6222 6456 6525 6868 7525 7650 8448 9433 12802 13482 13526 14157 14373 15148 17600 17819 17823 18000 18444 22324 22901 24474 24479 24615 26039
17825 12884 17984 22147
17826
17827 9184
17828 1265 1839 3502 15126 16389 16881 21281 23864 25910
17829
17830
17831
17832
17833
17834
17835
17836
17837
17838
17839
17840
17841
17842
17843 1685 4952 8134 12687 23409
17844
17845
17846
17847
17848 8177
17849
17850 25271
17851 11120
17852
17853
17854 1101 9030
17855
17856
17857
17858
17859 16159 20066 23134
17860
17861 6280 7463
17862
17863
17864 15171 15305 21195 23417
17865 24159
17866
17867
17868
17869
17870
17871
17872
17873
17874 199 6482 13702 18227 18271 24148
17875 1653 21281 23095
17876
17877
17878 4275 10022
17879
17880
17881
17882 8263
17883
17884 20538 23529
17885
17886
17887
17888
17889
17890
17891
17892
17893
17894
17895
17896
17897
17898
17899
17900
17901
17902
17903
17904
17905
17906
17907
17908
17909
17910
17911 750 1229 1321 4102 9184 10376 13801 18736 19641 20879 22790 23681 26127 26176
17912
17913
17914
17915
17916
17917
17918 3754 23066
17919
17920
17921
17922
17923 8593 18122 18771 21853
17924 13008
17925
17926
17927
17928
17929
17930
17931
17932 615 743 4515 8612 9710 11604 12334 16083 21776 26038 26190
17933 5156
17934 12842
17935 2116 9189 9765 9774 12034
17936 3297
17937 4641 22224
17938
17939 24559
17940
17941
17942
17943
17944 9471 20884 24939
17945
17946
17947
17948
17949
17950 15353
17951 833
17952
17953 23458 24924
17954
17955
17956 12406 16270 16584 18543 20375
17957
17958
17959
17960
17961
17962
17963
17964
17965
17966
17967
17968 495 1854 2846 3875 9458 13556
17969
17970
17971
17972
17973
17974
17975
17976
17977
17978
17979 2556 6390 13556 17778 22393
17980
17981 6264 21220
17982
17983
17984 1588 12884 17825 19703 22147 23805
17985
17986 11537
17987
17988 22574
17989
17990 10878 22265 26020
17991 4798 14627
17992 4181
17993
17994 13346 26021
17995
17996
17997 3231 4773 6411 8261 8823 9639 11464 16352 19870 20532 20662 21860 22369 22837
17998
17999 2003 9037 21220
18000 1293 2621 2623 3283 3812 3820 3824 4834 5131 6222 6456 6525 6868 7525 7650 8448 9433 12802 13482 13526 14157 14373 15148 17600 17819 17823 17824 18444 22324 22901 24474 24479 24615 26039
18001 22177 25480
18002
18003 5545 6709
18004
18005
18006
18007
18008 5464 7774 8701 18625
18009
18010
18011
18012
18013 2044 3618 4490 9147 9184 17001
18014
18015
18016
18017
18018
18019
18020
18021
18022
18023
18024
18025
18026
18027
18028
18029
18030 244 727 1353 3286 4765 8457 15478 24203 26013
18031
18032 25034
18033
18034 1981 5468 5668 8187 19879
18035
18036 15358 18338
18037 7893 9360 12334
18038
18039
18040
18041
18042 320 1897 15108 17590
18043
18044
18045
18046
18047
18048
18049
18050
18051 593 4515 5510 7893 9360 12334 12627 13385 16778 19578
18052 1090 7307 13831
18053
18054
18055
18056
18057
18058
18059
18060
18061
18062
18063
18064
18065 4724 7769 11572 13369 15977 16694 17118 19865
18066 12787 21621 24877
18067 21968
18068
18069
18070
18071
18072
18073
18074
18075
18076
18077
18078
18079
18080
18081
18082
18083
18084
18085
18086
18087
18088 2630 6724 7563 8851 11812 14403 18217 24248
18089
18090
18091 5172 5181 24456
18092
18093
18094 4213 8870
18095 185 215 351 1074 1858 3939 4512 6892 8280 14542 17751 18143 18649 18943 19573 22601 22793
18096
18097 7584
18098 3100
18099
18100
18101
18102 1124 1267 14834 24718
18103
18104
18105 4525 6337
18106
18107
18108
18109 4642 7899 16708 18365 23382
18110
18111
18112
18113
18114
18115
18116
18117
18118
18119
18120
18121
18122 1699 2303 7878 8541 8593 11231 17575 17683 17923 18771 21853 24593 25875
18123
18124
18125 19675 23614 24833
18126 1344
18127
18128
18129
18130
18131
18132
18133
18134
18135
18136
18137
18138
18139
18140 727 3677 7204 7383 8471 14599 14615 16649 18331 18511 19469 20879 22366 24057
18141 5465 12472 20663
18142 5738 6538 17252
18143 185 215 351 1074 1858 3939 4512 6892 8280 14542 17751 18095 18649 18943 19573 22601 22793
18144 15423
18145 11557 21799
18146
18147
18148
18149
18150
18151 15227
18152 18271
18153
18154 10983
18155
18156 5387
18157
18158 12212 20683 21317
18159 2797
18160 6219 24371 24568
18161 24568
18162
18163
18164
18165
18166
18167
18168
18169
18170
18171 85 5413
18172
18173
18174 4511 11241 20635 23293
18175
18176
18177
18178
18179
18180
18181
18182 6804 18487 19624
18183 4278
18184
18185 3651 3877 4354 5412 6544 7357 7719 9397 10477 11445 12788 19246 19463 20716 20780 21861 22284 22601 22741 23514
18186
18187
18188
18189 9710
18190
18191
18192
18193 13955 14843 19489 20569 22233
18194 21949
18195 15197 18215
18196 4656 23303 24841
18197
18198
18199
18200
18201
18202
18203
18204
18205
18206
18207
18208 1058 2741 4104 4431 4442 4967 8471 11152 11461 14661 15616 16262 17536 18995 19562 21012 22087 22109 22839 23134 23683 24477 25607 25896
18209 6642 14003 17277
18210 3063 21281 25917
18211
18212
18213
18214
18215 1025 1026 1696 4640 7882 15197 18195 19248 21125 22144 22879
18216
18217 11812 18088 18983 26173
18218 10133
18219
18220
18221
18222 885 2505 7768 17192
18223
18224
18225 88 1995 2338 2449 2530 2535 4355 4755 5210 6340 6512 7197 7444 7635 8727 9313 9656 9869 10350 12507 12710 14648 14766 15010 15244 15245 15457 15933 16654 17807 18453 18778 19114 19446 19645 19939 20574 20576 21178 22504 23712 24718
18226
18227 6482 7442 17874 24371
18228
18229
18230
18231 1989 4106 7515 17782
18232
18233 937 14924 15931
18234 4483 6264 7072
18235 5052
18236
18237 16607
18238 4777 15396 26180
18239
18240
18241
18242
18243
18244
18245 10559
18246 4376 20934 25209
18247
18248
18249
18250 1000 4575
18251
18252
18253
18254
18255
18256 4255 4771 5251 12612 18337 18613 19208 20511 22233
18257
18258
18259
18260
18261
18262
18263
18264
18265
18266
18267
18268
18269
18270
18271 2511 6904 12016 13702 14667 17874 18152 19865 19978
18272
18273
18274
18275 5240
18276 615 10590 12308 15935
18277
18278 1511
18279 6389 6914
18280
18281
18282 4263 6859 9037
18283 13684 14089 19301
18284
18285
18286 3096 7450 11712 13955 16106 17670 23967
18287
18288 13677 23206
18289
18290
18291
18292
18293
18294
18295
18296
18297 5402 6154 15947 15959 21968 24578
18298
18299 3843 4488 9018 14374 19687
18300
18301
18302
18303
18304
18305
18306
18307
18308
18309
18310
18311
18312
18313
18314 3684 5395 5445 9037 11141 18370 19447 20434 23506
18315
18316
18317
18318
18319
18320
18321
18322
18323
18324
18325
18326
18327
18328
18329
18330
18331 1436 4422 6264 13520 14599 18140 20064 20331 21220 21653 21943 24332
18332
18333
18334
18335
18336
18337 4255 4771 5251 12612 18256 18613 19208 20511 22233
18338 15358 18036
18339
18340 3547
18341
18342
18343
18344 2474
18345
18346
18347
18348
18349
18350
18351
18352
18353
18354
18355
18356
18357
18358
18359
18360
18361
18362
18363
18364
18365 1078 5164 7899 9387 11640 12545 13371 17116 17721 18109 19741 22149 22598 23382
18366 7546
18367
18368
18369
18370 3684 18314 20434 23506
18371
18372
18373 1149 16234 19871 25526
18374
18375 2846
18376
18377
18378
18379 23490
18380
18381 6156 14165 15244 15435
18382
18383 9994 17276
18384
18385
18386
18387
18388 20654
18389
18390 12863
18391
18392
18393
18394
18395
18396 1023 1563 2457 3534 4364 4639 5065 6271 6387 6867 14379 15145 15562 15708 15714 15805 17580 17584 18952 19677 23241 24616 24617 24819
18397 5957 7716 11233 12118 14090 19980 24814 25541
18398 3917 12478 24833
18399 6154
18400
18401
18402
18403
18404
18405
18406
18407
18408 6583 7277 14924 15960 15974 17038 17564 18782 19089 23883
18409
18410
18411
18412
18413
18414
18415 4633 7194 11593 16818 23648
18416
18417 19892
18418
18419
18420
18421
18422
18423
18424
18425
18426
18427
18428
18429
18430
18431
18432
18433
18434
18435
18436
18437
18438
18439
18440
18441
18442
18443 2115 8298 17341 24470
18444 1293 2621 2623 3283 3812 3820 3824 4834 5131 6222 6456 6525 6868 7525 7650 8448 9433 12802 13482 13526 14157 14373 15148 17600 17819 17823 17824 18000 22324 22901 24474 24479 24615 26039
18445 11696
18446
18447 7204 25354
18448
18449
18450
18451
18452
18453 88 1995 2338 2449 2530 2535 4355 4755 6340 6512 7197 7635 9126 9313 9656 9869 10350 11610 11696 12507 14648 14766 15010 15244 15933 16654 17807 18225 18778 19114 19645 19939 20576 21178 22197 22366
18454 16622
18455 546
18456
18457 7689
18458
18459
18460
18461
18462
18463
18464
18465
18466
18467
18468
18469
18470
18471
18472
18473
18474
18475
18476
18477
18478
18479
18480
18481
18482
18483
18484
18485
18486
18487 824 2133 2654 3164 3890 4846 5621 6610 6700 8824 11082 11613 12306 12860 12928 14419 14547 17330 17439 18182 20478 21707 22779 23382 23387 24696 25271
18488 1728 5656 8045 22610
18489 11223
18490
18491
18492
18493
18494
18495
18496
18497
18498
18499
18500
18501
18502
18503
18504
18505
18506
18507
18508
18509
18510
18511 2368 2848 4052 6094 11275 12884 18140 18778 22366
18512
18513
18514
18515
18516
18517 2591 7712 9572 10623 13614 22598 22778 23351 23943
18518
18519
18520
18521 16056 23901 25316
18522 15353
18523
18524 10055 15127
18525
18526
18527
18528
18529
18530
18531
18532
18533
18534
18535
18536
18537
18538
18539
18540 1588 3681 6154 7615 7725 10791 13056 13328 15608 15959 17082 23805 24371 24592
18541
18542
18543 231 2980 12406 16270 17956 20375 21012 22937
18544 2332 21596
18545
18546
18547
18548
18549 5052
18550
18551
18552 281 20567
18553
18554
18555
18556
18557 11213 21101
18558 15935
18559
18560 11566 11808
18561
18562 3102 12414 24439
18563
18564
18565
18566
18567
18568
18569
18570
18571
18572
18573
18574
18575
18576
18577
18578
18579 365 2009 6482 6774 7309 8156 8403 9889 14552 15571 15585 20215 21333
18580 2287 6375
18581 2938
18582 24097
18583
18584
18585 2771 5655 13619 16162 22426 25540
18586 25540
18587 140 17304 19404 23986
18588
18589
18590
18591
18592 2504 9360 9922 19585 22765
18593
18594
18595 12411 13659
18596 4144 23771
18597 17612
18598
18599
18600 4822 5346 7645 13352
18601
18602
18603 8428
18604
18605 7188
18606
18607
18608 14339 22816
18609
18610
18611
18612 9392 10871 11712 17207
18613 4771 5251 18256 18337
18614
18615
18616
18617
18618
18619 1028 8335 8541 9924 11898 12262 13322 18751 20511
18620
18621 1281 3653 10163 12551 17588 24207 25287
18622 14265 19059
18623 2287
18624 915 16154
18625 18008
18626 142 16886
18627
18628 17785
18629
18630
18631
18632
18633 914 1493 2243 3442 3811 5162 9090
18634 3516 12618
18635
18636
18637
18638
18639
18640
18641
18642
18643
18644
18645
18646
18647
18648 8517 10243 15784 16174
18649 185 215 351 1074 1858 3939 4512 6892 8280 14542 17751 18095 18143 18943 19573 22601 22793
18650
18651
18652
18653
18654
18655
18656
18657
18658 2115 18667
18659
18660
18661
18662
18663
18664
18665
18666
18667 2115 7857 18658
18668 2560 4146 9785 10926 12553 13164 15003 16594 21508
18669 19866 25545
18670
18671
18672
18673
18674
18675
18676 1672 6627 8079 11461 12739 13388 16755 22598 23689
18677 6427 16835
18678
18679
18680
18681 4164 10130 24762
18682
18683
18684 14430 19501 23418
18685 7524 8721 10532 15005 15372 16022 22083
18686
18687
18688 4259 13486
18689
18690
18691
18692
18693
18694
18695
18696
18697
18698
18699
18700
18701
18702
18703
18704
18705
18706
18707
18708
18709
18710
18711
18712
18713
18714
18715
18716
18717
18718
18719 45 731 773 1186 1694 2741 7209 7844 8503 11148 12085 12365 12496 13597 16722 16726 16876 18866 19640 21012 22691 25201
18720 3466 15931 19607
18721 3067
18722
18723 5385 10446 12678 21090
18724 3677 12545 23991
18725
18726
18727
18728
18729
18730
18731
18732
18733
18734
18735
18736 1408 7024 9143 9184 9889 10381 14599 14647 17393 17911 20373
18737
18738
18739 676 3677 4466 12545
18740
18741 1488 4258 5771 6675 16264 25107 25439
18742 4896
18743 1151 2410 3843 6301 6823 15414 17385 22032 22903 23674 24294 24706 25998
18744
18745 10711 11696 13276
18746 299 22051
18747
18748
18749
18750
18751 1028 8335 8541 9924 12262 13322 18619 20511
18752
18753
18754
18755
18756
18757 214 2710 5172 5435 6512 10590 16148 23559
18758 10711 13276 21497
18759
18760
18761
18762
18763
18764 10719 11034 22433
18765
18766
18767
18768
18769
18770
18771 1699 2303 8541 17923 18122 24593 25875
18772 15399
18773
18774
18775
18776
18777
18778 88 1995 2338 2449 2530 2535 4355 4755 6340 6512 7197 7635 9313 9656 9869 10350 12507 12884 14648 14766 15010 15244 15933 16654 17807 18225 18453 18511 19114 19645 19939 20576 21178 22366
18779
18780
18781
18782 6583 6807 7277 18408 23883
18783 449 4468
18784 10726
18785
18786
18787
18788 7307 13831 21968 23665
18789
18790 7383 23038
18791 23394 23665
18792
18793
18794
18795
18796
18797
18798
18799
18800
18801
18802
18803
18804
18805
18806
18807
18808
18809
18810
18811
18812
18813
18814
18815
18816
18817
18818
18819
18820
18821
18822
18823
18824
18825
18826
18827
18828
18829
18830
18831
18832
18833
18834
18835
18836
18837
18838
18839
18840
18841
18842
18843
18844
18845
18846
18847
18848
18849
18850
18851
18852
18853
18854
18855
18856
18857
18858
18859
18860
18861
18862
18863
18864
18865
18866 45 345 676 773 896 1186 1508 2741 3409 4632 6815 7188 7209 7844 7956 8279 8503 9785 11053 11148 11785 12365 12781 13008 13411 13597 14485 14512 15003 16594 16722 16726 16876 17038 18719 19954 19992 20391 20774 21012 21508 22691 23403 25346
18867 8503
18868
18869
18870 547 1829 4458 19675 23614
18871
18872
18873
18874
18875 8365 8376 9017 12472 13067 20806 22046 23758
18876
18877
18878
18879 178 9800 12701 23363
18880 8055 20765
18881
18882
18883
18884 8641 19922
18885
18886
18887
18888
18889
18890
18891
18892
18893
18894 45 46 570 773 1653 2212 2741 2952 3372 4164 4511 4513 5787 6179 6610 6830 7956 8879 9785 11241 11472 12365 12496 12781 12851 12981 14540 14807 15003 15659 17655 17692 19423 19961 20108 20562 20635 21012 21281 21508 21847 22691 22887 23293 24955 25346 25758
18895 7957
18896
18897
18898
18899 1186 2386 2394 6904 12016
18900
18901
18902
18903
18904 2190 3651 6172 8592 14933
18905 9829 21563
18906
18907
18908 25531
18909 20765
18910 9482 15538
18911
18912
18913 13990 15357 16482
18914
18915
18916
18917
18918
18919
18920 4673 5240 6703 12687 15596 20636
18921
18922
18923
18924 3113 8312 10765 11621 16310 17394 17538 25978
18925
18926
18927
18928
18929
18930
18931
18932
18933
18934
18935
18936
18937
18938
18939
18940 1090 3990 4575 4635 4759 7307 13831 14746 14924 15166 16994 20191 22644 22790 24860
18941 4298 4416
18942 2144 2774 3055 3652 3655 3766 3814 6388 6583 7096 9249 12051 12423 12885 14808 15173 15189 15999 19705 20250 21030 21825 25108
18943 185 215 351 1074 1858 3939 4512 6892 8280 14542 17751 18095 18143 18649 19573 22601 22793
18944
18945
18946 24924
18947
18948
18949
18950
18951
18952 1023 1563 2457 3534 4364 4639 5065 6271 6387 14379 15145 15562 15708 15714 15805 17580 17584 18396 19677 23241 24616 24617 24819
18953
18954
18955
18956
18957
18958
18959
18960
18961
18962
18963
18964
18965
18966
18967
18968
18969
18970 2409 3522 4286 4288
18971 339 2250 2654 4743 4748 5621 7717 9755 11015 13714 14767 17439 19216 20511 20534 25205 25396
18972 6023
18973 19207 19580 25916
18974
18975
18976
18977
18978
18979
18980
18981
18982
18983 6941 18217 24924 26173
18984 2476
18985
18986
18987
18988
18989
18990
18991
18992
18993
18994
18995 4104 4431 18208 25607
18996 1967 11969
18997
18998
18999
19000
19001
19002
19003
19004 3119 15516
19005
19006
19007
19008
19009
19010
19011 1013 2123
19012 272 2912 11811 11840 15300
19013 11026 24924
19014 5960 8705 11662 14094
19015 5212 6628 19444 25139
19016
19017
19018 17076 17595
19019 24696
19020
19021
19022 4302 5655 8475 10711 13352 26181
19023 16511
19024
19025
19026
19027
19028
19029
19030
19031
19032
19033
19034
19035
19036
19037
19038
19039
19040
19041
19042
19043
19044
19045
19046
19047
19048 2326 2912 7475 10211 10931 11607 15300 15799 19351 20182 20765 26088
19049
19050
19051 22879
19052 7713
19053
19054
19055
19056
19057
19058
19059 321 6364 6494 6857 14265 18622
19060 11791
19061 9094
19062 10356
19063
19064 4777
19065
19066
19067
19068
19069
19070
19071
19072
19073
19074
19075
19076
19077
19078 7625 20427 21089
19079
19080 5107 5116 25565
19081 27 11114 24726 25540
19082
19083
19084 4583 8398 9327 10468 13614
19085
19086
19087
19088
19089 7277 16766 17038 18408 20033
19090 8589 14924 16994
19091
19092
19093 11861 14746 20303 20567 24330
19094
19095
19096
19097
19098
19099
19100
19101 715 1896 7829 16554 17228
19102 6442
19103
19104
19105
19106
19107 615 3345 9710 15814 22439 22611
19108
19109 4814 7712 8161 10969 23246
19110 9721
19111 3826 16469
19112
19113
19114 88 1995 2338 2449 2530 2535 4355 4755 6340 6512 7197 7635 9313 9656 9869 10350 12507 14648 14766 15010 15244 15933 16654 17807 18225 18453 18778 19645 19939 20576 21178
19115
19116
19117
19118
19119
19120
19121
19122
19123
19124
19125
19126 14135 25957
19127
19128
19129
19130
19131 7689
19132
19133
19134
19135
19136
19137
19138
19139
19140 1825 6226 13470 14317 20775 21281 26193
19141
19142
19143 5078 10346 19383
19144 5367 6891 14864 14983
19145 23760
19146 10801 22265 22699
19147 4750 16747
19148
19149 19297
19150 1014 5209 12478 25902
19151
19152
19153
19154
19155
19156
19157
19158
19159 743 9710 11788 14818 17778 21776
19160
19161 214 3113 21831 22728
19162 12161
19163
19164 5835 7245 8031 14690
19165
19166
19167 4952
19168 20100 20119 22366
19169
19170 13
19171
19172
19173
19174
19175
19176
19177
19178
19179 3909 3910 5993 8916 9188 21432 21491
19180
19181
19182
19183
19184 16331 20879
19185
19186
19187
19188
19189
19190
19191
19192
19193
19194
19195
19196
19197
19198
19199
19200
19201
19202
19203
19204 409 2001 3633 6746 7935 8680 13813 17559 20344 23134 23204
19205
19206 13813 17559 23204
19207 18973 19580 25916
19208 12612 18256 18337 22233
19209
19210
19211
19212
19213
19214
19215 22691 25836
19216 339 2250 2654 4743 4748 5621 7717 9755 11015 13714 14767 17439 18971 20511 20534 25205 25396
19217
19218
19219 16607 25286
19220
19221 17470
19222 12320 12321
19223 1985
19224
19225
19226
19227
19228
19229
19230
19231
19232
19233 733 19297 20597
19234 11712
19235
19236
19237
19238
19239
19240
19241
19242
19243
19244 19865
19245
19246 3651 3877 4354 5412 6544 7357 7719 9397 10477 11445 12788 18185 19463 20716 20780 21861 22284 22601 22741 23514
19247 7010
19248 4640 7882 18215
19249
19250
19251
19252 3195
19253
19254
19255
19256 7645
19257 7477 22961
19258
19259
19260
19261
19262
19263
19264
19265
19266
19267
19268
19269
19270
19271
19272
19273
19274
19275
19276
19277
19278
19279
19280
19281
19282
19283
19284
19285
19286
19287
19288
19289
19290
19291
19292
19293
19294
19295
19296
19297 639 733 2752 3171 4241 5052 6941 9124 10055 19149 19233 19340 20597 23458 23939 25102
19298
19299
19300
19301 13684 14089 18283
19302
19303
19304
19305
19306
19307
19308
19309
19310
19311
19312
19313 16941 19877
19314 19880 25496 25543 26019 26048
19315
19316 4446 21281 25080 25910
19317
19318
19319
19320
19321
19322
19323
19324 4080 11861 14746 14747
19325 543 15160 22831
19326
19327
19328
19329
19330
19331
19332
19333
19334
19335
19336
19337
19338
19339
19340 2752 2870 6963 7584 9732 10039 12049 12763 16347 17382 19297
19341
19342
19343
19344
19345
19346
19347
19348
19349
19350 2420 12644 20528
19351 10931 11607 19048 20765
19352
19353
19354
19355 1172
19356 4575
19357
19358 6081 19781
19359
19360
19361
19362
19363
19364
19365
19366
19367
19368
19369
19370
19371
19372
19373
19374
19375
19376
19377
19378 7523 10338 12458 12460 16651
19379 16575
19380 1695
19381
19382
19383 5078 10346 19143
19384
19385
19386
19387 4952 10352 13801 17655
19388
19389
19390
19391
19392
19393
19394
19395
19396
19397
19398
19399
19400
19401
19402
19403
19404 140 3721 6023 17304 18587 23986
19405
19406
19407
19408
19409
19410
19411
19412
19413
19414
19415
19416
19417
19418
19419
19420
19421
19422
19423 45 46 163 570 773 950 1653 2212 2741 2952 3372 4164 4511 4513 6056 6179 6610 6774 6830 7956 8049 8879 9755 9785 10243 10910 11241 11472 12365 12422 12496 12781 12851 14419 14540 14807 15003 15528 15538 15659 17655 17692 18894 19961 20108 20562 20635 21012 21281 21379 21508 21847 22457 22691 22887 23293 23452 24023 24955 25346 25758 25777 25940
19424
19425
19426
19427
19428
19429
19430
19431
19432
19433 2761 5302 5712 14599 20168 20879 23723 24057
19434 12927
19435
19436
19437
19438
19439
19440 22 15793 24490
19441
19442 1606 6264 16498 22826
19443 14157 23492 24708
19444 5212 6628 19015 25139
19445 7442
19446 88 1995 2338 2530 2535 4755 5210 6340 6512 7197 7635 8727 9656 9869 10350 12507 12710 14766 15010 15244 15245 15457 15933 16654 17807 18225 19645 19939 20574 20576 22504 23712 24718
19447 11141 18314
19448
19449
19450 11528
19451 9579 16932
19452
19453
19454 14615 17089 22177
19455
19456
19457 25125
19458
19459
19460
19461
19462 1736 1914 7586 12070 14424
19463 3651 3877 4354 5412 6544 7357 7719 9397 10477 11445 12788 18185 19246 20716 20780 21861 22284 22601 22741 23514
19464 20613 23968
19465
19466 7543 24128
19467
19468
19469 18140 24057
19470
19471
19472
19473 23812
19474
19475 6160 14924 16994
19476
19477
19478
19479
19480
19481
19482
19483
19484
19485
19486
19487
19488
19489 574 836 1511 3718 4249 7511 11416 11801 13276 13740 13955 14834 15244 16747 18193 23441
19490
19491
19492
19493 5953 13142 19657 23134 23149
19494
19495 7442
19496
19497
19498
19499
19500
19501 3501 14383 14430 18684
19502 7718 23970
19503
19504
19505
19506
19507 3199 12798
19508
19509 10936
19510 10936
19511
19512
19513
19514
19515
19516
19517 24 811 3858 10871 15066 22989 23161 25378
19518
19519
19520 12387 23084 23554
19521 5232 14845
19522
19523
19524
19525 14265 17156 23721
19526
19527 5695 5901 13740 22082
19528 8449 13490 24412
19529
19530
19531
19532
19533
19534
19535
19536
19537
19538
19539
19540
19541
19542
19543
19544 7829
19545 3719 5067 6907 8072 8375 9025 9639 13649 22527 25060 25289
19546
19547
19548 12801 15641
19549
19550
19551 7885 9758 17006
19552
19553 5571 13802 16823
19554 6159 24878
19555
19556
19557 1425 25286
19558
19559
19560 3750 14149 23530
19561
19562 1058 1667 14661 15244 18208 23723 24477
19563
19564
19565
19566
19567
19568 2713 13199 20373 25034
19569 3996
19570
19571
19572 3062 16892
19573 185 215 351 1074 1858 3939 4512 6892 8280 14542 17751 18095 18143 18649 18943 22601 22793
19574
19575 11467
19576
19577
19578 18051
19579
19580 14869 18973 19207 25916
19581 12545
19582
19583 97 161
19584
19585 2504 18592
19586 200 492 6708 7013 8151 9020 9021 9208 9471 9722 16882 17022 19678 24861
19587
19588
19589
19590
19591
19592
19593
19594
19595
19596 15712
19597
19598 11216 13815
19599
19600
19601
19602
19603 4774 5673 6838 16717
19604
19605 10039 11964
19606
19607 3466 8579 15931 18720
19608 4825 14621
19609 5408 10039
19610
19611
19612 449 2568 13469 16754 20552 25086
19613 482 13664 16940
19614
19615
19616
19617
19618
19619
19620
19621
19622
19623
19624 2501 6184 6804 18182
19625
19626
19627
19628
19629
19630
19631
19632
19633
19634
19635
19636
19637
19638
19639
19640 339 624 3731 4743 5407 6610 6700 8045 9099 9639 9785 10310 12141 15184 15784 18719 19870 20532 22527 23576 23577 23649 24199 24293 25201
19641 750 17911
19642 5862 17113
19643
19644
19645 88 1995 2338 2449 2530 2535 4355 4755 5210 6340 6512 7197 7444 7635 8727 9313 9656 9869 10350 12507 12710 14648 14766 15010 15244 15245 15457 15933 16654 17807 18225 18453 18778 19114 19446 19939 20574 20576 21178 22504 23712 24718
19646
19647
19648
19649
19650
19651
19652
19653
19654
19655
19656
19657 573 1430 2072 4966 13142 17559 19493 21075 22278 23134
19658
19659
19660
19661
19662
19663
19664
19665
19666
19667
19668
19669
19670
19671
19672
19673
19674
19675 179 543 547 1829 1958 1982 3178 4458 4989 5848 18125 18870 20062 22464 23614 24833
19676
19677 1023 1563 2457 3534 4364 4639 5065 6271 6387 14379 15145 15562 15708 15714 15805 17580 17584 18396 18952 23241 24616 24617 24819
19678 200 492 6708 7013 8151 9020 9021 9208 9471 9722 16882 17022 19586 24861
19679
19680
19681
19682 1658 6023 13624 22275
19683 1028 21558 22744
19684
19685
19686 6154 15435 20335
19687 3843 4488 14374 18299
19688
19689
19690
19691
19692
19693
19694
19695
19696
19697 4781 5519 17818 20260 23429 23809
19698
19699
19700
19701
19702
19703 16708 16967 17984
19704
19705 2144 2774 3055 3652 3655 3766 3814 6388 6583 7096 9249 12051 12423 12885 14808 15173 15189 15999 18942 20250 21030 21825 25108
19706
19707 4575 4782 15582 17472 19992 21930 24835
19708
19709
19710 1877 2042 23225
19711 1765
19712 21024
19713
19714
19715
19716
19717
19718
19719
19720
19721
19722
19723 7911 10406 10918 20253 23939
19724 11712 16106 17670
19725
19726
19727
19728
19729
19730
19731
19732
19733
19734
19735
19736
19737
19738 8916 9572 13556 14265 14485
19739 8195 20568
19740
19741 1078 5164 17116 18365 23306
19742
19743
19744
19745
19746
19747
19748
19749
19750
19751
19752
19753
19754
19755
19756
19757
19758
19759
19760
19761
19762
19763
19764
19765
19766
19767
19768
19769
19770
19771
19772
19773
19774
19775
19776
19777
19778
19779
19780
19781 4781 6081 6919 11591 19358 19927 21968 23616
19782
19783 14123
19784 4702 13740
19785
19786
19787
19788
19789
19790
19791 773 5901 13056 16265 22100
19792
19793
19794
19795
19796
19797
19798
19799
19800 2295 5826 13673
19801 15821
19802
19803
19804
19805
19806 3345 24431
19807 10762 16310
19808 3231 4705 4773 6411 8261 8549 8823 9639 16352 19870 21931
19809 9306 12160 12606
19810 853 22493
19811
19812
19813
19814
19815
19816
19817
19818
19819
19820
19821
19822
19823
19824
19825
19826
19827
19828
19829
19830
19831
19832
19833
19834
19835
19836
19837
19838
19839
19840
19841
19842
19843
19844
19845
19846
19847
19848
19849
19850
19851
19852
19853
19854
19855
19856
19857
19858
19859
19860
19861
19862
19863
19864
19865 1405 2511 3547 4472 4724 6904 6963 7452 8374 11964 12016 12491 12781 13369 13556 14346 15931 16694 17465 18065 18271 19244 21910 23107 23344 23989
19866 18669 25545
19867
19868
19869
19870 3231 4705 4773 6411 6610 8045 8261 8549 8823 9639 9785 11464 15784 16352 17997 19640 19808 20532 21931 22369 22527
19871 18373 25526
19872
19873
19874
19875
19876
19877 1217 3507 12419 19313 21755
19878
19879 1981 5468 5668 8187 18034
19880 19314 25496 25543 26019 26048
19881 9426
19882
19883
19884
19885
19886
19887
19888
19889
19890 3977 8254 9987 21554 21560 23423
19891
19892 18417
19893
19894
19895 1488 3501 14430 20942
19896
19897
19898
19899
19900 7045 8367 9017 17075
19901
19902
19903 25469
19904
19905
19906 26102
19907
19908
19909 23474 24765
19910
19911 25487
19912
19913
19914
19915
19916
19917
19918
19919
19920
19921
19922 5483 8641 18884 22727 23855
19923 5067 6907 9025 13649 15683 20664 21824 22527 25289 25359
19924 22555
19925
19926
19927 11591 15898 19781 25896
19928
19929
19930
19931 23084
19932 4199 6443 19936 25864
19933
19934
19935
19936 2118 4199 6443 19932 25864 26132
19937
19938
19939 88 1995 2338 2449 2530 2535 4355 4755 5210 6340 6512 7197 7444 7635 8727 9313 9656 9869 10350 12507 12710 14648 14766 15010 15244 15245 15457 15933 16654 17807 18225 18453 18778 19114 19446 19645 20574 20576 21178 22504 23712 24718
19940 9184 20373
19941 6079
19942
19943
19944
19945 135 1776 9143 14599 15816
19946
19947
19948
19949
19950
19951
19952
19953
19954 345 676 11785 12365 18866 22372
19955 2249 5957 6077 6611 8672 12118 21832 24814
19956 2785 3682 17280
19957 832 3387 4703 7447 9764 10117 14340 14370 15006 16231 16590 16730 21848 22320 22423
19958
19959
19960
19961 45 46 570 773 1653 2212 2741 2952 3372 4164 4511 4513 6179 6610 6830 7956 8879 9785 11241 11472 12365 12496 12781 12851 14540 14807 15003 15659 17655 17692 18894 19423 20108 20562 20635 21012 21281 21508 21847 22691 22887 23293 24955 25346 25758
19962 5767 20765
19963
19964 2342 2516 10923 16013 21998
19965
19966
19967
19968
19969
19970
19971
19972
19973
19974 414 13480 15144 23770
19975
19976
19977
19978 13702 14667 18271
19979
19980 5957 7716 11233 12118 14090 18397 24814 25541
19981
19982
19983
19984
19985
19986
19987
19988
19989
19990
19991
19992 1347 3409 4575 4782 9417 11148 12365 15582 17038 17472 18866 19707 21930 24835 24959
19993
19994
19995
19996 380 20078 21401
19997 7689
19998
19999
20000 81 5287 9017 11444 14746
20001 8612
20002 4139 10496 11372 12720
20003 2607 9450 21718 24330
20004 1674 25034 25516
20005
20006
20007
20008 1854 25866
20009
20010
20011
20012
20013
20014 1877 2042 11495 12842 15880 16101
20015
20016
20017
20018
20019
20020
20021
20022
20023
20024
20025
20026
20027
20028
20029
20030 2773 6337 6529 6543 8511 20660 24341
20031 12290
20032
20033 7277 17038 19089 23429
20034
20035 16643
20036
20037
20038
20039
20040
20041
20042
20043
20044
20045
20046 1711 3204 3291 3922 11557 13703 14667 25937
20047
20048
20049
20050
20051
20052 2200 5993 10004 17306 21089 22074 25234
20053 13859
20054
20055
20056
20057
20058
20059 1488 4013 4550 7154 7386 8211 15108
20060
20061
20062 179 19675 23614 23863
20063
20064 1436 18331
20065 9255 20478
20066 17859
20067
20068
20069
20070
20071
20072
20073
20074
20075
20076
20077
20078 380 19996 21401
20079
20080
20081
20082
20083
20084 22311
20085
20086 10895 15715
20087
20088
20089 23344 24412 25358
20090
20091
20092
20093
20094
20095
20096
20097
20098
20099
20100 195 8612 10825 13801 15305 19168 20119 20236 20511 21543 22197 22366
20101 3872
20102
20103
20104
20105
20106 20129 21994
20107
20108 45 46 570 773 1653 2212 2741 2952 3372 4164 4511 4513 6179 6610 6830 7956 8879 9785 11241 11472 12365 12496 12781 12851 14540 14807 15003 15659 17655 17692 18894 19423 19961 20562 20635 21012 21281 21508 21847 22691 22887 23293 24955 25346 25758
20109
20110
20111
20112
20113
20114
20115
20116 1653 13929 16389 21281 21379 21432 23509
20117
20118
20119 195 13801 19168 20100 22366
20120
20121
20122 2155 5078 14265 25172
20123
20124
20125
20126
20127
20128
20129 11002 17131 20106 21994 23038 23092
20130
20131
20132
20133
20134
20135
20136
20137
20138
20139
20140
20141
20142
20143
20144
20145
20146
20147
20148 1488 8630 8768 11400 13929 16414 16521 20517 21432 22699 22899 25698
20149 11077 17403
20150 22312 25226
20151
20152
20153
20154
20155 5216 21466
20156
20157 11009 23471
20158
20159
20160
20161
20162
20163
20164
20165
20166
20167
20168 1403 2368 5712 6264 7204 7442 12247 14599 19433 24371
20169 9517 13929
20170 5228 16971
20171
20172
20173 866 12884
20174 4554
20175
20176
20177
20178
20179
20180
20181
20182 2203 5078 7594 10253 15799 19048 21130
20183
20184 2607 5353 9450 24330
20185
20186
20187
20188
20189
20190
20191 16953 18940 22644
20192
20193
20194
20195
20196 3418 3765
20197
20198
20199
20200
20201
20202
20203
20204
20205
20206
20207 1280 1958 5851 10555 11591 13520 16921 16994 17228 21646
20208
20209
20210
20211
20212
20213
20214
20215 18579 21333
20216 2223 4266
20217 2287 23297 25436
20218
20219
20220
20221
20222
20223
20224
20225
20226
20227
20228
20229 4775 22483
20230 22483
20231 4364 7023 13404
20232
20233 11120
20234
20235
20236 10116 20100 22197
20237
20238
20239
20240
20241
20242
20243 29 11891 16741 16751
20244
20245
20246
20247
20248 2451 16834
20249
20250 2144 2774 3055 3652 3655 3766 3814 6388 6583 7096 9249 12051 12423 12885 14808 15173 15189 15999 18942 19705 21030 21825 25108
20251
20252
20253 10918 19723
20254
20255 8925
20256
20257 14176 14181 15455
20258 7307 16937
20259
20260 19697
20261 1499 10600
20262
20263
20264
20265
20266
20267
20268
20269
20270
20271
20272
20273
20274
20275
20276
20277
20278
20279
20280
20281
20282
20283
20284
20285
20286
20287
20288
20289
20290
20291
20292
20293
20294
20295
20296
20297
20298
20299
20300
20301
20302
20303 4451 9983 12587 13597 15205 15666 15667 19093 21031 24330
20304
20305 272 2912 11811 11840 15300
20306
20307 1765 15523
20308
20309 7267 7280
20310
20311
20312
20313
20314
20315 1488 2797 13989 22379
20316 1116 6305 7726 14870 14872
20317 12980
20318
20319 9149 17346
20320 4643
20321
20322
20323
20324
20325
20326
20327
20328 93 3964 4018 9414 10684 12640 16608 17419 21621 24877
20329
20330
20331 18331
20332 6350 8372 13628 15246
20333 4262
20334
20335 6154 15435 19686
20336
20337
20338
20339
20340
20341 8254
20342
20343
20344 8680 19204 23204
20345 6075 14499
20346 6512 24453
20347
20348
20349
20350
20351
20352
20353
20354
20355
20356
20357
20358
20359
20360
20361
20362
20363
20364
20365
20366
20367
20368
20369
20370
20371
20372
20373 1341 1408 1877 2042 2474 4273 4422 5259 6264 7355 9143 9184 10381 13813 14357 14746 15479 16332 17559 18736 19568 19940 21646 23204 25034
20374
20375 12406 16270 17956 18543
20376
20377
20378
20379 15695
20380
20381
20382
20383 1685 7625 8134 16213 24870
20384
20385
20386
20387
20388
20389
20390
20391 2870 9207 18866 22555 23403 24753 25378
20392
20393
20394
20395
20396
20397
20398
20399
20400
20401
20402
20403
20404
20405
20406
20407
20408
20409
20410
20411
20412
20413
20414 7632 11427 14170
20415
20416
20417
20418
20419
20420
20421 5287 5346 15159
20422 2222 21309
20423
20424 482 5934 15066 16469
20425
20426
20427 5107 5116 14067 19078
20428
20429
20430
20431
20432 8718 11468 11470 14265 17804
20433 5446 5632
20434 18314 18370
20435 9629 20479
20436
20437
20438
20439
20440
20441
20442
20443
20444
20445
20446
20447
20448
20449
20450
20451
20452
20453
20454
20455
20456
20457
20458
20459
20460
20461
20462
20463
20464
20465
20466
20467
20468
20469
20470
20471
20472
20473
20474
20475
20476
20477
20478 1339 7383 7522 8715 9255 12545 13276 13801 13929 15580 15917 16389 16393 17330 18487 20065 21379 21491 22476 22917 23038 23382 23910 25006 25572 25582
20479 9629 20435
20480
20481
20482
20483
20484
20485
20486
20487
20488
20489 9074 17114
20490
20491
20492
20493
20494
20495 1217 3944
20496
20497
20498
20499
20500
20501
20502
20503
20504
20505
20506
20507
20508
20509
20510
20511 339 1254 2250 2654 4255 4743 4748 4771 5052 5251 5385 5621 7717 8335 9755 10235 11015 13322 13714 14767 15305 17439 18256 18337 18619 18751 18971 19216 20100 20534 25205 25396
20512
20513 5417 5655 13352
20514
20515 17086
20516
20517 16521 17172 20148
20518
20519 11077 14972 23912
20520
20521
20522
20523
20524
20525
20526 9893 16521
20527
20528 19350
20529
20530
20531
20532 3231 4773 6411 6610 8045 8261 8823 9639 9785 11464 15784 16352 17997 19640 19870 20662 21860 22369 22527 22837
20533 17228 21943 23513
20534 339 2250 2654 4743 4748 5621 7717 9755 11015 13714 14767 17439 18971 19216 20511 25205 25396
20535
20536 10791 23529
20537 20543 24439
20538 17884 23529
20539
20540
20541
20542
20543 20537 21339 24439
20544
20545
20546
20547 10081 13291 20792
20548
20549
20550 523
20551
20552 449 16754 19612 20553
20553 449 20552
20554 11293
20555
20556
20557 1149
20558 10438 16154
20559
20560 309 17015
20561
20562 45 46 570 773 1653 2212 2741 2952 3372 4164 4511 4513 6179 6610 6830 7956 8879 9785 11241 11472 12365 12496 12781 12851 14540 14807 15003 15659 17655 17692 18894 19423 19961 20108 20635 21012 21281 21508 21847 22691 22887 23293 24955 25346 25758
20563
20564
20565
20566
20567 281 1404 2562 11199 11861 14746 15244 18552 19093 21547 24718
20568 8195 19739
20569 14843 18193 22233
20570
20571
20572
20573
20574 88 1488 1995 2338 2530 2535 4755 5210 6340 6512 7197 7444 7635 8727 9656 9869 10350 12507 12710 12968 14766 15010 15244 15245 15457 15933 16654 17807 18225 19446 19645 19939 20576 21629 22504 23712 24718
20575
20576 88 1995 2338 2449 2530 2535 4355 4755 5210 6340 6512 7197 7635 8727 9313 9656 9869 10350 12507 12710 14648 14766 15010 15244 15245 15457 15933 16654 17807 18225 18453 18778 19114 19446 19645 19939 20574 21178 22504 23712 24718
20577
20578
20579
20580
20581
20582
20583
20584
20585
20586
20587 2620 3501 6442 10024 12453 17681
20588
20589
20590
20591
20592
20593
20594
20595 5052 6465 6823 10427 11563 11785 14123 15891 17385
20596
20597 19233 19297
20598
20599 2010 8064 16039
20600
20601
20602
20603
20604
20605
20606
20607
20608
20609
20610
20611
20612
20613 2287 5052 6172 8592 10427 11785 11861 12101 19464 23968
20614
20615
20616 11602 22574
20617
20618 5812 16976 23686
20619
20620 25271
20621
20622
20623
20624
20625
20626
20627
20628
20629
20630
20631
20632
20633
20634
20635 45 46 570 773 1653 2212 2741 2952 3372 3595 4164 4511 4513 6179 6610 6830 7956 8879 9785 11241 11472 12365 12496 12781 12851 14540 14807 15003 15659 17655 17692 18174 18894 19423 19961 20108 20562 21012 21281 21508 21847 22691 22887 23293 24955 25346 25758
20636 5240 18920
20637
20638
20639
20640
20641 178 10130
20642
20643
20644 934 6700 16032 21281 23293 25080
20645 4213 17075
20646
20647 4023 13096 22394
20648
20649
20650 2042 5415
20651
20652
20653
20654 18388
20655
20656
20657
20658
20659
20660 1608 1765 5060 20030
20661
20662 8261 8823 11464 17997 20532 21860 22837
20663 5465 12472 18141
20664 5067 6907 9025 13649 15683 19923 21824 22527 25289 25359
20665
20666
20667 1000
20668 1073
20669
20670
20671
20672
20673
20674
20675
20676
20677
20678
20679
20680
20681
20682
20683 6934 7125 13556 18158 22758 25419 25480
20684
20685
20686
20687
20688
20689
20690
20691
20692
20693
20694
20695
20696
20697
20698
20699
20700
20701
20702 16230 20879 25225
20703
20704
20705
20706
20707 24820
20708
20709
20710
20711
20712
20713
20714
20715
20716 1000 1727 2115 3651 3877 4354 5412 5901 5953 6544 7357 7719 9397 10477 11445 11785 12788 18185 19246 19463 20780 21861 22284 22601 22741 22887 23514 25346
20717
20718
20719
20720
20721
20722
20723
20724
20725
20726
20727
20728
20729
20730
20731
20732
20733
20734
20735
20736
20737
20738
20739
20740
20741
20742
20743
20744
20745
20746
20747
20748
20749
20750
20751
20752
20753
20754
20755
20756
20757
20758
20759
20760
20761
20762
20763
20764
20765 1125 3501 5767 8055 8526 9486 10931 11537 11607 12453 15477 18880 18909 19048 19351 19962 21051 23476
20766 11718
20767
20768
20769
20770
20771
20772 6482 14834 26193
20773
20774 2741 4632 7956 9785 11053 12365 12781 13411 14512 15003 16594 18866 21508 23403 25346
20775 19140
20776 15706
20777
20778
20779 1738 11611
20780 3651 3877 4354 5412 6544 7357 7719 9397 10477 11445 12788 18185 19246 19463 20716 21861 22284 22601 22741 23514
20781 5225 7010
20782 4033 17194 23730
20783 2385 10956 22574
20784
20785
20786
20787 5287 5597 14308 17273 23836 25050
20788
20789
20790
20791
20792 10081 13291 20547
20793 15681
20794
20795
20796
20797
20798
20799
20800
20801
20802
20803 6356 25231
20804
20805 10602
20806 9017 18875
20807 16124 24334
20808 593 1008 2185 11824 12066 12627 21815 23896
20809
20810
20811
20812
20813 1490
20814
20815
20816
20817
20818
20819
20820
20821
20822
20823
20824
20825
20826
20827 1234 4896 12287 13096 15108 15455 17075 23614
20828
20829
20830
20831
20832
20833
20834
20835
20836
20837
20838
20839
20840
20841
20842
20843
20844
20845
20846
20847
20848
20849
20850 231 345 676 2654 4748 4846 10427 11785 12101 13220 17439 17603 21798 24293 25272
20851
20852
20853 543 1958 5812 16976 23693 26196
20854 1711 6813
20855
20856
20857
20858
20859
20860
20861
20862
20863
20864
20865
20866
20867
20868
20869
20870
20871
20872
20873
20874
20875
20876
20877
20878
20879 1229 7307 12688 13096 14599 16331 16649 17911 18140 19184 19433 20702 23256 25225 26127
20880
20881
20882
20883 787
20884 9471 17944
20885
20886 5346 9124
20887
20888
20889
20890
20891
20892 3188 5830 10467 22555
20893 3825 15528
20894
20895
20896
20897
20898
20899
20900
20901
20902 4416 9511 11979 20924
20903
20904
20905
20906
20907
20908
20909
20910
20911
20912
20913
20914 6008 9959
20915 1727
20916
20917
20918
20919
20920
20921
20922
20923
20924 2142 10427 11979 12101 13283 20902 23858 24601
20925 16922
20926 6735 13325 14502
20927
20928
20929
20930
20931
20932
20933
20934 2710 4376 18246 25209 26100
20935
20936
20937
20938
20939
20940 6039 6176 6303 15161 20949 22879
20941
20942 3501 14430 19895
20943 1983 13012
20944
20945
20946
20947 7045 13346 25172
20948
20949 6176 15161 20940
20950
20951
20952 1550 5835 6408
20953 1916 24463
20954 3677 12545
20955
20956 17330
20957
20958
20959 12286
20960 6355 7194
20961
20962
20963
20964
20965
20966
20967
20968
20969
20970
20971
20972
20973
20974
20975
20976
20977
20978
20979
20980
20981
20982
20983
20984
20985
20986
20987
20988
20989
20990
20991
20992
20993
20994
20995
20996
20997
20998
20999
21000
21001
21002
21003
21004
21005
21006
21007
21008
21009
21010
21011
21012 45 46 231 345 570 773 1186 1234 1653 1841 1997 2212 2404 2450 2741 2952 2980 3372 3409 4164 4511 4513 5134 5578 6179 6610 6774 6830 7956 8049 8503 8879 9341 9482 9785 9889 10243 11241 11472 12365 12496 12503 12781 12851 13060 13597 14540 14807 15003 15538 15659 16611 17655 17692 18208 18543 18719 18866 18894 19423 19961 20108 20562 20635 21281 21508 21847 22421 22457 22691 22887 22937 23293 23363 23452 23628 24955 25053 25251 25346 25758
21013
21014
21015
21016 14051
21017 23836
21018 5479
21019
21020
21021
21022
21023
21024 8071 17178 19712 23215
21025
21026
21027 9482 25902
21028 8146
21029 11902
21030 2144 2774 3055 3652 3655 3766 3814 6388 6583 7096 9249 12051 12423 12885 14808 15173 15189 15999 18942 19705 20250 21825 25108
21031 20303 24330
21032 449 14079 22876
21033
21034
21035
21036
21037
21038
21039
21040
21041
21042
21043
21044
21045
21046
21047
21048 482 1172 3449 5346 6864 15353
21049
21050
21051 253 4634 5363 20765
21052
21053
21054
21055
21056
21057
21058
21059
21060
21061
21062
21063
21064
21065
21066
21067
21068
21069
21070
21071
21072
21073
21074
21075 1311 1321 1430 1685 1877 2042 2075 3873 3983 4182 9572 10439 19657 21089 21156 21162
21076
21077
21078
21079
21080
21081
21082
21083
21084
21085
21086
21087
21088
21089 1321 2200 4952 8520 16177 19078 20052 21075 21100 21156 21162
21090 5385 12678 18723
21091
21092
21093
21094
21095
21096
21097
21098
21099
21100 10895 14067 16177 21089 21772 22746
21101 18557
21102
21103
21104
21105
21106
21107
21108
21109
21110
21111
21112
21113
21114
21115
21116
21117
21118
21119
21120
21121
21122
21123
21124
21125 1962 3618 4425 7278 9248 12675 14534 14559 18215 22144 22879 24398
21126
21127
21128
21129
21130 5078 7595 8118 15802 20182
21131 11426
21132
21133
21134
21135
21136
21137
21138
21139
21140
21141
21142 11661 16210
21143
21144 8530
21145
21146
21147
21148
21149 312 15395 16545
21150
21151
21152 13404 15372
21153
21154 2877 14403
21155
21156 3873 21075 21089
21157 14337
21158 896 7188 8279
21159 13422
21160
21161
21162 6434 14351 21075 21089 25250
21163
21164
21165 11015 16389
21166
21167 10096 11661
21168
21169 14051
21170
21171 5211 11028 22730
21172
21173
21174
21175
21176
21177 1174 2712 21830
21178 88 1995 2338 2449 2530 2535 4355 4755 6340 6512 7197 7635 9313 9656 9869 10350 12507 14648 14766 15010 15244 15933 16654 17807 18225 18453 18778 19114 19645 19939 20576
21179
21180
21181
21182
21183
21184 3743 6503 7098
21185
21186
21187 4051 26092
21188
21189
21190 11537 15007
21191 2004
21192
21193
21194 16258
21195 15171 15305 17864 23417
21196
21197
21198
21199 17501 22299
21200
21201
21202
21203 13683 21778 26042 26065
21204
21205 543 6434 7883
21206 23175
21207
21208
21209
21210
21211
21212
21213
21214
21215
21216
21217
21218
21219
21220 1278 1436 1823 2003 6218 6264 9037 17981 17999 18331 22031
21221 14543 25130
21222
21223
21224
21225
21226
21227
21228
21229
21230
21231
21232
21233
21234
21235
21236
21237
21238
21239
21240
21241
21242
21243
21244
21245
21246
21247
21248
21249
21250
21251
21252
21253
21254
21255
21256
21257
21258
21259
21260
21261
21262
21263
21264
21265
21266
21267
21268
21269
21270
21271
21272
21273
21274
21275
21276
21277
21278
21279
21280
21281 45 46 570 773 950 1265 1653 1839 2212 2741 2952 3063 3372 3502 4164 4446 4511 4513 5639 6009 6179 6610 6830 6896 7956 8879 9736 9755 9785 9980 11241 11472 12365 12422 12496 12781 12851 13470 14419 14540 14807 15003 15126 15659 16389 16674 16881 17655 17692 17828 17875 18210 18894 19140 19316 19423 19961 20108 20116 20562 20635 20644 21012 21379 21508 21847 22691 22887 23095 23293 23864 24023 24955 25080 25346 25684 25758 25910 25917
21282
21283
21284
21285
21286
21287 7264 7768 8305 12286 12296 15399 23423 23441
21288 8557
21289 4013 7154
21290
21291
21292
21293 7094 14067
21294
21295
21296
21297 315 11194
21298
21299
21300
21301
21302
21303 734
21304
21305
21306
21307
21308
21309 2215 2222 15695 20422
21310 21313
21311
21312
21313 4051 21310 26092
21314 17015
21315 15108
21316 9572
21317 12212 18158
21318
21319
21320
21321 339 1620 3310 14661 22376 24295
21322 4624
21323
21324 10620 10762 11491 12659 22530
21325
21326
21327
21328
21329
21330
21331
21332
21333 18579 20215
21334
21335
21336
21337
21338
21339 20543 24439
21340 8428 10637
21341 16006 21491 25569
21342
21343
21344 11009 11721 12151 15221 22990
21345
21346
21347
21348
21349
21350
21351
21352
21353
21354
21355
21356
21357
21358
21359
21360
21361
21362
21363
21364
21365
21366
21367
21368
21369
21370
21371
21372
21373
21374
21375
21376
21377
21378
21379 950 1653 5639 6056 6934 7087 8768 9755 11015 15580 16389 16414 17289 19423 20116 20478 21281 21491 22917 23038 23051 24023
21380
21381
21382
21383
21384
21385
21386 187 1821
21387
21388
21389 11077 17158 17162 17403 23918
21390 16338
21391 16056 25378
21392
21393
21394
21395
21396
21397
21398
21399
21400
21401 380 2912 19996 20078
21402
21403
21404 17149 25089
21405
21406
21407 3561 9616 10113 15614 16210 17172
21408
21409 9325 10496 11372 11379 17764 22018
21410
21411
21412
21413
21414
21415
21416
21417
21418
21419
21420
21421
21422
21423
21424
21425
21426
21427
21428
21429
21430
21431
21432 1234 3909 4466 8505 8968 13929 16357 19179 20116 20148 21491 22691 22834 22899 23452 25053 25271 25710
21433 9629 25783
21434
21435
21436 12266 15678 17134 22815 23114 23146 23488 23915 25575
21437
21438 9710
21439
21440
21441
21442
21443
21444
21445
21446
21447
21448
21449
21450 8925 11631 16505 23786 25534
21451
21452
21453
21454
21455
21456
21457
21458
21459
21460
21461
21462
21463
21464
21465
21466 4143 5216 10807 14093 17290 20155
21467
21468 4814 6064 9439
21469 11821 16368 23503
21470
21471
21472
21473
21474
21475
21476
21477
21478
21479
21480
21481
21482
21483
21484
21485
21486
21487
21488
21489
21490
21491 3909 4068 7522 7689 8968 9907 9944 13929 16006 16210 16389 16414 17086 19179 20478 21341 21379 21432 23552 25569
21492
21493
21494
21495 4242 5807 8222 11416 23907
21496
21497 10711 13276 18758
21498
21499
21500
21501
21502
21503
21504
21505
21506
21507
21508 45 46 570 773 1653 2212 2560 2741 2952 3372 4146 4164 4511 4513 4632 6179 6610 6830 6944 7533 7956 8879 9482 9785 10926 11053 11175 11241 11472 12365 12496 12553 12660 12781 12851 13164 13411 14372 14512 14540 14807 15003 15552 15659 16594 17655 17692 18668 18866 18894 19423 19961 20108 20562 20635 20774 21012 21281 21847 22691 22887 23293 23403 24955 25346 25758 26178
21509
21510
21511
21512
21513
21514
21515 7916 21523
21516
21517
21518
21519
21520
21521
21522
21523 7916 21515
21524
21525
21526
21527
21528
21529
21530 5059 13485
21531 1656 5828
21532
21533
21534
21535
21536
21537
21538
21539
21540
21541
21542
21543 1327 2710 6738 10825 20100 23647 25863
21544 3243
21545
21546 25537
21547 15244 20567 24718
21548 6675
21549 13931 21608
21550 11861 24220 25553 25554
21551
21552
21553
21554 19890
21555
21556
21557
21558 1028 19683 22744
21559
21560 8254 19890
21561
21562 3048 11109
21563 9829 18905
21564
21565
21566
21567
21568
21569
21570
21571
21572
21573
21574
21575
21576
21577
21578
21579 373
21580
21581
21582
21583 6774 9732 16115 17655
21584 12032 12599
21585
21586
21587 14615 17266 24559
21588 25486
21589
21590
21591
21592 3501 9968 14652
21593 22325
21594 10445
21595
21596 2332 18544
21597
21598
21599
21600
21601
21602
21603
21604
21605
21606
21607
21608 5444 10096 11733 11734 13931 16429 17285 21549 25615
21609
21610
21611
21612
21613 11444 15617 16589
21614 5901 13801
21615 23896
21616
21617
21618
21619
21620
21621 93 12787 17343 18066 20328 24877
21622
21623 22605
21624
21625
21626
21627
21628
21629 1488 3076 6512 7444 12968 20574 25209
21630 6963 16694
21631
21632
21633
21634 25286
21635 1600 14020
21636
21637
21638 1217 1611 23233
21639
21640
21641
21642
21643
21644
21645
21646 9184 10555 11591 15479 16921 17559 20207 20373 25034
21647
21648
21649
21650 364 3292 10391 16056 16506 22336 23708
21651
21652
21653 3323 13190 18331
21654
21655
21656
21657 10597
21658 22203
21659
21660 22224
21661
21662
21663 14020 22203
21664
21665 5441 10623 10762 12659
21666
21667
21668
21669
21670
21671
21672
21673
21674
21675
21676
21677
21678
21679
21680
21681
21682
21683
21684 22719 22720 24169
21685
21686
21687
21688
21689
21690
21691
21692
21693
21694
21695 855 4261 6503 7772
21696 6427 25854
21697 12689 17560 25116
21698
21699 13556 17778 25382
21700
21701
21702
21703
21704
21705 4241 14123 14534
21706
21707 12860 18487 25271
21708 1217 2165 14430
21709
21710 8669 9038 12213 13558 22318 24888
21711
21712 12743 17746
21713 14770 25470
21714
21715
21716
21717
21718 2607 9450 11801 20003 22290 24330
21719
21720
21721
21722
21723 7007 11113 17681 23836 25050
21724
21725
21726
21727 4952 5125
21728
21729
21730
21731
21732
21733
21734
21735
21736
21737
21738
21739
21740
21741
21742
21743
21744
21745
21746
21747
21748
21749
21750
21751
21752
21753
21754 1519 4525 8768 9937 10490 10588 11275 16123 16414 23038 24270 25435
21755 19877
21756
21757
21758
21759
21760
21761
21762
21763
21764
21765
21766
21767
21768
21769
21770
21771 2559 4241 5543 5767 10931 13813 24097
21772 10895 14067 21100
21773
21774
21775
21776 2654 9710 16994 17932 19159
21777 11293 22108
21778 13683 21203 26065
21779 5184 8643 12491
21780
21781
21782
21783
21784
21785
21786
21787
21788
21789
21790
21791
21792
21793
21794
21795
21796
21797
21798 1859 3618 4416 14709 15192 17603 20850 24293
21799 11557 18145
21800 676 11785 12365 17655
21801
21802
21803
21804
21805
21806 1817 3725 5366 12478 15911 24833
21807
21808 2784 5425 16109
21809 15609
21810
21811 715 22645
21812
21813
21814 22269 24489
21815 593 1008 2185 11824 12066 12627 20808 23896
21816 10467 13175
21817
21818
21819
21820
21821 22719
21822
21823 1044 8774 10435
21824 5067 6907 9025 13649 15683 19923 20664 22527 25289 25359
21825 2144 2774 3055 3652 3655 3766 3814 6388 6583 7096 9249 12051 12423 12885 14808 15173 15189 15999 18942 19705 20250 21030 25108
21826
21827
21828
21829
21830 8807 21177 22074
21831 214 3113 19161
21832 2249 5957 6077 6611 8672 12118 19955 24814
21833
21834
21835
21836
21837
21838
21839
21840
21841
21842
21843
21844
21845
21846
21847 45 46 570 773 1653 1997 2212 2741 2952 3372 4164 4511 4513 6179 6610 6830 7956 8879 9341 9785 11241 11472 12365 12496 12781 12851 13060 14540 14807 15003 15659 17655 17692 18894 19423 19961 20108 20562 20635 21012 21281 21508 22691 22887 23293 24955 25346 25758
21848 832 3387 4703 7447 9764 10117 14340 14370 15006 16231 16590 16730 19957 22320 22423
21849
21850
21851
21852
21853 2526 6857 8593 17923 18122
21854
21855
21856
21857
21858 1194
21859
21860 2654 8261 8823 11464 17997 20532 20662 22837
21861 3651 3877 4354 5412 6544 7357 7719 9397 10477 11445 12788 18185 19246 19463 20716 20780 22284 22601 22741 23514
21862
21863
21864 3839 4284 9643
21865
21866 14265
21867
21868
21869
21870
21871
21872
21873
21874
21875
21876
21877
21878
21879
21880
21881
21882
21883
21884
21885
21886
21887
21888
21889
21890
21891
21892
21893
21894
21895
21896
21897
21898
21899
21900
21901
21902
21903
21904
21905
21906
21907
21908
21909
21910 260 2511 2558 10986 13318 13989 14051 14414 15538 19865 22119
21911
21912
21913
21914
21915
21916
21917
21918
21919
21920
21921
21922
21923
21924
21925
21926
21927 6626 10805 25069 25628
21928 2475 12135 24765
21929 17208 22366
21930 4575 4782 15582 17472 19707 19992 24835
21931 3231 4705 4773 6411 8261 8549 8823 9639 16352 19808 19870
21932
21933
21934
21935
21936
21937
21938
21939
21940
21941
21942
21943 352 1674 3323 13191 13520 14599 15850 17228 17559 18331 20533 22603 23513
21944 7307 9017 12324 13831
21945
21946
21947
21948
21949 18194
21950
21951
21952
21953
21954
21955
21956
21957
21958
21959
21960
21961
21962
21963
21964
21965
21966
21967
21968 7307 9017 12472 13831 15198 15455 16770 17038 18067 18297 18788 19781 24578
21969
21970
21971
21972
21973
21974
21975
21976
21977
21978
21979
21980
21981
21982
21983
21984
21985
21986
21987
21988
21989
21990
21991
21992
21993
21994 4068 6190 7042 9269 9943 10113 10656 11002 11403 11629 11951 13929 20106 20129 23092 24060 25610
21995 3164 13364
21996
21997
21998 2516 10923 11583 19964
21999
22000 25136
22001
22002
22003
22004
22005
22006
22007
22008
22009
22010
22011
22012
22013
22014
22015
22016
22017
22018 1172 3265 10496 11372 11400 17764 21409 25660
22019
22020
22021 8811
22022
22023 15770
22024
22025
22026
22027
22028 491 5739 7882 13328 13970
22029
22030
22031 21220
22032 1151 2410 3843 6301 6823 15414 17385 18743 22903 23674 24294 24706 25998
22033
22034
22035
22036
22037
22038
22039
22040
22041
22042
22043
22044
22045
22046 3561 4868 4870 5175 7007 8282 8352 10456 15365 16931 18875
22047
22048 4425 13387
22049
22050
22051 299 14616 17817 18746 22075
22052
22053
22054
22055
22056
22057
22058
22059
22060
22061
22062
22063
22064
22065
22066
22067
22068
22069
22070
22071
22072
22073
22074 1545 2200 7007 8807 10130 11032 14265 17729 20052 21830
22075 299 22051
22076
22077
22078
22079
22080
22081
22082 3561 4697 5695 5901 19527
22083 7524 8721 10532 15005 15372 16022 18685
22084
22085
22086
22087 11461 18208 22839
22088 22224
22089
22090
22091
22092
22093
22094
22095
22096
22097
22098
22099
22100 65 358 2394 3006 13056 14834 15821 19791 24696
22101
22102
22103
22104
22105 22876 25378
22106
22107
22108 6808 7802 11293 21777 23555
22109 4967 18208
22110 5231
22111
22112
22113
22114
22115
22116
22117
22118
22119 3953 13196 21910
22120
22121
22122
22123
22124
22125
22126
22127
22128
22129 11522 12235 25387
22130
22131
22132
22133
22134
22135
22136
22137
22138
22139
22140
22141
22142
22143
22144 2459 3430 5901 6380 7578 12874 13801 17655 18215 21125 22879
22145
22146
22147 1588 12545 12884 17825 17984 23805
22148
22149 18365
22150
22151
22152
22153
22154
22155
22156
22157
22158
22159
22160
22161
22162
22163
22164
22165
22166
22167
22168
22169
22170
22171
22172
22173
22174
22175
22176
22177 1425 2501 2823 5136 5564 7105 7317 9127 13556 14485 14615 15552 17089 18001 19454 22644 22758 23841 24199 25286 25480
22178
22179
22180
22181
22182
22183
22184 953 2710 3909 5194 5993 16148 17794
22185
22186
22187
22188 9943 11630 12268 13929 16006 16357 22811 23110
22189 13929 23509
22190 7885
22191
22192
22193
22194
22195
22196
22197 2449 18453 20100 20236
22198
22199 14149
22200
22201
22202
22203 21658 21663 23490
22204
22205
22206
22207
22208
22209
22210
22211
22212
22213
22214
22215
22216
22217
22218
22219
22220
22221
22222
22223
22224 4641 13520 17937 21660 22088
22225 6264 7985
22226
22227
22228
22229
22230
22231
22232
22233 12612 14843 18193 18256 18337 19208 20569
22234
22235 778 1048 1278
22236
22237
22238
22239 12369 16469
22240
22241
22242 1217 2165 6033 12491 13384 14165 15435 23233 24506 24595
22243
22244 6878
22245 15144
22246 244 14952 16900
22247
22248
22249
22250
22251
22252
22253 4128 16703
22254 14316
22255
22256
22257
22258
22259
22260
22261
22262
22263
22264
22265 3037 4624 9712 10726 10801 16482 17990 19146 22336 22699 23151
22266
22267
22268
22269 676 17655 21814 24489
22270
22271
22272
22273
22274
22275 1658 2926 6023 6264 13624 19682
22276
22277
22278 2072 15258 19657
22279
22280
22281
22282
22283 15824
22284 3651 3877 4354 5412 6544 7357 7719 9397 10477 11445 12788 18185 19246 19463 20716 20780 21861 22601 22741 23514
22285 11502
22286
22287
22288
22289
22290 11801 21718
22291
22292
22293
22294
22295
22296
22297
22298
22299 6010 17501 21199 22309
22300
22301
22302
22303
22304
22305
22306
22307
22308
22309 8087 17501 22299
22310
22311 20084
22312 20150 25226
22313
22314
22315
22316
22317
22318 8669 9038 12213 13558 21710 24888
22319 8153 15182 16728 23424
22320 832 3387 4703 7447 9764 10117 14340 14370 15006 16231 16590 16730 19957 21848 22423
22321 941 3386 13712 16727 23151 23383 25442
22322
22323
22324 1293 2621 2623 3283 3812 3820 3824 4834 5131 6222 6456 6525 6868 7525 7650 8448 9433 12802 13482 13526 14157 14373 15148 17600 17819 17823 17824 18000 18444 22901 24474 24479 24615 26039
22325 21593
22326
22327
22328
22329
22330
22331
22332
22333
22334
22335
22336 4624 10762 12040 14351 16506 17249 21650 22265 22502 23708 24110
22337
22338
22339
22340
22341
22342
22343
22344
22345
22346
22347
22348
22349
22350
22351
22352
22353
22354
22355
22356
22357
22358
22359
22360
22361
22362
22363
22364
22365
22366 195 2368 6094 8224 11275 11696 12884 13276 17208 18140 18453 18511 18778 19168 20100 20119 21929 23805 25698
22367
22368
22369 3231 4773 6411 8261 8823 9639 11464 16352 17997 19870 20532
22370
22371 14638
22372 11785 19954
22373
22374
22375 7093 8000 24097
22376 339 3310 21321 24295
22377 8732 14746 16659
22378 2762
22379 13989 20315
22380
22381 9579
22382 15998
22383
22384
22385
22386
22387
22388
22389
22390
22391
22392
22393 3909 5346 7689 15159 17979
22394 4023 20647
22395 4141 9267 13859
22396
22397
22398
22399
22400
22401
22402
22403
22404 9026 12252
22405
22406
22407
22408
22409
22410
22411
22412
22413
22414
22415 899 2449 3032 3310 4766 5143 5175 9735 16148 17396 25271 26138
22416
22417
22418
22419
22420
22421 869 2404 3618 14709 14807 21012
22422
22423 832 3387 4703 7447 9764 10117 14340 14370 15006 16032 16231 16590 16730 19957 21848 22320
22424
22425
22426 2771 5655 7689 13619 17626 18585
22427
22428 9962
22429
22430
22431
22432
22433 10719 11034 18764
22434
22435 5406
22436 9504 25215
22437
22438
22439 3345 9710 19107
22440
22441
22442
22443
22444
22445
22446
22447
22448
22449
22450
22451
22452
22453
22454
22455
22456
22457 231 676 2307 2980 3066 5434 5578 6056 6774 6934 7991 8049 8116 8517 10243 10549 11609 11785 11868 15384 15538 16032 16946 17612 17655 19423 21012 22691 22937 23452
22458
22459
22460
22461
22462 140 2165 16278 24705
22463 10062 12406 16102 16270
22464 1829 19675 23614
22465
22466 8823 10500 17546 25159
22467
22468
22469
22470
22471
22472
22473
22474
22475
22476 4550 13096 13740 16389 20478 23038 25006
22477
22478
22479
22480
22481
22482
22483 4775 7095 8710 9138 9432 9522 20229 20230
22484
22485
22486
22487 13664 25891
22488
22489 9769 13801 14932
22490
22491
22492
22493 853 5695 5901 9092 15175 19810 23614
22494
22495
22496
22497 6700 10550 23907 25080
22498
22499
22500
22501
22502 2352 22336 23708
22503 8511 16647
22504 88 1995 2338 2530 2535 4755 5210 6340 6512 7197 7635 8727 9656 9869 10350 12507 12710 14766 15010 15244 15245 15457 15933 16654 17807 18225 19446 19645 19939 20574 20576 23712 24718
22505
22506
22507 1958 9216 24696
22508
22509
22510
22511
22512
22513
22514
22515
22516
22517
22518
22519
22520
22521
22522
22523 3501 3594 6154 7725 10024 12453 14165 14430 15435 23713
22524
22525
22526
22527 3719 5067 6610 6907 8045 8072 8375 8823 9025 9639 9643 9785 13649 15683 15784 19545 19640 19870 19923 20532 20664 21824 25060 25289 25359
22528 1941 7350
22529
22530 10620 21324
22531
22532
22533
22534
22535
22536
22537
22538
22539
22540
22541
22542
22543
22544
22545
22546
22547
22548
22549
22550
22551
22552
22553
22554
22555 2536 2870 5830 7801 9207 10991 12654 16041 17306 19924 20391 20892 24753
22556 2661 24845
22557
22558
22559
22560
22561
22562
22563
22564
22565
22566
22567
22568
22569
22570
22571
22572
22573
22574 2385 5636 7504 10956 11602 12212 17988 20616 20783
22575
22576
22577 24412 25440
22578
22579
22580
22581
22582
22583
22584
22585
22586
22587
22588
22589
22590
22591
22592
22593
22594
22595
22596
22597
22598 888 1520 6468 6627 7007 7350 7712 8862 9572 10711 13614 14102 18365 18517 18676 23351 23689 24114
22599 5464 7774
22600
22601 185 215 351 1074 1858 3651 3877 3939 4354 4512 5412 6544 6892 7357 7719 8280 9397 10477 11445 12788 14542 17751 18095 18143 18185 18649 18943 19246 19463 19573 20716 20780 21861 22284 22741 22793 23514
22602
22603 17228 21943
22604
22605 21623
22606
22607
22608
22609 3032 6732 13955
22610 1728 5656 8045 18488
22611 9710 19107
22612
22613
22614
22615
22616
22617
22618 22 25043 25829 25849
22619
22620 1488 17501
22621 12130 13929 23110
22622
22623
22624
22625
22626
22627
22628
22629
22630
22631
22632
22633
22634
22635
22636
22637
22638
22639
22640
22641
22642
22643
22644 1000 4575 8047 9241 14952 16953 16994 18940 20191 22177 24924 25934
22645 21811
22646
22647
22648
22649
22650
22651
22652
22653
22654
22655
22656
22657
22658
22659
22660
22661
22662
22663
22664
22665
22666
22667
22668
22669
22670
22671
22672
22673
22674
22675
22676
22677
22678
22679
22680
22681
22682
22683
22684
22685
22686
22687
22688
22689
22690
22691 45 231 345 570 773 1234 1653 1997 2212 2741 2952 2980 2982 3372 4036 4115 4164 4513 5134 6179 6610 6774 6830 7956 8049 8879 9341 9785 10243 11241 11472 12365 12496 12503 12781 12851 12938 13032 13060 13364 14540 14807 15003 15538 15659 17655 17692 18719 18866 18894 19215 19423 19961 20108 20562 20635 21012 21281 21432 21508 21847 22457 22726 22834 22887 22966 23293 23452 23511 23628 24955 25053 25271 25346 25528 25758 25836
22692 15688
22693 12130 16006 23920
22694
22695
22696 8768 16414
22697
22698
22699 4068 10801 19146 20148 22265 25698
22700
22701
22702
22703
22704
22705
22706
22707
22708
22709
22710
22711
22712
22713
22714
22715
22716
22717
22718
22719 21684 21821 22720 24169
22720 21684 22719
22721 10381 12842 25916
22722 5901 9066
22723
22724
22725 3052 5605 6711 16232
22726 12938 22691 25836
22727 8641 19922
22728 19161
22729 14338
22730 5211 11028 21171
22731
22732
22733
22734 894 5441 10762
22735
22736
22737
22738 8128 10996 24126
22739
22740
22741 3651 3877 4354 5412 6544 7357 7719 9397 10477 11445 12788 18185 19246 19463 20716 20780 21861 22284 22601 23514
22742
22743
22744 1028 19683 21558
22745
22746 16177 21100
22747
22748 6943 8774
22749
22750
22751
22752
22753
22754
22755
22756
22757
22758 2501 5555 5564 7125 7317 14485 20683 22177 24126 25419 25480
22759
22760
22761
22762
22763
22764
22765 9360 18592
22766 1549 8349 23168
22767
22768
22769
22770 15108
22771 7264
22772
22773
22774
22775
22776
22777
22778 6638 9075 10711 10762 13276 13282 13614 18517 23351 23943
22779 824 2133 4846 6610 6700 11082 12928 14419 17330 18487 23382
22780
22781
22782
22783
22784
22785
22786
22787
22788
22789
22790 3197 10062 14924 16994 17911 18940 23681 23727
22791 1620 7689
22792
22793 185 215 351 1074 1858 3939 4512 6892 8280 14542 17751 18095 18143 18649 18943 19573 22601
22794
22795
22796
22797
22798 1278 6218 6610 7007 16743 25996
22799
22800
22801
22802
22803
22804
22805
22806 14286 14809 22951 22953 23950
22807
22808
22809
22810
22811 13929 22188
22812
22813
22814
22815 12266 15678 17134 21436 23114 23146 23488 23915 25575 25710
22816 18608
22817
22818
22819
22820
22821
22822
22823
22824
22825
22826 6804 13520 16498 17599 19442
22827 5256 5257
22828
22829
22830 3772 10381
22831 543 15160 19325
22832 1941 7350
22833
22834 3293 21432 22691 23452 25053 25271
22835
22836 10912 11638 14123
22837 8261 8823 11464 17997 20532 20662 21860
22838
22839 11461 18208 22087
22840
22841
22842
22843
22844
22845
22846
22847
22848 1727 6878
22849
22850
22851
22852
22853
22854
22855
22856
22857
22858
22859
22860
22861
22862
22863
22864
22865
22866
22867
22868
22869
22870
22871
22872
22873
22874
22875
22876 449 11712 12491 12547 13384 14079 15066 15829 17248 21032 22105 25181 25911
22877
22878
22879 18215 19051 20940 21125 22144
22880
22881
22882
22883
22884
22885
22886
22887 45 46 570 773 1653 2212 2741 2952 3372 4164 4511 4513 6179 6610 6830 7956 8879 9785 10041 11241 11472 12365 12496 12781 12851 14540 14807 15003 15659 17655 17692 18894 19423 19961 20108 20562 20635 20716 21012 21281 21508 21847 22691 23293 24955 25346 25758
22888 8069
22889
22890 4896 12043 13832
22891 25
22892
22893
22894 2239 4125
22895
22896
22897
22898
22899 13929 14093 20148 21432 23552
22900 9572
22901 1293 2621 2623 3283 3812 3820 3824 4834 5131 6222 6456 6525 6868 7525 7650 8448 9433 12802 13482 13526 14157 14373 15148 17600 17819 17823 17824 18000 18444 22324 24474 24479 24615 26039
22902
22903 1151 2410 3843 4488 6301 6823 13404 15414 17385 18743 22032 23674 24294 24706 25998
22904
22905
22906
22907
22908
22909
22910
22911
22912
22913
22914
22915
22916
22917 193 10819 14286 15580 17131 17439 20478 21379 22951 23038 23114
22918
22919
22920 188 17461
22921
22922
22923
22924
22925
22926
22927 14894
22928
22929 7087
22930
22931
22932
22933
22934
22935
22936
22937 231 1186 1841 2741 2980 3409 4975 5578 6774 9482 12503 13597 16611 17655 18543 21012 22457 23363
22938 16015
22939
22940
22941
22942
22943
22944
22945
22946
22947
22948
22949
22950
22951 11077 12130 14286 22806 22917 22953 23950 25589
22952
22953 22806 22951
22954 3953 15568 17163
22955
22956
22957
22958
22959
22960
22961 7477 19257
22962
22963
22964 4793 16543 16563
22965
22966 12938 13364 22691 25836
22967
22968
22969
22970
22971
22972
22973
22974
22975 8768 13929 15669 23552 25562
22976 17750
22977
22978
22979 1588 10652 13801 23967
22980 12307 14175
22981
22982
22983
22984
22985
22986
22987
22988
22989 811 10871 15066 19517 25378
22990 11009 21344
22991
22992
22993 7087
22994
22995
22996
22997
22998
22999
23000
23001
23002
23003
23004
23005
23006
23007
23008
23009
23010
23011
23012
23013
23014
23015
23016
23017
23018
23019
23020
23021
23022
23023
23024
23025
23026
23027
23028
23029
23030
23031
23032
23033
23034
23035
23036
23037
23038 193 4068 7383 7522 8715 8768 9255 9306 9937 9993 10096 10819 11231 12149 12654 13276 15580 15917 16389 16414 18790 20129 20478 21379 21754 22476 22917 23114 23382 24270 24559 25572 25582
23039
23040
23041
23042
23043
23044
23045
23046
23047
23048
23049
23050
23051 950 2443 8116 8184 9993 14369 16389 21379
23052
23053
23054
23055
23056
23057
23058
23059
23060
23061
23062
23063 9616 11733
23064 5601
23065
23066 3765 14500 17918
23067
23068 1660 3377 25631 25678
23069
23070
23071
23072
23073
23074
23075
23076
23077
23078
23079
23080
23081
23082
23083
23084 12387 19520 19931 23553 23554
23085
23086
23087
23088
23089
23090
23091
23092 16429 20129 21994
23093 7045 7046 14710 15682 16415 17157
23094 2561
23095 1653 17875 21281
23096 3872
23097
23098
23099 4624 15770
23100
23101
23102
23103
23104
23105
23106
23107 1000 6963 8045 8374 11964 16694 17465 19865 23939
23108
23109
23110 9943 12130 12268 13929 16006 16357 22188 22621
23111
23112
23113
23114 193 7038 10819 12266 15678 17134 21436 22815 22917 23038 23488 23915 25575 26065
23115
23116
23117
23118
23119
23120
23121
23122
23123
23124
23125
23126
23127
23128
23129
23130
23131
23132
23133
23134 3006 4283 4442 5695 5901 5953 6408 7935 9735 10588 13142 15311 16159 17859 18208 19204 19493 19657 23149 23204 25896
23135 16899
23136
23137 13469 16101
23138 1896
23139
23140
23141
23142
23143
23144
23145 615 3890 9306
23146 12266 15678 17134 21436 22815 23488 23915 25575
23147
23148
23149 5953 13801 19493 23134
23150
23151 941 3386 10726 13712 16482 16727 22265 22321 23383 25442
23152
23153 3651 17379
23154 1556
23155
23156 11215
23157
23158
23159
23160
23161 24 2826 3858 19517
23162
23163 1877 2042 16967
23164
23165
23166
23167 3388 3818 6735
23168 1549 8349 22766
23169
23170
23171
23172
23173
23174
23175 21206 25662
23176
23177
23178
23179
23180
23181
23182
23183
23184
23185
23186 1310 3593 5346 7926 9124 25931
23187
23188
23189
23190
23191
23192
23193
23194
23195
23196
23197
23198
23199
23200
23201
23202
23203
23204 2001 3633 7935 8680 9184 17559 19204 19206 20344 20373 23134 25034
23205
23206 13677 18288
23207
23208
23209
23210
23211
23212
23213
23214 5346 6513 17275 25138
23215 17178 21024
23216 2826 8857 12235
23217
23218
23219 5519 23809
23220
23221
23222
23223
23224 5993 6524 13036
23225 1877 2042 19710
23226 1092
23227 7768
23228
23229
23230
23231
23232
23233 1217 1611 2165 6033 12491 13384 21638 22242
23234
23235
23236
23237
23238
23239
23240 4727
23241 1023 1563 2457 3534 4364 5065 6271 6387 14379 15145 15562 15708 15714 15805 17580 17584 18396 18952 19677 24616 24819
23242
23243
23244
23245
23246 4814 6064 8161 9439 10762 19109
23247
23248 14834
23249
23250
23251
23252
23253
23254
23255
23256 1090 7307 13142 14319 20879
23257
23258
23259
23260
23261
23262
23263
23264 17075
23265
23266 11442 23485
23267 7895
23268
23269
23270
23271
23272
23273
23274
23275
23276
23277
23278
23279
23280
23281
23282
23283
23284
23285
23286
23287
23288
23289
23290
23291
23292
23293 45 46 570 773 934 1653 2212 2741 2952 3372 3595 4164 4511 4513 6179 6610 6700 6830 7956 8879 9572 9785 11241 11472 12365 12496 12781 12851 14540 14807 15003 15659 16032 17655 17692 18174 18894 19423 19961 20108 20562 20635 20644 21012 21281 21508 21847 22691 22887 24955 25080 25346 25758
23294
23295
23296
23297 2287 2622 20217 23836 25436
23298 5346 9124
23299 5564
23300 65 357 11609 24960
23301
23302 8365 9017 14746
23303 4656 18196 24841
23304 3345
23305
23306 13144 15413 17116 19741
23307
23308
23309
23310
23311
23312
23313
23314
23315
23316
23317
23318
23319
23320
23321
23322
23323
23324
23325
23326
23327
23328
23329
23330
23331
23332
23333
23334
23335
23336
23337
23338
23339
23340
23341
23342
23343
23344 1000 10956 13008 14485 15931 16101 19865 20089 25358
23345
23346 7712
23347
23348
23349
23350
23351 888 1520 7007 7712 13614 18517 22598 22778 23943
23352
23353
23354
23355 449 2143 25180
23356
23357
23358
23359
23360
23361
23362
23363 178 231 2741 2980 9482 9800 12701 18879 21012 22937
23364
23365
23366
23367
23368
23369
23370
23371
23372
23373
23374
23375
23376
23377
23378
23379
23380
23381
23382 824 2133 2654 2661 4743 4846 6610 6700 7899 8067 8208 9755 11082 11132 11402 12928 12980 13364 14419 14969 16389 17330 18109 18365 18487 20478 22779 23038 24845 25379
23383 941 3386 13712 16727 22321 23151 25442
23384
23385 8701
23386
23387 6700 18487
23388
23389
23390
23391
23392
23393
23394 10600 13493 13496 18791 23653 23665
23395
23396
23397
23398
23399
23400
23401
23402
23403 3280 5510 7844 11053 12365 12781 13411 18866 20391 20774 21508
23404
23405
23406
23407
23408
23409 4952 17843
23410
23411
23412 13801
23413
23414
23415
23416 3074
23417 15171 15305 17864 21195
23418 18684
23419 24097
23420 12101
23421
23422
23423 12286 12296 19890 21287 23441
23424 8153 15182 16728 22319
23425
23426
23427
23428
23429 4781 17038 19697 20033
23430
23431
23432
23433
23434
23435
23436
23437
23438
23439
23440
23441 6421 7264 8224 11182 11696 11801 12286 13276 19489 21287 23423
23442
23443
23444
23445
23446
23447
23448
23449
23450
23451
23452 231 345 773 1234 2980 3372 5134 6774 8049 10243 12503 14807 15538 19423 21012 21432 22457 22691 22834 23628 25053 25271
23453
23454 491
23455
23456
23457
23458 748 17953 19297 24924
23459
23460
23461 3297 5667 14770
23462 6666
23463
23464 2596 6666 25644
23465 598
23466
23467
23468
23469
23470 3839 3955 10532 13220 16674 24148
23471 11009 20157
23472
23473
23474 19909 24765
23475
23476 6737 8526 20765
23477 8666 9241
23478
23479
23480 23652
23481 8612 9482 11175 15003 15552
23482
23483
23484
23485 811 9964 11442 23266 23751 25469
23486
23487
23488 12266 15678 17134 21436 22815 23114 23146 23915 25575
23489
23490 18379 22203
23491
23492 14157 19443 24708
23493
23494
23495
23496
23497
23498
23499
23500
23501
23502
23503 6724 11821 11944 16368 16429 17392 21469 25784
23504
23505
23506 3431 6264 7985 18314 18370
23507
23508
23509 13929 20116 22189
23510
23511 4115 12938 22691 25836
23512
23513 352 17228 20533 21943
23514 3651 3877 4354 5412 6544 7357 7719 9397 10477 11445 12788 18185 19246 19463 20716 20780 21861 22284 22601 22741
23515
23516
23517
23518
23519
23520
23521
23522
23523
23524
23525
23526
23527
23528
23529 281 1059 10791 11125 17884 20536 20538 23805 24032
23530 3750 14149 19560
23531
23532
23533
23534
23535
23536
23537
23538
23539
23540
23541
23542
23543
23544
23545
23546
23547
23548
23549
23550
23551
23552 8768 9907 13929 14093 15209 15669 16495 17086 21491 22899 22975 23805 25557 25562
23553 23084
23554 19520 23084
23555 6808 7802 11293 22108
23556
23557
23558 5529 10711 10942 17359
23559 5172 5435 18757
23560
23561
23562
23563
23564
23565
23566
23567
23568
23569
23570
23571
23572
23573
23574
23575
23576 580 6431 19640 24199
23577 624 3731 5407 9099 15184 19640 23649 24293 25201
23578
23579
23580
23581
23582
23583
23584
23585
23586
23587
23588
23589
23590
23591
23592
23593
23594
23595
23596
23597
23598
23599
23600
23601
23602
23603
23604
23605
23606
23607
23608
23609
23610
23611
23612
23613
23614 179 543 547 1829 1958 1982 3178 3386 3501 4458 4989 5848 8387 9092 12453 13096 18125 18870 19675 20062 20827 22464 22493 23693 24833 25204
23615
23616 19781
23617
23618
23619
23620 1606 6264 7985 11107
23621 11623
23622 10801
23623 4379 8471
23624
23625
23626
23627
23628 773 3372 14807 21012 22691 23452
23629
23630
23631
23632
23633
23634
23635
23636
23637 1093 3059 7459 7689 9572 9649 10251 16310 17626 25903
23638
23639
23640
23641
23642
23643
23644
23645
23646
23647 2710 2846 5555 5787 6828 7459 7926 9572 10942 14485 21543 25319
23648 18415
23649 624 3731 5407 9099 15184 19640 23577 24293 25201
23650
23651
23652 23480
23653 23394
23654
23655
23656
23657
23658
23659
23660
23661
23662
23663
23664
23665 6158 8365 9017 10600 13493 13496 15455 17075 18788 18791 23394 24722
23666
23667
23668
23669
23670
23671
23672 1976
23673 7475 15300
23674 1151 2410 3843 6301 6823 15414 17385 18743 22032 22903 24294 24706 25998
23675
23676
23677
23678
23679
23680
23681 13801 14932 15325 17911 22790 26127
23682
23683 11152 15616 18208
23684
23685
23686 20618
23687 10936
23688
23689 6627 18676 22598
23690
23691
23692
23693 543 1958 2193 5812 16976 20853 23614 24833 26196
23694
23695
23696
23697
23698
23699
23700
23701
23702
23703
23704
23705
23706
23707
23708 205 2501 2710 10762 12389 13190 13614 14351 14485 15718 16148 16506 21650 22336 22502 24110
23709
23710 6350 8372 11823 13628
23711
23712 88 1995 2338 2530 2535 4755 5210 6340 6512 7197 7444 7635 8727 9656 9869 10350 12507 12710 14766 15010 15244 15245 15457 15933 16654 17807 18225 19446 19645 19939 20574 20576 22504 24718
23713 3501 3594 12453 22523
23714 639 15846
23715
23716
23717
23718
23719
23720 930 1310 4493 4760 17189 25931
23721 14265 17156 19525
23722
23723 1058 1667 5712 14661 15244 19433 19562 24477
23724
23725
23726
23727 22790
23728
23729
23730 4033 17194 20782
23731
23732
23733
23734
23735
23736
23737
23738
23739
23740
23741 1488 13801 14403 14932 23967
23742
23743
23744
23745
23746
23747
23748
23749
23750
23751 62 9964 23485 25469
23752
23753
23754
23755
23756
23757 830 16802
23758 9017 18875
23759 15208
23760 19145
23761
23762
23763
23764
23765
23766
23767
23768
23769
23770 3312 8408 9572 10711 11493 11696 13276 13346 19974 24753
23771 4144 18596
23772 735
23773
23774
23775 11012 25089
23776 8708
23777
23778
23779
23780
23781
23782
23783
23784
23785
23786 21450 25534
23787
23788
23789
23790
23791
23792
23793
23794
23795
23796
23797
23798
23799
23800
23801
23802
23803
23804
23805 1588 13929 15685 17984 18540 22147 22366 23529 23552 24592 25562 25698
23806 4068 13929 16414
23807
23808
23809 5519 17818 19697 23219
23810 16235 25582
23811 4038 7058
23812 19473
23813
23814
23815
23816
23817
23818
23819
23820
23821
23822
23823
23824
23825
23826
23827
23828
23829
23830
23831
23832
23833
23834
23835
23836 4290 5287 5597 8200 8854 11113 12302 14308 17273 20787 21017 21723 23297 23841 25050
23837
23838
23839
23840
23841 1425 5597 5601 6183 7105 8854 15552 22177 23836 25286
23842
23843
23844
23845
23846
23847
23848
23849
23850
23851
23852
23853
23854
23855 546 4013 8641 10310 16640 19922 26038 26098
23856 24451
23857
23858 2142 13283 20924 24601
23859 11426
23860
23861
23862
23863 4952 20062
23864 1265 1839 3502 15126 16389 16881 17828 21281 25910
23865
23866 24183
23867
23868
23869
23870 5485 7449 10801 11902 12040
23871
23872
23873
23874
23875
23876
23877
23878
23879
23880 4624 5302 8198 8916 9188 13010 24057
23881 5577
23882
23883 6807 15974 18408 18782
23884
23885
23886
23887
23888
23889
23890
23891
23892
23893
23894
23895
23896 593 1008 2185 8369 9082 11824 12066 12386 12627 13333 16778 16888 20808 21615 21815
23897
23898
23899
23900
23901 18521 25316
23902
23903
23904
23905
23906
23907 6700 10550 21495 22497 25080
23908
23909 3593
23910 20478
23911
23912 11077 14972 20519
23913
23914
23915 12266 15678 17134 21436 22815 23114 23146 23488 25575
23916 10115
23917
23918 11077 17158 17403 21389
23919
23920 12130 16006 22693
23921
23922
23923
23924
23925
23926
23927
23928
23929
23930
23931
23932
23933
23934
23935
23936
23937
23938
23939 1000 3006 3630 4416 5901 5953 7911 8730 10406 12874 13177 13801 16817 19297 19723 23107 24885
23940
23941
23942
23943 13614 18517 22778 23351
23944 12927
23945 1658 5346 9124
23946 6012 9591 11030 17453 25611
23947
23948
23949
23950 22806 22951
23951
23952
23953
23954
23955
23956
23957
23958
23959
23960
23961
23962
23963
23964
23965
23966
23967 1588 3096 3804 4364 6732 7442 7450 13801 13955 15235 18286 22979 23741 24293 24371
23968 19464 20613
23969
23970 7718 19502
23971
23972
23973
23974
23975
23976
23977
23978
23979
23980
23981
23982
23983
23984
23985
23986 140 10478 16675 17304 18587 19404 24924
23987
23988
23989 19865
23990
23991 3677 12545 18724
23992
23993
23994
23995
23996
23997
23998
23999
24000
24001 231 8589 13142 14924 16994 25228
24002 10600
24003
24004
24005
24006
24007
24008
24009 283 1880 3725 5505 15911 15931 15959 15961 24444
24010
24011
24012
24013
24014
24015
24016
24017
24018
24019
24020
24021
24022
24023 1653 5639 6056 6934 19423 21281 21379 24034 25777
24024
24025
24026
24027
24028
24029 2133 4846 12980 13220 17439
24030
24031
24032 281 23529
24033
24034 6056 16819 24023
24035
24036
24037
24038
24039
24040
24041
24042
24043
24044
24045
24046
24047
24048
24049
24050
24051
24052
24053
24054
24055
24056
24057 1620 1992 3677 5209 5302 7463 8774 10983 12545 12786 12806 13624 13673 14599 15329 15395 17738 18140 19433 19469 23880 25111 25902
24058
24059
24060 16010 16210 21994
24061
24062
24063
24064
24065
24066
24067
24068
24069
24070
24071
24072
24073
24074
24075
24076
24077
24078
24079
24080
24081
24082
24083
24084
24085
24086
24087
24088
24089
24090
24091
24092
24093
24094
24095
24096
24097 2559 5225 5543 7093 8000 17395 18582 21771 22375 23419
24098
24099
24100
24101 205 3716 6575 14497 24385
24102
24103
24104
24105
24106
24107
24108
24109
24110 2501 7383 12118 12389 22336 23708 24814
24111
24112
24113 11801
24114 22598
24115
24116
24117
24118
24119
24120
24121 4211 5392 7541 11876
24122 140
24123
24124
24125
24126 1150 1217 8128 22738 22758 25648
24127 14771
24128 7543 19466
24129 12842
24130
24131
24132
24133 3744 10178
24134
24135
24136
24137
24138
24139
24140 4975
24141 1969 8472
24142
24143
24144
24145
24146
24147
24148 13220 17874 23470
24149 25934
24150
24151
24152 24640
24153
24154
24155
24156
24157
24158
24159 717 4276 17865
24160 24559 25354
24161 5425 16224
24162
24163 9755 14344
24164
24165
24166
24167
24168
24169 21684 22719
24170
24171
24172
24173
24174 3752 4765 14952
24175
24176
24177
24178
24179
24180
24181
24182
24183 2184 3193 4371 11557 15998 23866 26004
24184
24185
24186
24187
24188
24189
24190
24191
24192
24193
24194
24195
24196
24197
24198
24199 1000 12141 19640 22177 23576 25948
24200
24201
24202 2624
24203 18030 26013
24204 6533 8155 13384
24205
24206
24207 1281 3653 10163 12551 17588 18621 25287
24208
24209
24210 510 11502 11903 17612
24211
24212
24213
24214 4116
24215
24216
24217
24218
24219 2255 24835
24220 11861 21550 25553 25554
24221
24222
24223
24224
24225
24226
24227
24228
24229
24230
24231
24232
24233
24234
24235
24236
24237
24238
24239
24240 267 6632 8301 8386 10966 12187 13153 14345
24241
24242 11411
24243
24244
24245
24246
24247
24248 7563 18088
24249
24250 2666 10872
24251 2656 14560
24252 10871
24253
24254
24255
24256
24257
24258
24259
24260
24261
24262
24263
24264
24265
24266
24267
24268
24269
24270 1519 8768 9937 16414 21754 23038 25435
24271 2202 9829 12212 17233
24272 15583 17785
24273
24274
24275
24276
24277
24278
24279
24280 6408 12247 12675
24281
24282
24283
24284
24285
24286
24287
24288
24289
24290
24291
24292
24293 624 676 2049 3731 4846 5385 5407 9099 9915 13220 15184 16729 17439 19640 20850 21798 23577 23649 23967 25201
24294 1151 2410 3843 6301 6823 15414 17385 18743 22032 22903 23674 24706 25998
24295 339 3310 21321 22376
24296
24297
24298
24299
24300
24301
24302
24303
24304
24305
24306
24307
24308
24309
24310
24311
24312
24313
24314
24315
24316
24317
24318
24319
24320
24321
24322
24323
24324
24325
24326
24327
24328
24329
24330 2607 3450 4451 4588 5130 5353 5835 9450 12165 12587 12722 15205 15666 15667 19093 20003 20184 20303 21031 21718
24331
24332 4422 6264 18331
24333
24334 16124 20807
24335
24336
24337
24338
24339
24340 2306 8446 17379
24341 20030
24342
24343
24344
24345
24346
24347
24348
24349
24350
24351
24352
24353
24354
24355
24356
24357
24358
24359
24360
24361
24362
24363
24364
24365
24366
24367
24368
24369
24370
24371 2620 3032 3096 5052 5712 6219 7442 7615 7768 13847 13955 14003 15235 15244 16148 18160 18227 18540 20168 23967 24453 24568
24372 10310
24373
24374
24375
24376
24377
24378
24379
24380
24381
24382
24383
24384
24385 205 2047 2388 3632 3716 6575 8391 14497 15383 16955 24101
24386
24387
24388
24389
24390
24391
24392
24393
24394
24395
24396
24397
24398 3618 12675 14534 14841 21125
24399
24400
24401
24402 4195 4380 12587 13862 16756
24403
24404
24405
24406
24407
24408
24409
24410
24411
24412 2997 6524 6888 8449 13490 19528 20089 22577 25440
24413
24414
24415
24416
24417
24418
24419
24420
24421
24422
24423
24424
24425
24426
24427
24428
24429
24430
24431 3345 3430 5266 5541 5995 9710 14606 19806
24432
24433
24434
24435
24436
24437
24438
24439 3102 12414 14431 18562 20537 20543 21339
24440
24441
24442
24443
24444 15931 15959 24009
24445
24446
24447
24448
24449
24450
24451 4252 23856
24452
24453 5712 6512 15244 20346 24371
24454 449 10615 13469
24455
24456 5172 5181 18091
24457
24458
24459
24460
24461
24462 11641
24463 1916 20953
24464 8336
24465
24466
24467
24468
24469
24470 18443
24471 4081 4275 13625
24472
24473
24474 1293 2621 2623 3283 3812 3820 3824 4834 5131 6222 6456 6525 6868 7525 7650 8448 9433 12802 13482 13526 14157 14373 15148 17600 17819 17823 17824 18000 18444 22324 22901 24479 24615 26039
24475 1310 9124 9870
24476
24477 1058 1667 14661 15244 18208 19562 23723
24478
24479 1293 2621 2623 3283 3812 3820 3824 4834 5131 6222 6456 6525 6868 7525 7650 8448 9433 12802 13482 13526 14157 14373 15148 17600 17819 17823 17824 18000 18444 22324 22901 24474 24615 26039
24480
24481
24482
24483
24484
24485
24486
24487
24488
24489 4293 5825 7853 14976 21814 22269 25304
24490 19440
24491
24492
24493
24494
24495
24496
24497
24498
24499 12927
24500
24501
24502
24503 12491 24942
24504 8054
24505
24506 22242 24595 24705
24507
24508
24509
24510
24511
24512
24513
24514
24515
24516
24517
24518
24519
24520
24521
24522
24523
24524
24525
24526
24527
24528
24529
24530
24531
24532
24533
24534
24535
24536
24537
24538
24539
24540
24541
24542
24543
24544
24545
24546
24547
24548
24549
24550
24551
24552
24553
24554
24555
24556
24557
24558
24559 1595 1910 2293 2501 4135 4554 5052 5717 7383 8552 9316 13371 14615 16148 16498 17187 17266 17939 21587 23038 24160 24814 25354
24560
24561
24562
24563
24564
24565
24566
24567
24568 1545 6219 8547 15600 18160 18161 24371 26098
24569
24570
24571
24572
24573
24574
24575 8255 14842
24576
24577
24578 16770 17038 18297 21968
24579
24580
24581
24582 8589 14924
24583 14924
24584
24585
24586
24587 7007
24588
24589 5385 9090 16568 17543
24590
24591
24592 1588 18540 23805
24593 2303 8541 18122 18771
24594 2339
24595 22242 24506
24596
24597 17280
24598
24599
24600
24601 2142 13283 20924 23858
24602
24603
24604
24605
24606
24607
24608
24609
24610
24611
24612
24613
24614 3916 4117 4301 5901 10490 10588 16471
24615 1293 2621 2623 3283 3812 3820 3824 4834 5131 6222 6456 6525 6868 7525 7650 8448 9433 12802 13482 13526 14157 14373 15148 17600 17819 17823 17824 18000 18444 22324 22901 24474 24479 26039
24616 1023 1563 2457 3534 4364 5065 6271 6387 14379 15145 15562 15708 15714 15805 17580 17584 18396 18952 19677 23241 24819
24617 1023 1563 2457 3534 4364 4639 5065 6271 6387 14379 15562 15708 15714 15805 17580 18396 18952 19677 24819
24618
24619
24620 10235 13813 16568
24621
24622
24623
24624
24625
24626
24627
24628
24629
24630
24631
24632
24633
24634
24635
24636
24637
24638
24639
24640 4685 15415 24152
24641
24642
24643
24644
24645
24646
24647
24648
24649
24650
24651
24652
24653
24654
24655
24656
24657
24658
24659
24660
24661
24662
24663
24664
24665
24666
24667
24668
24669
24670
24671
24672
24673
24674
24675
24676
24677
24678
24679
24680
24681
24682
24683
24684
24685
24686
24687
24688
24689
24690
24691
24692
24693
24694
24695
24696 1373 1588 1840 1958 4713 4952 6635 6824 9216 9360 10895 12492 13056 15814 16020 16162 18487 19019 22100 22507
24697
24698
24699 884 5202 17800 24781
24700
24701
24702
24703
24704
24705 2165 8155 13384 14430 16278 22462 24506
24706 1151 2410 3843 6301 6823 15414 17385 18743 22032 22903 23674 24294 25998
24707
24708 14157 19443 23492
24709
24710
24711
24712
24713 299 2306 10004 10514 12453 14174
24714
24715
24716
24717
24718 88 1124 1267 1995 2338 2530 2535 4755 5210 6340 6512 7197 7444 7635 8727 9656 9869 10350 12507 12710 14766 14834 15010 15244 15245 15457 15933 16654 17807 18102 18225 19446 19645 19939 20567 20574 20576 21547 22504 23712
24719
24720
24721
24722 6158 9017 17075 23665
24723
24724
24725
24726 27 11114 19081 25540
24727
24728 16281
24729
24730
24731 5052
24732 1549
24733 6776
24734 5934 15066 16469
24735
24736
24737
24738
24739
24740
24741
24742
24743
24744
24745
24746
24747
24748
24749
24750
24751
24752
24753 2536 2870 3922 7154 8408 9207 12654 14033 16041 20391 22555 23770 25383
24754
24755
24756
24757
24758
24759
24760
24761
24762 4525 6337 10130 18681
24763
24764
24765 2475 12135 19909 21928 23474
24766
24767
24768
24769
24770
24771
24772
24773
24774
24775
24776
24777
24778
24779
24780
24781 884 2526 5469 5575 6494 6857 10183 10966 16624 24699
24782
24783
24784
24785
24786
24787
24788
24789
24790
24791
24792
24793
24794
24795
24796
24797
24798
24799
24800
24801
24802
24803
24804
24805
24806
24807
24808
24809
24810
24811
24812
24813
24814 2249 3316 5957 6077 6611 6635 7716 8672 9759 10310 11233 11865 12118 14090 18397 19955 19980 21832 24110 24559 25541
24815
24816 9871 17179
24817
24818
24819 1023 1563 2457 3534 4364 4639 5065 6271 6387 14379 15145 15562 15708 15714 15805 17580 17584 18396 18952 19677 23241 24616 24617
24820 20707
24821
24822
24823
24824
24825
24826
24827
24828
24829
24830
24831
24832
24833 543 1958 2193 3917 6858 8148 9092 12478 15366 17309 18125 18398 19675 21806 23614 23693 26196
24834
24835 4575 4782 15582 17472 19707 19992 21930 24219
24836
24837
24838
24839
24840
24841 231 4265 4656 5267 5271 7597 18196 23303
24842
24843
24844
24845 2661 8067 11132 11402 12980 14969 22556 23382
24846 2329 17178
24847
24848
24849
24850
24851
24852 5144 8869 14159
24853
24854
24855
24856
24857
24858
24859
24860 4759 18940 25948 26005
24861 200 492 6708 7013 8151 9020 9021 9208 9471 9722 16882 17022 19586 19678
24862
24863
24864
24865
24866
24867
24868
24869
24870 8134 13999 16213 20383
24871
24872
24873
24874
24875
24876
24877 9103 10684 12787 13352 17343 18066 20328 21621
24878 6159 19554
24879
24880
24881
24882
24883
24884
24885 2806 5953 8730 9209 13177 16817 23939
24886
24887
24888 8669 9038 12213 13558 21710 22318
24889
24890
24891
24892
24893
24894
24895
24896
24897
24898
24899
24900
24901
24902
24903
24904
24905
24906
24907
24908
24909
24910
24911
24912
24913
24914
24915
24916
24917
24918
24919
24920
24921
24922
24923
24924 3651 4241 4576 6700 6941 7206 7485 9241 9389 9426 9482 10246 11026 14485 17953 18946 18983 19013 22644 23458 23986 26170
24925
24926
24927
24928
24929
24930
24931
24932 4877 7459 8862 9264 17426
24933
24934
24935
24936
24937
24938
24939 5346 9471 17944
24940
24941
24942 12491 24503
24943 8503
24944 1653 11612
24945
24946
24947
24948
24949
24950
24951
24952
24953
24954
24955 45 46 231 570 773 1653 1997 2212 2404 2741 2952 2980 3372 4164 4511 4513 6179 6610 6830 7956 8503 8879 9785 11241 11472 12365 12496 12781 12851 13060 14540 14807 15003 15659 17655 17692 18894 19423 19961 20108 20562 20635 21012 21281 21508 21847 22691 22887 23293 25346 25758
24956
24957 4019 5626
24958
24959 19992
24960 65 357 11609 23300
24961 10676
24962
24963
24964
24965
24966
24967
24968
24969
24970 9264 10640 12614 15247 15495 16505
24971
24972
24973
24974
24975
24976
24977
24978
24979
24980
24981
24982
24983
24984
24985
24986
24987
24988
24989
24990
24991
24992
24993
24994
24995
24996
24997
24998
24999
25000
25001
25002
25003
25004
25005
25006 1588 2805 4416 4550 5807 7264 8063 8972 9419 9511 12373 12545 13096 13142 13276 13740 13801 13929 14128 15559 20478 22476
25007
25008
25009
25010
25011
25012
25013
25014
25015
25016
25017
25018
25019
25020
25021
25022
25023
25024
25025
25026
25027
25028
25029
25030
25031
25032
25033
25034 851 1674 2713 3265 9184 9283 12927 13199 15479 16837 17228 17559 18032 19568 20004 20373 21646 23204 25516
25035
25036
25037
25038
25039
25040
25041
25042
25043 22 13355 22618 25829 25849
25044
25045
25046
25047
25048
25049
25050 5287 5597 11113 14308 17273 20787 21723 23836
25051
25052
25053 1234 3293 5134 21012 21432 22691 22834 23452 25271
25054
25055
25056 4868 15108
25057 10801 13647
25058
25059 10513
25060 3719 5067 6907 8072 8375 9025 9639 13649 19545 22527 25289
25061
25062 8735
25063
25064
25065
25066
25067
25068
25069 2239 21927
25070
25071
25072
25073
25074
25075
25076
25077
25078
25079
25080 934 941 4446 4555 6700 10550 16032 19316 20644 21281 22497 23293 23907 25910
25081
25082
25083
25084
25085
25086 449 500 2568 9892 10458 10615 11011 16754 19612 25785
25087
25088
25089 11012 21404 23775
25090
25091 11490
25092
25093
25094 3839 15623 16674
25095 9130
25096
25097
25098
25099
25100
25101
25102 1941 5052 7350 9124 10055 15846 19297
25103
25104
25105
25106
25107 1488 4258 5182 5608 5771 6675 13311 16264 18741 25439
25108 2144 2774 3055 3652 3655 3766 3814 6388 6583 7096 9249 12051 12423 12885 14808 15173 15189 15999 18942 19705 20250 21030 21825
25109
25110
25111 4624 7463 12786 13673 24057
25112 8312
25113
25114 25189
25115 8739 13357
25116 12689 17560 21697
25117
25118
25119
25120
25121
25122
25123
25124
25125 12286 12739 13647 19457
25126
25127
25128
25129
25130 7958 14543 21221
25131
25132
25133
25134
25135
25136 15259 22000
25137
25138 6513 23214
25139 5212 6628 19015 19444
25140
25141
25142
25143 9283 9572
25144
25145
25146
25147
25148
25149
25150
25151
25152 2124 14967
25153
25154
25155
25156
25157
25158 6524 7689 9241
25159 8823 10500 17546 22466
25160
25161
25162
25163
25164
25165
25166
25167
25168
25169
25170
25171
25172 113 2155 5078 7045 13346 17419 20122 20947
25173
25174
25175
25176 8976
25177
25178
25179 11861
25180 449 23355
25181 22876
25182
25183
25184
25185
25186
25187
25188
25189 7533 9482 15552 25114
25190
25191
25192
25193
25194
25195
25196
25197
25198
25199
25200
25201 624 1694 3731 5407 9099 12085 12496 15184 18719 19640 23577 23649 24293
25202
25203
25204 23614
25205 339 2250 2654 4743 4748 5621 7717 9755 11015 13714 14767 17439 18971 19216 20511 20534 25396
25206
25207
25208
25209 4376 9712 11640 18246 20934 21629
25210
25211 11971
25212
25213
25214
25215 5359 6934 9504 13556 22436
25216
25217 7546
25218
25219 17297
25220 1896 11102
25221
25222
25223
25224
25225 12187 20702 20879
25226 20150 22312
25227
25228 231 8589 14924 16994 24001
25229 5485
25230 11642
25231 20803
25232
25233
25234 10004 17306 20052
25235 12380
25236 6095 7446 25435
25237
25238
25239
25240
25241
25242
25243
25244
25245
25246
25247
25248
25249
25250 6434 9483 12032 12599 14351 17729 21162
25251 17655 21012
25252
25253
25254
25255
25256
25257
25258
25259
25260
25261
25262
25263
25264
25265
25266
25267
25268
25269
25270
25271 2287 5052 10235 11241 12860 17850 18487 20620 21432 21707 22415 22691 22834 23452 25053 25396
25272 20850
25273
25274
25275
25276
25277
25278
25279
25280
25281
25282
25283
25284
25285
25286 1425 7105 8851 9432 10000 14089 15552 17337 19219 19557 21634 22177 23841
25287 1281 3653 10163 12551 18621 24207
25288
25289 3719 5067 6907 8072 8375 9025 9639 13649 15683 19545 19923 20664 21824 22527 25060 25359
25290
25291
25292
25293
25294
25295
25296
25297
25298
25299
25300
25301
25302
25303
25304 4293 14512 14854 24489
25305
25306
25307
25308
25309
25310
25311
25312
25313
25314
25315
25316 7689 11841 13556 16708 18521 23901
25317
25318
25319 23647
25320
25321 6023 9634
25322
25323
25324
25325
25326
25327
25328
25329
25330
25331
25332
25333
25334
25335
25336
25337
25338
25339
25340
25341
25342
25343
25344
25345
25346 45 46 570 773 1653 2212 2741 2952 3372 3409 4164 4511 4513 4632 6179 6610 6830 7956 8879 9785 9800 10041 11241 11472 12365 12496 12781 12851 13995 14512 14540 14807 15003 15659 16594 17655 17692 18866 18894 19423 19961 20108 20562 20635 20716 20774 21012 21281 21508 21847 22691 22887 23293 24955 25758 26141
25347
25348
25349
25350
25351
25352
25353
25354 7204 18447 24160 24559
25355
25356
25357
25358 20089 23344
25359 5067 6907 9025 13649 15683 19923 20664 21824 22527 25289
25360
25361
25362
25363
25364
25365
25366
25367
25368
25369
25370
25371
25372
25373
25374
25375
25376
25377
25378 5934 10871 15066 16056 16469 17414 19517 20391 21391 22105 22989
25379 8208 23382
25380
25381
25382 6934 13556 21699
25383 24753
25384
25385
25386
25387 11522 12235 22129
25388 13621
25389
25390
25391
25392
25393
25394
25395
25396 339 2250 2287 2654 4743 4748 5052 5621 7717 9755 10235 11015 11241 12380 13714 14767 17439 18971 19216 20511 20534 25205 25271
25397
25398
25399
25400
25401
25402 1000 1694 5605 6288 7615 12070 13008
25403
25404
25405 2350 10956
25406
25407
25408 3526 14967 15786 16741
25409
25410
25411
25412
25413
25414
25415
25416
25417
25418
25419 6934 7125 20683 22758 25480
25420
25421
25422
25423
25424
25425
25426
25427
25428
25429
25430
25431
25432
25433
25434
25435 1519 6095 7446 21754 24270 25236
25436 2287 20217 23297
25437 14534
25438
25439 1488 4258 5771 6675 16264 18741 25107
25440 22577 24412
25441
25442 941 3386 12365 13712 16727 22321 23151 23383
25443 13801
25444 1981 6908
25445
25446
25447 15962
25448
25449 6442 17681
25450
25451
25452
25453
25454
25455
25456
25457
25458
25459
25460
25461
25462
25463
25464
25465
25466
25467
25468
25469 62 2851 9964 11416 19903 23485 23751
25470 14770 21713
25471
25472
25473
25474
25475
25476
25477
25478
25479
25480 3207 7125 18001 20683 22177 22758 25419
25481
25482 10382
25483
25484
25485
25486 7882 13740 21588
25487 19911
25488
25489
25490
25491 6804 12260
25492 8512 9715 25511
25493
25494
25495
25496 19314 19880 25543 26019 26048
25497
25498
25499
25500
25501
25502
25503
25504
25505
25506
25507
25508
25509
25510 3279
25511 8512 9715 25492
25512
25513
25514
25515
25516 934 1674 4013 13196 14991 16640 20004 25034
25517
25518
25519
25520
25521
25522
25523
25524
25525
25526 18373 19871
25527
25528 4115 12938 22691
25529
25530
25531 18908
25532
25533
25534 21450 23786
25535
25536
25537 3007 4697 21546
25538
25539
25540 27 11114 13619 16162 18585 18586 19081 24726
25541 5957 7716 11233 12118 14090 18397 19980 24814
25542
25543 19314 19880 25496 26019 26048
25544
25545 8538 18669 19866
25546
25547
25548
25549
25550
25551
25552
25553 11861 21550 24220 25554
25554 11861 21550 24220 25553
25555
25556
25557 8871 13929 16495 17090 23552
25558
25559
25560
25561
25562 13929 17135 22975 23552 23805
25563
25564
25565 4952 5107 16475 19080
25566
25567
25568
25569 4068 7039 7087 9629 9984 12166 16006 21341 21491 25783
25570
25571 16429
25572 20478 23038
25573
25574
25575 12266 15678 17134 21436 22815 23114 23146 23488 23915
25576
25577
25578
25579
25580
25581
25582 8715 8864 16131 16235 16280 17137 20478 23038 23810
25583
25584
25585 9907 10096 16010 16414
25586
25587
25588
25589 11077 12130 22951
25590
25591
25592
25593
25594
25595 10513
25596 10818 11016
25597 2789 7307 13831
25598 9659 12720
25599 5629 16718
25600
25601 9572
25602
25603
25604
25605
25606
25607 4104 4431 9659 12720 13205 18208 18995 25661
25608
25609 17750
25610 6190 10656 11403 21994
25611 6012 9591 11030 17453 23946
25612
25613
25614 15668 17293 26006
25615 11733 21608
25616
25617
25618
25619
25620
25621
25622
25623
25624
25625
25626
25627
25628 6626 10805 21927
25629
25630
25631 1660 3377 23068 25678
25632
25633
25634
25635
25636
25637
25638
25639
25640
25641
25642
25643
25644 2596 6666 23464
25645
25646
25647
25648 269 1150 1217 8128 9974 24126
25649 8446 25839
25650
25651
25652
25653
25654
25655
25656
25657
25658
25659
25660 1172 11318 11372 15938 22018
25661 9659 12720 25607
25662 23175
25663 4037 9327
25664 1051 4245
25665
25666
25667 8891 11893
25668 4724
25669
25670
25671
25672
25673
25674 17754
25675
25676 350 951
25677
25678 1660 3377 23068 25631
25679
25680
25681
25682
25683
25684 1653 16640 21281
25685
25686
25687
25688
25689
25690
25691
25692
25693
25694
25695
25696
25697
25698 4068 5934 9255 9986 10762 11719 13276 13929 17207 20148 22366 22699 23805
25699
25700
25701
25702
25703
25704
25705
25706
25707
25708
25709
25710 16357 21432 22815
25711
25712
25713
25714
25715
25716
25717
25718 4143 11293 17127
25719 11379
25720
25721 2852 4868
25722
25723
25724
25725
25726
25727
25728
25729 11318 11325 17113 17746
25730
25731
25732
25733
25734
25735
25736
25737
25738
25739
25740
25741
25742
25743
25744
25745
25746
25747
25748
25749
25750
25751
25752
25753
25754
25755
25756
25757
25758 45 46 570 773 1653 2212 2741 2949 2952 3372 4164 4180 4511 4513 6179 6610 6830 7956 8879 9360 9785 10055 11102 11241 11472 12365 12496 12637 12781 12851 14540 14807 15003 15659 17655 17692 18894 19423 19961 20108 20562 20635 21012 21281 21508 21847 22691 22887 23293 24955 25346
25759
25760
25761
25762
25763
25764
25765
25766
25767
25768
25769
25770
25771
25772
25773
25774
25775
25776
25777 65 6056 7087 10910 11746 12749 19423 24023
25778
25779
25780
25781
25782
25783 7039 9629 10543 12166 14970 21433 25569
25784 16429 23503
25785 449 500 9892 10458 11011 25086
25786
25787
25788
25789
25790
25791
25792
25793
25794
25795
25796
25797
25798
25799
25800
25801
25802
25803
25804
25805
25806
25807
25808
25809
25810
25811
25812
25813
25814
25815
25816
25817
25818
25819
25820
25821
25822
25823
25824
25825
25826
25827 4868 17443
25828
25829 22618 25043 25849
25830
25831
25832
25833
25834
25835
25836 4115 12938 13364 19215 22691 22726 22966 23511
25837
25838
25839 8446 25649
25840
25841
25842
25843
25844 6804
25845
25846
25847
25848
25849 22618 25043 25829
25850 7050 10794
25851
25852 13357
25853 8404
25854 6427 21696
25855
25856 11047
25857
25858
25859
25860
25861
25862
25863 21543
25864 4199 6443 19932 19936
25865
25866 1854 20008
25867
25868 8701
25869
25870 2870
25871
25872 7504
25873
25874
25875 1699 2303 18122 18771
25876
25877 5503 5843
25878
25879
25880
25881
25882
25883
25884
25885
25886
25887
25888
25889
25890
25891 13664 22487
25892
25893
25894
25895
25896 3827 4442 14534 15898 18208 19927 23134
25897
25898
25899
25900
25901
25902 1014 5209 8774 12112 12478 17440 19150 21027 24057
25903 23637
25904 930
25905
25906
25907
25908
25909
25910 1265 1839 3502 4446 15126 16389 16881 17828 19316 21281 23864 25080
25911 13384 22876
25912
25913
25914
25915
25916 2710 4708 10381 12842 12927 14007 18973 19207 19580 22721
25917 3063 18210 21281
25918
25919
25920
25921
25922
25923
25924
25925
25926
25927
25928
25929
25930
25931 930 1310 3946 4493 4760 9124 14627 17189 23186 23720
25932
25933
25934 22644 24149
25935
25936
25937 2810 3204 3922 11557 14667 20046
25938
25939
25940 6427 19423
25941
25942
25943
25944
25945
25946
25947
25948 1000 4575 24199 24860
25949
25950
25951
25952
25953
25954
25955
25956
25957 8263 12046 17724 19126
25958 17724
25959 2420
25960
25961
25962 4211 11670
25963
25964
25965
25966
25967
25968
25969
25970
25971
25972
25973
25974
25975 14990
25976
25977 8116 8625
25978 3113 8312 10765 11621 17538 18924
25979
25980 9572 13600
25981
25982
25983
25984
25985
25986
25987
25988 7801 11275
25989
25990
25991
25992
25993
25994
25995
25996 1545 7007 7069 8547 22798
25997
25998 1151 2410 3843 4488 6301 6823 13404 15414 17385 18743 22032 22903 23674 24294 24706
25999
26000
26001
26002
26003
26004 2184 3193 4371 7592 15998 17113 24183
26005 24860
26006 15668 17293 25614
26007
26008
26009
26010
26011
26012
26013 1685 18030 24203
26014
26015
26016
26017
26018
26019 19314 19880 25496 25543 26048
26020 10878 17990
26021 13346 17994
26022 4021 4826
26023 2710 13026 13205
26024
26025
26026
26027
26028
26029
26030
26031
26032
26033
26034
26035
26036
26037
26038 3265 3998 8513 9710 10501 13029 13622 13682 16324 16640 16749 17932 23855 26059 26065
26039 1293 2621 2623 3283 3812 3820 3824 4834 5131 6222 6456 6525 6868 7525 7650 8448 9433 12802 13482 13526 14157 14373 15148 17600 17819 17823 17824 18000 18444 22324 22901 24474 24479 24615
26040
26041
26042 21203
26043
26044 4896
26045
26046
26047
26048 19314 19880 25496 25543 26019
26049
26050
26051 2710 7025
26052
26053
26054
26055
26056
26057
26058 13035 16110 16225 17149 26130
26059 13682 16749 26038
26060
26061
26062
26063
26064
26065 3451 7038 10501 13029 13683 21203 21778 23114 26038
26066
26067 3839 15194
26068
26069
26070
26071
26072
26073
26074
26075
26076
26077
26078
26079
26080
26081
26082
26083
26084
26085
26086
26087
26088 2326 2563 8437 10211 10931 12071 15300 19048
26089
26090
26091
26092 4051 11879 21187 21313
26093
26094
26095
26096
26097
26098 1545 8547 15600 16640 23855 24568
26099
26100 2710 20934
26101
26102 19906
26103
26104
26105
26106
26107
26108
26109
26110
26111
26112
26113
26114
26115
26116
26117
26118
26119
26120
26121
26122
26123
26124
26125
26126
26127 1229 4102 5259 7355 13801 17911 20879 23681
26128
26129
26130 13035 16110 26058
26131
26132 19936
26133
26134
26135
26136
26137
26138 9735 22415
26139
26140
26141 3409 7956 9800 25346
26142
26143
26144
26145
26146
26147
26148
26149
26150
26151
26152
26153
26154
26155
26156
26157 2115 12709
26158
26159 743 4269 7245
26160
26161
26162
26163
26164
26165
26166
26167 5519 7154
26168 11052 13859 16091
26169
26170 8701 24924
26171 4351
26172
26173 18217 18983
26174
26175
26176 135 3916 4102 10376 17911
26177
26178 6944 12660 14372 21508
26179
26180 4777 15396 18238
26181 4302 8475 10711 19022
26182
26183
26184
26185
26186
26187
26188
26189
26190 743 5769 12334 12365 17932
26191 8557
26192
26193 1825 6482 14834 19140 20772
26194 3441 10268
26195
26196 543 1958 5812 16976 20853 23693 24833
