2500 31256
0 289 363 480 572 903 925 968 1010 1429 1446 1484 1509 1544 1704 1729 1809 1929 1951 1967 2056 2392 2416
1 91 98 142 494 572 696 723 800 840 1067 1317 1423 1615 1640 1681 1715 1937 1959 2038 2056 2201 2369 2455
2 137 242 250 253 267 269 351 410 420 454 495 582 731 822 845 1025 1161 1178 1382 1512 1609 1637 1651 1733 1853 1962 2151 2210 2421 2424 2429 2444 2453
3 13 73 160 169 217 408 426 538 665 737 814 819 1010 1024 1028 1154 1268 1399 1444 1678 1779 2125 2196 2213 2242 2343
4 258 353 377 383 392 451 583 644 693 729 760 852 930 948 972 1192 1306 1387 1708 1845 2060 2231 2410
5 137 172 226 293 418 431 492 503 554 857 948 963 1165 1403 1483 1809 1834 1899 1982 2115 2143 2187 2394 2453 2489
6 48 198 392 431 606 625 747 947 1013 1185 1282 1296 1406 1487 1552 1592 1764 1919 2168 2188 2194 2304 2363 2481 2499
7 218 237 247 311 667 706 713 898 946 1134 1263 1309 1407 1500 1536 1678 1873 1973 2025 2240 2247 2269 2308 2405 2431
8 198 223 381 588 661 670 695 704 711 834 1008 1041 1238 1249 1347 1532 1541 1863 2064 2156 2161 2288 2395 2416
9 55 126 156 340 428 458 641 908 968 969 1142 1232 1239 1243 1343 1393 1437 1858 1928 2008 2034 2242 2265 2434
10 364 390 474 478 709 937 947 948 1250 1300 1412 1521 1706 1874 1881 1893 1927 1985 2110 2145 2263 2287 2294 2330 2340 2453 2474
11 97 464 468 668 963 1030 1080 1425 1452 1581 1658 1682 1806 1870 2071 2111 2338 2395
12 118 148 300 307 441 627 663 730 745 771 804 867 1057 1150 1227 1330 1350 1602 1760 1885 1960 1990 2009 2017 2094 2156 2176
13 3 377 385 395 565 587 683 757 841 881 1029 1162 1228 1266 1538 1551 1627 1663 1849 1891 1920 2079 2153 2167 2223 2261 2303 2324 2349 2455 2486
14 272 678 684 692 729 843 926 1151 1406 1448 1585 1765 1770 2025 2027 2065 2201 2271 2298 2299 2495
15 54 86 92 142 219 410 423 435 631 846 891 992 1103 1221 1330 1393 1489 1528 1530 1615 1633 1690 1706 1800 1801 1925 2035 2049 2217 2222 2336
16 331 441 572 710 738 774 835 838 1005 1088 1454 1517 1742 2332 2487 2494
17 302 372 436 437 494 512 600 708 797 882 914 1244 1311 1426 1512 1983 2064 2069 2098 2105 2381
18 37 256 261 779 789 794 797 825 896 947 972 1090 1092 1212 1272 1280 1356 1380 1639 1656 1795 1841 1963 2016 2151 2299 2396
19 23 69 105 314 338 364 371 608 874 1037 1076 1175 1282 1586 1602 1732 1786 1793 1911 2051 2189 2195 2437
20 61 74 158 266 567 738 756 822 1026 1064 1070 1084 1191 1202 1241 1435 1633 1697 1731 1741 1751 1811 1875 1919 2011 2062 2082 2295 2360 2407
21 54 126 250 302 304 634 700 812 941 1036 1068 1123 1262 1288 1350 1405 1427 1680 1870 1956 1999 2006 2101 2147 2151 2289 2336 2402 2476
22 205 228 294 372 457 660 734 753 793 1089 1126 1136 1173 1210 1252 1451 1620 1785 2199 2336
23 19 83 417 444 457 594 727 1285 1291 1438 2093 2389
24 265 315 503 625 721 820 1221 1246 1423 1569 1600 1654 1685 1839 1858 1939 1945 1963 2076 2176 2278 2409 2476
25 66 904 1019 1043 1089 1140 1239 1334 1540 1649 1721 1792 1824 2079 2144
26 69 75 123 150 163 278 290 354 419 455 597 604 705 880 888 1027 1115 1131 1168 1327 1398 1403 1407 1583 1626 1674 1742 1787 1793 1933 2002 2176 2185 2202 2203 2355 2418
27 67 127 210 222 255 322 714 724 793 1244 1294 1321 1350 1380 1540 1633 1688 1920 1973 2085 2246
28 44 58 511 549 658 891 1217 1248 1332 1415 1563 1641 1737 1927 1954 1995 2047 2255
29 112 150 162 401 518 896 1074 1174 1313 1325 1383 1504 1534 1706 1792 1805 1935 2036 2104 2279 2430
30 50 86 137 161 183 441 471 501 618 656 732 832 875 1196 1202 1348 1354 1544 1552 1743 2123 2214 2335
31 184 239 277 370 399 470 615 636 765 780 833 890 958 1002 1219 1237 1404 1442 1474 1501 1505 1898 2006 2032 2076 2271
32 57 111 177 402 508 510 680 706 754 795 828 869 1331 1358 1408 1416 1545 1826 1845 1980 2089 2143 2247 2352 2374 2437 2459
33 129 161 218 331 595 639 722 773 828 859 1100 1132 1276 1343 1465 1801 2104 2292
34 601 755 884 1125 1265 1422 1589 1648 1729 1901 1927 2066 2148 2235 2451 2466
35 181 439 441 525 725 868 884 942 1385 1441 1493 1656 1668 1785 1865 1970 2057 2079 2084 2134 2185 2210 2294 2450
36 176 202 357 484 747 783 822 848 1136 1520 1522 1653 1709 1748 2120 2242 2284 2450 2469
37 18 264 267 419 661 762 922 954 973 1055 1173 1206 1332 1702 1703 1819 1833 1864 1944 1967 2041 2174 2270
38 75 285 491 616 641 679 758 782 894 963 967 1302 1345 1480 1510 1737 1800 2013 2109 2117 2321 2378 2437
39 139 283 451 487 553 562 593 793 825 917 964 1132 1279 1344 1497 1552 1575 1739 1781 1857 1904 1958 2160 2315 2332 2390
40 145 206 272 547 594 690 734 767 793 838 845 922 947 973 1044 1269 1549 1686 1698 1742 1867 2000 2076 2141 2152 2382
41 107 306 586 658 792 1039 1266 1277 1337 1590 1748 1790 2192 2356 2471
42 77 561 583 686 847 973 1203 1307 1379 1480 1612 1683 1850 1917 1955 1983 2041 2204 2333 2492
43 181 183 224 253 401 420 435 571 616 638 971 980 1166 1401 1460 1497 1587 1689 1824 2061 2121 2154
44 28 67 220 488 503 526 598 718 881 913 1088 1089 1201 1379 1828 2042
45 52 172 628 643 745 786 853 907 1310 1331 1756 1834 1974 2052 2143 2162 2250 2253 2258 2282 2336 2443
46 89 120 152 386 401 422 566 596 722 723 740 978 1000 1088 1168 1368 1432 1645 1841 2046 2115 2384 2483
47 87 114 118 159 299 351 381 627 687 735 803 1021 1185 1218 1307 1398 1542 1723 1943 2007 2009 2097 2323 2377 2489
48 6 142 215 332 481 559 672 754 764 891 966 975 1054 1119 1134 1138 1226 1315 1490 1495 1634 1694 1840 1888 2266 2330 2354 2365 2497
49 113 307 332 645 671 716 977 1044 1066 1114 1388 1400 1427 1552 1754 1767 1771 1864 1889 1897 1985 2068 2071 2086 2185 2219 2369 2389 2450 2462
50 30 174 209 215 220 251 256 347 394 480 708 709 759 786 828 940 999 1210 1462 1467 1526 1782 1917 1971 2056 2106 2120 2185 2258 2413
51 72 302 337 339 457 510 515 1033 1164 1474 1545 1623 1676 1696 1768 1974 1997 2142 2321 2421
52 45 186 188 266 329 389 401 474 541 571 699 919 989 996 1042 1339 1451 1472 1593 1852 1902 1934 2008 2099 2223 2348
53 64 200 268 270 341 423 526 634 641 693 815 827 851 862 1162 1285 1286 1299 1303 1336 1714 1870 2017 2053 2200 2228 2430 2441 2494
54 15 21 93 122 173 284 613 620 644 979 1093 1169 1213 1414 1533 1535 1537 1654 1756 1775 2111 2159 2319 2342 2355 2366 2405 2414 2459
55 9 260 375 423 647 716 755 767 784 819 850 1122 1154 1216 1219 1306 1310 1386 1392 1409 1421 1428 1492 1603 1801 1852 1853 1965 1967 2078 2098 2113 2182 2210 2236 2267 2365 2390
56 149 193 402 758 833 1049 1062 1250 1346 1502 1601 1660 1831 1948
57 32 124 358 443 653 740 859 1064 1081 1109 1132 1158 1215 1267 1280 1343 1352 1548 1563 1771 1894 1961 2020 2102 2123 2133 2148 2158 2208 2279 2349 2483
58 28 62 92 210 232 235 496 508 542 543 605 611 627 637 719 838 977 1076 1184 1196 1542 1578 1685 1836 2025 2098 2154 2163 2369
59 318 373 391 529 594 756 760 1081 1377 1649 1650 1663 1678 1927 1938 2127 2301 2395 2461 2480
60 144 246 418 421 578 1027 1035 1230 1516 1550 1694 1761 1809 1949 1962 1971 2017 2066 2283
61 20 158 229 272 354 374 378 434 465 664 904 1105 1529 1621 1633 1952 2015 2036 2096 2108 2375 2436
62 58 87 92 231 511 669 788 927 931 1204 1233 1355 1403 1585 1731 1901 1950 1995 1998 2012 2105 2132 2409 2433
63 78 177 178 192 244 750 851 890 990 1217 1450 1530 1546 1551 1598 1856 1970 2102 2235 2236 2297 2351 2402 2463 2468
64 53 150 516 608 781 793 802 822 860 976 1074 1252 1406 1485 1493 1599 1617 1728 1732 1791 2135 2153 2429
65 160 367 400 434 643 683 935 1165 1290 1412 1458 1568 1594 1610 1773 1843 1907 2212 2374 2495
66 25 333 399 642 693 713 798 958 994 1088 1437 1571 1572 1620 1737 1956 1992 2042 2486
67 27 44 93 117 151 301 381 466 795 798 1151 1443 1445 1484 1649 1742 1798 1819 1983 2022 2037 2281 2336 2344 2403 2437 2487
68 98 138 257 329 368 520 803 810 1132 1778 1940 2044 2069 2136 2223 2319 2343 2378 2391 2448 2461
69 19 26 71 228 301 441 760 767 911 920 969 1072 1178 1333 1346 1349 1592 1700 1720 1841 2031 2045 2058 2095 2130 2133 2483
70 75 192 244 332 383 386 416 669 688 751 793 1072 1086 1363 1367 1407 1438 1534 1592 1646 1649 1739 2107 2151 2228 2253 2303
71 69 146 153 190 392 417 471 484 585 666 723 1101 1203 1271 1314 1372 1411 1416 1429 1452 1499 1645 1712 1904 2047 2169 2253 2254
72 51 163 200 348 370 462 718 751 786 1077 1122 1303 1322 1414 1500 1549 1737 1871 1878 2116 2127 2214 2252 2282 2349 2358 2490
73 3 97 334 366 432 499 542 625 850 881 944 1095 1096 1281 1288 1323 1338 1450 1677 1709 1750 1774 1894 1967 1978 2287
74 20 105 328 420 473 605 616 811 852 921 1072 1252 1295 1334 1349 1537 1744 1790 1858 1999 2022 2049 2084 2188 2234 2381 2494
75 26 38 70 130 150 256 355 421 861 1180 1242 1282 1296 1404 1484 1718 1825 2067 2091 2120 2287 2289 2311 2343
76 161 253 295 401 468 571 574 604 646 715 733 921 959 1344 2028 2216 2437 2468
77 42 149 171 172 213 277 778 793 901 936 964 1044 1114 1167 1177 1327 1601 1750 1763 1795 2006 2077 2158 2303 2498
78 63 120 156 186 242 383 680 713 751 894 927 1058 1081 1270 1319 1320 1392 1744 1900 1904 2070 2169 2300
79 177 192 377 393 419 738 849 861 875 888 971 994 1061 1171 1322 1411 1696 2012 2085
80 102 193 273 605 787 876 899 982 1001 1027 1036 1050 1113 1326 1363 1366 1482 1506 1580 1622 1666 1830 1930 2209 2385 2412 2445
81 89 283 386 454 595 728 1010 1223 1269 1284 1362 1374 1469 1487 1636 2156 2197 2307
82 100 290 374 390 517 648 670 699 766 787 827 1414 1508 1531 1561 1634 1701 1920 2004 2047 2125 2260
83 23 276 354 598 739 798 1082 1086 1121 1149 1351 1572 1603 1655 1825 1891 2181 2214 2390 2478
84 102 178 190 195 228 288 343 475 478 653 917 933 1046 1276 1427 1539 1563 1635 2013 2128 2279 2333
85 218 241 444 612 683 756 805 1016 1088 1128 1278 1400 1451 1665 1783 1808 1963 1965 2048 2058 2075 2203 2217 2303 2361 2387
86 15 30 274 316 439 448 450 478 482 483 568 615 796 902 968 1028 1142 1144 1304 1330 1348 1412 1426 1803 1847 1944 1980 2041 2291 2400
87 47 62 130 168 203 315 359 360 437 499 888 889 942 981 1006 1157 1207 1326 1535 1660 1713 1809 1841 1900 1911 2032 2183 2184 2413
88 163 264 339 447 598 781 785 829 877 899 925 982 998 1021 1099 1258 1260 1299 1384 1511 1532 1572 1736 1759 1868 1946 2045 2132 2145 2195 2265 2427 2428
89 46 81 170 185 248 422 435 492 594 661 704 841 1008 1021 1108 1137 1179 1259 1383 1418 1472 1794 1836 1891 1914 2030 2224 2337 2382 2424 2463 2471
90 178 185 216 331 418 466 616 677 697 835 864 1038 1162 1169 1181 1348 1421 1456 1494 1597 1702 1754 1806 1854 2023 2184 2343 2344 2462
91 1 248 273 322 527 599 605 615 892 1108 1206 1242 1336 1359 1613 1629 1636 1724 1974 2073 2264 2345 2466 2489
92 15 58 62 102 156 281 282 341 394 534 675 727 807 925 1145 1208 1233 1413 1516 1602 1621 1636 1661 1716 1847 2039 2064 2099 2292 2379
93 54 67 227 344 427 606 707 784 1048 1228 1524 1545 1590 1628 1651 1772 1802 1807 1835 2025 2090 2186 2375 2429 2492
94 130 153 211 402 557 568 743 769 813 830 951 988 1091 1154 1234 1269 1509 1627 1650 1786 1970 1976 1991 2368 2458
95 216 282 380 410 444 600 736 783 1323 1324 1356 1377 1529 1573 1684 1775 1799 1922 2124 2280 2283 2310 2498
96 120 390 474 573 687 713 971 1031 1122 1277 1310 1567 1576 1581 1651 1790 1813 1906 1929 2141 2237 2354 2382 2404
97 11 73 101 136 317 373 447 553 860 1020 1174 1213 1578 1798 1933 2042 2044 2049 2071 2089 2488
98 1 68 117 284 431 543 697 778 966 988 1087 1357 1389 1544 1636 1739 2000 2399 2474
99 158 351 360 628 1011 1051 1169 1230 1293 1297 1309 1323 1354 1400 1508 1553 1718 1743 1931 1953 2078 2342 2430 2433 2486
100 82 198 361 425 433 453 513 1199 1249 1325 1771 1929 1969 1977 2201 2239 2399 2422
101 97 138 284 367 460 488 517 967 969 1332 1346 1637 1671 1723 1842 1874 2032 2071 2104 2222 2282 2401
102 80 84 92 124 181 191 203 214 215 265 354 426 439 440 588 961 974 983 996 1103 1206 1494 1517 1590 1705 1765 1842 2046 2194 2205 2221 2295 2458
103 169 494 565 589 891 906 932 985 1122 1459 1523 1759 1776 2204 2243 2267 2272 2473
104 267 287 393 597 643 644 685 775 880 901 949 954 965 1108 1161 1234 1622 1623 1681 1683 1726 1788 1882 2095 2107 2294 2408 2444
105 19 74 144 148 237 343 378 451 514 787 853 865 896 916 1097 1158 1168 1457 1503 1554 1606 1824 2085 2354 2442
106 179 208 283 324 381 389 403 426 495 685 690 702 744 821 907 990 1017 1190 1248 1468 1605 1607 1640 1755 1781 1820 1883 1891 1951 1967 1969 2003 2078 2245 2442 2463
107 41 117 118 341 456 491 523 565 569 683 836 917 1298 1702 1734 2226 2257 2325 2331 2338
108 172 362 447 450 502 571 611 704 745 805 865 1054 1198 1280 1352 1367 1373 1421 1429 1908 1984 2039 2042 2047 2224 2227 2412 2460
109 657 817 940 998 1520 1793 1813 1884 1899 2046 2111 2154 2313 2337 2399 2405 2464
110 114 165 257 357 369 566 741 752 782 896 1184 1204 1328 1370 1419 1504 1551 1557 1624 1643 1789 1828 1884 1896 1974 2061 2155 2284 2426 2434 2472 2494
111 32 174 442 475 518 686 956 968 1081 1140 1145 1236 1256 1257 1481 1532 1632 1789 1890 1895 1965 2091 2179
112 29 117 221 360 448 480 638 672 770 779 856 944 979 1107 1131 1193 1473 1536 1648 1752 1771 2066 2163 2335 2385 2439 2492
113 49 322 428 516 540 576 580 647 750 817 938 966 1043 1072 1181 1360 1509 1549 1651 1778 1819 1874 1955 1988 2225 2246 2259 2355 2383
114 47 110 204 215 250 413 435 478 494 543 612 760 1021 1027 1111 1594 1754 1987 2069 2109 2165 2196 2440
115 119 167 174 259 289 411 476 606 978 1208 1220 1231 1276 1389 1412 1415 1529 1576 1637 1827 1852 1915 2083 2196 2229 2490
116 128 157 221 227 709 763 944 1411 1429 1453 1593 2072 2185
117 67 98 107 112 197 220 261 443 629 644 762 838 895 1029 1045 1071 1222 1229 1308 1350 1475 1490 1503 1615 1643 1722 1807 1818 1823 1871 1879 2132 2153 2325
118 12 47 107 164 250 256 355 480 558 629 721 733 867 879 916 1254 1310 1735 1760 1795 1808 1817 1889 1920 2066 2084 2204 2392
119 115 165 201 313 358 542 622 906 995 1004 1009 1042 1044 1168 1426 1517 1577 1639 1754 1789 1794 2003 2012 2207 2349 2498
120 46 78 96 233 354 427 600 831 887 918 925 982 1293 1307 1390 1516 1556 1864 1956 2196 2257 2425
121 335 345 391 443 610 658 758 927 953 1003 1027 1051 1071 1227 1280 1317 1359 1380 1437 1489 1743 1777 1859 1913 2203 2329 2407 2409 2440
122 54 203 397 459 467 1251 1264 1341 1497 1521 1574 1644 1655 1682 1717 1739 1756 1787 1820 1860 1923 1939 1961 2161 2244
123 26 238 329 458 611 643 688 698 736 819 820 832 846 1054 1114 1144 1165 1244 1317 1345 1398 1408 1597 2012 2141 2296
124 57 102 252 339 486 556 602 793 971 1005 1032 1158 1344 1362 1603 1704 1717 1786 1794 1968 2020 2104 2118
125 167 187 251 323 371 499 520 522 595 743 837 897 1134 1297 1748 1808 1821 1920 1961 2019 2167 2239 2363 2389
126 9 21 203 268 399 402 619 648 761 847 981 1222 1283 1331 1373 1446 1642 1801 1825 2068 2188 2303 2450 2466
127 27 169 176 268 375 427 918 953 976 1196 1315 1431 1693 1867 1884 1885 1900 1912 2113 2306
128 116 150 190 226 419 456 461 526 559 972 1264 1349 1367 1610 1959 2233 2292
129 33 233 241 257 272 330 492 565 604 605 714 791 899 1048 1109 1146 1216 1329 1605 1998 2065 2221 2224
130 75 87 94 133 238 445 511 531 665 682 836 915 993 1222 1290 1320 1627 1706 1789 1834 1871 1945 1961 1963 1979 2038 2127 2195 2319 2342 2470 2492
131 240 377 433 576 633 768 849 1149 1163 1184 1252 1388 1390 1401 1562 1626 1815 1870 1929 2003 2157 2292 2434 2454
132 287 427 493 509 521 530 782 995 1079 1398 1483 1554 1595 1674 1698 1717 1725 1735 1823 1871 1891 2045 2072 2100 2124 2178 2238 2243 2327 2362 2479 2484
133 130 401 691 940 1009 1091 1109 1394 1566 1568 1923 1937 1945 2091 2232 2275 2291 2346 2478
134 160 255 337 419 450 491 598 636 786 863 947 1126 1261 1490 1645 1727 1749 1753 1795 1902 1904 2012 2175
135 305 368 369 396 421 595 747 1135 1186 1312 1453 1454 1552 1685 1704 1768 1824 1914 1992 1994 2206 2437
136 97 137 139 430 435 452 499 853 911 916 991 1055 1061 1073 1360 1607 1634 1838 1967 1972 2273 2466
137 2 5 30 136 197 214 237 251 532 571 573 953 998 1188 1339 1380 1435 1552 1648 1735 1877 2262 2282 2329 2330 2342 2457
138 68 101 176 229 280 590 593 693 903 1139 1363 1382 1409 1422 1531 1635 1851 2331 2362 2374 2492
139 39 136 269 410 596 713 728 746 812 833 994 1064 1146 1152 1202 1247 1347 1348 1380 1865 1972 2006 2080 2108 2254
140 161 266 517 533 538 541 552 554 617 732 966 972 1206 1260 1584 1615 1819 1964 2139 2225 2388 2392 2422 2430 2456 2464
141 194 219 290 541 596 840 928 931 974 1029 1061 1339 1355 1386 1513 1553 1597 1600 1610 1882 2019 2194 2315 2348 2422
142 1 15 48 180 213 295 464 623 637 650 667 892 1022 1025 1045 1160 1514 1595 1619 1696 1943 1974 2065 2071 2138 2304 2467 2488
143 156 157 343 460 602 669 696 846 927 1019 1025 1034 1039 1152 1183 1209 1747 1795 1842 2028 2090 2229 2239 2284 2333 2411 2486
144 60 105 174 258 526 702 856 883 972 1031 1186 1228 1236 1262 1383 1437 1517 1554 1992 2357
145 40 218 318 395 759 910 1223 1392 1500 1566 1686 1721 1844 1894 1944 2160 2226 2248 2371 2414 2475 2491
146 71 252 303 346 446 503 1083 1110 1395 1409 1714 1734 1781 1888 1895 1920 1981 2007 2252 2353 2365
147 162 294 332 365 558 683 700 886 930 945 1042 1070 1196 1282 1438 1456 1518 1584 1586 1597 1623 1768 1873 1899 2108 2138 2149 2456
148 12 105 319 374 439 567 616 960 1031 1174 1208 1523 1570 1575 1663 1664 1722 1837 2326 2379 2387 2489
149 56 77 157 202 253 341 434 545 559 653 734 870 917 1027 1069 1097 1185 1223 1236 1240 1245 1457 1540 1564 1602 1691 1702 2042 2116 2164 2239 2263 2316 2364 2373
150 26 29 64 75 128 249 473 525 658 669 747 797 809 830 848 947 950 962 1094 1133 1167 1189 1245 1246 1324 1599 1681 1757 1784 1916 1936 1943 1965 1997 2007 2117 2364 2423
151 67 186 233 238 327 648 744 775 833 898 931 1047 1106 1185 1216 1352 1409 1560 1576 1614 1752 1766 2319 2329 2376 2398 2492
152 46 471 566 598 621 663 711 885 1025 1060 1180 1280 1378 1428 1463 1482 1875 1928 1986 2059 2249 2267 2278 2296
153 71 94 516 776 855 867 936 953 990 1255 1264 1359 1553 1567 1667 1680 1890 1951 1975 2031 2120 2133 2379 2394
154 251 497 712 820 970 974 1264 1271 1327 1345 1376 1503 1764 1934 1968 2038 2151 2223 2263 2313 2415
155 323 439 454 774 802 884 995 1026 1455 1530 1677 1681 1923 1940 1970 2028 2165
156 9 78 92 143 233 326 332 496 719 799 880 909 1017 1140 1205 1319 1348 1368 1383 1585 1587 1606 1649 2056 2117 2191 2298
157 116 143 149 211 353 503 509 543 564 749 784 803 1104 1110 1146 1148 1211 1279 1352 1627 1720 1848 2037 2061 2242 2319 2470 2474
158 20 61 99 359 362 571 893 978 1140 1589 1613 1631 1757 1818 1846 1953 1975 1978 2073 2117 2128 2217 2226 2354 2360
159 47 410 469 487 717 924 935 1069 1075 1196 1312 1565 1646 1735 1748 2005 2019 2277
160 3 65 134 322 432 560 662 681 974 1034 1060 1113 1277 1352 1359 1402 1405 1406 1435 1497 1641 1729 2098 2114 2239 2294 2306 2315 2390 2462 2494
161 30 33 76 140 169 206 478 636 711 834 915 1041 1196 1224 1389 1443 1577 1906 1979 2037 2069 2407 2410
162 29 147 307 344 352 476 504 556 692 776 857 879 964 996 1008 1054 1089 1258 1297 1391 1406 1481 1876 1884 1889 2056 2295 2342 2373 2413
163 26 72 88 397 404 421 455 534 543 609 697 752 758 816 993 1155 1231 1343 1543 1723 1734 1791 1871 2006 2294 2302 2322 2497
164 118 190 278 426 472 473 532 574 629 689 769 792 793 881 1062 1127 1247 1290 1291 1297 1321 1363 1366 1494 1587 1854 1991 2223 2336
165 110 119 256 590 749 928 961 1017 1019 1090 1097 1129 1134 1187 1306 1402 1722 1806 1907 1912 2043 2302 2320
166 169 267 700 774 865 1082 1103 1110 1339 1358 1578 1674 1684 1727 1782 1830 1874 1875 1992 2084 2132 2170 2174 2272 2434 2496
167 115 125 241 302 343 729 731 847 866 913 1177 1392 1393 1541 1617 1900 2088 2227 2245 2480
168 87 245 468 496 543 634 672 879 907 910 935 938 1084 1229 1287 1318 1383 1416 1612 1671 1746 1786 1810 1836 1844 2083 2101 2279 2316 2379
169 3 103 127 161 166 415 466 580 592 613 898 935 1021 1095 1244 1276 1445 1481 1676 1763 1882 1959 2006 2102 2129 2322 2340
170 89 493 570 650 719 875 975 1302 1364 1457 1718 1726 1730 1750 1817 1968 1988 2058 2363 2458
171 77 319 327 402 485 509 727 759 763 812 825 940 960 961 1086 1099 1104 1125 1249 1337 1338 1494 1642 1656 1795 1841 2101 2159 2231 2270 2316 2447
172 5 45 77 108 259 424 456 488 491 552 784 1105 1235 1298 1537 1596 1849 1859 1932 1945 2306 2332
173 54 197 242 251 291 366 485 712 724 823 1121 1159 1214 1625 1677 1757 1823 2065 2227 2264 2475
174 50 111 115 144 372 590 684 719 795 878 987 1006 1083 1087 1118 1275 1466 1484 1528 2204 2253 2407
175 215 256 278 282 433 452 464 561 588 623 968 986 1057 1094 1182 1192 1348 1404 1460 1525 1610 1638 1842 2011 2179 2309 2312 2317 2337 2349 2417 2444
176 36 127 138 232 430 557 606 653 752 773 887 938 954 970 1577 1627 1731 1813 1918 1958 1968 2150 2205 2291 2375
177 32 63 79 196 320 567 671 690 694 749 794 933 1172 1187 1252 1399 1480 1495 1884 1893 1918 2053 2121 2132 2149 2260 2262
178 63 84 90 464 623 658 681 847 982 1119 1289 1410 1472 1531 1878 1898 2253 2277 2282 2292 2328 2364 2459
179 106 191 413 538 827 932 996 1027 1134 1171 1216 1332 1339 1402 1433 1753 1898 2084 2119 2228 2309 2354
180 142 269 284 438 641 838 979 987 1021 1176 1586 1593 1606 1917 2218 2239 2265 2317
181 35 43 102 234 476 909 932 1029 1132 1249 1348 1390 1572 1584 1586 1615 1624 1704 1791 1876 1964 2043 2320
182 186 602 648 649 691 733 833 901 968 1108 1150 1165 1190 1214 1399 1523 1554 1568 1582 1621 1656 1686 1715 1766 1937 2025 2032 2033 2115 2148 2159 2407 2481
183 30 43 225 227 296 361 528 576 590 628 731 839 852 926 1010 1026 1406 1450 1490 1518 1589 1717 1928 2043
184 31 360 635 645 791 820 874 967 1120 1141 1394 1510 1516 1752 2389 2488
185 89 90 247 594 643 970 1252 1288 1315 1497 1588 1621 1691 1751 2137 2302
186 52 78 151 182 228 318 366 412 545 801 941 1105 1139 1159 1462 1569 1589 1610 1617 1655 1672 1877 1922 2166 2242 2347 2479
187 125 222 352 358 409 516 930 1034 1185 1315 1476 1707 1781 1793 1849 1907 1999 2015 2156 2388 2409
188 52 413 588 640 687 756 828 890 924 1030 1176 1201 1217 1221 1456 1625 1741 1812 2000 2095 2257 2323 2418
189 199 399 407 490 527 635 714 718 784 804 1094 1329 1373 1642 1719 1827 1929 2010 2123 2412 2445 2463
190 71 84 128 164 323 359 415 669 850 1001 1022 1192 1231 1362 1572 1629 1698 1818 1915 2006 2156 2242 2276 2334 2362
191 102 179 328 629 765 826 870 923 1165 1297 1302 1953 2044 2059 2074 2099 2229 2275
192 63 70 79 255 348 391 447 531 569 574 666 795 822 1175 1357 1366 1604 2053 2302
193 56 80 253 356 457 579 604 765 788 934 955 993 1105 1109 1286 1332 1609 1646 1698 1742 2112 2121 2231 2263 2395 2481
194 141 414 545 833 882 884 899 1045 1205 1259 1357 1402 1603 1633 1714 1724 1725 1810 2221 2309 2439 2456 2463
195 84 200 256 272 282 471 509 555 575 697 735 759 785 835 963 1038 1103 1108 1149 1159 1187 1364 1460 1479 1490 1527 1588 1634 1733 1754 2146 2147 2163 2383 2415
196 177 399 406 527 664 789 913 1159 1305 1332 1428 1623 1650 2095 2098 2135 2326 2382
197 117 137 173 278 314 386 502 641 759 804 819 889 913 978 1190 1245 1394 1571 1624 1652 1800 1901 1988 2044 2060 2129
198 6 8 100 323 424 447 564 855 890 978 1050 1128 1158 1235 1293 1331 1355 1441 1470 1519 1541 1753 1867 1956 2203 2255
199 189 222 337 409 444 587 788 942 1052 1269 1278 1358 1536 1816 2250 2275 2280 2357 2374
200 53 72 195 247 445 449 637 755 801 1010 1192 1268 1321 1445 1489 1508 2186 2476
201 119 202 385 418 436 513 592 1111 1296 1299 1359 1361 1377 1540 1568 1620 1704 1720 1740 2141 2152
202 36 149 201 211 217 298 354 402 473 519 701 922 1116 1129 1262 1263 1427 1448 1511 1658 1695 1716 1794 1850 1874 1900 1942 1961 2220 2398
203 87 102 122 126 240 434 503 566 622 944 953 1300 1581 1628 1632 1945 2028 2042 2151 2369 2422 2495
204 114 356 380 477 639 713 924 1066 1119 1150 1237 1594 1769 1829 1881 1957 2049 2331 2396
205 22 219 351 461 472 481 608 815 859 901 917 999 1164 1252 1305 1394 1471 1818 1869 1980 2009 2050 2103 2106 2197 2367 2387
206 40 161 238 283 355 385 722 859 1090 1111 1128 1255 1609 1864 1939 1953 1984 2077 2149 2265 2468
207 320 390 411 430 457 597 643 791 868 879 980 997 1048 1055 1086 1223 1295 1320 1436 1452 1515 1628 1695 1944 2026 2109 2412 2433
208 106 804 948 1116 1143 1161 1319 1581 2181 2205 2235 2485
209 50 266 465 577 639 674 870 879 891 1032 1080 1198 1225 1462 1524 1647 1719 1749 1859 1953 2089 2391
210 27 58 218 221 233 441 447 655 673 746 808 842 927 958 984 1235 1469 1486 1529 1579 1717 1959 2008 2020 2121 2329 2390 2421
211 94 157 202 217 242 431 617 767 976 1183 1314 1435 1448 1485 1500 1522 1832 1910 1926 2018 2253 2368 2381
212 265 802 885 1102 1135 1288 1524 1673 1696 1861 2010 2159 2184 2264 2314 2397
213 77 142 253 297 345 405 708 1016 1051 1072 1184 1341 1363 1366 1429 1533 1570 1686 1715 1998 2027 2054 2084 2207 2246 2335 2398 2464 2475 2498
214 102 137 271 286 334 374 492 796 807 1009 1100 1193 1219 1281 1405 1501 1773 1774 1782 1994 2239
215 48 50 102 114 175 233 366 388 389 443 537 622 1058 1064 1117 1227 1362 1491 1531 1572 1613 1696 1714 1761 1799 1934 2066 2093 2208 2254 2283 2324 2355 2420 2453
216 90 95 255 259 340 406 532 1050 1137 1144 1173 1184 1477 1486 1599 1609 1839 1978 2036 2108 2209 2314 2491
217 3 202 211 321 347 371 454 617 686 881 904 951 1150 1240 1366 1377 1418 1488 1637 1648 1733 1753 2039 2055 2056 2247 2293 2360 2416 2448
218 7 33 85 145 210 328 378 419 431 474 651 655 678 684 785 863 913 1059 1344 1535 1574 1601 1608 1718 1727 1818 1867 1927 2013 2128 2217 2313 2404 2496
219 15 141 205 349 476 807 894 912 1001 1108 1121 1211 1286 1457 1629 1721 1734 1738 1918 2056 2102 2157 2240 2266
220 44 50 117 741 932 936 1048 1243 1330 1367 1432 1444 1515 1555 1824 1911 1994 2046 2063 2158 2175 2217 2355 2389 2393 2403 2449 2458 2495 2499
221 112 116 210 402 435 744 763 770 886 1044 1249 1288 1319 1333 1520 1960 2005 2008 2154 2199 2305
222 27 187 199 224 284 319 694 729 805 886 1194 1198 1202 1311 1325 1477 1557 1615 1673 1715 1716 1730 1830 1908 1976 2003 2019 2112 2281 2392 2499
223 8 359 365 403 493 610 745 784 1049 1075 1331 1386 1395 1470 1479 1480 1642 1694 1695 1760 1823 1919 1929 1976 2041 2060 2093 2138 2156 2304 2343 2419 2492
224 43 222 314 338 377 412 571 577 602 653 841 1084 1098 1153 1229 1349 1450 1659 1723 1778 1820 1824 2096 2141 2176 2226
225 183 248 371 378 612 756 881 920 922 1017 1096 1206 1253 1305 1513 1528 1689 1695 1740 2045 2170 2215 2360 2437
226 5 128 313 465 512 576 587 626 905 948 1023 1235 1238 1417 1522 1671 1902 1918 2039 2085 2203 2256
227 93 116 183 369 630 713 1005 1022 1023 1191 1343 1431 1570 1705 1715 2079 2083 2154
228 22 69 84 186 298 550 555 639 651 792 1039 1110 1175 1351 1365 1390 1470 1594 1666 1730 1834 1932 2076 2081 2084 2093 2166 2223 2290 2321 2412
229 61 138 252 619 623 1203 1228 1274 1365 1394 1421 1574 1591 1601 1690 1744 1934 1951 2223 2472
230 242 310 350 580 597 654 730 793 824 977 1018 1042 1048 1098 1309 1379 1417 1525 1714 1882 1951 1979 2292 2341 2344 2470 2471
231 62 250 500 562 572 625 653 839 947 978 1049 1090 1133 1283 1294 1460 1489 1589 1638 1773 1880 1975 2058 2231 2337 2478 2482
232 58 176 267 474 666 722 760 1006 1016 1200 1237 1282 1406 1436 1507 1530 1586 1687 1729 1734 1871 1943 1980 2024 2090 2254 2337 2492
233 120 129 151 156 210 215 261 329 366 391 411 468 585 871 964 976 1129 1197 1337 1402 1472 1616 1845 1924 2066
234 181 307 399 413 646 817 873 894 947 1157 1744 1869 1892 1910 1927 1942 2118 2312 2318 2492
235 58 276 346 486 516 993 1112 1115 1196 1237 1248 1307 1395 1709 1882 1900 1915 1922 2085 2123
236 336 403 574 703 728 830 844 921 983 1536 1648 1730 1758 1799 1812 1837 1838 1860 1891 1988 2036 2304 2325 2360 2385 2425
237 7 105 137 487 627 905 964 1011 1022 1070 1085 1098 1180 1233 1319 1604 1654 1657 1821 1851 1916 2112 2117 2210 2332 2404
238 123 130 151 206 256 355 403 417 440 546 548 571 586 972 1020 1191 1316 1525 1694 1696 1755 2144 2153 2377 2398
239 31 256 324 389 570 650 667 675 689 796 843 950 956 982 1193 1268 1349 1577 1590 1857 1869 1983 2005 2119 2291 2318 2385 2389 2400
240 131 203 253 301 374 392 481 491 639 870 981 989 1071 1309 1321 1345 1498 1638 1895 1953 2161 2196 2404 2423
241 85 129 167 394 504 508 589 602 900 1034 1139 1150 1249 1291 1413 1474 1516 1548 1562 1593 1675 1679 1733 1805 1811 1948 2006 2073 2121 2158 2211 2304 2335 2380 2465
242 2 78 173 211 230 256 350 503 523 543 592 597 699 718 815 967 1251 1405 1526 1612 1819 1849 2041 2176 2198 2305
243 346 567 658 717 1078 1561 1577 1669 1818 1950 1990 2006 2160 2205 2423
244 63 70 248 255 288 402 410 512 522 609 626 649 658 661 716 769 801 969 1120 1223 1261 1280 1287 1503 1623 1637 1844 1916 1940 2048 2389
245 168 281 486 512 778 829 870 911 1041 1068 1191 1425 1597 1745 1812 1822 1880 1964 1982 1992 2032 2381
246 60 263 272 361 926 1000 1036 1111 1541 1558 1625 1707 1762 1869 1914 2139 2320 2331 2411 2440
247 7 185 200 338 434 638 653 704 784 934 949 986 1066 1072 1109 1314 1415 1444 1568 1580 1649 1655 1759 1817 1864 1869 1919 1955 2037 2149 2170 2213 2258 2343 2484
248 89 91 225 244 297 510 516 632 682 803 881 987 1015 1144 1489 1497 1537 1662 1730 1799 1820 1847 1905 1931 1933 1993 2071 2148 2168 2333 2361
249 150 258 522 586 664 783 873 892 996 1013 1092 1111 1173 1317 1402 1517 1640 1780 1986 2076 2101 2105 2194 2209 2404 2481 2490
250 2 21 114 118 231 328 511 628 677 699 1245 1253 1273 1330 1530 1557 1701 1709 1851 1874 1897 1954 2021 2223 2246 2338 2407
251 50 125 137 154 173 411 435 566 726 765 1060 1148 1165 1296 1654 1863 2332 2449
252 124 146 229 365 370 614 620 854 1237 1434 1447 1547 1650 1660 1702 1705 1736 1743 1793 1957 1976 2016 2176 2183 2458
253 2 43 76 149 193 213 240 315 337 472 566 622 676 753 825 853 888 903 936 1047 1151 1263 1342 1435 1444 1556 1655 1908 1918 1941 2017 2054 2085 2144 2174 2256 2279 2387
254 369 379 407 582 817 1000 1108 1129 1232 1270 1374 1456 1596 1691 1850 1901 1949 2011 2065 2175 2179
255 27 134 192 216 244 304 450 458 486 524 555 588 903 925 933 975 1176 1260 1375 1403 1535 1706 1805 2126 2185 2487 2489
256 18 50 75 118 165 175 195 238 239 242 336 394 420 663 687 728 798 1070 1116 1236 1316 1569 1609 1749 1848 1917 2040 2090 2168 2189 2321 2324 2382 2435
257 68 110 129 342 391 455 460 611 634 708 769 864 890 939 1011 1184 1337 1543 1614 1685 1758 1784 1822 1897 1906 2037 2061 2090 2119 2153 2157 2267 2282 2430
258 4 144 249 320 431 532 600 639 882 931 1030 1058 1099 1152 1199 1218 1223 1249 1279 1298 1311 1354 1555 1577 1905 1916 1935 2091 2195 2260
259 115 172 216 496 531 561 817 877 934 997 1175 1325 1326 1464 1517 1566 1569 1844 1911 1931 1972 1992 2008 2066 2187 2256 2482 2484
260 55 620 707 774 864 891 921 992 1003 1241 1356 1367 1437 1647 1724 1780 1954 2067 2081 2158 2249
261 18 117 233 330 342 399 607 808 844 909 1279 1337 1408 1411 1442 1444 1452 1482 1483 1573 1661 1855 2131 2239 2414 2495
262 297 313 334 507 617 621 677 756 830 917 939 1005 1249 1310 1376 1728 1790 1809 1880 1932 1944 2022 2123 2273 2359
263 246 382 414 476 501 630 641 735 741 788 973 984 1008 1033 1209 1234 1393 1532 1607 1613 1618 1660 1663 1746 1763 1867 1909 2091 2138 2476 2497
264 37 88 510 536 552 616 641 719 1315 1354 1358 1401 1516 1569 1587 1625 1831 1836 1905 2060 2367 2372 2471
265 24 102 212 352 436 531 718 739 814 837 849 998 1081 1195 1244 1248 1388 1399 1475 1597 1610 1653 1717 1725 1808 2039 2079 2122 2190 2363
266 20 52 140 209 305 330 338 517 530 544 642 685 759 766 777 1052 1328 1349 1387 1407 1432 1571 1656 1702 1706 1740 2076 2112 2483
267 2 37 104 166 232 300 407 416 652 698 763 1064 1483 1518 1531 1559 1642 1661 1674 1840 1896 2037 2348 2372
268 53 126 127 288 380 389 567 607 693 717 833 1053 1356 1427 1498 1790 1797 1880 2004 2074 2121 2185 2260 2303
269 2 139 180 461 470 654 705 725 1117 1242 1279 1352 1362 1372 1581 1682 1701 1893 2078 2144 2188
270 53 310 691 811 825 829 908 1053 1068 1415 1449 1529 1618 1628 1646 1659 1703 1753 1822 2127 2163 2164 2234 2251 2293
271 214 304 346 348 388 397 569 722 774 1000 1054 1149 1270 1617 1793 1799 1806 1870 2078 2139 2486
272 14 40 61 129 195 246 632 798 893 989 1201 1203 1299 1394 1628 1706 1843 1859 1862 2129 2140 2240 2472 2498
273 80 91 344 410 481 576 810 902 945 1078 1159 1324 1360 1370 1383 1405 1476 1526 1614 1652 1773 2071 2132 2144 2204 2268
274 86 312 369 399 572 728 743 758 760 881 1007 1057 1140 1146 1381 1468 1543 1563 1603 1643 1908 1970 2086 2122 2217 2324
275 289 295 324 328 333 351 490 722 755 839 904 949 955 1129 1133 1163 1173 1250 1294 1449 1718 1804 1831 1959 1960 1986 2101 2117 2199 2378 2381 2440
276 83 235 318 603 726 829 859 867 935 979 1027 1038 1109 1121 1215 1287 1416 1438 1490 1641 1873 1891 1928 1963 2018 2060 2232 2261 2381
277 31 77 317 349 476 604 645 940 1000 1079 1183 1307 1315 1380 1381 1605 1743 1848 2052 2170 2249 2392 2424
278 26 164 175 197 401 410 422 588 619 706 990 1023 1048 1247 1310 1383 1412 1432 1564 1595 1610 1688 1757 1797 2040 2106 2173 2183 2213 2373 2429 2457
279 287 374 493 543 577 824 837 896 924 1053 1446 1478 1522 1587 1908 2067 2265 2271
280 138 281 323 364 388 409 506 576 591 632 652 769 806 846 900 973 1020 1034 1054 1272 1500 1591 1608 1677 1772 1774 1782 1884 2022 2094 2259 2347 2453
281 92 245 280 289 383 405 423 432 463 678 776 801 910 926 970 1033 1065 1094 1182 1261 1262 1270 1434 1556 1725 1771 1785 2222 2486
282 92 95 175 195 417 581 608 694 743 840 841 931 1019 1188 1349 1399 1469 1574 1650 2044 2151 2274
283 39 81 106 206 526 645 676 701 734 1057 1112 1160 1217 1293 1355 1379 1420 1565 1568 1791 1823 2097 2243 2430 2498
284 54 98 101 180 222 427 517 659 679 688 785 1221 1275 1360 1541 1550 1901 2072 2081 2417 2475 2478
285 38 540 587 602 822 873 964 1100 1129 1234 1257 1306 1317 1353 1414 1667 1668 1713 1755 1759 1770 1992 2006 2068 2121 2226 2312 2412 2436 2489
286 214 344 581 582 633 652 781 846 934 984 1076 1126 1308 1421 1658 1690 1733 1789 1900 2001 2072
287 104 132 279 302 317 461 604 863 917 1075 1084 1186 1249 1349 1546 1606 1770 1791 1803 1855 1883 1898 2264 2339 2404 2422 2496
288 84 244 268 334 432 462 498 533 579 746 797 868 963 1137 1395 1471 1515 1826 1875 1916 1935 2040 2084 2224 2242 2460 2485
289 0 115 275 281 352 360 439 631 715 1056 1060 1093 1236 1265 1543 1646 1674 1795 1871 2430 2461
290 26 82 141 306 401 429 541 657 713 759 802 1098 1183 1415 1906 2093 2294 2302 2494
291 173 390 416 418 427 481 496 561 820 930 954 957 966 1086 1095 1192 1204 1307 1313 1373 1455 1487 1589 1783 1848 1966 2223 2343 2350 2385 2441
292 536 588 597 735 813 847 1079 1081 1092 1286 1463 1479 1496 1703 1737 1833 1874 2120 2321 2326 2448
293 5 335 344 441 598 696 746 838 844 1021 1104 1217 1472 1493 1528 1665 1898 1953 1967 2010 2067 2208 2220 2380 2384 2404 2494
294 22 147 296 638 669 719 794 850 852 932 1216 1369 1391 1618 1645 1671 1694 1708 2142 2159 2239 2247 2250 2254 2299 2369 2371 2388 2393 2440
295 76 142 275 301 398 422 423 443 508 533 561 574 864 1279 1374 1430 1504 1654 1718 1812 1846 1943 2086 2229 2358 2420
296 183 294 570 601 742 797 867 900 902 1096 1184 1269 1329 1350 1418 1428 1645 1676 1710 1730 1748 1789 1874 1982 2059 2324 2456 2475
297 213 248 262 401 407 773 784 822 907 1289 1393 1498 1510 1615 1616 1667 1740 1830 1859 1973 2037 2163 2299 2383 2385 2395
298 202 228 375 902 914 1048 1076 1202 1236 1310 1439 1456 1614 1652 1773 2041 2166 2252 2255 2303
299 47 304 379 394 517 703 775 838 871 973 1131 1180 1233 1277 1436 1462 1598 1601 1671 1790 1791 1902 1988 2014 2164 2235 2255 2403
300 12 267 367 478 484 627 657 696 846 951 1067 1115 1132 1274 1284 1356 1437 1465 1617 1656 1760 1814 1900 1904 2044 2182 2213 2373 2403
301 67 69 240 295 396 486 554 562 647 705 1453 1466 1661 1691 1753 1987 1998 2024 2051 2225 2260 2413 2459 2491
302 17 21 51 167 287 323 393 688 786 907 923 1082 1140 1293 1369 1459 1650 1794 1844 1847 1923 2135 2254
303 146 473 575 667 939 955 1349 1485 1502 1540 1832 1841 1992 2097 2145 2205 2420
304 21 255 271 299 367 452 467 535 616 771 783 827 844 857 899 903 1042 1244 1351 1384 1414 1545 1554 1660 1840 1928 2193 2213 2473 2474
305 135 266 356 435 450 491 540 551 603 674 679 681 686 1002 1141 1183 1273 1458 1695 1717 1872 1915 1949 2047 2173 2468
306 41 290 312 340 415 729 829 906 1211 1339 1689 1729 1865 1970 2031 2145 2148 2216
307 12 49 162 234 411 474 485 739 758 959 1111 1164 1297 1363 1386 1465 1546 1629 1678 1864 1929 1938 2012 2214 2221 2298 2433
308 358 727 799 817 852 1058 1400 1404 1434 1562 1822 1849 1854 1880 1913 2014 2031 2052 2061 2146 2305 2308 2498
309 453 579 793 1027 1045 1086 1097 1407 1434 1443 1692 1871 2006 2069 2097 2247 2270 2320 2473 2483
310 230 270 319 390 501 743 792 909 916 922 952 973 1048 1049 1092 1137 1140 1179 1191 1252 1312 1588 1602 1662 1729 1757 1874 1980 2018 2154 2159
311 7 346 438 799 957 1009 1059 1088 1431 1454 1475 1550 1847 1933 1943 2163 2339 2379 2457
312 274 306 413 442 775 808 917 1003 1034 1063 1193 1518 1550 1582 1623 1664 1739 1761 1857 2012 2149 2260 2292 2343 2365 2478
313 119 226 262 486 539 548 706 799 820 1136 1298 1389 1651 1749 1872 1988 2063 2194 2233 2240 2366
314 19 197 224 507 765 860 927 933 947 1111 1127 1197 1272 1365 1398 1406 1491 1561 1591 1657 2017 2040 2069 2108
315 24 87 253 405 714 729 838 934 1144 1156 1248 1324 1325 1344 1391 1508 1539 1734 1763 1785 1837 1920 2491
316 86 330 352 467 471 520 536 542 702 776 935 1068 1083 1248 1412 1731 1873 1986 2145 2275 2394 2445
317 97 277 287 391 446 482 639 826 919 951 1091 1430 1559 1635 1789 1886 1921 2052 2133 2218 2432
318 59 145 186 276 622 629 681 696 808 824 1246 1260 1344 1553 1554 1579 1604 1649 1799 1906 1987 2089 2129 2170 2229 2334 2357
319 148 171 222 310 368 404 415 442 757 845 908 928 970 980 1052 1913 1921 1963 2001 2057 2153 2170 2179 2239 2319 2484
320 177 207 258 542 581 753 804 820 859 1002 1056 1178 1290 1337 1351 1492 1676 1682 1712 1828 1842 2193 2224 2481
321 217 407 410 586 662 679 785 831 922 933 946 1013 1018 1073 1087 1366 1426 1449 1604 1853 1877 1879 1934 1967 1991 2051 2345 2387
322 27 91 113 160 340 471 491 528 578 591 746 781 796 800 929 1085 1105 1133 1390 1721 2108 2123 2168 2196 2392
323 125 155 190 198 280 302 374 421 462 525 695 716 725 752 874 948 999 1115 1198 1252 1481 1677 1747 1915 1998 2033 2086 2103 2149 2303 2427 2433 2434
324 106 239 275 467 506 543 566 590 753 872 1127 1199 1326 1375 1501 1572 1772 1933 2033 2283 2489
325 333 547 715 763 919 978 981 997 1104 1165 1200 1251 1282 1374 1411 1442 1518 1638 1741 1801 1996 2089 2096 2133 2145 2147 2189 2290 2326 2454
326 156 469 708 810 959 1241 1359 1393 1405 1433 1481 1602 1704 1740 1764 1833 1950 2053 2109 2266 2268 2346 2376
327 151 171 328 376 382 394 603 755 791 872 1163 1165 1171 1216 1330 1487 1541 1603 1655 1692 1751 2046 2052 2230 2485
328 74 191 218 250 275 327 459 464 595 765 1034 1193 1216 1385 1661 1778 2047 2132 2234 2405 2483
329 52 68 123 233 480 659 678 889 892 939 956 1026 1595 1770 1868 1905 2040 2109 2284 2385 2423 2474 2490 2498
330 129 261 266 316 548 625 665 669 727 925 952 1011 1020 1021 1230 1332 1382 1386 1420 1644 1708 1805 2018 2056 2196 2334 2483
331 16 33 90 351 465 566 780 1016 1163 1170 1220 1253 1374 1545 1591 1666 1717 1731 1817 1973 2019 2081 2108 2339 2347 2416
332 48 49 70 147 156 459 511 670 799 951 1027 1051 1062 1148 1151 1181 1253 1300 1345 1424 1807 1922 1980 2181
333 66 275 325 335 359 439 496 503 813 991 1077 1282 1313 1320 1336 1426 1642 1649 1791 1840 1863 2028 2403
334 73 214 262 288 503 506 626 723 854 893 934 946 954 1050 1089 1121 1353 1450 1538 1570 1599 1621 1634 1993 2148 2298 2349 2472
335 121 293 333 402 427 464 531 546 723 967 1081 1113 1226 1396 1489 1605 1643 1654 1907 2031 2053 2060 2137 2249 2482 2495
336 236 256 451 470 544 576 641 739 751 831 947 968 982 1149 1303 1640 1776 1803 2267 2318
337 51 134 199 253 432 500 521 681 840 935 1007 1204 1266 1448 1481 1482 1621 1743 1836 1840 1844 1889 1911 1972 2017 2069 2070 2231 2247 2296 2463
338 19 224 247 266 532 693 716 744 772 861 1075 1167 1220 1303 1355 1581 1624 1729 1814 2045 2090 2113 2255 2320
339 51 88 124 610 939 1093 1140 1252 1287 1401 1406 1664 1723 1735 1811 2014 2231 2432
340 9 216 306 322 407 435 763 868 905 921 966 1282 1360 1431 1551 1580 1705 1708 1857 1978 2041 2073 2137 2229 2288
341 53 92 107 149 561 608 725 779 859 860 947 1034 1237 1297 1393 1413 1445 1481 1501 1659 1773 1854 1876 1893 1897 1924 2048 2362
342 257 261 394 407 578 720 735 752 799 826 844 902 920 933 993 1007 1162 1265 1299 1392 1508 1579 1861 2070 2245 2350 2384 2407 2453
343 84 105 143 167 420 425 427 434 456 480 580 605 788 818 963 1031 1148 1189 1209 1210 1626 1670 1759 1807 1908 2353 2458 2486
344 93 162 273 286 293 505 553 568 653 729 737 981 999 1152 1399 1572 1635 1681 1805 2111 2272 2387 2401 2441
345 121 213 365 406 494 539 601 731 793 845 923 958 981 1035 1073 1078 1179 1214 1255 1380 1391 1429 1500 1569 1612 1637 1640 1645 1710 1753 1760 1806 1852 1861 2055 2086 2141 2159 2190 2252 2351
346 146 235 243 271 311 364 447 475 504 534 626 638 642 666 729 799 901 980 1304 1401 1528 1547 1563 1684 1746 1768 1949 2052 2075 2109 2253 2271 2422
347 50 217 373 402 590 750 1046 1271 1291 1381 1396 1646 1771 1803 1846 1881 2108 2253 2377 2385 2421
348 72 192 271 441 491 529 669 853 912 956 1317 1443 1774 1944 2392 2417 2427 2474
349 219 277 441 534 663 865 877 881 949 1313 1341 1366 1400 1438 1656 1691 1743 2027 2256 2377 2409 2439 2470
350 230 242 484 538 891 936 997 1305 1345 1487 1559 1635 1813 1942 1960 2013 2027 2064 2080 2093 2127 2432
351 2 47 99 205 275 331 686 747 779 869 998 1048 1074 1245 1343 1459 1552 1598 1607 1665 1710 1713 1922 2009 2044 2194 2252 2360 2389 2499
352 162 187 265 289 316 382 393 433 526 791 1118 1277 1279 1297 1340 1341 1389 1476 1582 1615 1663 1769 1808 1882 1971 2181 2189 2480
353 4 157 398 431 490 873 1099 1108 1110 1220 1256 1319 1394 1527 1561 1623 1695 1720 1838 1874 2119 2126 2199 2296 2383
354 26 61 83 102 120 202 476 499 618 981 1158 1226 1250 1284 1308 1351 1398 1520 1548 1756 1780 2068 2161 2232 2286 2388 2392 2398 2400 2485
355 75 118 206 238 413 483 485 544 595 616 696 739 933 940 1093 1455 1456 1476 1526 1625 1641 1722 1856 1886 1921 1978 2042 2091 2192 2200 2211 2213 2256 2297
356 193 204 305 362 632 678 757 896 941 950 1048 1281 1344 1380 1430 1468 1487 1607 1672 1870 1876 2136 2157 2327 2430 2435 2463
357 36 110 369 403 453 656 710 717 913 1029 1056 1147 1299 1326 1587 1685 1758 1815 1944 2025 2058 2158 2228 2303 2388 2435 2471
358 57 119 187 308 398 444 516 597 618 796 864 964 1151 1203 1267 1717 1724 1821 1875 1876 1905 1951 2008 2014 2173 2214 2331 2421 2469
359 87 158 190 223 333 512 516 522 655 698 897 1048 1052 1229 1296 1344 1433 1453 1533 1590 1630 1727 1850 2043 2053 2097 2099 2176 2193 2301 2312 2463
360 87 99 112 184 289 391 421 540 608 625 737 943 1056 1088 1093 1241 1336 1716 2086 2369 2372 2493
361 100 183 246 573 587 622 732 779 899 1000 1021 1107 1167 1184 1225 1238 1377 1460 1556 1627 1637 1649 1842 1941 2029 2128 2243 2473
362 108 158 356 366 479 486 700 751 774 778 869 938 951 957 970 984 1048 1090 1184 1211 1304 1375 1424 1585 1587 1742 1809 1828 1847 1866 2113 2166 2305 2329
363 0 419 716 962 1080 1152 1233 1297 1344 1519 1765 1904 2082 2371 2394 2453 2489
364 10 19 280 346 677 1095 1187 1216 1307 1353 1373 1388 1420 1462 1602 1728 1780 2002 2030 2043 2139 2234 2249 2458 2483
365 147 223 252 345 566 741 751 766 1063 1264 1334 1363 1575 1646 1678 1727 2238 2326 2364 2424 2435
366 73 173 186 215 233 362 396 544 590 627 682 803 923 944 950 962 1272 1475 1676 1694 1779 1783 1832 1860 1886 2246 2273 2315 2337 2354 2365
367 65 101 300 304 612 658 731 743 858 985 989 996 1001 1268 1712 2199 2232 2372 2490
368 68 135 319 488 542 555 1027 1118 1151 1220 1399 1610 1778 1952 2192
369 110 135 227 254 274 357 598 601 608 689 735 1129 1302 1500 1564 1671 1687 1777 1818 1830 1907 1919 1956 1966 2004 2078 2318 2428
370 31 72 252 435 514 605 639 647 809 827 901 1143 1211 1434 1480 1487 1762 1789 1827 1922 2182 2429 2454
371 19 125 217 225 379 444 463 697 840 855 1050 1073 1321 1322 1328 1340 1437 1499 1875 2145 2171 2301 2369 2389 2443
372 17 22 174 373 381 421 471 518 714 961 1079 1106 1115 1469 1618 1923 2007 2071 2138 2207 2412 2416 2424
373 59 97 347 372 513 530 648 749 790 855 1000 1042 1095 1131 1145 1147 1671 1746 1781 1887 2035 2070 2245 2312 2365
374 61 82 148 214 240 279 323 752 1047 1079 1296 1317 1340 1449 1450 1698 1739 1743 1905 1912 2283 2334 2476
375 55 127 298 397 451 468 500 582 881 923 1148 1226 1482 1514 1614 1644 1647 1710 1717 1732 1792 1812 1949 2179 2392 2473
376 327 513 517 531 657 705 830 889 935 972 1015 1079 1147 1158 1268 1384 1572 1579 1616 1639 1730 1947 1971 1983 2248 2261 2406 2436
377 4 13 79 131 224 405 659 889 900 944 1086 1258 1296 1377 1499 1558 1605 1962 2310 2362 2455
378 61 105 218 225 399 428 432 441 550 791 900 1026 1048 1400 1962 2090 2330
379 254 299 371 1009 1041 1171 1415 1431 1489 1581 1699 1711 1807 1964 1987 2014 2174 2215 2355 2391 2448
380 95 204 268 439 583 875 912 932 1024 1140 1421 1803 1823 1839 2204 2237 2278 2374 2467
381 8 47 67 106 372 421 597 735 784 863 1158 1234 1240 1245 1289 1410 1475 1508 1750 1895 2052 2108 2196 2209 2217 2224
382 263 327 352 517 533 556 622 757 826 876 1337 1516 1595 1613 1644 1744 1860 1940 2091 2398 2409 2412 2447
383 4 70 78 281 407 445 526 635 719 723 942 1079 1193 1219 1266 1420 1736 1863 1865 1957 1992 2030 2075 2453 2456
384 625 695 773 890 1022 1100 1125 1171 1206 1283 1358 1382 1517 1587 1590 1597 1748 1781 1881 1936 1950 2040 2061 2209 2224 2425
385 13 201 206 386 489 567 779 787 1215 1230 1322 1334 1371 1445 1489 1528 1846 2099 2125 2160 2338 2465
386 46 70 81 197 385 429 594 890 993 1093 1158 1209 1244 1337 1493 1513 1565 1678 2011 2073 2222 2260 2434
387 430 677 687 692 740 753 908 1023 1083 1139 1207 1252 1303 1441 1542 1557 1776 1856 1906 1997 2132 2309
388 215 271 280 592 629 1018 1139 1283 1535 1572 1576 1637 1694 1787 1901 1906 1918 2234 2314 2466 2468
389 52 106 215 239 268 472 753 849 895 1020 1111 1113 1276 1432 1440 1620 1994
390 10 82 96 207 291 310 473 504 520 577 592 609 632 807 858 914 927 996 1000 1113 1149 1476 1542 1619 1682 1736 1740 1910 1916 2337 2460
391 59 121 192 233 257 317 360 420 449 536 548 647 655 688 721 747 894 1026 1227 1246 1382 1499 1531 1784 1947 2052 2150 2158 2210 2285 2484
392 4 6 71 240 407 422 452 1044 1153 1176 1345 1347 1363 1375 1413 1554 1580 1631 1701 1804 2088 2148 2348 2389 2412 2417 2429 2459 2493
393 79 104 302 352 565 809 1102 1190 1236 1252 1326 1539 1667 1790 1921 1929 1933 2107 2139 2228 2340
394 50 92 241 256 299 327 342 536 556 725 764 786 880 975 1024 1108 1111 1247 1252 1323 1416 1427 1494 1557 1587 1616 1679 1916 2069 2136 2237 2482 2483
395 13 145 417 428 471 545 557 678 689 1015 1064 1439 1747 1768 1838 1852 1924 2008 2183 2264 2288 2302 2440 2454
396 135 301 366 435 565 729 842 978 1107 1224 1242 1264 1802 2187 2355
397 122 163 271 375 498 532 612 759 760 867 872 912 1113 1178 1227 1384 1422 1481 1489 1990 2232 2264 2286
398 295 353 358 605 690 709 902 911 1137 1220 1316 1482 1560 1603 1615 1770 1885 1887 1901 1936 1966 2285 2392 2477
399 31 66 126 189 196 234 261 274 378 429 455 485 536 548 575 792 1011 1198 1218 1307 1871 2080 2185 2264 2335 2338
400 65 475 568 586 814 1181 1205 1271 1354 1375 1427 1429 1600 1616 1766 1997 2052 2099 2294 2418 2439 2453 2482
401 29 43 46 52 76 133 278 290 297 423 573 1135 1195 1347 1468 1512 1582 1630 1794 1896 2016 2065 2154 2177 2272 2283 2284 2355 2358 2391 2434 2446 2449 2484
402 32 56 94 126 171 202 221 244 335 347 412 632 659 722 796 925 947 1013 1245 1259 1534 1583 1728 1786 1983 2019 2029 2087 2168 2192 2254 2264 2384
403 106 223 236 238 357 457 536 644 759 777 1167 1183 1205 1237 1453 1619 1803 2107 2171 2278 2357 2360 2406
404 163 319 424 433 492 622 700 848 963 993 1019 1125 1324 1356 1744 1814 1986 2019 2170 2293 2374
405 213 281 315 377 593 668 674 681 837 1072 1137 1233 1242 1266 1272 1354 1399 1578 1629 1780 1819 1907 2272 2297 2392
406 196 216 345 1020 1145 1155 1166 1187 1533 1679 1685 2001 2103 2125 2172 2279 2381 2444 2476
407 189 254 267 297 321 340 342 383 392 531 556 562 651 710 747 883 911 913 960 977 1205 1390 1407 1441 1505 1558 1583 1707 1781 1784 1859 1956 1992 1997 2059 2139 2277 2391
408 3 416 440 516 608 697 896 929 979 1288 1320 1323 1487 1526 1550 1770 1925 1965 2123 2233 2246 2278 2331 2358 2417 2419 2422
409 187 199 280 434 619 789 1308 1328 1454 1535 1573 1584 1634 1638 1838 1992 2056 2087 2363 2392 2436 2481
410 2 15 95 139 159 244 273 278 321 597 618 725 852 891 968 1037 1047 1072 1444 1631 1663 1936 1942 2062 2070 2078 2082 2151 2257
411 115 207 233 251 307 648 790 1090 1203 1324 1399 1416 1522 1639 1644 1664 1713 1918 1957 1981 2028 2251 2263 2384 2465 2498
412 186 224 402 414 485 551 609 691 893 1176 1240 1282 1283 1420 1492 1583 1795 1935 2060 2146 2195 2209 2241 2264 2383 2389 2412
413 114 179 188 234 312 355 418 507 595 635 704 726 791 808 896 917 993 1030 1286 1468 1474 1534 1555 1665 1736 1891 2296 2307 2372 2463
414 194 263 412 429 433 434 523 645 749 755 833 846 879 944 979 1087 1271 1274 1383 1399 1403 1468 1512 1552 1693 1703 1834 1884 1927 2170 2212 2240
415 169 190 306 319 486 498 524 530 589 840 1121 1135 1187 1220 1341 1345 1668 1679 1680 1778 1827 2079 2214 2218 2385 2404 2414 2452 2498
416 70 267 291 408 423 674 681 692 794 831 968 982 1193 1245 1465 1565 1626 1983 2018 2163 2245 2302 2352 2364
417 23 71 238 282 395 461 465 618 809 878 999 1060 1201 1206 1331 1410 1514 1527 1582 1891 1897 1917 1967 2090 2294 2467
418 5 60 90 201 291 413 429 494 517 772 791 1051 1052 1161 1191 1233 1236 1285 1296 1467 1693 1887 1932 1982 2025 2160 2329 2340 2394 2399
419 26 37 79 128 134 218 363 428 582 636 682 717 778 972 983 1475 1635 1704 1916 2258 2310 2384 2416 2463
420 2 43 74 256 343 391 631 714 803 1095 1126 1249 1267 1385 1561 1630 1718 1763 1796 1989 2430 2487
421 60 75 135 163 323 360 372 381 499 578 669 712 834 911 1102 1200 1203 1305 1377 1459 1465 1514 1525 1543 1669 1934 2055 2112 2156 2259
422 46 89 278 295 392 427 590 917 1009 1237 1244 1248 1300 1342 1527 1574 2003 2011 2021 2049 2195 2234 2311 2395 2447
423 15 53 55 281 295 401 416 471 584 639 881 998 1158 1195 1220 1269 1296 1321 1394 1484 1511 1576 1648 1679 1697 1734 1839 2058 2059 2198 2307 2412
424 172 198 404 448 848 1267 1330 1339 1412 1530 1716 1836 1872 2302 2309 2331
425 100 343 511 562 676 857 905 934 947 982 1056 1164 1254 1494 1613 1721 2002 2089 2398 2430
426 3 102 106 164 485 568 585 644 657 802 916 979 1128 1254 1356 1425 1664 1674 1713 1953 2006 2418
427 93 120 127 132 284 291 335 343 422 429 445 540 561 651 706 751 778 868 874 891 913 937 938 1138 1246 1370 1488 1516 1561 1591 1971 1976 2026 2247 2294 2382 2390 2425
428 9 113 378 395 419 528 532 700 721 770 782 789 1359 1435 1505 1620 1630 1909 2099 2411 2433
429 290 386 399 414 418 427 511 552 786 866 1002 1075 1076 1198 1802 1813 2252 2366 2384 2424 2443 2460
430 136 176 207 387 462 532 567 633 799 814 823 915 1256 1710 1734 1932 1949 1963 2170 2216
431 5 6 98 211 218 258 353 632 993 1133 1176 1212 1262 1584 1751 1819 2166 2360
432 73 160 281 288 337 378 451 574 998 1017 1042 1080 1210 1247 1409 1562 1570 1767 1932 1946 1972 2184 2229 2255 2329 2368 2399 2413
433 100 131 175 352 404 414 520 549 797 960 1162 1167 1171 1540 1571 1726 1753 1781 1971 2093 2156 2204 2216 2255 2313 2429 2439 2441
434 61 65 149 203 247 343 409 414 510 591 594 850 866 1282 1318 1482 1642 1665 1723 1738 1786 1810 1830 1912 1944 2188 2393 2481
435 15 43 89 114 136 221 251 305 340 370 396 673 701 727 964 1056 1085 1093 1099 1205 1285 1714 1801 1826 1890 1963 1966 2237 2388 2433 2496
436 17 201 265 497 569 587 640 668 681 817 900 1089 1154 1472 1502 1570 1601 1621 1655 1698 1711 1793 1805 2089 2227 2254 2266 2375 2404 2478
437 17 87 496 515 541 630 633 678 755 848 886 916 960 1214 1243 1425 1431 1454 1550 1561 2041 2155 2298 2411
438 180 311 591 609 711 979 1266 1308 1367 1592 1598 1793 1805 2016 2074 2084 2088 2377
439 35 86 102 148 155 289 333 380 451 497 526 615 692 826 894 1130 1458 1586 1717 1944 2007 2237 2356 2393
440 102 238 408 622 735 816 979 1199 1316 1376 1633 1799 1872 1932 1980 2062 2129 2222 2235 2342 2442
441 12 16 30 35 69 210 293 348 349 378 566 767 822 966 1006 1102 1465 1471 1526 1539 1551 1625 1704 1828 1842 1936 2165 2242 2288 2299 2403 2485
442 111 312 319 476 521 545 561 636 878 965 973 1205 1268 1295 1485 1590 2111 2141 2160
443 57 117 121 215 295 479 671 853 865 948 1048 1195 1385 1533 1647 1683 1909 1946 2036 2090 2354 2457 2483
444 23 85 95 199 358 371 477 517 537 616 661 903 906 1259 1392 1444 1497 1551 1584 1646 1673 1716 1802 1847 1885 2228 2344 2391
445 130 200 383 427 522 607 628 746 748 926 1302 1355 1406 1734 1776 1848 1850 1919 2147 2238 2385
446 146 317 592 621 777 805 888 920 957 1010 1025 1176 1184 1201 1231 1416 1431 1598 1656 1672 1679 1707 1750 1860 1874 1968 2055 2102
447 88 97 108 192 198 210 346 473 633 691 706 871 992 1061 1234 1309 1351 1398 1399 1439 1509 1620 1722 1862 1869 1919 2159 2303 2431
448 86 112 424 690 1003 1221 1305 1356 1381 1428 1453 1469 1552 1716 1733 1869 1964 1968 2104 2132 2341 2393 2417 2434 2437 2475
449 200 391 672 936 1007 1056 1139 1144 1194 1231 1232 1339 1507 1548 1752 1794 1976 2148 2235 2273 2344
450 86 108 134 255 305 549 593 915 957 1294 1407 1578 1606 1613 1833 2458 2469
451 4 39 105 336 375 432 439 636 718 838 852 999 1054 1074 1427 1465 1531 1796 1943 1960 2118 2174 2314 2419 2424
452 136 175 304 392 504 580 614 782 990 1072 1204 1255 1264 1352 1579 1760 1790 1846 2030 2038 2353
453 100 309 357 486 656 810 880 1122 1235 1462 1549 1826 1954 2180 2325 2363 2457
454 2 81 155 217 549 557 673 686 688 739 756 798 811 821 832 857 891 918 938 950 1170 1191 1247 1262 1326 1444 1518 1553 1673 1927 2086 2100 2364 2408
455 26 163 257 399 466 610 634 639 704 794 1140 1348 1392 1422 1518 1574 1623 1688 1729 2068 2106 2171 2207 2467
456 107 128 172 343 630 747 837 883 888 929 1023 1124 1458 1797 1872 2061 2192 2204 2290 2306 2486
457 22 23 51 193 207 403 509 519 613 651 678 731 742 783 802 924 1135 1173 1262 1283 1338 1403 1437 1614 1702 1741 1794 2082 2224 2448
458 9 123 255 542 764 907 1151 1243 1274 1386 1654 1724 1750 1799 1836 1947 1948 2035 2037 2058 2273 2281 2328 2343 2352 2392 2413
459 122 328 332 515 536 540 593 760 834 921 1197 1280 1283 1411 1584 1618 1772 1816 1906 1974 1985 1998 2000 2066 2125 2221 2241 2291 2298 2403 2456
460 101 143 257 586 632 687 882 1000 1108 1112 1125 1174 1372 1472 1829 1964 1996 2206 2382 2389 2390
461 128 205 269 287 417 658 778 1288 1620 1654 1801 2103 2148 2392 2399 2405 2449
462 72 288 323 430 640 1191 1321 1394 1395 1463 1513 1675 1698 1710 1806 1875 2097 2282 2315 2338 2480 2494
463 281 371 622 665 837 933 1042 1091 1161 1182 1193 1195 1471 1560 1719 1768 1840 2056 2105 2133 2151 2215 2311 2313 2422
464 11 142 175 178 328 335 534 737 807 1079 1517 1577 1612 1630 1835 1864 1989 2029 2044 2048 2168 2182 2304 2389 2463
465 61 209 226 331 417 647 714 728 759 784 968 1061 1079 1106 1636 1732 1790 1908 2086 2113 2175 2289
466 67 90 169 455 633 810 847 909 954 1131 1251 1253 1387 1435 1497 1510 1960 1979 2059 2067 2260 2368
467 122 304 316 324 491 948 955 1062 1073 1139 1187 1226 1308 1348 1456 1538 1581 1674 1737 1793 1804 1810 1919 1950 1952 1970 1975 1997 2076 2082 2140 2468
468 11 76 168 233 375 608 759 791 1035 1048 1446 1449 1559 1574 1579 1730 1753 1807 1910 2032 2136
469 159 326 572 592 1011 1061 1130 1223 1301 1413 1438 1502 1569 1598 1624 1719 1836 1971 1992 2035 2103 2241 2277
470 31 269 336 640 1009 1203 1425 1474 1661 2154 2188 2195 2334 2412 2467
471 30 71 152 195 316 322 372 395 423 513 903 926 948 1013 1071 1195 1258 1267 1297 1479 1656 1921 1922 1943 2073 2152 2230 2411 2445 2465 2484
472 164 205 253 389 528 546 636 684 809 819 952 1038 1228 1275 1278 1300 1395 1462 1650 1751 1815 2013 2130
473 74 150 164 202 303 390 447 641 666 694 805 890 1065 1068 1331 1347 1651 1683 1744 1769 1909 2167 2182 2332 2468
474 10 52 96 218 232 307 557 604 672 732 752 778 999 1038 1166 1294 1350 1369 1457 1497 1642 1758 1787 1811 1941 2051 2229 2455 2474
475 84 111 346 400 483 897 965 1298 1402 1690 1785 2111 2266
476 115 162 181 219 263 277 354 442 483 584 649 1199 1233 1354 1454 1485 1524 1672 1790 1836 2006 2092 2115 2145 2266 2355 2412 2420 2474
477 204 444 491 495 599 837 986 1008 1041 1097 1173 1174 1197 1335 1383 1397 1431 1504 1595 1749 1900 2295
478 10 84 86 114 161 300 570 611 845 937 961 1191 1197 1229 1267 1332 1344 1401 1418 1716 1746 1860 1900 2153 2206 2303 2306
479 362 443 544 583 595 598 627 773 899 982 997 1123 1129 1149 1164 1171 1235 1449 1658 1720 1772 1911 1917 1956 2031 2041 2080 2087 2154 2265 2354
480 0 50 112 118 329 343 541 579 617 646 772 885 901 904 1220 1306 1366 1417 1418 1541 1728 1853 2167 2297 2362
481 48 205 240 273 291 523 565 590 662 725 942 1051 1149 1265 1272 1375 1396 1412 1481 1803 1880 1894 2008 2145 2461 2465
482 86 317 656 731 760 814 951 1065 1130 1178 1275 1375 1679 1999 2035 2230 2356
483 86 355 475 476 555 886 931 1076 1098 1245 1291 1322 1403 1610 1664 1767 1835 1861 1866 1876 1982 1989 2010 2190 2207 2330 2379
484 36 71 300 350 521 556 580 812 816 987 1029 1528 1601 1608 1697 1740 1847 1871 1925 2329 2477
485 171 173 307 355 399 412 426 495 501 690 735 857 987 1123 1247 1337 1836 1866 1953 1971 2124 2191 2300 2366 2407
486 124 235 245 255 301 313 362 415 453 507 694 810 856 977 1016 1020 1058 1091 1133 1531 1556 1663 1863 1975 2181 2295 2392 2451 2479
487 39 159 237 511 593 829 839 1029 1102 1369 1678 1999 2115 2230 2260 2313 2350 2452 2483
488 44 101 172 368 514 765 884 904 1187 1403 1476 1543 1556 1718 1938 2111 2171 2178 2281 2342
489 385 491 516 519 752 764 864 915 972 1501 1559 1561 1625 1678 1858 1939 2080 2125 2211 2240 2279 2339
490 189 275 353 660 818 896 1022 1100 1112 1120 1128 1254 1362 1442 1541 1571 1675 2014 2172 2192 2275 2360
491 38 107 134 172 240 305 322 348 467 477 489 561 605 653 660 663 682 742 762 765 808 834 925 1060 1206 1245 1269 1323 1383 1388 1713 1845 2043 2099 2150 2268 2277 2373 2418
492 5 89 129 214 404 532 832 1103 1185 1259 1330 1395 1457 1475 1504 1560 1679 2062 2209 2356
493 132 170 223 279 567 751 783 861 934 1020 1106 1306 1334 1621 1686 1788 1815 2064 2103 2223 2264
494 1 17 103 114 345 418 499 555 577 630 815 880 1007 1200 1210 1323 1337 1458 1654 1705 1923 1961 1996 2092 2152 2171 2231 2275 2350 2482
495 2 106 477 485 524 545 615 667 855 912 1016 1021 1109 1150 1188 1461 1645 1714 1740 1744 1906 1916 1957 1983 2130 2189 2274 2362 2393 2460
496 58 156 168 259 291 333 437 523 616 619 660 862 878 930 955 1007 1072 1109 1288 1304 1427 1438 1442 1487 1535 1547 1564 1843 1861 1953 2049 2383 2385 2437 2498
497 154 436 439 654 703 772 816 1104 1153 1267 1519 1929 2050 2320 2377
498 288 397 415 613 786 869 1094 1137 1153 1185 1258 1459 1522 1542 1581 1632 1635 1696 1712 1717 1744 1784 1841 1868 2006 2433 2435
499 73 87 125 136 354 421 494 677 679 904 922 1248 1304 1347 1423 1432 1456 1482 1562 1629 1709 1726 1735 1935 2025 2079 2226
500 231 337 375 502 655 694 1081 1099 1386 1450 1473 1526 1576 1624 1862 2153 2240 2253 2362
501 30 263 310 485 586 727 790 797 969 1031 1199 1261 1279 1307 1331 1467 1534 1540 1625 1687 1756 1807 1895 1965 2099 2107 2143 2272 2354 2409
502 108 197 500 577 697 906 1046 1141 1177 1357 1421 1480 1827 2223 2260 2268 2297 2334 2358 2418 2426
503 5 24 44 146 157 203 242 333 334 657 658 974 1053 1074 1195 1479 1662 1709 1926 1964 2034 2042 2051 2074 2084 2093 2200 2212 2395
504 162 241 346 390 452 607 678 747 842 885 1102 1154 1393 1480 1642 1656 1829 2206 2234 2304 2329 2366
505 344 542 569 705 815 865 894 1023 1108 1157 1311 1415 1481 1754 1760 1786 1984 2011 2017 2319 2460 2467
506 280 324 334 869 874 914 995 1023 1088 1099 1132 1135 1197 1231 1274 1363 1472 1506 1586 1821 2033 2113 2162 2177 2315 2325 2419 2461
507 262 314 413 486 704 820 850 892 1000 1168 1233 1261 1270 1292 1365 1568 1735 1743 1956 2164 2170 2331 2371 2393
508 32 58 241 295 537 577 781 792 846 932 1291 1389 1436 1870 1895 1928 2323 2356 2437
509 132 157 171 195 457 564 578 730 742 862 1016 1043 1140 1145 1186 1363 1405 2080 2082 2175 2270 2329 2458 2483
510 32 51 248 264 434 577 610 615 728 831 925 1034 1059 1167 1177 1266 1496 1501 1744 1852 2080 2198 2271 2335 2355 2403 2411 2445
511 28 62 130 250 332 425 429 487 585 635 637 658 663 769 936 1014 1075 1088 1210 1239 1393 1516 1555 1585 1706 1716 1855 2082 2196 2263 2344 2383 2420 2437 2463
512 17 226 244 245 359 513 534 571 578 584 787 1033 1055 1248 1411 1462 1466 1476 1499 1529 1548 1570 1664 1918 2011 2206 2392 2401 2410 2483
513 100 201 373 376 471 512 544 587 617 778 779 800 1055 1087 1090 1165 1251 1499 1531 1647 1667 1685 2015 2221 2273 2474 2475
514 105 370 488 522 824 858 973 1076 1085 1144 1388 1924 1929 2100 2184 2245 2380 2410
515 51 437 459 527 819 843 1124 1150 1174 1234 1322 1352 1438 1656 1759 1934 1948 1953 2280 2417 2440
516 64 113 153 187 235 248 358 359 408 489 616 1027 1323 1525 1545 1700 1743 1828 1886 2025 2115 2150 2154 2375 2472 2480
517 82 101 140 266 284 299 376 382 418 444 726 749 809 831 900 1173 1344 1435 1479 1497 1746 1760 1770 1804 1845 2036 2126 2291 2313 2376 2443
518 29 111 372 600 607 720 1339 1617 1692 1737 1924 2061 2091 2125 2256 2418 2448 2463
519 202 457 489 618 686 725 777 864 988 995 1220 1263 1309 1399 1825 1942 2029 2078 2408
520 68 125 316 390 433 640 707 787 1064 1232 1485 1508 1535 1624 1806 1816 1900 2065 2302 2430 2444
521 132 337 442 484 591 657 724 772 1044 1147 1154 1250 1291 1586 1925 1931 1966 2081 2218 2333 2357
522 125 244 249 359 445 514 594 630 818 916 1032 1078 1099 1117 1153 1161 1301 1308 1502 1597 1727 1854 1877 1900 1992 1995 2024 2485
523 107 242 414 481 496 540 549 617 652 694 707 800 832 858 892 985 1136 1156 1187 1442 1536 1564 1814 2242 2447 2462
524 255 415 495 797 912 928 979 1399 1430 1610 1658 1691 1726 1883 1897 1975 2004 2076 2286 2308 2443 2497
525 35 150 323 528 540 637 647 829 998 1072 1170 1231 1310 1515 1553 1585 1929 1946 1997 2028 2220 2375
526 44 53 128 144 283 352 383 439 545 645 654 719 747 1024 1039 1090 1264 1745 2057 2132 2169 2230 2462
527 91 189 196 515 671 775 846 990 1004 1210 1224 1234 1263 1453 1614 1678 2070 2119 2286 2391 2467
528 183 322 428 472 525 845 951 1005 1146 1159 1299 1302 1386 1634 1705 1825 1829 1845 1852 2246 2294 2446 2466 2486
529 59 348 576 697 777 885 940 1021 1215 1360 1361 1386 1594 1800 1834 1840 1988 2152 2197 2206 2220 2236 2293 2438 2495 2497
530 132 266 373 415 582 748 762 967 1089 1275 1335 1421 1821 1976 2024 2043 2114 2184 2259 2356 2462 2480 2482
531 130 192 259 265 335 376 407 648 667 743 807 927 993 1023 1114 1215 1297 1412 1602 1800 1829 1864 1957 2273 2305
532 137 164 216 258 338 397 428 430 492 537 811 842 970 995 1000 1014 1251 1347 1377 1396 1425 1514 1708 1777 1909 1990 2054 2070 2147 2332 2482 2487
533 140 288 295 382 558 654 697 761 782 867 869 895 964 1213 1273 1303 1480 1486 1562 1856 1931 2090 2236 2251 2294 2350
534 92 163 346 349 464 512 544 594 743 1105 1143 1231 1239 1401 1630 1772 1819 1918 2060 2164 2280 2310 2316 2400 2422
535 304 610 636 805 851 957 996 1095 1171 1303 1416 1464 1532 1533 1785 1868 2000 2002 2004 2042 2139 2149 2219 2322 2380
536 264 292 316 391 394 399 403 459 585 679 692 1119 1148 1280 1310 1371 1375 1425 1438 1626 1679 2147 2230 2272 2417
537 215 444 508 532 573 669 670 687 799 815 839 1027 1048 1129 1142 1176 1412 1470 1509 1585 1666 1771 1950 1954 2044 2118 2293 2333 2353 2410 2431 2489
538 3 140 179 350 808 984 1103 1142 1266 1419 1425 1610 1680 1699 1939 1990 2113 2221 2279 2300 2402
539 313 345 643 710 991 1011 1065 1232 1294 1335 1362 1364 1488 1648 1770 1958 2002 2101 2143 2181 2395
540 113 285 305 360 427 459 523 525 660 974 1254 1355 1534 1786 1839 2102 2134 2150 2248 2266
541 52 140 141 290 437 480 605 775 861 1041 1310 1345 1494 1603 1711 2006 2126 2245 2296 2333 2337 2471
542 58 73 119 316 320 368 458 505 649 663 772 844 892 1062 1188 1193 1201 1322 1440 1539 1549 1645 1685 1707 1862 1876 2159 2307 2450
543 58 98 114 157 163 168 242 279 324 568 600 632 695 815 831 984 1198 1318 1373 1509 1521 1588 1613 2054 2055 2287 2331 2385 2449
544 266 336 355 366 479 513 534 706 1002 1131 1133 1238 1256 1378 1410 1456 1534 1680 1921 1952 1995 2029 2033 2059 2111 2217 2424 2465
545 149 186 194 395 442 495 526 727 887 909 1140 1218 1491 1648 1649 1788 1949 1980 2138 2293 2294 2410 2490
546 238 335 472 648 674 729 840 1192 1264 1328 1445 1492 1517 1590 1692 1741 1765 1791 1856 1952 2072 2247 2299 2361
547 40 325 668 691 741 762 790 954 1027 1241 1294 1482 1627 2043 2154 2443
548 238 313 330 391 399 552 684 894 968 977 1029 1188 1210 1560 1611 1738 1740 1831 1851 2008 2039 2256
549 28 433 450 454 523 648 656 720 809 878 991 1037 1250 1300 1314 1320 1322 1432 1511 1604 1737 1889 2262 2294 2301 2335 2364
550 228 378 838 967 974 1117 1374 1377 1418 1459 1710 1719 1774 1787 2155 2166 2187 2190 2273 2452
551 305 412 573 616 631 670 858 873 984 1197 1367 1370 1410 1450 1529 1642 1797 1806 2081 2179 2307 2396
552 140 172 264 429 548 610 614 635 711 789 949 985 1061 1118 1125 1138 1140 1253 1260 1624 1658 1805 1864 1926 1971 1975 2054 2228 2266 2369 2450 2476
553 39 97 344 602 636 704 735 749 773 836 963 1011 1037 1058 1096 1109 1149 1181 1190 1197 1225 1297 1377 1523 1552 1622 1692 1838 2329
554 5 140 301 600 631 757 759 930 940 1016 1215 1369 1456 1626 1945 1986 2064 2127 2203 2376 2411
555 195 228 255 368 483 494 631 638 898 917 930 1125 1253 1329 1597 1684 1801 1848 1950 2044 2118 2129 2268 2300 2339
556 124 162 382 394 407 484 675 746 825 830 906 924 927 977 1033 1168 1447 1616 1698 1741 1775 1868 1889 2049 2061 2169 2205 2234 2254 2264 2335
557 94 176 395 454 474 583 766 876 935 942 961 1085 1270 1483 1515 1606 1821 1861 1877 1948 2093 2269 2308 2362 2419
558 118 147 533 605 716 728 798 838 1076 1223 1259 1327 1465 1544 1698 1747 1774 1808 1856 1932 1967 1982 2004 2104 2257
559 48 128 149 750 1260 1294 1440 1555 1619 1653 1674 1702 1704 1841 1927 1938 1956 2024 2100 2154 2172 2183 2336 2486
560 160 587 668 1091 1100 1263 1471 1531 1571 1667 1681 1689 1807 1971 1981 1994 2041 2142 2193 2237 2256 2389
561 42 175 259 291 295 341 427 442 491 686 708 843 991 1127 1213 1233 1252 1289 1291 1387 1410 1570 1863 1876 1939 2006 2243 2332
562 39 231 301 407 425 777 809 853 1096 1124 1254 1324 1381 1698 2083 2154 2357 2369
563 647 668 804 812 868 940 988 1063 1143 1463 1495 1688 1730 1804 1912 1974 1984 2066 2123 2180 2200 2327
564 157 198 509 578 855 866 922 936 1190 1223 1249 1332 1414 1450 1513 1522 1776 1789 1835 1860 1876 1879 1965 2128 2372 2399
565 13 103 107 129 393 396 481 650 667 679 807 843 863 1198 1390 1463 1686 1724 1760 1853 1866 1882 1927 1959 2198 2204 2255 2272 2379
566 46 110 152 203 251 253 324 331 365 441 660 686 839 875 1222 1361 1386 1642 1691 1747 1953 2122 2138 2223 2421
567 20 148 177 243 268 385 430 493 588 603 667 674 696 833 1684 1688 1747 1982 2060 2087 2144 2149 2258 2301
568 86 94 344 400 426 543 577 926 1079 1109 1311 1385 1411 1701 2025 2080 2091 2101 2224 2245 2248
569 107 192 271 436 505 647 1187 1310 1360 1710 1811 1837 2228 2417 2442 2450
570 170 239 296 478 580 666 788 915 930 934 1091 1103 1502 1637 1648 1722 2018 2030 2047 2067 2246 2277 2370 2390 2495
571 43 52 76 108 137 158 224 238 512 740 764 819 993 1132 1149 1557 1611 1625 1780 1814 1869 2099 2155 2242 2254 2269 2280 2369 2441 2460
572 0 1 16 231 274 469 585 760 902 955 1081 1262 1273 1329 1470 1472 1638 1714 1759 1887 1929 1976 1993 2007 2128 2361 2448 2470
573 96 137 361 401 537 551 578 602 666 707 733 765 798 836 967 1039 1364 1508 1599 1678 1761 1876 1999 2063 2158 2254 2360 2420
574 76 164 192 236 295 432 621 785 831 906 915 1004 1106 1154 1166 1187 1266 1268 1398 1454 1633 1757 1948 1951 2282 2375
575 195 303 399 668 696 858 965 997 1404 1456 1523 1532 1557 1570 1776 1943 1961 1990 2100 2111 2266 2356 2460
576 113 131 183 226 273 280 336 529 588 607 652 683 717 815 964 1001 1477 1581 1772 1930 1933 2002 2203 2205 2403
577 209 224 279 390 494 502 508 510 568 823 926 930 1023 1111 1149 1252 1312 1340 1513 1609 1628 1632 1678 1685 1737 1793 1811 1958 2070 2100 2244 2374 2391 2429
578 60 322 342 421 509 512 564 573 647 728 733 800 1031 1191 1199 1279 1365 1872 1875 1899 2017 2026 2057 2104 2243 2304 2344 2443
579 193 288 309 480 591 675 810 845 908 911 912 1006 1129 1172 1314 1380 1554 1603 1675 1684 1745 1769 1816 1895 1901 1929 2065 2077 2308
580 113 169 230 343 452 484 570 724 737 1026 1128 1344 1550 1793 1808 1926 1941 2170 2236 2241 2315 2468
581 282 286 320 584 760 802 971 1104 1387 1411 1448 1478 1621 1639 1803 1828 1856 1947 2015 2073 2097 2160 2384 2485 2492
582 2 254 286 375 419 530 608 620 649 671 820 1025 1044 1095 1131 1199 1325 1336 1444 1472 1524 1574 1611 1619 1625 1891 1916 2053 2150 2443
583 4 42 380 479 557 691 769 801 908 935 936 1053 1282 1408 1409 1564 1981 2043 2218
584 423 476 512 581 640 777 842 938 1242 1509 1734 1851 1921 1963 2088
585 71 233 426 511 536 572 659 900 935 1087 1205 1341 1451 1737 1824 2049 2235 2370 2421
586 41 238 249 321 400 460 501 651 690 845 883 952 969 1031 1065 1089 1102 1449 1829 2012 2018 2040 2224 2294
587 13 199 226 285 361 436 513 560 883 938 1036 1042 1064 1232 1248 1251 1285 1387 1462 1489 1501 1790 1791 1805 2016 2097 2117 2253 2319 2382 2468 2474
588 8 102 175 188 255 278 292 567 576 628 687 857 870 875 910 1037 1104 1216 1317 1344 1442 1504 1634 1640 1757 1992 2083 2357 2359 2389
589 103 241 415 592 772 872 920 1133 1161 1234 1424 1613 1629 1687 1857 1866 1871 1886 1887 2040 2264 2377 2451 2457 2474
590 138 165 174 183 324 347 366 422 481 604 659 684 743 818 933 1047 1180 1189 1273 1589 1781 1956 2112 2237 2275 2414 2426 2429
591 280 322 434 438 521 579 672 831 853 954 1144 1145 1211 1253 1255 1283 1284 1334 1355 1395 1463 1478 1760 1800 1920 1931 2023 2059 2176 2229 2278 2288 2301 2322 2464 2470
592 169 201 242 388 390 446 469 589 870 959 1129 1167 1232 1566 1687 1776 1827 2126 2133 2211 2229 2345 2402 2468
593 39 138 405 450 459 487 731 799 872 876 891 1155 1206 1262 1267 1300 1350 1367 1381 1415 1484 1649 1775 1806 1990 2291 2350
594 23 40 59 89 185 386 434 522 534 600 683 690 695 714 1344 1395 1494 1509 1533 1564 1590 1643 1832 1967 2109 2173 2264 2385 2458
595 33 81 125 135 328 355 413 479 722 761 765 774 841 990 1203 1346 1371 1387 1510 1577 1654 1666 1710 1745 1896 2255 2326 2383 2395
596 46 139 141 662 835 1075 1169 1423 1465 1583 1743 1772 1959 1984 2407
597 26 104 207 230 242 292 358 381 410 628 732 781 795 841 900 972 1162 1189 1323 1490 1850 1886 2017 2034 2089 2142 2213 2371 2385 2398
598 44 83 88 134 152 293 369 479 847 917 959 1218 1254 1276 1387 1397 1473 1726 1953 2004 2022 2133 2385 2427
599 91 477 743 941 953 1256 1443 1582 1809 1816 1829 1849 2070 2108 2122 2192 2365 2394
600 17 95 120 258 518 543 554 594 610 1217 1402 1560 1724 1778 1819 2083 2198 2390 2413
601 34 296 345 369 603 790 820 832 947 1067 1158 1321 1678 1716 1757 1787 1813 2234
602 124 143 182 224 241 285 553 573 657 736 849 941 1003 1070 1080 1328 1343 1605 1631 1889 2039 2096 2398 2409
603 276 305 327 567 601 656 850 960 1015 1203 1372 1457 1476 1639 1824 1849 2020 2303 2327 2338 2339 2497
604 26 76 129 193 277 287 474 590 667 922 923 1018 1116 1387 1498 1684 1712 1759 2178
605 58 74 80 91 129 343 370 398 491 541 558 675 723 755 803 831 908 949 973 992 1103 1145 1238 1495 1561 1689 1742 1743 1770 1857 1914 1938 2033 2036 2283 2436 2455
606 6 93 115 176 844 902 959 1159 1168 1191 1266 1279 1460 1466 1483 1567 1738 1819
607 261 268 445 504 518 576 644 731 1148 1265 1794 1918 1950 2196 2260 2274 2299 2348 2372
608 19 64 205 282 341 360 369 408 468 582 665 887 1147 1278 1297 1318 1389 1474 1530 1669 1671 1798 1948 2020 2022 2164 2216 2284 2427 2452 2468
609 163 244 390 412 438 652 904 1000 1076 1209 1248 1462 1649 1755 1873 1951 1968 2222 2462
610 121 223 339 455 510 535 552 600 614 657 693 802 1158 1297 1356 1391 1457 1505 1512 1598 1729 1951 1980 2056 2299 2372 2425
611 58 108 123 257 478 612 802 864 1085 1132 1516 1582 1621 1644 1693 1896 1962 1988 2073 2221 2279 2308 2426
612 85 114 225 367 397 611 763 868 971 1045 1109 1221 1240 1281 1412 1511 1798 1803 1831 2263 2419
613 54 169 457 498 665 743 813 1076 1090 1175 1198 1210 1299 1600 1929 2238 2271 2311 2313 2460
614 252 452 552 610 616 658 713 946 1051 1078 1188 1251 1278 1410 1586 1589 1623 1669 1779 1826 2044 2368
615 31 86 91 439 495 510 680 775 909 1095 1105 1148 1203 1204 1374 1445 1458 1787 1889 1950 2060 2069 2243 2261 2450
616 38 43 74 90 148 264 304 355 444 496 516 551 614 870 1097 1329 1428 1596 1599 1665 1734 1796 1900 2126 2212 2235 2381
617 140 211 217 262 480 513 523 775 853 963 1055 1144 1195 1210 1219 1282 1318 1582 1703 1860 2013 2015 2144 2164 2271 2348
618 30 354 358 410 417 519 631 759 778 965 1238 1265 1351 1388 1608 1651 1663 1864 1884 2047 2324 2378
619 126 229 278 409 496 766 794 971 972 979 993 1011 1014 1083 1091 1105 1160 1318 1401 1406 1413 1422 1461 1612 1643 1792 1812 1823 2474 2494
620 54 252 260 582 623 734 735 1007 1165 1273 1388 1588 1713 1723 1752 2238 2361
621 152 262 446 574 909 948 983 1001 1028 1109 1257 1443 1608 1764 2080 2278 2470 2480
622 119 203 215 253 318 361 382 404 440 463 713 765 790 872 917 976 1030 1057 1209 1416 1516 1563 1696 1858 1869 1927 2132 2157 2205 2256 2362 2411
623 142 175 178 229 620 763 844 1100 1203 1252 1272 1301 1548 1562 1602 1705 2245 2268
624 705 879 977 1145 1197 1286 1333 1388 1419 1426 1653 1678 1872 1947 2131 2165 2222 2232 2317 2347 2472 2491
625 6 24 73 231 330 360 384 667 717 830 979 1160 1188 1386 1389 1392 1403 1510 1519 1539 1575 1719 1863 1969 2077 2239 2263 2287 2314 2346 2448
626 226 244 334 346 634 881 883 899 921 979 1064 1079 1139 1147 1446 1496 1695 1716 1765 1830 1858 2124 2198 2340 2457
627 12 47 58 237 300 366 479 629 719 793 803 910 1118 1202 1209 1347 1362 1452 1748 1827 1872 1901 2095 2143 2160 2199 2235 2323 2336
628 45 99 183 250 445 588 597 804 865 1065 1316 1332 1529 1597 1610 1720 1726 1760 1840 1894 1930 2066 2067 2098 2123 2289
629 117 118 164 191 318 388 627 663 676 691 717 767 784 794 907 913 1064 1077 1202 1326 1330 1344 1771 1785 1817 1851 1886 1897 2018 2214
630 227 263 437 456 494 522 692 730 739 848 854 951 953 964 1017 1049 1217 1311 1384 1583 1679 2040 2117 2136 2200 2388 2450
631 15 289 420 551 554 555 618 685 934 1205 1496 1637 1647 1705 1740 1940 2142 2320 2335 2336 2417 2477
632 248 272 280 356 390 402 431 460 543 719 825 955 992 1212 1270 1302 1370 1406 1675 1743 1932 1933 1944 1966 2025 2120 2156 2265 2482 2497
633 131 286 430 437 447 466 694 798 1178 1226 1247 1648 1775 1779 1844 1990 2097 2106 2299 2314 2357 2423 2430
634 21 53 168 257 455 626 907 1111 1191 1249 1293 1320 1415 1418 1482 1564 1636 1712 1787 1853 2029 2065 2066 2121 2174 2312 2371 2378 2379 2393 2425
635 184 189 383 413 511 552 685 804 873 1051 1099 1119 1146 1159 1234 1418 1475 1534 1606 1744 1752 1762 1780 1785 1787 1978 2013 2149 2195 2453 2461 2462
636 31 134 161 419 442 451 472 535 553 879 1026 1080 1159 1171 1204 1275 1526 1626 1632 1741 1902 1999 2121 2265 2350
637 58 142 200 511 525 644 733 750 809 819 841 1138 1173 1230 1247 1453 1498 1536 1596 1622 1718 1748 1758 2027 2069 2234
638 43 112 247 294 346 555 869 993 996 1008 1086 1169 1237 1249 1391 1640 1688 1735 1807 1826 1935 2134 2174 2309 2352 2362
639 33 204 209 228 240 258 317 370 423 455 687 755 834 891 940 1006 1114 1525 1739 1770 1992 2005 2049 2292 2443
640 188 436 462 470 520 584 808 866 882 938 977 986 1229 1375 1482 1598 1660 1784 1886 2152 2237 2244 2300 2440
641 9 38 53 180 197 263 264 336 473 700 778 909 919 933 1041 1055 1136 1192 1333 1397 1691 1790 1931 1945 2053 2121 2187 2202 2214 2282 2311 2338 2405
642 66 266 346 761 890 964 1131 1237 1266 1539 1644 1659 1669 1710 1711 1861 1979 2162 2323 2330 2373 2387 2407 2449
643 45 65 104 123 185 207 539 742 775 865 919 941 975 1132 1135 1172 1198 1332 1458 1601 1680 1694 1731 1784 1803 1917 1996 2017 2081 2143 2199
644 4 54 104 117 403 426 607 637 873 896 987 1005 1113 1149 1183 1216 1224 1276 1451 1573 1844 1989 2088 2160 2204 2303 2351 2368 2425
645 49 184 277 283 414 526 665 668 777 820 833 839 857 946 1042 1055 1107 1120 1135 1220 1254 1332 1363 1550 1614 1723 1830 1846 1889 1968 2006 2280 2402 2411 2474
646 76 234 480 690 927 962 1211 1306 1336 1424 1459 1542 1634 1643 1722 1777 1987 2216 2305 2368 2453
647 55 113 301 370 391 465 525 563 569 578 650 770 820 872 1102 1167 1531 1546 1602 1755 1922 1943 1951 1956 2069 2127 2304 2348 2399
648 82 126 151 182 373 411 531 546 549 735 864 910 943 968 1052 1121 1280 1355 1535 1723 1734 1747 1781 1912 2145 2223 2248 2287 2324 2497
649 182 244 476 542 582 725 768 786 901 908 1042 1087 1206 1353 1471 1520 1667 1695 1697 1745 2033 2130 2152 2263 2273 2476
650 142 170 239 565 647 791 966 1173 1185 1430 1477 1592 1601 1717 1734 1776 2039 2241 2493
651 218 228 407 427 457 586 671 716 781 889 967 1076 1086 1183 1298 1345 1358 1395 1423 1560 1645 1690 1711 1884 2000 2007 2019 2059 2088 2121 2224 2413
652 267 280 286 523 576 609 665 670 707 741 781 896 937 956 1132 1195 1477 1526 1596 1687 1724 1762 2040 2045 2103 2125 2150 2183 2348 2366 2403
653 57 84 149 176 224 231 247 344 491 719 721 979 1075 1186 1589 1654 1703 2135 2263 2294 2360
654 230 269 497 526 533 673 714 777 989 1007 1016 1089 1128 1175 1300 1342 1410 1548 1560 1653 1692 1733 1885 1901 1911 2033 2048 2075 2101 2140 2412
655 210 218 359 391 500 662 815 825 831 915 956 1134 1140 1219 1247 1272 1289 1367 1462 1496 1733 1867 2049 2179 2235 2429 2491
656 30 357 453 482 549 603 668 841 1189 1430 1487 1515 1677 1730 1769 1773 1815 1872 1914 1978 2030 2086 2280 2290 2441 2486
657 109 290 300 376 426 503 521 602 610 965 970 1131 1149 1277 1294 1369 1533 1646 1681 1978 2112 2274 2423 2442
658 28 41 121 150 178 243 244 367 461 503 511 614 805 947 968 971 984 1056 1221 1490 1543 1655 1874 2044 2256 2301 2384 2466
659 284 329 377 402 585 590 754 897 903 1010 1270 1396 1433 1522 1554 1969 2072 2075 2111 2223 2371 2482
660 22 490 491 496 540 566 728 766 934 944 992 1058 1198 1217 1272 1453 1473 1499 1504 1558 1659 1689 1752 1768 1805 1820 1964 1975 2209 2374 2388
661 8 37 89 244 444 853 949 1018 1292 1358 1501 1589 1623 1674 1752 1823 1828 1900 1948 2028 2288
662 160 321 481 596 655 710 816 1179 1187 1352 1369 1764 1767 1829 1833 1886 1930 1955 1969 2131 2178 2339 2407
663 12 152 256 349 491 511 542 629 699 811 1052 1069 1309 1311 1342 1345 1496 1622 1658 1766 1983 2125 2403
664 61 196 249 1144 1197 1219 1401 1453 1531 1686 1791 1976 2012 2053 2386
665 3 130 330 463 608 613 645 652 672 692 762 763 805 894 908 1081 1165 1278 1324 1337 1410 1480 1495 1552 1648 1699 1838 1888 1918 1948 1986 2023 2119 2206 2332 2468
666 71 192 232 346 473 570 573 703 738 828 846 1380 1407 1430 1473 1496 1562 1810 2134 2192 2302
667 7 142 239 303 495 531 565 567 604 625 728 773 1029 1187 1194 1195 1227 1280 1335 1420 1428 1729 2128 2372 2380 2394 2399 2425 2490
668 11 405 436 547 560 563 575 645 656 833 871 882 943 978 1235 1351 1460 1602 1714 1770 1821 2249 2427 2497
669 62 70 143 150 190 294 330 348 421 537 724 802 813 847 1289 1389 1580 1646 1661 1682 1762 1945 2046 2107 2165 2286
670 8 82 332 537 551 652 678 719 768 901 948 1021 1289 1328 1357 1373 1516 1575 1885 1919 2275 2328 2495
671 49 177 443 527 582 651 709 877 886 939 1023 1053 1126 1619 1753 1833 1848 2092 2393 2400
672 48 112 168 449 474 591 665 752 792 807 888 1063 1103 1301 1404 1420 1483 1541 1761 1844 1876 1927 2063 2372 2377 2483
673 210 435 454 654 701 920 927 963 1182 1263 1398 1547 1697 1792 1946
674 209 305 405 416 546 567 793 903 1071 1090 1312 1353 1485 1518 1662 1715 1872 1881 2283 2364 2490
675 92 239 556 579 605 705 719 854 870 889 1014 1222 1364 1374 1427 1518 1637 1667 1693 1782 1838 1864 1898 1959 2154 2193 2233 2294 2346 2399
676 253 283 425 629 756 840 999 1009 1053 1097 1126 1264 1369 1611 1687 1974 2029 2092 2110 2230 2397 2442
677 90 250 262 364 387 499 711 730 762 795 847 882 923 964 1015 1024 1089 1221 1227 1246 1295 1303 1363 1437 1576 1666 1683 1807 1826 1972 2041 2047 2213 2235 2310 2375 2382
678 14 218 281 329 356 395 437 457 504 670 737 842 929 939 1058 1128 1187 1236 1322 1349 1350 1456 1539 1613 1661 1738 1797 1813 1839 1915 1942 1961 1999 2405
679 38 284 305 321 499 536 565 684 765 806 918 928 981 1098 1202 1259 1397 1480 1644 1714 1888 1960 2098 2206 2414 2471
680 32 78 615 871 937 1069 1158 1287 1352 1360 1407 1556 1569 1762 1786 1832 1866 1869 1888 2255 2259 2322
681 160 178 305 318 337 405 416 436 822 926 933 978 1018 1030 1063 1104 1168 1222 1227 1240 1250 1292 1336 1394 1423 1461 1503 1576 1613 1735 1922 2022 2026 2042 2084 2161 2182 2227 2328 2369 2448
682 130 248 366 419 491 894 1032 1438 1521 1546 1823 1824 2002 2061 2133 2234 2270 2426
683 13 65 85 107 147 576 594 764 788 806 917 1046 1074 1171 1359 1509 1610 1613 1792 1844 1858 2091 2104 2261 2315 2317 2479
684 14 174 218 472 548 590 679 694 850 920 938 1004 1020 1032 1037 1066 1144 1255 1329 1417 1503 1547 1624 1628 1700 1725 1727 1783 1846 1858 1991 2273 2275 2381 2439
685 104 106 266 631 635 725 802 859 972 1106 1177 1312 1459 1543 1668 1757 1833 1868 2041 2231 2349 2426 2473
686 42 111 217 305 351 454 519 561 566 854 895 1082 1623 1708 1726 1790 1809 1829 1839 2060 2208 2268 2282 2391
687 47 96 188 256 387 460 537 588 639 693 723 782 800 841 881 1034 1055 1601 1617 1886 1927 1938 2121 2161 2247 2276 2292 2405
688 70 123 284 302 391 454 731 761 775 849 918 986 1025 1136 1156 1162 1231 1380 1519 1562 1593 1632 1799 1818 1833 1929 2001 2054 2274 2358
689 164 239 369 395 720 806 1030 1075 1268 1487 1618 1620 1697 1720 1754 1776 1969 2056 2249 2460
690 40 106 177 398 448 485 586 594 646 730 949 1136 1147 1177 1189 1292 1371 1448 1681 1770 1777 1879 1881 1907 2005 2045 2071 2365
691 133 182 270 412 447 547 583 629 696 776 932 941 985 997 1080 1096 1137 1175 1260 1345 1431 1504 1542 1590 1779 1922 1984 2003 2114 2205 2270 2370
692 14 162 387 416 439 536 630 665 1097 1161 1291 1518 1600 1635 1659 1670 1699 1966 1985 2017 2407 2413
693 4 53 66 138 268 338 610 687 826 880 941 949 991 1055 1210 1261 1302 1534 1552 1612 1771 1810 1964 1991 1992 2102 2104 2339 2395 2408
694 177 222 282 473 486 500 523 633 684 739 746 1267 1361 1414 1657 1711 1929 1987 1988 2100 2206 2250
695 8 323 384 543 594 769 813 1154 1193 1233 1259 1465 1531 1667 1697 1761 1776 1919 1928 2162 2394
696 1 143 293 300 318 355 567 575 691 867 896 908 1164 1219 1311 1354 1391 1458 1533 1539 1620 1661 1767 1812 1852 2349 2350 2444
697 90 98 163 195 371 408 502 529 533 752 826 860 973 1238 1283 1343 1486 1502 1528 1555 1617 1638 1805 1810 1863 1982 2001 2110 2220 2247 2355 2474
698 123 267 359 702 733 778 902 1058 1329 1395 1414 1430 1492 1512 1738 1980 2008 2028 2170 2340 2442 2444
699 52 82 242 250 663 736 928 1146 1252 1469 1713 1775 1782 1857 1978 2032 2194 2222 2366 2425 2485
700 21 147 166 362 404 428 641 1325 1444 1491 1513 1646 1701 1756 1822 1977 2183 2383
701 202 283 435 673 704 825 918 1005 1131 1326 1366 1542 1698 1846 1956 2018 2125 2245 2483
702 106 144 316 698 729 901 919 996 1043 1132 1180 1250 1315 1331 1348 1465 1513 1648 1708 1730 1745 1824 1957 2156 2248 2299
703 236 299 497 666 787 851 903 987 1088 1125 1269 1538 1566 1593 1696 1712 1733 1918 1996 2084 2217 2325 2484
704 8 89 108 247 413 455 507 553 701 725 737 778 856 1014 1064 1141 1322 1453 1483 1487 1528 1647 1660 1711 1733 1950 2094 2470
705 26 269 301 376 505 624 675 708 745 824 1066 1262 1272 1454 1537 1653 1709 1774 1883 2179 2254 2341
706 7 32 278 313 427 447 544 768 893 976 994 1000 1017 1079 1222 1310 1428 1528 1657 1704 1889 1978 2155 2166 2251 2259 2315 2456
707 93 260 520 523 573 652 877 1149 1229 1280 1485 1492 1554 1564 1569 1658 1793 1900 2016 2258 2304 2464 2469
708 17 50 213 257 326 561 705 787 954 1036 1070 1117 1137 1223 1246 1361 1763 1764 1880 1981 2059 2064 2081 2205 2277 2444
709 10 50 116 398 671 1206 1543 1544 1666 1847 1960 2054 2073 2158
710 16 357 407 539 662 761 966 997 1156 1198 1205 1307 1362 1632 1785 1841 1873 1883 1973 2108 2196 2273 2288
711 8 152 161 438 552 677 820 1266 1305 1481 1612 1695 1848 1910 2000 2111 2144 2206 2295 2347 2478 2485 2490
712 154 173 421 778 1026 1062 1162 1368 1379 1461 1491 1552 1572 1595 1596 1602 1662 1785 1921 1982 1989 2117 2375 2385
713 7 66 78 96 139 204 227 290 614 622 1111 1332 1378 1415 1438 1566 1575 1582 1622 1774 1856 1857 1923 1929 2073 2093 2176 2290 2363 2473
714 27 129 189 315 372 420 465 594 654 854 872 950 991 1024 1214 1300 1313 1368 1464 1512 1716 2005 2056 2116 2161 2291 2324 2423 2439
715 76 289 325 755 790 899 1087 1131 1201 1205 1214 1421 1615 1636 1769 1969 2102 2174 2239 2242 2273 2278 2367 2436 2471
716 49 55 244 323 338 363 558 651 735 740 829 894 971 983 1000 1033 1050 1557 1662 1793 1848 1953 1979 2163 2384 2409
717 159 243 268 357 419 576 625 629 877 924 997 1017 1192 1225 1246 1473 1626 1681 1795
718 44 72 189 242 265 451 851 917 977 1044 1087 1202 1286 1409 1589 1759 1760 1778 1832 1874 2176 2371 2416
719 58 156 170 174 264 294 383 526 627 632 653 670 675 812 961 962 969 973 1506 1921 1924 2008 2113 2115
720 342 518 549 689 800 947 1177 1345 1461 1519 1675 1676 1780 1790 2042 2054 2112 2122 2216
721 24 118 391 428 653 728 995 1088 1177 1242 1268 1326 1396 1452 1594 1647 1722 1841 2195 2239 2338 2425 2444
722 33 46 206 232 271 275 402 595 832 982 983 1049 1145 1242 1598 1701 1757 1887 2085 2089 2133 2220 2245 2385 2415 2440 2480
723 1 46 71 334 335 383 605 687 800 852 1185 1474 1547 1634 1654 1730 1956 1977 2074 2099 2140 2176 2178 2227
724 27 173 521 580 669 728 839 883 919 1037 1054 1064 1100 1194 1223 1233 1539 1609 1814 1876 1909 1917 1998 2081 2131 2136 2255 2303 2355 2358 2390 2454 2482
725 35 269 323 341 394 410 481 519 649 685 704 742 770 795 872 899 947 1129 1654 1804 1826 2037 2141 2204 2225 2281 2335 2417 2459
726 251 276 413 517 788 835 893 1107 1249 1286 1287 1642 1753 1782 1837 1856 1883 1968 1999 2121 2182 2258 2282 2460
727 23 92 171 308 330 435 501 545 789 1190 1284 1342 1349 1388 1392 1420 1489 1581 1596 1637 1646 1758 1772 1793 1835 1861 1979 1986 1987 2125 2161 2229 2274 2383
728 81 139 236 256 274 465 510 558 578 660 667 721 724 730 783 858 873 883 907 919 997 1150 1155 1355 1427 1442 1489 1657 1821 1995 2216 2302 2474 2485
729 4 14 167 222 306 315 344 346 396 546 702 754 786 846 983 1050 1116 1177 1298 1521 1751 1815 1837 1933 1938 1943 1977 1991 2078 2173 2219 2437 2439 2471
730 12 230 509 630 677 690 728 964 1162 1200 1208 1379 1404 1653 1719 1907 2035 2109 2208 2284 2379 2400
731 2 167 183 345 367 457 482 593 607 688 793 1439 1448 1638 1659 1709 1810 1860 2015 2320
732 30 140 361 474 597 804 930 1049 1220 1291 1315 1405 1650 1730 2047 2084 2263 2341
733 76 118 182 573 578 637 698 991 1182 1283 1308 1316 1407 1600 1669 1708 1932 1977 1996 2006 2132 2159 2173 2420 2421 2442 2473
734 22 40 149 283 620 803 866 1161 1471 1507 1522 1653 1682 1752 2343 2350 2381 2386 2444 2449
735 47 195 263 292 342 369 381 440 485 553 620 648 716 822 828 994 1015 1047 1097 1387 1432 1526 1554 1687 1757 1769 1877 1911 2076 2145 2279 2422 2428
736 95 123 602 699 795 931 953 1246 1547 1786 1823 1946 1961 2004 2214 2225 2278
737 3 344 360 464 580 678 704 894 1050 1242 1363 1449 1515 1792 1848 1873 1964 2396 2410 2451 2467
738 16 20 79 666 743 749 874 925 994 1105 1114 1137 1145 1161 1197 1240 1334 1383 1384 1503 1717 1773 1846 1936 1946 2014 2065 2067 2191 2321 2408 2437
739 83 265 307 336 355 454 630 694 946 1071 1172 1220 1255 1412 1464 1470 1674 1744 1767 1914 1980 2247
740 46 57 387 571 716 879 971 1040 1072 1088 1109 1146 1210 1230 1249 1388 1420 1443 1772 1798 2010 2030 2106 2264 2368 2385 2404 2407
741 110 220 263 365 547 652 810 825 902 1181 1186 1503 1537 1544 1658 1729 1784 1811 1827 1879 1881 1891 1953 2052 2132 2169 2317 2333
742 296 457 491 509 643 725 825 964 1064 1097 1106 1504 1539 1548 1552 1614 1723 1760 1761 1898 2023 2026 2110 2155 2295 2375
743 94 125 274 282 310 367 531 534 590 599 613 738 957 981 1147 1309 1311 1374 1381 1601 1688 1980 2010 2040 2307 2349 2422 2430
744 106 151 221 338 748 804 1036 1176 1268 1456 1510 1568 1740 1993 1995 2078 2431 2465 2471
745 12 45 108 223 705 781 807 834 1047 1236 1265 1300 1418 1480 1543 1748 1753 1907 1996 2106 2117 2131 2145
746 139 210 288 293 322 445 556 694 1047 1153 1189 1191 1327 1340 1434 1556 1596 1602 1720 1802 1815 1918 2016 2152 2166 2177 2322
747 6 36 135 150 351 391 407 456 504 526 873 889 1352 1698 1851 1906 1979 1980 1981 1984 2449
748 445 530 744 901 1015 1054 1089 1197 1221 1281 1282 1318 1414 1430 1432 1513 1515 1530 1550 1717 1809 1821 1845 1938 1966 2161 2170 2319 2320 2324 2341 2358 2471
749 157 165 177 373 414 517 553 738 753 798 925 1028 1071 1082 1266 1306 1322 1395 1422 1429 1791 2195 2274 2299 2345
750 63 113 347 559 637 770 998 1005 1146 1290 1375 1499 1566 1567 1604 1817 2262 2473
751 70 72 78 336 362 365 427 493 756 759 824 884 1025 1078 1221 1305 1316 1457 1512 1623 1660 1667 1852 1923 1946 1953 1979 2034 2081 2219 2352 2479
752 110 163 176 323 342 374 474 489 672 697 1005 1078 1105 1108 1373 1574 1656 1789 1919 2008 2033 2079 2089 2235 2293 2468
753 22 253 320 324 387 389 749 782 784 785 903 1204 1356 1504 1786 1816 1843 1902 2083 2142 2250 2295 2352
754 32 48 659 729 771 826 933 1011 1166 1197 1227 1239 1325 1381 1398 1500 1617 1618 1769 2016 2095 2148 2185 2202 2231 2265 2430 2497 2498
755 34 55 200 275 327 414 437 605 639 715 851 1021 1033 1094 1153 1176 1250 1322 1426 1576 1642 1706 1708 2090 2342 2387
756 20 59 85 188 225 262 454 676 751 908 1014 1017 1263 1315 1436 1578 1761 1871 1926 1987 2089 2106 2107 2115 2121 2176 2190 2459
757 13 319 356 382 554 886 917 1126 1521 1601 1842 1931 1973 2027 2042 2270 2301 2453
758 38 56 121 163 274 307 775 887 902 1053 1070 1163 1423 1449 1493 1573 1613 1815 1857 1862 1964 2027 2073 2199 2360 2415
759 50 145 171 195 197 266 290 397 403 465 468 554 618 751 772 1042 1253 1400 1446 1538 1552 1577 1603 1632 1662 1912 1953 2108 2109 2127 2154 2231 2233 2328
760 4 59 69 114 232 274 397 459 482 572 581 996 1278 1385 1428 1488 1522 1696 1701 1717 1739 1751 1936 2325 2402 2433
761 126 533 595 642 688 710 781 795 950 1132 1148 1175 1318 1356 1401 1581 1801 1812 1952 2041 2101 2421 2450
762 37 117 491 530 547 665 677 784 890 1001 1010 1464 1554 1569 1601 1625 1671 1762 2214 2223 2279 2353 2433 2460 2497
763 116 171 221 267 325 340 612 623 665 849 902 1073 1107 1245 1399 1536 1608 1781 1824 1879 1931 1939 2012 2091 2168 2244 2319
764 48 394 458 489 571 683 783 911 947 993 1568 1627 1725 1762 1977 1987 2053 2113 2467
765 31 191 193 251 314 328 488 491 573 595 622 679 919 926 1021 1216 1307 1417 1493 1527 1559 1714 1921 1937 2050 2121 2122 2187 2295
766 82 266 365 557 619 660 800 941 993 1043 1168 1329 1543 1575 1864 1948 2025 2034 2110 2121 2138 2186 2226 2260 2278 2411
767 40 55 69 211 441 629 839 864 1110 1125 1217 1370 1456 1758 1868 1932 2452 2498
768 131 649 670 706 775 1068 1121 1287 1372 1575 1746 1820 2098 2273 2374 2387 2388
769 94 164 244 257 280 511 583 695 932 971 1052 1250 1398 1522 1652 1835 1859 1865 1913 1973 2000 2132 2185 2414 2467
770 112 221 428 647 725 750 923 952 1095 1130 1163 1373 1437 1482 1724 1850 1913 2032 2093 2122 2244 2404 2467 2472
771 12 304 754 945 997 1058 1388 1390 1396 1451 1486 1598 1716 1723 1828 2064 2074 2166 2206 2367
772 338 418 480 497 521 542 589 759 776 796 1160 1252 1334 1337 1552 1638 1668 1702 1912 1949 1972 2052 2291 2364 2441
773 33 176 297 384 479 553 667 897 918 968 1130 1159 1310 1508 1624 1788 2089 2212 2343 2398 2431 2448 2468
774 16 155 166 260 271 362 595 781 1028 1032 1085 1150 1688 1816 1881 2047 2258
775 104 151 299 312 527 541 615 617 643 688 758 768 928 1067 1077 1220 1336 1562 1781 2179 2267 2428
776 153 162 281 316 691 772 820 1013 1157 1290 1313 1357 1614 1616 1652 1690 2189 2196 2231 2262 2472
777 266 403 446 519 529 562 584 645 654 958 1439 1481 1714 1727 1981 1997 2006 2015 2036 2127 2325 2328 2399
778 77 98 245 362 419 427 461 474 513 618 641 698 704 712 822 824 849 855 1043 1165 1301 1405 1663 2003 2163 2197 2257 2295 2338 2437
779 18 112 341 351 361 385 513 843 879 964 995 1208 1219 1250 1266 1341 1607 1705 1725 1742 1804 1852 1939 1978 2134 2236 2260 2460
780 31 331 787 1149 1229 1254 1327 1336 1363 1554 1594 1729 1960 2165 2235 2253 2401
781 64 88 286 322 508 597 651 652 745 761 774 849 901 1107 1214 1463 1473 1642 1758 1923 1940 2043 2068 2120 2299 2302 2425 2437
782 38 110 132 428 452 533 687 753 949 1144 1189 1232 1300 1321 1348 1424 1506 1635 1660 1704 1888 1940 2318 2329
783 36 95 249 304 457 493 728 764 1026 1225 1258 1330 1402 1403 1510 1619 1649 1714 1719 1870 1881 1965 2094 2109 2201 2399 2488
784 55 93 157 172 189 223 247 297 381 465 629 753 762 916 961 1246 1433 1538 1867 1938 1979 2212 2377 2397 2442 2499
785 88 195 218 284 321 574 753 809 823 955 959 1000 1038 1051 1089 1189 1240 1277 1416 1480 1645 1951 2057 2215 2351 2381 2386 2399 2494
786 45 50 72 134 302 394 429 498 649 729 855 995 1166 1174 1206 1207 1603 1655 1900 2229 2319 2403
787 80 82 105 385 512 520 703 708 780 943 946 953 966 1050 1120 1170 1245 1430 1466 1506 1571 1623 1697 1745 1836 1858 1936 1938 1949 2343 2348 2354
788 62 193 199 263 343 570 683 726 904 977 1077 1224 1318 1334 1421 1731 1734 1745 2014 2031 2090 2175 2201 2254 2358 2446 2475
789 18 196 409 428 552 727 866 891 1066 1204 1208 1231 1348 1418 1436 1476 1528 1896 1941 1965 2074 2142 2223 2299 2482 2491
790 373 411 501 547 601 622 715 816 886 895 950 998 1098 1254 1262 1406 1459 1497 1648 1801 2013 2030 2472
791 129 184 207 327 352 378 413 418 468 650 912 920 975 1224 1298 1304 1382 1450 1609 1628 1666 1671 1694 1698 1942 2119 2138 2196 2236 2297 2303 2354 2394
792 41 164 228 310 399 508 672 864 895 987 993 1031 1040 1153 1402 1718 1785 1892 2051 2061 2163 2186 2204 2222
793 22 27 39 40 64 70 77 124 164 230 309 345 627 674 731 819 824 883 1035 1187 1317 1457 1484 1640 1761 1776 1951 2143 2485
794 18 177 294 416 455 619 629 799 841 943 1110 1139 1271 1472 1534 1567 1636 1829 1879 1956 1994 1998 2036 2061 2209 2463 2493 2499
795 32 67 174 192 597 677 725 736 761 850 869 944 945 974 991 1028 1149 1257 1295 1428 1522 1559 1581 1585 1795 1817 1827 1942 1957 2006 2076 2089 2092 2140 2306 2471
796 86 214 239 322 358 402 772 832 1104 1173 1226 1238 1251 1323 1328 1349 1358 1407 1444 1567 1639 1680 1739 1828 1838 1959 2101 2155 2483
797 17 18 150 288 296 433 501 524 973 975 992 1084 1189 1284 1324 1357 1378 1456 1543 1564 1626 1687 1734 1798 1955 2004 2090 2286 2345 2434 2469
798 66 67 83 256 272 454 558 573 633 749 817 912 1235 1358 1553 1557 1901 1978 2183 2280
799 156 308 311 313 332 342 346 430 537 593 794 803 861 910 915 1022 1151 1176 1197 1240 1249 1259 1345 1428 1533 1678 1679 1775 1950 1985 2054 2214 2376
800 1 322 513 523 578 687 720 723 766 893 1019 1023 1247 1345 1452 1498 1561 1573 1652 1718 1803 2070 2133 2177 2273 2285 2467
801 186 200 244 281 583 867 950 1034 1067 1090 1254 1355 1462 1493 1659 1814 1824 1884 1973 2034 2109 2273
802 64 155 212 290 426 457 581 610 611 669 685 1253 1322 1477 1537 1589 1601 1631 1655 1732 1830 1881 1924 1972 2036 2193 2263 2274 2312
803 47 68 157 248 366 420 605 627 734 799 918 938 1056 1066 1088 1562 1896 1943 1952 2325 2345 2434 2460
804 12 189 197 208 320 563 628 635 732 744 809 934 939 1066 1091 1115 1177 1261 1416 1441 1473 1483 1549 1608 1613 1840 1963 2088 2118 2183 2332
805 85 108 222 446 473 535 658 665 885 991 1068 1149 1171 1292 1334 1579 1832 2009 2021 2050 2092 2096 2340 2345 2443
806 280 679 683 689 860 933 943 1092 1148 1176 1694 1801 1925 2028 2080 2257 2290 2326
807 92 214 219 390 464 531 565 672 745 888 1063 1659 1704 1757 1822 1850 2105 2175 2285 2334
808 210 261 312 318 413 491 538 640 867 889 916 1038 1226 1227 1250 1261 1327 1393 1435 1471 1511 1845 2231 2321
809 150 370 393 417 472 517 549 562 637 785 804 1208 1230 1408 1439 1490 1725 1866 1961 1977 1985 2084 2130 2294 2295 2321 2384 2450 2480 2490
810 68 273 326 453 466 486 579 741 943 1000 1066 1259 1365 1366 1374 1496 1584 1713 1796 1835 1899 1928 1996 2073 2097 2215 2225 2326 2376
811 74 270 454 532 663 1060 1108 1158 1251 1470 1760 1913 1986 2011 2327
812 21 139 171 484 563 719 846 895 954 1115 1276 1303 1324 1494 1537 1549 1582 1618 1672 2040 2106 2110 2161 2342 2386
813 94 292 333 613 669 695 822 979 1136 1257 1399 1449 1487 1896 1974 2037 2090 2154 2196 2248 2349 2356 2403 2430 2499
814 3 265 400 430 482 880 960 998 1031 1210 1409 1475 1476 1701 1716 1728 2144 2211 2383 2496
815 53 205 242 494 505 537 543 576 655 839 879 928 1142 1252 1270 1453 1701 1738 1746 1902 2007 2117 2270 2342 2460 2464
816 163 440 484 497 662 790 912 1090 1247 1424 1719 1855 1924 2097 2258 2314 2451
817 109 113 234 254 259 308 436 798 955 959 981 1018 1102 1140 1242 1358 1365 1787 1905 1964 2076 2175 2251
818 343 490 522 590 1086 1325 1341 1374 1542 1584 1977 2163 2165 2186 2192 2214 2262 2441
819 3 55 123 197 472 515 571 637 793 909 1021 1215 1264 1270 1387 1602 1641 1743 1768 1833 1902 2025 2121 2179 2379 2461 2482
820 24 123 154 184 291 313 320 507 582 601 645 647 711 776 970 1052 1265 1313 1491 1532 1648 1676 1707 1904 2003 2012 2070 2224 2264 2276 2384 2398
821 106 454 911 985 1060 1077 1096 1131 1247 1257 1278 1309 1442 1463 1560 1611 1628 1679 1694 1762 1937 2038 2081 2171 2260
822 2 20 36 64 192 285 297 441 681 735 778 813 879 1055 1067 1070 1147 1152 1371 2165
823 173 430 577 785 1587 1591 1781 1890 2000 2040 2081 2142 2171 2263 2324 2403
824 230 279 318 514 705 751 778 793 932 961 1084 1096 1161 1177 1377 1482 1614 1735 1975 2092 2401 2428 2440
825 18 39 171 253 270 556 632 655 701 741 742 839 910 1247 1275 1375 1498 1547 1719 1728 1786 1868 1941 2126 2146 2205 2252 2403 2491
826 191 317 342 382 439 693 697 754 909 1202 1237 1365 1397 1456 1725 1927 1991 2057 2095 2142 2256 2293 2373 2393
827 53 82 179 304 370 849 852 922 1134 1408 1696 1699 1714 1787 1818 2002 2106 2139 2220 2382 2441
828 32 33 50 188 666 735 945 957 1027 1131 1148 1153 1322 1461 1719 1812 1874 1883 1914 1976 1985 2201 2209 2238 2463
829 88 245 270 276 306 487 525 716 1020 1105 1443 1487 1699 1742 1782 1821 1988 2235 2358 2361 2448
830 94 150 236 262 376 556 625 852 959 966 1050 1136 1169 1206 1264 1416 1499 1756 1813 1933 1938 2030 2032 2075 2123 2125 2403
831 120 321 336 416 510 517 543 574 591 605 655 911 923 1107 1260 1305 1322 1340 1544 1589 1591 1776 1802 1863 1895 1940 2087 2294 2360
832 30 123 454 492 523 601 722 796 833 1246 1252 1659 1748 1768 2046 2100 2201 2308 2403 2477
833 31 56 139 151 182 194 268 414 567 645 668 832 852 952 1038 1161 1173 1214 1408 1415 1546 1646 1675 1722 1792 1909 1984 2238 2269 2276 2296
834 8 161 421 459 491 639 745 850 866 876 897 1028 1053 1225 1233 1464 1578 2020 2137 2328 2393 2472
835 16 90 195 596 726 961 1008 1108 1348 1666 1848 1954 2063 2111 2217 2375
836 107 130 553 573 850 953 986 1245 1294 1395 1416 1567 1582 1653 1938 1982 2008 2038 2133 2151 2163 2209 2216 2288 2463 2484
837 125 265 279 405 456 463 477 877 1019 1045 1065 1168 1420 1468 1664 1851 1937 2123 2417
838 16 40 58 117 180 293 299 315 451 550 558 856 866 928 942 948 1100 1161 1189 1193 1351 1513 1586 1614 1631 1640 1645 1706 1710 1832 1940 2218 2301 2308 2317 2362
839 183 231 275 487 537 566 645 724 767 815 825 929 1186 1233 1241 1417 1472 1575 1669 1681 1767 1863 2244 2256 2286 2308 2316 2476
840 1 141 282 337 371 415 546 676 872 967 990 1015 1046 1241 1361 1371 1383 1587 1634 1764 1862 1868 1881 2052 2125 2188 2203 2368
841 13 89 224 282 595 597 637 656 687 794 921 944 987 1014 1416 1615 1690 1943 2055 2109 2129 2233 2273
842 210 396 504 532 584 678 886 1193 1223 1266 1283 1673 1701 1818 1908 2088 2165 2207 2212 2264 2306
843 14 239 515 561 565 779 857 944 1090 1092 1113 1158 1318 1500 1542 1750 1805 1812 1923 1927 1966 2115 2121
844 236 261 293 304 342 542 606 623 1257 1462 1605 1729 1759 1946 1969 2026 2157 2246 2258 2260 2343 2401
845 2 40 319 345 478 528 579 586 884 918 1028 1083 1127 1263 1359 1400 1522 1711 1956 2324 2345
846 15 123 143 280 286 300 414 508 527 666 729 812 904 1370 1384 1470 1541 1554 1566 1599 1708 1733 1818 1870 1901 2153 2261 2295 2301 2373 2387 2393
847 42 126 167 178 292 466 598 669 677 925 967 1002 1008 1034 1045 1146 1588 1596 1626 1756 1774 1802 1815 1871 1963 2107 2153 2165 2486
848 36 150 404 424 437 630 956 1023 1220 1221 1342 1362 1382 1488 1555 1583 1625 1640 1702 1832 2061 2154 2429 2492
849 79 131 265 389 602 688 763 778 781 827 912 1227 1231 1277 1342 1371 1416 1465 1527 1535 1597 1711 1721 1817 1855 1984 2103 2193 2273 2284 2322 2339 2461 2477
850 55 73 190 294 434 507 603 684 795 834 836 1107 1172 1211 1308 1453 1463 1523 1632 1652 1765 1823 1824 1897 2010 2036 2143 2236 2254 2481
851 53 63 535 703 718 755 901 902 996 1017 1076 1088 1094 1138 1161 1456 1638 1665 1790 1845 1862 1907 1937 2092 2190 2236 2256 2301 2333 2415
852 4 74 183 294 308 410 451 723 827 830 833 981 1091 1096 1097 1150 1173 1215 1327 1385 1453 1457 1760 1816 1817 2027 2060 2105 2310 2312 2332 2350
853 45 105 136 253 348 443 562 591 617 661 864 953 1177 1184 1258 1267 1279 1361 1386 1636 1716 1828 1875 1879 2148 2184 2221
854 252 334 630 675 686 714 1006 1059 1134 1179 1226 1362 1545 1616 1875 1882 1916 1932 1979 2004 2019 2036 2139 2174 2287 2465
855 153 198 371 373 495 564 778 786 911 945 971 1029 1219 1389 1578 1580 1586 1721 1831 1925 2050 2103 2165 2421
856 112 144 486 704 838 862 904 906 981 1015 1044 1152 1561 1690 1905 1934 2094 2203 2365 2400 2408
857 5 162 304 425 454 485 588 645 843 921 941 991 1033 1065 1077 1097 1111 1206 1215 1300 1386 1391 1545 1588 1671 1693 1834 1892 1992 2246 2301 2345 2379
858 367 390 514 523 551 575 728 914 991 1050 1261 1314 1521 1551 1693 1751 1858 1864 2219 2246 2407
859 33 57 205 206 276 320 341 685 914 919 1039 1577 1631 1714 1732 1959 2025 2113 2122 2166 2377
860 64 97 314 341 697 806 907 1005 1068 1164 1241 1326 1526 1533 1879 2062 2220 2301
861 75 79 338 493 541 799 986 1057 1072 1136 1220 1302 1306 1391 1392 1617 1711 1763 1914 1955 1964 2209 2294 2330 2362 2387 2424 2446
862 53 496 509 856 1147 1188 1195 1216 1304 1476 1505 1512 1539 1574 1641 1698 1740 1794 1870 1905 1922 1952 2087 2130 2229 2231 2271
863 134 218 287 381 565 1103 1120 1213 1231 1272 1343 1477 1483 1506 1511 1646 1689 1802 1826 1906 2064 2137 2160 2472 2483
864 90 257 260 295 358 489 519 611 648 767 792 853 915 929 973 1014 1562 1649 1821 1847 1953 2063 2100 2158 2479
865 105 108 166 349 443 505 628 643 948 1141 1525 1675 1679 1897 2124 2246 2261 2364 2479
866 167 429 434 564 640 734 789 834 838 1014 1409 1470 1568 1692 1727 1751 1864 1890 2024 2112 2252 2366
867 12 118 153 276 296 397 533 696 801 808 1093 1158 1537 1731 1984 2160 2206 2212 2313
868 35 207 288 340 427 563 612 910 943 972 978 1052 1059 1070 1371 1388 1475 1606 1612 1622 1664 1687 1725 1828 1861 1879 1902 2162 2401
869 32 351 362 498 506 533 638 795 926 936 1007 1085 1098 1225 1416 1430 1691 1712 1760 1910 2019 2149 2158 2269 2412
870 149 191 209 240 245 588 592 616 675 939 959 1213 1722 1848 1909 2497
871 233 299 447 668 680 936 1278 1338 1423 1580 1627 1687 1829 1846 1957 2095 2096 2114 2181 2264 2341
872 324 327 397 589 593 622 647 714 725 840 977 1140 1323 1341 1366 1575 1701 1821 1941 2044 2089 2148 2497
873 234 249 285 353 551 635 644 728 747 976 993 1122 1143 1269 1304 1312 1330 1384 1601 1744 1783 1866 1989 2018 2109 2165 2368 2411 2419
874 19 184 323 427 506 738 893 1026 1263 1337 1359 1381 1414 1443 1716 1827 1854 1896 2067 2089 2383 2444
875 30 79 170 380 566 588 1366 1394 1420 1679 1752 1783 1831 1865 1952 1964 1985 2068 2211 2398 2406 2419 2427 2437 2474
876 80 382 557 593 834 898 921 998 1112 1146 1169 1190 1249 1410 1411 1414 1670 1765 1806 1899 1953 2149 2156 2286 2309 2342 2377 2480
877 88 259 349 671 707 717 837 1105 1207 1340 1403 1458 1702 1715 2042
878 174 417 442 496 549 945 1153 1270 1392 1396 1492 1531 1573 1620 1726 1923 1949 2052 2251 2407 2493
879 118 162 168 207 209 414 624 636 740 779 815 822 1034 1250 1270 1271 1291 1372 1385 1398 1426 2052 2077 2309 2433 2438 2484
880 26 104 156 394 453 494 693 814 955 1039 1129 1258 1306 1307 1312 1469 1546 1620 1687 2049 2273 2370 2440 2455 2465
881 13 44 73 164 217 225 248 274 349 375 423 626 687 891 989 1062 1071 1095 1171 1272 1738 1779 1955 1992 2034 2173 2377 2460
882 17 194 258 460 640 668 677 1299 1365 1384 1399 1470 1612 1633 1645 1750 1783 1813 1831 1909 2010 2034 2039 2044 2231 2335 2381
883 144 407 456 586 587 626 724 728 793 898 928 944 947 976 1210 1333 1502 1534 1577 1600 1680 1709 1737 1820 1848 1889 1946 1947 2029 2191
884 34 35 155 194 488 751 845 967 1303 1304 1444 1453 1581 1779 1968 2045 2349 2455
885 152 212 480 504 529 805 932 964 1011 1183 1379 1475 1549 1555 1674 1897 1951 1987 2016 2153 2244 2255 2295 2342
886 147 221 222 437 483 671 757 790 842 891 1200 1229 1256 1326 1428 1446 1578 1674 1716 1842 1919 2032 2093 2104 2224 2232 2277 2296 2303 2331 2391 2402 2404 2407 2433
887 120 176 545 608 758 940 994 1131 1240 1581 1665 1670 1768 1886 1963 1989 2104 2332 2416 2446 2463
888 26 79 87 253 446 456 672 807 893 1041 1068 1070 1121 1257 1459 1542 1743 1894 1906 1907 1921 2028 2271 2364 2425 2466
889 87 197 329 376 377 651 675 747 808 1105 1244 1313 1340 1359 1502 1527 1602 1674 1736 1752 1759 1871 1892 1897 2212 2268 2328
890 31 63 188 198 257 384 386 473 642 762 967 1000 1171 1398 1428 1444 1450 1565 1637 1729 1751 1781 1875 2000 2015 2073 2095 2155 2191 2267 2498
891 15 28 48 103 209 260 350 410 427 454 593 639 789 881 886 914 1054 1145 1171 1195 1228 1231 1243 1280 1356 1391 1417 1438 1621 1644 1666 1682 1716 1927 1937 1971 2001 2125 2181 2202 2235 2250 2317 2475 2491
892 91 142 249 329 507 523 542 958 1061 1126 1380 1742 1981 1994 2070 2094 2195 2209 2248 2373
893 158 272 334 412 706 726 800 874 888 1202 1219 1235 1243 1305 1399 1586 1713 1728 1747 2233 2263 2307
894 38 78 219 234 391 439 505 548 665 682 716 737 910 939 1072 1111 1213 1326 1475 1524 1704 1923 2009 2046 2087 2257
895 117 389 533 686 790 792 812 1040 1057 1101 1156 1226 1232 1330 1346 1386 1388 1411 1416 1474 1557 1731 1875 1984 1991 2246 2259 2293 2355 2398
896 18 29 105 110 279 356 408 413 490 644 652 696 1195 1382 1459 1503 1595 1617 1622 1700 2034 2220 2241 2382
897 125 359 475 659 773 834 914 982 1000 1044 1177 1288 1374 1539 1628 1650 1707 1799 1806 1905 1974 2239 2281 2283 2298
898 7 151 169 555 876 883 909 928 1005 1065 1199 1310 1335 1338 1477 1577 1626 1745 1839 1989 2165 2193 2342 2388 2399 2464 2465
899 80 88 129 194 304 361 479 626 715 725 947 1015 1078 1106 1126 1134 1165 1201 1610 1664 1854 1992 2100 2256 2295 2418
900 241 280 296 377 378 436 517 585 597 943 1052 1157 1216 1223 1482 1537 1557 1634 1995 2073 2189 2415
901 77 104 182 205 346 370 480 649 670 702 748 781 851 1070 1138 1143 1413 1450 1517 1621 1675 1788 1832 1958 2202 2220 2298
902 86 273 296 298 342 398 572 606 698 741 758 763 851 1027 1062 1067 1173 1274 1312 1356 1606 1684 1746 1803 1808 1850 1935 2130 2150 2278 2438 2465 2493
903 0 138 253 255 304 444 471 659 674 703 753 1043 1110 1126 1200 1209 1333 1417 1693 2022 2212 2225 2283 2298
904 25 61 217 275 480 488 499 609 788 846 856 957 1189 1224 1308 1378 1400 1719 1727 1796 1903 1908 2090 2236 2333 2368
905 226 237 340 425 980 1017 1033 1057 1123 1165 1179 1188 1494 1533 1658 1737 1754 1788 1990 2081 2214 2310 2322 2455
906 103 119 306 444 502 556 574 856 1003 1006 1021 1062 1113 1120 1192 1193 1195 1320 1504 1646 1675 2210 2213 2297 2300 2429
907 45 106 168 297 302 458 629 634 728 860 958 1266 1281 1340 1434 1458 1546 1673 1745 1788 2105 2208 2336 2345 2351
908 9 270 319 387 579 583 605 649 665 696 756 1140 1325 1338 1430 1565 1633 1635 1730 1960 2062 2130 2185 2277 2278 2484
909 156 181 261 310 466 545 615 621 641 819 826 898 912 966 987 1108 1317 1597 1626 1745 1813 1868 1963 2018 2054 2079 2111 2131 2264 2290 2438
910 145 168 281 588 627 648 799 825 868 894 968 1305 1436 1586 1607 1927 2068 2082 2091 2165 2183 2190 2214 2227 2257 2293 2361 2419
911 69 136 245 398 407 421 579 764 821 831 855 936 945 995 1076 1189 1217 1504 1700 1727 1758 1981 2069 2103 2167 2178 2288 2359 2400 2421
912 219 348 380 397 495 524 579 791 798 816 849 909 929 942 986 1157 1302 1393 1439 1516 1563 1593 1898 1950 2006 2032 2220 2232 2332
913 44 167 196 197 218 357 407 427 629 923 1089 1143 1256 1270 1344 1504 1650 1858 1895 1957 1977 2054 2246 2258 2395
914 17 298 390 506 858 859 891 897 1073 1107 1385 1618 1754 1764 1892 1931 1951 2117 2204 2354 2417
915 130 161 430 450 489 570 574 655 799 864 1124 1193 1452 1576 1593 1663 1718 1758 1964 2159 2229 2306 2345 2369 2475
916 105 118 136 310 426 437 522 784 808 966 1191 1237 1257 1268 1606 1911 1936 1978 2153 2270
917 39 84 107 149 205 262 287 312 413 422 555 598 622 683 718 757 993 1020 1194 1345 1350 1464 1580 1607 1705 1707 1735 1740 1796 1803 1874 1937 1978 2025 2058 2087 2098 2291 2369 2398 2446
918 120 127 454 679 688 701 773 803 845 1145 1177 1178 1213 1286 1420 1515 1740 1895 2035 2147 2205 2207 2217 2341 2489
919 52 317 325 641 643 702 724 728 765 859 970 1070 1178 1436 1495 1522 1538 1611 1816 1926 2359 2428 2430 2441 2453
920 69 225 342 446 589 673 684 791 952 1002 1039 1176 1278 1412 1449 1513 1848 1882 1982 2163 2214 2293 2388 2485
921 74 76 236 260 340 459 626 841 857 876 1011 1027 1169 1277 1300 1310 1349 1423 1433 1474 1725 1759 1761 1767 1780 1835 1845 1874 1951 2009 2103 2127 2158 2257 2352 2433
922 37 40 202 225 310 321 499 564 604 827 929 932 956 976 1091 1263 1474 1637 1798 1874 1921 2202 2236 2254 2353 2363 2491
923 191 302 345 366 375 604 677 770 831 913 973 1026 1083 1097 1121 1402 1436 1512 1533 1538 1588 1764 1791 1824 1847 1906 1960 2076 2098 2236 2332 2396 2417 2463
924 159 188 204 279 457 556 717 1211 1316 1392 1540 1548 1559 1574 1700 1709 1742 1766 1918 1934 2029 2214 2331
925 0 88 92 120 255 330 402 491 510 738 749 847 935 986 1030 1086 1402 1420 1620 1670 1679 1803 1889 1943 2273 2347 2459 2468 2484
926 14 183 246 281 445 471 568 577 681 765 869 964 966 1022 1165 1186 1710 1854 2002 2013 2067 2108 2215 2217 2260 2316 2328 2401
927 62 78 121 143 210 314 390 531 556 646 673 929 996 1031 1082 1121 1233 1344 1471 1606 1633 1724 1736 1831 2056 2108 2175 2247 2279 2311 2444 2462
928 141 165 319 524 679 699 775 815 838 883 898 1065 1181 1197 1272 1677 1685 1697 1750 2019 2093 2113 2202 2211 2291
929 322 408 456 678 839 864 912 922 927 1185 1230 1240 1294 1301 1375 1811 2060 2156 2318 2471
930 4 147 187 291 496 554 555 570 577 732 945 985 1045 1312 1331 1332 1366 1375 1633 1776 1874 1905 2022 2033 2146 2196 2248
931 62 141 151 258 282 483 736 962 975 1060 1155 1166 1255 1296 1319 1407 1821 1859 1885 1916 2066 2086 2153 2208 2211 2219 2318 2369 2458
932 103 179 181 220 294 380 508 691 769 824 885 922 972 1059 1207 1247 1367 1432 1454 1575 1618 1719 1777 1809 1860 1897 1955 2112 2263 2428
933 84 177 255 314 321 342 355 463 590 641 681 754 806 1246 1483 1489 1537 1590 1652 1827 2139 2318 2414
934 193 247 259 286 315 334 425 493 570 631 660 804 992 996 1147 1230 1281 1293 1296 1301 1303 1306 1716 1748 1769 1962 1965 2021 2022 2121 2169 2255 2295
935 65 159 168 169 276 316 337 376 557 583 585 925 937 1096 1241 1399 1417 1503 1795 1959 2048 2270 2478 2482
936 77 153 220 253 350 449 511 564 583 869 871 911 1004 1155 1204 1304 1395 1430 1489 1542 1819 1950 2008 2127 2344 2471
937 10 427 478 652 680 935 1089 1105 1213 1297 1407 1441 1458 1599 1633 1635 1740 1863 2101 2178 2287 2302 2306 2352 2371 2428
938 113 168 176 362 427 454 584 587 640 684 803 973 1159 1185 1489 1611 1645 1712 1979 2010 2186 2348 2438
939 257 262 303 329 339 671 678 804 870 894 1293 1299 1466 1470 1690 1697 1789 1837 1921 2000 2154
940 50 109 133 171 277 355 529 554 563 639 887 986 1041 1094 1479 1509 1707 1791 1864 1873 1927 1974 2354 2400
941 21 186 356 599 602 643 691 693 766 857 1031 1038 1162 1226 1244 1354 1591 1629 1648 1751 1857 1906 1988 2191 2207 2378 2497
942 35 87 199 383 481 557 838 912 1078 1189 1345 1481 1487 1531 1780 1797 1826 1998 2001 2018 2037 2191 2226 2386 2397 2477 2480
943 360 648 668 787 794 806 810 868 900 1033 1050 1066 1179 1231 1532 1548 1577 1593 1604 1613 1664 1674 1756 2058 2088 2114 2191 2204
944 73 112 116 203 366 377 414 660 795 841 843 883 1020 1246 1261 1293 1551 1577 1598 1649 1860 1990 2021 2058 2082 2100 2125 2169 2308 2343 2379
945 147 273 771 795 828 855 878 911 930 1255 1307 1512 1516 1909 2073 2125 2197 2256 2303 2340 2444
946 7 321 334 614 645 739 787 1077 1324 1348 1390 1473 1515 1630 1841 1853 2127 2146 2155 2365 2374
947 6 10 18 40 134 150 231 234 314 336 341 402 425 601 658 720 725 764 883 899 1068 1309 1702 1872 2038 2149 2275
948 4 5 10 208 226 323 443 467 471 621 670 838 865 1036 1139 1151 1245 1360 1400 1664 1788 1866 2118 2329 2438
949 104 247 275 349 552 605 661 690 693 782 1169 1265 1291 1407 1490 1499 1672 1695 1927 2138 2401
950 150 239 356 366 454 714 761 790 801 1075 1205 1395 1480 1522 1613 1696 1874 1876 1881 2004 2021 2031
951 94 217 300 317 332 362 482 528 630 1048 1062 1150 1162 1524 1543 1574 1829 1967 2021 2086 2205 2344 2390 2471
952 310 330 472 586 770 833 920 997 1150 1163 1281 1367 1397 1419 1459 1660 1698 1809 2088 2319 2337 2477 2490
953 121 127 137 153 203 599 630 736 787 836 853 964 1069 1094 1152 1185 1270 1415 1632 1648 1847 2121 2243 2325
954 37 104 176 291 334 466 547 591 708 812 1217 1227 1462 1571 1591 1638 1647 1696 1788 1908 2017 2197 2384 2484
955 193 275 303 467 496 572 632 785 817 880 1082 1177 1260 1564 1580 1598 1756 2183 2204 2229 2277 2489
956 111 239 329 348 652 655 848 922 1025 1179 1190 1208 1240 1255 1415 1462 1465 1471 1804 1826 2032 2036 2043 2465
957 291 311 362 446 450 535 743 828 904 1164 1411 1501 1684 1685 1751 1839 2166 2344 2386 2439
958 31 66 210 345 777 892 907 1072 1168 1338 1464 1523 2040 2086 2361 2366
959 76 307 326 592 598 606 785 817 830 870 962 988 1097 1145 1192 1313 1326 1339 1773 1913 1959 1996 2013 2045 2213 2244 2255 2273 2289 2304
960 148 171 407 433 437 603 814 996 1059 1078 1092 1145 1275 1329 1344 1400 1421 1469 1802 2027 2292 2314 2388
961 102 165 171 372 478 557 719 784 824 835 1078 1169 1233 1297 1439 1634 1706 2327
962 150 363 366 646 719 931 959 1034 1041 1109 1199 1268 1318 1330 1447 1452 1454 1522 1638 1690 1801 1816 1852 1922 2053 2237 2319 2326 2342 2402 2421 2473
963 5 11 38 195 288 343 404 553 617 673 1028 1034 1049 1114 1159 1240 1341 1426 1444 1456 1627 1679 1750 1752 1766 1784 1887 2068 2092 2284 2370
964 39 77 162 233 237 285 358 435 533 576 630 642 677 730 742 779 885 926 953 1044 1116 1261 1355 1392 1416 1739 1774 1885 1964 1972 2096 2264
965 104 442 475 575 618 657 1052 1075 1146 1200 1344 1435 1650 1822 1829 2008 2009 2115 2200 2218 2292 2448
966 48 98 113 140 291 340 441 650 710 787 830 909 916 926 987 1179 1619 1747 1754 1842
967 38 101 184 242 335 530 550 573 651 840 847 884 890 1311 1442 1587 1641 1694 1859 1946 1976 2013 2022 2063 2081 2089 2215 2378 2438
968 0 9 86 111 175 182 336 410 416 465 548 648 658 773 910 997 1051 1163 1208 1215 1297 1386 1626 1759 1796 1835 1930 1966 2038 2041 2069 2216 2241 2371
969 9 69 101 244 501 586 719 999 1175 1270 1510 1535 1566 1592 1648 1704 1727 1779 1936 2039 2346
970 154 176 185 281 319 362 532 657 820 919 1129 1211 1212 1222 1236 1314 1322 1387 1440 1525 1555 1557 1568 1689 1706 1972 1975 1982 1993 1999 2004 2188 2190 2263 2361 2428 2450 2464
971 43 79 96 124 581 612 619 658 716 740 769 855 997 1219 1310 1353 1679 1703 1720 1795 1876 1945 2067 2099 2131
972 4 18 128 140 144 238 376 419 489 597 619 685 868 932 1040 1084 1179 1185 1234 1291 1397 1411 1418 1435 1450 1583 1684 1723 1862 1985 1996 1999 2325 2486
973 37 40 42 263 280 299 310 442 514 605 697 719 797 864 923 938 1086 1187 1305 1311 1325 1339 1383 1413 1422 1451 1487 1516 1850 1864 1931 1939 2033 2108 2120 2194 2235 2300 2488 2498
974 102 141 154 160 503 540 550 795 1105 1136 1160 1180 1314 1320 1616 1857 1912 1991 2211 2254 2256 2343 2377 2447 2496
975 48 170 255 394 643 791 797 931 1029 1056 1111 1394 1513 1785 1804 1914 2227 2270
976 64 127 211 233 622 706 873 883 922 1170 1275 1365 1437 1509 1738 1768 1834 1851 1919 1926 1963 1964 1982 2391 2479
977 49 58 230 407 486 548 556 624 640 718 788 872 1149 1150 1164 1255 1521 1719 1837 1878 1983 2130 2185 2262 2389 2453 2465
978 46 115 158 197 198 231 325 396 668 681 868 1209 1519 1544 1613 1719 1961 2158 2308 2343 2396
979 54 112 180 276 408 414 426 438 440 524 619 625 626 653 813 1209 1344 1539 1564 1728 1844 1878 1952 2022 2084 2103 2192 2421
980 43 207 319 346 905 1416 1427 1585 1723 1795 1937 2362
981 87 126 240 325 344 345 354 679 743 817 852 856 1044 1295 1317 1352 1455 1561 1577 1815 1834 1836 1943 2127 2128 2138 2425 2442 2457
982 80 88 120 178 239 336 416 425 479 722 897 1168 1184 1335 1442 1465 1552 1600 1662 1815 1885 1951 2027 2059 2316 2358 2374
983 102 236 419 621 716 722 729 1046 1328 1484 1717 1759 1815 2353 2425
984 210 263 286 362 538 543 551 658 1038 1086 1110 1145 1252 1437 1824 2003 2088
985 103 367 523 552 691 821 930 1410 1430 1475 1527 1585 1587 1800 1897 1904 1929 2162 2196 2284
986 175 247 477 640 688 836 861 912 925 940 988 989 997 1134 1160 1170 1242 1442 1517 1525 1808 1812 1831 1878 1909 1924 1953 2031 2178 2262 2293
987 174 180 248 484 485 644 703 792 841 909 966 1004 1073 1132 1190 1541 1607 1735 1763 1809 1929 1945 1981 2249 2269
988 94 98 519 563 959 986 1013 1051 1089 1130 1189 1237 1249 1268 1393 1640 1669 1696 1701 1942 1953 1961 2046 2081 2283 2320
989 52 240 272 367 654 881 986 1008 1012 1019 1088 1246 1295 1447 1463 1587 1645 1772 1899 1987 2000 2009 2071 2212 2234 2245 2309 2351 2401 2438
990 63 106 153 278 452 527 595 840 997 1019 1248 1284 1288 1301 1427 1498 1713 1724 1727 1783 1978 2089 2092 2150 2288 2321 2365 2398
991 136 333 539 549 561 693 714 733 795 805 857 858 1172 1388 1496 1506 1558 1637 1645 1849 2191 2192 2213 2259 2288 2295
992 15 260 447 605 632 660 797 934 1090 1262 1270 1411 1426 1478 1537 1610 1830 1856 1949 1962 2076 2101 2127 2170 2229 2305 2413 2444
993 130 163 193 235 342 386 404 413 431 531 571 619 638 764 766 792 873 917 1053 1056 1323 1355 1509 1590 1640 1654 1831 2003 2258 2295 2405
994 66 79 139 706 735 738 887 1048 1052 1133 1170 1370 1582 1642 1679 1998 2144 2161 2243 2339 2408
995 119 132 155 506 519 532 721 779 786 911 1209 1219 1220 1228 1239 1240 1274 1429 1433 1445 1461 1526 1550 1555 1672 1736 1759 1912 1919 1931 2020 2126 2174 2185 2191 2317
996 52 102 162 179 249 367 390 535 638 702 760 851 927 934 960 1005 1271 1282 1503 1582 1938 1959 2169 2313
997 207 259 325 350 479 575 691 710 717 728 771 952 968 971 986 990 1014 1427 1496 1506 1690 1800 1908 1946 1949 1964 2200 2217 2266 2288 2292 2355
998 88 109 137 265 351 423 432 525 750 790 814 876 1182 1533 1536 1631 1751 1780 2028 2187 2307 2455
999 50 205 323 344 417 451 474 676 969 1015 1115 1262 1354 1696 1733 1745 1868 1950 2402 2442 2456 2463
1000 46 246 254 271 277 361 373 390 460 507 532 609 706 716 785 810 890 897 1022 1463 1526 1606 1767 1994 2014 2193 2217 2443
1001 80 190 219 367 576 621 762 1018 1064 1327 1350 1432 1498 1845 1868 1904 1925 1938 2150 2272 2308
1002 31 305 320 429 544 847 920 1016 1042 1082 1157 1312 1555 1746 1778 1959 2100 2110 2313 2370 2384
1003 121 260 312 448 602 906 1171 1184 1254 1398 1466 1505 1597 1783 1878 1898 1929 2006 2201 2238 2406 2438 2488
1004 119 527 574 684 936 987 1010 1096 1189 1356 1433 1483 1591 1715 1768 1780 1848 1997 2290 2308 2369 2443 2498
1005 16 124 227 262 528 644 701 750 752 860 898 996 1123 1230 1231 1330 1669 1853 2014 2180 2455
1006 87 174 232 441 579 639 854 906 1176 1201 1210 1347 1576 2067 2140 2194 2195 2244 2397
1007 274 337 342 449 494 496 620 654 869 1040 1131 1226 1387 1441 1847 2004 2033 2064 2110 2116 2261 2369 2371
1008 8 89 162 263 477 638 835 847 989 1050 1101 1104 1108 1207 1358 1525 1707 1749 1761 1870 1903 1933 2040 2120 2175 2410
1009 119 133 214 311 379 422 470 676 1085 1109 1191 1382 1426 1454 1540 1630 1727 1745 1928 1987 2128 2142 2267 2320 2332 2389
1010 0 3 81 183 200 446 659 762 1004 1119 1219 1231 1398 1548 1552 1636 1722 1755 1858 2039 2068 2120 2140 2267 2275
1011 99 237 257 330 399 469 539 553 619 754 885 921 1013 1027 1135 1162 1443 1475 1485 1594 1672 1693 1869 1912 2012 2024 2060 2280 2340 2344 2437
1012 989 1067 1182 1215 1361 1460 1474 1533 1676 1880 1925 2036 2046 2062 2160 2307 2310 2332 2453 2472 2479
1013 6 249 321 402 471 776 988 1011 1065 1184 1257 1289 1313 1575 1882 1908 2037 2038 2047 2225 2453
1014 511 532 619 675 704 756 841 864 866 997 1171 1221 1347 1824 1864 1889 1903 2002 2041 2110 2120 2182 2200 2316
1015 248 376 395 603 677 735 748 840 856 899 999 1136 1151 1199 1446 1478 1567 1605 1619 1691 1712 1812 2056 2204 2394 2436 2491
1016 85 213 232 331 486 495 509 554 654 1002 1281 1433 1530 1544 1644 1665 1728 1761 1798 1814 1856 1864 2295
1017 106 156 165 225 432 630 706 717 756 851 905 1034 1040 1049 1251 1356 1468 1483 1567 1726 1733 1896 1974 2001 2103 2138 2208 2243 2362 2404 2411 2432
1018 230 321 388 604 661 681 817 1001 1431 1455 1562 1590 1800 1854 1961 2069 2322 2378
1019 25 143 165 282 404 800 837 989 990 1148 1298 1631 1755 1805 1863 2134 2171 2205 2487
1020 97 238 280 330 389 406 486 493 684 829 917 944 1107 1128 1193 1630 1637 1655 1692 1877 2028 2049 2115 2116 2231 2264 2271 2402 2426 2443 2492
1021 47 88 89 114 169 180 293 330 361 495 529 670 755 765 819 906 1023 1123 1143 1197 1309 1319 1554 1680 1700 1726 1727 1854 2013 2135 2153 2192 2202 2219 2292 2337 2340 2491
1022 142 190 227 237 384 490 799 926 1000 1032 1196 1368 1402 1414 1419 1479 1563 1582 1712 1799 1834 1846 1896 1897 2189 2371
1023 226 227 278 387 456 505 506 531 577 671 800 848 1021 1037 1176 1214 1217 1240 1464 1470 1484 1618 1635 1642 1762 1959 1971 2003 2171 2266 2299 2401 2481
1024 3 380 394 526 677 714 1080 1323 1417 1435 1511 1548 1619 1775 2071 2105 2113 2223 2369 2387 2481
1025 2 142 143 152 446 582 688 751 956 1100 1246 1427 1556 1612 1657 1859 1873 1884 2292 2296 2312 2358 2360 2478
1026 20 155 183 329 378 391 580 636 712 783 874 923 1223 1284 1311 1360 1390 1498 1628 1680 1697 1745 1777 1902 2038 2228
1027 26 60 80 114 121 149 179 276 309 332 368 516 537 547 828 902 921 1011 1065 1253 1460 1566 1605 1827 1866 1913 2022 2037 2130 2255 2294 2356
1028 3 86 621 749 774 795 834 845 963 1044 1254 1548 1682 1806 2333 2384 2493
1029 13 117 141 181 357 484 487 548 667 855 975 1168 1230 1445 1490 1533 1564 1689 1849 1922 1950 1978 2026 2108 2305
1030 11 188 258 413 622 681 689 925 1119 1144 1351 1397 1472 1582 1807 1879 1958 1981 1992 2001 2098 2155 2255 2330 2349 2370 2461
1031 96 144 148 343 501 578 586 792 814 927 941 1044 1139 1263 1454 1553 1725 1767 1776 1955 1983 2045 2244 2291 2313 2332 2382
1032 124 209 522 682 684 774 1022 1197 1279 1653 1709 1766 1839 2037 2098
1033 51 263 281 512 556 716 755 857 905 943 1272 1324 1353 1664 1669 1683 1718 1873 1898 2063 2125 2173 2236 2358 2436
1034 143 160 187 241 280 312 328 341 510 687 801 847 879 962 963 1017 1113 1162 1233 1345 1380 1544 1569 1627 1656 1724 1930 1957 2108 2114 2199 2203 2459 2469
1035 60 345 468 793 1044 1062 1202 1204 1328 1330 1371 1428 1450 1518 1559 1630 1738 1870 1890 1903 1960 2007 2020 2098 2203 2330 2365 2367 2442
1036 21 80 246 587 708 744 948 1074 1125 1752 1787 1920 1936 1978 2039 2287 2294 2355 2388
1037 19 410 549 553 588 684 724 1023 1443 1615 1912 1991 2052 2165 2218 2345 2420 2476
1038 90 195 276 472 474 785 808 833 941 984 1263 1337 1427 1462 1477 1494 1513 1783 1796 1800 1887 1888 1979 2014 2018
1039 41 143 228 526 573 859 880 920 1051 1080 1280 1288 1528 1549 1698 1815 1899 2007 2128 2318 2339
1040 740 792 895 972 1007 1017 1050 1188 1316 1346 1456 1492 1630 1661 1847 1976 1993 2382
1041 8 161 245 379 477 541 641 888 940 962 1167 1185 1276 1300 1543 1676 1784 1918 2021 2054 2083 2258 2266 2458 2467 2481
1042 52 119 147 230 304 373 432 463 587 645 649 759 1002 1320 1342 1383 1404 1549 1646 1779 1897 1955 2133 2150 2300 2469
1043 25 113 509 702 766 778 903 1075 1123 1240 1289 1569 1657 1806 1815 1940 2017 2066 2138 2299 2410 2438 2490 2498
1044 40 49 77 119 221 392 521 582 718 856 897 964 981 1028 1031 1035 1241 1463 1484 1524 1554 1698 1757 1934 1944 2273 2437
1045 117 142 194 309 612 837 847 930 1084 1103 1291 1507 1522 1558 1567 1605 1764 1830 1897 1907 2013 2142 2267 2491
1046 84 347 502 683 840 983 1168 1291 1367 1528 1661 1813 2063 2143 2199 2214 2272 2282 2299 2329 2367 2470
1047 151 253 374 410 590 735 745 746 1124 1130 1258 1447 1485 1621 1760 1964 2054 2089 2120 2232 2408 2449
1048 93 129 207 220 230 278 298 310 351 356 359 362 378 443 468 537 951 994 1053 1189 1403 1551 1713 2034 2049 2053 2172 2183 2232 2269 2348 2469
1049 56 223 231 310 630 722 732 963 1017 1133 1371 1467 1498 1567 1644 1908 1969 2115 2145 2165 2227 2233 2266 2354 2433 2478 2496
1050 80 198 216 334 371 716 729 737 787 830 858 943 1008 1040 1209 1214 1287 1369 1460 1675 1849 1867 1922 2001 2033
1051 99 121 213 332 418 481 614 635 785 968 988 1039 1276 1376 1582 1689 1728 1788 1790 1858 2055 2083 2253 2340 2344 2437
1052 199 266 319 359 418 648 663 769 820 868 900 965 994 1103 1205 1316 1348 1548 1641 1660 1699 1787 1831 1919 1959 1993 2017 2092 2314 2324
1053 268 270 279 503 583 671 676 758 834 993 1048 1069 1146 1242 1505 1766 1809 1909 2004 2055 2070 2161 2217 2292
1054 48 108 123 162 271 280 451 724 748 891 1202 1217 1282 1340 1366 1459 1655 1882 1895 1972 1979 1992 2077 2078 2090 2206 2242 2283 2351 2366 2432
1055 37 136 207 512 513 617 641 645 687 693 822 1102 1105 1132 1274 1346 1359 1372 1514 1593 1679 1727 1751 1862 1880 1890 2049 2060 2108 2306 2311 2337
1056 289 320 357 360 425 435 449 658 803 975 993 1131 1141 1379 1407 1415 1574 1689 1720 1861 1876 2111 2160 2201 2461
1057 12 175 274 283 622 861 895 905 1068 1077 1113 1138 1236 1247 1380 1764 1766 2061 2118 2172
1058 78 215 258 308 486 553 660 678 698 771 1094 1157 1263 1288 1293 1356 1421 1566 1637 1648 1682 1688 1793 1907 2000 2039 2059 2078 2142 2296 2354 2445
1059 218 311 510 854 868 932 960 1192 1233 1273 1423 1453 1678 1724 1773 1905 2040 2207 2321 2353 2460
1060 152 160 251 289 417 491 811 821 931 1088 1241 1296 1309 1336 1386 1403 1549 1612 1615 1821 1869 2072 2078 2232 2384 2446
1061 79 136 141 447 465 469 552 892 1065 1123 1166 1258 1279 1333 1502 1514 1547 1637 1822 1894 1919 1976 2095 2110 2201 2268 2272 2326 2441 2451 2472
1062 56 164 332 467 542 712 881 902 906 951 1035 1191 1371 1452 1558 1626 1657 1776 1945 2352
1063 312 365 563 672 681 807 1079 1126 1183 1220 1265 1282 1363 1395 1446 1516 1584 1619 1621 1769 2059 2132 2172 2207 2228 2436 2437
1064 20 57 139 215 267 395 520 587 626 629 704 724 742 1001 1143 1284 1657 1777 1870 2040 2078 2100 2151 2194 2241 2426
1065 281 473 482 539 586 628 837 857 898 928 1013 1027 1061 1281 1381 1752 1825 1875 1960 1983 2027 2201 2351
1066 49 204 247 684 705 789 803 804 810 943 1135 1143 1276 1298 1535 1633 1791 2041 2116 2158 2318 2343 2351
1067 1 300 601 775 801 822 902 1012 1097 1297 1350 1619 1633 1733 1936 1987 2032 2045 2294 2381
1068 21 245 270 316 473 768 805 860 888 947 1057 1172 1226 1435 1449 1470 1494 1503 1783 1817 1920 1990 1993 2024 2187 2391 2408 2416 2430
1069 149 159 663 680 953 1053 1151 1175 1181 1312 1389 1702 1747 1776 1809 2067 2103 2142 2380
1070 20 147 237 256 602 708 758 822 868 888 901 919 1136 1137 1468 1510 1514 1531 1534 1618 1631 1672 1945 1948 2120 2305 2309 2476
1071 117 121 240 471 674 739 749 881 1125 1540 2024 2063 2102 2141 2179 2190 2210 2258 2321 2360 2456
1072 69 70 74 113 213 247 405 410 452 496 525 740 861 894 958 1197 1231 1263 1346 1400 1409 1428 1551 1625 1669 1670 1672 1716 1848 1898 1952 1993 1994 2059 2199 2292 2366 2374
1073 136 321 345 371 467 763 914 987 1196 1218 1268 1322 1390 1490 1571 1891 1988 2097 2180 2362 2452
1074 29 64 351 451 503 683 1036 1086 1130 1167 1218 1285 1329 1652 1681 1749 1768 1783 1805 1943 2167 2169 2255 2317 2369 2444 2451
1075 159 223 287 338 429 511 596 653 689 950 965 1043 1142 1154 1224 1254 1318 1468 1562 1653 1976 2109 2151
1076 19 58 286 298 429 483 514 558 609 613 651 851 911 1261 1354 1417 1447 1473 1500 1575 1680 1746 1901 1947 2006 2042 2104 2218 2309 2453
1077 72 333 629 775 788 821 857 946 1057 1382 1437 1467 1505 1515 1897 2111 2150 2189 2337 2465
1078 243 273 345 522 614 751 752 899 942 960 961 1089 1093 1099 1141 1193 1225 1253 1271 1430 1501 1681 1747 1902 2056 2271 2331 2403
1079 132 277 292 372 374 376 383 464 465 568 626 706 1063 1097 1259 1286 1469 1544 1657 1765 1769 1889 1932 2005 2035 2312 2314 2401 2418
1080 11 209 363 432 602 636 691 1024 1039 1255 1259 1272 1496 1505 1607 1636 1652 1668 1795 1913 1916 2173 2198 2220 2316 2376 2382 2408
1081 57 59 78 111 265 292 335 500 572 665 1130 1346 1380 1513 1825 1864 1941 2116 2273 2367
1082 83 166 302 686 749 927 955 1002 1196 1327 1384 1473 1502 1679 1762 1848 2018 2120 2408 2432 2498
1083 146 174 316 387 619 845 923 1243 1278 1470 1525 1563 1621 1823 2047 2258 2428
1084 20 168 224 287 797 824 972 1045 1104 1121 1174 1345 1421 1509 1539 1648 1718 1858 1889 1978 2026 2110 2345
1085 237 322 435 514 557 611 774 869 1009 1140 1196 1277 1314 1360 1407 1489 1500 1687 1714 1718 1993 2147 2252 2301 2375
1086 70 83 171 207 291 309 377 638 651 818 925 973 984 1074 1207 1316 1421 1422 1527 2120 2202 2203 2233 2468
1087 98 174 321 414 513 585 649 715 718 1140 1226 1242 1340 1427 1758 1804 1866 1971 2079 2214 2236 2239 2257 2340
1088 16 44 46 66 85 311 360 506 511 703 721 740 803 851 989 1060 1101 1195 1201 1268 1438 1823 1966 2052 2124 2147 2186 2279 2298 2339 2397 2453
1089 22 25 44 162 334 436 530 586 654 677 748 785 913 937 988 1078 1182 1193 1215 1262 1377 1466 1709 1751 1872 1951 1959 2043 2046 2061 2090 2178 2338 2447 2494
1090 18 165 206 231 362 411 513 526 613 674 801 816 843 992 1097 1124 1245 1294 1488 1511 1875 1968 2028 2263 2457
1091 94 133 317 463 486 560 570 619 804 852 922 1223 1230 1405 1472 1609 1690 1919 1942 1951 2012 2088 2142
1092 18 249 292 310 806 843 960 1130 1210 1600 1686 1754 2009 2091 2194 2199 2403
1093 54 289 339 355 360 386 435 867 1078 1164 1183 1220 1265 1558 1573 1666 1752 1840 1935 1986 2002 2030 2067 2294
1094 150 175 189 281 498 755 851 940 953 1058 1180 1284 1389 1495 1515 1905 2022 2162 2260 2289
1095 73 169 291 364 373 420 535 582 615 770 881 1100 1415 1466 1652 1676 1748 1859 2046 2049 2078 2119 2164 2200 2272 2278 2309 2329 2446
1096 73 225 296 553 562 691 821 824 852 935 1004 1126 1144 1155 1186 1261 1311 1566 1658 1688 1828 1929 1975 1983 2014 2313 2394 2412 2467
1097 105 149 165 309 477 616 676 692 735 742 852 857 923 959 1067 1079 1090 1256 1374 1499 1612 1704 1803 1818 1994 2081 2294 2357
1098 224 230 237 290 483 679 790 869 1461 1596 1666 1679 1697 1732 1783 1796 1814 1875 1892 1953 2197 2224 2230 2364 2444
1099 88 171 258 353 435 500 506 522 635 1078 1157 1174 1187 1260 1301 1426 1479 1617 1925 2185 2254 2443
1100 33 214 285 384 490 560 623 724 838 1025 1095 1203 1308 1338 1359 1396 1416 1427 1673 1862 1906 2024 2051 2122 2329
1101 71 895 1008 1088 1202 1285 1434 1613 1686 1700 1839 1888 1998 2329
1102 212 393 421 441 487 504 586 647 817 1055 1265 1453 1523 1640 1641 1677 1947 1981 2051 2190 2240 2257 2343 2492
1103 15 102 166 195 492 538 570 605 672 863 1045 1052 1196 1417 1425 1681 1734 1748 1757 1814 1928 1937 2023 2108 2265 2271 2367 2371
1104 157 171 293 325 497 581 588 681 796 1008 1084 1207 1323 1391 1417 1451 1517 1596 1648 1684 1938 1962 2051 2124 2230 2427 2467
1105 61 172 186 193 322 534 615 619 738 752 829 877 889 937 974 1055 1139 1409 1479 1480 1601 1742 1821 1838 1989 2063 2087 2402 2435 2466 2471
1106 151 372 465 493 574 685 742 899 1144 1160 1258 1367 1436 1512 1528 1569 1665 1778 1893 1993 2020 2071 2088 2177 2282 2300 2410 2443 2479
1107 112 361 396 645 726 763 781 831 850 914 1020 1284 1371 1479 1650 1760 1990 2077 2142 2357 2358 2415 2429
1108 89 91 104 182 195 219 254 353 394 460 505 752 811 835 909 1008 1132 1162 1184 1198 1351 1455 1523 1696 1794 1851 1872 1898 1992 2282 2284 2476
1109 57 129 133 193 247 276 495 496 553 568 612 621 740 962 1009 1274 1301 1305 1380 1398 1426 1446 1650 1724 1727 1858 1983 2073 2182 2233 2321 2322
1110 146 157 166 228 353 767 794 903 984 1358 1439 1625 1633 1675 1677 1844 2047 2212 2278
1111 114 201 206 246 249 307 314 389 394 577 634 713 857 894 975 1295 1556 1594 1614 1658 1774 1776 1801 1889 1961 2008 2124 2189 2224
1112 235 283 460 490 876 1201 1332 1377 1470 1530 1544 1617 1726 1935 1982 2003 2148 2212 2231 2364
1113 80 160 335 389 390 397 644 843 906 1034 1057 1153 1312 1389 1470 1564 1589 1901 2055 2149 2289 2354
1114 49 77 123 531 639 738 963 1194 1223 1229 1295 1300 1847 1851 1902 2116 2225 2342
1115 26 235 300 323 372 804 812 999 1166 1426 1666 1688 1692 1694 1855 1911 1964 2023 2035 2140 2220
1116 202 208 256 604 729 964 1197 1288 1493 1599 1697 1943 2050 2168 2472
1117 215 269 522 550 708 1190 1246 1385 1395 1458 1519 1650 1821 1987 1991 2062 2251 2285 2305
1118 174 352 368 552 627 1138 1170 1185 1256 1369 1377 1481 1539 1561 2023 2091 2242 2273 2364 2366 2445
1119 48 178 204 536 635 1010 1030 1301 1349 1373 1733 1823 1829 1931 2078 2094 2147 2212 2260 2263 2328 2438
1120 184 244 490 645 787 863 906 1286 1494 1567 1586 1651 1812 1860 1868 1977 1988 2004 2031 2080 2189 2334 2349
1121 83 173 219 276 334 415 648 768 888 923 927 1084 1194 1211 1221 1262 1519 1885 1947 1988 2007 2114 2185 2227 2236 2248 2422
1122 55 72 96 103 453 873 1151 1185 1394 1449 1624 1664 1745 1846 1999 2038 2204 2219 2357 2464
1123 21 479 485 905 1005 1021 1043 1061 1194 1196 1277 1324 1398 1656 1719 1723 1776 1952 2150 2154 2197 2311 2378 2388
1124 456 515 562 915 1047 1090 1189 1430 1449 1470 1619 1621 2121 2133 2144 2215 2478
1125 34 171 384 404 460 552 555 703 767 1036 1071 1177 1195 1228 1233 1264 1291 1340 1384 1576 1622 1624 1885 1888 1973 2037 2287 2364 2433 2455
1126 22 134 286 420 671 676 757 892 899 903 1063 1096 1158 1368 1442 1571 1581 1627 1633 1681 1702 1753 1778 1792 1872 1986 2068 2265 2334 2355 2410 2492
1127 164 314 324 561 845 1138 1181 1240 1436 1477 1499 1674 1699 1871 1994 2193 2213 2292 2297 2316 2331
1128 85 198 206 426 490 580 654 678 1020 1139 1293 1340 1512 1695 1795 1935 1980 2082 2253 2288
1129 165 202 233 254 275 285 369 479 537 579 592 725 880 970 1286 1329 1363 1366 1517 1524 1595 1683 1825 1826 1863 1871 2026 2143 2170 2320
1130 439 469 482 770 773 988 1047 1074 1081 1092 1224 1289 1316 1334 1340 1372 1539 1551 1862 1870 1930 1998 2021 2049 2102 2196 2220 2267 2274 2289 2460
1131 26 112 299 373 466 544 582 642 657 701 715 821 828 887 1007 1056 1186 1329 1348 1647 1718 1792 1878 2009 2033 2376 2413
1132 33 39 57 68 181 300 506 571 611 643 652 702 761 987 1055 1108 1186 1270 1510 1511 1538 1932 2439 2468 2478
1133 150 231 275 322 431 486 544 589 994 1049 1163 1186 1262 1573 1907 1942 2171 2222 2277 2344 2373 2464 2467
1134 7 48 125 165 179 655 827 854 899 986 1895 1956 2128 2198 2306 2354 2366 2402
1135 135 212 401 415 457 506 643 645 1011 1066 1150 1359 1460 1471 1497 1668 1723 1853 2098 2133 2144 2185 2413 2425
1136 22 36 313 523 641 688 690 813 830 861 974 1015 1070 1342 1367 1370 1415 1497 1643 1668 1753 2028 2046 2261 2454
1137 89 216 288 310 398 405 498 691 708 738 1070 1214 1263 1342 1365 1407 1471 1511 1520 1900 1967 1976 2061 2291
1138 48 427 552 637 851 901 1057 1118 1127 1161 1435 1706 1755 1844 1888 2013 2027 2170 2483 2488
1139 138 186 241 387 388 449 467 626 794 948 1031 1105 1128 1251 1254 1258 1484 1655 1833 1873 1880 2167 2217 2291
1140 25 111 156 158 274 302 310 339 380 455 509 545 552 655 817 872 908 1085 1087 1265 1388 1526 1740 1742 1892 1908 1947 1977 2032 2156 2333 2470 2484
1141 184 305 502 704 865 1056 1078 1187 1405 1469 1504 1560 1572 1623 1750 1777 1914 1959 2036 2078 2188 2321
1142 9 86 537 538 815 1075 1157 1224 1351 1439 1524 1657 1687 1867 2115 2262 2294 2368 2380 2422
1143 208 370 534 563 873 901 913 1021 1064 1066 1198 1322 1501 1547 1568 1671 1947 2147 2164 2247 2272 2303 2451 2466
1144 86 123 216 248 315 449 514 591 617 664 684 782 1030 1096 1106 1518 1693 1713 1811 1889 2129 2222 2225 2303 2314 2319 2435 2497
1145 92 111 373 406 509 591 605 624 722 738 891 918 959 960 984 1334 1778 1831 1847 1856 1911 1925 1984 1997 2132 2136 2183 2372 2405
1146 129 139 157 274 528 635 699 740 750 847 876 965 1053 1147 1185 1291 1306 1485 1549 1686 1733 1767 1818 2216 2309 2334 2415 2429
1147 357 373 376 521 608 626 690 743 822 862 934 1146 1283 1296 1299 1422 1819 1863 1946 2086 2110 2126 2295 2433 2443
1148 157 251 332 343 375 536 607 615 761 806 828 1019 1296 1299 1358 1438 1501 1640 1657 1801 1895 2156 2248 2284 2305 2317 2405
1149 83 131 195 271 336 390 479 481 553 571 577 644 657 707 780 795 805 977 1212 1475 1602 1808 2017 2105 2234 2297
1150 12 182 204 217 241 495 515 728 774 852 951 952 977 1135 1512 1776 1918 2093 2173 2238 2246 2315 2366 2423
1151 14 67 253 332 358 368 458 799 948 1015 1069 1122 1201 1277 1436 1500 1542 1611 1723 1792 1845 1999 2050 2071 2082 2096 2118 2324 2421
1152 139 143 258 344 363 822 856 953 1218 1353 1363 1394 1430 1491 1511 1680 1932 2051 2074 2187 2196 2219 2452
1153 224 392 497 498 522 746 755 792 828 878 1113 1185 1348 1352 1417 1551 1701 1813 2139 2314 2448 2470 2484
1154 3 55 94 436 504 521 574 695 1075 1220 1314 1406 1442 1639 1650 1875 1928 1955 1996 2170 2218 2301
1155 163 406 593 728 931 936 1096 1409 1671 1824 2040 2063 2065 2255 2264 2372 2412
1156 315 523 688 710 895 1191 1302 1340 1455 1556 1624 1652 1690 1838 1943 1961 1987 2004 2365 2367
1157 87 234 505 776 900 912 1002 1058 1099 1142 1204 1352 1413 1537 1675 1811 1841 1856 1926 2231 2261 2330 2434
1158 57 105 124 198 354 376 381 386 423 601 610 680 811 843 867 1126 1206 1355 1440 1471 1772 2051 2059 2099 2213 2230 2344 2360 2489
1159 173 186 195 196 273 528 606 635 636 773 938 963 1208 1264 1566 1623 1658 1704 1993 2091 2098 2103
1160 142 283 619 625 772 974 986 1106 1238 1285 1388 1434 1571 1809 1963 1973 2070 2238 2288 2310 2356 2392
1161 2 104 208 418 463 522 589 692 734 738 824 833 838 851 1138 1291 1382 1521 1606 1742 1747 1835 2173 2252 2271 2318 2478
1162 13 53 90 342 433 597 688 712 730 941 951 1011 1034 1108 1175 1185 1272 1334 1422 1544 1683 1778 1850 2008 2248 2409
1163 131 275 327 331 758 770 952 968 1133 1260 1267 1397 1429 1560 1585 1603 1685 1902 2064 2328 2353 2391 2419
1164 51 205 307 425 479 696 860 957 977 1093 1212 1291 1387 1396 1528 1579 1809 2071 2126 2141 2414
1165 5 65 123 182 191 251 325 327 513 620 665 778 899 905 926 1321 1336 1649 1678 1801 1870 1929 1985 2118 2136 2146 2159 2315 2369 2465
1166 43 406 474 574 754 786 931 1061 1115 1208 1264 1270 1299 1364 1484 1523 1547 1921 2065 2113 2320 2346 2468
1167 77 150 338 361 403 433 510 592 647 1041 1074 1189 1358 1649 1658 1709 2052 2077 2298 2377 2380 2446
1168 26 46 105 119 507 556 606 681 766 837 958 982 1029 1046 1199 1416 1846 1864 2005 2031 2067 2131 2153 2356 2430
1169 54 90 99 596 638 830 876 921 949 961 1323 1489 1639 1684 1879 2081 2089 2180 2199
1170 331 454 525 787 976 986 994 1118 1193 1240 1272 1440 1544 1609 1648 1763 1823 1866 1869 2017 2050 2104 2247 2266 2307
1171 79 179 327 379 384 433 479 535 636 683 805 881 890 891 1003 1014 1346 1380 1405 1462 1719 1753 1791 2106 2185 2227 2371 2445 2457
1172 177 579 643 739 850 991 1068 1294 1304 1324 1479 2223 2306 2307
1173 22 37 216 249 275 457 477 517 637 650 796 833 852 902 1224 1497 1520 1636 1735 1835 1836 1845 1961 2289 2354 2383 2450
1174 29 97 148 460 477 515 786 1084 1099 1224 1255 1461 1628 1690 1724 1977 2121 2305 2396
1175 19 192 228 259 613 654 691 761 969 1069 1162 1228 1290 1303 1320 1489 1512 1683 1823 1834 1849 1929 1962 2036 2142 2153 2204 2210 2264 2284 2302 2337
1176 180 188 255 392 412 431 446 537 744 755 799 806 920 1006 1023 1331 1423 1596 1623 1686 1746 1803 1843 1865 1956 2172 2255 2264 2357
1177 77 167 502 510 685 690 720 721 729 804 824 853 897 918 955 1125 1248 1270 1295 1315 1425 1429 1435 1437 1611 1906 2054 2062 2259 2336 2416 2459
1178 2 69 320 397 482 633 918 919 1353 1443 1508 1560 1752 1937 1952 2057 2074 2408
1179 89 310 345 662 854 905 943 956 966 972 1536 1671 1762 1797 1800 1929 1931 2030 2152 2399 2478
1180 75 152 237 299 590 702 974 1094 1240 1314 1337 1364 1644 1647 1766 1811 1980 2176 2213 2297
1181 90 113 332 400 553 741 928 1069 1127 1194 1292 1546 1602 1871 1886 1957 2024 2294 2403 2448 2487
1182 175 281 463 673 733 998 1012 1089 1256 1377 1423 1425 1529 1553 1614 1800 1998
1183 143 211 277 290 305 403 644 651 885 1063 1093 1196 1251 1334 1405 1499 1602 1851 1965 2114 2171 2215 2248 2340 2375 2436
1184 58 110 131 213 216 257 296 361 362 446 853 982 1003 1013 1108 1212 1594 1603 1624 1647 1686 1744 1769 1787 1800 1901 2057 2089 2286 2306 2392
1185 6 47 149 151 187 492 498 650 723 929 938 953 972 1041 1118 1122 1146 1153 1162 1566 1650 1756 2010 2083 2181 2195 2408 2477 2494
1186 135 144 287 509 653 741 839 926 1096 1131 1132 1133 1214 1327 1378 1444 1458 1560 1591 1630 1645 1712 1734 1742 1798 1989 2061 2233 2360 2433
1187 165 177 195 364 406 415 467 488 523 569 574 662 667 678 793 973 1099 1141 1405 1572 1654 1678 1714 1841 1957 2103 2146 2237 2277
1188 137 282 495 542 548 614 625 862 905 1040 1230 1248 1290 1300 1664 1944 1954 1955 1968 2045 2127 2202 2335 2486
1189 150 343 590 597 656 690 746 782 785 797 838 904 911 942 988 1004 1048 1124 1167 1372 1382 1639 1867 1889 1963 2024 2109 2123 2220 2267 2273 2301 2487
1190 106 182 197 393 553 564 727 876 956 987 1117 1288 1412 1416 1424 1452 1460 1462 1650 1751 1805 1824 1884 1887 1911 2072 2087 2107 2112 2360
1191 20 227 238 245 310 418 454 462 478 578 606 634 746 916 1009 1062 1156 1321 1501 1747 1821 1911 1927 1941 2009 2074 2444
1192 4 175 190 200 291 546 641 717 906 959 1059 1252 1387 1439 1471 1567 1638 1861 2084 2251 2281 2390 2433 2445
1193 112 214 239 312 328 383 416 463 542 695 838 842 906 915 1020 1078 1089 1170 1327 1405 1720 1724 1901 1942 2014 2186 2213 2242 2289 2358
1194 222 449 667 724 917 1114 1121 1123 1181 1387 1469 1520 1526 1615 1678 1699 1821 1888 2059 2228 2486
1195 265 401 423 443 463 471 503 617 652 667 862 891 896 906 1088 1125 1311 1344 1415 1457 1464 1472 1481 1540 1659 1761 1908 1930 2170 2272 2333 2342 2432 2477
1196 30 58 127 147 159 161 235 1022 1073 1082 1085 1103 1123 1183 1268 1332 1349 1366 1384 1479 1490 1677 1728 1813 1895 1911 1959 1984 2002 2004 2025
1197 233 314 459 477 478 506 551 553 624 664 738 748 754 799 928 1021 1032 1072 1116 1234 1470 1594 1691 1774 1856 1875 2034 2061 2073 2104 2162 2198 2333 2381 2386 2429
1198 108 209 222 323 399 429 543 565 613 643 660 710 1108 1143 1212 1344 1543 1544 1734 1822 1833 1928 1957 1991 2287 2347 2373 2430 2479
1199 100 258 324 440 476 501 578 582 898 962 1015 1168 1374 1441 1459 1559 1762 1773 1890 1892 2038 2106 2342 2411 2488 2495
1200 232 325 421 494 730 886 903 965 1221 1262 1586 1811 1851 1986 2153 2181 2368
1201 44 188 272 417 446 542 715 899 1006 1088 1112 1151 1368 1650 1856 1962 2371
1202 20 30 139 222 298 627 629 679 718 826 893 1035 1054 1101 1386 1589 1720 1778 1814 1882 1934 2278 2298 2326 2496
1203 42 71 229 272 358 411 421 470 595 603 615 623 1100 1250 1350 1600 1681 1918 1959 2280 2344
1204 62 110 291 337 452 615 636 753 789 936 1035 1157 1221 1298 1338 1394 1423 1424 1534 1595 1943 2010 2101 2204 2289 2293
1205 156 194 400 403 407 435 442 585 631 710 715 950 1052 1280 1327 1346 1384 1403 1507 1740 1801 1911 1953 2151 2318 2419 2442 2488
1206 37 91 102 140 225 384 417 491 593 649 709 786 830 857 1158 1230 1440 1588 1644 1694 1732 1825 1842 1958 1985 2225 2250 2310 2420 2458
1207 87 387 786 877 932 1008 1086 1104 1212 1338 1409 1467 1526 1706 1834 1935 2046 2249 2251
1208 92 115 148 730 779 789 809 956 968 1159 1166 1405 1442 1537 1809 1933 1949 2124 2197 2218 2242 2281 2387 2421 2451
1209 143 263 343 386 609 622 627 903 978 979 995 1050 1262 1291 1401 1602 1960 1967 2034 2095 2393 2455
1210 22 50 343 432 494 511 527 548 613 617 693 740 814 883 1006 1092 1253 1294 1489 1541 1701 1739 2032 2185 2286
1211 157 219 306 362 370 591 646 850 924 970 1121 1426 1427 1430 1507 1529 1611 1676 1697 1710 1714 1916 1937 1974 2008 2048 2183 2291 2313 2341 2357 2439
1212 18 431 632 970 1149 1164 1184 1198 1207 1234 1566 1816 1826 2188 2204 2221 2342 2425 2435
1213 54 97 533 561 863 870 894 918 937 1323 1333 1406 1438 1660 1711 1741 1796 1877 2180 2238 2292 2303 2360 2426
1214 173 182 345 437 714 715 781 833 1023 1050 1137 1186 1220 1290 1417 1525 1582 1588 1801 1867 1911 1974 2155 2186 2249 2304 2311 2335 2385 2417 2478
1215 57 276 385 529 531 554 819 852 857 968 1012 1089 1216 1377 1519 1589 1694 1702 1732 1766 2079 2380
1216 55 129 151 179 294 327 328 364 588 644 765 862 900 1215 1270 1295 1390 1473 1504 1635 1708 1789 1843 1865 1916 2035 2063 2209 2415 2479
1217 28 63 188 283 293 600 630 660 767 911 954 1023 1054 1238 1328 1487 1567 1821 1924 2184 2288 2297 2388 2421 2489
1218 47 258 399 545 598 1073 1074 1152 1270 1288 1571 1684 1886 2367 2415 2416 2468 2472
1219 31 55 214 383 617 655 664 696 779 855 893 971 995 1010 1288 1366 1455 1492 1652 1892 1931 2010 2112 2116 2153 2280
1220 115 331 338 353 368 398 415 423 480 519 645 732 739 775 848 861 995 1063 1093 1154 1214 1244 1317 1387 1449 1510 1717 1743 1859 1861 1958 1972 2045 2185 2187 2210 2234 2384
1221 15 24 188 284 448 612 658 677 748 751 848 1014 1121 1200 1204 1441 1450 1548 1554 1612 1656 1663 1668 1848 1953 2065 2082 2368 2456 2470
1222 117 126 130 566 675 681 706 970 1245 1439 1442 1487 1516 1670 1749 1755 1938 2253 2319 2448
1223 81 145 149 207 244 258 469 558 564 708 724 842 900 1026 1091 1114 1253 1295 1458 1479 1597 1632 1821 1841 1914 2006 2091 2244 2248 2299 2380 2434 2473
1224 161 396 527 644 788 791 904 1075 1130 1142 1173 1174 1258 1307 1325 1892 2054 2055 2342 2369
1225 209 361 553 717 783 834 869 1078 1337 1351 1634 1725 2023 2112 2213 2222 2241 2286 2479
1226 48 335 354 375 467 633 796 808 854 895 941 1007 1068 1087 1328 1339 1429 1499 1671 1681 1837 1855 1887 2101 2107 2116 2140 2176 2256 2337 2435 2491
1227 12 121 215 391 397 667 677 681 754 808 849 954 1515 1517 2015 2093 2213 2416
1228 13 93 144 229 472 891 995 1125 1175 1363 1457 1638 1760 1786 1837 1981 2125 2167 2306 2330
1229 117 168 224 359 478 640 707 780 886 1114 1296 1345 1365 1393 1398 1644 1681 1879 1932 2094 2155 2272 2308 2333 2335 2372 2413 2473
1230 60 99 330 385 637 740 809 929 934 1005 1029 1091 1188 1206 1286 1385 1480 1968 1979 2089
1231 115 163 190 446 449 506 525 534 688 789 849 863 891 943 1005 1010 1072 1389 1468 1642 1724 1757 2031 2083 2113 2324 2357 2446
1232 9 254 449 520 539 587 592 782 895 1323 1372 1659 1903 1994 2002 2187 2216 2439
1233 62 92 237 299 363 405 418 476 507 561 695 724 834 839 927 961 1034 1059 1125 1382 1540 1696 1776 1912 2234 2383 2426 2428 2456
1234 94 104 263 285 381 447 515 527 589 635 972 1197 1212 1543 1914 1997 2049 2414 2442
1235 172 198 210 226 453 479 668 798 893 1292 1314 1412 1530 1595 1601 1609 1619 1670 1931 2004 2025 2091 2334 2358 2369
1236 111 144 149 256 289 298 393 418 678 745 970 1057 1275 1383 1478 1584 1770 1786 1922 1978 2135 2384 2448 2459
1237 31 204 232 235 252 341 403 422 638 642 826 916 988 1340 1460 1470 1578 1580 1583 1667 1834 1909 1920 1935 1974 2101 2244 2381
1238 8 226 361 544 605 618 697 796 1160 1217 1241 1305 1479 1658 1797 1912 2005 2011 2020 2193 2236 2370 2433
1239 9 25 511 534 754 995 1307 1365 1404 1419 1426 1945 1993 2074 2391 2458 2478
1240 149 217 381 412 612 681 738 785 799 887 929 956 963 995 1023 1043 1127 1170 1180 1300 1412 1560 1651 1652 2427
1241 20 260 326 360 547 839 840 860 935 1044 1060 1238 1602 1749 1758 1818 1834 1835 1948 1998 2103 2142 2467 2469
1242 75 91 269 396 405 584 721 722 737 817 986 1053 1087 1286 1385 1522 1592 1714 1880 1922 2063 2178 2213 2328 2393 2423
1243 9 220 437 458 891 893 1083 1256 1307 1324 1419 1514 1608 1672 1718 1722 1726 1844 1953 1967 2009 2039 2147 2205 2231 2298 2395 2423
1244 17 27 123 169 265 304 386 422 889 941 1220 1324 1439 1455 1514 1704 1807 1913 2011 2147 2455 2459
1245 149 150 197 250 351 381 402 416 483 491 763 787 836 948 1090 1222 1288 1756 1821 1875 1974 1977 2079 2156 2163 2165 2240 2263
1246 24 150 318 391 427 677 708 717 736 784 832 933 944 989 1025 1117 1401 1518 1553 1691 1847 1957 2161 2426 2453
1247 139 164 278 394 432 454 485 633 637 655 800 816 821 825 932 1057 1357 1362 1497 1606 1638 1701 1711 1936 2024 2080 2204 2219 2449
1248 28 106 235 265 315 316 422 499 512 587 609 990 1177 1188 1278 1297 1446 1475 1476 1495 1541 1597 1697 1795 1837 1900 1937 1954 2213
1249 8 100 171 181 221 241 258 262 287 420 564 634 638 726 740 799 876 988 1312 1324 1438 1715 1743 1750 1757 1933 2065 2097 2198 2242
1250 10 56 275 354 521 549 681 702 755 769 779 808 879 1203 1366 1513 1708 2330 2378
1251 122 242 325 466 513 532 587 614 796 811 1017 1139 1183 1293 1326 1390 1420 1573 1687 1747 1806 1864 2010 2129 2384 2425 2436 2492
1252 22 64 74 131 177 185 205 310 323 339 387 393 394 561 577 623 699 772 815 832 984 1192 1374 1568 1616 1709 1716 1757 1823 1885 1927 2047 2154 2220
1253 225 250 331 332 466 552 555 591 759 802 1027 1078 1210 1223 1267 1495 1515 1614 1616 1638 1650 1786 1839 2165 2258 2307
1254 118 425 426 490 540 562 598 645 780 790 801 1003 1028 1075 1139 1501 1826 1957 2100 2119 2234 2235 2241 2301
1255 153 206 345 452 591 684 739 931 945 956 977 1080 1174 1354 1411 1433 1510 1675 1749 2077 2121 2203 2421 2438
1256 111 353 430 544 599 886 913 1097 1118 1182 1243 1296 1312 1368 1552 1636 1746 1756 1931 1932 1948 1967 1993 2068 2175 2274 2353 2416
1257 111 285 621 795 813 821 844 888 916 1013 1436 1471 1589 1591 1769 1832 2144 2172 2174 2175 2282 2327 2340 2419
1258 88 162 377 471 498 783 853 880 1047 1061 1106 1139 1224 1376 1378 1413 1425 1439 1470 1543 1570 1670 1683 1741 1747 1799 2184 2219 2250 2317 2368 2380 2421
1259 89 194 402 444 492 558 679 695 799 810 1079 1080 1303 1318 1462 1912 1966 1978 2066 2287 2305 2357 2487
1260 88 140 255 318 552 559 691 831 955 1099 1163 1271 1282 1398 1526 1589 1620 1630 1758 1869 2085 2372 2418 2440 2457 2462 2480
1261 134 244 281 501 507 693 804 808 858 944 964 1076 1096 1332 1336 1351 1507 1688 1693 1703 1718 1750 1785 1871 1930 2115 2478
1262 21 144 202 281 431 454 457 572 593 705 790 992 999 1089 1121 1133 1200 1209 1316 1381 1453 1476 1515 1553 1592 1603 1616 1713 1817 1866 1983 2041 2333 2478
1263 7 202 253 519 527 560 673 756 845 874 922 1031 1038 1058 1072 1137 1309 1322 1531 1543 1544 1625 1688 1694 1836 1890 1931 2085 2141 2215
1264 122 128 153 154 365 396 452 526 546 676 819 830 1125 1159 1166 1297 1383 1419 1516 1626 1763 1774 1982 2009 2125 2292 2377
1265 34 289 342 481 607 618 745 820 949 1063 1093 1102 1140 1307 1391 1398 1442 1471 1573 1591 1652 1826 1848 2026 2212 2219 2251 2268 2384 2468
1266 13 41 337 383 405 438 510 538 574 606 642 711 749 779 842 907 1280 1326 1402 1634 1699 1906 1967 1990 2023 2030 2035 2046 2087 2133 2144 2320 2357 2412 2458
1267 57 358 420 424 471 478 497 593 694 853 1163 1253 1289 1521 1666 1685 1714 1729 1847 1908 2097 2230 2325 2341
1268 3 200 239 367 376 442 574 689 721 744 916 962 988 1073 1088 1196 1395 1432 1560 1564 1667 1685 1828 1915 1968 2028 2134
1269 40 81 94 199 296 423 491 703 873 1367 1581 1718 1860 1881 2061 2206 2289 2327 2392 2433 2461 2498
1270 78 254 271 281 507 557 632 659 815 819 878 879 913 953 969 992 1132 1166 1177 1216 1218 1598 1633 1879 1965 2079 2306 2339 2387
1271 71 154 347 400 414 794 879 996 1078 1260 1510 1523 1572 1727 1826 1904 1906 2014 2090 2110 2131 2162 2179 2186 2395 2425
1272 18 280 314 366 405 481 623 655 660 705 863 881 928 1033 1080 1162 1170 1704 1784 1872 1888 2053 2062 2183 2189 2203 2206 2391
1273 250 305 533 572 590 620 1059 1380 1564 1976 2057 2062 2099 2322
1274 229 300 414 458 506 902 995 1055 1109 1629 1694 1707 1889 1915 1932 2101 2305
1275 174 284 472 482 530 636 825 960 976 1236 1329 1331 1501 1524 1782 1935 1980 2073 2170 2175 2249 2295 2463
1276 33 84 115 169 389 598 644 812 1041 1051 1066 1374 1457 1458 1528 1635 1862 2305 2330
1277 41 96 160 299 352 657 785 849 921 1085 1123 1151 1299 1344 1492 1569 1733 1818 1833 1919 2003 2163 2260 2368
1278 85 199 472 608 614 665 760 821 871 920 1083 1248 1292 1494 1549 1562 1581 1589 1703 1712 1833 1845 1948 2149 2195 2275 2282
1279 39 157 258 261 269 295 352 501 578 606 853 1032 1061 1352 1440 1584 1615 1642 1669 1771 1941 1986 2044 2180 2187 2228 2313
1280 18 57 108 121 152 244 459 536 648 667 707 891 1039 1205 1266 1313 1846 1939 1977 2493
1281 73 214 356 612 748 907 934 952 1016 1065 1677 1700 1707 1712 1871 2053 2064 2105 2176 2350 2429 2448
1282 6 19 75 147 232 325 333 340 412 434 583 617 748 996 1054 1063 1260 1301 1549 1662 1736 2153 2203 2270 2468
1283 126 231 384 388 412 457 459 591 697 733 842 1147 1317 1397 1496 1623 1786 2002 2010 2029 2070 2082 2126 2218 2356 2451
1284 81 300 354 591 727 797 990 1026 1064 1094 1107 1567 1713 1800 1801 1818 1861 1983 2022 2028 2347
1285 23 53 418 435 587 1074 1101 1160 1361 1508 1527 1596 1613 1659 1888 1931 2007 2024 2139 2300 2301
1286 53 193 219 292 413 624 718 726 918 1079 1120 1129 1230 1242 1452 1526 1564 1675 2000 2026 2134 2363 2384
1287 168 244 276 339 680 726 768 1050 1346 1455 1629 1686 1816 1852 1855 1924 1946 2216 2288 2292 2365 2380 2427 2477
1288 21 73 185 212 221 408 461 496 897 990 1039 1058 1116 1190 1218 1219 1245 1324 1333 1470 1590 1637 1886 1891 1905 2117 2328
1289 178 297 381 561 655 669 670 1013 1043 1130 1267 1372 1413 1451 1486 1493 2020 2277
1290 65 130 164 320 750 776 1175 1188 1214 1319 1411 1606 1656 1995 2490
1291 23 164 241 347 483 508 521 561 692 732 879 949 972 1045 1046 1125 1146 1161 1164 1209 1367 1420 1504 1623 1651 1709 1766 1824 1884 1888 1993 2216 2440 2464 2486
1292 507 661 681 690 805 1181 1235 1278 1332 1424 1453 1462 1582 1733 1766 1792 1927 1939 2067 2167 2168 2220 2399 2414 2499
1293 99 120 198 283 302 634 934 939 944 1058 1128 1251 1367 1468 1475 1549 1616 1617 1867 1953 1954 2002 2278 2335 2481
1294 27 231 275 450 474 539 547 559 657 836 929 1090 1172 1210 1355 1454 1514 1566 1612 1801 1867 1881 2131 2165 2329 2333 2461
1295 74 207 442 677 795 981 989 1111 1114 1177 1216 1223 1328 1690 1862 1906 1975 2013 2121 2125 2140 2187 2255 2304 2364 2490
1296 6 75 201 251 359 374 377 418 423 931 934 1060 1147 1148 1229 1256 1314 1773 1884 1960 2074 2102 2355 2447
1297 99 125 162 164 191 307 341 352 363 471 531 553 608 610 937 961 968 1067 1248 1264 1654 1734 1742 1821 1856 1858 1861 2002 2099 2230 2232 2268 2336 2412
1298 107 172 258 313 475 651 729 791 1019 1066 1204 1327 1387 1536 1550 1627 1764 1813 2057 2072 2197 2288 2399 2467
1299 53 88 201 272 342 357 528 613 882 939 1147 1148 1166 1277 1385 1390 1471 1568 1691 1720 2137 2239 2301 2305 2344 2404 2430 2445
1300 10 203 332 422 472 549 593 654 714 745 782 857 921 1041 1114 1188 1240 1511 1563 1700 1759 1837 2013 2067 2242 2279 2309 2460
1301 469 522 623 672 778 929 934 990 1099 1109 1119 1282 1303 1350 1422 1654 1716 1843 2040 2346 2461 2487 2490
1302 38 170 191 369 445 528 632 693 861 912 1156 1513 1817 2023 2081 2116 2143 2312 2460
1303 53 72 336 338 387 533 535 677 812 884 934 1175 1259 1301 1364 1384 1465 1663 1669 1686 1850 1925 1976 2049 2079 2092 2177
1304 86 346 362 496 499 791 862 873 884 936 1172 1326 1437 1489 1519 1536 1693 1812 1913 2026 2051 2216 2335
1305 196 205 225 350 421 448 711 751 831 893 910 973 1109 1238 1525 1804 1828 1863 2007 2076 2102 2169 2179 2372 2479
1306 4 55 165 285 480 493 646 749 861 880 934 1146 1969 2096 2336 2376 2383
1307 42 47 120 235 277 291 364 399 501 710 765 880 945 1224 1239 1243 1265 1423 1684 1697 1851 1868 1913 1922 1989 2020 2118 2139 2144 2180 2474
1308 117 286 354 409 438 467 522 733 850 904 1100 1343 1383 1386 1614 1787 2022 2075 2091 2383 2456
1309 7 99 230 240 447 519 663 743 821 947 1021 1060 1263 1463 1553 1759 1797 1865 2054 2095 2245 2316 2377 2422
1310 45 55 96 118 262 278 298 525 536 541 569 706 773 898 921 971 1437 1679 1934 2105 2188 2278 2291 2358 2381 2455
1311 17 222 258 505 568 630 663 696 743 967 973 1026 1096 1195 1384 1645 1722 1828 1835 1894 1937 2084 2351 2480
1312 135 159 310 577 674 685 873 880 902 930 1002 1069 1113 1249 1256 1313 1723 1817 1853 1885 1911 1985 2321 2354 2399
1313 29 291 333 349 714 776 820 889 959 1013 1280 1312 1369 1395 1496 1524 1578 1604 1629 2074 2091 2094 2129 2207 2317 2336 2390 2464
1314 71 211 247 549 579 858 970 974 1085 1154 1180 1235 1296 1394 1453 1532 1879 1906 2044 2087 2218 2397 2467
1315 48 127 185 187 264 277 702 732 756 1177 1400 1455 1499 1514 1552 1603 1783 1898 2041 2156 2308 2313 2436
1316 238 256 398 440 628 733 751 924 1040 1052 1086 1130 1262 1364 1692 1861 1868 1942 1962 1973 1975 2406 2436
1317 1 121 123 249 285 348 374 588 793 909 981 1220 1283 1520 1552 1650 1754 1866 1899 2121 2164 2243 2378 2496
1318 168 434 543 608 617 619 748 761 788 843 962 1075 1259 1608 1677 1756 2042 2110 2212 2221 2247 2378 2494
1319 78 156 208 221 237 353 931 1021 1290 1322 1332 1363 1378 1436 1790 1794 1926 2131 2156 2176 2229
1320 78 130 207 333 408 549 634 906 974 1042 1175 1613 1626 1759 1801 1802 1938 1957 2037 2147 2165 2223 2325
1321 27 164 200 240 371 423 462 601 782 1165 1191 1533 1594 1733 1917 1933 2018 2072 2225 2307 2445 2479
1322 72 79 371 385 483 515 542 549 678 704 749 755 802 828 831 970 1073 1143 1263 1319 1335 1341 1560 1964 2080 2126 2191 2212 2492
1323 73 95 99 394 408 491 494 516 597 796 872 993 1024 1104 1169 1213 1232 1379 1405 1500 1557 1635 1826 1901 1908 2087 2285 2407 2410 2487
1324 95 150 273 315 404 411 562 665 797 812 946 1033 1123 1172 1243 1244 1249 1288 1354 1532 1587 1649 1842 2005 2030 2225 2273 2498
1325 29 100 222 259 315 582 700 754 818 908 973 1224 1382 1482 1698 2007 2110 2219 2233 2295 2388 2474
1326 80 87 259 324 357 393 454 629 701 721 860 886 894 959 1251 1266 1304 1405 1503 1689 1738 1909 1919 1966 2102 2257 2436 2453
1327 26 77 154 558 746 780 808 852 1001 1082 1186 1193 1205 1298 1390 1407 1578 1603 1738 1759 1799 1890 1906 2073 2122 2198 2268
1328 110 266 371 409 546 602 670 796 983 1035 1217 1226 1295 1544 1644 1777 1831 1950 2149 2374 2491 2497
1329 129 189 296 555 572 616 684 698 766 960 1074 1129 1131 1275 1333 1342 1399 1459 1568 1714 1760 1785 1919 2115 2221 2222 2480
1330 12 15 86 220 250 327 424 492 629 783 873 895 962 1005 1035 1522 1617 1643 1664 1738 1918 1931 2097 2198 2228 2259 2353
1331 32 45 126 198 223 417 473 501 702 930 1176 1275 2058 2122 2137 2200 2257 2263 2355 2370 2467 2480
1332 28 37 101 179 193 196 330 478 564 628 643 645 713 930 1112 1196 1261 1292 1319 1579 1670 1769 1797 2201 2219 2328
1333 69 221 624 641 883 903 1061 1213 1288 1329 1347 1377 1546 1620 1711 1768 1812 2060 2061 2223 2255 2284 2317
1334 25 74 365 385 493 591 738 772 788 805 1130 1145 1162 1183 1481 1516 1577 1623 1667 1852 1863 1924 2000 2071 2132 2139 2164 2251
1335 477 530 539 667 898 982 1322 1439 1484 1788 1887 1949 1985 1987 2033 2405
1336 53 91 333 360 582 646 681 775 780 1060 1165 1261 1426 1427 1536 1542 2177 2221 2291 2380 2440
1337 41 171 233 257 261 320 382 386 485 494 665 772 874 1038 1180 1225 1354 1401 1437 1491 1942 1963 1996 2059 2267 2303 2492
1338 73 171 457 871 898 908 958 1100 1204 1207 1360 1413 1444 1446 1559 1619 1838 1876 1961 2054 2129 2272 2363 2389 2403
1339 52 137 141 166 179 306 424 449 518 959 973 1226 1396 1429 1449 1599 1615 1731 1819 1850 1918 1944 2011 2057 2267 2295 2327 2364 2469
1340 352 371 374 577 746 831 877 889 907 1054 1087 1125 1128 1130 1156 1237 1361 1471 1512 1541 1550 1675 1729 1812 1975 2042 2135 2138 2182 2491
1341 122 213 349 352 415 585 779 818 872 963 1322 1380 1504 1613 1701 1932 1935 2137 2180 2270 2376
1342 253 422 654 663 727 848 849 1042 1136 1137 1329 1700 1707 1766 1816 2192 2311 2336 2374
1343 9 33 57 163 227 351 602 697 863 1308 1617 1698 1848 2043 2092 2178 2386
1344 39 76 124 218 315 318 356 359 363 478 517 580 588 594 629 913 927 960 965 979 1195 1198 1277 1847 1913 2026 2305
1345 38 123 154 240 332 350 392 415 541 651 663 691 720 799 800 917 942 1034 1084 1229 1438 1479 1495 1505 1548 1583 1884 1927 1952 2030 2050 2180 2388
1346 56 69 101 595 895 1040 1055 1072 1081 1171 1205 1287 1352 1403 1429 1447 1462 1688 1761 1877 1895 2133 2150 2160 2266 2298 2409 2438 2446
1347 8 139 392 401 473 499 532 627 1006 1014 1333 1404 1612 1630 1657 1767 1823 1917
1348 30 86 90 139 156 175 181 455 467 702 782 789 835 946 1052 1131 1153 1518 1601 1671 1813 1960 2061 2234 2241 2412
1349 69 74 128 224 239 266 282 287 303 678 727 796 921 1119 1196 1398 1616 1696 1714 1835 1883 2004 2029 2098 2106 2291 2299 2416
1350 12 21 27 117 296 474 593 678 917 1001 1067 1203 1301 1626 1658 1794 1826 1834 1836 2255 2390 2462 2465 2479
1351 83 228 304 320 354 447 618 668 838 1030 1108 1142 1225 1261 1408 1511 1599 1717 1944 1985 2214 2223 2237 2269 2312
1352 57 108 151 157 160 269 452 515 662 680 747 981 1153 1157 1279 1346 1519 1660 1669 1684 1774 1855 1918 2114 2168 2203 2242 2319 2337
1353 285 334 364 649 674 971 1033 1152 1178 1526 1567 1582 1608 1734 1933 2067 2082 2223 2252 2317 2343
1354 30 99 258 264 400 405 476 696 941 999 1076 1255 1324 1337 1356 1410 1449 1605 1643 1662 1766 1810 1870 1890 1943 2103 2221 2312 2419 2461
1355 62 141 198 283 338 445 540 591 648 728 801 964 993 1158 1294 1663 1864 1868 1944 1955 1999 2146 2325 2368
1356 18 95 260 268 300 404 426 448 610 753 761 891 902 1004 1017 1058 1354 1365 1389 1488 1495 1525 1563 1691 1793 1920 1964 2175 2228 2429
1357 98 192 194 502 670 776 797 1247 1398 1536 1631 1657 1666 1671 1811 2034 2081 2137 2162 2397
1358 32 166 199 264 384 651 661 796 798 817 1008 1110 1148 1167 1384 1442 1458 1573 1580 2008 2052 2123 2271 2349 2374 2435
1359 91 121 153 160 201 326 428 683 845 874 889 1055 1100 1135 1497 1533 1696 1726 1846 1858 2043 2050 2108 2148 2174 2244 2284 2381 2492
1360 113 136 273 284 340 529 569 680 948 1026 1085 1338 1384 1423 1902 1951 1968 2026 2341
1361 201 529 566 694 708 840 853 1012 1285 1340 1486 1520 1625 1738 1811 1915 2124 2324 2337 2425 2433 2465
1362 81 124 190 215 269 490 539 627 710 848 854 1247 1427 1833 1837 1854 1987 2055 2190 2206 2278 2293 2339
1363 70 80 138 164 213 307 365 392 506 509 645 677 737 780 1063 1129 1152 1228 1319 1603 1604 2330 2380 2385
1364 170 195 539 573 675 1166 1180 1303 1316 1379 1462 1519 1657 1817 2045 2063 2113 2234 2390
1365 228 229 314 507 578 810 817 826 882 976 1137 1229 1239 1356 1390 1419 1425 1431 1463 1529 1700 1825 2027 2257 2341
1366 80 164 192 213 217 321 349 480 701 810 872 875 930 1054 1129 1196 1219 1250 1450 1553 1707 1729 1739 1831 2059 2273
1367 70 108 128 220 260 438 551 593 655 932 952 1046 1106 1136 1269 1291 1293 1528 1618 1656 1709 1721 1770 1883 1915 1977 2065 2163 2484
1368 46 156 712 714 1022 1126 1201 1256 1416 1475 1517 1604 1676 1706 1883 1902 1982 2227 2254 2259 2278 2364 2401 2469
1369 294 302 474 487 554 657 662 676 1050 1118 1313 1562 1644 2198 2306 2309 2447 2474
1370 110 273 427 551 632 767 846 994 1136 1727 1867 1885 1904 2069 2084 2174 2259 2263 2267 2289 2325 2355
1371 385 536 595 690 822 840 849 868 1035 1049 1062 1107 1376 1457 1604 1639 1756 1820 1939 2056 2087 2237 2241
1372 71 269 460 603 768 879 1055 1130 1189 1232 1289 1436 1490 1552 1602 1643 2032 2044 2241 2432 2436 2475
1373 108 126 189 291 364 543 670 752 770 1119 1404 1500 1642 1707 1765 1858 1978 2004 2032 2121 2295 2387 2473
1374 81 254 295 325 331 550 615 675 743 810 818 897 1097 1199 1252 1276 1384 1465 1562 1664 1801 1812 1820 1865 1899 1956 1986 1990 2189 2206 2343 2446
1375 255 324 362 392 400 481 482 536 640 750 825 929 930 1509 1639 1850 1983 2198 2318 2350 2488
1376 154 262 440 1051 1258 1371 1379 1469 1471 1605 1621 2194
1377 59 95 201 217 361 377 421 532 550 553 824 1089 1112 1118 1182 1215 1333 1631 1726 1742 1874 1966 2018 2212 2364
1378 152 544 713 797 904 1186 1258 1319 1462 1464 1478 1582 1625 1735 1763 1870 1911 2027 2125 2212 2309
1379 42 44 230 283 712 730 885 1056 1323 1364 1376 1380 1591 1742 1751 1812 1888 1899 2031 2088 2323 2363 2478
1380 18 27 121 137 139 277 345 356 579 666 688 892 1034 1057 1081 1109 1171 1273 1341 1379 1407 1434 1507 1642 1674 1772 1945 2027 2216 2391 2409 2421 2434
1381 274 277 347 448 562 593 743 754 874 1065 1262 1473 1534 1617 1663 1915 2105 2188 2245 2281 2319 2456 2465 2467 2496
1382 2 138 330 384 391 791 848 896 1009 1077 1161 1189 1233 1325 1404 1514 1626 1647 1694 1717 1912 2058 2107 2113 2118 2248 2397
1383 29 89 144 156 168 273 278 414 477 491 738 840 973 1042 1236 1264 1308 1735 1770 1851 1901 1920 2229 2239 2249 2440 2452
1384 88 304 376 397 630 738 846 873 882 1082 1125 1196 1205 1303 1311 1358 1360 1374 1434 1438 1527 1535 1592 1651 1665 1673 1702 1834 1855 2107 2172 2412
1385 35 328 420 443 568 760 852 879 914 1117 1230 1242 1299 1591 1631 1643 1763 1833 1914 2173 2275 2415 2454
1386 55 141 223 307 330 458 500 528 529 566 625 853 857 895 968 1060 1202 1308 1447 1538 1540 1604 1618 1628 1641 1684 1685 1768 1955 2151
1387 4 266 466 561 581 587 595 598 604 735 819 970 1007 1164 1192 1194 1220 1298 1554 1687 1715 1952 1990 2011 2058 2099 2104 2198 2338 2349
1388 49 131 265 364 491 514 618 620 624 727 740 771 868 895 991 1140 1160 1530 1576 1903 2033 2168
1389 98 115 161 313 352 508 608 625 669 855 1069 1094 1113 1231 1356 1423 1610 1791 1796 1941 2085 2306 2322 2386 2477
1390 120 131 181 228 322 407 565 771 946 1026 1073 1216 1251 1299 1327 1365 1632 1657 1720 1771 1856 1890 1986 2272 2386
1391 162 294 315 345 610 638 696 857 861 891 1104 1265 1493 1569 1854 1907 1908 1958 2115 2400
1392 55 78 145 167 342 444 455 625 727 861 878 924 964 1479 1536 1747 1758 1896 1944 2183 2234 2293 2352
1393 9 15 167 263 297 326 341 504 511 808 912 988 1229 1473 1618 1751 1753 1770 1774 1807 1841 1842 2098 2180 2181 2203 2252 2351 2455
1394 133 184 197 205 229 272 353 423 462 681 875 975 1122 1152 1204 1314 1462 1506 1623 1652 1765 1876 1958 2086 2094 2470
1395 146 223 235 288 462 472 492 591 594 651 698 749 836 936 950 1063 1117 1268 1313 1467 1612 1685 1762 1932 1956 2083 2368 2372 2396
1396 335 347 481 532 659 721 771 878 1100 1164 1339 1423 1451 1620 1845 1891 2126 2193 2305
1397 477 598 641 679 826 952 972 1030 1163 1283 1446 1519 1667 1783 1867 1953 1986 2006 2052 2093 2118 2405 2489
1398 26 47 123 132 314 354 447 574 673 754 769 879 890 1003 1010 1109 1123 1229 1260 1265 1349 1357 1445 1655 1781 1932 1970 2031 2102 2196 2246 2280 2497
1399 3 177 182 265 282 344 368 405 411 414 447 519 524 763 813 882 893 935 1329 1445 1669 1690 1830 1978 1995 2160 2279 2307
1400 49 85 99 308 349 378 759 845 904 948 960 1072 1315 1471 1520 1521 1634 1636 1792 1808 2031 2326 2420
1401 43 131 264 339 346 478 534 619 664 761 1209 1246 1337 1590 1668 1716 1913 2100 2158 2241 2294 2368 2428
1402 160 165 179 194 233 249 475 600 783 792 923 925 1022 1266 1415 1512 1604 1627 1781 1797 1801 1947 2101 2131 2150 2184 2205 2347 2388
1403 5 26 62 255 414 457 483 488 625 783 877 1048 1060 1205 1346 1478 1508 1751
1404 31 75 175 308 575 672 730 1042 1239 1347 1373 1382 1430 1608 1788 1820 1828 1842 1887 1953 2029 2205 2415 2469
1405 21 160 214 242 273 326 509 732 778 1091 1141 1171 1183 1187 1193 1208 1323 1326 1464 1580 1634 1850 1944 2098 2361 2366 2439 2459
1406 6 14 64 160 162 183 232 314 339 445 619 632 790 1154 1213 1667 1826 1847 1984 2194 2300 2399 2449
1407 7 26 70 266 309 407 450 666 680 733 796 931 937 949 1056 1085 1137 1327 1380 1441 1556 1596 1612 1789 1882 1952 1962 1964 2062 2097 2319 2403
1408 32 123 261 583 809 827 833 1351 1411 1430 1574 1666 1700 1796 1806 1917 2110 2148 2300 2354 2402 2492
1409 55 138 146 151 432 583 718 814 866 1072 1105 1155 1207 1421 1446 1601 1659 1719 1736 1800 1840 1853 1911 2145 2248 2458
1410 178 381 417 544 551 561 614 654 665 876 985 1354 1512 1624 1864 1943 2278
1411 71 79 116 261 325 459 512 568 581 876 895 957 972 992 1255 1290 1408 1714 1752 1860 1861 1940 2032 2113 2141 2178 2203 2451
1412 10 65 86 115 278 316 424 481 531 537 612 739 920 1190 1235 1240 1452 1567 1878 1898 1917 1952 1967 2071 2105 2250 2337 2368
1413 92 241 341 392 469 619 901 973 1157 1258 1289 1338 1430 1483 1644 1662 1666 1771 1815 1960 2017 2123 2266 2307
1414 54 72 82 285 304 564 694 698 748 874 876 1022 1497 1563 1572 1689 1969 2149 2204 2469
1415 28 115 247 270 290 379 505 593 634 713 833 953 956 1056 1095 1136 1195 1402 1454 1526 1629 1669 1844 1950 2198 2442 2455
1416 32 71 168 276 394 411 446 535 622 785 804 830 836 841 849 869 895 964 980 1100 1168 1190 1368 1454 1491 1552 1596 1735 1865 2108 2189 2229 2316
1417 226 230 480 684 765 839 891 903 935 1024 1076 1103 1104 1153 1214 1561 1567 1682 1750 1823 2191 2196
1418 89 217 296 478 480 550 634 635 745 789 972 1535 1736 1796 1838 1853 2025 2070 2289 2471
1419 110 538 624 952 1022 1239 1243 1264 1365 1545 1581 1752 1782 1884 1926 2054 2175 2218 2425 2438 2488
1420 283 330 364 383 412 667 672 727 740 837 875 918 925 1251 1291 1525 1576 1735 1783 1797 1872 2062 2121 2175 2254 2335
1421 55 90 108 229 286 380 502 530 715 788 960 1058 1084 1086 1409 1522 1775 1847 1925 2064 2105 2194 2210 2297 2407 2492
1422 34 138 397 455 619 749 973 1086 1147 1162 1301 1612 1767 1803 1841 2013 2147 2213 2335
1423 1 24 499 596 651 681 758 871 921 1059 1176 1182 1204 1307 1360 1389 1396 1458 1482 1727 1784 1822 1841 1843 2090 2156 2219
1424 332 362 589 646 782 816 1190 1204 1292 1492 1532 1538 1546 1670 1805 1940 1972 2036 2050 2068 2076 2099 2117 2222 2411
1425 11 245 426 437 470 532 536 538 1103 1177 1182 1258 1365 1564 1597 1675 1947 2079 2087 2182 2307 2430 2465 2469
1426 17 86 119 321 333 624 755 879 963 992 1009 1099 1109 1115 1211 1239 1336 1470 1483 1657 1688 1753 1773 1838 1941 1977 1987 2005 2070 2165 2345 2424 2472 2491
1427 21 49 84 202 268 394 400 451 496 675 728 980 990 997 1025 1038 1087 1100 1211 1336 1362 1471 1498 1674 1867 1898 1974 1990 2400 2487
1428 55 152 196 296 448 616 667 706 760 795 799 886 890 1035 1072 1434 1476 1714 1883 2003 2162 2217 2223 2251 2374
1429 0 71 108 116 213 345 400 749 995 1163 1177 1226 1339 1346 1590 1655 1662 1707 1731 1851 2121 2287 2360
1430 295 317 356 524 650 656 666 698 748 787 869 908 936 985 1078 1124 1152 1211 1404 1408 1413 1517 1547 1843 1858 1894 1971 2206 2232 2279 2327 2487
1431 127 227 311 340 379 437 446 477 691 1018 1365 1551 1743 1783 1790 1832 1838 1874 1898 1926 2030 2054 2140 2180 2382
1432 46 220 266 278 389 499 549 735 748 932 1001 1268 1503 1602 1647 1791 1863 1864 1883 2175 2254 2362 2380 2393 2413
1433 179 326 359 659 784 921 995 1004 1016 1255 1520 1521 1637 1706 1728 1762 1846 1851 1921 1943 2105 2179 2198 2311 2325 2407 2437
1434 252 281 308 309 370 746 907 1101 1160 1380 1384 1428 1773 1777 1825 1989 2096 2326 2356 2377
1435 20 137 160 211 253 428 466 517 808 965 972 1024 1068 1138 1177 1825 1856 1918 2136 2172 2309 2354 2392 2475 2486 2491
1436 207 232 299 508 756 789 910 919 923 1106 1127 1151 1257 1319 1372 1499 1869 1987 2078 2271 2278 2339 2348 2399 2459 2463
1437 9 66 121 144 260 300 371 457 677 770 976 984 1077 1177 1304 1310 1337 1574 1594 1686 1759 1783 1787 1996 2171 2214 2236 2320 2392 2393
1438 23 70 147 276 349 469 496 515 536 682 713 891 1088 1148 1213 1249 1345 1384 1562 1733 1768 1816 1835 1960 1998 2041 2102 2203 2224 2403
1439 298 395 447 731 777 809 912 961 1110 1142 1192 1222 1244 1258 1335 1650 1664 1742 2010 2052 2153 2195 2201 2216 2253 2317 2375 2410 2425 2474
1440 389 542 559 970 1158 1170 1206 1279 1502 1511 1519 1644 1782 1845 2302 2372
1441 35 198 387 407 804 937 1007 1199 1221 1407 1467 1498 1526 1540 1655 1926 1979 2190 2214 2304 2317 2353 2409
1442 31 261 325 490 496 523 588 728 821 967 982 986 1126 1154 1208 1222 1265 1358 1678 2024 2131 2174 2321
1443 67 161 309 348 599 621 740 829 874 1011 1037 1178 1447 1557 1623 1678 1936 2020 2255 2309 2313 2452
1444 3 220 247 253 261 410 444 454 582 700 796 884 890 963 1186 1338 1472 1608 1630 1637 1767 1812 1821 1902 1963 2129 2178 2285 2348 2410 2456
1445 67 169 200 341 385 546 615 995 1029 1398 1399 1473 1514 1598 1712 1726 2040 2080 2203 2488 2498
1446 0 126 279 468 626 759 886 1015 1063 1109 1248 1338 1397 1409 1499 1643 1677 1819 1845 2008 2064 2086 2126 2202 2311 2370 2434 2442 2460
1447 252 556 962 989 1047 1076 1346 1386 1443 1581 1666 2087 2127 2387 2404 2468
1448 14 202 211 337 581 690 731 1522 1637 1767 1832 1897 1940 2022 2120 2433 2440 2462
1449 270 275 321 374 468 479 586 737 758 813 920 1068 1122 1124 1220 1339 1354 1518 1594 1681 1709 1715 1917 2157 2201 2248 2343
1450 63 73 183 224 334 374 500 551 564 791 890 901 972 1035 1221 1366 1474 1508 1548 1619 1835 1859 1900 2071 2072 2116 2213 2223 2228 2232 2249 2265 2297 2350 2368 2443 2466
1451 22 52 85 585 644 771 973 1104 1289 1396 1494 1533 1737 1873 1942 2036 2106 2154 2198 2363 2413
1452 11 71 207 261 627 721 800 915 962 1062 1190 1286 1412 1812 1906 1916 1950 2131 2339 2361 2400 2430
1453 116 135 301 359 403 448 527 637 660 664 704 815 850 852 884 1059 1102 1262 1292 1314 1466 1593 1753 1777 1984 2012 2091 2291 2398 2438
1454 16 135 311 409 437 476 574 705 932 962 1009 1031 1294 1415 1416 1518 1732 2070 2094 2154 2188 2282 2476
1455 155 291 355 981 1018 1108 1156 1219 1244 1287 1315 1468 1489 1908 2127 2191 2200 2246 2321 2366 2397 2442
1456 90 147 188 254 298 355 467 499 544 554 575 678 744 767 797 826 851 963 1040 1716 1930 2095 2135 2377 2447
1457 105 149 170 219 474 492 603 610 751 793 852 1195 1228 1276 1371 1640 1765 1836 1845 1989 2151 2165 2188 2487
1458 65 305 439 456 494 615 643 696 877 907 937 1117 1186 1223 1276 1358 1423 1459 1558 1691 1764 1825 1919 1990 2063 2067 2412 2438
1459 103 302 351 421 498 550 646 685 790 888 896 952 1054 1199 1329 1458 1491 1746 1847 1859 1929 2050 2342
1460 43 175 195 231 361 606 668 1012 1027 1050 1135 1190 1237 1474 1485 1611 1619 1737 1768 1818 1840 1873 2061 2109 2167 2294 2354 2361 2393 2458
1461 495 619 681 712 720 828 995 1098 1174 1567 1576 1736 1741 1958 2138 2191
1462 50 186 209 299 364 453 472 512 587 609 655 801 844 954 956 1038 1171 1190 1259 1292 1346 1364 1378 1394 1577 1710 1773 1907 2026 2198 2277 2297 2359 2420
1463 152 292 462 563 565 591 781 821 850 989 1000 1044 1309 1365 1510 1520 1529 1543 1604 1637 1651 1832 1843 1953 2011 2043 2152 2209 2211 2316 2369
1464 259 535 714 739 762 834 917 958 1023 1195 1378 1405 1505 1587 1692 1886 2006 2055 2183 2216 2302
1465 33 300 307 416 421 441 451 558 596 695 702 849 956 982 1303 1374 1509 1672 1727 2009 2050 2239 2375 2386
1466 174 301 512 606 787 939 1003 1089 1095 1453 1729 1931 2034 2219 2226 2352 2370 2420 2459
1467 50 418 501 1049 1077 1207 1395 1441 1749 1775 1778 1852 2006 2035 2103 2122 2144 2179
1468 106 274 356 401 413 414 837 1017 1070 1075 1231 1293 1455 1773 1831 2084 2385 2441 2487
1469 81 210 282 372 448 699 880 960 1079 1141 1194 1376 1619 1913 2094 2116 2303
1470 198 223 228 537 572 739 811 846 866 882 939 1023 1068 1083 1112 1113 1124 1197 1237 1258 1288 1426 1549 1728 1742 1771 1810 1930 1992 2060 2178 2403 2425 2426
1471 205 288 441 463 560 649 734 808 927 956 1135 1137 1158 1192 1257 1265 1299 1340 1376 1400 1427 1694 1763 1943 2099 2117 2137 2187 2295 2373 2378 2391 2478
1472 52 89 178 233 293 436 460 506 572 582 794 839 1030 1091 1195 1444 1616 1878 2045 2101 2103 2114 2158 2171
1473 112 500 598 660 666 717 781 804 946 1076 1082 1216 1381 1393 1445 1705 1738 1756 1934 2108 2161 2164 2227 2236
1474 31 51 241 413 470 608 723 895 921 922 1012 1450 1460 1491 1566 1627 1661 1771 1799 1832 2038 2110 2237 2456 2481
1475 117 265 311 366 381 419 492 635 814 868 885 894 985 1011 1149 1248 1293 1368 1584 1693 1833 1861 1874 1996 2023 2121 2134 2240 2400 2435 2452
1476 187 273 352 355 390 488 512 603 789 814 862 1248 1262 1428 1514 1519 1637 1692 1840 1870 2138 2145 2193 2260 2362 2497
1477 216 222 576 650 652 802 863 898 1038 1127 1888 1942 1957 1996 2266 2269
1478 279 581 591 992 1015 1236 1378 1403 1539 1791 1819 1870 2148 2341 2394
1479 195 223 292 471 503 517 940 1022 1099 1105 1107 1172 1196 1223 1238 1345 1392 1497 1548 1703 1728 1745 1920 1979 2241 2265 2348 2490
1480 38 42 177 223 370 502 504 533 665 679 745 785 950 1105 1230 1569 1646 1700 1718 1736 1764 1788 1810 1815 1895 1968 2081 2242 2299 2394 2442
1481 111 162 169 323 326 337 341 397 481 505 711 777 942 1118 1195 1334 1579 1639 1660 1723 1829 2071 2098 2128 2150 2165 2194 2216 2260 2261 2332 2427 2441
1482 80 152 261 337 375 398 434 499 547 634 640 770 824 900 1325 1423 1535 1729 1831 1893 1912 1939 1940 1969 1971 2070 2114 2378 2394 2425 2496
1483 5 132 261 267 557 606 672 704 804 863 933 1004 1017 1413 1426 1641 1672 1804 1842 1964 1977 2030 2043 2145 2311 2317 2496
1484 0 67 75 174 423 593 793 983 1023 1044 1139 1166 1335 1568 1621 1705 1750 1777 1913 1994 2007 2099 2276 2297 2310 2334 2492
1485 64 211 303 442 476 520 674 707 1011 1047 1146 1460 1488 1595 1717 1849 1906 2069 2185 2193 2235 2236 2391
1486 210 216 533 697 771 1289 1361 1706 1883 1961 2112 2131 2224 2250 2285 2315 2333 2380
1487 6 81 291 327 350 356 370 408 496 656 689 704 813 829 942 973 1217 1222 1574 1601 1614 1665 1804 1875 2017 2272 2333 2347 2488
1488 217 427 539 760 848 1090 1356 1485 1522 1558 1559 1611 1824 1971 2107 2153 2205 2267 2409
1489 15 121 200 231 248 335 379 385 397 587 727 728 933 936 938 1085 1169 1175 1210 1304 1455 1588 1659 1932 2095 2138 2409 2462 2495
1490 48 117 134 183 195 276 597 658 809 949 1029 1073 1196 1372 1497 1561 1586 1644 1706 1732 1751 1781 1811 1902 1985 1987 2076 2141 2216 2388 2491
1491 215 314 545 700 712 820 1152 1337 1416 1459 1474 1562 1965 2163 2237 2300 2460 2496 2497
1492 55 320 412 546 698 707 878 1040 1219 1277 1424 1727 1774 1897 1928 1941 2168 2177 2271 2272 2278 2427
1493 35 64 293 386 758 765 801 1116 1289 1391 1576 1675 1764 1844 1851 1933 1960 2388 2390 2469
1494 90 102 164 171 394 425 541 594 812 905 1038 1068 1120 1278 1451 1677 1911 1978 2082 2168 2307 2387 2411 2413 2438
1495 48 177 563 605 665 919 1094 1248 1253 1345 1356 1543 2003 2166 2206 2243 2346 2362
1496 292 510 626 631 655 663 666 810 991 997 1080 1283 1313 1528 1564 1592 1653 1703 1796 1839 1884 1926 1980 2074 2123 2475
1497 39 43 122 160 185 248 444 466 474 517 790 1135 1136 1173 1247 1359 1414 1479 1490 1559 1579 1627 1720 1755 1822 1954 1998 2060 2160 2281
1498 240 268 297 604 637 800 825 990 1001 1026 1049 1427 1441 1636 1738 1781 2028 2055 2092 2152 2384 2395
1499 71 371 377 391 512 513 660 750 830 949 1097 1127 1183 1226 1315 1436 1446 1506 1536 2105 2143 2274 2315 2345 2403
1500 7 72 145 211 280 345 369 754 843 1076 1085 1151 1323 1373 1708 1859 1975 2012 2190 2253 2255 2462 2493
1501 31 214 324 341 489 510 587 661 957 1078 1143 1148 1191 1254 1275 1554 1754 1772 1782 1805 1840 1895 2058 2171 2215 2245 2291 2318 2347 2393 2418
1502 56 303 436 469 522 570 697 883 889 1061 1082 1440 1602 1661 1700 1743 1878 1936 1955 1966 1978 1999 2057 2095 2253
1503 105 117 154 244 681 684 738 741 896 935 996 1068 1326 1432 1547 1721 1730 1866 1917 1943 1990 2029 2125 2450
1504 29 110 295 477 492 588 660 691 742 753 906 911 913 1141 1216 1291 1341 1538 1676 1696 1955 2046 2051 2101 2105 2214 2310 2405 2421 2431 2477
1505 31 407 428 610 862 1003 1053 1077 1080 1345 1464 1511 1650 1655 1676 1685 1706 1833 1855 2105 2144 2417 2498
1506 80 506 719 782 787 863 991 997 1394 1499 1570 1732 1752 1798 1861 1874 2042 2163 2253 2336 2344 2359
1507 232 449 734 1045 1205 1211 1261 1380 1530 1579 1737 1771 1920 1986 2004 2135 2201 2303 2375 2376 2379 2473
1508 82 99 200 315 342 381 520 573 773 1178 1285 1403 1450 1517 1548 1694 1877 2005 2053 2200 2243 2377
1509 0 94 113 447 537 543 584 594 683 940 976 993 1084 1375 1465 1568 1576 1716 1801 1833 1969 2002 2060 2296
1510 38 184 297 466 595 625 744 783 969 1070 1132 1220 1255 1271 1463 1589 1727 1851 1953 1985 2020 2050 2094 2119 2220 2331 2460
1511 88 202 423 549 612 808 863 1024 1090 1132 1137 1152 1300 1351 1440 1505 1897 1898 2055 2350 2358 2416 2490 2499
1512 2 17 401 414 610 698 714 751 862 923 945 1106 1128 1150 1175 1340 1402 1410 1531 1537 1757 1883 1884 1922 1947 1990 2076 2292
1513 141 225 386 462 564 577 700 702 748 838 920 975 1038 1081 1250 1302 1656 1704 1739 1913 2010 2016 2018 2133 2148 2177 2201
1514 142 375 417 421 532 1055 1061 1070 1243 1244 1294 1315 1382 1445 1476 1589 1895 1965 1997 2017 2171 2245
1515 207 220 288 525 557 656 737 748 918 946 1077 1094 1227 1253 1262 1600 1619 1711 1735 1774 1777 1799 1819 1891 2044 2188 2189 2210 2257 2326 2405
1516 60 92 120 184 241 264 382 427 511 611 622 670 912 945 973 1063 1222 1264 1334 1532 1576 1585 1637 1694 1733 1856 1868 1909 1961 2102 2136 2368 2420
1517 16 102 119 144 249 259 384 464 546 901 986 1104 1129 1227 1368 1430 1508 1616 1780 1791 1822 2118 2119 2127 2129 2169 2194 2210 2364 2427
1518 147 183 267 312 325 454 455 674 675 692 1035 1144 1246 1348 1449 1454 1775 2132 2274 2337 2412
1519 198 363 497 625 688 720 978 1117 1121 1215 1304 1352 1364 1397 1440 1476 1550 1863 2076 2121 2353 2416
1520 36 109 221 354 649 1137 1173 1194 1317 1361 1400 1433 1463 1614 1796 1844 1913 2052 2061 2247 2466
1521 10 122 543 682 729 757 858 977 1161 1267 1400 1433 1605 1676 1741 1752 1809 1830 2194 2418 2448 2487
1522 36 211 226 279 411 498 564 659 734 760 769 795 845 919 950 962 1045 1242 1330 1421 1448 1488 1596 1602 1608 1647 1926 2075 2147 2223 2235 2387 2436
1523 103 148 182 553 575 850 958 1102 1108 1166 1271 1537 1614 1775 1803 2106 2124 2314
1524 93 209 212 476 582 894 951 1044 1129 1142 1275 1313 1541 1626 1780 1823 1828 1949 2049 2189 2491
1525 175 230 238 421 516 639 865 970 986 1008 1083 1214 1305 1356 1420 1620 1886 2100 2105 2222 2254 2421
1526 50 242 273 355 408 441 500 636 652 735 860 995 1000 1140 1194 1207 1260 1286 1353 1415 1441 1559 1648 1663 1812 1815 1860 1882 2080 2149 2176 2356 2361 2478
1527 195 353 417 422 765 849 889 985 1086 1285 1384 1531 1675 1872 1980 2006 2066 2068 2089 2264 2326 2340
1528 15 174 225 293 346 385 484 697 704 706 789 1039 1046 1106 1164 1276 1367 1496 1811 1990 2004 2012 2081 2275 2340
1529 61 95 115 210 270 512 551 628 1182 1211 1365 1463 1727 1784 1810 1924 1936 2197 2208 2257
1530 15 63 155 232 250 424 608 748 1016 1112 1235 1388 1507 1609 1635 1695 1727 1857 1867 2070 2182 2259 2269 2468
1531 82 138 178 215 267 391 451 486 513 560 647 664 695 878 942 1070 1263 1512 1527 1624 1656 1909 2123 2137 2265 2295 2394 2482
1532 8 88 111 263 535 575 820 943 1314 1324 1424 1516 1606 1693 1744 2145 2278
1533 54 213 359 406 443 535 594 657 696 799 860 905 923 998 1012 1029 1321 1359 1451 1702 1761 1892 1926 2072 2079 2134 2462
1534 29 70 402 413 501 540 544 635 693 794 883 1070 1204 1381 1809 1832 1900 2018 2028 2311 2436
1535 54 87 218 255 388 409 496 520 648 849 969 1066 1384 1418 1482 1623 1805 1821 1831 1879 1936 2030 2115 2260 2398 2416 2425
1536 7 112 199 236 523 637 763 998 1179 1298 1304 1336 1357 1392 1499 1559 1589 1662 1714 1788 1864 2013 2020 2048 2189 2195 2209 2245 2267 2268 2338
1537 54 74 172 248 705 741 802 812 867 900 933 992 1157 1208 1512 1523 1608 1806 1810 1815 2011 2268 2331 2498
1538 13 334 467 703 759 784 919 923 1132 1386 1424 1504 1610 1947 1964 1984 1994 2027 2206 2349 2488
1539 84 315 393 441 542 625 642 678 696 724 742 862 897 979 1084 1118 1130 1478 1844 2040 2087 2171 2449
1540 25 27 149 201 303 433 501 924 1009 1071 1195 1233 1386 1441 1644 1753 1849 1855 2007 2058 2064 2177 2248 2299
1541 8 167 198 246 284 327 480 490 672 846 987 1210 1248 1340 1524 1566 1616 1903 1998 2094 2138 2151 2203 2210
1542 47 58 387 390 498 646 691 701 818 843 888 936 1151 1336 1721 1878 1893 2158 2162 2254 2347 2418 2453
1543 163 257 274 289 421 488 658 685 709 745 766 797 951 1041 1198 1234 1258 1263 1463 1495 1649 1765 1915 2179 2214 2241 2248 2266 2334 2445
1544 0 30 98 558 709 741 831 978 1016 1034 1079 1112 1162 1170 1198 1263 1328 1612 1744 1757 1820 1998 2050 2057 2172 2306 2343 2413
1545 32 51 93 304 331 516 854 857 1419 1854 1909 2007 2038 2211 2232 2251 2291 2432
1546 63 287 307 647 682 833 880 907 1181 1333 1424 1565 1590 1642 1751 1812 1940 2019 2119 2315 2481
1547 252 346 496 673 684 723 736 825 1061 1143 1166 1430 1503 1652 1886 2019 2130 2277 2343 2366 2406
1548 57 241 354 449 512 623 654 742 924 943 1010 1024 1028 1052 1221 1345 1450 1479 1508 1557 1659 1787 1860 1915 1952 2222 2286
1549 40 72 113 453 542 804 812 885 1039 1042 1060 1146 1278 1282 1293 1470 1612 1651 1666 1819 2018 2056 2096 2193 2366 2462
1550 60 284 311 312 408 437 580 645 748 995 1298 1340 1519 1673 1807 2084 2118 2214 2298 2404 2438
1551 13 63 110 340 441 444 858 944 1048 1072 1130 1153 1431 1558 1581 1669 1699 1706 1756 1807 2213 2356
1552 6 30 39 49 135 137 351 414 448 553 665 693 712 742 759 772 982 1010 1256 1315 1317 1372 1416 1718 2169 2284
1553 99 141 153 318 454 525 798 1031 1182 1246 1262 1309 1366 1619 1655 1674 2265 2370
1554 105 132 144 182 304 318 392 579 659 707 735 762 780 846 1021 1044 1221 1387 1501 1623 1705 1920 2135 2138 2148 2216 2275 2316
1555 220 258 413 511 559 697 848 885 970 995 1002 1785 1811 1911 2017 2019 2136 2206 2253 2278 2321 2454
1556 120 253 281 361 486 488 680 746 1025 1111 1156 1407 1563 1605 1621 1922 1930 1944 1986 2061 2167 2171 2208 2228
1557 110 222 250 387 394 571 575 716 798 895 900 970 1323 1443 1548 1673 1700 1911 2061 2295 2298 2446 2449 2471
1558 246 377 407 660 991 1045 1062 1093 1458 1488 1551 1629 1762 1846 1903 2036 2153 2161 2162 2241 2302
1559 267 317 350 468 489 765 795 924 1035 1199 1338 1488 1497 1526 1536 1567 1663 1954 2056 2071 2116 2167 2264 2450
1560 151 398 463 492 548 600 651 654 821 1141 1163 1178 1186 1240 1268 1322 1634 1741 1791 2122 2143 2229 2344
1561 82 243 314 353 420 427 437 489 605 800 856 981 1118 1417 1490 1819 1920 1936 1969 2089 2158 2321 2430
1562 131 241 308 432 499 533 623 666 688 775 803 864 1018 1075 1278 1369 1374 1438 1491 1645 1733 1874 1879 1914 1987 2025 2028 2075 2136 2232 2403 2438 2461
1563 28 57 84 274 346 622 912 1022 1083 1300 1356 1414 1556 1641 1695 1717 1807 1870 1882 1921 1968 2107 2167 2292 2436 2460 2476
1564 149 278 369 496 523 583 594 634 707 797 955 979 1029 1113 1268 1273 1286 1425 1496 1585 1720 1724 1939 2120
1565 159 283 386 416 890 908 1546 1727 1817 1995 2020 2030 2306 2416 2458
1566 133 145 259 592 703 713 750 846 969 1027 1058 1096 1159 1185 1212 1294 1474 1541 1587 1704 1768 1810 1867 1967 2030 2040 2058 2099 2199 2235 2267 2271 2350 2408
1567 96 153 606 750 794 796 836 1015 1017 1045 1049 1120 1192 1217 1284 1353 1412 1417 1461 1559 1869 1943 2208 2238 2261 2467
1568 65 133 182 201 247 283 507 744 764 866 970 1143 1252 1299 1329 1484 1509 1569 1601 1668 1752 1860 2005 2248 2364
1569 24 186 256 259 264 345 469 680 707 762 1034 1043 1106 1277 1391 1480 1568 1857 2162 2168 2266 2478
1570 148 213 227 334 432 436 512 561 575 1258 1506 1870 1918 1969 2082 2308 2364 2388 2433
1571 66 197 266 433 490 560 787 954 1073 1126 1160 1218 1777 1920 2011 2107 2114 2213 2460
1572 66 83 88 181 190 215 324 344 376 388 712 1141 1187 1271 1414 1632 2085 2206 2227 2308 2384
1573 95 261 409 644 758 800 878 1093 1133 1251 1265 1358 1610 1656 1673 1995 2390 2474
1574 122 218 229 282 422 455 468 582 752 862 924 951 1056 1408 1437 1487 1716 1721 1773 1853 1861 1897 2163 2177 2268
1575 39 148 365 625 670 713 766 768 839 872 932 1013 1076 1757 1851 2026 2055 2229 2264 2289 2313 2372 2393
1576 96 115 151 388 423 500 677 681 755 915 1006 1125 1388 1420 1461 1493 1509 1516 1623 1949 2064 2150 2201 2279 2297 2350 2474
1577 119 161 176 239 243 258 464 595 759 859 883 898 943 944 981 1334 1462 1720 1737 1909 2046 2050 2117 2229 2276 2304 2308 2387
1578 58 97 166 405 450 756 834 855 886 1237 1313 1327 1736 1747 1785 2000 2296 2381 2428 2439 2498
1579 210 318 342 376 452 468 805 1164 1332 1481 1497 1507 1630 1920 1980 2086 2498
1580 80 247 340 392 669 855 871 917 955 1237 1358 1405 1639 1840 1842 1975 2025 2111 2176 2361
1581 11 96 203 208 269 338 379 467 498 576 727 761 795 884 887 1126 1269 1278 1419 1447 1551 1756 1887 1888 1942 2016 2044 2065 2076 2236 2247 2288 2404 2431
1582 182 312 352 401 417 599 611 617 713 812 836 994 996 1022 1030 1051 1214 1292 1353 1378 1584 1802 2062 2088 2184 2225 2265 2312 2365 2492
1583 26 402 407 412 596 630 848 972 1237 1345 1648 1748 1770 1825 1846 1864 1964 2059 2109 2144
1584 140 147 181 409 431 444 459 810 818 1063 1236 1279 1475 1582 1617 1627 1679 1702 1727 1754 1911 1939 2096 2102 2108 2213 2310 2342 2349 2379 2402
1585 14 62 156 362 511 525 537 795 980 985 1163 1516 1564 1758 2109 2142 2233 2294 2317 2391
1586 19 147 180 181 232 439 506 521 614 838 855 893 910 1120 1200 1490 1598 1726 1732 1772 1838 1964 2022 2137 2289 2391
1587 43 156 164 264 279 357 362 384 394 823 840 967 985 989 1324 1464 1566 1641 1851 1944 1975 1987 2261 2285 2315 2398
1588 185 195 310 543 620 847 857 923 1206 1214 1489 1690 1750 1778 1848 1875 2028 2069 2127 2374
1589 34 158 183 186 231 291 590 614 653 661 718 802 831 1113 1202 1215 1257 1260 1278 1510 1514 1536 2143 2184 2400 2491
1590 41 93 102 239 359 384 442 546 594 691 933 993 1018 1288 1401 1429 1546 1594 1744 1933 2462 2490
1591 229 280 314 331 427 823 831 941 954 1004 1186 1257 1265 1379 1385 1697 1724 2027 2029
1592 6 69 70 438 650 969 1242 1262 1384 1496 1638 1748 1796 1895 1922 1933 1998 2174 2268 2292 2319 2384 2496
1593 52 116 180 241 688 703 912 915 943 1055 1453 1735 1861 1871 1903 1908 2144 2249 2460 2470
1594 65 114 204 228 529 721 780 1011 1111 1184 1197 1321 1437 1449 1590 1604 1649 1680 1682 1701 1741 1751 1768 1786 2000 2049 2083 2158 2189 2308 2318 2413
1595 132 142 278 329 382 477 712 896 1129 1204 1235 1485 1678 1950 2017 2150 2161 2162 2211 2213 2312 2340
1596 172 254 616 637 652 712 727 746 847 1098 1104 1176 1285 1407 1416 1522 1698 1966 2000 2072 2163 2201 2298 2394 2433
1597 90 123 141 147 245 265 384 522 555 628 849 909 1003 1223 1248 1425 1769 1855 1932 1960 2112 2134 2325 2331 2358 2369 2427 2461
1598 63 299 351 438 446 469 610 640 722 771 944 955 1270 1445 1586 1599 1714 1969 2019 2087 2149 2162 2165 2302 2352 2408 2427 2430
1599 64 150 216 334 573 616 846 937 1116 1339 1351 1598 1642 1674 1878 1901 1938 2281 2330 2342 2427 2434 2446
1600 24 141 400 613 692 733 883 982 1092 1203 1515 1839 1879 1963 2322 2417 2456
1601 56 77 218 229 299 436 484 643 650 687 743 757 762 802 873 1105 1235 1348 1409 1487 1568 1670 1750 1886 2002 2035 2100 2154 2206 2218
1602 12 19 92 149 310 326 364 531 623 647 668 712 746 819 889 1149 1181 1183 1209 1241 1372 1432 1502 1522 1890 2129 2207 2283 2413
1603 55 83 124 194 274 327 398 541 579 759 786 1163 1184 1262 1315 1327 1363 1648 1787 1812 1874 1888 2106 2427
1604 192 237 318 321 549 750 943 1313 1363 1368 1371 1386 1402 1463 1594 1609 1666 1699 1850 2184 2186 2354
1605 106 129 277 335 377 602 844 1015 1027 1045 1354 1376 1521 1556 1711 2000 2024 2086 2233 2304 2441 2487
1606 105 156 180 287 450 557 635 868 902 916 927 1000 1161 1247 1290 1532 1620 1646 1658 1675 1790 1793 1839 1880 2115 2205 2225 2228 2271 2406 2412
1607 106 136 263 351 356 779 910 917 987 1080 1684 1701 1778 1837 1852 1887 1903 1968 2021 2060 2157 2209 2216 2248 2312 2331 2353 2366 2371 2447
1608 218 280 484 618 621 763 804 1243 1318 1353 1404 1444 1522 1537 1786 1788 1966 2085 2183 2305 2371 2391
1609 2 193 206 216 256 577 724 791 1091 1170 1235 1530 1604 2018 2029 2073 2169 2205 2271
1610 65 128 141 175 186 265 278 368 483 524 538 628 683 899 992 1389 1538 1573 1642 1784 2130 2137 2178 2185 2189 2200 2256 2282 2289 2355 2389 2403 2405 2464
1611 548 571 582 676 821 919 938 1151 1177 1211 1460 1488 1804 1828 1873 1952 2120 2139 2163 2335 2394 2409
1612 42 168 242 345 464 619 693 711 868 882 1025 1060 1097 1221 1294 1347 1395 1407 1422 1544 1549 1672 1866 2003 2057 2214 2366 2404 2411 2461
1613 91 158 215 263 382 425 450 543 589 678 681 683 758 804 943 950 978 1101 1285 1320 1341 1732 1991 2036 2321 2352 2374 2495
1614 151 257 273 298 375 457 527 645 742 776 824 838 1111 1182 1253 1308 1487 1520 1523 1731 1805 1969 2071 2206 2216 2270 2340 2477
1615 1 15 117 140 181 222 297 352 398 715 841 1037 1060 1194 1279 1339 1821 1930 2007 2020 2078 2194 2344 2433
1616 233 297 376 394 400 556 776 854 974 1252 1253 1262 1293 1349 1472 1517 1541 1655 1669 1674 1698 1754 1827 1933 1955 2263 2315 2422 2423 2437 2452 2464
1617 64 167 186 271 300 518 687 697 754 861 896 1099 1112 1293 1330 1343 1381 1584 1679 1702 1840 1888 1931 1957 2137 2209 2222 2438
1618 263 270 294 372 459 689 754 812 914 932 1023 1070 1367 1386 1393 1643 1683 1818 1931 1938 2127 2287
1619 142 390 403 559 582 671 783 966 1015 1024 1063 1067 1124 1235 1338 1450 1460 1469 1515 1553 1800 1818 1855 1944 2172 2210 2231 2395
1620 22 66 201 389 428 447 461 689 696 878 880 925 1260 1333 1396 1525 1606 1761 1803 1902 1910 2035 2125 2236 2332 2480
1621 61 92 182 185 334 337 436 493 581 611 891 901 1047 1063 1083 1124 1376 1484 1556 1632 1906 2277 2352 2487
1622 80 104 553 637 663 713 868 896 1125 1645 1676 1736 1926 1943 2001 2220 2245 2251 2268 2499
1623 51 104 147 196 244 312 353 455 614 661 686 751 787 1141 1159 1176 1283 1291 1334 1394 1443 1535 1554 1576 1728 1773 1798 1815 1839 1913 1938 2107 2180 2347 2420 2489
1624 110 181 197 338 469 500 520 552 684 773 1122 1125 1156 1184 1410 1531 1694 1720 1744 1832 1846 1859 1903 2272 2316 2355 2428
1625 173 188 246 264 355 441 489 501 571 582 762 848 1072 1110 1263 1361 1378 1627 1685 1813 2025 2167 2310 2350 2379 2440
1626 26 131 343 416 536 554 636 717 797 847 898 909 968 1062 1264 1320 1350 1382 1524 1639 1748 2041 2043 2189 2400 2468
1627 13 94 130 157 176 361 547 764 871 963 1034 1126 1298 1402 1474 1497 1584 1625 1639 1947 2344 2346 2372 2479
1628 93 203 207 270 272 577 684 791 821 897 1026 1174 1386 1666 1746 2167 2237 2272 2287 2338 2454 2467
1629 91 190 219 307 405 499 589 941 1274 1287 1313 1415 1558 1681 1704 1804 2019 2055 2085 2246 2254
1630 359 401 420 428 464 534 946 1009 1020 1035 1040 1186 1260 1347 1444 1579 1740 1877 1937 1961 2035 2093 2127 2183 2393 2433
1631 158 392 410 602 802 838 859 998 1019 1070 1357 1377 1385 1659 1667 1682 1702 1795 1997 2144 2155 2183 2305 2316 2370
1632 111 203 498 577 636 688 710 759 850 953 1223 1390 1572 1621 1691 1743 1960 2022 2495
1633 15 20 27 61 194 440 574 882 908 927 930 937 1066 1067 1110 1126 1270 1659 1675 1741 1748 1797 1861 2085 2088 2134 2454
1634 48 82 136 195 334 409 528 588 646 723 840 900 961 1225 1266 1400 1405 1560 1760 2117 2130 2180 2184 2327
1635 84 138 317 344 350 419 498 692 782 908 937 1023 1216 1276 1323 1530 1700 1725 1929 2061 2187 2337
1636 81 91 92 98 465 634 715 794 853 1010 1080 1173 1256 1400 1498 1684 1739 2155 2160 2273 2328 2345 2494
1637 2 101 115 217 244 345 361 388 570 631 675 727 890 922 991 1020 1058 1061 1288 1433 1444 1448 1463 1476 1516 1671 1777 1857 1884 1956 1984 2183 2264 2271 2305 2358 2444 2497
1638 175 231 240 325 409 572 697 731 772 851 954 962 1192 1228 1247 1253 1592 1675 1981 2077 2088 2240 2454
1639 18 119 376 411 581 603 796 1154 1169 1189 1371 1375 1481 1580 1626 1627 1794 1886 1972 1996 2432
1640 1 106 249 336 345 588 638 793 838 848 988 993 1102 1148 1457 1724 1886 2003 2019 2159 2257 2329 2399 2473
1641 28 160 276 355 819 862 967 1052 1102 1386 1483 1563 1587 1652 1752 1803 1831 1893 2037 2050 2285
1642 126 171 189 223 267 333 434 474 504 551 566 726 755 781 994 1023 1231 1279 1373 1380 1546 1599 1610 1741 1779 2253 2265 2315 2377 2383 2416 2467
1643 110 117 274 335 594 619 646 1136 1330 1354 1372 1385 1446 1618 1866 2054 2306
1644 122 330 375 382 411 611 642 679 891 1016 1049 1180 1206 1229 1328 1369 1413 1440 1490 1540 1663 1685 1688 1833 2067 2227
1645 46 71 134 294 296 345 495 542 651 785 838 882 938 989 991 1186 1311 1562 1622 1733 1841 1842 1858 2016 2018 2161 2445
1646 70 159 193 270 289 347 365 444 657 669 700 727 833 863 906 1042 1480 1606 1748 1885 1909 2079 2131 2275
1647 209 260 375 443 513 631 704 721 954 1131 1180 1184 1382 1432 1522 1762 1804 1837 1841 2000 2208 2288 2413
1648 34 112 137 217 236 423 539 545 570 633 665 702 790 820 941 953 969 1058 1084 1104 1170 1526 1583 1603 1650 1670 1939 2260 2351 2466
1649 25 59 67 70 156 247 318 333 361 545 593 609 783 864 944 1165 1167 1324 1543 1594 1706 1753 1793 1831 1894 1911 1962 1963 2207 2302 2422
1650 59 94 196 252 282 302 472 732 897 913 965 1107 1109 1117 1154 1185 1190 1201 1253 1317 1439 1505 1648 1657 1755 2064 2182 2203 2392 2410 2445
1651 2 93 96 113 313 473 618 1120 1240 1291 1384 1463 1549 1708 1846 1872 1892 1902 1917 1947 2159 2178 2350 2354 2366
1652 197 273 298 769 776 800 850 933 1074 1080 1095 1156 1219 1240 1265 1394 1547 1641 1674 1835 1946 1967 1986 2216 2255 2346 2424 2434
1653 36 265 559 624 654 705 730 734 836 1032 1075 1496 1697 1756 1804 1812 1870 1937 2055 2143 2163 2191 2236 2454
1654 24 54 237 251 295 335 458 461 494 595 653 723 725 993 1187 1297 1301 1738 1781 1803 1865 2046 2057 2096
1655 83 122 186 247 253 327 436 658 786 802 1020 1054 1139 1398 1429 1441 1505 1553 1616 1697 1786 1818 1891 1931 2023 2056 2181 2453
1656 18 35 171 182 266 300 349 446 471 504 515 752 1034 1123 1221 1290 1367 1513 1531 1573 1661 1705 2012 2159 2263
1657 237 314 694 706 728 1025 1043 1062 1064 1079 1142 1148 1347 1357 1364 1390 1426 1650 1763 1801 1942 1954 2158 2183 2211 2232 2244 2250 2369 2475
1658 11 202 286 479 524 552 663 707 741 905 1096 1111 1159 1167 1238 1350 1606 1980 2019 2404 2450
1659 224 270 341 642 660 692 731 801 807 832 1195 1232 1285 1409 1489 1548 1631 1633 1828 1901 1925 2083 2238 2252 2316 2331 2404
1660 56 87 252 263 304 640 704 751 782 952 1052 1213 1352 1481 1789 1958 2427
1661 92 261 267 301 328 470 669 678 696 1040 1046 1474 1502 1656 1819 2026
1662 248 310 503 674 712 716 759 982 1282 1354 1413 1429 1536 1723 1943 2029 2032 2049 2096 2400
1663 13 59 148 263 352 410 486 618 778 915 1221 1303 1355 1381 1526 1559 1644 1767 2177 2237 2432
1664 148 312 339 411 426 483 512 837 868 899 943 948 1033 1122 1188 1330 1374 1439 1727 1770 1774 1820 1869 1924 2047 2072 2261 2334 2341 2376 2382 2390
1665 85 293 351 413 434 616 851 887 1016 1106 1384 1487 1695 1907 2334
1666 80 228 331 537 595 677 709 791 835 891 1093 1098 1115 1267 1357 1408 1413 1447 1549 1604 1628 1861 2004 2019 2082 2132 2142 2178 2201 2213 2464
1667 153 285 297 393 513 560 649 675 695 751 1237 1268 1334 1397 1406 1631 1715 1812 1869 2017 2036 2203 2229 2270 2362
1668 35 285 415 685 772 1080 1135 1136 1221 1401 1568 1676 1765 2054 2123 2197 2261 2447 2474
1669 243 421 608 614 642 733 839 988 1005 1033 1072 1279 1303 1352 1399 1415 1551 1616 1792 1855 1859 1886 1961 1974 2030 2056 2091 2101 2113 2151
1670 343 692 876 887 925 1072 1222 1235 1258 1332 1424 1601 1648 1803 1979 2077 2168 2222 2426
1671 101 168 226 294 299 369 373 608 762 791 857 1143 1155 1179 1226 1348 1357 1637 1764 2089 2147 2207 2280
1672 186 356 446 476 812 949 995 1011 1070 1072 1243 1465 1483 1612 1719 1765 1936 1944 2032 2181 2343 2402
1673 212 222 444 454 842 907 1100 1384 1550 1557 1573 1715 1720 1769 1831 1840 2065 2091 2187 2188 2190 2239 2331 2370 2408 2472
1674 26 132 166 267 289 426 467 559 661 739 885 886 889 943 1127 1380 1427 1553 1599 1616 1652 1719 1902 2092 2114 2281 2427 2478 2488
1675 241 462 490 579 632 720 833 865 901 906 1050 1110 1157 1255 1286 1340 1425 1493 1527 1606 1633 1638 1849 1855 2234 2334 2368 2496 2498
1676 51 169 296 320 366 720 820 1012 1041 1095 1211 1368 1504 1505 1521 1622 1668 1865 1959 2015 2033 2048 2167 2299
1677 73 155 173 280 323 656 928 1102 1110 1196 1281 1318 1446 1494 2105 2297 2337 2456 2487
1678 3 7 59 307 365 386 487 489 527 573 577 601 624 799 1059 1165 1187 1194 1442 1443 1595 1815 1991 2000 2320 2348 2377 2417 2443 2490
1679 241 394 406 415 423 446 482 492 536 630 799 821 865 875 925 963 971 994 1055 1082 1098 1310 1584 1617 2042 2049 2142 2335 2409 2439
1680 21 153 415 538 544 643 796 883 1021 1026 1076 1152 1594 1800 1937 2089 2133 2306 2344 2395 2436 2479 2486
1681 1 104 150 155 344 560 657 690 717 839 1074 1078 1103 1126 1203 1226 1229 1449 1629 1709 1853 2095 2293 2391 2459
1682 11 122 269 320 390 669 734 891 1028 1058 1417 1594 1631 2017 2062 2073 2220 2278 2326 2441 2458
1683 42 104 443 473 677 1033 1129 1162 1175 1258 1618 1840 1859 1927 1958 2030 2055 2225 2351 2397 2471
1684 95 166 346 555 567 579 604 902 957 972 1104 1169 1218 1307 1352 1386 1607 1636 2056 2087 2092 2159 2301 2335 2411 2417
1685 24 58 135 257 357 406 513 542 577 928 957 1163 1267 1268 1386 1395 1505 1625 1644 1822 1849 1869 1981 2178 2267 2268 2498
1686 40 145 182 213 493 565 664 1092 1101 1146 1176 1184 1287 1303 1437 1791 1795 1820 1873 2119 2220 2241
1687 232 369 501 589 592 652 676 735 797 868 871 880 1085 1142 1251 1387 1736 1923 1953 1967 2081 2092 2244 2318 2403 2413
1688 27 278 455 563 567 638 743 774 1058 1096 1115 1261 1263 1346 1426 1644 1735 1926 2113 2149 2211 2453 2468
1689 43 225 306 560 605 660 863 970 1029 1051 1056 1326 1414 1753 2005
1690 15 229 286 475 651 776 841 856 939 962 997 1091 1156 1174 1295 1399 1588 1744 1798 1833 2025 2030 2256 2437 2452 2459
1691 149 185 254 301 349 524 566 641 869 1015 1197 1246 1299 1356 1458 1632 1745 1822 1962 2170 2190 2313 2345
1692 309 327 518 546 553 654 866 1020 1115 1316 1464 1476 1924 2106 2185 2337 2448 2479
1693 127 414 418 611 675 857 858 903 1011 1144 1261 1304 1475 1532 1728 1873 1915 2150 2299 2385
1694 48 60 223 238 294 366 388 643 791 806 821 967 1115 1206 1215 1263 1274 1382 1471 1508 1516 1624 1722 1725 1798 1814 1885 1957 2017 2184 2216 2263 2290 2305 2325 2327
1695 202 207 223 225 305 353 626 649 711 949 1128 1530 1563 1665 1783 1882 1890 2062 2269 2389 2429
1696 51 79 142 212 215 238 498 622 703 760 827 950 954 988 999 1108 1233 1349 1359 1504 1734 1931 1944 1945 2287 2301 2444
1697 20 423 484 649 673 689 695 787 928 939 1026 1098 1116 1211 1248 1307 1591 1653 1655 1702 1856 1887 2165
1698 40 132 190 193 374 436 462 556 558 562 701 747 791 862 952 1039 1044 1325 1343 1596 1616 1775 1792 1881 2174
1699 379 538 665 692 827 829 1052 1127 1194 1266 1551 1604 1741 1997 2124 2204 2365
1700 69 516 684 896 911 924 1021 1101 1281 1300 1342 1365 1408 1480 1502 1557 1635 1761 1871 2006 2043 2141 2222 2235 2255 2321 2334 2397 2408 2475
1701 82 250 269 392 568 700 722 760 814 815 842 872 988 1153 1210 1247 1341 1594 1607 1787 1875 2196 2249 2366 2489
1702 37 90 107 149 252 266 457 559 772 848 877 947 1069 1126 1215 1384 1533 1584 1617 1631 1697 2099 2112 2149 2271
1703 37 270 292 414 617 653 971 1261 1278 1479 1496 1770 1784 1838 1871 1938 1970 2042 2106 2287 2376 2381 2477 2484
1704 0 124 135 181 201 326 419 441 559 706 782 807 894 969 1097 1159 1244 1272 1513 1566 1629 1730 1840 1841 1867 1919 1930 1938 2005 2209 2358 2376 2420
1705 102 227 252 340 494 528 623 631 779 917 1473 1484 1554 1656 1716 1897 2124 2274 2291
1706 10 15 29 130 255 266 272 511 755 838 961 970 1138 1207 1368 1433 1486 1490 1505 1551 1649 2114 2280 2315 2387 2418
1707 187 246 407 446 542 820 897 917 940 1008 1274 1281 1342 1366 1373 1429 1807 1874 1932 2193
1708 4 294 330 340 532 686 702 733 755 846 1216 1250 1500 1651 1812 1822 1862 2158 2251 2308 2358 2411 2413 2480
1709 36 73 235 250 499 503 705 731 883 924 1032 1089 1167 1252 1291 1367 1449 1681 1786 1861 1877 1883 1916 1977 2194 2294 2413 2462 2483
1710 296 345 351 375 430 462 550 569 595 642 838 926 1211 1462 1838 2026 2050 2087 2134 2157 2226 2315 2413
1711 379 436 541 642 651 694 704 845 849 861 1213 1247 1333 1515 1605 1796 1938 1965 2036 2100 2193 2297 2316
1712 71 320 367 498 604 634 703 869 938 1015 1022 1186 1278 1281 1445 1732 1903 2055 2128 2309 2393
1713 87 285 351 411 426 491 620 699 810 893 990 1048 1144 1262 1284 1768 1829 1899 1948 1961 2058 2303
1714 53 146 194 215 230 435 495 572 668 679 765 777 783 827 859 1085 1187 1211 1242 1267 1329 1349 1411 1428 1536 1598 1858 1879 1883 1884 1885 2009 2167 2264
1715 1 182 213 222 227 674 877 1004 1249 1387 1449 1667 1673 1730 1806 1898 1930 2074 2111 2166 2203 2471 2489
1716 92 202 222 360 424 444 448 478 511 601 626 714 771 814 853 874 886 891 934 1072 1252 1301 1401 1456 1509 1574 1705 1866 1899 1911 1978 1994 2013 2173 2186 2307 2493
1717 122 124 132 183 210 265 305 331 358 375 439 498 650 738 748 760 983 1220 1351 1382 1485 1563 1801 1812 2058 2126 2151 2307 2402 2415
1718 75 99 170 218 275 295 420 488 637 792 800 915 1033 1084 1085 1131 1243 1261 1269 1480 1552 1789 1803 2078 2247 2349 2357 2439
1719 189 209 463 469 550 625 730 783 816 825 828 904 932 977 978 1123 1171 1409 1672 1674 1863 1867 1870 1959 2343 2374 2377 2401 2406 2426
1720 69 157 201 353 479 628 689 746 971 1056 1193 1202 1299 1390 1497 1564 1577 1624 1673 1751 1756 2019 2107 2307 2424 2443 2480 2498
1721 25 145 219 322 425 849 855 1367 1503 1542 1574 1756 1858 1890 1936 2039 2102 2177 2184 2255 2345 2417
1722 117 148 165 355 447 570 646 721 833 870 1010 1243 1311 1694 1855 1967 2002 2283 2344 2411
1723 47 101 163 224 339 434 620 645 648 742 771 972 980 1123 1135 1151 1312 1481 1662 1946 2094 2233 2254 2461 2482
1724 91 194 260 358 458 565 600 652 770 927 990 1034 1059 1109 1174 1193 1231 1564 1591 1640 1751 1866 1867 1919 2003 2071 2109 2266 2451
1725 132 194 265 281 684 764 779 809 826 868 921 1031 1225 1635 1694 1805 1857 1990 2033 2076 2370 2384 2406 2428
1726 104 170 433 499 524 598 628 686 878 1017 1021 1112 1243 1359 1377 1445 1586 1812 2008 2157 2248 2271 2388 2397 2425 2465
1727 134 166 218 359 365 522 684 777 866 904 911 969 990 1009 1021 1055 1109 1271 1370 1423 1465 1492 1510 1529 1530 1565 1584 1664 1781 1957 2179 2485
1728 64 262 364 402 480 814 825 893 979 1016 1051 1196 1433 1470 1479 1623 1693 1808 1893 1906 2008 2205 2286 2355 2479
1729 0 34 160 232 306 310 338 455 610 667 741 780 844 890 1267 1340 1366 1466 1482 2189 2215 2341
1730 170 222 228 236 248 296 376 468 563 656 702 723 732 908 1503 1704 1715 1825 1852 1978 2049 2288 2385
1731 20 62 176 316 331 643 788 867 895 1339 1429 1614 1775 1874 1933 1967 2015 2119 2318 2369
1732 19 64 375 465 802 859 1098 1206 1215 1454 1490 1506 1586 1613 1712 1753 1758 1811 1990 1999 2054 2193 2200 2237 2345
1733 2 195 217 241 286 448 654 655 703 704 846 999 1017 1067 1119 1146 1277 1292 1321 1438 1516 1562 1645 1771 1865 2057 2067 2262 2338 2380
1734 107 146 163 219 232 315 423 430 445 584 616 648 650 788 797 1103 1186 1198 1297 1353 1696 1824 1950 2001 2057 2068 2245 2446
1735 118 132 137 159 339 499 507 638 681 824 917 987 1173 1378 1383 1416 1420 1515 1593 1688 1800 1901 2037 2115 2165 2221 2463 2475
1736 88 252 383 390 413 889 927 995 1282 1409 1418 1461 1480 1578 1622 1687 2007 2063 2073 2096 2220 2366
1737 28 38 66 72 292 467 518 549 577 585 883 905 1451 1460 1507 1577 1767 1848 1925 1940 2131 2170 2283 2293 2302 2308 2319 2320
1738 219 434 548 606 678 698 815 881 976 1035 1326 1327 1330 1361 1473 1498 1654 1798 1899 2021 2158 2415
1739 39 70 98 122 312 374 639 760 796 964 1210 1366 1513 1636 1841 1890 1915 1917 1957 1971 2033 2037 2136 2171 2307 2341
1740 201 225 266 297 326 390 484 495 548 631 744 862 917 918 937 1140 1205 1630 2034 2160 2407 2411 2489
1741 20 188 325 457 546 556 636 1213 1258 1461 1521 1560 1594 1633 1642 1699 1766 1993 1995 2013 2015 2232 2241 2417 2477
1742 16 26 40 67 193 362 605 779 829 892 924 1105 1140 1161 1186 1297 1377 1379 1439 1470 1769 1817 1826 1960 2174 2361 2366 2403 2456
1743 30 99 121 252 277 337 349 374 507 516 596 605 632 819 888 1220 1249 1431 1502 1632 2048 2226 2390 2391 2408
1744 74 78 229 234 382 404 473 495 498 510 635 739 873 1184 1532 1544 1590 1624 1690 1860 2046 2057 2060 2066 2184 2383 2425
1745 245 526 579 595 649 702 787 788 898 907 909 999 1009 1026 1122 1479 1691 1882 1930 2002 2181 2199 2213 2278 2304 2496
1746 168 263 346 373 478 517 768 815 902 1002 1076 1176 1256 1459 1628 1874 1903 1979 2013 2072 2134 2155 2191 2423
1747 143 323 395 558 566 567 648 893 966 1069 1078 1161 1191 1251 1258 1392 1578 1973 2252 2304 2355 2412
1748 36 41 125 159 296 384 627 637 745 832 934 1095 1103 1583 1592 1626 1633 1646 1897 2009 2010 2108 2413
1749 134 209 256 313 477 1008 1074 1222 1241 1255 1467 1758 1804 1830 1884 1995 2045 2072 2325 2344 2448
1750 73 77 170 381 446 458 843 882 928 963 1141 1249 1261 1417 1484 1588 1601 1772 1833 1896 2096 2149 2217 2267 2323 2344 2462 2493
1751 20 185 327 431 472 729 760 858 866 890 941 957 998 1055 1089 1190 1379 1393 1403 1490 1546 1594 1720 1724 1811 1816 1852 1933 1957 2028 2128 2146 2328 2332 2424
1752 112 151 184 449 620 635 660 661 734 875 889 963 1036 1065 1093 1178 1411 1419 1506 1521 1568 1641 1813 1889 1908 1968
1753 134 179 198 217 270 301 345 433 468 671 726 745 1126 1136 1171 1393 1426 1453 1540 1649 1689 1732 1996 2124 2139 2205 2347
1754 49 90 114 119 195 505 689 905 914 966 1092 1317 1501 1584 1616 1774 2000 2076 2099 2136 2361
1755 106 238 285 609 647 1010 1019 1138 1222 1497 1650 1787 1810 2222 2449
1756 45 54 122 354 501 700 830 847 943 955 1185 1245 1256 1318 1371 1473 1551 1581 1653 1720 1721 1852 1929 2136 2152 2219 2279 2326 2424
1757 150 158 173 278 310 574 588 601 685 722 735 807 1044 1103 1231 1249 1252 1512 1544 1575 1823 2216 2225 2412 2422 2447 2498
1758 236 257 357 474 637 727 767 781 911 915 1087 1241 1260 1392 1585 1732 1749 1893 1908 1930 1982 2122
1759 88 103 247 285 343 515 572 604 718 844 889 921 968 983 995 1300 1309 1320 1327 1437 1771 1870 2013 2102 2305 2345 2357
1760 12 118 223 300 345 452 505 517 565 591 628 718 742 811 852 869 1047 1107 1228 1329 1634 1942 2025 2085 2098 2128 2200 2332 2378 2412
1761 60 215 312 573 672 695 742 756 793 921 1008 1016 1195 1346 1533 1620 1700 1924 1969 2168 2296
1762 246 370 635 652 669 680 762 764 821 1023 1082 1179 1199 1395 1433 1558 1647 1951 2213 2247 2348
1763 77 169 263 315 420 708 861 987 1170 1264 1378 1385 1471 1657 1810 1828 1903 2091 2098 2199 2286 2303 2452 2486
1764 6 154 326 621 662 708 840 914 923 1045 1057 1298 1458 1480 1493 1671 1850 1879 1886 2294 2410
1765 14 102 363 546 626 850 876 1079 1373 1394 1457 1543 1668 1672 1820 1874 1927 1967 2060 2069 2174 2208 2274 2352 2401
1766 151 182 400 663 924 963 1032 1053 1057 1180 1215 1291 1292 1342 1354 1741 1852 1927 1969 2101 2137 2231 2295 2396 2433
1767 49 432 483 662 696 739 839 921 1000 1031 1146 1347 1422 1444 1448 1663 1737 1797 1940 2190 2301 2313 2323
1768 51 135 147 346 395 463 660 819 832 887 976 1004 1074 1333 1386 1438 1460 1566 1594 1713 1862 1908 1964 2015 2049 2192 2220 2224 2296 2355 2362
1769 204 352 473 579 656 715 735 754 934 1063 1079 1184 1257 1332 1597 1673 1742 1825 1848 1859 2091 2112 2197 2203
1770 14 285 287 329 398 408 517 539 605 639 668 690 1236 1367 1383 1393 1583 1664 1703 1848 2105 2114 2284 2311 2385
1771 49 57 100 112 281 347 537 629 693 1279 1390 1413 1470 1474 1507 1733 1759 1881 2088 2091 2135 2237 2238
1772 93 280 324 459 479 534 576 596 727 740 989 1158 1380 1501 1586 1750 1780 1781 1881 1923 1927 1985 2166 2225 2241 2340 2382
1773 65 214 231 273 298 341 656 738 959 1059 1199 1296 1426 1434 1462 1468 1574 1623 1781 1985 2104 2208
1774 73 214 280 348 550 558 705 713 847 964 1111 1197 1264 1352 1393 1492 1515 1664 1754 1785 1888 1951 1963 2198
1775 54 95 556 593 633 699 799 1024 1421 1467 1518 1523 1698 1731 1959 2033 2251 2320 2408
1776 103 336 387 445 564 575 592 650 689 695 793 831 930 1031 1062 1069 1111 1123 1150 1233 1812 1949 2022 2153 2378 2415 2464 2468
1777 121 369 532 646 690 932 1026 1064 1141 1328 1434 1453 1484 1515 1571 1637 1931 1979 1987 2055 2298
1778 68 113 224 328 368 415 600 718 1002 1106 1126 1145 1162 1202 1467 1588 1607 2075 2116 2118 2319 2380 2397 2404
1779 3 366 614 633 691 881 884 969 1042 1642 2095 2311
1780 249 260 354 364 405 571 635 720 921 942 998 1004 1517 1524 1772 2027 2153 2212 2413 2486 2492
1781 39 106 146 187 373 384 407 433 590 648 763 775 823 890 1398 1402 1490 1498 1654 1727 1772 1773 1820 1847 2049 2218 2427
1782 50 166 214 280 675 699 726 829 1275 1419 1440 1501 2037 2071 2106 2200 2260
1783 85 291 366 684 873 875 882 990 1003 1038 1068 1074 1098 1315 1397 1420 1431 1437 1695 1986 2025 2163 2241 2396
1784 150 257 391 407 498 640 643 741 963 1041 1272 1423 1529 1610 1703 1882 1987 2035 2063 2156 2488
1785 22 35 281 315 475 535 629 635 710 712 792 975 1261 1329 1555 1578 1774 1903 2022 2061 2173 2264 2329 2489
1786 19 94 124 168 402 434 505 540 680 736 753 825 1228 1236 1253 1283 1594 1608 1655 1709 1848 1851 2086 2286 2331 2492
1787 26 122 388 474 550 601 615 634 635 817 827 1036 1052 1184 1308 1437 1548 1603 1701 1755 1860 1949 2044 2061 2162 2208 2228 2372 2383 2399
1788 104 493 545 773 901 905 907 948 954 1051 1335 1404 1480 1536 1608 1815 2027 2189
1789 110 111 119 130 286 296 317 370 564 752 939 1216 1407 1660 1718 1818 1945 2152 2268 2305 2366
1790 41 74 96 262 268 299 393 452 465 476 587 641 686 720 851 1051 1319 1431 1606 1798 1867 2019 2059 2080 2147 2207 2416
1791 64 163 181 283 287 299 333 546 587 664 749 923 940 1066 1171 1389 1432 1478 1517 1560 1686 2174 2199
1792 25 29 375 619 673 683 737 833 1126 1131 1151 1292 1400 1669 1698 1813 1909 2152
1793 19 26 109 187 252 271 436 438 467 577 580 707 716 727 1058 1356 1606 1649 2209 2258 2263 2285 2297 2372 2465
1794 89 119 124 202 302 401 449 457 607 862 1108 1319 1350 1639 1825 1965 2007 2169 2174 2204 2331 2358 2415
1795 18 77 118 134 143 171 289 412 717 795 935 971 980 1080 1128 1248 1631 1686 1806 1955 1960 2084 2162 2305 2309 2318 2385 2427 2445 2478
1796 420 451 616 810 904 917 968 1038 1098 1213 1389 1408 1418 1496 1520 1592 1711 1861 2063 2116 2252 2270 2446
1797 268 278 456 551 678 942 1179 1238 1309 1332 1402 1420 1633 1767 1838 1842 1851 1991 2178
1798 67 97 608 612 740 797 922 1016 1186 1506 1623 1690 1694 1738 1790 1801 1809 1823 1967 2280 2298 2300 2460 2487 2489
1799 95 215 236 248 271 318 440 458 688 897 1022 1258 1327 1474 1515 1864 1888 1894 2007 2073 2125 2161 2352 2467
1800 15 38 197 529 531 591 985 997 1018 1038 1179 1182 1184 1284 1409 1619 1680 1735 1833 1839 1911 1955 2109 2240 2283 2293
1801 15 33 55 126 325 435 461 555 761 790 806 962 1111 1148 1165 1205 1214 1284 1294 1320 1374 1402 1509 1657 1717 1798 1997 2000 2079 2099 2185 2267 2418 2421
1802 93 396 429 444 746 831 847 863 960 1320 1582 1836 1856 2233 2305 2312
1803 86 287 336 347 380 403 481 581 612 643 800 902 917 925 1097 1176 1422 1523 1620 1641 1654 1670 1718 1831 1837 2172 2322 2370 2451
1804 275 392 467 517 563 725 779 956 975 1087 1305 1483 1487 1611 1629 1647 1653 1749 1848 1906 1957 1962 2000 2084 2226 2230 2283 2301 2365 2453 2469
1805 29 241 255 330 344 436 438 552 587 660 697 843 1019 1074 1190 1424 1501 1535 1614 1725 1915 1938 1998 2072 2081 2110 2231 2235 2462
1806 11 90 165 271 345 462 520 551 593 876 897 1028 1043 1251 1408 1537 1715 1795 1977 2015 2066 2267 2293
1807 93 117 332 343 379 468 501 560 638 677 1030 1244 1393 1550 1551 1563 1707 1890 1905 2262 2329 2351
1808 85 118 125 265 352 558 580 902 986 1149 1400 1728 1846 1847 2148 2434 2472 2480
1809 0 5 60 87 262 362 599 686 748 932 952 987 1053 1069 1160 1164 1208 1521 1534 1798 1840 1872 1928 1956 1982 2295 2314 2329 2385 2449 2477
1810 168 194 434 467 666 693 697 731 1354 1470 1480 1529 1537 1566 1755 1763 1892 2322 2326 2335
1811 20 241 339 474 569 577 741 929 1144 1157 1180 1200 1357 1361 1490 1528 1555 1732 1751 1876 1882 1895 1915 2136 2269 2277 2357
1812 188 236 245 295 375 619 696 761 828 843 986 1015 1120 1304 1333 1340 1374 1379 1444 1452 1526 1546 1603 1653 1667 1708 1717 1726 1776 1827 1895 1989 1990 2008 2153 2174 2315 2328 2341 2346
1813 96 109 176 350 429 601 678 830 882 909 1046 1153 1196 1298 1348 1625 1752 1792 1820 1960 2168 2388 2463
1814 300 338 404 523 571 724 801 1016 1098 1103 1202 1694 2064 2116
1815 131 357 472 493 656 729 746 758 847 981 982 983 1039 1043 1413 1480 1526 1537 1623 1678 1788 1831 1877 1977 2139 2147 2149
1816 199 459 520 579 599 753 774 852 919 962 1212 1287 1342 1438 1751 1917 2080 2141 2158 2162 2272 2339
1817 118 170 247 331 629 750 795 849 852 1068 1262 1302 1312 1364 1565 1742 1978 2102 2357 2378 2433
1818 117 158 190 205 218 243 369 688 827 842 846 1097 1146 1241 1277 1284 1460 1618 1619 1655 1789 1870 1972 2157 2216 2499
1819 37 67 113 140 242 405 431 534 600 606 936 1147 1339 1446 1478 1515 1549 1561 1661 1877 1888 1895 1914 1939 1960 1991 2062 2194 2292 2368 2426
1820 106 122 224 248 660 768 883 1371 1374 1404 1544 1664 1686 1765 1781 1813 1865 2007 2014 2044 2123 2179 2210 2259 2300 2330 2408 2416 2481
1821 125 237 358 506 530 557 668 728 748 829 864 872 931 1060 1105 1117 1191 1194 1217 1223 1245 1297 1444 1535 1615 1839 1867 1881 1882 1896 1898 2071 2134 2304
1822 245 257 270 308 700 807 965 1061 1198 1423 1497 1517 1685 1691 1708 2003 2042 2139 2160 2165 2212 2369
1823 117 132 173 223 283 380 619 661 682 736 850 1083 1088 1119 1170 1175 1252 1347 1417 1524 1757 1798 1848 2006 2069 2367 2401 2491
1824 25 43 105 135 220 224 585 603 682 702 763 801 850 923 984 1014 1155 1190 1291 1488 1734 1906 1915 1919 2096 2110 2233
1825 75 83 126 519 528 1065 1081 1129 1206 1365 1434 1435 1458 1583 1730 1769 1794 1887 1960 2035 2271 2305
1826 32 288 435 453 614 638 677 725 863 942 956 1129 1212 1254 1265 1271 1323 1350 1406 1742 1841 1939 1967 1970 1998 2037 2281
1827 115 189 370 415 502 592 627 741 795 874 933 1027 1616 1812 1864 1955 2032 2122 2423 2482 2496
1828 44 110 320 362 441 516 581 661 771 796 853 868 1096 1268 1305 1311 1404 1524 1611 1659 1763 1884 2397 2427
1829 204 460 504 528 531 586 599 662 686 794 871 951 965 1119 1481 1713 1914 1920 2164 2262
1830 80 166 222 297 369 434 626 645 802 992 1045 1399 1521 1749 1926 2160 2440
1831 56 264 275 548 612 855 875 882 927 986 993 1052 1145 1328 1366 1468 1482 1535 1641 1649 1673 1803 1815 1970 2141 2200 2239 2246 2401 2406 2419 2440
1832 211 303 366 594 680 718 805 838 848 901 1257 1431 1448 1463 1474 1534 1624 1837 1868 2136 2423
1833 37 292 326 450 662 671 685 688 819 1139 1198 1277 1278 1362 1385 1475 1505 1509 1644 1690 1750 1800 1870 1902 1921 1922 2023 2100 2142 2198 2401 2421 2433
1834 5 45 130 228 414 529 857 976 981 1022 1175 1207 1237 1241 1350 1384 2101 2344 2447
1835 93 464 483 564 727 769 810 921 968 1161 1173 1241 1311 1349 1438 1450 1652 2148 2273
1836 58 89 168 264 337 424 458 469 476 485 787 981 1173 1263 1350 1457 1802 1845 1931 2087 2203 2217 2244 2483
1837 148 236 315 569 726 729 939 977 1226 1228 1248 1300 1362 1607 1647 1803 1832 1886 2061 2084 2115 2183 2423 2465 2486 2499
1838 136 236 353 395 409 553 665 675 796 1105 1156 1338 1418 1426 1431 1586 1703 1710 1797 1856 2021 2088 2104 2264 2277
1839 24 216 380 423 540 678 686 898 957 1032 1101 1253 1496 1600 1606 1623 1800 1821 1853 1867 1895 1903 1996 2114 2152 2166 2251
1840 48 267 304 333 337 463 529 628 804 1093 1409 1460 1476 1501 1580 1617 1673 1683 1704 1809 1963 2111 2114 2157 2260 2303 2336 2366 2476
1841 18 46 69 87 171 303 498 559 710 721 946 1157 1187 1223 1393 1422 1423 1645 1647 1704 1739 1826 1995 2048 2057 2105 2138 2297 2435 2436
1842 101 102 143 175 320 361 441 757 886 966 1206 1324 1393 1404 1483 1580 1645 1797 1927 1951 2017 2146 2225
1843 65 272 496 753 1176 1216 1301 1423 1430 1463 2187 2266 2310
1844 145 168 244 259 302 337 633 644 672 683 979 1110 1138 1243 1415 1493 1520 1539 1889 1918 2122 2123 2154 2376 2390
1845 4 32 233 491 517 528 748 808 851 921 1001 1151 1173 1278 1396 1440 1446 1457 1836 2263 2291 2305 2310 2381 2446 2477
1846 158 295 347 385 452 645 684 701 738 871 1022 1122 1168 1280 1359 1433 1558 1583 1624 1651 1808 2183 2238 2269 2296 2305 2359 2444
1847 86 92 248 302 311 362 444 484 709 864 923 953 1007 1040 1114 1145 1246 1267 1344 1406 1421 1459 1781 1808 2044 2339 2342 2400 2442 2492
1848 157 256 277 291 445 555 671 711 716 737 835 870 883 920 1004 1072 1082 1221 1265 1343 1588 1737 1769 1770 1786 1804 1823 2225 2252 2268 2314 2326 2364 2458
1849 13 172 187 242 308 599 603 991 1029 1050 1175 1485 1540 1675 1685 1939 1949 2005 2044 2072 2112 2130 2226 2436 2489
1850 42 202 254 359 445 597 770 807 902 973 1162 1303 1339 1375 1405 1604 1764 1871 1940 2065 2145 2222 2391 2398
1851 138 237 250 548 584 629 747 837 976 1108 1114 1183 1200 1307 1383 1429 1433 1493 1510 1575 1587 1786 1797 1947 2217 2402
1852 52 55 115 345 395 510 528 696 751 779 962 1287 1334 1467 1607 1730 1751 1756 1766 1927 2017 2048 2075 2141 2350 2474
1853 2 55 321 480 565 634 946 1005 1135 1312 1409 1418 1574 1681 1839 1896 1899 1944 2040 2123 2414
1854 90 164 308 341 522 874 899 926 1018 1021 1362 1391 1545 1898 2159 2235 2316 2351 2358 2378
1855 261 287 511 816 849 1115 1226 1287 1352 1384 1505 1540 1597 1619 1669 1675 1722 2130 2199 2237 2264 2349 2384 2446 2463
1856 63 355 387 533 546 558 581 713 726 992 1016 1145 1157 1197 1201 1297 1390 1435 1516 1697 1802 1838 1907 1936 2002 2012 2206 2267 2274 2300 2347 2399 2417 2425
1857 39 239 312 340 589 605 699 713 758 941 974 1530 1569 1637 1725 2182 2193 2399
1858 9 24 74 489 622 626 683 684 787 858 913 1010 1051 1084 1109 1297 1359 1373 1430 1645 1714 1721 1885 2005 2056 2124 2151 2171 2210 2454
1859 121 172 209 272 297 407 769 931 967 1025 1095 1220 1450 1459 1500 1624 1669 1683 1769 1974 2043 2092 2101 2170 2223 2231 2345 2379 2472
1860 122 236 366 382 446 478 564 617 731 932 944 1120 1269 1411 1526 1548 1568 1744 1787 2037 2128 2129 2182 2249
1861 212 342 345 483 496 557 642 727 868 1056 1192 1220 1284 1297 1316 1411 1475 1506 1574 1593 1633 1666 1709 1796 1922 1966 2271 2386 2402 2433 2436 2449 2460
1862 272 447 500 542 758 840 851 972 1055 1100 1130 1276 1295 1708 1768 1978 2067 2101 2104 2165 2168 2430 2450 2476
1863 8 251 333 383 486 561 625 697 831 839 937 1019 1129 1147 1305 1334 1432 1519 1719 1963 1983 2027 2051 2069 2138 2185 2258 2327 2465
1864 37 49 120 206 247 307 464 531 552 618 675 766 858 866 940 973 1014 1016 1081 1168 1251 1355 1410 1432 1536 1583 1799 1827 1869 1921 2044 2065 2113 2240 2392 2448 2494
1865 35 139 306 383 769 875 1176 1216 1309 1374 1416 1654 1676 1733 1820 1882 1911 2005 2128 2143 2435
1866 362 483 485 565 589 680 809 873 948 1027 1087 1170 1262 1317 1503 1612 1643 1716 1724 1953 1992 2105 2152 2294
1867 40 127 198 218 263 655 784 1050 1142 1189 1214 1293 1294 1370 1397 1427 1530 1566 1704 1719 1724 1790 1821 1839 1878 2033 2041 2043 2058 2063 2071 2187 2232 2479
1868 88 329 498 535 556 685 767 825 840 909 999 1001 1120 1307 1316 1355 1516 1832 1887 1999 2001 2054 2218 2348
1869 205 234 239 246 247 447 448 571 622 680 1011 1060 1170 1260 1436 1567 1664 1667 1685 1864 1902 2160 2215 2220 2391
1870 11 21 53 131 271 356 508 783 846 862 1008 1035 1064 1130 1165 1354 1378 1476 1478 1563 1570 1653 1719 1759 1818 1833 1920 1930 2085
1871 72 117 130 132 163 232 289 309 399 484 589 756 847 889 1127 1129 1181 1261 1281 1593 1700 1703 1850 1928 1959 2051 2101 2196 2270 2490
1872 305 313 424 440 456 578 624 627 656 674 947 1089 1108 1126 1272 1420 1527 1651 1809 1885 2025 2150 2169 2224 2248 2452 2474
1873 7 147 276 316 609 710 737 940 1025 1033 1139 1451 1460 1611 1686 1693 1981 1990 2011 2069 2074 2478
1874 10 101 113 166 202 250 292 296 310 353 446 658 718 828 917 921 922 930 950 1377 1431 1475 1506 1562 1603 1707 1731 1746 1765 1914 2087 2091 2186 2300 2440 2479
1875 20 152 166 288 358 371 462 578 853 854 890 895 1065 1090 1098 1154 1197 1245 1487 1588 1701 1947 2082 2099 2194 2226 2388
1876 162 181 341 356 358 483 542 561 564 573 672 724 950 971 1056 1338 1394 1811 2072 2101 2156 2186 2213 2406 2424 2453 2473
1877 137 186 321 522 557 735 1020 1213 1346 1508 1630 1709 1815 1819 1908 1911 1923 1941 1989 2142 2222 2234
1878 72 178 977 979 986 1003 1131 1412 1472 1502 1542 1599 1867 2055 2080 2185 2199 2219 2278 2419
1879 117 321 564 690 741 763 794 853 860 868 1030 1169 1229 1270 1314 1535 1562 1600 1714 1764 1880 1902 1949 1965 2129 2290 2291 2325 2330 2499
1880 231 245 262 268 308 481 708 1012 1055 1139 1242 1606 1879 1936 2128 2245 2283
1881 10 204 347 384 674 690 741 774 783 802 840 950 1269 1294 1698 1771 1772 1821 2180 2189 2213 2491
1882 104 141 169 230 235 352 565 854 920 1013 1054 1202 1407 1526 1563 1695 1745 1784 1811 1821 1865 2016 2029 2233 2331 2416 2421
1883 106 287 524 705 710 726 828 1349 1367 1368 1428 1432 1486 1512 1709 1714 1889 1925 1928 1996 2098 2124 2143 2148 2198 2315 2355 2370
1884 109 110 127 162 177 280 414 618 651 801 1025 1190 1291 1296 1345 1419 1496 1512 1637 1714 1749 1828 2063 2401 2444 2452 2466 2469
1885 12 127 398 444 654 670 931 964 982 1121 1125 1252 1312 1370 1646 1694 1714 1858 1872 1912 2076 2094 2121 2125 2176 2256 2280 2312 2349 2437 2443 2446
1886 317 355 366 516 589 597 629 640 662 687 887 1181 1218 1288 1464 1525 1547 1601 1639 1640 1669 1764 1837 1951 2098 2152 2286 2423
1887 373 398 418 572 589 722 963 1038 1190 1226 1335 1404 1581 1607 1697 1825 1868 2009 2044 2161 2272 2369 2440
1888 48 146 665 679 680 782 1038 1101 1125 1138 1194 1272 1285 1291 1379 1477 1581 1603 1617 1774 1799 1819 2007 2073 2074
1889 49 118 162 337 549 556 602 615 645 706 883 925 1014 1079 1084 1111 1144 1189 1274 1752 1844 1883 1900 2261 2356 2486
1890 111 153 435 823 866 1035 1055 1199 1263 1327 1354 1390 1602 1695 1721 1739 1807 1894 1974 2190 2217 2235
1891 13 83 89 106 132 236 276 413 417 582 741 1073 1288 1396 1515 1655 1892 1908 1920 1987 2114 2227 2405 2461 2489
1892 234 792 857 889 914 1098 1140 1199 1219 1224 1533 1651 1810 1891 2020 2046 2203 2390
1893 10 177 269 341 1106 1482 1542 1641 1728 1758 1902 1987 2064 2109 2157 2346
1894 57 73 145 481 628 888 1061 1311 1430 1649 1799 1890 2148 2173 2196 2269 2319
1895 111 146 240 381 501 508 579 831 913 918 1054 1134 1148 1196 1346 1480 1501 1514 1592 1811 1812 1819 1839 1951 2224 2246 2420 2451
1896 110 267 401 595 611 789 803 813 874 1017 1022 1392 1750 1821 1853 1906 1954 2012 2417
1897 49 250 257 341 417 524 629 850 865 885 889 932 985 1022 1042 1045 1077 1448 1492 1511 1574 1705 1748 2044 2045 2048 2126 2399
1898 31 178 179 287 293 675 742 912 1003 1033 1072 1108 1315 1412 1427 1431 1511 1715 1821 1854 2163 2197 2233 2264 2289 2337 2432
1899 5 109 147 578 810 876 989 1039 1317 1374 1379 1713 1716 1738 1853 2007 2136 2159 2185 2222 2305 2355
1900 78 87 127 167 202 235 286 300 477 478 520 522 616 661 707 786 1137 1248 1450 1534 1889 1907 1945 1968 2037 2064 2073 2099 2116 2174 2265 2409 2432 2436
1901 34 62 197 254 284 388 398 579 627 654 798 846 1076 1113 1184 1193 1323 1383 1599 1659 1735 1981 2091 2136 2162 2357
1902 52 134 226 299 636 753 815 819 868 1026 1078 1114 1163 1360 1368 1444 1490 1620 1651 1674 1833 1869 1879 1893 2077 2111 2267 2321 2341
1903 904 1008 1014 1035 1232 1388 1541 1558 1593 1607 1624 1712 1746 1763 1785 1839 2129 2245 2297 2315 2321 2499
1904 39 71 78 134 300 363 820 985 1001 1271 1370 2017 2150 2185 2214 2259 2274 2339 2400 2416
1905 248 258 264 329 358 374 817 856 862 897 930 1059 1094 1288 1807 2058 2420 2441 2484
1906 96 161 257 290 318 387 388 459 495 747 863 888 923 941 1100 1177 1266 1271 1295 1314 1327 1452 1485 1621 1728 1804 1824 1896 2031 2047 2052 2056 2239 2324 2431 2458 2469 2499
1907 65 165 187 335 369 405 690 730 745 851 888 1045 1058 1133 1391 1462 1665 1856 1900 1947 1951 2004 2054 2101 2220 2265 2376 2455 2489
1908 108 222 253 274 279 343 465 842 904 954 997 1013 1049 1140 1195 1267 1323 1391 1455 1593 1752 1758 1768 1877 1891 1974 1980
1909 263 428 443 473 532 724 833 870 882 945 986 1053 1237 1326 1516 1531 1545 1577 1646 1792 1978 1981 2067 2147 2482
1910 211 234 390 468 711 869 1620 1921 1962 2183 2280 2284 2368 2403 2458
1911 19 87 220 259 337 479 654 735 916 1115 1145 1190 1191 1196 1205 1214 1312 1378 1409 1494 1555 1557 1584 1649 1716 1800 1865 1877 1931 1959 1969 2026 2032 2335
1912 127 165 374 434 563 648 759 772 974 995 1011 1037 1233 1238 1259 1382 1482 1885 1921 1936 1969 2005 2009 2097 2290 2405 2470
1913 121 308 319 769 770 811 959 1027 1080 1244 1304 1307 1344 1401 1469 1484 1513 1520 1623 2018 2041 2145 2161 2204 2303 2311 2422
1914 89 135 246 605 656 739 828 861 975 1141 1223 1234 1385 1562 1819 1829 1874 1988 2018 2035 2081 2166 2211 2270
1915 115 190 235 305 323 678 1268 1274 1361 1367 1381 1543 1548 1693 1739 1805 1811 1824 1946 1998 2109 2135 2394 2429
1916 150 237 244 258 288 390 394 419 495 582 854 931 1080 1211 1216 1452 1709 2016 2096 2111 2157 2252 2288 2291 2312 2490
1917 42 50 180 256 417 479 643 724 1321 1347 1408 1412 1449 1503 1651 1739 1816 1926 2033 2058 2062 2282 2296 2362 2368 2403
1918 176 177 219 226 253 388 411 512 534 607 665 703 746 924 1041 1150 1203 1330 1339 1352 1435 1570 1844 2064 2127 2234 2293 2297 2447 2476 2491
1919 6 20 223 247 369 445 447 467 670 695 752 886 976 995 1052 1061 1091 1277 1326 1329 1458 1704 1724 1824 2077 2114 2133 2235 2299 2370 2402 2493
1920 13 27 82 118 125 146 315 591 1036 1068 1237 1356 1383 1479 1507 1554 1561 1571 1579 1829 1870 1891 2043
1921 317 319 355 393 471 544 584 712 719 765 888 922 939 1166 1433 1563 1833 1864 1910 1912 1967 2027 2087 2126 2164 2172 2186 2257 2271 2392
1922 95 186 235 332 351 370 471 647 681 691 862 962 1029 1050 1236 1242 1307 1512 1556 1592 1833 1861 2126 2210 2321 2410 2454
1923 122 133 155 302 372 494 713 751 781 843 878 894 1687 1772 1877 2259 2384 2456
1924 233 341 395 514 518 719 802 816 986 1217 1287 1334 1529 1664 1692 1761 1946 2054 2147 2149 2156 2348 2375 2491
1925 15 408 484 521 806 855 1001 1012 1099 1145 1303 1421 1659 1737 1883 2185 2227 2277 2345 2355 2407 2436
1926 211 503 552 580 756 919 976 1157 1319 1419 1431 1441 1496 1522 1533 1622 1688 1830 1917 2013 2086 2133 2154 2484 2495
1927 10 28 34 59 218 234 414 454 559 565 622 672 687 826 843 891 910 940 949 1191 1252 1292 1345 1683 1765 1766 1772 1842 1852 1930 1983 1985 2213 2341 2353 2394 2415 2486
1928 9 152 183 276 304 508 695 810 1009 1103 1154 1198 1492 1809 1871 1883 2131 2211 2216 2287 2357 2383 2398 2474 2488
1929 0 96 100 131 189 223 307 393 497 514 525 572 579 613 688 694 713 985 987 1003 1096 1165 1175 1179 1459 1635 1756 1996 2314 2344 2378 2395 2434 2450
1930 80 576 628 662 968 1034 1130 1195 1261 1456 1470 1556 1615 1704 1715 1745 1758 1870 1927 2109 2223 2259
1931 99 248 259 521 533 591 641 757 763 914 973 995 1119 1179 1219 1235 1256 1263 1285 1330 1466 1617 1618 1655 1696 1777 1836 1911 2143 2192 2222 2267 2275 2362 2372 2398 2484
1932 172 228 262 418 430 432 440 558 632 733 767 854 1079 1132 1152 1229 1256 1274 1341 1395 1398 1489 1597 1707 1960 1989 2334 2433 2479 2487
1933 26 97 248 311 324 393 576 632 729 830 1008 1208 1249 1321 1353 1493 1590 1592 1616 1731 1751 2082 2221 2355 2443
1934 52 154 215 229 321 421 515 856 924 1044 1202 1310 1473 1970 2416
1935 29 258 288 412 499 638 902 1093 1112 1128 1207 1237 1275 1341 2261 2469
1936 150 384 398 410 441 738 760 787 916 969 1036 1067 1247 1443 1502 1529 1535 1561 1672 1721 1856 1880 1912 1983 2054 2185 2247 2249 2372 2443
1937 1 133 182 765 821 837 851 891 917 980 1103 1178 1211 1248 1311 1630 1653 1680 2141 2149 2285 2410
1938 59 307 488 559 605 687 729 748 784 787 830 836 996 1001 1104 1222 1320 1599 1618 1623 1703 1704 1711 1805 1968 2036 2202 2351
1939 24 122 206 489 538 561 763 779 973 1280 1292 1371 1482 1564 1584 1648 1819 1826 1849 2361 2452 2472
1940 68 155 244 382 631 781 782 831 838 1043 1411 1424 1448 1482 1546 1737 1767 1850 2017 2026 2077 2153
1941 253 361 474 580 789 825 872 1081 1191 1279 1389 1426 1492 1877 2276 2338
1942 202 234 350 410 519 678 791 795 988 1091 1133 1193 1316 1337 1451 1477 1581 1657 1760 2033 2124 2175 2258 2289 2421 2441
1943 47 142 150 232 295 311 451 471 575 647 729 803 841 925 981 1074 1116 1156 1204 1354 1410 1433 1471 1503 1567 1622 1662 2086 2122 2155 2208 2274 2448
1944 37 86 145 207 262 348 357 434 439 632 1044 1188 1339 1351 1355 1392 1405 1556 1587 1619 1672 1696 1853 1966 2072 2143 2191 2383 2417
1945 24 130 133 172 203 554 641 669 971 987 1062 1070 1239 1380 1696 1789 1900 2117 2143 2273 2294
1946 88 432 443 525 673 736 738 751 844 883 967 997 1147 1287 1652 1723 1915 1924 2017
1947 376 391 458 581 624 883 1076 1102 1121 1140 1143 1402 1425 1512 1538 1627 1651 1851 1875 1907 2029 2115 2177 2288 2304 2363 2398 2399 2403
1948 56 241 458 515 557 574 608 661 665 766 1070 1241 1256 1278 1713 2002 2151 2345 2371
1949 60 254 305 346 375 430 545 772 787 878 992 997 1208 1335 1524 1576 1776 1787 1849 1879 1984 2080 2152 2210 2403 2460
1950 62 243 326 384 467 537 555 607 615 704 799 912 936 999 1029 1328 1415 1452 1595 1734 2395 2492
1951 0 106 153 229 230 358 574 609 610 647 785 793 885 914 921 982 1089 1091 1360 1762 1774 1842 1886 1895 1907 2006 2039 2061 2110 2334 2494
1952 61 368 467 544 546 761 803 862 875 979 1072 1123 1178 1345 1387 1407 1412 1548 1611 1980 2026 2072 2105 2120 2300 2325
1953 99 158 191 206 209 240 293 426 485 496 515 566 598 716 741 751 759 864 876 986 988 1098 1205 1221 1243 1293 1397 1404 1463 1510 1687 1866 2185 2239 2352 2354 2392 2413
1954 28 250 260 453 537 835 1188 1248 1293 1497 1559 1657 1896 2002 2253 2274 2308 2424
1955 42 113 247 662 797 861 881 932 1031 1042 1154 1188 1355 1386 1502 1504 1616 1795 1800 1827 2138 2151 2293
1956 21 66 120 198 369 407 479 507 559 590 647 701 723 794 845 1134 1176 1374 1395 1637 1809 2035 2036 2093 2162 2174 2195 2210 2272 2438 2491
1957 204 252 383 411 495 531 702 795 871 913 1034 1181 1187 1198 1246 1254 1320 1477 1617 1694 1727 1739 1751 1804 2146 2152 2312 2334 2366 2430 2432
1958 39 176 539 577 901 1030 1206 1220 1391 1394 1461 1660 1683 1960 2122 2383
1959 1 128 169 210 275 565 596 675 796 859 935 959 996 1002 1023 1052 1089 1141 1196 1203 1676 1719 1775 1871 1911 2160 2432
1960 12 221 275 350 451 466 679 709 780 908 923 1035 1065 1209 1296 1348 1413 1438 1493 1597 1632 1742 1795 1813 1819 1825 1932 1958 2000 2227 2234 2272 2358 2487
1961 57 122 125 130 202 494 575 678 736 809 978 988 1018 1111 1156 1173 1338 1486 1516 1630 1669 1713 2074 2178 2325 2328 2440 2448
1962 2 60 377 378 611 934 992 1104 1175 1201 1316 1407 1649 1691 1804 1910 1992 2010 2070 2145
1963 18 24 85 130 276 319 430 435 584 804 847 887 909 976 1160 1189 1337 1444 1600 1649 1774 1840 1863 1992 2009 2102 2117 2266 2386 2392
1964 140 181 245 379 448 460 503 660 693 737 758 817 861 875 915 964 976 997 1047 1115 1322 1356 1407 1483 1538 1583 1586 1768 2064 2128 2188 2272 2318 2320
1965 55 85 111 150 408 501 564 783 789 934 1183 1270 1491 1514 1711 1794 1879 1966 2016 2084 2093 2304 2355
1966 291 369 398 435 521 632 692 748 843 968 1088 1259 1326 1377 1502 1596 1608 1861 1944 1965 1970 2029 2215 2402 2444 2446
1967 0 37 55 73 106 136 293 321 417 558 594 951 1137 1209 1243 1256 1266 1412 1566 1652 1687 1722 1731 1765 1798 1826 1921 2223 2407 2474
1968 124 154 170 176 446 448 609 645 726 884 1090 1188 1230 1268 1360 1480 1563 1607 1752 1900 1938 1984 2065 2163 2198 2246 2271
1969 100 106 625 659 662 689 715 844 1049 1306 1414 1482 1509 1561 1570 1598 1614 1761 1766 1911 1912 2046 2091 2181 2256 2317 2332 2466
1970 35 63 94 155 274 306 467 1398 1703 1826 1831 1934 1966 1996 2085 2221 2490
1971 50 60 352 376 427 433 469 485 552 560 891 1023 1087 1430 1482 1488 1739 2018 2147 2210 2331 2348 2373
1972 136 139 259 337 432 677 772 802 964 970 1054 1220 1424 1639 1818 2048 2052 2221 2362 2449
1973 7 27 297 331 710 757 769 801 1125 1160 1316 1747 2020 2126 2157 2179 2236 2429 2449
1974 45 51 91 110 142 459 563 676 813 897 940 1017 1211 1214 1237 1245 1427 1669 1859 1890 1908 2315
1975 153 158 231 467 486 524 552 660 824 970 1096 1295 1316 1340 1500 1580 1587 1999 2057 2411 2456 2457
1976 94 222 223 252 427 449 530 572 664 828 967 1040 1061 1075 1137 1273 1303 1985 2008 2102 2154 2176 2258 2407 2465
1977 100 700 723 729 733 764 809 818 913 1120 1140 1174 1245 1280 1367 1426 1483 1709 1806 1815 2045 2137 2205 2286 2324
1978 73 158 216 340 355 635 656 657 699 706 779 798 916 917 990 1029 1036 1084 1236 1259 1373 1399 1494 1502 1716 1730 1817 1862 1909 2014 2132 2194 2325 2414
1979 130 161 230 466 642 716 727 747 751 784 854 938 1038 1054 1230 1441 1479 1670 1746 1777 2060 2204 2225 2354 2473 2476
1980 32 86 205 232 310 332 440 545 610 698 739 743 747 1128 1180 1275 1496 1527 1579 1658 1908 1952 2154 2208 2369
1981 146 411 560 583 708 747 777 892 911 987 1030 1102 1228 1638 1685 1873 1901 1909 2075 2219 2241
1982 5 245 296 418 483 558 567 697 712 836 920 970 976 1112 1264 1368 1758 1809 2203 2205 2265
1983 17 42 67 239 376 402 416 495 663 977 1031 1065 1096 1109 1262 1284 1375 1863 1927 1936 2204 2373 2436 2459
1984 108 206 505 563 596 691 747 833 849 867 895 1145 1196 1406 1453 1538 1637 1949 1968 2115 2135 2150 2156 2262 2479
1985 10 49 459 692 799 809 828 875 972 1165 1206 1312 1335 1351 1490 1510 1772 1773 1927 1976 2291 2314 2390
1986 152 249 275 316 404 554 665 727 811 1093 1126 1200 1279 1374 1390 1397 1507 1556 1652 1783 2148 2178 2298 2347 2409
1987 114 301 318 379 646 694 727 756 764 885 989 1009 1067 1117 1156 1335 1362 1426 1436 1490 1562 1587 1777 1784 1891 1893 2064 2093 2096 2269 2275 2469 2491
1988 113 170 197 236 299 313 529 611 694 829 941 1073 1120 1121 1914 2255 2418 2454
1989 420 464 483 644 712 873 887 898 1105 1186 1307 1434 1457 1812 1877 1932 2063 2244 2322 2348 2406 2432
1990 12 243 397 532 538 575 593 633 905 944 1068 1107 1266 1374 1387 1427 1458 1503 1512 1528 1725 1732 1812 1873 2041 2196 2423
1991 94 164 321 684 693 729 826 895 974 1037 1117 1198 1613 1678 1797 1819 2070 2170 2346 2428 2440
1992 66 135 144 166 245 259 285 303 383 407 409 469 522 588 639 693 857 881 899 1030 1054 1108 1470 1866 1962 1963 2208 2257 2258 2299 2313 2399
1993 248 334 572 744 970 1040 1052 1068 1072 1085 1106 1159 1239 1256 1291 1741 2015 2054 2064 2187 2262
1994 135 214 220 389 560 794 892 1000 1072 1097 1127 1232 1484 1538 1716 2053 2159 2213 2217 2231 2301 2315 2475
1995 28 62 522 544 728 744 900 1290 1399 1565 1573 1741 1749 1841 2160 2337 2427
1996 325 460 494 643 703 733 745 810 959 972 1154 1337 1437 1475 1477 1639 1753 1839 1883 1929 1970 2185 2246
1997 51 150 387 400 407 467 525 777 1004 1145 1234 1514 1631 1699 1801 2032 2050 2100 2173 2323 2376 2437 2470
1998 62 129 213 301 323 459 724 794 942 994 1101 1130 1182 1241 1438 1497 1541 1544 1592 1805 1826 1915 2014 2024 2060 2076 2114 2495
1999 21 74 187 482 487 573 636 678 726 970 972 1122 1151 1355 1502 1732 1868 1975 2016 2167 2231 2414
2000 40 98 188 459 535 651 711 769 823 890 939 989 1058 1286 1334 1578 1594 1596 1605 1647 1678 1754 1801 1804 1960 2056 2067 2090 2103 2229 2367 2469
2001 286 319 406 688 697 891 942 1017 1030 1050 1622 1734 1868 2082 2144 2262 2314 2383 2481
2002 26 364 425 535 539 576 682 827 926 1014 1093 1196 1232 1283 1293 1297 1509 1601 1722 1745 1856 1948 1954 2155 2379 2464
2003 106 119 131 222 422 691 778 820 984 993 1023 1112 1277 1428 1495 1612 1640 1724 1822 2012 2329
2004 82 268 369 524 535 558 598 736 797 854 950 970 1007 1053 1120 1156 1196 1235 1349 1373 1507 1528 1666 1907 2069 2127 2162 2212 2218 2364 2418 2423
2005 159 221 239 639 690 714 1079 1168 1238 1324 1426 1508 1568 1689 1704 1849 1858 1865 1912 2047 2106 2328 2360
2006 21 31 77 139 163 169 190 241 243 285 309 426 476 498 541 561 645 733 777 795 912 1003 1076 1223 1397 1464 1467 1527 1700 1823 1951 2096 2303 2348 2486
2007 47 146 150 372 439 572 651 815 1035 1039 1121 1285 1305 1325 1484 1540 1545 1615 1736 1794 1799 1820 1888 1899 2035 2160 2276 2322 2360 2428
2008 9 52 210 221 259 358 395 481 548 698 719 752 836 936 965 1111 1162 1211 1358 1446 1726 1728 1812 1976 2010 2115 2145 2236 2326 2364 2489
2009 12 47 205 351 805 894 921 965 989 1092 1131 1191 1243 1264 1465 1714 1748 1887 1912 1963 2155 2163 2193 2230 2356 2373 2443
2010 189 212 293 483 740 743 850 882 938 1185 1204 1219 1251 1283 1439 1513 1748 1962 2008 2031 2098 2139 2199 2211 2440
2011 20 175 254 386 422 505 512 811 1238 1244 1339 1387 1463 1537 1571 1873 2032 2160 2238 2350 2401
2012 62 79 119 123 134 307 312 586 664 763 820 1011 1091 1453 1500 1528 1656 1856 1896 2003 2021 2027 2168 2246 2383 2429 2450
2013 38 84 218 350 472 617 635 790 926 959 967 1021 1045 1138 1295 1300 1422 1536 1716 1741 1746 1759 1926 2131 2180 2224 2315 2330 2385 2486
2014 299 308 339 358 379 490 738 788 1000 1005 1038 1096 1193 1271 1820 1978 1998 2068 2221 2227
2015 61 187 513 581 617 731 777 890 1227 1676 1731 1741 1768 1806 1993 2194 2214 2293 2343 2366 2420
2016 18 252 401 438 587 707 746 754 885 1513 1581 1645 1882 1916 1965 1999 2066 2118 2194 2234 2400 2477
2017 12 53 60 253 314 337 505 578 597 643 692 954 1043 1052 1149 1170 1413 1487 1514 1555 1595 1667 1682 1694 1842 1852 1904 1940 1946 2034 2046 2050 2069 2155 2177 2283 2324
2018 211 276 310 330 416 570 586 629 701 873 909 942 1038 1082 1321 1377 1513 1534 1549 1609 1645 1913 1914 1971 2365
2019 125 141 159 222 331 402 404 651 854 869 928 1546 1547 1555 1598 1629 1640 1658 1666 1720 1790 2041 2125 2220
2020 57 124 210 603 608 834 995 1035 1106 1238 1289 1307 1443 1510 1536 1565 1615 1892 1973 2063 2120 2142 2168 2220 2248 2393
2021 250 422 805 934 944 950 951 1041 1130 1607 1738 1838 2012 2029 2033 2394
2022 67 74 262 280 598 608 681 903 930 934 967 979 1027 1094 1284 1308 1448 1586 1632 1776 1785 2087 2230 2248 2369
2023 90 591 665 742 1103 1115 1118 1225 1266 1302 1475 1655 1833 2086 2249 2297
2024 232 301 522 530 559 866 1011 1068 1071 1100 1181 1189 1247 1285 1442 1605 1998 2084 2282 2493
2025 7 14 58 93 182 357 418 499 516 568 632 766 819 859 917 1196 1235 1418 1562 1580 1625 1690 1760 1783 1872 2259
2026 207 427 578 681 742 844 1029 1084 1129 1265 1286 1304 1344 1360 1462 1575 1661 1710 1911 1940 1952 2135 2160 2299 2320 2342 2355 2396 2406
2027 14 213 349 350 637 757 758 852 960 982 1065 1138 1365 1378 1380 1538 1591 1780 1788 1863 1921 2012 2080 2098 2198 2362 2434
2028 76 143 155 203 333 411 525 661 698 806 888 998 1020 1090 1136 1268 1284 1498 1534 1562 1588 1751 2046 2076 2098 2314
2029 361 402 464 519 544 634 676 883 924 1283 1349 1404 1503 1591 1609 1662 1882 1947 1966 2021 2134 2301
2030 89 364 383 452 570 656 740 790 830 1093 1179 1266 1324 1345 1431 1483 1535 1565 1566 1669 1683 1690 2463 2479
2031 69 153 306 308 335 479 788 950 986 1120 1168 1231 1379 1398 1400 1906 2010 2062 2166 2241 2292 2436 2438
2032 31 87 101 182 245 468 699 770 830 886 912 956 1067 1140 1210 1372 1373 1411 1662 1672 1827 1911 1997 2011 2072 2221 2356
2033 182 323 324 506 544 605 649 654 752 930 973 1007 1050 1131 1335 1388 1676 1725 1739 1775 1867 1917 1942 2021 2435 2471 2481
2034 9 503 597 751 766 801 881 882 896 1048 1197 1209 1357 1466 1740 2017 2109 2117 2311
2035 15 373 458 469 482 730 918 1079 1115 1216 1266 1467 1601 1620 1630 1784 1825 1914 1956 2007 2205 2229 2397 2477
2036 29 61 216 236 443 517 605 777 794 802 850 854 956 1012 1141 1175 1424 1451 1558 1613 1667 1711 1938 1956 2135 2164 2312 2414 2458
2037 67 157 161 247 257 267 297 458 725 813 942 1013 1027 1032 1125 1320 1641 1735 1739 1782 1826 1860 1900 2074 2211 2266
2038 1 130 154 452 821 836 947 968 1013 1026 1122 1199 1474 1545 2225 2387 2411 2432
2039 92 108 217 226 265 548 602 650 882 969 1010 1036 1058 1243 1721 1951 2040 2080 2091 2183 2223 2368 2376 2384
2040 256 278 288 314 329 384 586 589 630 652 743 812 823 958 1008 1059 1064 1155 1301 1445 1539 1566 1853 2039 2146 2237 2274 2305 2439
2041 37 42 86 223 242 298 340 437 479 560 677 685 761 968 1014 1066 1262 1315 1438 1626 1867 1913 1990 2019 2104 2245 2297 2323 2341
2042 44 66 97 108 149 203 355 503 535 681 720 757 877 1076 1318 1340 1506 1679 1703 1822 2110 2491 2499
2043 165 181 183 359 364 491 530 547 583 781 956 1089 1343 1359 1463 1483 1626 1700 1859 1867 1920 2136 2146 2181 2424
2044 68 97 191 197 282 300 351 464 537 555 614 658 872 882 1279 1314 1372 1515 1581 1787 1820 1847 1849 1864 1887 1897 2145 2161 2162 2194 2204 2248 2281 2357
2045 69 88 132 225 338 652 690 884 959 1031 1067 1188 1220 1364 1472 1749 1897 1977 2093 2412
2046 46 102 109 220 327 669 832 894 988 1012 1089 1095 1136 1207 1266 1504 1577 1654 1744 1892 1969 2017 2028 2250 2385 2398 2463
2047 28 71 82 108 305 328 570 618 677 732 774 1013 1083 1110 1252 1664 1906 2005 2099 2133 2256 2421 2469
2048 85 244 341 464 654 935 1211 1536 1676 1743 1841 1852 1897 1972 2304 2395
2049 15 74 97 204 422 496 556 585 639 655 880 1020 1048 1055 1095 1130 1234 1303 1524 1594 1662 1679 1730 1768 1781 2109 2114 2146 2320 2327 2353 2419 2446
2050 205 497 765 805 855 1116 1151 1170 1345 1359 1424 1459 1465 1510 1544 1577 1641 1710 1997 2017 2080 2149 2227 2453 2471 2487
2051 19 301 321 474 503 792 1100 1102 1104 1152 1158 1304 1504 1863 1871 2345 2346 2450
2052 45 277 308 317 327 346 381 391 400 741 772 840 878 879 1037 1088 1167 1358 1397 1439 1520 1906 1972 2104 2145 2172 2334 2405
2053 53 177 192 326 335 359 582 641 664 764 962 1048 1272 1281 1508 1994 2054 2240 2306 2314 2363 2408 2409
2054 213 253 532 543 552 688 709 720 799 909 913 1041 1047 1177 1224 1309 1338 1419 1431 1643 1668 1732 1868 1907 1924 1936 1993 2053 2140 2201 2217
2055 217 345 421 446 543 841 1051 1053 1113 1224 1362 1464 1498 1511 1575 1629 1653 1683 1712 1777 1878 2085 2157 2258 2276 2387
2056 0 1 50 156 162 217 219 330 409 463 610 689 714 927 1015 1078 1371 1549 1559 1655 1669 1684 1858 1906 2000 2322 2353
2057 35 319 526 578 785 826 1178 1184 1273 1298 1339 1502 1544 1612 1654 1733 1734 1744 1841 1975 2277 2468
2058 69 85 170 231 357 423 458 917 943 944 1331 1382 1387 1501 1540 1566 1713 1717 1867 1905 1917 2062 2165
2059 152 191 296 407 423 466 544 591 651 708 982 1058 1063 1072 1158 1194 1337 1366 1583 1790 2391 2433 2435
2060 4 197 223 264 276 335 412 534 567 615 686 852 929 1011 1055 1333 1470 1497 1509 1607 1744 1765 1979 1998 2123 2167 2330
2061 43 110 157 257 308 384 456 518 556 682 792 794 848 1057 1089 1137 1186 1197 1269 1333 1348 1460 1520 1556 1557 1635 1785 1787 1837 1951 2132 2203 2242 2251 2402
2062 20 410 440 492 860 908 1012 1117 1177 1272 1273 1407 1420 1582 1682 1695 1819 1917 2031 2058 2159 2237 2292 2298 2344
2063 220 313 573 672 835 864 967 1033 1046 1071 1105 1155 1216 1242 1364 1458 1736 1784 1796 1867 1884 1989 2020 2103 2118 2307 2336 2370 2391 2472 2497
2064 8 17 92 350 493 554 708 771 863 1007 1163 1281 1421 1446 1540 1576 1650 1814 1893 1900 1918 1964 1987 1993 2101 2103 2160 2192 2288 2321 2484
2065 14 129 142 173 254 401 520 579 634 738 1155 1166 1221 1249 1367 1581 1673 1850 1864 1968 2078 2080 2130 2155 2308 2338 2435 2472
2066 34 60 112 118 215 233 259 459 563 628 634 931 1043 1259 1527 1744 1806 2016 2090 2151 2266
2067 75 260 279 293 466 570 628 738 874 926 971 1006 1069 1093 1168 1292 1300 1353 1458 1644 1733 1862 1909 2000 2076 2168 2431
2068 49 126 285 354 455 781 875 910 963 1010 1126 1256 1424 1527 1734 2014 2151 2284 2311 2390
2069 17 68 114 161 309 314 337 394 615 637 647 911 968 1018 1370 1485 1588 1765 1823 1863 1873 2004 2017 2149 2163 2310 2496
2070 78 337 342 373 410 527 532 577 599 800 820 892 1053 1160 1283 1418 1426 1454 1482 1530 1962 1991 2278 2330 2383
2071 11 49 97 101 142 248 273 372 690 989 1024 1106 1151 1164 1334 1412 1450 1481 1559 1614 1724 1782 1821 1867 2141 2335 2420 2435 2478
2072 116 132 284 286 546 659 1060 1190 1298 1321 1450 1533 1596 1664 1746 1749 1805 1849 1876 1944 1952 2032 2340 2386 2407 2409
2073 91 158 241 340 386 471 581 611 709 713 758 810 890 900 945 1109 1197 1275 1327 1609 1682 1736 1799 1888 1900 2087 2423
2074 191 268 438 503 723 771 789 1152 1178 1191 1239 1296 1313 1496 1715 1873 1888 1961 2037 2137 2146 2264 2322
2075 85 346 383 654 659 830 1308 1522 1562 1778 1852 1981 2130 2455
2076 24 31 40 228 249 266 467 524 735 795 817 923 992 1305 1424 1490 1512 1519 1581 1725 1754 1885 1998 2028 2067 2164 2205 2253 2288 2403 2469
2077 77 206 579 625 879 1054 1107 1167 1255 1638 1670 1902 1919 1940 2186 2364 2417 2418
2078 55 99 106 269 271 369 410 519 729 744 1054 1058 1060 1064 1095 1119 1141 1436 1615 1718 2065 2110 2133 2284
2079 13 25 35 227 265 415 499 752 909 1087 1215 1245 1270 1303 1425 1533 1646 1801 2109 2226 2266 2347
2080 139 350 399 479 489 509 510 568 621 806 1120 1247 1322 1445 1526 1790 1816 1878 1949 2027 2039 2050 2065 2153 2198 2210 2224 2315 2390
2081 228 260 284 331 521 551 643 708 724 751 821 823 905 967 988 1097 1169 1302 1357 1480 1528 1687 1805 1914 2089 2443 2459
2082 20 363 410 457 467 509 511 910 944 1128 1151 1221 1283 1353 1494 1570 1666 1875 1933 2001 2092 2093 2113 2252 2286 2429 2446
2083 115 168 227 562 588 600 753 1041 1051 1185 1231 1395 1594 1659 2266 2366 2429
2084 35 74 118 166 179 213 228 288 438 503 681 703 732 809 979 1192 1311 1370 1468 1550 1795 1804 1837 1965 2024 2101 2133 2212 2280 2353 2477 2479
2085 27 79 105 226 235 253 722 1260 1263 1389 1572 1608 1629 1633 1760 1870 1970 2055 2123 2149 2194 2252 2475 2481
2086 49 274 295 323 345 360 454 465 656 931 951 958 1147 1394 1446 1579 1605 1786 1926 1943 2023 2264 2291 2386
2087 402 409 479 567 831 862 894 917 1105 1190 1266 1314 1323 1371 1425 1447 1539 1598 1684 1710 1836 1874 1921 2022 2073 2091 2208 2271 2351 2380
2088 167 392 438 584 644 651 804 842 943 952 984 1091 1106 1379 1582 1633 1638 1771 1838 2222 2242 2251 2341 2443 2484
2089 32 97 209 318 325 425 436 597 722 752 756 773 795 872 874 967 990 1047 1169 1184 1230 1527 1561 1671 1680 2081 2126 2263 2321
2090 93 143 232 256 257 338 378 417 443 533 755 788 797 813 904 1054 1089 1271 1423 2000 2066 2116 2143 2215 2220 2283 2320 2427
2091 75 111 133 258 263 355 382 518 568 683 763 910 1092 1118 1159 1223 1235 1308 1313 1453 1669 1673 1763 1769 1771 1874 1901 1969 2039 2087 2187 2223 2325 2416
2092 476 494 671 676 795 805 824 851 963 990 1052 1303 1343 1498 1674 1684 1687 1859 2082 2295 2324 2354 2444
2093 23 215 223 228 290 350 433 503 557 713 770 886 928 1150 1227 1397 1630 1956 1965 1987 2045 2082 2217 2347 2394
2094 12 280 704 783 856 892 1119 1229 1313 1394 1454 1469 1510 1541 1723 1885 2107 2126 2157 2233 2269 2325 2367 2385
2095 69 104 188 196 627 754 826 871 890 1061 1209 1309 1456 1489 1502 1681 1779 2187 2293 2360 2436 2471
2096 61 224 325 602 805 871 964 1151 1306 1434 1549 1584 1654 1662 1736 1750 1824 1916 1987 2006 2109 2138 2283 2346 2387 2478
2097 47 283 303 309 359 462 581 587 633 810 816 1073 1249 1267 1330 1407 1912 2198 2270 2371 2483
2098 17 55 58 160 196 628 679 768 917 923 1030 1032 1035 1135 1159 1349 1393 1405 1481 1760 1763 1883 1886 2010 2027 2028 2207 2339
2099 52 92 191 359 385 400 428 491 501 571 723 971 1158 1273 1297 1387 1424 1471 1484 1566 1702 1754 1801 1875 1900 2047 2237 2260 2330 2351 2451
2100 132 454 514 559 575 577 694 832 864 899 944 1002 1064 1254 1401 1525 1601 1711 1833 1997 2143 2201 2225 2285 2339 2381
2101 21 168 171 249 275 539 568 654 761 796 937 992 1204 1226 1237 1274 1402 1472 1504 1669 1766 1834 1859 1862 1871 1876 1907 2064 2084 2227 2268
2102 57 63 169 219 446 540 693 715 1071 1130 1296 1305 1326 1398 1438 1516 1584 1721 1759 1817 1963 1976 2199 2221 2304 2341 2482
2103 205 323 406 461 469 493 652 849 855 911 921 979 1017 1069 1159 1187 1241 1354 1467 1472 2000 2063 2064 2138 2202 2215 2268 2340 2352 2483
2104 29 33 101 124 448 558 578 683 693 886 887 1076 1170 1197 1387 1773 1838 1862 2041 2052 2165 2185 2343 2451
2105 17 62 249 463 807 852 907 1024 1149 1281 1310 1381 1412 1421 1433 1499 1504 1505 1525 1677 1770 1841 1866 1952 2167 2207 2209 2367 2383
2106 50 205 278 455 633 740 745 756 812 827 1171 1199 1349 1451 1523 1603 1692 1703 1782 2005 2120 2121 2131 2432
2107 70 104 393 403 501 669 756 847 1190 1226 1382 1384 1488 1563 1571 1623 1720 2094 2212 2361 2481
2108 61 139 147 216 314 322 331 347 381 599 710 759 926 927 973 1029 1034 1055 1103 1359 1416 1473 1584 1748 2160 2232 2245 2262 2288
2109 38 114 207 326 329 346 594 730 759 783 801 841 873 1075 1189 1460 1583 1585 1724 1800 1893 1915 1930 2034 2049 2079 2096
2110 10 676 697 742 766 812 1002 1007 1014 1061 1084 1147 1271 1318 1325 1408 1474 1805 1824 1951 2042 2078 2115 2124 2199 2215 2252 2336 2390
2111 11 54 109 344 442 475 488 544 575 659 711 835 909 1056 1077 1580 1715 1840 1902 1916 2278 2296 2490
2112 193 222 237 266 421 590 657 720 866 932 1190 1219 1225 1486 1597 1702 1769 1849 2231 2322 2335 2370
2113 55 127 338 362 465 506 538 719 764 859 928 1024 1166 1231 1364 1382 1411 1669 1688 1864 2082 2244 2402
2114 160 530 691 871 943 1034 1121 1183 1352 1472 1482 1571 1674 1706 1770 1839 1840 1891 1919 1998 2049
2115 5 46 182 476 487 516 719 756 843 965 1020 1049 1142 1261 1329 1391 1535 1606 1735 1837 1947 1984 2008 2110 2128 2389 2393
2116 72 149 714 1007 1020 1066 1081 1114 1219 1226 1302 1450 1469 1559 1778 1796 1814 1900 2090 2122 2343 2487
2117 38 150 156 158 237 275 587 630 712 745 815 914 1288 1424 1471 1577 1634 1945 1963 2034 2267 2385
2118 124 234 451 537 555 804 948 1057 1151 1165 1307 1382 1397 1517 1550 1778 2016 2063 2128 2237 2426
2119 179 239 257 353 527 665 791 1095 1254 1510 1517 1546 1686 1731 2194 2361 2384 2430
2120 36 50 75 153 292 632 781 973 1008 1010 1014 1047 1070 1082 1086 1448 1564 1611 1952 2020 2106 2170 2192 2396
2121 43 177 193 210 241 268 285 634 636 641 651 687 726 756 765 766 819 843 934 953 1124 1174 1255 1295 1317 1373 1420 1429 1475 1519 1885 2106 2361 2441
2122 265 274 566 599 720 765 770 859 1100 1327 1331 1467 1560 1758 1827 1844 1943 1958 2116 2266 2293 2453 2477
2123 30 57 189 235 262 322 408 563 628 830 837 1189 1358 1413 1496 1531 1668 1820 1844 1853 2060 2085 2287 2315 2374 2423
2124 95 132 485 626 865 1088 1104 1111 1208 1361 1523 1699 1705 1753 1858 1883 1942 2110 2223 2412
2125 3 82 385 406 459 489 518 652 663 701 727 830 840 891 944 945 1033 1228 1264 1295 1378 1503 1620 1799 1885 2019 2182 2246 2247 2430
2126 255 353 517 541 592 616 825 995 1147 1164 1283 1322 1396 1446 1717 1897 1921 1922 1973 2089 2094 2135 2245 2398 2428
2127 59 72 130 270 350 554 647 759 777 921 936 946 981 992 1188 1447 1455 1517 1588 1618 1630 1918 2004 2156 2339 2353 2370
2128 84 158 218 361 564 572 667 981 1009 1039 1134 1481 1712 1751 1760 1860 1865 1880 1964 2115 2118 2235 2355 2440 2454 2494
2129 169 197 272 318 440 555 841 1144 1251 1313 1338 1444 1517 1602 1860 1879 1903 2166 2184 2249 2299 2317 2385
2130 69 472 495 649 809 862 902 908 977 1027 1547 1610 1634 1849 1855 2065 2075 2146 2209 2259 2330 2344 2371 2390 2450 2495
2131 261 624 662 724 745 909 971 1168 1271 1294 1319 1402 1442 1452 1486 1646 1737 1928 2013 2106 2304 2312 2394
2132 62 88 117 166 177 273 328 387 448 526 622 733 741 769 1063 1145 1334 1518 1666 1978 2061
2133 57 69 153 317 325 463 592 598 682 722 800 836 1042 1124 1135 1266 1346 1513 1680 1919 1926 2047 2078 2084 2164 2368
2134 35 540 638 666 779 1019 1268 1286 1475 1533 1597 1633 1710 1746 1821 2029 2256 2324 2488
2135 64 196 302 653 1021 1236 1340 1456 1507 1554 1771 1915 1984 2026 2036 2126 2240 2386 2485
2136 68 356 394 468 630 724 1145 1165 1435 1516 1555 1562 1739 1754 1756 1811 1832 1899 1901 2043 2190 2233 2241 2253 2357 2381 2450
2137 185 335 340 834 863 1299 1331 1341 1357 1471 1531 1586 1610 1617 1766 1977 2074 2184 2371
2138 142 147 223 263 372 545 566 766 791 949 981 1017 1043 1340 1461 1476 1489 1541 1554 1841 1863 1955 2096 2103 2201 2204 2267 2340 2391 2429 2438
2139 140 246 271 364 393 407 535 827 854 933 1153 1285 1307 1334 1611 1753 1815 1822 2010 2210 2224 2409 2433 2473
2140 272 467 654 723 795 1006 1010 1115 1226 1295 1431 2054 2154 2186 2204 2230 2385
2141 40 96 123 201 224 345 442 725 1071 1164 1263 1411 1490 1700 1816 1831 1852 1937 2071 2357 2371 2436 2471
2142 51 294 560 597 631 753 789 823 826 1009 1045 1058 1069 1091 1107 1175 1241 1585 1666 1679 1833 1877 2020 2432 2437
2143 5 32 45 501 539 627 643 793 850 1046 1129 1302 1499 1560 1589 1653 1865 1883 1931 1944 1945 2090 2100 2192 2232 2331 2333
2144 25 238 253 269 273 567 617 711 814 994 1124 1135 1257 1266 1307 1467 1505 1583 1593 1631 2001 2313 2318
2145 10 88 303 306 316 325 371 476 481 648 735 745 1049 1409 1476 1483 1532 1850 1913 1962 2008 2044 2052 2240 2337
2146 195 308 412 825 930 946 1165 1187 1355 1751 1842 1957 2040 2043 2049 2074 2130 2439 2452
2147 21 195 325 445 532 536 918 1085 1088 1119 1143 1243 1244 1320 1422 1522 1671 1790 1815 1909 1924 1971 2245 2250 2288 2372
2148 34 57 182 248 306 334 392 449 461 754 853 872 1112 1359 1408 1478 1513 1554 1808 1835 1883 1894 1986 2181 2290 2308 2325 2375
2149 147 177 206 247 312 323 535 567 635 869 876 947 1113 1278 1328 1414 1526 1598 1688 1702 1750 1815 1924 1937 2050 2069 2085 2171 2346 2368 2409 2462
2150 176 391 491 516 540 582 652 902 990 1001 1042 1077 1123 1346 1402 1481 1576 1595 1693 1872 1904 1984 2390 2441 2493
2151 2 18 21 70 154 203 282 410 463 836 1064 1075 1205 1386 1457 1541 1669 1717 1858 1948 1955 2066 2068 2182 2185 2278 2353 2401
2152 40 201 471 494 529 640 649 746 1179 1463 1498 1756 1789 1792 1839 1866 1886 1949 1957 2158 2301 2339
2153 13 64 117 238 257 319 478 500 846 847 885 916 931 1021 1168 1175 1200 1219 1282 1439 1488 1558 1776 1780 1812 1940 2080 2382 2417 2425 2490
2154 43 58 109 221 227 310 401 470 479 516 547 559 562 675 759 813 848 939 1123 1252 1451 1454 1601 1844 1926 1976 1980 2140 2222 2291 2338 2356
2155 110 437 550 571 706 742 796 890 946 1030 1214 1229 1631 1636 1746 1943 2002 2009 2017 2065 2171 2254 2412 2471
2156 8 12 81 187 190 223 421 433 632 702 876 929 1140 1148 1245 1315 1319 1423 1784 1876 1924 1984 2127 2159 2282 2357 2386 2456
2157 131 219 257 356 622 844 1449 1607 1710 1726 1818 1840 1893 1916 1973 2055 2094 2195 2294 2347 2456 2489
2158 57 77 220 241 260 357 391 573 709 864 869 921 978 1066 1401 1472 1542 1561 1594 1657 1708 1738 1816 2152 2360 2372 2422 2424
2159 54 171 182 212 294 310 345 447 542 733 915 1165 1640 1651 1656 1684 1854 1899 1994 2062 2156 2326 2467
2160 39 145 243 385 418 442 581 627 644 863 867 1012 1056 1346 1399 1497 1636 1740 1822 1830 1869 1959 1995 2007 2011 2026 2064 2108 2402 2409 2437
2161 8 122 240 354 681 687 714 727 748 812 994 1053 1246 1473 1558 1595 1645 1799 1887 1913 2044 2482
2162 45 506 642 695 868 985 1094 1197 1271 1357 1428 1542 1558 1569 1595 1598 1787 1795 1816 1901 1956 2004 2044 2304 2342
2163 58 112 195 270 297 311 416 716 778 792 818 836 920 1245 1277 1367 1491 1506 1574 1596 1611 1653 1783 1898 1968 2009 2069 2246 2368
2164 149 270 299 507 534 608 617 1095 1143 1317 1334 1473 1829 1921 2036 2076 2133 2180 2272
2165 114 155 441 624 669 780 818 822 842 847 855 873 898 910 1037 1049 1245 1253 1294 1320 1426 1457 1481 1598 1697 1735 1822 1862 2058 2104 2306 2432
2166 186 228 298 362 431 550 706 746 771 859 957 1495 1715 1772 1839 1914 2031 2129 2354 2385 2475
2167 13 125 473 480 911 1074 1139 1228 1292 1460 1556 1559 1563 1625 1628 1676 1714 1999 2060 2105 2309
2168 6 248 256 322 402 464 763 1116 1292 1352 1388 1492 1494 1569 1670 1761 1813 1862 2012 2020 2067 2236 2283 2405
2169 71 78 526 556 741 934 944 996 1074 1305 1517 1552 1609 1794 1872 2263 2320 2447
2170 166 225 247 277 318 319 404 414 430 507 580 698 748 992 1129 1138 1154 1195 1275 1691 1737 1859 1991 2120 2346
2171 371 403 455 488 494 821 823 1019 1023 1133 1183 1437 1472 1501 1514 1539 1556 1739 1858 2149 2155 2189 2199 2208 2281 2295 2354 2467
2172 406 490 559 1048 1057 1063 1176 1257 1384 1435 1544 1619 1803 1921 2052 2195 2280
2173 278 305 358 594 729 733 881 1033 1080 1150 1161 1385 1716 1785 1894 1997
2174 37 166 253 379 451 634 638 715 854 995 1257 1359 1370 1442 1592 1698 1742 1765 1791 1794 1812 1900 1956 2286 2336
2175 134 220 254 465 509 788 807 817 927 1008 1256 1257 1275 1356 1419 1420 1432 1942 2189 2278
2176 12 24 26 224 242 252 359 591 713 718 723 756 1180 1226 1281 1319 1526 1580 1885 1976 2201 2275 2291 2300 2431 2494
2177 401 506 746 800 1106 1303 1336 1492 1513 1540 1574 1663 1721 1947 2017 2182 2244 2482
2178 132 488 604 662 723 911 937 986 1089 1242 1343 1411 1444 1470 1610 1651 1666 1685 1797 1961 1986 2244 2313 2449 2469 2474
2179 111 175 254 319 375 551 655 705 775 819 1071 1271 1305 1433 1467 1543 1727 1820 1973 2326 2449
2180 453 563 1005 1073 1169 1213 1279 1307 1341 1345 1393 1431 1623 1634 1881 2013 2164 2269 2356 2377
2181 83 208 332 352 486 539 871 891 1185 1200 1393 1655 1672 1745 1969 2043 2148 2208 2235
2182 55 300 370 464 473 681 726 1014 1109 1340 1425 1530 1650 1857 1860 2125 2151 2177 2250 2298 2394
2183 87 252 278 395 559 652 700 798 804 910 955 1048 1145 1211 1272 1392 1464 1608 1630 1631 1637 1657 1837 1846 1910 2039 2185 2218 2370 2414 2439 2489
2184 87 90 212 432 514 530 853 1217 1258 1402 1582 1589 1604 1634 1694 1721 1744 2129 2137 2250 2292 2374 2486
2185 26 35 49 50 116 255 268 399 754 769 908 977 995 1099 1121 1135 1171 1210 1220 1485 1610 1692 1801 1863 1878 1899 1904 1925 1936 1953 1996 2104 2151 2183 2320 2367
2186 93 200 766 792 818 938 1088 1193 1214 1271 1604 1716 1874 1876 1921 2077 2140 2338 2349 2445 2448 2465 2497
2187 5 259 396 550 641 765 998 1068 1152 1220 1232 1279 1295 1471 1635 1673 1843 1867 1993 2091 2095 2374 2498
2188 6 74 126 269 434 470 840 970 1141 1212 1310 1381 1454 1457 1515 1673 1964 2390 2485
2189 19 256 325 352 495 776 900 1022 1077 1111 1120 1272 1374 1416 1515 1524 1536 1594 1610 1626 1729 1788 1881 2171 2175 2298 2493
2190 265 345 483 550 756 851 910 970 1071 1102 1362 1441 1500 1673 1691 1767 1890 2136 2305 2329 2459
2191 156 485 738 883 890 941 942 943 991 995 1322 1417 1455 1461 1653 1746 1944 2349
2192 41 355 368 402 456 490 599 666 818 979 991 1021 1342 1768 1931 2064 2120 2143 2213 2439 2447 2474
2193 304 320 359 560 675 802 849 898 1000 1127 1238 1396 1476 1485 1549 1707 1711 1732 1857 2009 2290 2375 2424 2479
2194 6 102 141 249 313 351 699 973 1006 1064 1092 1376 1406 1421 1481 1517 1521 1615 1709 1819 1875 1978 2015 2016 2044 2085 2119 2332
2195 19 88 130 258 412 422 470 635 721 749 892 1006 1185 1278 1439 1536 1956 2157 2172 2315
2196 3 114 115 120 240 322 330 381 511 607 710 776 791 813 930 985 1130 1152 1398 1417 1701 1871 1894 1990 2337 2455 2482
2197 81 205 529 778 945 954 1098 1123 1208 1298 1529 1668 1769 1898 2228 2294 2361 2466 2475
2198 242 423 510 565 600 626 1080 1134 1197 1249 1327 1330 1369 1375 1387 1415 1433 1451 1462 1774 1833 1883 1968 2027 2080 2097 2234 2340 2411 2417 2463
2199 22 221 275 353 367 627 643 758 1034 1046 1072 1092 1169 1566 1745 1763 1791 1855 1878 2010 2102 2110 2171 2205 2247 2378 2476 2486 2498
2200 53 355 503 563 630 965 997 1014 1095 1331 1455 1508 1610 1732 1760 1782 1831 2215 2399
2201 1 14 100 783 788 828 832 1003 1056 1061 1065 1332 1439 1449 1507 1513 1576 1596 1666 2054 2100 2138 2176 2331 2397 2439 2487
2202 26 641 754 891 901 922 928 1021 1086 1188 1446 1938 2103 2327 2495
2203 26 85 121 198 226 554 576 840 856 1034 1035 1086 1255 1272 1282 1352 1393 1411 1438 1445 1541 1650 1667 1715 1769 1836 1892 1982 2061 2282 2378 2473
2204 42 103 118 174 273 380 433 456 565 644 725 792 914 943 955 1015 1122 1175 1204 1212 1247 1414 1699 1794 1913 1979 1983 2044 2138 2140 2215 2237 2281 2339 2359 2362 2383 2466
2205 102 176 208 243 303 556 576 622 691 708 825 918 951 1019 1243 1402 1404 1488 1606 1609 1728 1753 1977 1982 2035 2076 2199 2218 2312 2345
2206 135 460 478 504 512 529 665 679 694 711 771 867 1054 1269 1272 1362 1374 1430 1495 1538 1555 1572 1601 1614 1856 2241 2273
2207 119 213 372 455 483 842 918 941 1059 1063 1313 1602 1649 1671 1790 2098 2105 2315 2463
2208 57 215 293 686 730 907 931 1017 1529 1556 1567 1647 1765 1773 1787 1943 1980 1992 2087 2171 2181 2303
2209 80 216 249 381 384 412 492 660 794 828 836 861 892 1216 1463 1536 1607 1617 1704 1793 2105 2130 2302 2311 2394 2449 2479
2210 2 35 55 237 391 906 1071 1175 1220 1421 1515 1517 1541 1619 1820 1858 1922 1949 1956 1971 2080 2139 2365 2390
2211 241 355 489 592 814 875 928 931 974 1463 1545 1595 1657 1688 1914 1928 2010 2037 2283 2307 2444 2462
2212 65 414 503 616 773 784 842 867 889 903 989 1110 1112 1119 1265 1318 1322 1377 1378 1780 1822 2004 2084 2107 2242 2310 2429
2213 3 247 278 300 304 355 597 677 906 959 991 1127 1158 1180 1193 1225 1227 1242 1248 1422 1450 1551 1571 1584 1595 1666 1745 1762 1876 1881 1927 1994 2192 2218 2219 2294 2397
2214 30 72 83 307 358 415 629 641 736 762 799 818 905 910 920 924 1046 1087 1351 1437 1441 1504 1543 1550 1612 1904 2015 2375
2215 225 379 463 785 810 926 967 1124 1183 1263 1501 1729 1869 1966 2090 2103 2110 2200 2204 2410 2473 2488
2216 76 306 430 433 608 646 720 728 836 968 1146 1232 1287 1291 1304 1380 1439 1464 1481 1490 1554 1607 1614 1652 1694 1757 1818 1928 2334
2217 15 85 158 218 220 274 381 544 703 835 918 926 997 1000 1053 1139 1428 1750 1836 1851 1890 1994 2054 2093 2294 2373 2383 2401 2471
2218 180 317 415 521 583 838 965 1037 1076 1154 1208 1283 1314 1419 1601 1781 1868 2004 2183 2205 2213 2320 2355 2373
2219 49 535 729 751 858 931 1021 1122 1152 1247 1258 1265 1325 1332 1423 1466 1756 1878 1981 2213 2291 2406 2478
2220 202 293 525 529 697 722 827 860 896 901 912 1080 1115 1130 1189 1252 1292 1510 1622 1682 1686 1736 1768 1869 1907 2019 2020 2090 2267
2221 102 129 194 307 459 513 538 611 853 1212 1318 1329 1336 1354 1735 1933 1970 1972 2014 2032 2102 2307 2378
2222 15 101 281 386 440 609 624 699 792 1133 1144 1225 1329 1424 1525 1548 1617 1670 1700 1755 1850 1877 1899 1931 2088 2154 2230 2240
2223 13 52 68 154 164 228 229 250 291 493 502 566 648 659 762 789 1024 1172 1320 1333 1351 1353 1428 1450 1522 1859 1930 1967 2039 2091 2124 2257 2354 2399 2415 2418
2224 89 108 129 288 320 381 384 457 568 586 651 820 886 1098 1111 1438 1486 1768 1872 1895 2013 2080 2139 2348 2390
2225 113 140 301 725 736 810 903 1013 1114 1144 1206 1321 1324 1582 1606 1683 1757 1772 1842 1848 1979 2038 2100 2297 2322 2340 2458 2478
2226 107 145 158 224 285 499 766 942 1466 1710 1743 1804 1849 1875 2079 2239 2305 2327 2434
2227 108 167 173 436 681 723 910 975 1049 1121 1171 1368 1473 1572 1644 1891 1925 1960 2014 2050 2101 2268 2336 2340 2374 2481
2228 53 70 179 357 393 444 552 569 1026 1063 1194 1279 1330 1356 1450 1556 1606 1787 2197 2363 2373 2400
2229 115 143 191 295 318 340 432 474 591 592 727 786 862 915 955 992 1319 1383 1416 1560 1575 1577 1667 2000 2035 2246
2230 327 471 482 487 526 536 676 1098 1104 1158 1267 1297 1804 2009 2022 2140 2222 2242 2375 2472
2231 4 171 193 231 337 339 494 685 754 759 776 808 862 882 1020 1112 1157 1243 1619 1766 1805 1859 1994 1999 2112 2273 2399
2232 133 276 354 367 397 624 886 912 1047 1048 1060 1297 1430 1450 1545 1562 1657 1741 1867 2108 2143 2236 2271 2366 2377 2396 2442
2233 128 313 408 675 759 841 893 1049 1086 1109 1186 1325 1585 1605 1723 1802 1824 1882 1898 2094 2136 2421
2234 74 270 328 364 388 422 504 556 601 637 682 989 1149 1220 1233 1254 1348 1364 1392 1675 1877 1918 1960 2016 2198 2290 2428 2454 2488 2498
2235 34 63 208 299 440 449 585 616 627 655 677 752 780 829 891 973 1254 1485 1522 1566 1700 1805 1854 1890 1919 2128 2181 2253 2261
2236 55 63 529 533 580 779 791 850 851 904 922 923 1033 1087 1121 1238 1437 1473 1485 1581 1620 1653 1973 2008 2168 2232 2302 2407
2237 96 380 394 435 439 560 590 640 962 1187 1351 1371 1474 1491 1628 1663 1732 1771 1855 2040 2062 2099 2118 2204 2282 2287 2310
2238 132 365 445 613 620 828 833 1003 1150 1160 1213 1567 1659 1771 1846 2011 2472
2239 100 125 143 149 160 180 214 261 294 319 625 715 721 897 1087 1299 1383 1465 1673 1831 1906 1953 2226 2243 2376 2405 2440 2460 2494
2240 7 219 272 313 414 489 500 1102 1245 1475 1638 1800 1864 2053 2135 2145 2222 2244 2458
2241 412 459 469 580 650 896 968 1064 1225 1254 1348 1371 1372 1401 1479 1543 1558 1686 1741 1772 1783 1981 2031 2136 2206
2242 3 9 36 157 186 190 288 441 523 571 715 1054 1118 1193 1208 1249 1300 1352 1480 2061 2088 2212 2230
2243 103 132 283 361 561 578 615 953 994 1017 1317 1495 1508 2239 2304
2244 122 577 640 763 770 839 885 959 1006 1031 1223 1237 1359 1657 1687 1836 1989 2113 2177 2178 2240 2413 2477 2479
2245 106 167 342 373 416 514 541 568 623 701 722 989 1309 1381 1501 1514 1536 1622 1734 1880 1903 2041 2108 2126 2147 2247 2352 2390 2423
2246 27 113 213 250 366 408 528 570 844 857 858 865 895 913 1150 1398 1455 1629 1831 1895 1968 1996 2012 2125 2163 2229 2267 2380 2416 2439
2247 7 32 217 294 309 337 427 546 687 697 739 927 1143 1170 1318 1520 1581 1718 1762 1936 2125 2199 2245 2327 2339 2366 2456
2248 145 376 540 568 648 702 813 892 930 1121 1148 1162 1183 1223 1382 1409 1449 1540 1543 1568 1607 1726 1872 2020 2022 2044 2490
2249 152 260 277 335 364 668 689 987 1207 1214 1275 1383 1450 1593 1701 1860 1936 2023 2129 2422 2435 2445 2496
2250 45 199 294 694 753 891 1206 1258 1412 1486 1657 2046 2147 2182 2184 2261 2270 2334
2251 270 411 533 706 817 878 1117 1192 1207 1265 1334 1428 1545 1622 1708 1775 1839 2061 2088 2377
2252 72 146 298 345 351 429 825 866 1085 1161 1353 1393 1659 1747 1796 1848 1916 2082 2085 2110 2333 2381 2478
2253 45 70 71 174 178 211 346 347 500 587 780 1051 1128 1222 1439 1500 1502 1506 1555 1642 1954 2076 2136 2235 2255 2314 2352
2254 71 139 215 232 294 302 402 436 556 571 573 705 788 850 922 974 1099 1368 1420 1432 1525 1542 1629 1723 2155 2280 2287 2346 2438 2470 2474
2255 28 198 298 299 338 432 433 565 595 680 724 885 934 959 1027 1030 1074 1155 1176 1295 1333 1350 1443 1500 1652 1700 1721 1988 2253
2256 226 253 259 349 355 518 548 560 622 658 826 839 851 899 945 974 1226 1610 1690 1885 1969 2047 2134 2264 2284 2334 2356 2404
2257 107 120 188 410 558 778 806 894 910 921 1087 1102 1326 1331 1365 1515 1529 1640 1921 1992 2223 2408 2431
2258 45 50 247 419 567 707 726 774 816 844 913 993 1041 1071 1083 1253 1793 1863 1942 1976 1992 2055 2342 2364 2383
2259 113 280 421 530 680 706 895 991 1177 1330 1368 1370 1530 1820 1904 1923 1930 2025 2130 2261 2271 2368 2419
2260 82 177 258 268 301 312 386 466 487 502 607 766 779 821 844 926 1094 1119 1277 1476 1481 1535 1648 1782 1840 2099 2326 2478
2261 13 276 376 615 683 846 865 1007 1136 1157 1481 1567 1587 1664 1668 1889 1935 2235 2250 2259 2318 2439
2262 137 177 549 750 776 818 977 986 1142 1733 1807 1829 1984 1993 2001 2108 2263 2336 2343 2360 2363
2263 10 149 154 193 411 511 612 625 649 653 732 802 823 893 932 970 1090 1119 1245 1331 1370 1616 1656 1694 1793 1845 2089 2169 2262 2308 2322 2347 2417
2264 91 173 212 287 395 397 399 402 412 493 556 589 594 740 820 842 871 909 964 1020 1155 1175 1176 1527 1559 1575 1637 1714 1785 1838 1855 1898 2074 2086 2256 2306 2484 2487
2265 9 88 180 206 279 479 632 636 754 1103 1126 1450 1479 1531 1553 1582 1642 1900 1907 1982 2357
2266 48 219 326 436 475 476 540 552 575 997 1023 1041 1049 1170 1346 1413 1477 1543 1569 1724 1843 1963 2037 2066 2079 2083 2122 2332
2267 55 103 152 257 336 775 890 1009 1010 1045 1130 1189 1337 1339 1370 1488 1536 1566 1685 1750 1801 1806 1856 1902 1931 2117 2138 2220 2246 2367 2422
2268 273 326 491 502 555 623 686 889 1061 1265 1297 1327 1536 1537 1574 1592 1622 1685 1789 1848 2101 2103 2227 2422 2436
2269 7 557 571 833 869 987 1048 1351 1477 1530 1695 1811 1846 1894 1987 2094 2180
2270 37 171 309 509 682 691 757 815 916 935 975 1282 1341 1614 1667 1796 1871 1914 2097 2250 2316 2360 2364 2433 2479
2271 14 31 279 346 510 613 617 862 888 1020 1078 1103 1161 1358 1436 1492 1566 1606 1609 1637 1702 1726 1825 1861 1921 1968 2087 2232 2259 2343 2406 2497
2272 103 166 344 401 405 501 536 565 1001 1046 1061 1095 1143 1195 1229 1338 1390 1487 1492 1624 1628 1816 1887 1956 1960 1964 2164 2375
2273 136 262 366 449 458 513 531 550 649 684 710 715 768 800 801 841 849 880 925 959 1044 1081 1118 1189 1324 1366 1636 1835 1945 2206 2231 2296 2318 2353 2420
2274 282 495 607 657 688 727 749 802 1130 1256 1499 1518 1705 1765 1856 1904 1943 1954 2040
2275 133 191 199 316 490 494 590 670 684 947 1010 1278 1385 1528 1554 1646 1931 1987 2176 2449
2276 190 687 820 833 1484 1577 1941 2007 2055 2374 2477
2277 159 178 407 469 491 570 708 886 908 955 1133 1187 1289 1462 1547 1621 1811 1838 1925 2057 2343 2387
2278 24 152 380 403 408 591 621 715 736 766 902 908 1095 1110 1202 1293 1310 1362 1368 1410 1436 1492 1532 1555 1682 1745 1878 2070 2111 2151 2175 2300 2308 2450 2451
2279 29 57 84 168 253 406 489 538 611 735 762 927 1088 1300 1399 1430 1576 1756 2482
2280 95 199 515 534 571 645 656 798 1011 1203 1219 1398 1671 1706 1798 1885 1910 2084 2172 2254 2328 2487
2281 67 222 458 488 725 897 1192 1208 1381 1497 1599 1674 1826 2044 2171 2204 2369 2393 2410
2282 45 72 101 137 178 257 462 574 641 686 726 1046 1106 1108 1257 1278 1454 1610 1917 2024 2156 2203 2237 2304 2354 2366
2283 60 95 215 324 374 401 605 674 897 903 988 1054 1602 1722 1737 1800 1804 1880 2017 2090 2096 2168 2211 2427 2431 2492
2284 36 110 143 329 401 608 730 849 963 985 1108 1148 1175 1333 1359 1552 1770 1910 2068 2078 2256 2454
2285 391 398 800 807 1117 1323 1444 1486 1587 1641 1793 1937 2100 2362 2437 2479
2286 354 397 524 527 669 797 839 876 1184 1210 1225 1548 1728 1763 1786 1886 1977 2082 2174 2312 2395 2421
2287 10 73 75 543 625 648 854 937 1036 1125 1198 1259 1429 1618 1628 1696 1703 1928 2123 2237 2254 2288 2314 2458
2288 8 340 395 441 591 661 710 836 911 990 991 997 1128 1160 1217 1287 1298 1581 1647 1730 1916 1947 2064 2076 2108 2147 2287 2368
2289 21 75 465 628 959 1094 1113 1130 1173 1193 1204 1269 1370 1418 1575 1586 1610 1898 1942 2361 2488
2290 228 325 456 656 713 806 909 1004 1694 1879 1912 2148 2193 2234 2310 2366 2449 2461 2481
2291 86 133 176 239 459 517 593 714 772 917 928 1031 1137 1139 1211 1310 1336 1349 1453 1501 1545 1705 1845 1879 1916 1985 2086 2154 2176 2219 2293 2498
2292 33 92 128 131 178 230 312 639 687 960 965 997 1021 1025 1053 1072 1127 1213 1264 1287 1512 1563 1592 1819 2031 2062 2184 2308
2293 217 270 404 529 537 545 752 826 895 910 920 986 1204 1362 1392 1681 1737 1800 1806 1918 1955 2015 2095 2122 2291 2299 2354 2361 2474
2294 10 35 104 160 163 290 400 417 427 528 533 545 549 586 653 675 809 831 861 1027 1036 1067 1093 1097 1142 1181 1401 1460 1585 1709 1764 1866 1945 2157 2197 2213 2217 2390 2439 2455
2295 20 102 162 477 486 711 742 753 765 778 809 846 885 899 934 991 993 1016 1147 1275 1325 1339 1373 1471 1531 1557 1766 1809 2092 2171 2364 2479
2296 123 152 337 353 413 541 833 886 1025 1058 1509 1578 1761 1768 1846 1917 2111 2273 2463 2493
2297 63 355 405 480 502 791 906 1127 1149 1180 1217 1421 1450 1462 1484 1576 1677 1711 1793 1841 1903 1918 2023 2041 2225
2298 14 156 307 334 437 459 897 901 903 1088 1167 1202 1243 1346 1550 1557 1596 1777 1798 1986 2062 2182 2189 2405 2439 2470
2299 14 18 294 297 441 546 607 610 633 702 749 781 789 1023 1043 1046 1223 1349 1480 1540 1676 1693 1919 1992 2026 2129 2293 2384 2422 2446 2486 2490
2300 78 485 538 555 640 906 973 1042 1106 1285 1406 1408 1491 1798 1820 1856 1874 1952 2176 2278 2348 2497
2301 59 359 371 549 567 591 658 757 838 846 851 857 860 1085 1154 1189 1254 1285 1299 1684 1696 1767 1804 1994 2029 2152 2412
2302 163 165 185 192 290 395 416 424 520 666 728 781 937 1175 1440 1464 1558 1598 1649 1737 2209 2236 2326 2340 2412 2420
2303 13 70 77 85 126 268 298 323 357 447 478 603 644 724 791 886 945 1143 1144 1213 1337 1469 1507 1713 1763 1840 1913 2006 2208 2314 2394 2406
2304 6 142 223 236 241 464 504 578 647 707 959 1214 1295 1441 1577 1605 1745 1747 1821 1947 1965 2048 2102 2131 2162 2243 2282 2420
2305 221 242 308 362 531 646 992 1029 1070 1117 1148 1174 1259 1274 1276 1299 1344 1396 1608 1631 1637 1694 1759 1789 1795 1802 1825 1845 1846 1899 2040 2190 2226 2376
2306 127 160 172 456 478 795 842 915 937 1055 1134 1172 1184 1228 1270 1369 1389 1544 1565 1643 1680 2053 2165 2264 2361 2372 2436
2307 81 413 423 542 551 743 893 998 1012 1170 1172 1253 1321 1399 1413 1425 1494 1716 1717 1720 1739 2063 2211 2221 2357 2497
2308 7 308 524 557 579 611 832 838 839 944 978 1001 1004 1229 1315 1570 1572 1577 1594 1708 1737 1954 2065 2148 2263 2278 2292 2310 2497
2309 175 179 194 387 424 638 876 879 989 1070 1076 1095 1146 1300 1369 1378 1435 1443 1712 1795 2167 2315 2328 2427
2310 95 377 419 534 677 852 905 1012 1160 1206 1484 1504 1584 1625 1843 1845 2069 2212 2237 2290 2308
2311 75 422 463 613 641 927 1055 1123 1214 1342 1433 1446 1483 1534 1770 1779 1913 2034 2068 2209 2321 2406
2312 175 234 285 359 373 634 802 852 1025 1079 1302 1351 1354 1582 1595 1607 1802 1885 1916 1957 2036 2131 2205 2286 2370
2313 109 154 218 433 463 487 517 613 867 996 1002 1031 1096 1211 1279 1315 1443 1575 1691 1767 1992 2144 2178 2368 2454
2314 212 216 388 451 625 633 816 960 1052 1079 1144 1153 1523 1809 1848 1929 1985 2001 2028 2053 2253 2287 2303 2404 2421 2427 2488
2315 39 141 160 366 462 506 580 683 706 1150 1165 1486 1499 1546 1587 1616 1642 1706 1710 1812 1883 1903 1974 1994 2013 2080 2123 2195 2207 2309
2316 149 168 171 534 839 926 982 1014 1080 1127 1309 1416 1463 1554 1624 1631 1659 1711 1854 2270 2338 2356 2452
2317 175 180 624 683 741 838 891 995 1074 1148 1258 1313 1333 1353 1439 1441 1483 1585 1969 2129 2370
2318 234 239 336 369 782 929 931 933 1039 1066 1161 1205 1375 1501 1594 1687 1731 1795 1964 2144 2261 2273 2348 2468
2319 54 68 130 151 157 319 505 587 748 763 786 952 962 1144 1222 1352 1381 1407 1592 1737 1778 1894 2348 2352 2385
2320 165 181 246 309 338 497 631 731 748 988 1009 1129 1166 1266 1437 1678 1737 1775 1964 2026 2049 2090 2169 2185 2218 2444 2471
2321 38 51 228 256 292 738 808 809 990 1059 1071 1109 1141 1312 1442 1455 1555 1561 1613 1700 1902 1903 1922 2064 2089 2311 2452
2322 163 169 535 591 680 746 849 905 1018 1109 1273 1389 1600 1803 1810 1989 2007 2056 2074 2112 2225 2263 2388 2453
2323 47 188 508 627 642 1379 1750 1767 1997 2041 2378 2438 2439
2324 13 215 256 274 296 618 648 714 748 823 845 1052 1151 1231 1361 1906 1977 2017 2092 2134 2355 2433 2438
2325 107 117 236 453 506 703 760 777 803 953 972 1267 1320 1355 1370 1433 1597 1694 1749 1879 1952 1961 1978 2091 2094 2148 2463
2326 148 196 292 325 365 595 806 810 962 1061 1202 1400 1434 1515 1527 1682 1756 1810 1848 2008 2159 2179 2260 2302 2386 2492
2327 132 356 563 603 811 961 1257 1269 1339 1430 1634 1694 1863 2049 2202 2226 2247 2456
2328 178 458 670 681 759 777 834 889 926 1119 1163 1242 1288 1332 1636 1751 1812 1961 2005 2280 2309 2376
2329 121 137 151 210 362 418 432 484 504 509 553 782 948 1046 1095 1100 1101 1294 1640 1785 1807 1809 2003 2190
2330 10 48 137 378 483 642 861 1030 1035 1157 1228 1250 1276 1363 1599 1820 1879 2013 2060 2070 2099 2130 2396 2420 2432
2331 107 138 204 246 358 408 424 507 543 886 924 1078 1127 1510 1537 1597 1607 1659 1673 1786 1794 1882 1971 2143 2201
2332 16 39 172 237 251 473 532 561 665 804 852 887 912 923 1009 1012 1031 1481 1620 1751 1760 1969 2194 2266 2394
2333 42 84 143 248 521 537 541 741 851 904 1028 1140 1195 1197 1229 1262 1294 1486 1487 2143 2252 2485
2334 190 318 330 374 470 502 807 1120 1126 1146 1235 1484 1543 1664 1665 1675 1700 1932 1951 1957 2052 2216 2250 2256
2335 30 112 213 241 399 510 549 556 631 725 882 1188 1214 1229 1293 1304 1420 1422 1611 1679 1684 1810 1911 2071 2112 2375 2449
2336 15 21 22 45 67 164 559 627 631 907 1177 1297 1306 1313 1342 1506 1840 2063 2110 2174 2227 2262 2351 2414
2337 89 109 175 231 232 366 390 541 952 1021 1055 1077 1175 1226 1352 1361 1412 1518 1635 1677 1692 1898 1995 2145 2196
2338 11 107 250 385 399 462 603 641 721 778 1089 1387 1536 1628 1733 1941 2065 2154 2186 2316
2339 287 311 331 489 555 603 662 693 849 994 1039 1088 1270 1362 1436 1452 1816 1847 1904 2098 2100 2127 2152 2204 2247 2437 2460 2495
2340 10 169 393 418 626 698 805 945 1011 1021 1051 1087 1183 1257 1527 1528 1595 1614 1772 2072 2103 2138 2198 2225 2227 2302 2411 2490
2341 230 448 705 732 748 871 918 1211 1267 1360 1365 1478 1664 1729 1739 1812 1902 1927 2041 2088 2102 2355 2412
2342 54 99 130 137 162 440 488 755 812 815 876 885 898 962 1114 1195 1199 1212 1224 1459 1584 1599 1847 2026 2162 2258 2344 2349 2411 2439 2485 2489
2343 3 68 75 90 223 247 291 312 458 734 773 787 844 944 974 978 1066 1102 1353 1374 1449 1544 1547 1672 1719 2015 2104 2116 2262 2271 2277 2416 2480
2344 67 90 230 444 449 511 578 936 951 957 1011 1051 1133 1158 1203 1299 1506 1560 1615 1627 1680 1722 1749 1750 1834 1929 2062 2130 2342
2345 91 321 592 749 797 803 805 845 857 907 915 1037 1084 1426 1499 1636 1691 1721 1732 1759 1859 1925 1948 2051 2205 2412
2346 133 326 625 675 969 1166 1301 1495 1627 1652 1812 1893 1991 2051 2096 2149 2170 2254 2394 2448
2347 186 280 331 624 711 925 1198 1284 1402 1487 1501 1542 1623 1753 1856 1986 2079 2093 2157 2263
2348 52 141 267 392 607 617 647 652 787 938 1048 1436 1444 1479 1678 1762 1868 1924 1971 1989 2006 2224 2300 2318 2319 2492
2349 13 57 72 119 175 334 685 696 743 813 884 1030 1120 1358 1387 1538 1584 1718 1855 1885 2186 2191 2342 2357
2350 291 342 487 494 533 593 636 696 734 852 1281 1375 1450 1511 1566 1576 1625 1651 1852 2011 2374
2351 63 345 644 785 907 989 1054 1065 1066 1311 1393 1648 1683 1807 1854 1938 2087 2099 2336 2395 2458
2352 32 416 458 638 751 753 921 937 1062 1392 1466 1598 1613 1621 1765 1799 1953 2103 2245 2253 2319 2379 2499
2353 146 343 452 537 762 922 983 1059 1163 1256 1330 1441 1519 1607 1927 2049 2056 2084 2127 2151 2273
2354 48 96 105 158 179 366 443 479 501 787 791 914 940 1049 1058 1113 1134 1173 1312 1408 1435 1460 1604 1651 1953 1979 2092 2166 2171 2223 2282 2293 2372
2355 26 54 113 215 220 379 396 401 476 510 697 724 895 997 1036 1126 1296 1331 1370 1610 1624 1728 1747 1768 1883 1899 1925 1933 1965 2026 2128 2218 2324 2341 2405
2356 41 439 482 492 508 530 575 813 1027 1160 1168 1283 1434 1526 1551 1889 2009 2032 2154 2180 2256 2316 2483
2357 144 199 318 403 521 562 588 633 1097 1107 1122 1176 1211 1231 1259 1266 1718 1759 1811 1817 1901 1928 2044 2136 2141 2156 2265 2307 2349 2395
2358 72 295 401 408 502 688 724 748 788 829 982 1025 1033 1107 1193 1235 1310 1511 1597 1637 1704 1708 1794 1854 1960 2475
2359 262 588 911 919 1462 1506 1846 2204 2385 2496
2360 20 158 217 225 236 351 403 431 490 573 653 758 831 1025 1071 1158 1186 1190 1213 1429 2005 2007 2095 2158 2262 2270
2361 85 248 546 572 620 829 910 958 970 1405 1452 1460 1526 1580 1742 1754 1939 2107 2119 2121 2197 2289 2293 2306 2479 2492
2362 132 138 190 341 377 480 495 500 557 622 638 838 861 980 1017 1073 1432 1476 1495 1667 1768 1917 1931 1972 2027 2204 2285 2400 2435
2363 6 125 170 265 409 453 713 922 1286 1338 1379 1451 1947 2053 2228 2262 2398 2419
2364 149 150 178 365 416 454 549 674 772 865 888 1098 1112 1118 1125 1295 1339 1368 1377 1517 1568 1570 1848 2004 2008 2077 2258 2270 2295 2374
2365 48 55 146 312 366 373 599 690 856 946 990 1035 1156 1287 1582 1699 1804 2018 2210
2366 54 313 429 485 504 652 699 866 958 1054 1072 1118 1134 1150 1405 1455 1547 1549 1607 1612 1651 1701 1736 1742 1789 1840 1957 2015 2083 2232 2247 2282 2290 2385 2392 2445
2367 205 264 715 771 1035 1046 1081 1103 1156 1218 1823 2000 2094 2105 2185 2267 2398 2447 2465 2490
2368 94 211 432 466 614 644 646 740 840 873 904 1142 1200 1221 1258 1277 1355 1395 1401 1412 1450 1516 1675 1819 1910 1917 2039 2133 2149 2163 2259 2288 2313 2401
2369 1 49 58 203 294 360 371 552 562 571 681 915 917 931 1004 1007 1024 1074 1165 1224 1235 1463 1597 1657 1731 1822 1887 1980 2022 2281
2370 570 585 691 880 963 1002 1030 1238 1331 1446 1466 1553 1631 1673 1725 1803 1883 1919 2063 2112 2127 2183 2312 2317
2371 145 294 363 507 597 634 659 718 937 968 1007 1022 1103 1171 1201 1607 1608 1948 2097 2130 2137 2141 2421
2372 264 267 360 367 413 564 607 610 667 672 1145 1155 1229 1260 1305 1395 1440 1575 1627 1787 1793 1931 1936 2147 2158 2306 2354
2373 149 162 278 300 491 642 826 846 892 1133 1198 1471 1971 1983 2009 2217 2218 2228
2374 32 65 138 199 380 404 577 660 768 946 982 1072 1328 1342 1358 1428 1588 1613 1719 2123 2184 2187 2227 2276 2350 2364 2421 2490
2375 61 93 176 436 516 525 574 677 712 742 835 1085 1183 1439 1465 1507 1924 2148 2193 2214 2230 2272 2335 2379 2381 2429
2376 151 326 517 554 799 810 1080 1131 1306 1341 1507 1664 1703 1704 1844 1907 1997 2039 2239 2305 2328
2377 47 238 347 349 438 497 589 672 784 859 876 881 974 1167 1264 1309 1434 1456 1508 1642 1678 1719 2180 2232 2251
2378 38 68 275 618 634 941 967 1018 1123 1250 1317 1318 1471 1482 1760 1776 1817 1854 1929 2199 2203 2221 2323 2437
2379 92 148 153 168 311 483 565 634 730 819 857 944 1507 1584 1625 1859 2002 2352 2375 2429 2468
2380 241 293 514 535 667 1069 1142 1167 1215 1223 1258 1287 1336 1363 1432 1486 1733 1778 2087 2246 2398
2381 17 74 211 245 275 276 406 616 684 734 785 882 1067 1197 1237 1310 1359 1578 1703 1845 2100 2136 2252 2375 2393 2423 2454
2382 40 89 96 196 256 427 460 587 677 827 896 1031 1040 1080 1431 1664 1772 2153 2399 2426 2466
2383 113 195 297 353 412 496 511 595 700 727 814 874 1173 1233 1306 1308 1642 1744 1787 1928 1944 1958 2001 2012 2070 2105 2204 2217 2258 2453
2384 46 293 342 402 411 419 429 581 658 716 809 820 954 1002 1028 1060 1220 1236 1251 1265 1286 1498 1572 1592 1725 1855 1923 2039 2119 2299 2428
2385 80 112 236 239 291 297 329 347 415 445 496 543 594 597 598 712 722 740 1214 1363 1468 1693 1730 1770 1795 1809 2013 2046 2094 2117 2129 2140 2166 2319 2359 2366 2403 2437
2386 664 734 785 812 942 957 1197 1343 1389 1390 1465 1861 1963 2072 2086 2135 2156 2326 2405 2408
2387 85 148 205 253 321 344 642 755 768 846 861 1024 1208 1270 1373 1447 1494 1522 1577 1706 2038 2055 2096 2277 2423
2388 140 187 294 354 357 435 630 660 768 898 920 960 1036 1123 1217 1325 1345 1402 1490 1493 1570 1726 1813 1875 2322
2389 23 49 125 184 220 239 244 351 371 392 412 460 464 560 588 977 1009 1338 1610 1695 2115 2497 2498
2390 39 55 83 160 210 427 460 570 600 724 951 1192 1313 1350 1364 1493 1573 1664 1743 1844 1892 1985 2068 2080 2110 2130 2150 2188 2210 2224 2245 2294 2391
2391 68 209 379 401 407 444 527 577 686 886 976 1068 1163 1239 1272 1380 1471 1485 1585 1586 1608 1681 1743 1850 1869 2059 2063 2138 2390
2392 0 118 140 222 277 322 348 354 375 398 405 409 458 461 486 512 1160 1184 1269 1435 1437 1650 1864 1921 1953 1963 2366
2393 220 294 434 439 448 495 507 634 671 826 834 846 1209 1242 1432 1437 1460 1501 1575 1630 1712 2020 2115 2281 2381 2447
2394 5 153 316 363 418 599 667 695 791 1015 1096 1478 1480 1482 1531 1596 1611 1915 1927 2021 2093 2131 2182 2209 2303 2332 2346 2400 2414 2481 2497
2395 8 11 59 193 297 422 503 539 595 693 913 1243 1271 1498 1619 1680 1929 1950 2048 2286 2351 2357 2451
2396 18 204 551 737 923 978 1174 1395 1766 1783 2026 2120 2232 2330
2397 212 676 784 942 1006 1088 1314 1357 1382 1455 1683 1700 1726 1778 1828 2035 2201 2213 2439 2494
2398 151 202 213 238 354 382 425 597 602 773 820 875 895 917 990 1453 1535 1587 1850 1928 1931 1947 2046 2126 2363 2367 2380
2399 98 100 109 418 432 461 564 647 667 675 777 783 785 898 1179 1292 1298 1312 1406 1436 1640 1787 1856 1857 1897 1947 1992 2200 2223 2231 2382
2400 86 239 354 534 671 730 856 911 940 1391 1427 1452 1475 1589 1626 1662 1847 1904 2016 2228 2362 2394 2443 2467
2401 101 344 512 780 824 844 868 926 949 989 1023 1079 1368 1719 1765 1823 1831 1833 1884 2011 2151 2217 2368 2426 2492
2402 21 63 538 592 645 760 886 962 999 1020 1105 1134 1408 1584 1672 1717 1851 1861 1919 1966 2061 2113 2160 2406 2486
2403 67 220 299 300 333 441 459 510 576 652 663 786 813 823 825 830 832 1078 1092 1181 1338 1407 1438 1470 1499 1562 1610 1687 1742 1910 1917 1947 1949 2076 2385
2404 96 218 237 240 249 287 293 415 436 740 770 886 1017 1299 1447 1550 1581 1612 1658 1659 1778 2256 2314 2478
2405 7 54 109 328 461 641 678 687 993 1145 1148 1335 1397 1504 1515 1610 1891 1912 2052 2168 2239 2298 2355 2386 2407 2438
2406 376 403 875 1003 1316 1547 1606 1719 1725 1831 1876 1989 2026 2219 2271 2303 2311 2402 2470 2496
2407 20 121 161 174 182 250 342 485 596 642 662 692 740 858 878 886 1323 1421 1433 1740 1925 1967 1976 2072 2236 2405
2408 104 454 519 693 738 856 994 1047 1068 1080 1082 1178 1185 1566 1598 1673 1700 1743 1775 1820 2053 2257 2386 2467
2409 24 62 121 187 349 382 501 602 716 1162 1346 1380 1441 1488 1489 1611 1679 1900 1986 2053 2072 2139 2149 2160 2479 2480
2410 4 161 512 514 537 545 737 1008 1043 1106 1126 1323 1439 1444 1650 1764 1922 1937 2215 2281 2451
2411 143 246 428 437 471 510 554 622 645 766 873 1017 1199 1424 1494 1612 1684 1708 1722 1740 1975 2038 2198 2340 2342 2449
2412 80 108 189 207 228 285 372 382 392 412 423 470 476 654 869 1096 1155 1266 1297 1348 1384 1458 1518 1606 1747 1757 1760 2045 2124 2155 2301 2302 2341 2345
2413 50 87 162 301 432 458 600 651 692 992 1131 1135 1229 1432 1451 1494 1544 1594 1602 1647 1687 1708 1709 1710 1748 1780 1953 2244 2416
2414 54 145 261 415 590 679 769 933 1164 1234 1292 1853 1978 1999 2036 2183 2336 2394
2415 154 195 722 758 851 900 1107 1146 1216 1218 1385 1404 1717 1738 1776 1794 1927 2223 2481
2416 0 8 217 331 372 419 718 887 1068 1177 1218 1227 1256 1349 1511 1519 1535 1565 1642 1790 1820 1882 1904 1934 2091 2246 2343 2413 2489
2417 175 284 348 392 408 448 515 536 569 631 725 837 914 923 1214 1505 1600 1678 1684 1721 1741 1856 1896 1944 2077 2153 2198 2263
2418 26 188 400 426 491 502 518 899 1079 1260 1501 1521 1542 1706 1801 1988 2004 2077 2223 2430 2435 2456
2419 223 408 451 506 557 612 873 875 910 1163 1205 1257 1354 1831 1878 2049 2259 2363 2473
2420 215 295 303 476 511 573 733 1037 1206 1400 1462 1466 1516 1623 1704 1895 1905 2015 2071 2273 2302 2304 2330
2421 2 51 210 347 358 566 585 733 761 855 911 962 979 1151 1208 1217 1255 1258 1380 1504 1525 1801 1833 1882 1942 2047 2233 2286 2314 2371 2374 2449
2422 100 140 141 203 287 346 408 463 534 735 743 1121 1142 1309 1616 1649 1757 1913 2158 2249 2267 2268 2299
2423 150 240 243 329 633 657 714 1150 1242 1243 1616 1746 1827 1832 1837 1886 1990 2004 2073 2123 2245 2381 2387
2424 2 89 277 365 372 429 451 544 861 1426 1652 1720 1751 1756 1876 1954 2043 2158 2193
2425 120 236 384 427 610 634 644 667 699 721 781 888 981 983 1135 1212 1251 1271 1361 1419 1439 1470 1482 1535 1726 1744 1856 2153
2426 110 502 590 611 682 685 1020 1064 1213 1233 1246 1470 1670 1719 1819 2118 2382 2401
2427 88 323 348 598 608 668 875 1104 1240 1287 1481 1492 1517 1597 1598 1599 1603 1660 1674 1781 1795 1828 1995 2090 2283 2309 2314 2483
2428 88 369 735 775 824 919 932 937 970 1083 1233 1401 1578 1624 1725 1991 2007 2126 2234 2384 2436 2496
2429 2 64 93 278 370 392 433 577 590 655 848 906 1107 1146 1197 1281 1356 1695 1915 1973 2012 2082 2083 2138 2212 2375 2379 2497
2430 29 53 99 140 257 283 289 356 420 425 520 633 743 754 813 919 1068 1168 1198 1299 1425 1452 1561 1598 1862 1957 2119 2125 2418 2436 2480
2431 7 447 537 744 773 1504 1581 1906 2067 2176 2257 2283 2447
2432 317 339 350 1017 1054 1082 1195 1372 1545 1639 1663 1898 1900 1957 1959 1989 2038 2106 2142 2165 2330 2460 2469
2433 62 99 207 307 323 428 435 498 760 762 879 886 921 1049 1125 1147 1186 1192 1238 1269 1361 1448 1570 1596 1615 1630 1766 1817 1833 1861 1932 2059 2139 2270 2324 2478
2434 9 110 131 166 323 386 401 448 797 803 1157 1223 1380 1446 1599 1652 1808 1929 2027 2226
2435 256 356 357 365 498 1105 1144 1212 1226 1358 1475 1841 1865 2033 2059 2065 2071 2249 2362 2418 2441
2436 61 285 376 409 605 715 1015 1033 1063 1183 1251 1315 1316 1326 1372 1522 1534 1563 1680 1841 1849 1861 1900 1925 1983 2031 2095 2141 2268 2306 2428 2430 2480
2437 19 32 38 67 76 135 225 448 496 508 511 729 738 778 781 875 1011 1044 1051 1063 1433 1616 1690 1885 1997 2142 2160 2285 2339 2378 2385
2438 529 879 902 909 938 948 967 989 1003 1043 1119 1255 1346 1419 1453 1458 1494 1550 1562 1617 1956 2031 2138 2254 2323 2324 2405
2439 112 194 349 400 433 684 714 729 957 1132 1211 1232 1405 1578 1679 1718 2040 2146 2183 2192 2201 2246 2261 2294 2298 2323 2342 2397
2440 114 121 246 275 294 395 515 640 722 824 880 1260 1291 1336 1383 1448 1625 1830 1831 1874 1887 1961 1991 2010 2128 2239
2441 53 291 344 433 571 656 772 818 827 919 1061 1468 1481 1605 1682 1905 1942 2121 2150 2435
2442 105 106 440 569 657 676 698 733 784 981 999 1035 1205 1234 1415 1446 1455 1480 1847 2232 2492
2443 45 371 429 517 524 547 578 582 639 805 1000 1004 1020 1099 1106 1147 1450 1678 1720 1885 1933 1936 2009 2081 2088 2400 2463 2478
2444 2 104 175 406 520 696 698 708 721 734 874 927 945 992 1074 1098 1191 1637 1696 1846 1884 1966 2092 2211 2320
2445 80 189 316 471 510 1058 1118 1171 1192 1299 1321 1543 1645 1650 1795 2186 2249 2366 2471
2446 401 528 788 861 887 917 1060 1095 1167 1231 1346 1374 1557 1599 1734 1796 1845 1855 1885 1966 2049 2082 2299
2447 171 382 422 523 974 1089 1296 1369 1456 1607 1668 1757 1834 1918 2169 2192 2367 2393 2431
2448 68 217 292 379 457 518 572 625 681 773 829 965 1153 1181 1222 1236 1281 1521 1692 1749 1864 1943 1961 2186 2346
2449 220 251 401 461 543 642 734 747 1047 1247 1406 1539 1557 1755 1809 1861 1972 1973 2178 2179 2209 2275 2290 2335 2411 2421
2450 35 36 49 126 542 552 569 615 630 761 809 970 1173 1503 1559 1658 1862 1929 2012 2051 2130 2136 2278
2451 34 486 589 737 816 1061 1074 1143 1208 1283 1411 1724 1803 1895 2099 2104 2278 2395 2410
2452 415 487 550 608 767 1073 1152 1383 1443 1475 1616 1690 1763 1872 1884 1939 2146 2316 2321
2453 2 5 10 215 280 342 363 383 400 635 646 757 919 977 1012 1013 1076 1088 1246 1326 1542 1655 1688 1804 1876 2050 2122 2322 2383 2488
2454 131 325 370 395 724 1136 1385 1555 1628 1633 1638 1653 1858 1922 1988 2128 2234 2284 2313 2381 2489 2491
2455 1 13 377 474 605 880 884 905 998 1005 1125 1209 1244 1310 1393 1415 1907 2075 2196 2294
2456 140 147 194 296 383 459 706 999 1071 1221 1233 1308 1381 1444 1474 1600 1677 1742 1923 1975 2156 2157 2247 2327 2418 2479
2457 137 278 311 443 453 589 626 981 1090 1171 1260 1975
2458 94 102 170 220 252 343 364 450 509 594 931 1041 1206 1239 1266 1409 1460 1565 1682 1848 1906 1910 2036 2225 2240 2287 2351
2459 32 54 178 301 392 725 756 925 1034 1177 1236 1244 1405 1436 1466 1681 1690 1983 2081 2190 2474
2460 108 288 390 429 495 505 571 575 613 689 726 762 779 803 815 881 1059 1130 1300 1302 1446 1491 1510 1563 1571 1593 1798 1861 1949 2239 2339 2432 2465 2471
2461 59 68 289 481 506 635 819 849 1030 1056 1269 1294 1301 1354 1562 1597 1612 1723 1891 2290
2462 49 90 160 523 526 530 609 635 927 1260 1350 1448 1489 1500 1533 1549 1590 1709 1750 1805 2149 2211
2463 63 89 106 189 194 337 356 359 413 419 464 511 518 794 828 836 887 923 999 1275 1436 1735 1813 1855 2030 2046 2198 2207 2296 2325 2443
2464 109 140 213 591 707 815 898 970 1122 1133 1291 1313 1610 1616 1666 1776 2002 2481
2465 241 385 411 471 481 544 744 854 880 898 902 956 977 1077 1165 1350 1361 1381 1425 1726 1793 1837 1863 1976 2186 2367 2460 2469
2466 34 91 126 136 388 528 658 888 1105 1143 1450 1520 1648 1884 1969 2197 2204 2382 2471 2473
2467 142 380 417 455 470 505 527 737 764 769 770 800 1041 1096 1104 1133 1241 1298 1314 1331 1381 1567 1628 1642 1799 2159 2171 2400 2408
2468 63 76 206 305 388 467 473 580 587 592 608 665 752 773 925 1086 1132 1166 1218 1265 1282 1447 1530 1626 1688 1776 2057 2318 2379 2475 2498
2469 36 358 450 707 797 1034 1042 1048 1241 1339 1368 1404 1414 1425 1493 1804 1884 1906 1935 1987 2000 2047 2076 2178 2432 2465 2473
2470 130 157 230 349 572 591 621 704 1046 1140 1153 1221 1394 1593 1912 1997 2254 2298 2406
2471 41 89 230 264 357 541 679 715 729 744 748 795 929 936 951 1105 1418 1557 1683 1715 2033 2050 2095 2141 2155 2217 2320 2445 2460 2466
2472 110 229 272 334 516 624 770 776 790 834 863 1012 1061 1116 1218 1426 1673 1808 1859 1939 2063 2065 2230 2238
2473 103 304 309 361 375 685 713 733 750 962 1223 1229 1373 1507 1640 1876 1979 2139 2203 2215 2419 2466 2469
2474 10 98 157 304 329 348 474 476 513 587 589 619 645 697 728 875 1307 1325 1369 1439 1573 1576 1668 1852 1872 1928 1967 2178 2192 2254 2293 2459
2475 145 173 213 284 296 448 513 788 891 915 1372 1435 1496 1657 1700 1735 1994 2085 2166 2197 2358 2468 2484
2476 21 24 200 263 374 406 552 649 839 1037 1070 1108 1454 1563 1840 1862 1918 1979 2199 2485
2477 398 484 631 832 849 942 952 1185 1195 1287 1389 1504 1614 1703 1741 1809 1845 2016 2035 2084 2122 2244 2276
2478 83 133 231 284 312 436 711 935 1025 1049 1124 1132 1161 1179 1214 1239 1261 1262 1379 1471 1526 1569 1674 1795 1873 2071 2096 2219 2225 2252 2260 2404 2433 2443
2479 132 186 486 683 751 864 865 976 1012 1106 1198 1216 1225 1305 1321 1350 1627 1680 1692 1728 1867 1874 1932 1984 2030 2084 2193 2209 2244 2270 2285 2295 2361 2409 2456
2480 59 167 352 462 516 530 621 722 809 876 942 1260 1311 1329 1331 1620 1708 1720 1808 2343 2409 2430 2436
2481 6 182 193 249 320 409 434 850 1023 1024 1041 1293 1474 1546 1820 2001 2033 2085 2107 2227 2290 2394 2415 2464
2482 231 259 335 394 400 494 530 532 632 659 724 789 819 935 1531 1723 1827 1909 2102 2161 2177 2196 2279
2483 46 57 69 266 309 328 330 364 394 443 487 509 512 672 701 796 863 1138 1709 1836 2097 2103 2356 2427
2484 132 247 259 319 391 401 471 703 836 879 908 925 954 1140 1153 1367 1703 1905 1926 1931 2064 2088 2264 2475 2496
2485 208 288 327 354 441 522 581 699 711 728 793 920 1727 2135 2188 2333 2342 2476
2486 13 66 99 143 271 281 343 456 528 559 656 847 972 1188 1194 1291 1435 1680 1763 1780 1837 1889 1927 2006 2013 2184 2199 2299 2402
2487 16 67 255 420 532 1019 1181 1189 1259 1301 1323 1427 1430 1457 1468 1521 1605 1621 1677 1798 1932 1960 2050 2116 2201 2264 2280
2488 97 142 184 783 973 1003 1138 1199 1205 1375 1419 1445 1487 1538 1674 1784 1928 2134 2215 2234 2289 2314 2453
2489 5 47 91 148 255 285 324 363 537 918 955 1158 1217 1397 1623 1701 1715 1740 1785 1798 1849 1891 1907 2008 2157 2183 2342 2416 2454
2490 72 115 249 329 367 545 667 674 711 809 952 1043 1290 1295 1301 1479 1511 1590 1678 1871 1916 1970 2111 2153 2248 2299 2340 2367 2374
2491 145 216 301 315 624 655 789 825 891 922 1015 1021 1045 1226 1328 1340 1426 1435 1490 1524 1589 1823 1881 1918 1924 1956 1987 2042 2454
2492 42 93 112 130 138 151 223 232 234 581 848 1020 1102 1126 1251 1322 1337 1359 1408 1421 1484 1582 1780 1786 1847 1950 2283 2326 2348 2361 2401 2442
2493 360 392 650 794 878 902 1028 1280 1500 1716 1750 1919 2024 2150 2189 2296
2494 16 53 74 110 160 290 293 462 619 785 1089 1185 1318 1636 1864 1951 2128 2176 2239 2397
2495 14 65 203 220 261 335 529 570 670 1199 1489 1613 1632 1926 1998 2130 2202 2339
2496 166 218 287 435 814 974 1049 1202 1317 1381 1482 1483 1491 1592 1675 1745 1827 2069 2249 2359 2406 2428 2484
2497 48 163 263 524 529 603 632 648 668 754 762 870 872 941 1144 1328 1398 1476 1491 1637 2063 2186 2271 2300 2307 2308 2389 2394 2429
2498 77 95 119 213 272 283 308 329 411 415 496 754 767 890 973 1004 1043 1082 1269 1324 1445 1505 1537 1578 1579 1675 1685 1720 1757 2187 2199 2234 2291 2389 2468
2499 6 220 222 351 784 794 813 1292 1511 1622 1818 1837 1879 1903 1906 2042 2352
